ARM GAS  /tmp/ccySdW0H.s 			page 1


   1              		.cpu cortex-m4
   2              		.eabi_attribute 20, 1
   3              		.eabi_attribute 21, 1
   4              		.eabi_attribute 23, 3
   5              		.eabi_attribute 24, 1
   6              		.eabi_attribute 25, 1
   7              		.eabi_attribute 26, 1
   8              		.eabi_attribute 30, 2
   9              		.eabi_attribute 34, 1
  10              		.eabi_attribute 18, 4
  11              		.file	"bufstreams.c"
  12              		.file 1 "/home/rob/Projects/ChibiStudio/ChibiStudio_20/tools/GNU Tools ARM Embedded/9.2.1 2019q4/l
  13              		.file 2 "/home/rob/Projects/ChibiStudio/ChibiStudio_20/tools/GNU Tools ARM Embedded/9.2.1 2019q4/a
  14              		.file 3 "/home/rob/Projects/ChibiStudio/ChibiStudio_20/tools/GNU Tools ARM Embedded/9.2.1 2019q4/a
  15              		.file 4 "/home/rob/Projects/ChibiStudio/ChibiStudio_20/tools/GNU Tools ARM Embedded/9.2.1 2019q4/a
  16              		.file 5 "/home/rob/Projects/ChibiStudio/ChibiStudio_20/tools/GNU Tools ARM Embedded/9.2.1 2019q4/a
  17              		.file 6 "/home/rob/Projects/ChibiStudio/ChibiStudio_20/tools/GNU Tools ARM Embedded/9.2.1 2019q4/a
  18              		.file 7 "../../chibios_trunk/os/common/ports/ARMCMx/compilers/GCC/chtypes.h"
  19              		.file 8 "../../chibios_trunk/os/rt/include/chsystypes.h"
  20              		.file 9 "../../chibios_trunk/os/rt/include/chschd.h"
  21              		.file 10 "../../chibios_trunk/os/rt/include/chtime.h"
  22              		.file 11 "../../chibios_trunk/os/common/ext/ARM/CMSIS/Core/Include/core_cm4.h"
  23              		.file 12 "../../chibios_trunk/os/common/ext/ST/STM32F4xx/system_stm32f4xx.h"
  24              		.file 13 "../../chibios_trunk/os/common/ext/ST/STM32F4xx/stm32f401xe.h"
  25              		.file 14 "../../chibios_trunk/os/common/ports/ARMCMx/chcore.h"
  26              		.file 15 "../../chibios_trunk/os/common/ports/ARMCMx/chcore_v7m.h"
  27              		.file 16 "../../chibios_trunk/os/rt/include/chtm.h"
  28              		.file 17 "../../chibios_trunk/os/rt/include/chsem.h"
  29              		.file 18 "../../chibios_trunk/os/rt/include/chmtx.h"
  30              		.file 19 "../../chibios_trunk/os/rt/include/chsys.h"
  31              		.file 20 "../../chibios_trunk/os/rt/include/chregistry.h"
  32              		.file 21 "../../chibios_trunk/os/oslib/include/chmemcore.h"
  33              		.file 22 "../../chibios_trunk/os/oslib/include/chmempools.h"
  34              		.file 23 "../../chibios_trunk/os/oslib/include/chfactory.h"
  35              		.file 24 "../../chibios_trunk/os/hal/ports/STM32/LLD/DMAv2/stm32_dma.h"
  36              		.file 25 "../../chibios_trunk/os/hal/ports/STM32/LLD/TIMv1/stm32_tim.h"
  37              		.file 26 "../../chibios_trunk/os/hal/include/hal_streams.h"
  38              		.file 27 "../../chibios_trunk/os/hal/include/hal_pal.h"
  39              		.file 28 "../../chibios_trunk/os/hal/ports/STM32/LLD/GPIOv2/hal_pal_lld.h"
  40              		.file 29 "../../chibios_trunk/os/hal/include/hal_icu.h"
  41              		.file 30 "../../chibios_trunk/os/hal/ports/STM32/LLD/TIMv1/hal_icu_lld.h"
  42              		.file 31 "../../chibios_trunk/os/hal/include/hal_uart.h"
  43              		.file 32 "../../chibios_trunk/os/hal/ports/STM32/LLD/USARTv1/hal_uart_lld.h"
  44              		.file 33 "../../chibios_trunk/os/hal/include/hal_usb.h"
  45              		.file 34 "../../chibios_trunk/os/hal/ports/STM32/LLD/OTGv1/hal_usb_lld.h"
  46              		.file 35 "../../chibios_trunk/os/hal/ports/STM32/LLD/OTGv1/stm32_otg.h"
  47              		.file 36 "../../chibios_trunk/os/hal/lib/streams/bufstreams.h"
  48              		.file 37 "../../chibios_trunk/os/hal/lib/streams/bufstreams.c"
  49              		.section	.gnu.debuglto_.debug_info,"e",%progbits
  50              	.Ldebug_info0:
  51              		.hidden	bufstreams.c.d251997f
  52              		.weak	bufstreams.c.d251997f
  53              	bufstreams.c.d251997f:
  54 0000 2A280000 		.4byte	0x282a
  55 0004 0400     		.2byte	0x4
  56 0006 00000000 		.4byte	.Ldebug_abbrev0
  57 000a 04       		.byte	0x4
ARM GAS  /tmp/ccySdW0H.s 			page 2


  58 000b 01       		.uleb128 0x1
  59 000c EF120000 		.4byte	.LASF516
  60 0010 0C       		.byte	0xc
  61 0011 4A070000 		.4byte	.LASF517
  62 0015 1B0C0000 		.4byte	.LASF518
  63 0019 00000000 		.4byte	.Ldebug_line0
  64 001d 02       		.uleb128 0x2
  65 001e 04       		.byte	0x4
  66 001f 05       		.byte	0x5
  67 0020 696E7400 		.ascii	"int\000"
  68 0024 03       		.uleb128 0x3
  69 0025 27000000 		.4byte	.LASF3
  70 0029 01       		.byte	0x1
  71 002a D1       		.byte	0xd1
  72 002b 17       		.byte	0x17
  73 002c 30000000 		.4byte	0x30
  74 0030 04       		.uleb128 0x4
  75 0031 04       		.byte	0x4
  76 0032 07       		.byte	0x7
  77 0033 AB0B0000 		.4byte	.LASF0
  78 0037 04       		.uleb128 0x4
  79 0038 08       		.byte	0x8
  80 0039 05       		.byte	0x5
  81 003a 7F0A0000 		.4byte	.LASF1
  82 003e 04       		.uleb128 0x4
  83 003f 08       		.byte	0x8
  84 0040 04       		.byte	0x4
  85 0041 AE0D0000 		.4byte	.LASF2
  86 0045 03       		.uleb128 0x3
  87 0046 880E0000 		.4byte	.LASF4
  88 004a 02       		.byte	0x2
  89 004b 29       		.byte	0x29
  90 004c 17       		.byte	0x17
  91 004d 51000000 		.4byte	0x51
  92 0051 04       		.uleb128 0x4
  93 0052 01       		.byte	0x1
  94 0053 06       		.byte	0x6
  95 0054 E1030000 		.4byte	.LASF5
  96 0058 03       		.uleb128 0x3
  97 0059 54020000 		.4byte	.LASF6
  98 005d 02       		.byte	0x2
  99 005e 2B       		.byte	0x2b
 100 005f 18       		.byte	0x18
 101 0060 64000000 		.4byte	0x64
 102 0064 04       		.uleb128 0x4
 103 0065 01       		.byte	0x1
 104 0066 08       		.byte	0x8
 105 0067 4C040000 		.4byte	.LASF7
 106 006b 04       		.uleb128 0x4
 107 006c 02       		.byte	0x2
 108 006d 05       		.byte	0x5
 109 006e 33110000 		.4byte	.LASF8
 110 0072 03       		.uleb128 0x3
 111 0073 6A050000 		.4byte	.LASF9
 112 0077 02       		.byte	0x2
 113 0078 39       		.byte	0x39
 114 0079 19       		.byte	0x19
ARM GAS  /tmp/ccySdW0H.s 			page 3


 115 007a 7E000000 		.4byte	0x7e
 116 007e 04       		.uleb128 0x4
 117 007f 02       		.byte	0x2
 118 0080 07       		.byte	0x7
 119 0081 59140000 		.4byte	.LASF10
 120 0085 03       		.uleb128 0x3
 121 0086 EB140000 		.4byte	.LASF11
 122 008a 02       		.byte	0x2
 123 008b 4D       		.byte	0x4d
 124 008c 18       		.byte	0x18
 125 008d 91000000 		.4byte	0x91
 126 0091 04       		.uleb128 0x4
 127 0092 04       		.byte	0x4
 128 0093 05       		.byte	0x5
 129 0094 D2020000 		.4byte	.LASF12
 130 0098 03       		.uleb128 0x3
 131 0099 500A0000 		.4byte	.LASF13
 132 009d 02       		.byte	0x2
 133 009e 4F       		.byte	0x4f
 134 009f 19       		.byte	0x19
 135 00a0 A4000000 		.4byte	0xa4
 136 00a4 04       		.uleb128 0x4
 137 00a5 04       		.byte	0x4
 138 00a6 07       		.byte	0x7
 139 00a7 0E080000 		.4byte	.LASF14
 140 00ab 03       		.uleb128 0x3
 141 00ac E4070000 		.4byte	.LASF15
 142 00b0 02       		.byte	0x2
 143 00b1 69       		.byte	0x69
 144 00b2 19       		.byte	0x19
 145 00b3 B7000000 		.4byte	0xb7
 146 00b7 04       		.uleb128 0x4
 147 00b8 08       		.byte	0x8
 148 00b9 07       		.byte	0x7
 149 00ba 9F0E0000 		.4byte	.LASF16
 150 00be 03       		.uleb128 0x3
 151 00bf 8F120000 		.4byte	.LASF17
 152 00c3 03       		.byte	0x3
 153 00c4 22       		.byte	0x22
 154 00c5 19       		.byte	0x19
 155 00c6 CA000000 		.4byte	0xca
 156 00ca 05       		.uleb128 0x5
 157 00cb 04       		.byte	0x4
 158 00cc D0000000 		.4byte	0xd0
 159 00d0 06       		.uleb128 0x6
 160 00d1 2B070000 		.4byte	.LASF124
 161 00d5 03       		.uleb128 0x3
 162 00d6 46140000 		.4byte	.LASF18
 163 00da 04       		.byte	0x4
 164 00db 2C       		.byte	0x2c
 165 00dc 0E       		.byte	0xe
 166 00dd 91000000 		.4byte	0x91
 167 00e1 03       		.uleb128 0x3
 168 00e2 360E0000 		.4byte	.LASF19
 169 00e6 04       		.byte	0x4
 170 00e7 72       		.byte	0x72
 171 00e8 0E       		.byte	0xe
ARM GAS  /tmp/ccySdW0H.s 			page 4


 172 00e9 91000000 		.4byte	0x91
 173 00ed 07       		.uleb128 0x7
 174 00ee 18100000 		.4byte	.LASF20
 175 00f2 01       		.byte	0x1
 176 00f3 5E01     		.2byte	0x15e
 177 00f5 17       		.byte	0x17
 178 00f6 30000000 		.4byte	0x30
 179 00fa 08       		.uleb128 0x8
 180 00fb 04       		.byte	0x4
 181 00fc 04       		.byte	0x4
 182 00fd A6       		.byte	0xa6
 183 00fe 03       		.byte	0x3
 184 00ff 1C010000 		.4byte	0x11c
 185 0103 09       		.uleb128 0x9
 186 0104 37020000 		.4byte	.LASF21
 187 0108 04       		.byte	0x4
 188 0109 A8       		.byte	0xa8
 189 010a 0C       		.byte	0xc
 190 010b ED000000 		.4byte	0xed
 191 010f 09       		.uleb128 0x9
 192 0110 3E0E0000 		.4byte	.LASF22
 193 0114 04       		.byte	0x4
 194 0115 A9       		.byte	0xa9
 195 0116 13       		.byte	0x13
 196 0117 1C010000 		.4byte	0x11c
 197 011b 00       		.byte	0
 198 011c 0A       		.uleb128 0xa
 199 011d 64000000 		.4byte	0x64
 200 0121 2C010000 		.4byte	0x12c
 201 0125 0B       		.uleb128 0xb
 202 0126 30000000 		.4byte	0x30
 203 012a 03       		.byte	0x3
 204 012b 00       		.byte	0
 205 012c 0C       		.uleb128 0xc
 206 012d 08       		.byte	0x8
 207 012e 04       		.byte	0x4
 208 012f A3       		.byte	0xa3
 209 0130 09       		.byte	0x9
 210 0131 50010000 		.4byte	0x150
 211 0135 0D       		.uleb128 0xd
 212 0136 680D0000 		.4byte	.LASF23
 213 013a 04       		.byte	0x4
 214 013b A5       		.byte	0xa5
 215 013c 07       		.byte	0x7
 216 013d 1D000000 		.4byte	0x1d
 217 0141 00       		.byte	0
 218 0142 0D       		.uleb128 0xd
 219 0143 42000000 		.4byte	.LASF24
 220 0147 04       		.byte	0x4
 221 0148 AA       		.byte	0xaa
 222 0149 05       		.byte	0x5
 223 014a FA000000 		.4byte	0xfa
 224 014e 04       		.byte	0x4
 225 014f 00       		.byte	0
 226 0150 03       		.uleb128 0x3
 227 0151 FA0F0000 		.4byte	.LASF25
 228 0155 04       		.byte	0x4
ARM GAS  /tmp/ccySdW0H.s 			page 5


 229 0156 AB       		.byte	0xab
 230 0157 03       		.byte	0x3
 231 0158 2C010000 		.4byte	0x12c
 232 015c 03       		.uleb128 0x3
 233 015d A80F0000 		.4byte	.LASF26
 234 0161 04       		.byte	0x4
 235 0162 AF       		.byte	0xaf
 236 0163 1B       		.byte	0x1b
 237 0164 BE000000 		.4byte	0xbe
 238 0168 0E       		.uleb128 0xe
 239 0169 04       		.byte	0x4
 240 016a 05       		.uleb128 0x5
 241 016b 04       		.byte	0x4
 242 016c 70010000 		.4byte	0x170
 243 0170 04       		.uleb128 0x4
 244 0171 01       		.byte	0x1
 245 0172 08       		.byte	0x8
 246 0173 32050000 		.4byte	.LASF27
 247 0177 0F       		.uleb128 0xf
 248 0178 70010000 		.4byte	0x170
 249 017c 03       		.uleb128 0x3
 250 017d F8130000 		.4byte	.LASF28
 251 0181 05       		.byte	0x5
 252 0182 16       		.byte	0x16
 253 0183 19       		.byte	0x19
 254 0184 A4000000 		.4byte	0xa4
 255 0188 10       		.uleb128 0x10
 256 0189 B1090000 		.4byte	.LASF33
 257 018d 18       		.byte	0x18
 258 018e 05       		.byte	0x5
 259 018f 2F       		.byte	0x2f
 260 0190 08       		.byte	0x8
 261 0191 E2010000 		.4byte	0x1e2
 262 0195 0D       		.uleb128 0xd
 263 0196 4C100000 		.4byte	.LASF29
 264 019a 05       		.byte	0x5
 265 019b 31       		.byte	0x31
 266 019c 13       		.byte	0x13
 267 019d E2010000 		.4byte	0x1e2
 268 01a1 00       		.byte	0
 269 01a2 11       		.uleb128 0x11
 270 01a3 5F6B00   		.ascii	"_k\000"
 271 01a6 05       		.byte	0x5
 272 01a7 32       		.byte	0x32
 273 01a8 07       		.byte	0x7
 274 01a9 1D000000 		.4byte	0x1d
 275 01ad 04       		.byte	0x4
 276 01ae 0D       		.uleb128 0xd
 277 01af E5090000 		.4byte	.LASF30
 278 01b3 05       		.byte	0x5
 279 01b4 32       		.byte	0x32
 280 01b5 0B       		.byte	0xb
 281 01b6 1D000000 		.4byte	0x1d
 282 01ba 08       		.byte	0x8
 283 01bb 0D       		.uleb128 0xd
 284 01bc 5E0B0000 		.4byte	.LASF31
 285 01c0 05       		.byte	0x5
ARM GAS  /tmp/ccySdW0H.s 			page 6


 286 01c1 32       		.byte	0x32
 287 01c2 14       		.byte	0x14
 288 01c3 1D000000 		.4byte	0x1d
 289 01c7 0C       		.byte	0xc
 290 01c8 0D       		.uleb128 0xd
 291 01c9 0D070000 		.4byte	.LASF32
 292 01cd 05       		.byte	0x5
 293 01ce 32       		.byte	0x32
 294 01cf 1B       		.byte	0x1b
 295 01d0 1D000000 		.4byte	0x1d
 296 01d4 10       		.byte	0x10
 297 01d5 11       		.uleb128 0x11
 298 01d6 5F7800   		.ascii	"_x\000"
 299 01d9 05       		.byte	0x5
 300 01da 33       		.byte	0x33
 301 01db 0B       		.byte	0xb
 302 01dc E8010000 		.4byte	0x1e8
 303 01e0 14       		.byte	0x14
 304 01e1 00       		.byte	0
 305 01e2 05       		.uleb128 0x5
 306 01e3 04       		.byte	0x4
 307 01e4 88010000 		.4byte	0x188
 308 01e8 0A       		.uleb128 0xa
 309 01e9 7C010000 		.4byte	0x17c
 310 01ed F8010000 		.4byte	0x1f8
 311 01f1 0B       		.uleb128 0xb
 312 01f2 30000000 		.4byte	0x30
 313 01f6 00       		.byte	0
 314 01f7 00       		.byte	0
 315 01f8 10       		.uleb128 0x10
 316 01f9 0D010000 		.4byte	.LASF34
 317 01fd 24       		.byte	0x24
 318 01fe 05       		.byte	0x5
 319 01ff 37       		.byte	0x37
 320 0200 08       		.byte	0x8
 321 0201 7B020000 		.4byte	0x27b
 322 0205 0D       		.uleb128 0xd
 323 0206 29010000 		.4byte	.LASF35
 324 020a 05       		.byte	0x5
 325 020b 39       		.byte	0x39
 326 020c 09       		.byte	0x9
 327 020d 1D000000 		.4byte	0x1d
 328 0211 00       		.byte	0
 329 0212 0D       		.uleb128 0xd
 330 0213 5A150000 		.4byte	.LASF36
 331 0217 05       		.byte	0x5
 332 0218 3A       		.byte	0x3a
 333 0219 09       		.byte	0x9
 334 021a 1D000000 		.4byte	0x1d
 335 021e 04       		.byte	0x4
 336 021f 0D       		.uleb128 0xd
 337 0220 6C140000 		.4byte	.LASF37
 338 0224 05       		.byte	0x5
 339 0225 3B       		.byte	0x3b
 340 0226 09       		.byte	0x9
 341 0227 1D000000 		.4byte	0x1d
 342 022b 08       		.byte	0x8
ARM GAS  /tmp/ccySdW0H.s 			page 7


 343 022c 0D       		.uleb128 0xd
 344 022d 110C0000 		.4byte	.LASF38
 345 0231 05       		.byte	0x5
 346 0232 3C       		.byte	0x3c
 347 0233 09       		.byte	0x9
 348 0234 1D000000 		.4byte	0x1d
 349 0238 0C       		.byte	0xc
 350 0239 0D       		.uleb128 0xd
 351 023a 81030000 		.4byte	.LASF39
 352 023e 05       		.byte	0x5
 353 023f 3D       		.byte	0x3d
 354 0240 09       		.byte	0x9
 355 0241 1D000000 		.4byte	0x1d
 356 0245 10       		.byte	0x10
 357 0246 0D       		.uleb128 0xd
 358 0247 D0110000 		.4byte	.LASF40
 359 024b 05       		.byte	0x5
 360 024c 3E       		.byte	0x3e
 361 024d 09       		.byte	0x9
 362 024e 1D000000 		.4byte	0x1d
 363 0252 14       		.byte	0x14
 364 0253 0D       		.uleb128 0xd
 365 0254 8F0D0000 		.4byte	.LASF41
 366 0258 05       		.byte	0x5
 367 0259 3F       		.byte	0x3f
 368 025a 09       		.byte	0x9
 369 025b 1D000000 		.4byte	0x1d
 370 025f 18       		.byte	0x18
 371 0260 0D       		.uleb128 0xd
 372 0261 BA0D0000 		.4byte	.LASF42
 373 0265 05       		.byte	0x5
 374 0266 40       		.byte	0x40
 375 0267 09       		.byte	0x9
 376 0268 1D000000 		.4byte	0x1d
 377 026c 1C       		.byte	0x1c
 378 026d 0D       		.uleb128 0xd
 379 026e 38150000 		.4byte	.LASF43
 380 0272 05       		.byte	0x5
 381 0273 41       		.byte	0x41
 382 0274 09       		.byte	0x9
 383 0275 1D000000 		.4byte	0x1d
 384 0279 20       		.byte	0x20
 385 027a 00       		.byte	0
 386 027b 12       		.uleb128 0x12
 387 027c 6E020000 		.4byte	.LASF44
 388 0280 0801     		.2byte	0x108
 389 0282 05       		.byte	0x5
 390 0283 4A       		.byte	0x4a
 391 0284 08       		.byte	0x8
 392 0285 C0020000 		.4byte	0x2c0
 393 0289 0D       		.uleb128 0xd
 394 028a 25150000 		.4byte	.LASF45
 395 028e 05       		.byte	0x5
 396 028f 4B       		.byte	0x4b
 397 0290 0A       		.byte	0xa
 398 0291 C0020000 		.4byte	0x2c0
 399 0295 00       		.byte	0
ARM GAS  /tmp/ccySdW0H.s 			page 8


 400 0296 0D       		.uleb128 0xd
 401 0297 E90E0000 		.4byte	.LASF46
 402 029b 05       		.byte	0x5
 403 029c 4C       		.byte	0x4c
 404 029d 09       		.byte	0x9
 405 029e C0020000 		.4byte	0x2c0
 406 02a2 80       		.byte	0x80
 407 02a3 13       		.uleb128 0x13
 408 02a4 A0110000 		.4byte	.LASF47
 409 02a8 05       		.byte	0x5
 410 02a9 4E       		.byte	0x4e
 411 02aa 0A       		.byte	0xa
 412 02ab 7C010000 		.4byte	0x17c
 413 02af 0001     		.2byte	0x100
 414 02b1 13       		.uleb128 0x13
 415 02b2 87120000 		.4byte	.LASF48
 416 02b6 05       		.byte	0x5
 417 02b7 51       		.byte	0x51
 418 02b8 0A       		.byte	0xa
 419 02b9 7C010000 		.4byte	0x17c
 420 02bd 0401     		.2byte	0x104
 421 02bf 00       		.byte	0
 422 02c0 0A       		.uleb128 0xa
 423 02c1 68010000 		.4byte	0x168
 424 02c5 D0020000 		.4byte	0x2d0
 425 02c9 0B       		.uleb128 0xb
 426 02ca 30000000 		.4byte	0x30
 427 02ce 1F       		.byte	0x1f
 428 02cf 00       		.byte	0
 429 02d0 12       		.uleb128 0x12
 430 02d1 100D0000 		.4byte	.LASF49
 431 02d5 9001     		.2byte	0x190
 432 02d7 05       		.byte	0x5
 433 02d8 5D       		.byte	0x5d
 434 02d9 08       		.byte	0x8
 435 02da 13030000 		.4byte	0x313
 436 02de 0D       		.uleb128 0xd
 437 02df 4C100000 		.4byte	.LASF29
 438 02e3 05       		.byte	0x5
 439 02e4 5E       		.byte	0x5e
 440 02e5 12       		.byte	0x12
 441 02e6 13030000 		.4byte	0x313
 442 02ea 00       		.byte	0
 443 02eb 0D       		.uleb128 0xd
 444 02ec 45120000 		.4byte	.LASF50
 445 02f0 05       		.byte	0x5
 446 02f1 5F       		.byte	0x5f
 447 02f2 06       		.byte	0x6
 448 02f3 1D000000 		.4byte	0x1d
 449 02f7 04       		.byte	0x4
 450 02f8 0D       		.uleb128 0xd
 451 02f9 3D050000 		.4byte	.LASF51
 452 02fd 05       		.byte	0x5
 453 02fe 61       		.byte	0x61
 454 02ff 09       		.byte	0x9
 455 0300 19030000 		.4byte	0x319
 456 0304 08       		.byte	0x8
ARM GAS  /tmp/ccySdW0H.s 			page 9


 457 0305 0D       		.uleb128 0xd
 458 0306 6E020000 		.4byte	.LASF44
 459 030a 05       		.byte	0x5
 460 030b 62       		.byte	0x62
 461 030c 1E       		.byte	0x1e
 462 030d 7B020000 		.4byte	0x27b
 463 0311 88       		.byte	0x88
 464 0312 00       		.byte	0
 465 0313 05       		.uleb128 0x5
 466 0314 04       		.byte	0x4
 467 0315 D0020000 		.4byte	0x2d0
 468 0319 0A       		.uleb128 0xa
 469 031a 29030000 		.4byte	0x329
 470 031e 29030000 		.4byte	0x329
 471 0322 0B       		.uleb128 0xb
 472 0323 30000000 		.4byte	0x30
 473 0327 1F       		.byte	0x1f
 474 0328 00       		.byte	0
 475 0329 05       		.uleb128 0x5
 476 032a 04       		.byte	0x4
 477 032b 2F030000 		.4byte	0x32f
 478 032f 14       		.uleb128 0x14
 479 0330 10       		.uleb128 0x10
 480 0331 72120000 		.4byte	.LASF52
 481 0335 08       		.byte	0x8
 482 0336 05       		.byte	0x5
 483 0337 75       		.byte	0x75
 484 0338 08       		.byte	0x8
 485 0339 58030000 		.4byte	0x358
 486 033d 0D       		.uleb128 0xd
 487 033e 510F0000 		.4byte	.LASF53
 488 0342 05       		.byte	0x5
 489 0343 76       		.byte	0x76
 490 0344 11       		.byte	0x11
 491 0345 58030000 		.4byte	0x358
 492 0349 00       		.byte	0
 493 034a 0D       		.uleb128 0xd
 494 034b F1020000 		.4byte	.LASF54
 495 034f 05       		.byte	0x5
 496 0350 77       		.byte	0x77
 497 0351 06       		.byte	0x6
 498 0352 1D000000 		.4byte	0x1d
 499 0356 04       		.byte	0x4
 500 0357 00       		.byte	0
 501 0358 05       		.uleb128 0x5
 502 0359 04       		.byte	0x4
 503 035a 64000000 		.4byte	0x64
 504 035e 10       		.uleb128 0x10
 505 035f 46080000 		.4byte	.LASF55
 506 0363 68       		.byte	0x68
 507 0364 05       		.byte	0x5
 508 0365 B5       		.byte	0xb5
 509 0366 08       		.byte	0x8
 510 0367 A1040000 		.4byte	0x4a1
 511 036b 11       		.uleb128 0x11
 512 036c 5F7000   		.ascii	"_p\000"
 513 036f 05       		.byte	0x5
ARM GAS  /tmp/ccySdW0H.s 			page 10


 514 0370 B6       		.byte	0xb6
 515 0371 12       		.byte	0x12
 516 0372 58030000 		.4byte	0x358
 517 0376 00       		.byte	0
 518 0377 11       		.uleb128 0x11
 519 0378 5F7200   		.ascii	"_r\000"
 520 037b 05       		.byte	0x5
 521 037c B7       		.byte	0xb7
 522 037d 07       		.byte	0x7
 523 037e 1D000000 		.4byte	0x1d
 524 0382 04       		.byte	0x4
 525 0383 11       		.uleb128 0x11
 526 0384 5F7700   		.ascii	"_w\000"
 527 0387 05       		.byte	0x5
 528 0388 B8       		.byte	0xb8
 529 0389 07       		.byte	0x7
 530 038a 1D000000 		.4byte	0x1d
 531 038e 08       		.byte	0x8
 532 038f 0D       		.uleb128 0xd
 533 0390 DC0C0000 		.4byte	.LASF56
 534 0394 05       		.byte	0x5
 535 0395 B9       		.byte	0xb9
 536 0396 09       		.byte	0x9
 537 0397 6B000000 		.4byte	0x6b
 538 039b 0C       		.byte	0xc
 539 039c 0D       		.uleb128 0xd
 540 039d 5E020000 		.4byte	.LASF57
 541 03a1 05       		.byte	0x5
 542 03a2 BA       		.byte	0xba
 543 03a3 09       		.byte	0x9
 544 03a4 6B000000 		.4byte	0x6b
 545 03a8 0E       		.byte	0xe
 546 03a9 11       		.uleb128 0x11
 547 03aa 5F626600 		.ascii	"_bf\000"
 548 03ae 05       		.byte	0x5
 549 03af BB       		.byte	0xbb
 550 03b0 11       		.byte	0x11
 551 03b1 30030000 		.4byte	0x330
 552 03b5 10       		.byte	0x10
 553 03b6 0D       		.uleb128 0xd
 554 03b7 30120000 		.4byte	.LASF58
 555 03bb 05       		.byte	0x5
 556 03bc BC       		.byte	0xbc
 557 03bd 07       		.byte	0x7
 558 03be 1D000000 		.4byte	0x1d
 559 03c2 18       		.byte	0x18
 560 03c3 0D       		.uleb128 0xd
 561 03c4 E8060000 		.4byte	.LASF59
 562 03c8 05       		.byte	0x5
 563 03c9 C3       		.byte	0xc3
 564 03ca 0A       		.byte	0xa
 565 03cb 68010000 		.4byte	0x168
 566 03cf 1C       		.byte	0x1c
 567 03d0 0D       		.uleb128 0xd
 568 03d1 6B000000 		.4byte	.LASF60
 569 03d5 05       		.byte	0x5
 570 03d6 C5       		.byte	0xc5
ARM GAS  /tmp/ccySdW0H.s 			page 11


 571 03d7 1D       		.byte	0x1d
 572 03d8 13060000 		.4byte	0x613
 573 03dc 20       		.byte	0x20
 574 03dd 0D       		.uleb128 0xd
 575 03de 8B000000 		.4byte	.LASF61
 576 03e2 05       		.byte	0x5
 577 03e3 C7       		.byte	0xc7
 578 03e4 1D       		.byte	0x1d
 579 03e5 42060000 		.4byte	0x642
 580 03e9 24       		.byte	0x24
 581 03ea 0D       		.uleb128 0xd
 582 03eb 100E0000 		.4byte	.LASF62
 583 03ef 05       		.byte	0x5
 584 03f0 CA       		.byte	0xca
 585 03f1 0D       		.byte	0xd
 586 03f2 66060000 		.4byte	0x666
 587 03f6 28       		.byte	0x28
 588 03f7 0D       		.uleb128 0xd
 589 03f8 42050000 		.4byte	.LASF63
 590 03fc 05       		.byte	0x5
 591 03fd CB       		.byte	0xcb
 592 03fe 09       		.byte	0x9
 593 03ff 80060000 		.4byte	0x680
 594 0403 2C       		.byte	0x2c
 595 0404 11       		.uleb128 0x11
 596 0405 5F756200 		.ascii	"_ub\000"
 597 0409 05       		.byte	0x5
 598 040a CE       		.byte	0xce
 599 040b 11       		.byte	0x11
 600 040c 30030000 		.4byte	0x330
 601 0410 30       		.byte	0x30
 602 0411 11       		.uleb128 0x11
 603 0412 5F757000 		.ascii	"_up\000"
 604 0416 05       		.byte	0x5
 605 0417 CF       		.byte	0xcf
 606 0418 12       		.byte	0x12
 607 0419 58030000 		.4byte	0x358
 608 041d 38       		.byte	0x38
 609 041e 11       		.uleb128 0x11
 610 041f 5F757200 		.ascii	"_ur\000"
 611 0423 05       		.byte	0x5
 612 0424 D0       		.byte	0xd0
 613 0425 07       		.byte	0x7
 614 0426 1D000000 		.4byte	0x1d
 615 042a 3C       		.byte	0x3c
 616 042b 0D       		.uleb128 0xd
 617 042c 940C0000 		.4byte	.LASF64
 618 0430 05       		.byte	0x5
 619 0431 D3       		.byte	0xd3
 620 0432 11       		.byte	0x11
 621 0433 86060000 		.4byte	0x686
 622 0437 40       		.byte	0x40
 623 0438 0D       		.uleb128 0xd
 624 0439 23010000 		.4byte	.LASF65
 625 043d 05       		.byte	0x5
 626 043e D4       		.byte	0xd4
 627 043f 11       		.byte	0x11
ARM GAS  /tmp/ccySdW0H.s 			page 12


 628 0440 96060000 		.4byte	0x696
 629 0444 43       		.byte	0x43
 630 0445 11       		.uleb128 0x11
 631 0446 5F6C6200 		.ascii	"_lb\000"
 632 044a 05       		.byte	0x5
 633 044b D7       		.byte	0xd7
 634 044c 11       		.byte	0x11
 635 044d 30030000 		.4byte	0x330
 636 0451 44       		.byte	0x44
 637 0452 0D       		.uleb128 0xd
 638 0453 480F0000 		.4byte	.LASF66
 639 0457 05       		.byte	0x5
 640 0458 DA       		.byte	0xda
 641 0459 07       		.byte	0x7
 642 045a 1D000000 		.4byte	0x1d
 643 045e 4C       		.byte	0x4c
 644 045f 0D       		.uleb128 0xd
 645 0460 8F070000 		.4byte	.LASF67
 646 0464 05       		.byte	0x5
 647 0465 DB       		.byte	0xdb
 648 0466 0A       		.byte	0xa
 649 0467 D5000000 		.4byte	0xd5
 650 046b 50       		.byte	0x50
 651 046c 0D       		.uleb128 0xd
 652 046d 58100000 		.4byte	.LASF68
 653 0471 05       		.byte	0x5
 654 0472 DE       		.byte	0xde
 655 0473 12       		.byte	0x12
 656 0474 BF040000 		.4byte	0x4bf
 657 0478 54       		.byte	0x54
 658 0479 0D       		.uleb128 0xd
 659 047a A2010000 		.4byte	.LASF69
 660 047e 05       		.byte	0x5
 661 047f E2       		.byte	0xe2
 662 0480 0C       		.byte	0xc
 663 0481 5C010000 		.4byte	0x15c
 664 0485 58       		.byte	0x58
 665 0486 0D       		.uleb128 0xd
 666 0487 B90C0000 		.4byte	.LASF70
 667 048b 05       		.byte	0x5
 668 048c E4       		.byte	0xe4
 669 048d 0E       		.byte	0xe
 670 048e 50010000 		.4byte	0x150
 671 0492 5C       		.byte	0x5c
 672 0493 0D       		.uleb128 0xd
 673 0494 59080000 		.4byte	.LASF71
 674 0498 05       		.byte	0x5
 675 0499 E5       		.byte	0xe5
 676 049a 09       		.byte	0x9
 677 049b 1D000000 		.4byte	0x1d
 678 049f 64       		.byte	0x64
 679 04a0 00       		.byte	0
 680 04a1 15       		.uleb128 0x15
 681 04a2 1D000000 		.4byte	0x1d
 682 04a6 BF040000 		.4byte	0x4bf
 683 04aa 16       		.uleb128 0x16
 684 04ab BF040000 		.4byte	0x4bf
ARM GAS  /tmp/ccySdW0H.s 			page 13


 685 04af 16       		.uleb128 0x16
 686 04b0 68010000 		.4byte	0x168
 687 04b4 16       		.uleb128 0x16
 688 04b5 6A010000 		.4byte	0x16a
 689 04b9 16       		.uleb128 0x16
 690 04ba 1D000000 		.4byte	0x1d
 691 04be 00       		.byte	0
 692 04bf 05       		.uleb128 0x5
 693 04c0 04       		.byte	0x4
 694 04c1 CA040000 		.4byte	0x4ca
 695 04c5 0F       		.uleb128 0xf
 696 04c6 BF040000 		.4byte	0x4bf
 697 04ca 17       		.uleb128 0x17
 698 04cb A7040000 		.4byte	.LASF72
 699 04cf 2804     		.2byte	0x428
 700 04d1 05       		.byte	0x5
 701 04d2 6002     		.2byte	0x260
 702 04d4 08       		.byte	0x8
 703 04d5 13060000 		.4byte	0x613
 704 04d9 18       		.uleb128 0x18
 705 04da FA080000 		.4byte	.LASF73
 706 04de 05       		.byte	0x5
 707 04df 6202     		.2byte	0x262
 708 04e1 07       		.byte	0x7
 709 04e2 1D000000 		.4byte	0x1d
 710 04e6 00       		.byte	0
 711 04e7 18       		.uleb128 0x18
 712 04e8 91050000 		.4byte	.LASF74
 713 04ec 05       		.byte	0x5
 714 04ed 6702     		.2byte	0x267
 715 04ef 0B       		.byte	0xb
 716 04f0 F2060000 		.4byte	0x6f2
 717 04f4 04       		.byte	0x4
 718 04f5 18       		.uleb128 0x18
 719 04f6 270F0000 		.4byte	.LASF75
 720 04fa 05       		.byte	0x5
 721 04fb 6702     		.2byte	0x267
 722 04fd 14       		.byte	0x14
 723 04fe F2060000 		.4byte	0x6f2
 724 0502 08       		.byte	0x8
 725 0503 18       		.uleb128 0x18
 726 0504 A30C0000 		.4byte	.LASF76
 727 0508 05       		.byte	0x5
 728 0509 6702     		.2byte	0x267
 729 050b 1E       		.byte	0x1e
 730 050c F2060000 		.4byte	0x6f2
 731 0510 0C       		.byte	0xc
 732 0511 18       		.uleb128 0x18
 733 0512 40120000 		.4byte	.LASF77
 734 0516 05       		.byte	0x5
 735 0517 6902     		.2byte	0x269
 736 0519 08       		.byte	0x8
 737 051a 1D000000 		.4byte	0x1d
 738 051e 10       		.byte	0x10
 739 051f 18       		.uleb128 0x18
 740 0520 5B0A0000 		.4byte	.LASF78
 741 0524 05       		.byte	0x5
ARM GAS  /tmp/ccySdW0H.s 			page 14


 742 0525 6A02     		.2byte	0x26a
 743 0527 08       		.byte	0x8
 744 0528 F2080000 		.4byte	0x8f2
 745 052c 14       		.byte	0x14
 746 052d 18       		.uleb128 0x18
 747 052e 89040000 		.4byte	.LASF79
 748 0532 05       		.byte	0x5
 749 0533 6D02     		.2byte	0x26d
 750 0535 07       		.byte	0x7
 751 0536 1D000000 		.4byte	0x1d
 752 053a 30       		.byte	0x30
 753 053b 18       		.uleb128 0x18
 754 053c F0130000 		.4byte	.LASF80
 755 0540 05       		.byte	0x5
 756 0541 6E02     		.2byte	0x26e
 757 0543 16       		.byte	0x16
 758 0544 07090000 		.4byte	0x907
 759 0548 34       		.byte	0x34
 760 0549 18       		.uleb128 0x18
 761 054a 4E080000 		.4byte	.LASF81
 762 054e 05       		.byte	0x5
 763 054f 7002     		.2byte	0x270
 764 0551 07       		.byte	0x7
 765 0552 1D000000 		.4byte	0x1d
 766 0556 38       		.byte	0x38
 767 0557 18       		.uleb128 0x18
 768 0558 010A0000 		.4byte	.LASF82
 769 055c 05       		.byte	0x5
 770 055d 7202     		.2byte	0x272
 771 055f 0A       		.byte	0xa
 772 0560 18090000 		.4byte	0x918
 773 0564 3C       		.byte	0x3c
 774 0565 18       		.uleb128 0x18
 775 0566 35140000 		.4byte	.LASF83
 776 056a 05       		.byte	0x5
 777 056b 7502     		.2byte	0x275
 778 056d 13       		.byte	0x13
 779 056e E2010000 		.4byte	0x1e2
 780 0572 40       		.byte	0x40
 781 0573 18       		.uleb128 0x18
 782 0574 E7020000 		.4byte	.LASF84
 783 0578 05       		.byte	0x5
 784 0579 7602     		.2byte	0x276
 785 057b 07       		.byte	0x7
 786 057c 1D000000 		.4byte	0x1d
 787 0580 44       		.byte	0x44
 788 0581 18       		.uleb128 0x18
 789 0582 09080000 		.4byte	.LASF85
 790 0586 05       		.byte	0x5
 791 0587 7702     		.2byte	0x277
 792 0589 13       		.byte	0x13
 793 058a E2010000 		.4byte	0x1e2
 794 058e 48       		.byte	0x48
 795 058f 18       		.uleb128 0x18
 796 0590 2C0B0000 		.4byte	.LASF86
 797 0594 05       		.byte	0x5
 798 0595 7802     		.2byte	0x278
ARM GAS  /tmp/ccySdW0H.s 			page 15


 799 0597 14       		.byte	0x14
 800 0598 1E090000 		.4byte	0x91e
 801 059c 4C       		.byte	0x4c
 802 059d 18       		.uleb128 0x18
 803 059e B4000000 		.4byte	.LASF87
 804 05a2 05       		.byte	0x5
 805 05a3 7B02     		.2byte	0x27b
 806 05a5 07       		.byte	0x7
 807 05a6 1D000000 		.4byte	0x1d
 808 05aa 50       		.byte	0x50
 809 05ab 18       		.uleb128 0x18
 810 05ac A4070000 		.4byte	.LASF88
 811 05b0 05       		.byte	0x5
 812 05b1 7C02     		.2byte	0x27c
 813 05b3 09       		.byte	0x9
 814 05b4 6A010000 		.4byte	0x16a
 815 05b8 54       		.byte	0x54
 816 05b9 18       		.uleb128 0x18
 817 05ba 8F0C0000 		.4byte	.LASF89
 818 05be 05       		.byte	0x5
 819 05bf 9F02     		.2byte	0x29f
 820 05c1 07       		.byte	0x7
 821 05c2 CD080000 		.4byte	0x8cd
 822 05c6 58       		.byte	0x58
 823 05c7 19       		.uleb128 0x19
 824 05c8 100D0000 		.4byte	.LASF49
 825 05cc 05       		.byte	0x5
 826 05cd A302     		.2byte	0x2a3
 827 05cf 13       		.byte	0x13
 828 05d0 13030000 		.4byte	0x313
 829 05d4 4801     		.2byte	0x148
 830 05d6 19       		.uleb128 0x19
 831 05d7 130A0000 		.4byte	.LASF90
 832 05db 05       		.byte	0x5
 833 05dc A402     		.2byte	0x2a4
 834 05de 12       		.byte	0x12
 835 05df D0020000 		.4byte	0x2d0
 836 05e3 4C01     		.2byte	0x14c
 837 05e5 19       		.uleb128 0x19
 838 05e6 40070000 		.4byte	.LASF91
 839 05ea 05       		.byte	0x5
 840 05eb A802     		.2byte	0x2a8
 841 05ed 0C       		.byte	0xc
 842 05ee 2F090000 		.4byte	0x92f
 843 05f2 DC02     		.2byte	0x2dc
 844 05f4 19       		.uleb128 0x19
 845 05f5 D00A0000 		.4byte	.LASF92
 846 05f9 05       		.byte	0x5
 847 05fa AD02     		.2byte	0x2ad
 848 05fc 10       		.byte	0x10
 849 05fd B3060000 		.4byte	0x6b3
 850 0601 E002     		.2byte	0x2e0
 851 0603 19       		.uleb128 0x19
 852 0604 60000000 		.4byte	.LASF93
 853 0608 05       		.byte	0x5
 854 0609 AF02     		.2byte	0x2af
 855 060b 0A       		.byte	0xa
ARM GAS  /tmp/ccySdW0H.s 			page 16


 856 060c 3B090000 		.4byte	0x93b
 857 0610 EC02     		.2byte	0x2ec
 858 0612 00       		.byte	0
 859 0613 05       		.uleb128 0x5
 860 0614 04       		.byte	0x4
 861 0615 A1040000 		.4byte	0x4a1
 862 0619 15       		.uleb128 0x15
 863 061a 1D000000 		.4byte	0x1d
 864 061e 37060000 		.4byte	0x637
 865 0622 16       		.uleb128 0x16
 866 0623 BF040000 		.4byte	0x4bf
 867 0627 16       		.uleb128 0x16
 868 0628 68010000 		.4byte	0x168
 869 062c 16       		.uleb128 0x16
 870 062d 37060000 		.4byte	0x637
 871 0631 16       		.uleb128 0x16
 872 0632 1D000000 		.4byte	0x1d
 873 0636 00       		.byte	0
 874 0637 05       		.uleb128 0x5
 875 0638 04       		.byte	0x4
 876 0639 77010000 		.4byte	0x177
 877 063d 1A       		.uleb128 0x1a
 878 063e 37060000 		.4byte	0x637
 879 0642 05       		.uleb128 0x5
 880 0643 04       		.byte	0x4
 881 0644 19060000 		.4byte	0x619
 882 0648 15       		.uleb128 0x15
 883 0649 E1000000 		.4byte	0xe1
 884 064d 66060000 		.4byte	0x666
 885 0651 16       		.uleb128 0x16
 886 0652 BF040000 		.4byte	0x4bf
 887 0656 16       		.uleb128 0x16
 888 0657 68010000 		.4byte	0x168
 889 065b 16       		.uleb128 0x16
 890 065c E1000000 		.4byte	0xe1
 891 0660 16       		.uleb128 0x16
 892 0661 1D000000 		.4byte	0x1d
 893 0665 00       		.byte	0
 894 0666 05       		.uleb128 0x5
 895 0667 04       		.byte	0x4
 896 0668 48060000 		.4byte	0x648
 897 066c 15       		.uleb128 0x15
 898 066d 1D000000 		.4byte	0x1d
 899 0671 80060000 		.4byte	0x680
 900 0675 16       		.uleb128 0x16
 901 0676 BF040000 		.4byte	0x4bf
 902 067a 16       		.uleb128 0x16
 903 067b 68010000 		.4byte	0x168
 904 067f 00       		.byte	0
 905 0680 05       		.uleb128 0x5
 906 0681 04       		.byte	0x4
 907 0682 6C060000 		.4byte	0x66c
 908 0686 0A       		.uleb128 0xa
 909 0687 64000000 		.4byte	0x64
 910 068b 96060000 		.4byte	0x696
 911 068f 0B       		.uleb128 0xb
 912 0690 30000000 		.4byte	0x30
ARM GAS  /tmp/ccySdW0H.s 			page 17


 913 0694 02       		.byte	0x2
 914 0695 00       		.byte	0
 915 0696 0A       		.uleb128 0xa
 916 0697 64000000 		.4byte	0x64
 917 069b A6060000 		.4byte	0x6a6
 918 069f 0B       		.uleb128 0xb
 919 06a0 30000000 		.4byte	0x30
 920 06a4 00       		.byte	0
 921 06a5 00       		.byte	0
 922 06a6 07       		.uleb128 0x7
 923 06a7 B90F0000 		.4byte	.LASF94
 924 06ab 05       		.byte	0x5
 925 06ac 1F01     		.2byte	0x11f
 926 06ae 1A       		.byte	0x1a
 927 06af 5E030000 		.4byte	0x35e
 928 06b3 1B       		.uleb128 0x1b
 929 06b4 4B0B0000 		.4byte	.LASF95
 930 06b8 0C       		.byte	0xc
 931 06b9 05       		.byte	0x5
 932 06ba 2301     		.2byte	0x123
 933 06bc 08       		.byte	0x8
 934 06bd EC060000 		.4byte	0x6ec
 935 06c1 18       		.uleb128 0x18
 936 06c2 4C100000 		.4byte	.LASF29
 937 06c6 05       		.byte	0x5
 938 06c7 2501     		.2byte	0x125
 939 06c9 11       		.byte	0x11
 940 06ca EC060000 		.4byte	0x6ec
 941 06ce 00       		.byte	0
 942 06cf 18       		.uleb128 0x18
 943 06d0 AD0A0000 		.4byte	.LASF96
 944 06d4 05       		.byte	0x5
 945 06d5 2601     		.2byte	0x126
 946 06d7 07       		.byte	0x7
 947 06d8 1D000000 		.4byte	0x1d
 948 06dc 04       		.byte	0x4
 949 06dd 18       		.uleb128 0x18
 950 06de 360B0000 		.4byte	.LASF97
 951 06e2 05       		.byte	0x5
 952 06e3 2701     		.2byte	0x127
 953 06e5 0B       		.byte	0xb
 954 06e6 F2060000 		.4byte	0x6f2
 955 06ea 08       		.byte	0x8
 956 06eb 00       		.byte	0
 957 06ec 05       		.uleb128 0x5
 958 06ed 04       		.byte	0x4
 959 06ee B3060000 		.4byte	0x6b3
 960 06f2 05       		.uleb128 0x5
 961 06f3 04       		.byte	0x4
 962 06f4 A6060000 		.4byte	0x6a6
 963 06f8 1B       		.uleb128 0x1b
 964 06f9 110F0000 		.4byte	.LASF98
 965 06fd 0E       		.byte	0xe
 966 06fe 05       		.byte	0x5
 967 06ff 3F01     		.2byte	0x13f
 968 0701 08       		.byte	0x8
 969 0702 31070000 		.4byte	0x731
ARM GAS  /tmp/ccySdW0H.s 			page 18


 970 0706 18       		.uleb128 0x18
 971 0707 010E0000 		.4byte	.LASF99
 972 070b 05       		.byte	0x5
 973 070c 4001     		.2byte	0x140
 974 070e 12       		.byte	0x12
 975 070f 31070000 		.4byte	0x731
 976 0713 00       		.byte	0
 977 0714 18       		.uleb128 0x18
 978 0715 BA010000 		.4byte	.LASF100
 979 0719 05       		.byte	0x5
 980 071a 4101     		.2byte	0x141
 981 071c 12       		.byte	0x12
 982 071d 31070000 		.4byte	0x731
 983 0721 06       		.byte	0x6
 984 0722 18       		.uleb128 0x18
 985 0723 54140000 		.4byte	.LASF101
 986 0727 05       		.byte	0x5
 987 0728 4201     		.2byte	0x142
 988 072a 12       		.byte	0x12
 989 072b 7E000000 		.4byte	0x7e
 990 072f 0C       		.byte	0xc
 991 0730 00       		.byte	0
 992 0731 0A       		.uleb128 0xa
 993 0732 7E000000 		.4byte	0x7e
 994 0736 41070000 		.4byte	0x741
 995 073a 0B       		.uleb128 0xb
 996 073b 30000000 		.4byte	0x30
 997 073f 02       		.byte	0x2
 998 0740 00       		.byte	0
 999 0741 1C       		.uleb128 0x1c
 1000 0742 D0       		.byte	0xd0
 1001 0743 05       		.byte	0x5
 1002 0744 8002     		.2byte	0x280
 1003 0746 07       		.byte	0x7
 1004 0747 56080000 		.4byte	0x856
 1005 074b 18       		.uleb128 0x18
 1006 074c CA030000 		.4byte	.LASF102
 1007 0750 05       		.byte	0x5
 1008 0751 8202     		.2byte	0x282
 1009 0753 18       		.byte	0x18
 1010 0754 30000000 		.4byte	0x30
 1011 0758 00       		.byte	0
 1012 0759 18       		.uleb128 0x18
 1013 075a 640F0000 		.4byte	.LASF103
 1014 075e 05       		.byte	0x5
 1015 075f 8302     		.2byte	0x283
 1016 0761 12       		.byte	0x12
 1017 0762 6A010000 		.4byte	0x16a
 1018 0766 04       		.byte	0x4
 1019 0767 18       		.uleb128 0x18
 1020 0768 A7000000 		.4byte	.LASF104
 1021 076c 05       		.byte	0x5
 1022 076d 8402     		.2byte	0x284
 1023 076f 10       		.byte	0x10
 1024 0770 56080000 		.4byte	0x856
 1025 0774 08       		.byte	0x8
 1026 0775 18       		.uleb128 0x18
ARM GAS  /tmp/ccySdW0H.s 			page 19


 1027 0776 FC020000 		.4byte	.LASF105
 1028 077a 05       		.byte	0x5
 1029 077b 8502     		.2byte	0x285
 1030 077d 17       		.byte	0x17
 1031 077e F8010000 		.4byte	0x1f8
 1032 0782 24       		.byte	0x24
 1033 0783 18       		.uleb128 0x18
 1034 0784 EE0A0000 		.4byte	.LASF106
 1035 0788 05       		.byte	0x5
 1036 0789 8602     		.2byte	0x286
 1037 078b 0F       		.byte	0xf
 1038 078c 1D000000 		.4byte	0x1d
 1039 0790 48       		.byte	0x48
 1040 0791 18       		.uleb128 0x18
 1041 0792 CA0C0000 		.4byte	.LASF107
 1042 0796 05       		.byte	0x5
 1043 0797 8702     		.2byte	0x287
 1044 0799 2C       		.byte	0x2c
 1045 079a B7000000 		.4byte	0xb7
 1046 079e 50       		.byte	0x50
 1047 079f 18       		.uleb128 0x18
 1048 07a0 05100000 		.4byte	.LASF108
 1049 07a4 05       		.byte	0x5
 1050 07a5 8802     		.2byte	0x288
 1051 07a7 1A       		.byte	0x1a
 1052 07a8 F8060000 		.4byte	0x6f8
 1053 07ac 58       		.byte	0x58
 1054 07ad 18       		.uleb128 0x18
 1055 07ae 26110000 		.4byte	.LASF109
 1056 07b2 05       		.byte	0x5
 1057 07b3 8902     		.2byte	0x289
 1058 07b5 16       		.byte	0x16
 1059 07b6 50010000 		.4byte	0x150
 1060 07ba 68       		.byte	0x68
 1061 07bb 18       		.uleb128 0x18
 1062 07bc 6F0E0000 		.4byte	.LASF110
 1063 07c0 05       		.byte	0x5
 1064 07c1 8A02     		.2byte	0x28a
 1065 07c3 16       		.byte	0x16
 1066 07c4 50010000 		.4byte	0x150
 1067 07c8 70       		.byte	0x70
 1068 07c9 18       		.uleb128 0x18
 1069 07ca AB0C0000 		.4byte	.LASF111
 1070 07ce 05       		.byte	0x5
 1071 07cf 8B02     		.2byte	0x28b
 1072 07d1 16       		.byte	0x16
 1073 07d2 50010000 		.4byte	0x150
 1074 07d6 78       		.byte	0x78
 1075 07d7 18       		.uleb128 0x18
 1076 07d8 48010000 		.4byte	.LASF112
 1077 07dc 05       		.byte	0x5
 1078 07dd 8C02     		.2byte	0x28c
 1079 07df 10       		.byte	0x10
 1080 07e0 66080000 		.4byte	0x866
 1081 07e4 80       		.byte	0x80
 1082 07e5 18       		.uleb128 0x18
 1083 07e6 5D090000 		.4byte	.LASF113
ARM GAS  /tmp/ccySdW0H.s 			page 20


 1084 07ea 05       		.byte	0x5
 1085 07eb 8D02     		.2byte	0x28d
 1086 07ed 10       		.byte	0x10
 1087 07ee 76080000 		.4byte	0x876
 1088 07f2 88       		.byte	0x88
 1089 07f3 18       		.uleb128 0x18
 1090 07f4 7A150000 		.4byte	.LASF114
 1091 07f8 05       		.byte	0x5
 1092 07f9 8E02     		.2byte	0x28e
 1093 07fb 0F       		.byte	0xf
 1094 07fc 1D000000 		.4byte	0x1d
 1095 0800 A0       		.byte	0xa0
 1096 0801 18       		.uleb128 0x18
 1097 0802 C4020000 		.4byte	.LASF115
 1098 0806 05       		.byte	0x5
 1099 0807 8F02     		.2byte	0x28f
 1100 0809 16       		.byte	0x16
 1101 080a 50010000 		.4byte	0x150
 1102 080e A4       		.byte	0xa4
 1103 080f 18       		.uleb128 0x18
 1104 0810 7C0F0000 		.4byte	.LASF116
 1105 0814 05       		.byte	0x5
 1106 0815 9002     		.2byte	0x290
 1107 0817 16       		.byte	0x16
 1108 0818 50010000 		.4byte	0x150
 1109 081c AC       		.byte	0xac
 1110 081d 18       		.uleb128 0x18
 1111 081e B5140000 		.4byte	.LASF117
 1112 0822 05       		.byte	0x5
 1113 0823 9102     		.2byte	0x291
 1114 0825 16       		.byte	0x16
 1115 0826 50010000 		.4byte	0x150
 1116 082a B4       		.byte	0xb4
 1117 082b 18       		.uleb128 0x18
 1118 082c F80B0000 		.4byte	.LASF118
 1119 0830 05       		.byte	0x5
 1120 0831 9202     		.2byte	0x292
 1121 0833 16       		.byte	0x16
 1122 0834 50010000 		.4byte	0x150
 1123 0838 BC       		.byte	0xbc
 1124 0839 18       		.uleb128 0x18
 1125 083a 12010000 		.4byte	.LASF119
 1126 083e 05       		.byte	0x5
 1127 083f 9302     		.2byte	0x293
 1128 0841 16       		.byte	0x16
 1129 0842 50010000 		.4byte	0x150
 1130 0846 C4       		.byte	0xc4
 1131 0847 18       		.uleb128 0x18
 1132 0848 DE0B0000 		.4byte	.LASF120
 1133 084c 05       		.byte	0x5
 1134 084d 9402     		.2byte	0x294
 1135 084f 08       		.byte	0x8
 1136 0850 1D000000 		.4byte	0x1d
 1137 0854 CC       		.byte	0xcc
 1138 0855 00       		.byte	0
 1139 0856 0A       		.uleb128 0xa
 1140 0857 70010000 		.4byte	0x170
ARM GAS  /tmp/ccySdW0H.s 			page 21


 1141 085b 66080000 		.4byte	0x866
 1142 085f 0B       		.uleb128 0xb
 1143 0860 30000000 		.4byte	0x30
 1144 0864 19       		.byte	0x19
 1145 0865 00       		.byte	0
 1146 0866 0A       		.uleb128 0xa
 1147 0867 70010000 		.4byte	0x170
 1148 086b 76080000 		.4byte	0x876
 1149 086f 0B       		.uleb128 0xb
 1150 0870 30000000 		.4byte	0x30
 1151 0874 07       		.byte	0x7
 1152 0875 00       		.byte	0
 1153 0876 0A       		.uleb128 0xa
 1154 0877 70010000 		.4byte	0x170
 1155 087b 86080000 		.4byte	0x886
 1156 087f 0B       		.uleb128 0xb
 1157 0880 30000000 		.4byte	0x30
 1158 0884 17       		.byte	0x17
 1159 0885 00       		.byte	0
 1160 0886 1C       		.uleb128 0x1c
 1161 0887 F0       		.byte	0xf0
 1162 0888 05       		.byte	0x5
 1163 0889 9902     		.2byte	0x299
 1164 088b 07       		.byte	0x7
 1165 088c AD080000 		.4byte	0x8ad
 1166 0890 18       		.uleb128 0x18
 1167 0891 A7120000 		.4byte	.LASF121
 1168 0895 05       		.byte	0x5
 1169 0896 9C02     		.2byte	0x29c
 1170 0898 1B       		.byte	0x1b
 1171 0899 AD080000 		.4byte	0x8ad
 1172 089d 00       		.byte	0
 1173 089e 18       		.uleb128 0x18
 1174 089f E00A0000 		.4byte	.LASF122
 1175 08a3 05       		.byte	0x5
 1176 08a4 9D02     		.2byte	0x29d
 1177 08a6 18       		.byte	0x18
 1178 08a7 BD080000 		.4byte	0x8bd
 1179 08ab 78       		.byte	0x78
 1180 08ac 00       		.byte	0
 1181 08ad 0A       		.uleb128 0xa
 1182 08ae 58030000 		.4byte	0x358
 1183 08b2 BD080000 		.4byte	0x8bd
 1184 08b6 0B       		.uleb128 0xb
 1185 08b7 30000000 		.4byte	0x30
 1186 08bb 1D       		.byte	0x1d
 1187 08bc 00       		.byte	0
 1188 08bd 0A       		.uleb128 0xa
 1189 08be 30000000 		.4byte	0x30
 1190 08c2 CD080000 		.4byte	0x8cd
 1191 08c6 0B       		.uleb128 0xb
 1192 08c7 30000000 		.4byte	0x30
 1193 08cb 1D       		.byte	0x1d
 1194 08cc 00       		.byte	0
 1195 08cd 1D       		.uleb128 0x1d
 1196 08ce F0       		.byte	0xf0
 1197 08cf 05       		.byte	0x5
ARM GAS  /tmp/ccySdW0H.s 			page 22


 1198 08d0 7E02     		.2byte	0x27e
 1199 08d2 03       		.byte	0x3
 1200 08d3 F2080000 		.4byte	0x8f2
 1201 08d7 1E       		.uleb128 0x1e
 1202 08d8 A7040000 		.4byte	.LASF72
 1203 08dc 05       		.byte	0x5
 1204 08dd 9502     		.2byte	0x295
 1205 08df 0B       		.byte	0xb
 1206 08e0 41070000 		.4byte	0x741
 1207 08e4 1E       		.uleb128 0x1e
 1208 08e5 05010000 		.4byte	.LASF123
 1209 08e9 05       		.byte	0x5
 1210 08ea 9E02     		.2byte	0x29e
 1211 08ec 0B       		.byte	0xb
 1212 08ed 86080000 		.4byte	0x886
 1213 08f1 00       		.byte	0
 1214 08f2 0A       		.uleb128 0xa
 1215 08f3 70010000 		.4byte	0x170
 1216 08f7 02090000 		.4byte	0x902
 1217 08fb 0B       		.uleb128 0xb
 1218 08fc 30000000 		.4byte	0x30
 1219 0900 18       		.byte	0x18
 1220 0901 00       		.byte	0
 1221 0902 06       		.uleb128 0x6
 1222 0903 37000000 		.4byte	.LASF125
 1223 0907 05       		.uleb128 0x5
 1224 0908 04       		.byte	0x4
 1225 0909 02090000 		.4byte	0x902
 1226 090d 1F       		.uleb128 0x1f
 1227 090e 18090000 		.4byte	0x918
 1228 0912 16       		.uleb128 0x16
 1229 0913 BF040000 		.4byte	0x4bf
 1230 0917 00       		.byte	0
 1231 0918 05       		.uleb128 0x5
 1232 0919 04       		.byte	0x4
 1233 091a 0D090000 		.4byte	0x90d
 1234 091e 05       		.uleb128 0x5
 1235 091f 04       		.byte	0x4
 1236 0920 E2010000 		.4byte	0x1e2
 1237 0924 1F       		.uleb128 0x1f
 1238 0925 2F090000 		.4byte	0x92f
 1239 0929 16       		.uleb128 0x16
 1240 092a 1D000000 		.4byte	0x1d
 1241 092e 00       		.byte	0
 1242 092f 05       		.uleb128 0x5
 1243 0930 04       		.byte	0x4
 1244 0931 35090000 		.4byte	0x935
 1245 0935 05       		.uleb128 0x5
 1246 0936 04       		.byte	0x4
 1247 0937 24090000 		.4byte	0x924
 1248 093b 0A       		.uleb128 0xa
 1249 093c A6060000 		.4byte	0x6a6
 1250 0940 4B090000 		.4byte	0x94b
 1251 0944 0B       		.uleb128 0xb
 1252 0945 30000000 		.4byte	0x30
 1253 0949 02       		.byte	0x2
 1254 094a 00       		.byte	0
ARM GAS  /tmp/ccySdW0H.s 			page 23


 1255 094b 20       		.uleb128 0x20
 1256 094c DB020000 		.4byte	.LASF126
 1257 0950 05       		.byte	0x5
 1258 0951 2E03     		.2byte	0x32e
 1259 0953 17       		.byte	0x17
 1260 0954 BF040000 		.4byte	0x4bf
 1261 0958 20       		.uleb128 0x20
 1262 0959 AE040000 		.4byte	.LASF127
 1263 095d 05       		.byte	0x5
 1264 095e 2F03     		.2byte	0x32f
 1265 0960 1D       		.byte	0x1d
 1266 0961 C5040000 		.4byte	0x4c5
 1267 0965 03       		.uleb128 0x3
 1268 0966 0D000000 		.4byte	.LASF128
 1269 096a 06       		.byte	0x6
 1270 096b 14       		.byte	0x14
 1271 096c 12       		.byte	0x12
 1272 096d 45000000 		.4byte	0x45
 1273 0971 03       		.uleb128 0x3
 1274 0972 F4030000 		.4byte	.LASF129
 1275 0976 06       		.byte	0x6
 1276 0977 18       		.byte	0x18
 1277 0978 13       		.byte	0x13
 1278 0979 58000000 		.4byte	0x58
 1279 097d 0F       		.uleb128 0xf
 1280 097e 71090000 		.4byte	0x971
 1281 0982 03       		.uleb128 0x3
 1282 0983 C80E0000 		.4byte	.LASF130
 1283 0987 06       		.byte	0x6
 1284 0988 24       		.byte	0x24
 1285 0989 14       		.byte	0x14
 1286 098a 72000000 		.4byte	0x72
 1287 098e 1A       		.uleb128 0x1a
 1288 098f 82090000 		.4byte	0x982
 1289 0993 03       		.uleb128 0x3
 1290 0994 9F000000 		.4byte	.LASF131
 1291 0998 06       		.byte	0x6
 1292 0999 2C       		.byte	0x2c
 1293 099a 13       		.byte	0x13
 1294 099b 85000000 		.4byte	0x85
 1295 099f 1A       		.uleb128 0x1a
 1296 09a0 93090000 		.4byte	0x993
 1297 09a4 03       		.uleb128 0x3
 1298 09a5 14140000 		.4byte	.LASF132
 1299 09a9 06       		.byte	0x6
 1300 09aa 30       		.byte	0x30
 1301 09ab 14       		.byte	0x14
 1302 09ac 98000000 		.4byte	0x98
 1303 09b0 1A       		.uleb128 0x1a
 1304 09b1 A4090000 		.4byte	0x9a4
 1305 09b5 03       		.uleb128 0x3
 1306 09b6 45110000 		.4byte	.LASF133
 1307 09ba 06       		.byte	0x6
 1308 09bb 3C       		.byte	0x3c
 1309 09bc 14       		.byte	0x14
 1310 09bd AB000000 		.4byte	0xab
 1311 09c1 03       		.uleb128 0x3
ARM GAS  /tmp/ccySdW0H.s 			page 24


 1312 09c2 CB0B0000 		.4byte	.LASF134
 1313 09c6 07       		.byte	0x7
 1314 09c7 27       		.byte	0x27
 1315 09c8 1D       		.byte	0x1d
 1316 09c9 A4090000 		.4byte	0x9a4
 1317 09cd 03       		.uleb128 0x3
 1318 09ce A5100000 		.4byte	.LASF135
 1319 09d2 07       		.byte	0x7
 1320 09d3 2A       		.byte	0x2a
 1321 09d4 1D       		.byte	0x1d
 1322 09d5 71090000 		.4byte	0x971
 1323 09d9 03       		.uleb128 0x3
 1324 09da 24030000 		.4byte	.LASF136
 1325 09de 07       		.byte	0x7
 1326 09df 2B       		.byte	0x2b
 1327 09e0 1D       		.byte	0x1d
 1328 09e1 71090000 		.4byte	0x971
 1329 09e5 03       		.uleb128 0x3
 1330 09e6 9F120000 		.4byte	.LASF137
 1331 09ea 07       		.byte	0x7
 1332 09eb 2C       		.byte	0x2c
 1333 09ec 1D       		.byte	0x1d
 1334 09ed 71090000 		.4byte	0x971
 1335 09f1 03       		.uleb128 0x3
 1336 09f2 71000000 		.4byte	.LASF138
 1337 09f6 07       		.byte	0x7
 1338 09f7 2E       		.byte	0x2e
 1339 09f8 1D       		.byte	0x1d
 1340 09f9 A4090000 		.4byte	0x9a4
 1341 09fd 03       		.uleb128 0x3
 1342 09fe F50E0000 		.4byte	.LASF139
 1343 0a02 07       		.byte	0x7
 1344 0a03 2F       		.byte	0x2f
 1345 0a04 1D       		.byte	0x1d
 1346 0a05 93090000 		.4byte	0x993
 1347 0a09 03       		.uleb128 0x3
 1348 0a0a 29040000 		.4byte	.LASF140
 1349 0a0e 07       		.byte	0x7
 1350 0a0f 31       		.byte	0x31
 1351 0a10 1D       		.byte	0x1d
 1352 0a11 A4090000 		.4byte	0x9a4
 1353 0a15 03       		.uleb128 0x3
 1354 0a16 A4060000 		.4byte	.LASF141
 1355 0a1a 07       		.byte	0x7
 1356 0a1b 33       		.byte	0x33
 1357 0a1c 1D       		.byte	0x1d
 1358 0a1d 93090000 		.4byte	0x993
 1359 0a21 03       		.uleb128 0x3
 1360 0a22 85090000 		.4byte	.LASF142
 1361 0a26 07       		.byte	0x7
 1362 0a27 34       		.byte	0x34
 1363 0a28 1D       		.byte	0x1d
 1364 0a29 A4090000 		.4byte	0x9a4
 1365 0a2d 03       		.uleb128 0x3
 1366 0a2e A50D0000 		.4byte	.LASF143
 1367 0a32 08       		.byte	0x8
 1368 0a33 34       		.byte	0x34
ARM GAS  /tmp/ccySdW0H.s 			page 25


 1369 0a34 1A       		.byte	0x1a
 1370 0a35 390A0000 		.4byte	0xa39
 1371 0a39 10       		.uleb128 0x10
 1372 0a3a 94080000 		.4byte	.LASF144
 1373 0a3e 44       		.byte	0x44
 1374 0a3f 09       		.byte	0x9
 1375 0a40 8E       		.byte	0x8e
 1376 0a41 08       		.byte	0x8
 1377 0a42 290B0000 		.4byte	0xb29
 1378 0a46 0D       		.uleb128 0xd
 1379 0a47 570F0000 		.4byte	.LASF145
 1380 0a4b 09       		.byte	0x9
 1381 0a4c 8F       		.byte	0x8f
 1382 0a4d 19       		.byte	0x19
 1383 0a4e 620B0000 		.4byte	0xb62
 1384 0a52 00       		.byte	0
 1385 0a53 0D       		.uleb128 0xd
 1386 0a54 2D020000 		.4byte	.LASF146
 1387 0a58 09       		.byte	0x9
 1388 0a59 90       		.byte	0x90
 1389 0a5a 19       		.byte	0x19
 1390 0a5b F1090000 		.4byte	0x9f1
 1391 0a5f 08       		.byte	0x8
 1392 0a60 0D       		.uleb128 0xd
 1393 0a61 00140000 		.4byte	.LASF147
 1394 0a65 09       		.byte	0x9
 1395 0a66 92       		.byte	0x92
 1396 0a67 1A       		.byte	0x1a
 1397 0a68 350B0000 		.4byte	0xb35
 1398 0a6c 0C       		.byte	0xc
 1399 0a6d 0D       		.uleb128 0xd
 1400 0a6e 57090000 		.4byte	.LASF148
 1401 0a72 09       		.byte	0x9
 1402 0a73 93       		.byte	0x93
 1403 0a74 1A       		.byte	0x1a
 1404 0a75 350B0000 		.4byte	0xb35
 1405 0a79 10       		.byte	0x10
 1406 0a7a 11       		.uleb128 0x11
 1407 0a7b 63747800 		.ascii	"ctx\000"
 1408 0a7f 09       		.byte	0x9
 1409 0a80 99       		.byte	0x99
 1410 0a81 19       		.byte	0x19
 1411 0a82 700F0000 		.4byte	0xf70
 1412 0a86 14       		.byte	0x14
 1413 0a87 0D       		.uleb128 0xd
 1414 0a88 09110000 		.4byte	.LASF149
 1415 0a8c 09       		.byte	0x9
 1416 0a8d 9E       		.byte	0x9e
 1417 0a8e 1A       		.byte	0x1a
 1418 0a8f 37060000 		.4byte	0x637
 1419 0a93 18       		.byte	0x18
 1420 0a94 0D       		.uleb128 0xd
 1421 0a95 0A100000 		.4byte	.LASF150
 1422 0a99 09       		.byte	0x9
 1423 0a9a A7       		.byte	0xa7
 1424 0a9b 1A       		.byte	0x1a
 1425 0a9c 8F100000 		.4byte	0x108f
ARM GAS  /tmp/ccySdW0H.s 			page 26


 1426 0aa0 1C       		.byte	0x1c
 1427 0aa1 0D       		.uleb128 0xd
 1428 0aa2 94010000 		.4byte	.LASF151
 1429 0aa6 09       		.byte	0x9
 1430 0aa7 AC       		.byte	0xac
 1431 0aa8 19       		.byte	0x19
 1432 0aa9 D9090000 		.4byte	0x9d9
 1433 0aad 20       		.byte	0x20
 1434 0aae 0D       		.uleb128 0xd
 1435 0aaf BF050000 		.4byte	.LASF152
 1436 0ab3 09       		.byte	0x9
 1437 0ab4 B0       		.byte	0xb0
 1438 0ab5 19       		.byte	0x19
 1439 0ab6 CD090000 		.4byte	0x9cd
 1440 0aba 21       		.byte	0x21
 1441 0abb 0D       		.uleb128 0xd
 1442 0abc D90B0000 		.4byte	.LASF153
 1443 0ac0 09       		.byte	0x9
 1444 0ac1 B5       		.byte	0xb5
 1445 0ac2 19       		.byte	0x19
 1446 0ac3 E5090000 		.4byte	0x9e5
 1447 0ac7 22       		.byte	0x22
 1448 0ac8 21       		.uleb128 0x21
 1449 0ac9 7500     		.ascii	"u\000"
 1450 0acb 09       		.byte	0x9
 1451 0acc 0601     		.2byte	0x106
 1452 0ace 19       		.byte	0x19
 1453 0acf B50F0000 		.4byte	0xfb5
 1454 0ad3 24       		.byte	0x24
 1455 0ad4 18       		.uleb128 0x18
 1456 0ad5 4A120000 		.4byte	.LASF154
 1457 0ad9 09       		.byte	0x9
 1458 0ada 0B01     		.2byte	0x10b
 1459 0adc 19       		.byte	0x19
 1460 0add 3B0B0000 		.4byte	0xb3b
 1461 0ae1 28       		.byte	0x28
 1462 0ae2 18       		.uleb128 0x18
 1463 0ae3 7F110000 		.4byte	.LASF155
 1464 0ae7 09       		.byte	0x9
 1465 0ae8 1101     		.2byte	0x111
 1466 0aea 19       		.byte	0x19
 1467 0aeb 620B0000 		.4byte	0xb62
 1468 0aef 2C       		.byte	0x2c
 1469 0af0 18       		.uleb128 0x18
 1470 0af1 41030000 		.4byte	.LASF156
 1471 0af5 09       		.byte	0x9
 1472 0af6 1701     		.2byte	0x117
 1473 0af8 19       		.byte	0x19
 1474 0af9 090A0000 		.4byte	0xa09
 1475 0afd 34       		.byte	0x34
 1476 0afe 18       		.uleb128 0x18
 1477 0aff 770A0000 		.4byte	.LASF157
 1478 0b03 09       		.byte	0x9
 1479 0b04 1E01     		.2byte	0x11e
 1480 0b06 1A       		.byte	0x1a
 1481 0b07 89100000 		.4byte	0x1089
 1482 0b0b 38       		.byte	0x38
ARM GAS  /tmp/ccySdW0H.s 			page 27


 1483 0b0c 18       		.uleb128 0x18
 1484 0b0d 70090000 		.4byte	.LASF158
 1485 0b11 09       		.byte	0x9
 1486 0b12 2201     		.2byte	0x122
 1487 0b14 19       		.byte	0x19
 1488 0b15 F1090000 		.4byte	0x9f1
 1489 0b19 3C       		.byte	0x3c
 1490 0b1a 18       		.uleb128 0x18
 1491 0b1b EA050000 		.4byte	.LASF159
 1492 0b1f 09       		.byte	0x9
 1493 0b20 2901     		.2byte	0x129
 1494 0b22 1A       		.byte	0x1a
 1495 0b23 68010000 		.4byte	0x168
 1496 0b27 40       		.byte	0x40
 1497 0b28 00       		.byte	0
 1498 0b29 03       		.uleb128 0x3
 1499 0b2a FD0C0000 		.4byte	.LASF160
 1500 0b2e 08       		.byte	0x8
 1501 0b2f 39       		.byte	0x39
 1502 0b30 14       		.byte	0x14
 1503 0b31 350B0000 		.4byte	0xb35
 1504 0b35 05       		.uleb128 0x5
 1505 0b36 04       		.byte	0x4
 1506 0b37 2D0A0000 		.4byte	0xa2d
 1507 0b3b 03       		.uleb128 0x3
 1508 0b3c C3120000 		.4byte	.LASF161
 1509 0b40 08       		.byte	0x8
 1510 0b41 3E       		.byte	0x3e
 1511 0b42 20       		.byte	0x20
 1512 0b43 470B0000 		.4byte	0xb47
 1513 0b47 10       		.uleb128 0x10
 1514 0b48 C4090000 		.4byte	.LASF162
 1515 0b4c 04       		.byte	0x4
 1516 0b4d 09       		.byte	0x9
 1517 0b4e 7C       		.byte	0x7c
 1518 0b4f 08       		.byte	0x8
 1519 0b50 620B0000 		.4byte	0xb62
 1520 0b54 0D       		.uleb128 0xd
 1521 0b55 49150000 		.4byte	.LASF163
 1522 0b59 09       		.byte	0x9
 1523 0b5a 7D       		.byte	0x7d
 1524 0b5b 1A       		.byte	0x1a
 1525 0b5c 350B0000 		.4byte	0xb35
 1526 0b60 00       		.byte	0
 1527 0b61 00       		.byte	0
 1528 0b62 03       		.uleb128 0x3
 1529 0b63 53030000 		.4byte	.LASF164
 1530 0b67 08       		.byte	0x8
 1531 0b68 45       		.byte	0x45
 1532 0b69 21       		.byte	0x21
 1533 0b6a 6E0B0000 		.4byte	0xb6e
 1534 0b6e 10       		.uleb128 0x10
 1535 0b6f 000F0000 		.4byte	.LASF165
 1536 0b73 08       		.byte	0x8
 1537 0b74 09       		.byte	0x9
 1538 0b75 83       		.byte	0x83
 1539 0b76 08       		.byte	0x8
ARM GAS  /tmp/ccySdW0H.s 			page 28


 1540 0b77 960B0000 		.4byte	0xb96
 1541 0b7b 0D       		.uleb128 0xd
 1542 0b7c 49150000 		.4byte	.LASF163
 1543 0b80 09       		.byte	0x9
 1544 0b81 84       		.byte	0x84
 1545 0b82 1A       		.byte	0x1a
 1546 0b83 350B0000 		.4byte	0xb35
 1547 0b87 00       		.byte	0
 1548 0b88 0D       		.uleb128 0xd
 1549 0b89 C6140000 		.4byte	.LASF166
 1550 0b8d 09       		.byte	0x9
 1551 0b8e 85       		.byte	0x85
 1552 0b8f 1A       		.byte	0x1a
 1553 0b90 350B0000 		.4byte	0xb35
 1554 0b94 04       		.byte	0x4
 1555 0b95 00       		.byte	0
 1556 0b96 03       		.uleb128 0x3
 1557 0b97 4A090000 		.4byte	.LASF167
 1558 0b9b 08       		.byte	0x8
 1559 0b9c 4C       		.byte	0x4c
 1560 0b9d 1E       		.byte	0x1e
 1561 0b9e A20B0000 		.4byte	0xba2
 1562 0ba2 1B       		.uleb128 0x1b
 1563 0ba3 1D070000 		.4byte	.LASF168
 1564 0ba7 18       		.byte	0x18
 1565 0ba8 09       		.byte	0x9
 1566 0ba9 6101     		.2byte	0x161
 1567 0bab 08       		.byte	0x8
 1568 0bac F70B0000 		.4byte	0xbf7
 1569 0bb0 18       		.uleb128 0x18
 1570 0bb1 570F0000 		.4byte	.LASF145
 1571 0bb5 09       		.byte	0x9
 1572 0bb6 6201     		.2byte	0x162
 1573 0bb8 19       		.byte	0x19
 1574 0bb9 620B0000 		.4byte	0xb62
 1575 0bbd 00       		.byte	0
 1576 0bbe 18       		.uleb128 0x18
 1577 0bbf 2D020000 		.4byte	.LASF146
 1578 0bc3 09       		.byte	0x9
 1579 0bc4 6301     		.2byte	0x163
 1580 0bc6 19       		.byte	0x19
 1581 0bc7 F1090000 		.4byte	0x9f1
 1582 0bcb 08       		.byte	0x8
 1583 0bcc 18       		.uleb128 0x18
 1584 0bcd 00140000 		.4byte	.LASF147
 1585 0bd1 09       		.byte	0x9
 1586 0bd2 6601     		.2byte	0x166
 1587 0bd4 1A       		.byte	0x1a
 1588 0bd5 350B0000 		.4byte	0xb35
 1589 0bd9 0C       		.byte	0xc
 1590 0bda 18       		.uleb128 0x18
 1591 0bdb 57090000 		.4byte	.LASF148
 1592 0bdf 09       		.byte	0x9
 1593 0be0 6701     		.2byte	0x167
 1594 0be2 1A       		.byte	0x1a
 1595 0be3 350B0000 		.4byte	0xb35
 1596 0be7 10       		.byte	0x10
ARM GAS  /tmp/ccySdW0H.s 			page 29


 1597 0be8 18       		.uleb128 0x18
 1598 0be9 C20C0000 		.4byte	.LASF169
 1599 0bed 09       		.byte	0x9
 1600 0bee 6A01     		.2byte	0x16a
 1601 0bf0 1A       		.byte	0x1a
 1602 0bf1 350B0000 		.4byte	0xb35
 1603 0bf5 14       		.byte	0x14
 1604 0bf6 00       		.byte	0
 1605 0bf7 03       		.uleb128 0x3
 1606 0bf8 D8000000 		.4byte	.LASF170
 1607 0bfc 08       		.byte	0x8
 1608 0bfd 51       		.byte	0x51
 1609 0bfe 10       		.byte	0x10
 1610 0bff 030C0000 		.4byte	0xc03
 1611 0c03 05       		.uleb128 0x5
 1612 0c04 04       		.byte	0x4
 1613 0c05 090C0000 		.4byte	0xc09
 1614 0c09 1F       		.uleb128 0x1f
 1615 0c0a 140C0000 		.4byte	0xc14
 1616 0c0e 16       		.uleb128 0x16
 1617 0c0f 68010000 		.4byte	0x168
 1618 0c13 00       		.byte	0
 1619 0c14 03       		.uleb128 0x3
 1620 0c15 3A090000 		.4byte	.LASF171
 1621 0c19 08       		.byte	0x8
 1622 0c1a 56       		.byte	0x56
 1623 0c1b 21       		.byte	0x21
 1624 0c1c 200C0000 		.4byte	0xc20
 1625 0c20 1B       		.uleb128 0x1b
 1626 0c21 5E0E0000 		.4byte	.LASF172
 1627 0c25 14       		.byte	0x14
 1628 0c26 09       		.byte	0x9
 1629 0c27 3C01     		.2byte	0x13c
 1630 0c29 08       		.byte	0x8
 1631 0c2a 750C0000 		.4byte	0xc75
 1632 0c2e 18       		.uleb128 0x18
 1633 0c2f 49150000 		.4byte	.LASF163
 1634 0c33 09       		.byte	0x9
 1635 0c34 3D01     		.2byte	0x13d
 1636 0c36 1A       		.byte	0x1a
 1637 0c37 95100000 		.4byte	0x1095
 1638 0c3b 00       		.byte	0
 1639 0c3c 18       		.uleb128 0x18
 1640 0c3d C6140000 		.4byte	.LASF166
 1641 0c41 09       		.byte	0x9
 1642 0c42 3E01     		.2byte	0x13e
 1643 0c44 1A       		.byte	0x1a
 1644 0c45 95100000 		.4byte	0x1095
 1645 0c49 04       		.byte	0x4
 1646 0c4a 18       		.uleb128 0x18
 1647 0c4b 420F0000 		.4byte	.LASF173
 1648 0c4f 09       		.byte	0x9
 1649 0c50 3F01     		.2byte	0x13f
 1650 0c52 19       		.byte	0x19
 1651 0c53 5D0D0000 		.4byte	0xd5d
 1652 0c57 08       		.byte	0x8
 1653 0c58 18       		.uleb128 0x18
ARM GAS  /tmp/ccySdW0H.s 			page 30


 1654 0c59 53110000 		.4byte	.LASF174
 1655 0c5d 09       		.byte	0x9
 1656 0c5e 4001     		.2byte	0x140
 1657 0c60 19       		.byte	0x19
 1658 0c61 F70B0000 		.4byte	0xbf7
 1659 0c65 0C       		.byte	0xc
 1660 0c66 21       		.uleb128 0x21
 1661 0c67 70617200 		.ascii	"par\000"
 1662 0c6b 09       		.byte	0x9
 1663 0c6c 4201     		.2byte	0x142
 1664 0c6e 1A       		.byte	0x1a
 1665 0c6f 68010000 		.4byte	0x168
 1666 0c73 10       		.byte	0x10
 1667 0c74 00       		.byte	0
 1668 0c75 03       		.uleb128 0x3
 1669 0c76 B1080000 		.4byte	.LASF175
 1670 0c7a 08       		.byte	0x8
 1671 0c7b 5B       		.byte	0x5b
 1672 0c7c 28       		.byte	0x28
 1673 0c7d 810C0000 		.4byte	0xc81
 1674 0c81 1B       		.uleb128 0x1b
 1675 0c82 EE000000 		.4byte	.LASF176
 1676 0c86 10       		.byte	0x10
 1677 0c87 09       		.byte	0x9
 1678 0c88 4C01     		.2byte	0x14c
 1679 0c8a 08       		.byte	0x8
 1680 0c8b C80C0000 		.4byte	0xcc8
 1681 0c8f 18       		.uleb128 0x18
 1682 0c90 49150000 		.4byte	.LASF163
 1683 0c94 09       		.byte	0x9
 1684 0c95 4D01     		.2byte	0x14d
 1685 0c97 1A       		.byte	0x1a
 1686 0c98 95100000 		.4byte	0x1095
 1687 0c9c 00       		.byte	0
 1688 0c9d 18       		.uleb128 0x18
 1689 0c9e C6140000 		.4byte	.LASF166
 1690 0ca2 09       		.byte	0x9
 1691 0ca3 4F01     		.2byte	0x14f
 1692 0ca5 1A       		.byte	0x1a
 1693 0ca6 95100000 		.4byte	0x1095
 1694 0caa 04       		.byte	0x4
 1695 0cab 18       		.uleb128 0x18
 1696 0cac 420F0000 		.4byte	.LASF173
 1697 0cb0 09       		.byte	0x9
 1698 0cb1 5101     		.2byte	0x151
 1699 0cb3 19       		.byte	0x19
 1700 0cb4 5D0D0000 		.4byte	0xd5d
 1701 0cb8 08       		.byte	0x8
 1702 0cb9 18       		.uleb128 0x18
 1703 0cba 68040000 		.4byte	.LASF177
 1704 0cbe 09       		.byte	0x9
 1705 0cbf 5901     		.2byte	0x159
 1706 0cc1 19       		.byte	0x19
 1707 0cc2 510D0000 		.4byte	0xd51
 1708 0cc6 0C       		.byte	0xc
 1709 0cc7 00       		.byte	0
 1710 0cc8 03       		.uleb128 0x3
ARM GAS  /tmp/ccySdW0H.s 			page 31


 1711 0cc9 CA040000 		.4byte	.LASF178
 1712 0ccd 08       		.byte	0x8
 1713 0cce 60       		.byte	0x60
 1714 0ccf 20       		.byte	0x20
 1715 0cd0 D40C0000 		.4byte	0xcd4
 1716 0cd4 1B       		.uleb128 0x1b
 1717 0cd5 B5110000 		.4byte	.LASF179
 1718 0cd9 04       		.byte	0x4
 1719 0cda 09       		.byte	0x9
 1720 0cdb 7101     		.2byte	0x171
 1721 0cdd 08       		.byte	0x8
 1722 0cde F10C0000 		.4byte	0xcf1
 1723 0ce2 18       		.uleb128 0x18
 1724 0ce3 71040000 		.4byte	.LASF180
 1725 0ce7 09       		.byte	0x9
 1726 0ce8 7901     		.2byte	0x179
 1727 0cea 24       		.byte	0x24
 1728 0ceb 3D060000 		.4byte	0x63d
 1729 0cef 00       		.byte	0
 1730 0cf0 00       		.byte	0
 1731 0cf1 03       		.uleb128 0x3
 1732 0cf2 8D140000 		.4byte	.LASF181
 1733 0cf6 08       		.byte	0x8
 1734 0cf7 65       		.byte	0x65
 1735 0cf8 1A       		.byte	0x1a
 1736 0cf9 FD0C0000 		.4byte	0xcfd
 1737 0cfd 1B       		.uleb128 0x1b
 1738 0cfe DE130000 		.4byte	.LASF182
 1739 0d02 74       		.byte	0x74
 1740 0d03 09       		.byte	0x9
 1741 0d04 9101     		.2byte	0x191
 1742 0d06 08       		.byte	0x8
 1743 0d07 510D0000 		.4byte	0xd51
 1744 0d0b 18       		.uleb128 0x18
 1745 0d0c 88100000 		.4byte	.LASF183
 1746 0d10 09       		.byte	0x9
 1747 0d11 9501     		.2byte	0x195
 1748 0d13 19       		.byte	0x19
 1749 0d14 960B0000 		.4byte	0xb96
 1750 0d18 00       		.byte	0
 1751 0d19 18       		.uleb128 0x18
 1752 0d1a 39120000 		.4byte	.LASF184
 1753 0d1e 09       		.byte	0x9
 1754 0d1f 9901     		.2byte	0x199
 1755 0d21 19       		.byte	0x19
 1756 0d22 750C0000 		.4byte	0xc75
 1757 0d26 18       		.byte	0x18
 1758 0d27 21       		.uleb128 0x21
 1759 0d28 64626700 		.ascii	"dbg\000"
 1760 0d2c 09       		.byte	0x9
 1761 0d2d 9D01     		.2byte	0x19d
 1762 0d2f 19       		.byte	0x19
 1763 0d30 C80C0000 		.4byte	0xcc8
 1764 0d34 28       		.byte	0x28
 1765 0d35 18       		.uleb128 0x18
 1766 0d36 940F0000 		.4byte	.LASF185
 1767 0d3a 09       		.byte	0x9
ARM GAS  /tmp/ccySdW0H.s 			page 32


 1768 0d3b A101     		.2byte	0x1a1
 1769 0d3d 19       		.byte	0x19
 1770 0d3e 2D0A0000 		.4byte	0xa2d
 1771 0d42 2C       		.byte	0x2c
 1772 0d43 21       		.uleb128 0x21
 1773 0d44 746D00   		.ascii	"tm\000"
 1774 0d47 09       		.byte	0x9
 1775 0d48 A601     		.2byte	0x1a6
 1776 0d4a 19       		.byte	0x19
 1777 0d4b A90F0000 		.4byte	0xfa9
 1778 0d4f 70       		.byte	0x70
 1779 0d50 00       		.byte	0
 1780 0d51 03       		.uleb128 0x3
 1781 0d52 4A000000 		.4byte	.LASF186
 1782 0d56 0A       		.byte	0xa
 1783 0d57 6D       		.byte	0x6d
 1784 0d58 12       		.byte	0x12
 1785 0d59 A4090000 		.4byte	0x9a4
 1786 0d5d 03       		.uleb128 0x3
 1787 0d5e 9F0A0000 		.4byte	.LASF187
 1788 0d62 0A       		.byte	0xa
 1789 0d63 79       		.byte	0x79
 1790 0d64 12       		.byte	0x12
 1791 0d65 A4090000 		.4byte	0x9a4
 1792 0d69 20       		.uleb128 0x20
 1793 0d6a 510B0000 		.4byte	.LASF188
 1794 0d6e 0B       		.byte	0xb
 1795 0d6f 0408     		.2byte	0x804
 1796 0d71 19       		.byte	0x19
 1797 0d72 9F090000 		.4byte	0x99f
 1798 0d76 22       		.uleb128 0x22
 1799 0d77 69080000 		.4byte	.LASF189
 1800 0d7b 0C       		.byte	0xc
 1801 0d7c 4C       		.byte	0x4c
 1802 0d7d 11       		.byte	0x11
 1803 0d7e A4090000 		.4byte	0x9a4
 1804 0d82 0A       		.uleb128 0xa
 1805 0d83 7D090000 		.4byte	0x97d
 1806 0d87 920D0000 		.4byte	0xd92
 1807 0d8b 0B       		.uleb128 0xb
 1808 0d8c 30000000 		.4byte	0x30
 1809 0d90 0F       		.byte	0xf
 1810 0d91 00       		.byte	0
 1811 0d92 0F       		.uleb128 0xf
 1812 0d93 820D0000 		.4byte	0xd82
 1813 0d97 22       		.uleb128 0x22
 1814 0d98 500E0000 		.4byte	.LASF190
 1815 0d9c 0C       		.byte	0xc
 1816 0d9d 4E       		.byte	0x4e
 1817 0d9e 17       		.byte	0x17
 1818 0d9f 920D0000 		.4byte	0xd92
 1819 0da3 0A       		.uleb128 0xa
 1820 0da4 7D090000 		.4byte	0x97d
 1821 0da8 B30D0000 		.4byte	0xdb3
 1822 0dac 0B       		.uleb128 0xb
 1823 0dad 30000000 		.4byte	0x30
 1824 0db1 07       		.byte	0x7
ARM GAS  /tmp/ccySdW0H.s 			page 33


 1825 0db2 00       		.byte	0
 1826 0db3 0F       		.uleb128 0xf
 1827 0db4 A30D0000 		.4byte	0xda3
 1828 0db8 22       		.uleb128 0x22
 1829 0db9 0E110000 		.4byte	.LASF191
 1830 0dbd 0C       		.byte	0xc
 1831 0dbe 4F       		.byte	0x4f
 1832 0dbf 17       		.byte	0x17
 1833 0dc0 B30D0000 		.4byte	0xdb3
 1834 0dc4 0C       		.uleb128 0xc
 1835 0dc5 18       		.byte	0x18
 1836 0dc6 0D       		.byte	0xd
 1837 0dc7 E8       		.byte	0xe8
 1838 0dc8 09       		.byte	0x9
 1839 0dc9 1B0E0000 		.4byte	0xe1b
 1840 0dcd 11       		.uleb128 0x11
 1841 0dce 435200   		.ascii	"CR\000"
 1842 0dd1 0D       		.byte	0xd
 1843 0dd2 EA       		.byte	0xea
 1844 0dd3 11       		.byte	0x11
 1845 0dd4 B0090000 		.4byte	0x9b0
 1846 0dd8 00       		.byte	0
 1847 0dd9 0D       		.uleb128 0xd
 1848 0dda F5140000 		.4byte	.LASF192
 1849 0dde 0D       		.byte	0xd
 1850 0ddf EB       		.byte	0xeb
 1851 0de0 11       		.byte	0x11
 1852 0de1 B0090000 		.4byte	0x9b0
 1853 0de5 04       		.byte	0x4
 1854 0de6 11       		.uleb128 0x11
 1855 0de7 50415200 		.ascii	"PAR\000"
 1856 0deb 0D       		.byte	0xd
 1857 0dec EC       		.byte	0xec
 1858 0ded 11       		.byte	0x11
 1859 0dee B0090000 		.4byte	0x9b0
 1860 0df2 08       		.byte	0x8
 1861 0df3 0D       		.uleb128 0xd
 1862 0df4 04110000 		.4byte	.LASF193
 1863 0df8 0D       		.byte	0xd
 1864 0df9 ED       		.byte	0xed
 1865 0dfa 11       		.byte	0x11
 1866 0dfb B0090000 		.4byte	0x9b0
 1867 0dff 0C       		.byte	0xc
 1868 0e00 0D       		.uleb128 0xd
 1869 0e01 08000000 		.4byte	.LASF194
 1870 0e05 0D       		.byte	0xd
 1871 0e06 EE       		.byte	0xee
 1872 0e07 11       		.byte	0x11
 1873 0e08 B0090000 		.4byte	0x9b0
 1874 0e0c 10       		.byte	0x10
 1875 0e0d 11       		.uleb128 0x11
 1876 0e0e 46435200 		.ascii	"FCR\000"
 1877 0e12 0D       		.byte	0xd
 1878 0e13 EF       		.byte	0xef
 1879 0e14 11       		.byte	0x11
 1880 0e15 B0090000 		.4byte	0x9b0
 1881 0e19 14       		.byte	0x14
ARM GAS  /tmp/ccySdW0H.s 			page 34


 1882 0e1a 00       		.byte	0
 1883 0e1b 03       		.uleb128 0x3
 1884 0e1c 3A0D0000 		.4byte	.LASF195
 1885 0e20 0D       		.byte	0xd
 1886 0e21 F0       		.byte	0xf0
 1887 0e22 03       		.byte	0x3
 1888 0e23 C40D0000 		.4byte	0xdc4
 1889 0e27 0A       		.uleb128 0xa
 1890 0e28 B0090000 		.4byte	0x9b0
 1891 0e2c 370E0000 		.4byte	0xe37
 1892 0e30 0B       		.uleb128 0xb
 1893 0e31 30000000 		.4byte	0x30
 1894 0e35 01       		.byte	0x1
 1895 0e36 00       		.byte	0
 1896 0e37 1A       		.uleb128 0x1a
 1897 0e38 270E0000 		.4byte	0xe27
 1898 0e3c 0A       		.uleb128 0xa
 1899 0e3d B0090000 		.4byte	0x9b0
 1900 0e41 4C0E0000 		.4byte	0xe4c
 1901 0e45 0B       		.uleb128 0xb
 1902 0e46 30000000 		.4byte	0x30
 1903 0e4a 03       		.byte	0x3
 1904 0e4b 00       		.byte	0
 1905 0e4c 1A       		.uleb128 0x1a
 1906 0e4d 3C0E0000 		.4byte	0xe3c
 1907 0e51 1C       		.uleb128 0x1c
 1908 0e52 1C       		.byte	0x1c
 1909 0e53 0D       		.byte	0xd
 1910 0e54 0502     		.2byte	0x205
 1911 0e56 09       		.byte	0x9
 1912 0e57 BC0E0000 		.4byte	0xebc
 1913 0e5b 21       		.uleb128 0x21
 1914 0e5c 535200   		.ascii	"SR\000"
 1915 0e5f 0D       		.byte	0xd
 1916 0e60 0702     		.2byte	0x207
 1917 0e62 11       		.byte	0x11
 1918 0e63 B0090000 		.4byte	0x9b0
 1919 0e67 00       		.byte	0
 1920 0e68 21       		.uleb128 0x21
 1921 0e69 445200   		.ascii	"DR\000"
 1922 0e6c 0D       		.byte	0xd
 1923 0e6d 0802     		.2byte	0x208
 1924 0e6f 11       		.byte	0x11
 1925 0e70 B0090000 		.4byte	0x9b0
 1926 0e74 04       		.byte	0x4
 1927 0e75 21       		.uleb128 0x21
 1928 0e76 42525200 		.ascii	"BRR\000"
 1929 0e7a 0D       		.byte	0xd
 1930 0e7b 0902     		.2byte	0x209
 1931 0e7d 11       		.byte	0x11
 1932 0e7e B0090000 		.4byte	0x9b0
 1933 0e82 08       		.byte	0x8
 1934 0e83 21       		.uleb128 0x21
 1935 0e84 43523100 		.ascii	"CR1\000"
 1936 0e88 0D       		.byte	0xd
 1937 0e89 0A02     		.2byte	0x20a
 1938 0e8b 11       		.byte	0x11
ARM GAS  /tmp/ccySdW0H.s 			page 35


 1939 0e8c B0090000 		.4byte	0x9b0
 1940 0e90 0C       		.byte	0xc
 1941 0e91 21       		.uleb128 0x21
 1942 0e92 43523200 		.ascii	"CR2\000"
 1943 0e96 0D       		.byte	0xd
 1944 0e97 0B02     		.2byte	0x20b
 1945 0e99 11       		.byte	0x11
 1946 0e9a B0090000 		.4byte	0x9b0
 1947 0e9e 10       		.byte	0x10
 1948 0e9f 21       		.uleb128 0x21
 1949 0ea0 43523300 		.ascii	"CR3\000"
 1950 0ea4 0D       		.byte	0xd
 1951 0ea5 0C02     		.2byte	0x20c
 1952 0ea7 11       		.byte	0x11
 1953 0ea8 B0090000 		.4byte	0x9b0
 1954 0eac 14       		.byte	0x14
 1955 0ead 18       		.uleb128 0x18
 1956 0eae E90A0000 		.4byte	.LASF196
 1957 0eb2 0D       		.byte	0xd
 1958 0eb3 0D02     		.2byte	0x20d
 1959 0eb5 11       		.byte	0x11
 1960 0eb6 B0090000 		.4byte	0x9b0
 1961 0eba 18       		.byte	0x18
 1962 0ebb 00       		.byte	0
 1963 0ebc 07       		.uleb128 0x7
 1964 0ebd D6050000 		.4byte	.LASF197
 1965 0ec1 0D       		.byte	0xd
 1966 0ec2 0E02     		.2byte	0x20e
 1967 0ec4 03       		.byte	0x3
 1968 0ec5 510E0000 		.4byte	0xe51
 1969 0ec9 0A       		.uleb128 0xa
 1970 0eca B0090000 		.4byte	0x9b0
 1971 0ece D90E0000 		.4byte	0xed9
 1972 0ed2 0B       		.uleb128 0xb
 1973 0ed3 30000000 		.4byte	0x30
 1974 0ed7 0E       		.byte	0xe
 1975 0ed8 00       		.byte	0
 1976 0ed9 1A       		.uleb128 0x1a
 1977 0eda C90E0000 		.4byte	0xec9
 1978 0ede 03       		.uleb128 0x3
 1979 0edf CB050000 		.4byte	.LASF198
 1980 0ee3 0E       		.byte	0xe
 1981 0ee4 68       		.byte	0x68
 1982 0ee5 12       		.byte	0x12
 1983 0ee6 B5090000 		.4byte	0x9b5
 1984 0eea 1B       		.uleb128 0x1b
 1985 0eeb D90D0000 		.4byte	.LASF199
 1986 0eef 24       		.byte	0x24
 1987 0ef0 0F       		.byte	0xf
 1988 0ef1 8501     		.2byte	0x185
 1989 0ef3 08       		.byte	0x8
 1990 0ef4 700F0000 		.4byte	0xf70
 1991 0ef8 21       		.uleb128 0x21
 1992 0ef9 723400   		.ascii	"r4\000"
 1993 0efc 0F       		.byte	0xf
 1994 0efd 9E01     		.2byte	0x19e
 1995 0eff 11       		.byte	0x11
ARM GAS  /tmp/ccySdW0H.s 			page 36


 1996 0f00 A4090000 		.4byte	0x9a4
 1997 0f04 00       		.byte	0
 1998 0f05 21       		.uleb128 0x21
 1999 0f06 723500   		.ascii	"r5\000"
 2000 0f09 0F       		.byte	0xf
 2001 0f0a 9F01     		.2byte	0x19f
 2002 0f0c 11       		.byte	0x11
 2003 0f0d A4090000 		.4byte	0x9a4
 2004 0f11 04       		.byte	0x4
 2005 0f12 21       		.uleb128 0x21
 2006 0f13 723600   		.ascii	"r6\000"
 2007 0f16 0F       		.byte	0xf
 2008 0f17 A001     		.2byte	0x1a0
 2009 0f19 11       		.byte	0x11
 2010 0f1a A4090000 		.4byte	0x9a4
 2011 0f1e 08       		.byte	0x8
 2012 0f1f 21       		.uleb128 0x21
 2013 0f20 723700   		.ascii	"r7\000"
 2014 0f23 0F       		.byte	0xf
 2015 0f24 A101     		.2byte	0x1a1
 2016 0f26 11       		.byte	0x11
 2017 0f27 A4090000 		.4byte	0x9a4
 2018 0f2b 0C       		.byte	0xc
 2019 0f2c 21       		.uleb128 0x21
 2020 0f2d 723800   		.ascii	"r8\000"
 2021 0f30 0F       		.byte	0xf
 2022 0f31 A201     		.2byte	0x1a2
 2023 0f33 11       		.byte	0x11
 2024 0f34 A4090000 		.4byte	0x9a4
 2025 0f38 10       		.byte	0x10
 2026 0f39 21       		.uleb128 0x21
 2027 0f3a 723900   		.ascii	"r9\000"
 2028 0f3d 0F       		.byte	0xf
 2029 0f3e A301     		.2byte	0x1a3
 2030 0f40 11       		.byte	0x11
 2031 0f41 A4090000 		.4byte	0x9a4
 2032 0f45 14       		.byte	0x14
 2033 0f46 21       		.uleb128 0x21
 2034 0f47 72313000 		.ascii	"r10\000"
 2035 0f4b 0F       		.byte	0xf
 2036 0f4c A401     		.2byte	0x1a4
 2037 0f4e 11       		.byte	0x11
 2038 0f4f A4090000 		.4byte	0x9a4
 2039 0f53 18       		.byte	0x18
 2040 0f54 21       		.uleb128 0x21
 2041 0f55 72313100 		.ascii	"r11\000"
 2042 0f59 0F       		.byte	0xf
 2043 0f5a A501     		.2byte	0x1a5
 2044 0f5c 11       		.byte	0x11
 2045 0f5d A4090000 		.4byte	0x9a4
 2046 0f61 1C       		.byte	0x1c
 2047 0f62 21       		.uleb128 0x21
 2048 0f63 6C7200   		.ascii	"lr\000"
 2049 0f66 0F       		.byte	0xf
 2050 0f67 A601     		.2byte	0x1a6
 2051 0f69 11       		.byte	0x11
 2052 0f6a A4090000 		.4byte	0x9a4
ARM GAS  /tmp/ccySdW0H.s 			page 37


 2053 0f6e 20       		.byte	0x20
 2054 0f6f 00       		.byte	0
 2055 0f70 1B       		.uleb128 0x1b
 2056 0f71 B6120000 		.4byte	.LASF200
 2057 0f75 04       		.byte	0x4
 2058 0f76 0F       		.byte	0xf
 2059 0f77 A901     		.2byte	0x1a9
 2060 0f79 08       		.byte	0x8
 2061 0f7a 8C0F0000 		.4byte	0xf8c
 2062 0f7e 21       		.uleb128 0x21
 2063 0f7f 737000   		.ascii	"sp\000"
 2064 0f82 0F       		.byte	0xf
 2065 0f83 AA01     		.2byte	0x1aa
 2066 0f85 1A       		.byte	0x1a
 2067 0f86 8C0F0000 		.4byte	0xf8c
 2068 0f8a 00       		.byte	0
 2069 0f8b 00       		.byte	0
 2070 0f8c 05       		.uleb128 0x5
 2071 0f8d 04       		.byte	0x4
 2072 0f8e EA0E0000 		.4byte	0xeea
 2073 0f92 0C       		.uleb128 0xc
 2074 0f93 04       		.byte	0x4
 2075 0f94 10       		.byte	0x10
 2076 0f95 38       		.byte	0x38
 2077 0f96 09       		.byte	0x9
 2078 0f97 A90F0000 		.4byte	0xfa9
 2079 0f9b 0D       		.uleb128 0xd
 2080 0f9c E30C0000 		.4byte	.LASF201
 2081 0fa0 10       		.byte	0x10
 2082 0fa1 3C       		.byte	0x3c
 2083 0fa2 19       		.byte	0x19
 2084 0fa3 C1090000 		.4byte	0x9c1
 2085 0fa7 00       		.byte	0
 2086 0fa8 00       		.byte	0
 2087 0fa9 03       		.uleb128 0x3
 2088 0faa F3100000 		.4byte	.LASF202
 2089 0fae 10       		.byte	0x10
 2090 0faf 3D       		.byte	0x3d
 2091 0fb0 03       		.byte	0x3
 2092 0fb1 920F0000 		.4byte	0xf92
 2093 0fb5 08       		.uleb128 0x8
 2094 0fb6 04       		.byte	0x4
 2095 0fb7 09       		.byte	0x9
 2096 0fb8 C9       		.byte	0xc9
 2097 0fb9 03       		.byte	0x3
 2098 0fba 20100000 		.4byte	0x1020
 2099 0fbe 09       		.uleb128 0x9
 2100 0fbf 4D140000 		.4byte	.LASF203
 2101 0fc3 09       		.byte	0x9
 2102 0fc4 D0       		.byte	0xd0
 2103 0fc5 19       		.byte	0x19
 2104 0fc6 FD090000 		.4byte	0x9fd
 2105 0fca 09       		.uleb128 0x9
 2106 0fcb 3D020000 		.4byte	.LASF204
 2107 0fcf 09       		.byte	0x9
 2108 0fd0 D7       		.byte	0xd7
 2109 0fd1 19       		.byte	0x19
ARM GAS  /tmp/ccySdW0H.s 			page 38


 2110 0fd2 FD090000 		.4byte	0x9fd
 2111 0fd6 09       		.uleb128 0x9
 2112 0fd7 7F050000 		.4byte	.LASF205
 2113 0fdb 09       		.byte	0x9
 2114 0fdc DE       		.byte	0xde
 2115 0fdd 1A       		.byte	0x1a
 2116 0fde 68010000 		.4byte	0x168
 2117 0fe2 09       		.uleb128 0x9
 2118 0fe3 3B040000 		.4byte	.LASF206
 2119 0fe7 09       		.byte	0x9
 2120 0fe8 E5       		.byte	0xe5
 2121 0fe9 1A       		.byte	0x1a
 2122 0fea 20100000 		.4byte	0x1020
 2123 0fee 09       		.uleb128 0x9
 2124 0fef D10D0000 		.4byte	.LASF207
 2125 0ff3 09       		.byte	0x9
 2126 0ff4 EA       		.byte	0xea
 2127 0ff5 19       		.byte	0x19
 2128 0ff6 FD090000 		.4byte	0x9fd
 2129 0ffa 09       		.uleb128 0x9
 2130 0ffb A5150000 		.4byte	.LASF208
 2131 0fff 09       		.byte	0x9
 2132 1000 F3       		.byte	0xf3
 2133 1001 1A       		.byte	0x1a
 2134 1002 4E100000 		.4byte	0x104e
 2135 1006 09       		.uleb128 0x9
 2136 1007 06070000 		.4byte	.LASF209
 2137 100b 09       		.byte	0x9
 2138 100c FC       		.byte	0xfc
 2139 100d 1A       		.byte	0x1a
 2140 100e 89100000 		.4byte	0x1089
 2141 1012 1E       		.uleb128 0x1e
 2142 1013 ED030000 		.4byte	.LASF210
 2143 1017 09       		.byte	0x9
 2144 1018 0401     		.2byte	0x104
 2145 101a 19       		.byte	0x19
 2146 101b 090A0000 		.4byte	0xa09
 2147 101f 00       		.byte	0
 2148 1020 05       		.uleb128 0x5
 2149 1021 04       		.byte	0x4
 2150 1022 290B0000 		.4byte	0xb29
 2151 1026 10       		.uleb128 0x10
 2152 1027 79080000 		.4byte	.LASF211
 2153 102b 0C       		.byte	0xc
 2154 102c 11       		.byte	0x11
 2155 102d 34       		.byte	0x34
 2156 102e 10       		.byte	0x10
 2157 102f 4E100000 		.4byte	0x104e
 2158 1033 0D       		.uleb128 0xd
 2159 1034 570F0000 		.4byte	.LASF145
 2160 1038 11       		.byte	0x11
 2161 1039 35       		.byte	0x35
 2162 103a 19       		.byte	0x19
 2163 103b 620B0000 		.4byte	0xb62
 2164 103f 00       		.byte	0
 2165 1040 11       		.uleb128 0x11
 2166 1041 636E7400 		.ascii	"cnt\000"
ARM GAS  /tmp/ccySdW0H.s 			page 39


 2167 1045 11       		.byte	0x11
 2168 1046 37       		.byte	0x37
 2169 1047 19       		.byte	0x19
 2170 1048 150A0000 		.4byte	0xa15
 2171 104c 08       		.byte	0x8
 2172 104d 00       		.byte	0
 2173 104e 05       		.uleb128 0x5
 2174 104f 04       		.byte	0x4
 2175 1050 26100000 		.4byte	0x1026
 2176 1054 10       		.uleb128 0x10
 2177 1055 58110000 		.4byte	.LASF212
 2178 1059 10       		.byte	0x10
 2179 105a 12       		.byte	0x12
 2180 105b 39       		.byte	0x39
 2181 105c 08       		.byte	0x8
 2182 105d 89100000 		.4byte	0x1089
 2183 1061 0D       		.uleb128 0xd
 2184 1062 570F0000 		.4byte	.LASF145
 2185 1066 12       		.byte	0x12
 2186 1067 3A       		.byte	0x3a
 2187 1068 19       		.byte	0x19
 2188 1069 620B0000 		.4byte	0xb62
 2189 106d 00       		.byte	0
 2190 106e 0D       		.uleb128 0xd
 2191 106f 65000000 		.4byte	.LASF213
 2192 1073 12       		.byte	0x12
 2193 1074 3C       		.byte	0x3c
 2194 1075 1A       		.byte	0x1a
 2195 1076 350B0000 		.4byte	0xb35
 2196 107a 08       		.byte	0x8
 2197 107b 0D       		.uleb128 0xd
 2198 107c 49150000 		.4byte	.LASF163
 2199 1080 12       		.byte	0x12
 2200 1081 3E       		.byte	0x3e
 2201 1082 1A       		.byte	0x1a
 2202 1083 EC110000 		.4byte	0x11ec
 2203 1087 0C       		.byte	0xc
 2204 1088 00       		.byte	0
 2205 1089 05       		.uleb128 0x5
 2206 108a 04       		.byte	0x4
 2207 108b 54100000 		.4byte	0x1054
 2208 108f 05       		.uleb128 0x5
 2209 1090 04       		.byte	0x4
 2210 1091 DE0E0000 		.4byte	0xede
 2211 1095 05       		.uleb128 0x5
 2212 1096 04       		.byte	0x4
 2213 1097 140C0000 		.4byte	0xc14
 2214 109b 23       		.uleb128 0x23
 2215 109c 636800   		.ascii	"ch\000"
 2216 109f 09       		.byte	0x9
 2217 10a0 C801     		.2byte	0x1c8
 2218 10a2 14       		.byte	0x14
 2219 10a3 F10C0000 		.4byte	0xcf1
 2220 10a7 0A       		.uleb128 0xa
 2221 10a8 DE0E0000 		.4byte	0xede
 2222 10ac B2100000 		.4byte	0x10b2
 2223 10b0 24       		.uleb128 0x24
ARM GAS  /tmp/ccySdW0H.s 			page 40


 2224 10b1 00       		.byte	0
 2225 10b2 20       		.uleb128 0x20
 2226 10b3 C7080000 		.4byte	.LASF214
 2227 10b7 13       		.byte	0x13
 2228 10b8 1701     		.2byte	0x117
 2229 10ba 13       		.byte	0x13
 2230 10bb A7100000 		.4byte	0x10a7
 2231 10bf 0C       		.uleb128 0xc
 2232 10c0 16       		.byte	0x16
 2233 10c1 14       		.byte	0x14
 2234 10c2 34       		.byte	0x34
 2235 10c3 09       		.byte	0x9
 2236 10c4 B3110000 		.4byte	0x11b3
 2237 10c8 0D       		.uleb128 0xd
 2238 10c9 6F150000 		.4byte	.LASF215
 2239 10cd 14       		.byte	0x14
 2240 10ce 35       		.byte	0x35
 2241 10cf 0D       		.byte	0xd
 2242 10d0 B3110000 		.4byte	0x11b3
 2243 10d4 00       		.byte	0
 2244 10d5 0D       		.uleb128 0xd
 2245 10d6 F7020000 		.4byte	.LASF216
 2246 10da 14       		.byte	0x14
 2247 10db 36       		.byte	0x36
 2248 10dc 0D       		.byte	0xd
 2249 10dd 71090000 		.4byte	0x971
 2250 10e1 04       		.byte	0x4
 2251 10e2 0D       		.uleb128 0xd
 2252 10e3 910E0000 		.4byte	.LASF217
 2253 10e7 14       		.byte	0x14
 2254 10e8 37       		.byte	0x37
 2255 10e9 0D       		.byte	0xd
 2256 10ea 71090000 		.4byte	0x971
 2257 10ee 05       		.byte	0x5
 2258 10ef 0D       		.uleb128 0xd
 2259 10f0 B10F0000 		.4byte	.LASF218
 2260 10f4 14       		.byte	0x14
 2261 10f5 38       		.byte	0x38
 2262 10f6 0D       		.byte	0xd
 2263 10f7 82090000 		.4byte	0x982
 2264 10fb 06       		.byte	0x6
 2265 10fc 0D       		.uleb128 0xd
 2266 10fd 2F060000 		.4byte	.LASF219
 2267 1101 14       		.byte	0x14
 2268 1102 39       		.byte	0x39
 2269 1103 0D       		.byte	0xd
 2270 1104 71090000 		.4byte	0x971
 2271 1108 08       		.byte	0x8
 2272 1109 0D       		.uleb128 0xd
 2273 110a CB140000 		.4byte	.LASF220
 2274 110e 14       		.byte	0x14
 2275 110f 3A       		.byte	0x3a
 2276 1110 0D       		.byte	0xd
 2277 1111 71090000 		.4byte	0x971
 2278 1115 09       		.byte	0x9
 2279 1116 0D       		.uleb128 0xd
 2280 1117 20080000 		.4byte	.LASF221
ARM GAS  /tmp/ccySdW0H.s 			page 41


 2281 111b 14       		.byte	0x14
 2282 111c 3B       		.byte	0x3b
 2283 111d 0D       		.byte	0xd
 2284 111e 71090000 		.4byte	0x971
 2285 1122 0A       		.byte	0xa
 2286 1123 0D       		.uleb128 0xd
 2287 1124 84010000 		.4byte	.LASF222
 2288 1128 14       		.byte	0x14
 2289 1129 3C       		.byte	0x3c
 2290 112a 0D       		.byte	0xd
 2291 112b 71090000 		.4byte	0x971
 2292 112f 0B       		.byte	0xb
 2293 1130 0D       		.uleb128 0xd
 2294 1131 00000000 		.4byte	.LASF223
 2295 1135 14       		.byte	0x14
 2296 1136 3D       		.byte	0x3d
 2297 1137 0D       		.byte	0xd
 2298 1138 71090000 		.4byte	0x971
 2299 113c 0C       		.byte	0xc
 2300 113d 0D       		.uleb128 0xd
 2301 113e 8E0B0000 		.4byte	.LASF224
 2302 1142 14       		.byte	0x14
 2303 1143 3E       		.byte	0x3e
 2304 1144 0D       		.byte	0xd
 2305 1145 71090000 		.4byte	0x971
 2306 1149 0D       		.byte	0xd
 2307 114a 0D       		.uleb128 0xd
 2308 114b 23020000 		.4byte	.LASF225
 2309 114f 14       		.byte	0x14
 2310 1150 3F       		.byte	0x3f
 2311 1151 0D       		.byte	0xd
 2312 1152 71090000 		.4byte	0x971
 2313 1156 0E       		.byte	0xe
 2314 1157 0D       		.uleb128 0xd
 2315 1158 E00E0000 		.4byte	.LASF226
 2316 115c 14       		.byte	0x14
 2317 115d 40       		.byte	0x40
 2318 115e 0D       		.byte	0xd
 2319 115f 71090000 		.4byte	0x971
 2320 1163 0F       		.byte	0xf
 2321 1164 0D       		.uleb128 0xd
 2322 1165 98090000 		.4byte	.LASF227
 2323 1169 14       		.byte	0x14
 2324 116a 41       		.byte	0x41
 2325 116b 0D       		.byte	0xd
 2326 116c 71090000 		.4byte	0x971
 2327 1170 10       		.byte	0x10
 2328 1171 0D       		.uleb128 0xd
 2329 1172 F7070000 		.4byte	.LASF228
 2330 1176 14       		.byte	0x14
 2331 1177 42       		.byte	0x42
 2332 1178 0D       		.byte	0xd
 2333 1179 71090000 		.4byte	0x971
 2334 117d 11       		.byte	0x11
 2335 117e 0D       		.uleb128 0xd
 2336 117f 12150000 		.4byte	.LASF229
 2337 1183 14       		.byte	0x14
ARM GAS  /tmp/ccySdW0H.s 			page 42


 2338 1184 43       		.byte	0x43
 2339 1185 0D       		.byte	0xd
 2340 1186 71090000 		.4byte	0x971
 2341 118a 12       		.byte	0x12
 2342 118b 0D       		.uleb128 0xd
 2343 118c B6050000 		.4byte	.LASF230
 2344 1190 14       		.byte	0x14
 2345 1191 44       		.byte	0x44
 2346 1192 0D       		.byte	0xd
 2347 1193 71090000 		.4byte	0x971
 2348 1197 13       		.byte	0x13
 2349 1198 0D       		.uleb128 0xd
 2350 1199 54000000 		.4byte	.LASF231
 2351 119d 14       		.byte	0x14
 2352 119e 45       		.byte	0x45
 2353 119f 0D       		.byte	0xd
 2354 11a0 71090000 		.4byte	0x971
 2355 11a4 14       		.byte	0x14
 2356 11a5 0D       		.uleb128 0xd
 2357 11a6 94060000 		.4byte	.LASF232
 2358 11aa 14       		.byte	0x14
 2359 11ab 46       		.byte	0x46
 2360 11ac 0D       		.byte	0xd
 2361 11ad 71090000 		.4byte	0x971
 2362 11b1 15       		.byte	0x15
 2363 11b2 00       		.byte	0
 2364 11b3 0A       		.uleb128 0xa
 2365 11b4 70010000 		.4byte	0x170
 2366 11b8 C3110000 		.4byte	0x11c3
 2367 11bc 0B       		.uleb128 0xb
 2368 11bd 30000000 		.4byte	0x30
 2369 11c1 03       		.byte	0x3
 2370 11c2 00       		.byte	0
 2371 11c3 03       		.uleb128 0x3
 2372 11c4 99140000 		.4byte	.LASF233
 2373 11c8 14       		.byte	0x14
 2374 11c9 47       		.byte	0x47
 2375 11ca 03       		.byte	0x3
 2376 11cb BF100000 		.4byte	0x10bf
 2377 11cf 0F       		.uleb128 0xf
 2378 11d0 C3110000 		.4byte	0x11c3
 2379 11d4 22       		.uleb128 0x22
 2380 11d5 79000000 		.4byte	.LASF234
 2381 11d9 14       		.byte	0x14
 2382 11da 6C       		.byte	0x6c
 2383 11db 1D       		.byte	0x1d
 2384 11dc CF110000 		.4byte	0x11cf
 2385 11e0 03       		.uleb128 0x3
 2386 11e1 97120000 		.4byte	.LASF235
 2387 11e5 12       		.byte	0x12
 2388 11e6 34       		.byte	0x34
 2389 11e7 19       		.byte	0x19
 2390 11e8 54100000 		.4byte	0x1054
 2391 11ec 05       		.uleb128 0x5
 2392 11ed 04       		.byte	0x4
 2393 11ee E0110000 		.4byte	0x11e0
 2394 11f2 04       		.uleb128 0x4
ARM GAS  /tmp/ccySdW0H.s 			page 43


 2395 11f3 01       		.byte	0x1
 2396 11f4 02       		.byte	0x2
 2397 11f5 F3040000 		.4byte	.LASF236
 2398 11f9 03       		.uleb128 0x3
 2399 11fa 820D0000 		.4byte	.LASF237
 2400 11fe 15       		.byte	0x15
 2401 11ff 47       		.byte	0x47
 2402 1200 11       		.byte	0x11
 2403 1201 05120000 		.4byte	0x1205
 2404 1205 05       		.uleb128 0x5
 2405 1206 04       		.byte	0x4
 2406 1207 0B120000 		.4byte	0x120b
 2407 120b 15       		.uleb128 0x15
 2408 120c 68010000 		.4byte	0x168
 2409 1210 1F120000 		.4byte	0x121f
 2410 1214 16       		.uleb128 0x16
 2411 1215 24000000 		.4byte	0x24
 2412 1219 16       		.uleb128 0x16
 2413 121a 30000000 		.4byte	0x30
 2414 121e 00       		.byte	0
 2415 121f 0C       		.uleb128 0xc
 2416 1220 08       		.byte	0x8
 2417 1221 15       		.byte	0x15
 2418 1222 51       		.byte	0x51
 2419 1223 09       		.byte	0x9
 2420 1224 43120000 		.4byte	0x1243
 2421 1228 0D       		.uleb128 0xd
 2422 1229 AE120000 		.4byte	.LASF238
 2423 122d 15       		.byte	0x15
 2424 122e 55       		.byte	0x55
 2425 122f 0C       		.byte	0xc
 2426 1230 43120000 		.4byte	0x1243
 2427 1234 00       		.byte	0
 2428 1235 0D       		.uleb128 0xd
 2429 1236 2F0F0000 		.4byte	.LASF239
 2430 123a 15       		.byte	0x15
 2431 123b 59       		.byte	0x59
 2432 123c 0C       		.byte	0xc
 2433 123d 43120000 		.4byte	0x1243
 2434 1241 04       		.byte	0x4
 2435 1242 00       		.byte	0
 2436 1243 05       		.uleb128 0x5
 2437 1244 04       		.byte	0x4
 2438 1245 71090000 		.4byte	0x971
 2439 1249 03       		.uleb128 0x3
 2440 124a D7030000 		.4byte	.LASF240
 2441 124e 15       		.byte	0x15
 2442 124f 5A       		.byte	0x5a
 2443 1250 03       		.byte	0x3
 2444 1251 1F120000 		.4byte	0x121f
 2445 1255 22       		.uleb128 0x22
 2446 1256 07150000 		.4byte	.LASF241
 2447 125a 15       		.byte	0x15
 2448 125b 75       		.byte	0x75
 2449 125c 12       		.byte	0x12
 2450 125d 49120000 		.4byte	0x1249
 2451 1261 10       		.uleb128 0x10
ARM GAS  /tmp/ccySdW0H.s 			page 44


 2452 1262 A5090000 		.4byte	.LASF242
 2453 1266 04       		.byte	0x4
 2454 1267 16       		.byte	0x16
 2455 1268 38       		.byte	0x38
 2456 1269 08       		.byte	0x8
 2457 126a 7C120000 		.4byte	0x127c
 2458 126e 0D       		.uleb128 0xd
 2459 126f 49150000 		.4byte	.LASF163
 2460 1273 16       		.byte	0x16
 2461 1274 39       		.byte	0x39
 2462 1275 1A       		.byte	0x1a
 2463 1276 7C120000 		.4byte	0x127c
 2464 127a 00       		.byte	0
 2465 127b 00       		.byte	0
 2466 127c 05       		.uleb128 0x5
 2467 127d 04       		.byte	0x4
 2468 127e 61120000 		.4byte	0x1261
 2469 1282 0C       		.uleb128 0xc
 2470 1283 10       		.byte	0x10
 2471 1284 16       		.byte	0x16
 2472 1285 40       		.byte	0x40
 2473 1286 09       		.byte	0x9
 2474 1287 C0120000 		.4byte	0x12c0
 2475 128b 0D       		.uleb128 0xd
 2476 128c 49150000 		.4byte	.LASF163
 2477 1290 16       		.byte	0x16
 2478 1291 41       		.byte	0x41
 2479 1292 1A       		.byte	0x1a
 2480 1293 7C120000 		.4byte	0x127c
 2481 1297 00       		.byte	0
 2482 1298 0D       		.uleb128 0xd
 2483 1299 18120000 		.4byte	.LASF243
 2484 129d 16       		.byte	0x16
 2485 129e 42       		.byte	0x42
 2486 129f 19       		.byte	0x19
 2487 12a0 24000000 		.4byte	0x24
 2488 12a4 04       		.byte	0x4
 2489 12a5 0D       		.uleb128 0xd
 2490 12a6 3C0B0000 		.4byte	.LASF244
 2491 12aa 16       		.byte	0x16
 2492 12ab 44       		.byte	0x44
 2493 12ac 19       		.byte	0x19
 2494 12ad 30000000 		.4byte	0x30
 2495 12b1 08       		.byte	0x8
 2496 12b2 0D       		.uleb128 0xd
 2497 12b3 82000000 		.4byte	.LASF245
 2498 12b7 16       		.byte	0x16
 2499 12b8 45       		.byte	0x45
 2500 12b9 19       		.byte	0x19
 2501 12ba F9110000 		.4byte	0x11f9
 2502 12be 0C       		.byte	0xc
 2503 12bf 00       		.byte	0
 2504 12c0 03       		.uleb128 0x3
 2505 12c1 3E100000 		.4byte	.LASF246
 2506 12c5 16       		.byte	0x16
 2507 12c6 47       		.byte	0x47
 2508 12c7 03       		.byte	0x3
ARM GAS  /tmp/ccySdW0H.s 			page 45


 2509 12c8 82120000 		.4byte	0x1282
 2510 12cc 10       		.uleb128 0x10
 2511 12cd 57010000 		.4byte	.LASF247
 2512 12d1 10       		.byte	0x10
 2513 12d2 17       		.byte	0x17
 2514 12d3 A9       		.byte	0xa9
 2515 12d4 10       		.byte	0x10
 2516 12d5 01130000 		.4byte	0x1301
 2517 12d9 0D       		.uleb128 0xd
 2518 12da 49150000 		.4byte	.LASF163
 2519 12de 17       		.byte	0x17
 2520 12df AD       		.byte	0xad
 2521 12e0 1A       		.byte	0x1a
 2522 12e1 01130000 		.4byte	0x1301
 2523 12e5 00       		.byte	0
 2524 12e6 0D       		.uleb128 0xd
 2525 12e7 D90B0000 		.4byte	.LASF153
 2526 12eb 17       		.byte	0x17
 2527 12ec B1       		.byte	0xb1
 2528 12ed 19       		.byte	0x19
 2529 12ee 210A0000 		.4byte	0xa21
 2530 12f2 04       		.byte	0x4
 2531 12f3 0D       		.uleb128 0xd
 2532 12f4 09110000 		.4byte	.LASF149
 2533 12f8 17       		.byte	0x17
 2534 12f9 B3       		.byte	0xb3
 2535 12fa 19       		.byte	0x19
 2536 12fb 66080000 		.4byte	0x866
 2537 12ff 08       		.byte	0x8
 2538 1300 00       		.byte	0
 2539 1301 05       		.uleb128 0x5
 2540 1302 04       		.byte	0x4
 2541 1303 CC120000 		.4byte	0x12cc
 2542 1307 03       		.uleb128 0x3
 2543 1308 79120000 		.4byte	.LASF248
 2544 130c 17       		.byte	0x17
 2545 130d B7       		.byte	0xb7
 2546 130e 03       		.byte	0x3
 2547 130f CC120000 		.4byte	0x12cc
 2548 1313 10       		.uleb128 0x10
 2549 1314 63150000 		.4byte	.LASF249
 2550 1318 04       		.byte	0x4
 2551 1319 17       		.byte	0x17
 2552 131a BC       		.byte	0xbc
 2553 131b 10       		.byte	0x10
 2554 131c 2E130000 		.4byte	0x132e
 2555 1320 0D       		.uleb128 0xd
 2556 1321 49150000 		.4byte	.LASF163
 2557 1325 17       		.byte	0x17
 2558 1326 BD       		.byte	0xbd
 2559 1327 1A       		.byte	0x1a
 2560 1328 2E130000 		.4byte	0x132e
 2561 132c 00       		.byte	0
 2562 132d 00       		.byte	0
 2563 132e 05       		.uleb128 0x5
 2564 132f 04       		.byte	0x4
 2565 1330 07130000 		.4byte	0x1307
ARM GAS  /tmp/ccySdW0H.s 			page 46


 2566 1334 03       		.uleb128 0x3
 2567 1335 C5110000 		.4byte	.LASF250
 2568 1339 17       		.byte	0x17
 2569 133a BE       		.byte	0xbe
 2570 133b 03       		.byte	0x3
 2571 133c 13130000 		.4byte	0x1313
 2572 1340 1B       		.uleb128 0x1b
 2573 1341 BD0A0000 		.4byte	.LASF251
 2574 1345 48       		.byte	0x48
 2575 1346 17       		.byte	0x17
 2576 1347 2001     		.2byte	0x120
 2577 1349 10       		.byte	0x10
 2578 134a CD130000 		.4byte	0x13cd
 2579 134e 21       		.uleb128 0x21
 2580 134f 6D747800 		.ascii	"mtx\000"
 2581 1353 17       		.byte	0x17
 2582 1354 2501     		.2byte	0x125
 2583 1356 19       		.byte	0x19
 2584 1357 E0110000 		.4byte	0x11e0
 2585 135b 00       		.byte	0
 2586 135c 18       		.uleb128 0x18
 2587 135d D6010000 		.4byte	.LASF252
 2588 1361 17       		.byte	0x17
 2589 1362 2C01     		.2byte	0x12c
 2590 1364 19       		.byte	0x19
 2591 1365 34130000 		.4byte	0x1334
 2592 1369 10       		.byte	0x10
 2593 136a 18       		.uleb128 0x18
 2594 136b 97030000 		.4byte	.LASF253
 2595 136f 17       		.byte	0x17
 2596 1370 3001     		.2byte	0x130
 2597 1372 19       		.byte	0x19
 2598 1373 C0120000 		.4byte	0x12c0
 2599 1377 14       		.byte	0x14
 2600 1378 18       		.uleb128 0x18
 2601 1379 070E0000 		.4byte	.LASF254
 2602 137d 17       		.byte	0x17
 2603 137e 3501     		.2byte	0x135
 2604 1380 19       		.byte	0x19
 2605 1381 34130000 		.4byte	0x1334
 2606 1385 24       		.byte	0x24
 2607 1386 18       		.uleb128 0x18
 2608 1387 57050000 		.4byte	.LASF255
 2609 138b 17       		.byte	0x17
 2610 138c 3B01     		.2byte	0x13b
 2611 138e 19       		.byte	0x19
 2612 138f 34130000 		.4byte	0x1334
 2613 1393 28       		.byte	0x28
 2614 1394 18       		.uleb128 0x18
 2615 1395 7E070000 		.4byte	.LASF256
 2616 1399 17       		.byte	0x17
 2617 139a 3F01     		.2byte	0x13f
 2618 139c 19       		.byte	0x19
 2619 139d C0120000 		.4byte	0x12c0
 2620 13a1 2C       		.byte	0x2c
 2621 13a2 18       		.uleb128 0x18
 2622 13a3 8B0F0000 		.4byte	.LASF257
ARM GAS  /tmp/ccySdW0H.s 			page 47


 2623 13a7 17       		.byte	0x17
 2624 13a8 4501     		.2byte	0x145
 2625 13aa 19       		.byte	0x19
 2626 13ab 34130000 		.4byte	0x1334
 2627 13af 3C       		.byte	0x3c
 2628 13b0 18       		.uleb128 0x18
 2629 13b1 24090000 		.4byte	.LASF258
 2630 13b5 17       		.byte	0x17
 2631 13b6 4B01     		.2byte	0x14b
 2632 13b8 19       		.byte	0x19
 2633 13b9 34130000 		.4byte	0x1334
 2634 13bd 40       		.byte	0x40
 2635 13be 18       		.uleb128 0x18
 2636 13bf AA060000 		.4byte	.LASF259
 2637 13c3 17       		.byte	0x17
 2638 13c4 5101     		.2byte	0x151
 2639 13c6 19       		.byte	0x19
 2640 13c7 34130000 		.4byte	0x1334
 2641 13cb 44       		.byte	0x44
 2642 13cc 00       		.byte	0
 2643 13cd 07       		.uleb128 0x7
 2644 13ce E50D0000 		.4byte	.LASF260
 2645 13d2 17       		.byte	0x17
 2646 13d3 5301     		.2byte	0x153
 2647 13d5 03       		.byte	0x3
 2648 13d6 40130000 		.4byte	0x1340
 2649 13da 20       		.uleb128 0x20
 2650 13db 710F0000 		.4byte	.LASF261
 2651 13df 17       		.byte	0x17
 2652 13e0 5E01     		.2byte	0x15e
 2653 13e2 1A       		.byte	0x1a
 2654 13e3 CD130000 		.4byte	0x13cd
 2655 13e7 1C       		.uleb128 0x1c
 2656 13e8 0C       		.byte	0xc
 2657 13e9 18       		.byte	0x18
 2658 13ea A201     		.2byte	0x1a2
 2659 13ec 09       		.byte	0x9
 2660 13ed 46140000 		.4byte	0x1446
 2661 13f1 18       		.uleb128 0x18
 2662 13f2 07060000 		.4byte	.LASF262
 2663 13f6 18       		.byte	0x18
 2664 13f7 A301     		.2byte	0x1a3
 2665 13f9 1A       		.byte	0x1a
 2666 13fa 46140000 		.4byte	0x1446
 2667 13fe 00       		.byte	0
 2668 13ff 18       		.uleb128 0x18
 2669 1400 FA140000 		.4byte	.LASF263
 2670 1404 18       		.byte	0x18
 2671 1405 A401     		.2byte	0x1a4
 2672 1407 1A       		.byte	0x1a
 2673 1408 4C140000 		.4byte	0x144c
 2674 140c 04       		.byte	0x4
 2675 140d 18       		.uleb128 0x18
 2676 140e AD100000 		.4byte	.LASF264
 2677 1412 18       		.byte	0x18
 2678 1413 A801     		.2byte	0x1a8
 2679 1415 19       		.byte	0x19
ARM GAS  /tmp/ccySdW0H.s 			page 48


 2680 1416 71090000 		.4byte	0x971
 2681 141a 08       		.byte	0x8
 2682 141b 18       		.uleb128 0x18
 2683 141c 86080000 		.4byte	.LASF265
 2684 1420 18       		.byte	0x18
 2685 1421 AA01     		.2byte	0x1aa
 2686 1423 19       		.byte	0x19
 2687 1424 71090000 		.4byte	0x971
 2688 1428 09       		.byte	0x9
 2689 1429 18       		.uleb128 0x18
 2690 142a 980B0000 		.4byte	.LASF266
 2691 142e 18       		.byte	0x18
 2692 142f AC01     		.2byte	0x1ac
 2693 1431 19       		.byte	0x19
 2694 1432 71090000 		.4byte	0x971
 2695 1436 0A       		.byte	0xa
 2696 1437 18       		.uleb128 0x18
 2697 1438 5D0F0000 		.4byte	.LASF267
 2698 143c 18       		.byte	0x18
 2699 143d AD01     		.2byte	0x1ad
 2700 143f 19       		.byte	0x19
 2701 1440 71090000 		.4byte	0x971
 2702 1444 0B       		.byte	0xb
 2703 1445 00       		.byte	0
 2704 1446 05       		.uleb128 0x5
 2705 1447 04       		.byte	0x4
 2706 1448 1B0E0000 		.4byte	0xe1b
 2707 144c 05       		.uleb128 0x5
 2708 144d 04       		.byte	0x4
 2709 144e B0090000 		.4byte	0x9b0
 2710 1452 07       		.uleb128 0x7
 2711 1453 14000000 		.4byte	.LASF268
 2712 1457 18       		.byte	0x18
 2713 1458 AE01     		.2byte	0x1ae
 2714 145a 03       		.byte	0x3
 2715 145b E7130000 		.4byte	0x13e7
 2716 145f 0F       		.uleb128 0xf
 2717 1460 52140000 		.4byte	0x1452
 2718 1464 0A       		.uleb128 0xa
 2719 1465 5F140000 		.4byte	0x145f
 2720 1469 74140000 		.4byte	0x1474
 2721 146d 0B       		.uleb128 0xb
 2722 146e 30000000 		.4byte	0x30
 2723 1472 0F       		.byte	0xf
 2724 1473 00       		.byte	0
 2725 1474 0F       		.uleb128 0xf
 2726 1475 64140000 		.4byte	0x1464
 2727 1479 20       		.uleb128 0x20
 2728 147a E7080000 		.4byte	.LASF269
 2729 147e 18       		.byte	0x18
 2730 147f 9002     		.2byte	0x290
 2731 1481 21       		.byte	0x21
 2732 1482 74140000 		.4byte	0x1474
 2733 1486 1C       		.uleb128 0x1c
 2734 1487 60       		.byte	0x60
 2735 1488 19       		.byte	0x19
 2736 1489 F601     		.2byte	0x1f6
ARM GAS  /tmp/ccySdW0H.s 			page 49


 2737 148b 09       		.byte	0x9
 2738 148c A7150000 		.4byte	0x15a7
 2739 1490 21       		.uleb128 0x21
 2740 1491 43523100 		.ascii	"CR1\000"
 2741 1495 19       		.byte	0x19
 2742 1496 F701     		.2byte	0x1f7
 2743 1498 19       		.byte	0x19
 2744 1499 B0090000 		.4byte	0x9b0
 2745 149d 00       		.byte	0
 2746 149e 21       		.uleb128 0x21
 2747 149f 43523200 		.ascii	"CR2\000"
 2748 14a3 19       		.byte	0x19
 2749 14a4 F801     		.2byte	0x1f8
 2750 14a6 19       		.byte	0x19
 2751 14a7 B0090000 		.4byte	0x9b0
 2752 14ab 04       		.byte	0x4
 2753 14ac 18       		.uleb128 0x18
 2754 14ad FC030000 		.4byte	.LASF270
 2755 14b1 19       		.byte	0x19
 2756 14b2 F901     		.2byte	0x1f9
 2757 14b4 19       		.byte	0x19
 2758 14b5 B0090000 		.4byte	0x9b0
 2759 14b9 08       		.byte	0x8
 2760 14ba 18       		.uleb128 0x18
 2761 14bb BA070000 		.4byte	.LASF271
 2762 14bf 19       		.byte	0x19
 2763 14c0 FA01     		.2byte	0x1fa
 2764 14c2 19       		.byte	0x19
 2765 14c3 B0090000 		.4byte	0x9b0
 2766 14c7 0C       		.byte	0xc
 2767 14c8 21       		.uleb128 0x21
 2768 14c9 535200   		.ascii	"SR\000"
 2769 14cc 19       		.byte	0x19
 2770 14cd FB01     		.2byte	0x1fb
 2771 14cf 19       		.byte	0x19
 2772 14d0 B0090000 		.4byte	0x9b0
 2773 14d4 10       		.byte	0x10
 2774 14d5 21       		.uleb128 0x21
 2775 14d6 45475200 		.ascii	"EGR\000"
 2776 14da 19       		.byte	0x19
 2777 14db FC01     		.2byte	0x1fc
 2778 14dd 19       		.byte	0x19
 2779 14de B0090000 		.4byte	0x9b0
 2780 14e2 14       		.byte	0x14
 2781 14e3 18       		.uleb128 0x18
 2782 14e4 0D050000 		.4byte	.LASF272
 2783 14e8 19       		.byte	0x19
 2784 14e9 FD01     		.2byte	0x1fd
 2785 14eb 19       		.byte	0x19
 2786 14ec B0090000 		.4byte	0x9b0
 2787 14f0 18       		.byte	0x18
 2788 14f1 18       		.uleb128 0x18
 2789 14f2 13050000 		.4byte	.LASF273
 2790 14f6 19       		.byte	0x19
 2791 14f7 FE01     		.2byte	0x1fe
 2792 14f9 19       		.byte	0x19
 2793 14fa B0090000 		.4byte	0x9b0
ARM GAS  /tmp/ccySdW0H.s 			page 50


 2794 14fe 1C       		.byte	0x1c
 2795 14ff 18       		.uleb128 0x18
 2796 1500 220F0000 		.4byte	.LASF274
 2797 1504 19       		.byte	0x19
 2798 1505 FF01     		.2byte	0x1ff
 2799 1507 19       		.byte	0x19
 2800 1508 B0090000 		.4byte	0x9b0
 2801 150c 20       		.byte	0x20
 2802 150d 21       		.uleb128 0x21
 2803 150e 434E5400 		.ascii	"CNT\000"
 2804 1512 19       		.byte	0x19
 2805 1513 0002     		.2byte	0x200
 2806 1515 19       		.byte	0x19
 2807 1516 B0090000 		.4byte	0x9b0
 2808 151a 24       		.byte	0x24
 2809 151b 21       		.uleb128 0x21
 2810 151c 50534300 		.ascii	"PSC\000"
 2811 1520 19       		.byte	0x19
 2812 1521 0102     		.2byte	0x201
 2813 1523 19       		.byte	0x19
 2814 1524 B0090000 		.4byte	0x9b0
 2815 1528 28       		.byte	0x28
 2816 1529 21       		.uleb128 0x21
 2817 152a 41525200 		.ascii	"ARR\000"
 2818 152e 19       		.byte	0x19
 2819 152f 0202     		.2byte	0x202
 2820 1531 19       		.byte	0x19
 2821 1532 B0090000 		.4byte	0x9b0
 2822 1536 2C       		.byte	0x2c
 2823 1537 21       		.uleb128 0x21
 2824 1538 52435200 		.ascii	"RCR\000"
 2825 153c 19       		.byte	0x19
 2826 153d 0302     		.2byte	0x203
 2827 153f 19       		.byte	0x19
 2828 1540 B0090000 		.4byte	0x9b0
 2829 1544 30       		.byte	0x30
 2830 1545 21       		.uleb128 0x21
 2831 1546 43435200 		.ascii	"CCR\000"
 2832 154a 19       		.byte	0x19
 2833 154b 0402     		.2byte	0x204
 2834 154d 19       		.byte	0x19
 2835 154e 4C0E0000 		.4byte	0xe4c
 2836 1552 34       		.byte	0x34
 2837 1553 18       		.uleb128 0x18
 2838 1554 06140000 		.4byte	.LASF275
 2839 1558 19       		.byte	0x19
 2840 1559 0502     		.2byte	0x205
 2841 155b 19       		.byte	0x19
 2842 155c B0090000 		.4byte	0x9b0
 2843 1560 44       		.byte	0x44
 2844 1561 21       		.uleb128 0x21
 2845 1562 44435200 		.ascii	"DCR\000"
 2846 1566 19       		.byte	0x19
 2847 1567 0602     		.2byte	0x206
 2848 1569 19       		.byte	0x19
 2849 156a B0090000 		.4byte	0x9b0
 2850 156e 48       		.byte	0x48
ARM GAS  /tmp/ccySdW0H.s 			page 51


 2851 156f 18       		.uleb128 0x18
 2852 1570 ED010000 		.4byte	.LASF276
 2853 1574 19       		.byte	0x19
 2854 1575 0702     		.2byte	0x207
 2855 1577 19       		.byte	0x19
 2856 1578 B0090000 		.4byte	0x9b0
 2857 157c 4C       		.byte	0x4c
 2858 157d 21       		.uleb128 0x21
 2859 157e 4F5200   		.ascii	"OR\000"
 2860 1581 19       		.byte	0x19
 2861 1582 0802     		.2byte	0x208
 2862 1584 19       		.byte	0x19
 2863 1585 B0090000 		.4byte	0x9b0
 2864 1589 50       		.byte	0x50
 2865 158a 18       		.uleb128 0x18
 2866 158b 19050000 		.4byte	.LASF277
 2867 158f 19       		.byte	0x19
 2868 1590 0902     		.2byte	0x209
 2869 1592 19       		.byte	0x19
 2870 1593 B0090000 		.4byte	0x9b0
 2871 1597 54       		.byte	0x54
 2872 1598 18       		.uleb128 0x18
 2873 1599 44060000 		.4byte	.LASF278
 2874 159d 19       		.byte	0x19
 2875 159e 0A02     		.2byte	0x20a
 2876 15a0 19       		.byte	0x19
 2877 15a1 370E0000 		.4byte	0xe37
 2878 15a5 58       		.byte	0x58
 2879 15a6 00       		.byte	0
 2880 15a7 07       		.uleb128 0x7
 2881 15a8 79090000 		.4byte	.LASF279
 2882 15ac 19       		.byte	0x19
 2883 15ad 0B02     		.2byte	0x20b
 2884 15af 03       		.byte	0x3
 2885 15b0 86140000 		.4byte	0x1486
 2886 15b4 10       		.uleb128 0x10
 2887 15b5 70100000 		.4byte	.LASF280
 2888 15b9 14       		.byte	0x14
 2889 15ba 1A       		.byte	0x1a
 2890 15bb 48       		.byte	0x48
 2891 15bc 08       		.byte	0x8
 2892 15bd 03160000 		.4byte	0x1603
 2893 15c1 0D       		.uleb128 0xd
 2894 15c2 25140000 		.4byte	.LASF281
 2895 15c6 1A       		.byte	0x1a
 2896 15c7 49       		.byte	0x49
 2897 15c8 03       		.byte	0x3
 2898 15c9 24000000 		.4byte	0x24
 2899 15cd 00       		.byte	0
 2900 15ce 0D       		.uleb128 0xd
 2901 15cf 92090000 		.4byte	.LASF282
 2902 15d3 1A       		.byte	0x1a
 2903 15d4 49       		.byte	0x49
 2904 15d5 03       		.byte	0x3
 2905 15d6 27160000 		.4byte	0x1627
 2906 15da 04       		.byte	0x4
 2907 15db 0D       		.uleb128 0xd
ARM GAS  /tmp/ccySdW0H.s 			page 52


 2908 15dc 890B0000 		.4byte	.LASF283
 2909 15e0 1A       		.byte	0x1a
 2910 15e1 49       		.byte	0x49
 2911 15e2 03       		.byte	0x3
 2912 15e3 46160000 		.4byte	0x1646
 2913 15e7 08       		.byte	0x8
 2914 15e8 11       		.uleb128 0x11
 2915 15e9 70757400 		.ascii	"put\000"
 2916 15ed 1A       		.byte	0x1a
 2917 15ee 49       		.byte	0x49
 2918 15ef 03       		.byte	0x3
 2919 15f0 60160000 		.4byte	0x1660
 2920 15f4 0C       		.byte	0xc
 2921 15f5 11       		.uleb128 0x11
 2922 15f6 67657400 		.ascii	"get\000"
 2923 15fa 1A       		.byte	0x1a
 2924 15fb 49       		.byte	0x49
 2925 15fc 03       		.byte	0x3
 2926 15fd 75160000 		.4byte	0x1675
 2927 1601 10       		.byte	0x10
 2928 1602 00       		.byte	0
 2929 1603 0F       		.uleb128 0xf
 2930 1604 B4150000 		.4byte	0x15b4
 2931 1608 15       		.uleb128 0x15
 2932 1609 24000000 		.4byte	0x24
 2933 160d 21160000 		.4byte	0x1621
 2934 1611 16       		.uleb128 0x16
 2935 1612 68010000 		.4byte	0x168
 2936 1616 16       		.uleb128 0x16
 2937 1617 21160000 		.4byte	0x1621
 2938 161b 16       		.uleb128 0x16
 2939 161c 24000000 		.4byte	0x24
 2940 1620 00       		.byte	0
 2941 1621 05       		.uleb128 0x5
 2942 1622 04       		.byte	0x4
 2943 1623 7D090000 		.4byte	0x97d
 2944 1627 05       		.uleb128 0x5
 2945 1628 04       		.byte	0x4
 2946 1629 08160000 		.4byte	0x1608
 2947 162d 15       		.uleb128 0x15
 2948 162e 24000000 		.4byte	0x24
 2949 1632 46160000 		.4byte	0x1646
 2950 1636 16       		.uleb128 0x16
 2951 1637 68010000 		.4byte	0x168
 2952 163b 16       		.uleb128 0x16
 2953 163c 43120000 		.4byte	0x1243
 2954 1640 16       		.uleb128 0x16
 2955 1641 24000000 		.4byte	0x24
 2956 1645 00       		.byte	0
 2957 1646 05       		.uleb128 0x5
 2958 1647 04       		.byte	0x4
 2959 1648 2D160000 		.4byte	0x162d
 2960 164c 15       		.uleb128 0x15
 2961 164d FD090000 		.4byte	0x9fd
 2962 1651 60160000 		.4byte	0x1660
 2963 1655 16       		.uleb128 0x16
 2964 1656 68010000 		.4byte	0x168
ARM GAS  /tmp/ccySdW0H.s 			page 53


 2965 165a 16       		.uleb128 0x16
 2966 165b 71090000 		.4byte	0x971
 2967 165f 00       		.byte	0
 2968 1660 05       		.uleb128 0x5
 2969 1661 04       		.byte	0x4
 2970 1662 4C160000 		.4byte	0x164c
 2971 1666 15       		.uleb128 0x15
 2972 1667 FD090000 		.4byte	0x9fd
 2973 166b 75160000 		.4byte	0x1675
 2974 166f 16       		.uleb128 0x16
 2975 1670 68010000 		.4byte	0x168
 2976 1674 00       		.byte	0
 2977 1675 05       		.uleb128 0x5
 2978 1676 04       		.byte	0x4
 2979 1677 66160000 		.4byte	0x1666
 2980 167b 0C       		.uleb128 0xc
 2981 167c 04       		.byte	0x4
 2982 167d 1A       		.byte	0x1a
 2983 167e 53       		.byte	0x53
 2984 167f 09       		.byte	0x9
 2985 1680 92160000 		.4byte	0x1692
 2986 1684 11       		.uleb128 0x11
 2987 1685 766D7400 		.ascii	"vmt\000"
 2988 1689 1A       		.byte	0x1a
 2989 168a 55       		.byte	0x55
 2990 168b 29       		.byte	0x29
 2991 168c 92160000 		.4byte	0x1692
 2992 1690 00       		.byte	0
 2993 1691 00       		.byte	0
 2994 1692 05       		.uleb128 0x5
 2995 1693 04       		.byte	0x4
 2996 1694 03160000 		.4byte	0x1603
 2997 1698 03       		.uleb128 0x3
 2998 1699 66010000 		.4byte	.LASF284
 2999 169d 1A       		.byte	0x1a
 3000 169e 57       		.byte	0x57
 3001 169f 03       		.byte	0x3
 3002 16a0 7B160000 		.4byte	0x167b
 3003 16a4 03       		.uleb128 0x3
 3004 16a5 D6070000 		.4byte	.LASF285
 3005 16a9 1B       		.byte	0x1b
 3006 16aa 94       		.byte	0x94
 3007 16ab 10       		.byte	0x10
 3008 16ac 030C0000 		.4byte	0xc03
 3009 16b0 0C       		.uleb128 0xc
 3010 16b1 08       		.byte	0x8
 3011 16b2 1B       		.byte	0x1b
 3012 16b3 9A       		.byte	0x9a
 3013 16b4 09       		.byte	0x9
 3014 16b5 D3160000 		.4byte	0x16d3
 3015 16b9 11       		.uleb128 0x11
 3016 16ba 636200   		.ascii	"cb\000"
 3017 16bd 1B       		.byte	0x1b
 3018 16be A5       		.byte	0xa5
 3019 16bf 19       		.byte	0x19
 3020 16c0 A4160000 		.4byte	0x16a4
 3021 16c4 00       		.byte	0
ARM GAS  /tmp/ccySdW0H.s 			page 54


 3022 16c5 11       		.uleb128 0x11
 3023 16c6 61726700 		.ascii	"arg\000"
 3024 16ca 1B       		.byte	0x1b
 3025 16cb A9       		.byte	0xa9
 3026 16cc 1A       		.byte	0x1a
 3027 16cd 68010000 		.4byte	0x168
 3028 16d1 04       		.byte	0x4
 3029 16d2 00       		.byte	0
 3030 16d3 03       		.uleb128 0x3
 3031 16d4 98050000 		.4byte	.LASF286
 3032 16d8 1B       		.byte	0x1b
 3033 16d9 AB       		.byte	0xab
 3034 16da 03       		.byte	0x3
 3035 16db B0160000 		.4byte	0x16b0
 3036 16df 0A       		.uleb128 0xa
 3037 16e0 D3160000 		.4byte	0x16d3
 3038 16e4 EF160000 		.4byte	0x16ef
 3039 16e8 0B       		.uleb128 0xb
 3040 16e9 30000000 		.4byte	0x30
 3041 16ed 0F       		.byte	0xf
 3042 16ee 00       		.byte	0
 3043 16ef 20       		.uleb128 0x20
 3044 16f0 990D0000 		.4byte	.LASF287
 3045 16f4 1C       		.byte	0x1c
 3046 16f5 EB01     		.2byte	0x1eb
 3047 16f7 13       		.byte	0x13
 3048 16f8 DF160000 		.4byte	0x16df
 3049 16fc 25       		.uleb128 0x25
 3050 16fd 07       		.byte	0x7
 3051 16fe 01       		.byte	0x1
 3052 16ff 64000000 		.4byte	0x64
 3053 1703 1D       		.byte	0x1d
 3054 1704 31       		.byte	0x31
 3055 1705 0E       		.byte	0xe
 3056 1706 29170000 		.4byte	0x1729
 3057 170a 26       		.uleb128 0x26
 3058 170b 7D0E0000 		.4byte	.LASF288
 3059 170f 00       		.byte	0
 3060 1710 26       		.uleb128 0x26
 3061 1711 4A030000 		.4byte	.LASF289
 3062 1715 01       		.byte	0x1
 3063 1716 26       		.uleb128 0x26
 3064 1717 F30C0000 		.4byte	.LASF290
 3065 171b 02       		.byte	0x2
 3066 171c 26       		.uleb128 0x26
 3067 171d 24120000 		.4byte	.LASF291
 3068 1721 03       		.byte	0x3
 3069 1722 26       		.uleb128 0x26
 3070 1723 41040000 		.4byte	.LASF292
 3071 1727 04       		.byte	0x4
 3072 1728 00       		.byte	0
 3073 1729 03       		.uleb128 0x3
 3074 172a ED090000 		.4byte	.LASF293
 3075 172e 1D       		.byte	0x1d
 3076 172f 37       		.byte	0x37
 3077 1730 03       		.byte	0x3
 3078 1731 FC160000 		.4byte	0x16fc
ARM GAS  /tmp/ccySdW0H.s 			page 55


 3079 1735 03       		.uleb128 0x3
 3080 1736 A8010000 		.4byte	.LASF294
 3081 173a 1D       		.byte	0x1d
 3082 173b 3C       		.byte	0x3c
 3083 173c 1A       		.byte	0x1a
 3084 173d 41170000 		.4byte	0x1741
 3085 1741 1B       		.uleb128 0x1b
 3086 1742 A8010000 		.4byte	.LASF294
 3087 1746 18       		.byte	0x18
 3088 1747 1E       		.byte	0x1e
 3089 1748 2803     		.2byte	0x328
 3090 174a 08       		.byte	0x8
 3091 174b A4170000 		.4byte	0x17a4
 3092 174f 18       		.uleb128 0x18
 3093 1750 94010000 		.4byte	.LASF151
 3094 1754 1E       		.byte	0x1e
 3095 1755 2C03     		.2byte	0x32c
 3096 1757 1D       		.byte	0x1d
 3097 1758 29170000 		.4byte	0x1729
 3098 175c 00       		.byte	0
 3099 175d 18       		.uleb128 0x18
 3100 175e 8D010000 		.4byte	.LASF295
 3101 1762 1E       		.byte	0x1e
 3102 1763 3003     		.2byte	0x330
 3103 1765 1E       		.byte	0x1e
 3104 1766 B3180000 		.4byte	0x18b3
 3105 176a 04       		.byte	0x4
 3106 176b 18       		.uleb128 0x18
 3107 176c 8C090000 		.4byte	.LASF296
 3108 1770 1E       		.byte	0x1e
 3109 1771 3803     		.2byte	0x338
 3110 1773 1D       		.byte	0x1d
 3111 1774 A4090000 		.4byte	0x9a4
 3112 1778 08       		.byte	0x8
 3113 1779 21       		.uleb128 0x21
 3114 177a 74696D00 		.ascii	"tim\000"
 3115 177e 1E       		.byte	0x1e
 3116 177f 3C03     		.2byte	0x33c
 3117 1781 1E       		.byte	0x1e
 3118 1782 B9180000 		.4byte	0x18b9
 3119 1786 0C       		.byte	0xc
 3120 1787 18       		.uleb128 0x18
 3121 1788 1B040000 		.4byte	.LASF297
 3122 178c 1E       		.byte	0x1e
 3123 178d 4003     		.2byte	0x340
 3124 178f 1E       		.byte	0x1e
 3125 1790 4C140000 		.4byte	0x144c
 3126 1794 10       		.byte	0x10
 3127 1795 18       		.uleb128 0x18
 3128 1796 43150000 		.4byte	.LASF298
 3129 179a 1E       		.byte	0x1e
 3130 179b 4403     		.2byte	0x344
 3131 179d 1E       		.byte	0x1e
 3132 179e 4C140000 		.4byte	0x144c
 3133 17a2 14       		.byte	0x14
 3134 17a3 00       		.byte	0
 3135 17a4 03       		.uleb128 0x3
ARM GAS  /tmp/ccySdW0H.s 			page 56


 3136 17a5 71110000 		.4byte	.LASF299
 3137 17a9 1D       		.byte	0x1d
 3138 17aa 43       		.byte	0x43
 3139 17ab 10       		.byte	0x10
 3140 17ac B0170000 		.4byte	0x17b0
 3141 17b0 05       		.uleb128 0x5
 3142 17b1 04       		.byte	0x4
 3143 17b2 B6170000 		.4byte	0x17b6
 3144 17b6 1F       		.uleb128 0x1f
 3145 17b7 C1170000 		.4byte	0x17c1
 3146 17bb 16       		.uleb128 0x16
 3147 17bc C1170000 		.4byte	0x17c1
 3148 17c0 00       		.byte	0
 3149 17c1 05       		.uleb128 0x5
 3150 17c2 04       		.byte	0x4
 3151 17c3 35170000 		.4byte	0x1735
 3152 17c7 27       		.uleb128 0x27
 3153 17c8 07       		.byte	0x7
 3154 17c9 01       		.byte	0x1
 3155 17ca 64000000 		.4byte	0x64
 3156 17ce 1E       		.byte	0x1e
 3157 17cf E002     		.2byte	0x2e0
 3158 17d1 0E       		.byte	0xe
 3159 17d2 E3170000 		.4byte	0x17e3
 3160 17d6 26       		.uleb128 0x26
 3161 17d7 C0010000 		.4byte	.LASF300
 3162 17db 00       		.byte	0
 3163 17dc 26       		.uleb128 0x26
 3164 17dd BC000000 		.4byte	.LASF301
 3165 17e1 01       		.byte	0x1
 3166 17e2 00       		.byte	0
 3167 17e3 07       		.uleb128 0x7
 3168 17e4 5E0D0000 		.4byte	.LASF302
 3169 17e8 1E       		.byte	0x1e
 3170 17e9 E302     		.2byte	0x2e3
 3171 17eb 03       		.byte	0x3
 3172 17ec C7170000 		.4byte	0x17c7
 3173 17f0 07       		.uleb128 0x7
 3174 17f1 FD050000 		.4byte	.LASF303
 3175 17f5 1E       		.byte	0x1e
 3176 17f6 E802     		.2byte	0x2e8
 3177 17f8 12       		.byte	0x12
 3178 17f9 A4090000 		.4byte	0x9a4
 3179 17fd 27       		.uleb128 0x27
 3180 17fe 07       		.byte	0x7
 3181 17ff 01       		.byte	0x1
 3182 1800 64000000 		.4byte	0x64
 3183 1804 1E       		.byte	0x1e
 3184 1805 ED02     		.2byte	0x2ed
 3185 1807 0E       		.byte	0xe
 3186 1808 19180000 		.4byte	0x1819
 3187 180c 26       		.uleb128 0x26
 3188 180d DF010000 		.4byte	.LASF304
 3189 1811 00       		.byte	0
 3190 1812 26       		.uleb128 0x26
 3191 1813 7B040000 		.4byte	.LASF305
 3192 1817 01       		.byte	0x1
ARM GAS  /tmp/ccySdW0H.s 			page 57


 3193 1818 00       		.byte	0
 3194 1819 07       		.uleb128 0x7
 3195 181a 8A030000 		.4byte	.LASF306
 3196 181e 1E       		.byte	0x1e
 3197 181f F002     		.2byte	0x2f0
 3198 1821 03       		.byte	0x3
 3199 1822 FD170000 		.4byte	0x17fd
 3200 1826 1C       		.uleb128 0x1c
 3201 1827 20       		.byte	0x20
 3202 1828 1E       		.byte	0x1e
 3203 1829 FB02     		.2byte	0x2fb
 3204 182b 09       		.byte	0x9
 3205 182c A1180000 		.4byte	0x18a1
 3206 1830 18       		.uleb128 0x18
 3207 1831 4E110000 		.4byte	.LASF307
 3208 1835 1E       		.byte	0x1e
 3209 1836 FF02     		.2byte	0x2ff
 3210 1838 1D       		.byte	0x1d
 3211 1839 E3170000 		.4byte	0x17e3
 3212 183d 00       		.byte	0
 3213 183e 18       		.uleb128 0x18
 3214 183f 640B0000 		.4byte	.LASF308
 3215 1843 1E       		.byte	0x1e
 3216 1844 0503     		.2byte	0x305
 3217 1846 1D       		.byte	0x1d
 3218 1847 F0170000 		.4byte	0x17f0
 3219 184b 04       		.byte	0x4
 3220 184c 18       		.uleb128 0x18
 3221 184d 2E000000 		.4byte	.LASF309
 3222 1851 1E       		.byte	0x1e
 3223 1852 0903     		.2byte	0x309
 3224 1854 1D       		.byte	0x1d
 3225 1855 A4170000 		.4byte	0x17a4
 3226 1859 08       		.byte	0x8
 3227 185a 18       		.uleb128 0x18
 3228 185b 540D0000 		.4byte	.LASF310
 3229 185f 1E       		.byte	0x1e
 3230 1860 0D03     		.2byte	0x30d
 3231 1862 1D       		.byte	0x1d
 3232 1863 A4170000 		.4byte	0x17a4
 3233 1867 0C       		.byte	0xc
 3234 1868 18       		.uleb128 0x18
 3235 1869 2E090000 		.4byte	.LASF311
 3236 186d 1E       		.byte	0x1e
 3237 186e 1103     		.2byte	0x311
 3238 1870 1D       		.byte	0x1d
 3239 1871 A4170000 		.4byte	0x17a4
 3240 1875 10       		.byte	0x10
 3241 1876 18       		.uleb128 0x18
 3242 1877 8C080000 		.4byte	.LASF312
 3243 187b 1E       		.byte	0x1e
 3244 187c 1703     		.2byte	0x317
 3245 187e 1D       		.byte	0x1d
 3246 187f 19180000 		.4byte	0x1819
 3247 1883 14       		.byte	0x14
 3248 1884 18       		.uleb128 0x18
 3249 1885 0E020000 		.4byte	.LASF313
ARM GAS  /tmp/ccySdW0H.s 			page 58


 3250 1889 1E       		.byte	0x1e
 3251 188a 1D03     		.2byte	0x31d
 3252 188c 1D       		.byte	0x1d
 3253 188d A4090000 		.4byte	0x9a4
 3254 1891 18       		.byte	0x18
 3255 1892 21       		.uleb128 0x21
 3256 1893 61727200 		.ascii	"arr\000"
 3257 1897 1E       		.byte	0x1e
 3258 1898 2203     		.2byte	0x322
 3259 189a 1D       		.byte	0x1d
 3260 189b A4090000 		.4byte	0x9a4
 3261 189f 1C       		.byte	0x1c
 3262 18a0 00       		.byte	0
 3263 18a1 07       		.uleb128 0x7
 3264 18a2 B4060000 		.4byte	.LASF314
 3265 18a6 1E       		.byte	0x1e
 3266 18a7 2303     		.2byte	0x323
 3267 18a9 03       		.byte	0x3
 3268 18aa 26180000 		.4byte	0x1826
 3269 18ae 0F       		.uleb128 0xf
 3270 18af A1180000 		.4byte	0x18a1
 3271 18b3 05       		.uleb128 0x5
 3272 18b4 04       		.byte	0x4
 3273 18b5 AE180000 		.4byte	0x18ae
 3274 18b9 05       		.uleb128 0x5
 3275 18ba 04       		.byte	0x4
 3276 18bb A7150000 		.4byte	0x15a7
 3277 18bf 20       		.uleb128 0x20
 3278 18c0 E1000000 		.4byte	.LASF315
 3279 18c4 1E       		.byte	0x1e
 3280 18c5 7503     		.2byte	0x375
 3281 18c7 12       		.byte	0x12
 3282 18c8 35170000 		.4byte	0x1735
 3283 18cc 20       		.uleb128 0x20
 3284 18cd 4A0A0000 		.4byte	.LASF316
 3285 18d1 1E       		.byte	0x1e
 3286 18d2 7903     		.2byte	0x379
 3287 18d4 12       		.byte	0x12
 3288 18d5 35170000 		.4byte	0x1735
 3289 18d9 25       		.uleb128 0x25
 3290 18da 07       		.byte	0x7
 3291 18db 01       		.byte	0x1
 3292 18dc 64000000 		.4byte	0x64
 3293 18e0 1F       		.byte	0x1f
 3294 18e1 59       		.byte	0x59
 3295 18e2 0E       		.byte	0xe
 3296 18e3 FA180000 		.4byte	0x18fa
 3297 18e7 26       		.uleb128 0x26
 3298 18e8 B3100000 		.4byte	.LASF317
 3299 18ec 00       		.byte	0
 3300 18ed 26       		.uleb128 0x26
 3301 18ee 32010000 		.4byte	.LASF318
 3302 18f2 01       		.byte	0x1
 3303 18f3 26       		.uleb128 0x26
 3304 18f4 2D150000 		.4byte	.LASF319
 3305 18f8 02       		.byte	0x2
 3306 18f9 00       		.byte	0
ARM GAS  /tmp/ccySdW0H.s 			page 59


 3307 18fa 03       		.uleb128 0x3
 3308 18fb A9110000 		.4byte	.LASF320
 3309 18ff 1F       		.byte	0x1f
 3310 1900 5D       		.byte	0x5d
 3311 1901 03       		.byte	0x3
 3312 1902 D9180000 		.4byte	0x18d9
 3313 1906 25       		.uleb128 0x25
 3314 1907 07       		.byte	0x7
 3315 1908 01       		.byte	0x1
 3316 1909 64000000 		.4byte	0x64
 3317 190d 1F       		.byte	0x1f
 3318 190e 62       		.byte	0x62
 3319 190f 0E       		.byte	0xe
 3320 1910 27190000 		.4byte	0x1927
 3321 1914 26       		.uleb128 0x26
 3322 1915 D2120000 		.4byte	.LASF321
 3323 1919 00       		.byte	0
 3324 191a 26       		.uleb128 0x26
 3325 191b 97020000 		.4byte	.LASF322
 3326 191f 01       		.byte	0x1
 3327 1920 26       		.uleb128 0x26
 3328 1921 DB0F0000 		.4byte	.LASF323
 3329 1925 02       		.byte	0x2
 3330 1926 00       		.byte	0
 3331 1927 03       		.uleb128 0x3
 3332 1928 AE030000 		.4byte	.LASF324
 3333 192c 1F       		.byte	0x1f
 3334 192d 66       		.byte	0x66
 3335 192e 03       		.byte	0x3
 3336 192f 06190000 		.4byte	0x1906
 3337 1933 25       		.uleb128 0x25
 3338 1934 07       		.byte	0x7
 3339 1935 01       		.byte	0x1
 3340 1936 64000000 		.4byte	0x64
 3341 193a 1F       		.byte	0x1f
 3342 193b 6B       		.byte	0x6b
 3343 193c 0E       		.byte	0xe
 3344 193d 54190000 		.4byte	0x1954
 3345 1941 26       		.uleb128 0x26
 3346 1942 DC100000 		.4byte	.LASF325
 3347 1946 00       		.byte	0
 3348 1947 26       		.uleb128 0x26
 3349 1948 D10E0000 		.4byte	.LASF326
 3350 194c 01       		.byte	0x1
 3351 194d 26       		.uleb128 0x26
 3352 194e D4090000 		.4byte	.LASF327
 3353 1952 02       		.byte	0x2
 3354 1953 00       		.byte	0
 3355 1954 03       		.uleb128 0x3
 3356 1955 EC0F0000 		.4byte	.LASF328
 3357 1959 1F       		.byte	0x1f
 3358 195a 6F       		.byte	0x6f
 3359 195b 03       		.byte	0x3
 3360 195c 33190000 		.4byte	0x1933
 3361 1960 07       		.uleb128 0x7
 3362 1961 6E0B0000 		.4byte	.LASF329
 3363 1965 20       		.byte	0x20
ARM GAS  /tmp/ccySdW0H.s 			page 60


 3364 1966 2602     		.2byte	0x226
 3365 1968 12       		.byte	0x12
 3366 1969 A4090000 		.4byte	0x9a4
 3367 196d 07       		.uleb128 0x7
 3368 196e A6020000 		.4byte	.LASF330
 3369 1972 20       		.byte	0x20
 3370 1973 2B02     		.2byte	0x22b
 3371 1975 1B       		.byte	0x1b
 3372 1976 7A190000 		.4byte	0x197a
 3373 197a 1B       		.uleb128 0x1b
 3374 197b A6020000 		.4byte	.LASF330
 3375 197f 20       		.byte	0x20
 3376 1980 20       		.byte	0x20
 3377 1981 7902     		.2byte	0x279
 3378 1983 08       		.byte	0x8
 3379 1984 151A0000 		.4byte	0x1a15
 3380 1988 18       		.uleb128 0x18
 3381 1989 94010000 		.4byte	.LASF151
 3382 198d 20       		.byte	0x20
 3383 198e 7D02     		.2byte	0x27d
 3384 1990 1D       		.byte	0x1d
 3385 1991 FA180000 		.4byte	0x18fa
 3386 1995 00       		.byte	0
 3387 1996 18       		.uleb128 0x18
 3388 1997 01040000 		.4byte	.LASF331
 3389 199b 20       		.byte	0x20
 3390 199c 8102     		.2byte	0x281
 3391 199e 1D       		.byte	0x1d
 3392 199f 27190000 		.4byte	0x1927
 3393 19a3 01       		.byte	0x1
 3394 19a4 18       		.uleb128 0x18
 3395 19a5 B2010000 		.4byte	.LASF332
 3396 19a9 20       		.byte	0x20
 3397 19aa 8502     		.2byte	0x285
 3398 19ac 1D       		.byte	0x1d
 3399 19ad 54190000 		.4byte	0x1954
 3400 19b1 02       		.byte	0x2
 3401 19b2 18       		.uleb128 0x18
 3402 19b3 8D010000 		.4byte	.LASF295
 3403 19b7 20       		.byte	0x20
 3404 19b8 8902     		.2byte	0x289
 3405 19ba 1E       		.byte	0x1e
 3406 19bb 281B0000 		.4byte	0x1b28
 3407 19bf 04       		.byte	0x4
 3408 19c0 18       		.uleb128 0x18
 3409 19c1 C4030000 		.4byte	.LASF333
 3410 19c5 20       		.byte	0x20
 3411 19c6 A502     		.2byte	0x2a5
 3412 19c8 1E       		.byte	0x1e
 3413 19c9 2E1B0000 		.4byte	0x1b2e
 3414 19cd 08       		.byte	0x8
 3415 19ce 18       		.uleb128 0x18
 3416 19cf 1C110000 		.4byte	.LASF334
 3417 19d3 20       		.byte	0x20
 3418 19d4 A902     		.2byte	0x2a9
 3419 19d6 1D       		.byte	0x1d
 3420 19d7 A4090000 		.4byte	0x9a4
ARM GAS  /tmp/ccySdW0H.s 			page 61


 3421 19db 0C       		.byte	0xc
 3422 19dc 18       		.uleb128 0x18
 3423 19dd F6060000 		.4byte	.LASF335
 3424 19e1 20       		.byte	0x20
 3425 19e2 AD02     		.2byte	0x2ad
 3426 19e4 1D       		.byte	0x1d
 3427 19e5 A4090000 		.4byte	0x9a4
 3428 19e9 10       		.byte	0x10
 3429 19ea 18       		.uleb128 0x18
 3430 19eb 220A0000 		.4byte	.LASF336
 3431 19ef 20       		.byte	0x20
 3432 19f0 B102     		.2byte	0x2b1
 3433 19f2 1E       		.byte	0x1e
 3434 19f3 341B0000 		.4byte	0x1b34
 3435 19f7 14       		.byte	0x14
 3436 19f8 18       		.uleb128 0x18
 3437 19f9 7A0B0000 		.4byte	.LASF337
 3438 19fd 20       		.byte	0x20
 3439 19fe B502     		.2byte	0x2b5
 3440 1a00 1E       		.byte	0x1e
 3441 1a01 341B0000 		.4byte	0x1b34
 3442 1a05 18       		.byte	0x18
 3443 1a06 18       		.uleb128 0x18
 3444 1a07 1C0A0000 		.4byte	.LASF338
 3445 1a0b 20       		.byte	0x20
 3446 1a0c B902     		.2byte	0x2b9
 3447 1a0e 1D       		.byte	0x1d
 3448 1a0f 8E090000 		.4byte	0x98e
 3449 1a13 1C       		.byte	0x1c
 3450 1a14 00       		.byte	0
 3451 1a15 07       		.uleb128 0x7
 3452 1a16 DF120000 		.4byte	.LASF339
 3453 1a1a 20       		.byte	0x20
 3454 1a1b 3202     		.2byte	0x232
 3455 1a1d 10       		.byte	0x10
 3456 1a1e 221A0000 		.4byte	0x1a22
 3457 1a22 05       		.uleb128 0x5
 3458 1a23 04       		.byte	0x4
 3459 1a24 281A0000 		.4byte	0x1a28
 3460 1a28 1F       		.uleb128 0x1f
 3461 1a29 331A0000 		.4byte	0x1a33
 3462 1a2d 16       		.uleb128 0x16
 3463 1a2e 331A0000 		.4byte	0x1a33
 3464 1a32 00       		.byte	0
 3465 1a33 05       		.uleb128 0x5
 3466 1a34 04       		.byte	0x4
 3467 1a35 6D190000 		.4byte	0x196d
 3468 1a39 07       		.uleb128 0x7
 3469 1a3a 34100000 		.4byte	.LASF340
 3470 1a3e 20       		.byte	0x20
 3471 1a3f 3A02     		.2byte	0x23a
 3472 1a41 10       		.byte	0x10
 3473 1a42 461A0000 		.4byte	0x1a46
 3474 1a46 05       		.uleb128 0x5
 3475 1a47 04       		.byte	0x4
 3476 1a48 4C1A0000 		.4byte	0x1a4c
 3477 1a4c 1F       		.uleb128 0x1f
ARM GAS  /tmp/ccySdW0H.s 			page 62


 3478 1a4d 5C1A0000 		.4byte	0x1a5c
 3479 1a51 16       		.uleb128 0x16
 3480 1a52 331A0000 		.4byte	0x1a33
 3481 1a56 16       		.uleb128 0x16
 3482 1a57 82090000 		.4byte	0x982
 3483 1a5b 00       		.byte	0
 3484 1a5c 07       		.uleb128 0x7
 3485 1a5d 64020000 		.4byte	.LASF341
 3486 1a61 20       		.byte	0x20
 3487 1a62 4202     		.2byte	0x242
 3488 1a64 10       		.byte	0x10
 3489 1a65 691A0000 		.4byte	0x1a69
 3490 1a69 05       		.uleb128 0x5
 3491 1a6a 04       		.byte	0x4
 3492 1a6b 6F1A0000 		.4byte	0x1a6f
 3493 1a6f 1F       		.uleb128 0x1f
 3494 1a70 7F1A0000 		.4byte	0x1a7f
 3495 1a74 16       		.uleb128 0x16
 3496 1a75 331A0000 		.4byte	0x1a33
 3497 1a79 16       		.uleb128 0x16
 3498 1a7a 60190000 		.4byte	0x1960
 3499 1a7e 00       		.byte	0
 3500 1a7f 1C       		.uleb128 0x1c
 3501 1a80 24       		.byte	0x24
 3502 1a81 20       		.byte	0x20
 3503 1a82 4802     		.2byte	0x248
 3504 1a84 09       		.byte	0x9
 3505 1a85 161B0000 		.4byte	0x1b16
 3506 1a89 18       		.uleb128 0x18
 3507 1a8a D2100000 		.4byte	.LASF342
 3508 1a8e 20       		.byte	0x20
 3509 1a8f 4C02     		.2byte	0x24c
 3510 1a91 1D       		.byte	0x1d
 3511 1a92 151A0000 		.4byte	0x1a15
 3512 1a96 00       		.byte	0
 3513 1a97 18       		.uleb128 0x18
 3514 1a98 01090000 		.4byte	.LASF343
 3515 1a9c 20       		.byte	0x20
 3516 1a9d 5002     		.2byte	0x250
 3517 1a9f 1D       		.byte	0x1d
 3518 1aa0 151A0000 		.4byte	0x1a15
 3519 1aa4 04       		.byte	0x4
 3520 1aa5 18       		.uleb128 0x18
 3521 1aa6 13020000 		.4byte	.LASF344
 3522 1aaa 20       		.byte	0x20
 3523 1aab 5402     		.2byte	0x254
 3524 1aad 1D       		.byte	0x1d
 3525 1aae 151A0000 		.4byte	0x1a15
 3526 1ab2 08       		.byte	0x8
 3527 1ab3 18       		.uleb128 0x18
 3528 1ab4 BE060000 		.4byte	.LASF345
 3529 1ab8 20       		.byte	0x20
 3530 1ab9 5802     		.2byte	0x258
 3531 1abb 1D       		.byte	0x1d
 3532 1abc 391A0000 		.4byte	0x1a39
 3533 1ac0 0C       		.byte	0xc
 3534 1ac1 18       		.uleb128 0x18
ARM GAS  /tmp/ccySdW0H.s 			page 63


 3535 1ac2 A20B0000 		.4byte	.LASF346
 3536 1ac6 20       		.byte	0x20
 3537 1ac7 5C02     		.2byte	0x25c
 3538 1ac9 1D       		.byte	0x1d
 3539 1aca 5C1A0000 		.4byte	0x1a5c
 3540 1ace 10       		.byte	0x10
 3541 1acf 18       		.uleb128 0x18
 3542 1ad0 86050000 		.4byte	.LASF347
 3543 1ad4 20       		.byte	0x20
 3544 1ad5 6302     		.2byte	0x263
 3545 1ad7 1D       		.byte	0x1d
 3546 1ad8 151A0000 		.4byte	0x1a15
 3547 1adc 14       		.byte	0x14
 3548 1add 18       		.uleb128 0x18
 3549 1ade 00070000 		.4byte	.LASF348
 3550 1ae2 20       		.byte	0x20
 3551 1ae3 6702     		.2byte	0x267
 3552 1ae5 1D       		.byte	0x1d
 3553 1ae6 A4090000 		.4byte	0x9a4
 3554 1aea 18       		.byte	0x18
 3555 1aeb 21       		.uleb128 0x21
 3556 1aec 63723100 		.ascii	"cr1\000"
 3557 1af0 20       		.byte	0x20
 3558 1af1 6B02     		.2byte	0x26b
 3559 1af3 1D       		.byte	0x1d
 3560 1af4 82090000 		.4byte	0x982
 3561 1af8 1C       		.byte	0x1c
 3562 1af9 21       		.uleb128 0x21
 3563 1afa 63723200 		.ascii	"cr2\000"
 3564 1afe 20       		.byte	0x20
 3565 1aff 6F02     		.2byte	0x26f
 3566 1b01 1D       		.byte	0x1d
 3567 1b02 82090000 		.4byte	0x982
 3568 1b06 1E       		.byte	0x1e
 3569 1b07 21       		.uleb128 0x21
 3570 1b08 63723300 		.ascii	"cr3\000"
 3571 1b0c 20       		.byte	0x20
 3572 1b0d 7302     		.2byte	0x273
 3573 1b0f 1D       		.byte	0x1d
 3574 1b10 82090000 		.4byte	0x982
 3575 1b14 20       		.byte	0x20
 3576 1b15 00       		.byte	0
 3577 1b16 07       		.uleb128 0x7
 3578 1b17 33080000 		.4byte	.LASF349
 3579 1b1b 20       		.byte	0x20
 3580 1b1c 7402     		.2byte	0x274
 3581 1b1e 03       		.byte	0x3
 3582 1b1f 7F1A0000 		.4byte	0x1a7f
 3583 1b23 0F       		.uleb128 0xf
 3584 1b24 161B0000 		.4byte	0x1b16
 3585 1b28 05       		.uleb128 0x5
 3586 1b29 04       		.byte	0x4
 3587 1b2a 231B0000 		.4byte	0x1b23
 3588 1b2e 05       		.uleb128 0x5
 3589 1b2f 04       		.byte	0x4
 3590 1b30 BC0E0000 		.4byte	0xebc
 3591 1b34 05       		.uleb128 0x5
ARM GAS  /tmp/ccySdW0H.s 			page 64


 3592 1b35 04       		.byte	0x4
 3593 1b36 5F140000 		.4byte	0x145f
 3594 1b3a 20       		.uleb128 0x20
 3595 1b3b DD140000 		.4byte	.LASF350
 3596 1b3f 20       		.byte	0x20
 3597 1b40 C502     		.2byte	0x2c5
 3598 1b42 13       		.byte	0x13
 3599 1b43 6D190000 		.4byte	0x196d
 3600 1b47 20       		.uleb128 0x20
 3601 1b48 E4140000 		.4byte	.LASF351
 3602 1b4c 20       		.byte	0x20
 3603 1b4d C902     		.2byte	0x2c9
 3604 1b4f 13       		.byte	0x13
 3605 1b50 6D190000 		.4byte	0x196d
 3606 1b54 20       		.uleb128 0x20
 3607 1b55 4D0D0000 		.4byte	.LASF352
 3608 1b59 20       		.byte	0x20
 3609 1b5a D902     		.2byte	0x2d9
 3610 1b5c 13       		.byte	0x13
 3611 1b5d 6D190000 		.4byte	0x196d
 3612 1b61 07       		.uleb128 0x7
 3613 1b62 75050000 		.4byte	.LASF353
 3614 1b66 21       		.byte	0x21
 3615 1b67 0301     		.2byte	0x103
 3616 1b69 1A       		.byte	0x1a
 3617 1b6a 6E1B0000 		.4byte	0x1b6e
 3618 1b6e 1B       		.uleb128 0x1b
 3619 1b6f 75050000 		.4byte	.LASF353
 3620 1b73 60       		.byte	0x60
 3621 1b74 22       		.byte	0x22
 3622 1b75 A501     		.2byte	0x1a5
 3623 1b77 08       		.byte	0x8
 3624 1b78 871C0000 		.4byte	0x1c87
 3625 1b7c 18       		.uleb128 0x18
 3626 1b7d 94010000 		.4byte	.LASF151
 3627 1b81 22       		.byte	0x22
 3628 1b82 A901     		.2byte	0x1a9
 3629 1b84 21       		.byte	0x21
 3630 1b85 C81C0000 		.4byte	0x1cc8
 3631 1b89 00       		.byte	0
 3632 1b8a 18       		.uleb128 0x18
 3633 1b8b 8D010000 		.4byte	.LASF295
 3634 1b8f 22       		.byte	0x22
 3635 1b90 AD01     		.2byte	0x1ad
 3636 1b92 22       		.byte	0x22
 3637 1b93 CC250000 		.4byte	0x25cc
 3638 1b97 04       		.byte	0x4
 3639 1b98 18       		.uleb128 0x18
 3640 1b99 37060000 		.4byte	.LASF354
 3641 1b9d 22       		.byte	0x22
 3642 1b9e B101     		.2byte	0x1b1
 3643 1ba0 21       		.byte	0x21
 3644 1ba1 82090000 		.4byte	0x982
 3645 1ba5 08       		.byte	0x8
 3646 1ba6 18       		.uleb128 0x18
 3647 1ba7 60050000 		.4byte	.LASF355
 3648 1bab 22       		.byte	0x22
ARM GAS  /tmp/ccySdW0H.s 			page 65


 3649 1bac B501     		.2byte	0x1b5
 3650 1bae 21       		.byte	0x21
 3651 1baf 82090000 		.4byte	0x982
 3652 1bb3 0A       		.byte	0xa
 3653 1bb4 21       		.uleb128 0x21
 3654 1bb5 65706300 		.ascii	"epc\000"
 3655 1bb9 22       		.byte	0x22
 3656 1bba B901     		.2byte	0x1b9
 3657 1bbc 22       		.byte	0x22
 3658 1bbd D2250000 		.4byte	0x25d2
 3659 1bc1 0C       		.byte	0xc
 3660 1bc2 18       		.uleb128 0x18
 3661 1bc3 E9100000 		.4byte	.LASF356
 3662 1bc7 22       		.byte	0x22
 3663 1bc8 C001     		.2byte	0x1c0
 3664 1bca 22       		.byte	0x22
 3665 1bcb E8250000 		.4byte	0x25e8
 3666 1bcf 1C       		.byte	0x1c
 3667 1bd0 18       		.uleb128 0x18
 3668 1bd1 A6080000 		.4byte	.LASF357
 3669 1bd5 22       		.byte	0x22
 3670 1bd6 C701     		.2byte	0x1c7
 3671 1bd8 22       		.byte	0x22
 3672 1bd9 E8250000 		.4byte	0x25e8
 3673 1bdd 28       		.byte	0x28
 3674 1bde 18       		.uleb128 0x18
 3675 1bdf C1040000 		.4byte	.LASF358
 3676 1be3 22       		.byte	0x22
 3677 1be4 CB01     		.2byte	0x1cb
 3678 1be6 21       		.byte	0x21
 3679 1be7 0F1D0000 		.4byte	0x1d0f
 3680 1beb 34       		.byte	0x34
 3681 1bec 18       		.uleb128 0x18
 3682 1bed D80A0000 		.4byte	.LASF359
 3683 1bf1 22       		.byte	0x22
 3684 1bf2 CF01     		.2byte	0x1cf
 3685 1bf4 22       		.byte	0x22
 3686 1bf5 43120000 		.4byte	0x1243
 3687 1bf9 38       		.byte	0x38
 3688 1bfa 18       		.uleb128 0x18
 3689 1bfb 49050000 		.4byte	.LASF360
 3690 1bff 22       		.byte	0x22
 3691 1c00 D301     		.2byte	0x1d3
 3692 1c02 21       		.byte	0x21
 3693 1c03 24000000 		.4byte	0x24
 3694 1c07 3C       		.byte	0x3c
 3695 1c08 18       		.uleb128 0x18
 3696 1c09 D4140000 		.4byte	.LASF361
 3697 1c0d 22       		.byte	0x22
 3698 1c0e D701     		.2byte	0x1d7
 3699 1c10 21       		.byte	0x21
 3700 1c11 9C1D0000 		.4byte	0x1d9c
 3701 1c15 40       		.byte	0x40
 3702 1c16 18       		.uleb128 0x18
 3703 1c17 F0060000 		.4byte	.LASF362
 3704 1c1b 22       		.byte	0x22
 3705 1c1c DB01     		.2byte	0x1db
ARM GAS  /tmp/ccySdW0H.s 			page 66


 3706 1c1e 21       		.byte	0x21
 3707 1c1f F8250000 		.4byte	0x25f8
 3708 1c23 44       		.byte	0x44
 3709 1c24 18       		.uleb128 0x18
 3710 1c25 E8120000 		.4byte	.LASF363
 3711 1c29 22       		.byte	0x22
 3712 1c2a DF01     		.2byte	0x1df
 3713 1c2c 21       		.byte	0x21
 3714 1c2d 82090000 		.4byte	0x982
 3715 1c31 4C       		.byte	0x4c
 3716 1c32 18       		.uleb128 0x18
 3717 1c33 61080000 		.4byte	.LASF364
 3718 1c37 22       		.byte	0x22
 3719 1c38 E301     		.2byte	0x1e3
 3720 1c3a 21       		.byte	0x21
 3721 1c3b 71090000 		.4byte	0x971
 3722 1c3f 4E       		.byte	0x4e
 3723 1c40 18       		.uleb128 0x18
 3724 1c41 AC070000 		.4byte	.LASF365
 3725 1c45 22       		.byte	0x22
 3726 1c46 E701     		.2byte	0x1e7
 3727 1c48 21       		.byte	0x21
 3728 1c49 71090000 		.4byte	0x971
 3729 1c4d 4F       		.byte	0x4f
 3730 1c4e 18       		.uleb128 0x18
 3731 1c4f 360F0000 		.4byte	.LASF366
 3732 1c53 22       		.byte	0x22
 3733 1c54 EB01     		.2byte	0x1eb
 3734 1c56 21       		.byte	0x21
 3735 1c57 C81C0000 		.4byte	0x1cc8
 3736 1c5b 50       		.byte	0x50
 3737 1c5c 21       		.uleb128 0x21
 3738 1c5d 6F746700 		.ascii	"otg\000"
 3739 1c61 22       		.byte	0x22
 3740 1c62 F301     		.2byte	0x1f3
 3741 1c64 22       		.byte	0x22
 3742 1c65 08260000 		.4byte	0x2608
 3743 1c69 54       		.byte	0x54
 3744 1c6a 18       		.uleb128 0x18
 3745 1c6b F70D0000 		.4byte	.LASF367
 3746 1c6f 22       		.byte	0x22
 3747 1c70 F701     		.2byte	0x1f7
 3748 1c72 22       		.byte	0x22
 3749 1c73 0E260000 		.4byte	0x260e
 3750 1c77 58       		.byte	0x58
 3751 1c78 18       		.uleb128 0x18
 3752 1c79 53150000 		.4byte	.LASF368
 3753 1c7d 22       		.byte	0x22
 3754 1c7e FB01     		.2byte	0x1fb
 3755 1c80 21       		.byte	0x21
 3756 1c81 A4090000 		.4byte	0x9a4
 3757 1c85 5C       		.byte	0x5c
 3758 1c86 00       		.byte	0
 3759 1c87 07       		.uleb128 0x7
 3760 1c88 1D140000 		.4byte	.LASF369
 3761 1c8c 21       		.byte	0x21
 3762 1c8d 0801     		.2byte	0x108
ARM GAS  /tmp/ccySdW0H.s 			page 67


 3763 1c8f 11       		.byte	0x11
 3764 1c90 71090000 		.4byte	0x971
 3765 1c94 27       		.uleb128 0x27
 3766 1c95 07       		.byte	0x7
 3767 1c96 01       		.byte	0x1
 3768 1c97 64000000 		.4byte	0x64
 3769 1c9b 21       		.byte	0x21
 3770 1c9c 0D01     		.2byte	0x10d
 3771 1c9e 0E       		.byte	0xe
 3772 1c9f C81C0000 		.4byte	0x1cc8
 3773 1ca3 26       		.uleb128 0x26
 3774 1ca4 450E0000 		.4byte	.LASF370
 3775 1ca8 00       		.byte	0
 3776 1ca9 26       		.uleb128 0x26
 3777 1caa 180D0000 		.4byte	.LASF371
 3778 1cae 01       		.byte	0x1
 3779 1caf 26       		.uleb128 0x26
 3780 1cb0 8D0A0000 		.4byte	.LASF372
 3781 1cb4 02       		.byte	0x2
 3782 1cb5 26       		.uleb128 0x26
 3783 1cb6 97070000 		.4byte	.LASF373
 3784 1cba 03       		.byte	0x3
 3785 1cbb 26       		.uleb128 0x26
 3786 1cbc 0B090000 		.4byte	.LASF374
 3787 1cc0 04       		.byte	0x4
 3788 1cc1 26       		.uleb128 0x26
 3789 1cc2 A0030000 		.4byte	.LASF375
 3790 1cc6 05       		.byte	0x5
 3791 1cc7 00       		.byte	0
 3792 1cc8 07       		.uleb128 0x7
 3793 1cc9 B9090000 		.4byte	.LASF376
 3794 1ccd 21       		.byte	0x21
 3795 1cce 1401     		.2byte	0x114
 3796 1cd0 03       		.byte	0x3
 3797 1cd1 941C0000 		.4byte	0x1c94
 3798 1cd5 27       		.uleb128 0x27
 3799 1cd6 07       		.byte	0x7
 3800 1cd7 01       		.byte	0x1
 3801 1cd8 64000000 		.4byte	0x64
 3802 1cdc 21       		.byte	0x21
 3803 1cdd 2201     		.2byte	0x122
 3804 1cdf 0E       		.byte	0xe
 3805 1ce0 0F1D0000 		.4byte	0x1d0f
 3806 1ce4 26       		.uleb128 0x26
 3807 1ce5 2D030000 		.4byte	.LASF377
 3808 1ce9 00       		.byte	0
 3809 1cea 26       		.uleb128 0x26
 3810 1ceb 32070000 		.4byte	.LASF378
 3811 1cef 09       		.byte	0x9
 3812 1cf0 26       		.uleb128 0x26
 3813 1cf1 8E100000 		.4byte	.LASF379
 3814 1cf5 0A       		.byte	0xa
 3815 1cf6 26       		.uleb128 0x26
 3816 1cf7 7D060000 		.4byte	.LASF380
 3817 1cfb 0B       		.byte	0xb
 3818 1cfc 26       		.uleb128 0x26
 3819 1cfd 770C0000 		.4byte	.LASF381
ARM GAS  /tmp/ccySdW0H.s 			page 68


 3820 1d01 14       		.byte	0x14
 3821 1d02 26       		.uleb128 0x26
 3822 1d03 63120000 		.4byte	.LASF382
 3823 1d07 15       		.byte	0x15
 3824 1d08 26       		.uleb128 0x26
 3825 1d09 5A040000 		.4byte	.LASF383
 3826 1d0d 06       		.byte	0x6
 3827 1d0e 00       		.byte	0
 3828 1d0f 07       		.uleb128 0x7
 3829 1d10 46020000 		.4byte	.LASF384
 3830 1d14 21       		.byte	0x21
 3831 1d15 2A01     		.2byte	0x12a
 3832 1d17 03       		.byte	0x3
 3833 1d18 D51C0000 		.4byte	0x1cd5
 3834 1d1c 27       		.uleb128 0x27
 3835 1d1d 07       		.byte	0x7
 3836 1d1e 01       		.byte	0x1
 3837 1d1f 64000000 		.4byte	0x64
 3838 1d23 21       		.byte	0x21
 3839 1d24 2F01     		.2byte	0x12f
 3840 1d26 0E       		.byte	0xe
 3841 1d27 561D0000 		.4byte	0x1d56
 3842 1d2b 26       		.uleb128 0x26
 3843 1d2c 61110000 		.4byte	.LASF385
 3844 1d30 00       		.byte	0
 3845 1d31 26       		.uleb128 0x26
 3846 1d32 7C020000 		.4byte	.LASF386
 3847 1d36 01       		.byte	0x1
 3848 1d37 26       		.uleb128 0x26
 3849 1d38 1F100000 		.4byte	.LASF387
 3850 1d3c 02       		.byte	0x2
 3851 1d3d 26       		.uleb128 0x26
 3852 1d3e 1F0E0000 		.4byte	.LASF388
 3853 1d42 03       		.byte	0x3
 3854 1d43 26       		.uleb128 0x26
 3855 1d44 A3140000 		.4byte	.LASF389
 3856 1d48 04       		.byte	0x4
 3857 1d49 26       		.uleb128 0x26
 3858 1d4a 390A0000 		.4byte	.LASF390
 3859 1d4e 05       		.byte	0x5
 3860 1d4f 26       		.uleb128 0x26
 3861 1d50 09040000 		.4byte	.LASF391
 3862 1d54 06       		.byte	0x6
 3863 1d55 00       		.byte	0
 3864 1d56 07       		.uleb128 0x7
 3865 1d57 12070000 		.4byte	.LASF392
 3866 1d5b 21       		.byte	0x21
 3867 1d5c 3701     		.2byte	0x137
 3868 1d5e 03       		.byte	0x3
 3869 1d5f 1C1D0000 		.4byte	0x1d1c
 3870 1d63 1C       		.uleb128 0x1c
 3871 1d64 08       		.byte	0x8
 3872 1d65 21       		.byte	0x21
 3873 1d66 3C01     		.2byte	0x13c
 3874 1d68 09       		.byte	0x9
 3875 1d69 8A1D0000 		.4byte	0x1d8a
 3876 1d6d 18       		.uleb128 0x18
ARM GAS  /tmp/ccySdW0H.s 			page 69


 3877 1d6e 87070000 		.4byte	.LASF393
 3878 1d72 21       		.byte	0x21
 3879 1d73 4001     		.2byte	0x140
 3880 1d75 21       		.byte	0x21
 3881 1d76 24000000 		.4byte	0x24
 3882 1d7a 00       		.byte	0
 3883 1d7b 18       		.uleb128 0x18
 3884 1d7c AC050000 		.4byte	.LASF394
 3885 1d80 21       		.byte	0x21
 3886 1d81 4401     		.2byte	0x144
 3887 1d83 22       		.byte	0x22
 3888 1d84 21160000 		.4byte	0x1621
 3889 1d88 04       		.byte	0x4
 3890 1d89 00       		.byte	0
 3891 1d8a 07       		.uleb128 0x7
 3892 1d8b DA060000 		.4byte	.LASF395
 3893 1d8f 21       		.byte	0x21
 3894 1d90 4501     		.2byte	0x145
 3895 1d92 03       		.byte	0x3
 3896 1d93 631D0000 		.4byte	0x1d63
 3897 1d97 0F       		.uleb128 0xf
 3898 1d98 8A1D0000 		.4byte	0x1d8a
 3899 1d9c 07       		.uleb128 0x7
 3900 1d9d FA110000 		.4byte	.LASF396
 3901 1da1 21       		.byte	0x21
 3902 1da2 4D01     		.2byte	0x14d
 3903 1da4 10       		.byte	0x10
 3904 1da5 A91D0000 		.4byte	0x1da9
 3905 1da9 05       		.uleb128 0x5
 3906 1daa 04       		.byte	0x4
 3907 1dab AF1D0000 		.4byte	0x1daf
 3908 1daf 1F       		.uleb128 0x1f
 3909 1db0 BA1D0000 		.4byte	0x1dba
 3910 1db4 16       		.uleb128 0x16
 3911 1db5 BA1D0000 		.4byte	0x1dba
 3912 1db9 00       		.byte	0
 3913 1dba 05       		.uleb128 0x5
 3914 1dbb 04       		.byte	0x4
 3915 1dbc 611B0000 		.4byte	0x1b61
 3916 1dc0 07       		.uleb128 0x7
 3917 1dc1 1C0B0000 		.4byte	.LASF397
 3918 1dc5 21       		.byte	0x21
 3919 1dc6 5601     		.2byte	0x156
 3920 1dc8 10       		.byte	0x10
 3921 1dc9 CD1D0000 		.4byte	0x1dcd
 3922 1dcd 05       		.uleb128 0x5
 3923 1dce 04       		.byte	0x4
 3924 1dcf D31D0000 		.4byte	0x1dd3
 3925 1dd3 1F       		.uleb128 0x1f
 3926 1dd4 E31D0000 		.4byte	0x1de3
 3927 1dd8 16       		.uleb128 0x16
 3928 1dd9 BA1D0000 		.4byte	0x1dba
 3929 1ddd 16       		.uleb128 0x16
 3930 1dde 871C0000 		.4byte	0x1c87
 3931 1de2 00       		.byte	0
 3932 1de3 07       		.uleb128 0x7
 3933 1de4 F0050000 		.4byte	.LASF398
ARM GAS  /tmp/ccySdW0H.s 			page 70


 3934 1de8 21       		.byte	0x21
 3935 1de9 5F01     		.2byte	0x15f
 3936 1deb 10       		.byte	0x10
 3937 1dec F01D0000 		.4byte	0x1df0
 3938 1df0 05       		.uleb128 0x5
 3939 1df1 04       		.byte	0x4
 3940 1df2 F61D0000 		.4byte	0x1df6
 3941 1df6 1F       		.uleb128 0x1f
 3942 1df7 061E0000 		.4byte	0x1e06
 3943 1dfb 16       		.uleb128 0x16
 3944 1dfc BA1D0000 		.4byte	0x1dba
 3945 1e00 16       		.uleb128 0x16
 3946 1e01 561D0000 		.4byte	0x1d56
 3947 1e05 00       		.byte	0
 3948 1e06 07       		.uleb128 0x7
 3949 1e07 E2110000 		.4byte	.LASF399
 3950 1e0b 21       		.byte	0x21
 3951 1e0c 6B01     		.2byte	0x16b
 3952 1e0e 10       		.byte	0x10
 3953 1e0f 131E0000 		.4byte	0x1e13
 3954 1e13 05       		.uleb128 0x5
 3955 1e14 04       		.byte	0x4
 3956 1e15 191E0000 		.4byte	0x1e19
 3957 1e19 15       		.uleb128 0x15
 3958 1e1a F2110000 		.4byte	0x11f2
 3959 1e1e 281E0000 		.4byte	0x1e28
 3960 1e22 16       		.uleb128 0x16
 3961 1e23 BA1D0000 		.4byte	0x1dba
 3962 1e27 00       		.byte	0
 3963 1e28 07       		.uleb128 0x7
 3964 1e29 BF100000 		.4byte	.LASF400
 3965 1e2d 21       		.byte	0x21
 3966 1e2e 7001     		.2byte	0x170
 3967 1e30 21       		.byte	0x21
 3968 1e31 351E0000 		.4byte	0x1e35
 3969 1e35 05       		.uleb128 0x5
 3970 1e36 04       		.byte	0x4
 3971 1e37 3B1E0000 		.4byte	0x1e3b
 3972 1e3b 15       		.uleb128 0x15
 3973 1e3c 591E0000 		.4byte	0x1e59
 3974 1e40 591E0000 		.4byte	0x1e59
 3975 1e44 16       		.uleb128 0x16
 3976 1e45 BA1D0000 		.4byte	0x1dba
 3977 1e49 16       		.uleb128 0x16
 3978 1e4a 71090000 		.4byte	0x971
 3979 1e4e 16       		.uleb128 0x16
 3980 1e4f 71090000 		.4byte	0x971
 3981 1e53 16       		.uleb128 0x16
 3982 1e54 82090000 		.4byte	0x982
 3983 1e58 00       		.byte	0
 3984 1e59 05       		.uleb128 0x5
 3985 1e5a 04       		.byte	0x4
 3986 1e5b 971D0000 		.4byte	0x1d97
 3987 1e5f 0C       		.uleb128 0xc
 3988 1e60 20       		.byte	0x20
 3989 1e61 23       		.byte	0x23
 3990 1e62 29       		.byte	0x29
ARM GAS  /tmp/ccySdW0H.s 			page 71


 3991 1e63 09       		.byte	0x9
 3992 1e64 D11E0000 		.4byte	0x1ed1
 3993 1e68 0D       		.uleb128 0xd
 3994 1e69 06050000 		.4byte	.LASF401
 3995 1e6d 23       		.byte	0x23
 3996 1e6e 2A       		.byte	0x2a
 3997 1e6f 15       		.byte	0x15
 3998 1e70 B0090000 		.4byte	0x9b0
 3999 1e74 00       		.byte	0
 4000 1e75 0D       		.uleb128 0xd
 4001 1e76 D1000000 		.4byte	.LASF402
 4002 1e7a 23       		.byte	0x23
 4003 1e7b 2C       		.byte	0x2c
 4004 1e7c 15       		.byte	0x15
 4005 1e7d B0090000 		.4byte	0x9b0
 4006 1e81 04       		.byte	0x4
 4007 1e82 0D       		.uleb128 0xd
 4008 1e83 D30B0000 		.4byte	.LASF403
 4009 1e87 23       		.byte	0x23
 4010 1e88 2D       		.byte	0x2d
 4011 1e89 15       		.byte	0x15
 4012 1e8a B0090000 		.4byte	0x9b0
 4013 1e8e 08       		.byte	0x8
 4014 1e8f 0D       		.uleb128 0xd
 4015 1e90 190F0000 		.4byte	.LASF404
 4016 1e94 23       		.byte	0x23
 4017 1e95 2E       		.byte	0x2e
 4018 1e96 15       		.byte	0x15
 4019 1e97 B0090000 		.4byte	0x9b0
 4020 1e9b 0C       		.byte	0xc
 4021 1e9c 0D       		.uleb128 0xd
 4022 1e9d 49060000 		.4byte	.LASF405
 4023 1ea1 23       		.byte	0x23
 4024 1ea2 30       		.byte	0x30
 4025 1ea3 15       		.byte	0x15
 4026 1ea4 B0090000 		.4byte	0x9b0
 4027 1ea8 10       		.byte	0x10
 4028 1ea9 0D       		.uleb128 0xd
 4029 1eaa 7A0D0000 		.4byte	.LASF406
 4030 1eae 23       		.byte	0x23
 4031 1eaf 32       		.byte	0x32
 4032 1eb0 15       		.byte	0x15
 4033 1eb1 B0090000 		.4byte	0x9b0
 4034 1eb5 14       		.byte	0x14
 4035 1eb6 0D       		.uleb128 0xd
 4036 1eb7 88110000 		.4byte	.LASF407
 4037 1ebb 23       		.byte	0x23
 4038 1ebc 33       		.byte	0x33
 4039 1ebd 15       		.byte	0x15
 4040 1ebe B0090000 		.4byte	0x9b0
 4041 1ec2 18       		.byte	0x18
 4042 1ec3 0D       		.uleb128 0xd
 4043 1ec4 DA110000 		.4byte	.LASF408
 4044 1ec8 23       		.byte	0x23
 4045 1ec9 34       		.byte	0x34
 4046 1eca 15       		.byte	0x15
 4047 1ecb B0090000 		.4byte	0x9b0
ARM GAS  /tmp/ccySdW0H.s 			page 72


 4048 1ecf 1C       		.byte	0x1c
 4049 1ed0 00       		.byte	0
 4050 1ed1 03       		.uleb128 0x3
 4051 1ed2 0E060000 		.4byte	.LASF409
 4052 1ed6 23       		.byte	0x23
 4053 1ed7 35       		.byte	0x35
 4054 1ed8 03       		.byte	0x3
 4055 1ed9 5F1E0000 		.4byte	0x1e5f
 4056 1edd 0C       		.uleb128 0xc
 4057 1ede 20       		.byte	0x20
 4058 1edf 23       		.byte	0x23
 4059 1ee0 3A       		.byte	0x3a
 4060 1ee1 09       		.byte	0x9
 4061 1ee2 4F1F0000 		.4byte	0x1f4f
 4062 1ee6 0D       		.uleb128 0xd
 4063 1ee7 F2110000 		.4byte	.LASF410
 4064 1eeb 23       		.byte	0x23
 4065 1eec 3B       		.byte	0x3b
 4066 1eed 15       		.byte	0x15
 4067 1eee B0090000 		.4byte	0x9b0
 4068 1ef2 00       		.byte	0
 4069 1ef3 0D       		.uleb128 0xd
 4070 1ef4 41010000 		.4byte	.LASF411
 4071 1ef8 23       		.byte	0x23
 4072 1ef9 3D       		.byte	0x3d
 4073 1efa 15       		.byte	0x15
 4074 1efb B0090000 		.4byte	0x9b0
 4075 1eff 04       		.byte	0x4
 4076 1f00 0D       		.uleb128 0xd
 4077 1f01 52120000 		.4byte	.LASF412
 4078 1f05 23       		.byte	0x23
 4079 1f06 3E       		.byte	0x3e
 4080 1f07 15       		.byte	0x15
 4081 1f08 B0090000 		.4byte	0x9b0
 4082 1f0c 08       		.byte	0x8
 4083 1f0d 0D       		.uleb128 0xd
 4084 1f0e E7000000 		.4byte	.LASF413
 4085 1f12 23       		.byte	0x23
 4086 1f13 40       		.byte	0x40
 4087 1f14 15       		.byte	0x15
 4088 1f15 B0090000 		.4byte	0x9b0
 4089 1f19 0C       		.byte	0xc
 4090 1f1a 0D       		.uleb128 0xd
 4091 1f1b D9040000 		.4byte	.LASF414
 4092 1f1f 23       		.byte	0x23
 4093 1f20 41       		.byte	0x41
 4094 1f21 15       		.byte	0x15
 4095 1f22 B0090000 		.4byte	0x9b0
 4096 1f26 10       		.byte	0x10
 4097 1f27 0D       		.uleb128 0xd
 4098 1f28 7A0D0000 		.4byte	.LASF406
 4099 1f2c 23       		.byte	0x23
 4100 1f2d 43       		.byte	0x43
 4101 1f2e 15       		.byte	0x15
 4102 1f2f B0090000 		.4byte	0x9b0
 4103 1f33 14       		.byte	0x14
 4104 1f34 0D       		.uleb128 0xd
ARM GAS  /tmp/ccySdW0H.s 			page 73


 4105 1f35 90110000 		.4byte	.LASF415
 4106 1f39 23       		.byte	0x23
 4107 1f3a 44       		.byte	0x44
 4108 1f3b 15       		.byte	0x15
 4109 1f3c B0090000 		.4byte	0x9b0
 4110 1f40 18       		.byte	0x18
 4111 1f41 0D       		.uleb128 0xd
 4112 1f42 98110000 		.4byte	.LASF416
 4113 1f46 23       		.byte	0x23
 4114 1f47 46       		.byte	0x46
 4115 1f48 15       		.byte	0x15
 4116 1f49 B0090000 		.4byte	0x9b0
 4117 1f4d 1C       		.byte	0x1c
 4118 1f4e 00       		.byte	0
 4119 1f4f 03       		.uleb128 0x3
 4120 1f50 C90F0000 		.4byte	.LASF417
 4121 1f54 23       		.byte	0x23
 4122 1f55 47       		.byte	0x47
 4123 1f56 03       		.byte	0x3
 4124 1f57 DD1E0000 		.4byte	0x1edd
 4125 1f5b 0C       		.uleb128 0xc
 4126 1f5c 20       		.byte	0x20
 4127 1f5d 23       		.byte	0x23
 4128 1f5e 4C       		.byte	0x4c
 4129 1f5f 09       		.byte	0x9
 4130 1f60 CD1F0000 		.4byte	0x1fcd
 4131 1f64 0D       		.uleb128 0xd
 4132 1f65 BC030000 		.4byte	.LASF418
 4133 1f69 23       		.byte	0x23
 4134 1f6a 4D       		.byte	0x4d
 4135 1f6b 15       		.byte	0x15
 4136 1f6c B0090000 		.4byte	0x9b0
 4137 1f70 00       		.byte	0
 4138 1f71 0D       		.uleb128 0xd
 4139 1f72 41010000 		.4byte	.LASF411
 4140 1f76 23       		.byte	0x23
 4141 1f77 4F       		.byte	0x4f
 4142 1f78 15       		.byte	0x15
 4143 1f79 B0090000 		.4byte	0x9b0
 4144 1f7d 04       		.byte	0x4
 4145 1f7e 0D       		.uleb128 0xd
 4146 1f7f 21040000 		.4byte	.LASF419
 4147 1f83 23       		.byte	0x23
 4148 1f84 50       		.byte	0x50
 4149 1f85 15       		.byte	0x15
 4150 1f86 B0090000 		.4byte	0x9b0
 4151 1f8a 08       		.byte	0x8
 4152 1f8b 0D       		.uleb128 0xd
 4153 1f8c E7000000 		.4byte	.LASF413
 4154 1f90 23       		.byte	0x23
 4155 1f91 52       		.byte	0x52
 4156 1f92 15       		.byte	0x15
 4157 1f93 B0090000 		.4byte	0x9b0
 4158 1f97 0C       		.byte	0xc
 4159 1f98 0D       		.uleb128 0xd
 4160 1f99 800B0000 		.4byte	.LASF420
 4161 1f9d 23       		.byte	0x23
ARM GAS  /tmp/ccySdW0H.s 			page 74


 4162 1f9e 53       		.byte	0x53
 4163 1f9f 15       		.byte	0x15
 4164 1fa0 B0090000 		.4byte	0x9b0
 4165 1fa4 10       		.byte	0x10
 4166 1fa5 0D       		.uleb128 0xd
 4167 1fa6 7A0D0000 		.4byte	.LASF406
 4168 1faa 23       		.byte	0x23
 4169 1fab 55       		.byte	0x55
 4170 1fac 15       		.byte	0x15
 4171 1fad B0090000 		.4byte	0x9b0
 4172 1fb1 14       		.byte	0x14
 4173 1fb2 0D       		.uleb128 0xd
 4174 1fb3 88110000 		.4byte	.LASF407
 4175 1fb7 23       		.byte	0x23
 4176 1fb8 56       		.byte	0x56
 4177 1fb9 15       		.byte	0x15
 4178 1fba B0090000 		.4byte	0x9b0
 4179 1fbe 18       		.byte	0x18
 4180 1fbf 0D       		.uleb128 0xd
 4181 1fc0 98110000 		.4byte	.LASF416
 4182 1fc4 23       		.byte	0x23
 4183 1fc5 57       		.byte	0x57
 4184 1fc6 15       		.byte	0x15
 4185 1fc7 B0090000 		.4byte	0x9b0
 4186 1fcb 1C       		.byte	0x1c
 4187 1fcc 00       		.byte	0
 4188 1fcd 03       		.uleb128 0x3
 4189 1fce 1F050000 		.4byte	.LASF421
 4190 1fd2 23       		.byte	0x23
 4191 1fd3 58       		.byte	0x58
 4192 1fd4 03       		.byte	0x3
 4193 1fd5 5B1F0000 		.4byte	0x1f5b
 4194 1fd9 28       		.uleb128 0x28
 4195 1fda 00100100 		.4byte	0x11000
 4196 1fde 23       		.byte	0x23
 4197 1fdf 5D       		.byte	0x5d
 4198 1fe0 09       		.byte	0x9
 4199 1fe1 F0220000 		.4byte	0x22f0
 4200 1fe5 0D       		.uleb128 0xd
 4201 1fe6 0B0A0000 		.4byte	.LASF422
 4202 1fea 23       		.byte	0x23
 4203 1feb 5E       		.byte	0x5e
 4204 1fec 15       		.byte	0x15
 4205 1fed B0090000 		.4byte	0x9b0
 4206 1ff1 00       		.byte	0
 4207 1ff2 0D       		.uleb128 0xd
 4208 1ff3 6F0A0000 		.4byte	.LASF423
 4209 1ff7 23       		.byte	0x23
 4210 1ff8 5F       		.byte	0x5f
 4211 1ff9 15       		.byte	0x15
 4212 1ffa B0090000 		.4byte	0x9b0
 4213 1ffe 04       		.byte	0x4
 4214 1fff 0D       		.uleb128 0xd
 4215 2000 9E080000 		.4byte	.LASF424
 4216 2004 23       		.byte	0x23
 4217 2005 60       		.byte	0x60
 4218 2006 15       		.byte	0x15
ARM GAS  /tmp/ccySdW0H.s 			page 75


 4219 2007 B0090000 		.4byte	0x9b0
 4220 200b 08       		.byte	0x8
 4221 200c 0D       		.uleb128 0xd
 4222 200d 3E080000 		.4byte	.LASF425
 4223 2011 23       		.byte	0x23
 4224 2012 61       		.byte	0x61
 4225 2013 15       		.byte	0x15
 4226 2014 B0090000 		.4byte	0x9b0
 4227 2018 0C       		.byte	0xc
 4228 2019 0D       		.uleb128 0xd
 4229 201a 08120000 		.4byte	.LASF426
 4230 201e 23       		.byte	0x23
 4231 201f 62       		.byte	0x62
 4232 2020 15       		.byte	0x15
 4233 2021 B0090000 		.4byte	0x9b0
 4234 2025 10       		.byte	0x10
 4235 2026 0D       		.uleb128 0xd
 4236 2027 10120000 		.4byte	.LASF427
 4237 202b 23       		.byte	0x23
 4238 202c 63       		.byte	0x63
 4239 202d 15       		.byte	0x15
 4240 202e B0090000 		.4byte	0x9b0
 4241 2032 14       		.byte	0x14
 4242 2033 0D       		.uleb128 0xd
 4243 2034 320D0000 		.4byte	.LASF428
 4244 2038 23       		.byte	0x23
 4245 2039 64       		.byte	0x64
 4246 203a 15       		.byte	0x15
 4247 203b B0090000 		.4byte	0x9b0
 4248 203f 18       		.byte	0x18
 4249 2040 0D       		.uleb128 0xd
 4250 2041 310A0000 		.4byte	.LASF429
 4251 2045 23       		.byte	0x23
 4252 2046 65       		.byte	0x65
 4253 2047 15       		.byte	0x15
 4254 2048 B0090000 		.4byte	0x9b0
 4255 204c 1C       		.byte	0x1c
 4256 204d 0D       		.uleb128 0xd
 4257 204e 970A0000 		.4byte	.LASF430
 4258 2052 23       		.byte	0x23
 4259 2053 67       		.byte	0x67
 4260 2054 15       		.byte	0x15
 4261 2055 B0090000 		.4byte	0x9b0
 4262 2059 20       		.byte	0x20
 4263 205a 0D       		.uleb128 0xd
 4264 205b BF070000 		.4byte	.LASF431
 4265 205f 23       		.byte	0x23
 4266 2060 69       		.byte	0x69
 4267 2061 15       		.byte	0x15
 4268 2062 B0090000 		.4byte	0x9b0
 4269 2066 24       		.byte	0x24
 4270 2067 0D       		.uleb128 0xd
 4271 2068 8E020000 		.4byte	.LASF432
 4272 206c 23       		.byte	0x23
 4273 206d 6A       		.byte	0x6a
 4274 206e 15       		.byte	0x15
 4275 206f B0090000 		.4byte	0x9b0
ARM GAS  /tmp/ccySdW0H.s 			page 76


 4276 2073 28       		.byte	0x28
 4277 2074 0D       		.uleb128 0xd
 4278 2075 5A120000 		.4byte	.LASF433
 4279 2079 23       		.byte	0x23
 4280 207a 6C       		.byte	0x6c
 4281 207b 15       		.byte	0x15
 4282 207c B0090000 		.4byte	0x9b0
 4283 2080 2C       		.byte	0x2c
 4284 2081 0D       		.uleb128 0xd
 4285 2082 D6130000 		.4byte	.LASF434
 4286 2086 23       		.byte	0x23
 4287 2087 6E       		.byte	0x6e
 4288 2088 15       		.byte	0x15
 4289 2089 B0090000 		.4byte	0x9b0
 4290 208d 30       		.byte	0x30
 4291 208e 0D       		.uleb128 0xd
 4292 208f E8130000 		.4byte	.LASF435
 4293 2093 23       		.byte	0x23
 4294 2094 6F       		.byte	0x6f
 4295 2095 15       		.byte	0x15
 4296 2096 B0090000 		.4byte	0x9b0
 4297 209a 34       		.byte	0x34
 4298 209b 0D       		.uleb128 0xd
 4299 209c 63060000 		.4byte	.LASF436
 4300 20a0 23       		.byte	0x23
 4301 20a1 70       		.byte	0x70
 4302 20a2 15       		.byte	0x15
 4303 20a3 B0090000 		.4byte	0x9b0
 4304 20a7 38       		.byte	0x38
 4305 20a8 11       		.uleb128 0x11
 4306 20a9 43494400 		.ascii	"CID\000"
 4307 20ad 23       		.byte	0x23
 4308 20ae 71       		.byte	0x71
 4309 20af 15       		.byte	0x15
 4310 20b0 B0090000 		.4byte	0x9b0
 4311 20b4 3C       		.byte	0x3c
 4312 20b5 0D       		.uleb128 0xd
 4313 20b6 FF140000 		.4byte	.LASF437
 4314 20ba 23       		.byte	0x23
 4315 20bb 72       		.byte	0x72
 4316 20bc 15       		.byte	0x15
 4317 20bd 00230000 		.4byte	0x2300
 4318 20c1 40       		.byte	0x40
 4319 20c2 13       		.uleb128 0x13
 4320 20c3 B60E0000 		.4byte	.LASF438
 4321 20c7 23       		.byte	0x23
 4322 20c8 73       		.byte	0x73
 4323 20c9 15       		.byte	0x15
 4324 20ca B0090000 		.4byte	0x9b0
 4325 20ce 0001     		.2byte	0x100
 4326 20d0 13       		.uleb128 0x13
 4327 20d1 EF070000 		.4byte	.LASF439
 4328 20d5 23       		.byte	0x23
 4329 20d6 75       		.byte	0x75
 4330 20d7 15       		.byte	0x15
 4331 20d8 D90E0000 		.4byte	0xed9
 4332 20dc 0401     		.2byte	0x104
ARM GAS  /tmp/ccySdW0H.s 			page 77


 4333 20de 13       		.uleb128 0x13
 4334 20df 8E150000 		.4byte	.LASF440
 4335 20e3 23       		.byte	0x23
 4336 20e4 77       		.byte	0x77
 4337 20e5 15       		.byte	0x15
 4338 20e6 15230000 		.4byte	0x2315
 4339 20ea 4001     		.2byte	0x140
 4340 20ec 13       		.uleb128 0x13
 4341 20ed 01050000 		.4byte	.LASF441
 4342 20f1 23       		.byte	0x23
 4343 20f2 78       		.byte	0x78
 4344 20f3 15       		.byte	0x15
 4345 20f4 B0090000 		.4byte	0x9b0
 4346 20f8 0004     		.2byte	0x400
 4347 20fa 13       		.uleb128 0x13
 4348 20fb 3C010000 		.4byte	.LASF442
 4349 20ff 23       		.byte	0x23
 4350 2100 79       		.byte	0x79
 4351 2101 15       		.byte	0x15
 4352 2102 B0090000 		.4byte	0x9b0
 4353 2106 0404     		.2byte	0x404
 4354 2108 13       		.uleb128 0x13
 4355 2109 E4050000 		.4byte	.LASF443
 4356 210d 23       		.byte	0x23
 4357 210e 7A       		.byte	0x7a
 4358 210f 15       		.byte	0x15
 4359 2110 B0090000 		.4byte	0x9b0
 4360 2114 0804     		.2byte	0x408
 4361 2116 13       		.uleb128 0x13
 4362 2117 F8090000 		.4byte	.LASF444
 4363 211b 23       		.byte	0x23
 4364 211c 7C       		.byte	0x7c
 4365 211d 15       		.byte	0x15
 4366 211e B0090000 		.4byte	0x9b0
 4367 2122 0C04     		.2byte	0x40c
 4368 2124 13       		.uleb128 0x13
 4369 2125 01080000 		.4byte	.LASF445
 4370 2129 23       		.byte	0x23
 4371 212a 7D       		.byte	0x7d
 4372 212b 15       		.byte	0x15
 4373 212c B0090000 		.4byte	0x9b0
 4374 2130 1004     		.2byte	0x410
 4375 2132 13       		.uleb128 0x13
 4376 2133 35040000 		.4byte	.LASF446
 4377 2137 23       		.byte	0x23
 4378 2138 7F       		.byte	0x7f
 4379 2139 15       		.byte	0x15
 4380 213a B0090000 		.4byte	0x9b0
 4381 213e 1404     		.2byte	0x414
 4382 2140 13       		.uleb128 0x13
 4383 2141 EA0C0000 		.4byte	.LASF447
 4384 2145 23       		.byte	0x23
 4385 2146 81       		.byte	0x81
 4386 2147 15       		.byte	0x15
 4387 2148 B0090000 		.4byte	0x9b0
 4388 214c 1804     		.2byte	0x418
 4389 214e 13       		.uleb128 0x13
ARM GAS  /tmp/ccySdW0H.s 			page 78


 4390 214f B40A0000 		.4byte	.LASF448
 4391 2153 23       		.byte	0x23
 4392 2154 83       		.byte	0x83
 4393 2155 15       		.byte	0x15
 4394 2156 2A230000 		.4byte	0x232a
 4395 215a 1C04     		.2byte	0x41c
 4396 215c 13       		.uleb128 0x13
 4397 215d FB0E0000 		.4byte	.LASF449
 4398 2161 23       		.byte	0x23
 4399 2162 84       		.byte	0x84
 4400 2163 15       		.byte	0x15
 4401 2164 B0090000 		.4byte	0x9b0
 4402 2168 4004     		.2byte	0x440
 4403 216a 13       		.uleb128 0x13
 4404 216b 1C150000 		.4byte	.LASF450
 4405 216f 23       		.byte	0x23
 4406 2170 86       		.byte	0x86
 4407 2171 15       		.byte	0x15
 4408 2172 3F230000 		.4byte	0x233f
 4409 2176 4404     		.2byte	0x444
 4410 2178 29       		.uleb128 0x29
 4411 2179 686300   		.ascii	"hc\000"
 4412 217c 23       		.byte	0x23
 4413 217d 87       		.byte	0x87
 4414 217e 18       		.byte	0x18
 4415 217f 44230000 		.4byte	0x2344
 4416 2183 0005     		.2byte	0x500
 4417 2185 13       		.uleb128 0x13
 4418 2186 7B010000 		.4byte	.LASF451
 4419 218a 23       		.byte	0x23
 4420 218b 88       		.byte	0x88
 4421 218c 15       		.byte	0x15
 4422 218d 64230000 		.4byte	0x2364
 4423 2191 0007     		.2byte	0x700
 4424 2193 13       		.uleb128 0x13
 4425 2194 A2040000 		.4byte	.LASF452
 4426 2198 23       		.byte	0x23
 4427 2199 89       		.byte	0x89
 4428 219a 15       		.byte	0x15
 4429 219b B0090000 		.4byte	0x9b0
 4430 219f 0008     		.2byte	0x800
 4431 21a1 13       		.uleb128 0x13
 4432 21a2 63030000 		.4byte	.LASF453
 4433 21a6 23       		.byte	0x23
 4434 21a7 8A       		.byte	0x8a
 4435 21a8 15       		.byte	0x15
 4436 21a9 B0090000 		.4byte	0x9b0
 4437 21ad 0408     		.2byte	0x804
 4438 21af 13       		.uleb128 0x13
 4439 21b0 76140000 		.4byte	.LASF454
 4440 21b4 23       		.byte	0x23
 4441 21b5 8B       		.byte	0x8b
 4442 21b6 15       		.byte	0x15
 4443 21b7 B0090000 		.4byte	0x9b0
 4444 21bb 0808     		.2byte	0x808
 4445 21bd 13       		.uleb128 0x13
 4446 21be 4E050000 		.4byte	.LASF455
ARM GAS  /tmp/ccySdW0H.s 			page 79


 4447 21c2 23       		.byte	0x23
 4448 21c3 8C       		.byte	0x8c
 4449 21c4 15       		.byte	0x15
 4450 21c5 B0090000 		.4byte	0x9b0
 4451 21c9 0C08     		.2byte	0x80c
 4452 21cb 13       		.uleb128 0x13
 4453 21cc F9040000 		.4byte	.LASF456
 4454 21d0 23       		.byte	0x23
 4455 21d1 8D       		.byte	0x8d
 4456 21d2 15       		.byte	0x15
 4457 21d3 B0090000 		.4byte	0x9b0
 4458 21d7 1008     		.2byte	0x810
 4459 21d9 13       		.uleb128 0x13
 4460 21da 79030000 		.4byte	.LASF457
 4461 21de 23       		.byte	0x23
 4462 21df 8F       		.byte	0x8f
 4463 21e0 15       		.byte	0x15
 4464 21e1 B0090000 		.4byte	0x9b0
 4465 21e5 1408     		.2byte	0x814
 4466 21e7 13       		.uleb128 0x13
 4467 21e8 73030000 		.4byte	.LASF458
 4468 21ec 23       		.byte	0x23
 4469 21ed 91       		.byte	0x91
 4470 21ee 15       		.byte	0x15
 4471 21ef B0090000 		.4byte	0x9b0
 4472 21f3 1808     		.2byte	0x818
 4473 21f5 13       		.uleb128 0x13
 4474 21f6 9F0F0000 		.4byte	.LASF459
 4475 21fa 23       		.byte	0x23
 4476 21fb 93       		.byte	0x93
 4477 21fc 15       		.byte	0x15
 4478 21fd B0090000 		.4byte	0x9b0
 4479 2201 1C08     		.2byte	0x81c
 4480 2203 13       		.uleb128 0x13
 4481 2204 C20B0000 		.4byte	.LASF460
 4482 2208 23       		.byte	0x23
 4483 2209 95       		.byte	0x95
 4484 220a 15       		.byte	0x15
 4485 220b B0090000 		.4byte	0x9b0
 4486 220f 2008     		.2byte	0x820
 4487 2211 13       		.uleb128 0x13
 4488 2212 69060000 		.4byte	.LASF461
 4489 2216 23       		.byte	0x23
 4490 2217 96       		.byte	0x96
 4491 2218 15       		.byte	0x15
 4492 2219 B0090000 		.4byte	0x9b0
 4493 221d 2408     		.2byte	0x824
 4494 221f 13       		.uleb128 0x13
 4495 2220 C00F0000 		.4byte	.LASF462
 4496 2224 23       		.byte	0x23
 4497 2225 97       		.byte	0x97
 4498 2226 15       		.byte	0x15
 4499 2227 B0090000 		.4byte	0x9b0
 4500 222b 2808     		.2byte	0x828
 4501 222d 13       		.uleb128 0x13
 4502 222e 72060000 		.4byte	.LASF463
 4503 2232 23       		.byte	0x23
ARM GAS  /tmp/ccySdW0H.s 			page 80


 4504 2233 99       		.byte	0x99
 4505 2234 15       		.byte	0x15
 4506 2235 B0090000 		.4byte	0x9b0
 4507 2239 2C08     		.2byte	0x82c
 4508 223b 13       		.uleb128 0x13
 4509 223c 160E0000 		.4byte	.LASF464
 4510 2240 23       		.byte	0x23
 4511 2241 9B       		.byte	0x9b
 4512 2242 15       		.byte	0x15
 4513 2243 B0090000 		.4byte	0x9b0
 4514 2247 3008     		.2byte	0x830
 4515 2249 13       		.uleb128 0x13
 4516 224a C8060000 		.4byte	.LASF465
 4517 224e 23       		.byte	0x23
 4518 224f 9C       		.byte	0x9c
 4519 2250 15       		.byte	0x15
 4520 2251 B0090000 		.4byte	0x9b0
 4521 2255 3408     		.2byte	0x834
 4522 2257 13       		.uleb128 0x13
 4523 2258 FD0A0000 		.4byte	.LASF466
 4524 225c 23       		.byte	0x23
 4525 225d 9E       		.byte	0x9e
 4526 225e 15       		.byte	0x15
 4527 225f B0090000 		.4byte	0x9b0
 4528 2263 3808     		.2byte	0x838
 4529 2265 13       		.uleb128 0x13
 4530 2266 BF0E0000 		.4byte	.LASF467
 4531 226a 23       		.byte	0x23
 4532 226b 9F       		.byte	0x9f
 4533 226c 15       		.byte	0x15
 4534 226d B0090000 		.4byte	0x9b0
 4535 2271 3C08     		.2byte	0x83c
 4536 2273 13       		.uleb128 0x13
 4537 2274 CD070000 		.4byte	.LASF468
 4538 2278 23       		.byte	0x23
 4539 2279 A0       		.byte	0xa0
 4540 227a 15       		.byte	0x15
 4541 227b 79230000 		.4byte	0x2379
 4542 227f 4008     		.2byte	0x840
 4543 2281 13       		.uleb128 0x13
 4544 2282 420B0000 		.4byte	.LASF469
 4545 2286 23       		.byte	0x23
 4546 2287 A1       		.byte	0xa1
 4547 2288 15       		.byte	0x15
 4548 2289 79230000 		.4byte	0x2379
 4549 228d 8008     		.2byte	0x880
 4550 228f 13       		.uleb128 0x13
 4551 2290 3D140000 		.4byte	.LASF470
 4552 2294 23       		.byte	0x23
 4553 2295 A2       		.byte	0xa2
 4554 2296 15       		.byte	0x15
 4555 2297 79230000 		.4byte	0x2379
 4556 229b C008     		.2byte	0x8c0
 4557 229d 29       		.uleb128 0x29
 4558 229e 696500   		.ascii	"ie\000"
 4559 22a1 23       		.byte	0x23
 4560 22a2 A3       		.byte	0xa3
ARM GAS  /tmp/ccySdW0H.s 			page 81


 4561 22a3 15       		.byte	0x15
 4562 22a4 7E230000 		.4byte	0x237e
 4563 22a8 0009     		.2byte	0x900
 4564 22aa 29       		.uleb128 0x29
 4565 22ab 6F6500   		.ascii	"oe\000"
 4566 22ae 23       		.byte	0x23
 4567 22af A4       		.byte	0xa4
 4568 22b0 16       		.byte	0x16
 4569 22b1 8E230000 		.4byte	0x238e
 4570 22b5 000B     		.2byte	0xb00
 4571 22b7 13       		.uleb128 0x13
 4572 22b8 960E0000 		.4byte	.LASF471
 4573 22bc 23       		.byte	0x23
 4574 22bd A5       		.byte	0xa5
 4575 22be 15       		.byte	0x15
 4576 22bf 64230000 		.4byte	0x2364
 4577 22c3 000D     		.2byte	0xd00
 4578 22c5 13       		.uleb128 0x13
 4579 22c6 2B080000 		.4byte	.LASF472
 4580 22ca 23       		.byte	0x23
 4581 22cb A6       		.byte	0xa6
 4582 22cc 15       		.byte	0x15
 4583 22cd B0090000 		.4byte	0x9b0
 4584 22d1 000E     		.2byte	0xe00
 4585 22d3 13       		.uleb128 0x13
 4586 22d4 9A0C0000 		.4byte	.LASF473
 4587 22d8 23       		.byte	0x23
 4588 22d9 A8       		.byte	0xa8
 4589 22da 15       		.byte	0x15
 4590 22db AE230000 		.4byte	0x23ae
 4591 22df 040E     		.2byte	0xe04
 4592 22e1 13       		.uleb128 0x13
 4593 22e2 52010000 		.4byte	.LASF474
 4594 22e6 23       		.byte	0x23
 4595 22e7 A9       		.byte	0xa9
 4596 22e8 15       		.byte	0x15
 4597 22e9 CA230000 		.4byte	0x23ca
 4598 22ed 0010     		.2byte	0x1000
 4599 22ef 00       		.byte	0
 4600 22f0 0A       		.uleb128 0xa
 4601 22f1 B0090000 		.4byte	0x9b0
 4602 22f5 00230000 		.4byte	0x2300
 4603 22f9 0B       		.uleb128 0xb
 4604 22fa 30000000 		.4byte	0x30
 4605 22fe 2F       		.byte	0x2f
 4606 22ff 00       		.byte	0
 4607 2300 1A       		.uleb128 0x1a
 4608 2301 F0220000 		.4byte	0x22f0
 4609 2305 0A       		.uleb128 0xa
 4610 2306 B0090000 		.4byte	0x9b0
 4611 230a 15230000 		.4byte	0x2315
 4612 230e 0B       		.uleb128 0xb
 4613 230f 30000000 		.4byte	0x30
 4614 2313 AF       		.byte	0xaf
 4615 2314 00       		.byte	0
 4616 2315 1A       		.uleb128 0x1a
 4617 2316 05230000 		.4byte	0x2305
ARM GAS  /tmp/ccySdW0H.s 			page 82


 4618 231a 0A       		.uleb128 0xa
 4619 231b B0090000 		.4byte	0x9b0
 4620 231f 2A230000 		.4byte	0x232a
 4621 2323 0B       		.uleb128 0xb
 4622 2324 30000000 		.4byte	0x30
 4623 2328 08       		.byte	0x8
 4624 2329 00       		.byte	0
 4625 232a 1A       		.uleb128 0x1a
 4626 232b 1A230000 		.4byte	0x231a
 4627 232f 0A       		.uleb128 0xa
 4628 2330 B0090000 		.4byte	0x9b0
 4629 2334 3F230000 		.4byte	0x233f
 4630 2338 0B       		.uleb128 0xb
 4631 2339 30000000 		.4byte	0x30
 4632 233d 2E       		.byte	0x2e
 4633 233e 00       		.byte	0
 4634 233f 1A       		.uleb128 0x1a
 4635 2340 2F230000 		.4byte	0x232f
 4636 2344 0A       		.uleb128 0xa
 4637 2345 D11E0000 		.4byte	0x1ed1
 4638 2349 54230000 		.4byte	0x2354
 4639 234d 0B       		.uleb128 0xb
 4640 234e 30000000 		.4byte	0x30
 4641 2352 0F       		.byte	0xf
 4642 2353 00       		.byte	0
 4643 2354 0A       		.uleb128 0xa
 4644 2355 B0090000 		.4byte	0x9b0
 4645 2359 64230000 		.4byte	0x2364
 4646 235d 0B       		.uleb128 0xb
 4647 235e 30000000 		.4byte	0x30
 4648 2362 3F       		.byte	0x3f
 4649 2363 00       		.byte	0
 4650 2364 1A       		.uleb128 0x1a
 4651 2365 54230000 		.4byte	0x2354
 4652 2369 0A       		.uleb128 0xa
 4653 236a B0090000 		.4byte	0x9b0
 4654 236e 79230000 		.4byte	0x2379
 4655 2372 0B       		.uleb128 0xb
 4656 2373 30000000 		.4byte	0x30
 4657 2377 0F       		.byte	0xf
 4658 2378 00       		.byte	0
 4659 2379 1A       		.uleb128 0x1a
 4660 237a 69230000 		.4byte	0x2369
 4661 237e 0A       		.uleb128 0xa
 4662 237f 4F1F0000 		.4byte	0x1f4f
 4663 2383 8E230000 		.4byte	0x238e
 4664 2387 0B       		.uleb128 0xb
 4665 2388 30000000 		.4byte	0x30
 4666 238c 0F       		.byte	0xf
 4667 238d 00       		.byte	0
 4668 238e 0A       		.uleb128 0xa
 4669 238f CD1F0000 		.4byte	0x1fcd
 4670 2393 9E230000 		.4byte	0x239e
 4671 2397 0B       		.uleb128 0xb
 4672 2398 30000000 		.4byte	0x30
 4673 239c 0F       		.byte	0xf
 4674 239d 00       		.byte	0
ARM GAS  /tmp/ccySdW0H.s 			page 83


 4675 239e 0A       		.uleb128 0xa
 4676 239f B0090000 		.4byte	0x9b0
 4677 23a3 AE230000 		.4byte	0x23ae
 4678 23a7 0B       		.uleb128 0xb
 4679 23a8 30000000 		.4byte	0x30
 4680 23ac 7E       		.byte	0x7e
 4681 23ad 00       		.byte	0
 4682 23ae 1A       		.uleb128 0x1a
 4683 23af 9E230000 		.4byte	0x239e
 4684 23b3 0A       		.uleb128 0xa
 4685 23b4 B0090000 		.4byte	0x9b0
 4686 23b8 CA230000 		.4byte	0x23ca
 4687 23bc 0B       		.uleb128 0xb
 4688 23bd 30000000 		.4byte	0x30
 4689 23c1 0F       		.byte	0xf
 4690 23c2 2A       		.uleb128 0x2a
 4691 23c3 30000000 		.4byte	0x30
 4692 23c7 FF03     		.2byte	0x3ff
 4693 23c9 00       		.byte	0
 4694 23ca 1A       		.uleb128 0x1a
 4695 23cb B3230000 		.4byte	0x23b3
 4696 23cf 03       		.uleb128 0x3
 4697 23d0 EC0B0000 		.4byte	.LASF475
 4698 23d4 23       		.byte	0x23
 4699 23d5 AA       		.byte	0xaa
 4700 23d6 03       		.byte	0x3
 4701 23d7 D91F0000 		.4byte	0x1fd9
 4702 23db 1C       		.uleb128 0x1c
 4703 23dc 0C       		.byte	0xc
 4704 23dd 22       		.byte	0x22
 4705 23de 0401     		.2byte	0x104
 4706 23e0 09       		.byte	0x9
 4707 23e1 10240000 		.4byte	0x2410
 4708 23e5 18       		.uleb128 0x18
 4709 23e6 92000000 		.4byte	.LASF476
 4710 23ea 22       		.byte	0x22
 4711 23eb 0501     		.2byte	0x105
 4712 23ed 21       		.byte	0x21
 4713 23ee A4090000 		.4byte	0x9a4
 4714 23f2 00       		.byte	0
 4715 23f3 18       		.uleb128 0x18
 4716 23f4 C40D0000 		.4byte	.LASF477
 4717 23f8 22       		.byte	0x22
 4718 23f9 0601     		.2byte	0x106
 4719 23fb 21       		.byte	0x21
 4720 23fc A4090000 		.4byte	0x9a4
 4721 2400 04       		.byte	0x4
 4722 2401 18       		.uleb128 0x18
 4723 2402 16090000 		.4byte	.LASF478
 4724 2406 22       		.byte	0x22
 4725 2407 0701     		.2byte	0x107
 4726 2409 21       		.byte	0x21
 4727 240a A4090000 		.4byte	0x9a4
 4728 240e 08       		.byte	0x8
 4729 240f 00       		.byte	0
 4730 2410 07       		.uleb128 0x7
 4731 2411 B1020000 		.4byte	.LASF479
ARM GAS  /tmp/ccySdW0H.s 			page 84


 4732 2415 22       		.byte	0x22
 4733 2416 0801     		.2byte	0x108
 4734 2418 03       		.byte	0x3
 4735 2419 DB230000 		.4byte	0x23db
 4736 241d 0F       		.uleb128 0xf
 4737 241e 10240000 		.4byte	0x2410
 4738 2422 1C       		.uleb128 0x1c
 4739 2423 10       		.byte	0x10
 4740 2424 22       		.byte	0x22
 4741 2425 0D01     		.2byte	0x10d
 4742 2427 09       		.byte	0x9
 4743 2428 65240000 		.4byte	0x2465
 4744 242c 18       		.uleb128 0x18
 4745 242d 69090000 		.4byte	.LASF480
 4746 2431 22       		.byte	0x22
 4747 2432 1101     		.2byte	0x111
 4748 2434 21       		.byte	0x21
 4749 2435 24000000 		.4byte	0x24
 4750 2439 00       		.byte	0
 4751 243a 18       		.uleb128 0x18
 4752 243b C7070000 		.4byte	.LASF481
 4753 243f 22       		.byte	0x22
 4754 2440 1501     		.2byte	0x115
 4755 2442 21       		.byte	0x21
 4756 2443 24000000 		.4byte	0x24
 4757 2447 04       		.byte	0x4
 4758 2448 18       		.uleb128 0x18
 4759 2449 68030000 		.4byte	.LASF482
 4760 244d 22       		.byte	0x22
 4761 244e 1901     		.2byte	0x119
 4762 2450 22       		.byte	0x22
 4763 2451 21160000 		.4byte	0x1621
 4764 2455 08       		.byte	0x8
 4765 2456 18       		.uleb128 0x18
 4766 2457 3D110000 		.4byte	.LASF483
 4767 245b 22       		.byte	0x22
 4768 245c 2401     		.2byte	0x124
 4769 245e 21       		.byte	0x21
 4770 245f 24000000 		.4byte	0x24
 4771 2463 0C       		.byte	0xc
 4772 2464 00       		.byte	0
 4773 2465 07       		.uleb128 0x7
 4774 2466 50060000 		.4byte	.LASF484
 4775 246a 22       		.byte	0x22
 4776 246b 2501     		.2byte	0x125
 4777 246d 03       		.byte	0x3
 4778 246e 22240000 		.4byte	0x2422
 4779 2472 1C       		.uleb128 0x1c
 4780 2473 10       		.byte	0x10
 4781 2474 22       		.byte	0x22
 4782 2475 2A01     		.2byte	0x12a
 4783 2477 09       		.byte	0x9
 4784 2478 B5240000 		.4byte	0x24b5
 4785 247c 18       		.uleb128 0x18
 4786 247d 11100000 		.4byte	.LASF485
 4787 2481 22       		.byte	0x22
 4788 2482 2E01     		.2byte	0x12e
ARM GAS  /tmp/ccySdW0H.s 			page 85


 4789 2484 21       		.byte	0x21
 4790 2485 24000000 		.4byte	0x24
 4791 2489 00       		.byte	0
 4792 248a 18       		.uleb128 0x18
 4793 248b 210D0000 		.4byte	.LASF486
 4794 248f 22       		.byte	0x22
 4795 2490 3201     		.2byte	0x132
 4796 2492 21       		.byte	0x21
 4797 2493 24000000 		.4byte	0x24
 4798 2497 04       		.byte	0x4
 4799 2498 18       		.uleb128 0x18
 4800 2499 1C0A0000 		.4byte	.LASF338
 4801 249d 22       		.byte	0x22
 4802 249e 3601     		.2byte	0x136
 4803 24a0 22       		.byte	0x22
 4804 24a1 43120000 		.4byte	0x1243
 4805 24a5 08       		.byte	0x8
 4806 24a6 18       		.uleb128 0x18
 4807 24a7 3D110000 		.4byte	.LASF483
 4808 24ab 22       		.byte	0x22
 4809 24ac 4101     		.2byte	0x141
 4810 24ae 21       		.byte	0x21
 4811 24af 24000000 		.4byte	0x24
 4812 24b3 0C       		.byte	0xc
 4813 24b4 00       		.byte	0
 4814 24b5 07       		.uleb128 0x7
 4815 24b6 FA010000 		.4byte	.LASF487
 4816 24ba 22       		.byte	0x22
 4817 24bb 4201     		.2byte	0x142
 4818 24bd 03       		.byte	0x3
 4819 24be 72240000 		.4byte	0x2472
 4820 24c2 1C       		.uleb128 0x1c
 4821 24c3 24       		.byte	0x24
 4822 24c4 22       		.byte	0x22
 4823 24c5 4801     		.2byte	0x148
 4824 24c7 09       		.byte	0x9
 4825 24c8 59250000 		.4byte	0x2559
 4826 24cc 18       		.uleb128 0x18
 4827 24cd 9A010000 		.4byte	.LASF488
 4828 24d1 22       		.byte	0x22
 4829 24d2 4C01     		.2byte	0x14c
 4830 24d4 21       		.byte	0x21
 4831 24d5 A4090000 		.4byte	0x9a4
 4832 24d9 00       		.byte	0
 4833 24da 18       		.uleb128 0x18
 4834 24db A3050000 		.4byte	.LASF489
 4835 24df 22       		.byte	0x22
 4836 24e0 5701     		.2byte	0x157
 4837 24e2 21       		.byte	0x21
 4838 24e3 C01D0000 		.4byte	0x1dc0
 4839 24e7 04       		.byte	0x4
 4840 24e8 18       		.uleb128 0x18
 4841 24e9 C5050000 		.4byte	.LASF490
 4842 24ed 22       		.byte	0x22
 4843 24ee 5C01     		.2byte	0x15c
 4844 24f0 21       		.byte	0x21
 4845 24f1 C01D0000 		.4byte	0x1dc0
ARM GAS  /tmp/ccySdW0H.s 			page 86


 4846 24f5 08       		.byte	0x8
 4847 24f6 18       		.uleb128 0x18
 4848 24f7 D50C0000 		.4byte	.LASF491
 4849 24fb 22       		.byte	0x22
 4850 24fc 6101     		.2byte	0x161
 4851 24fe 21       		.byte	0x21
 4852 24ff C01D0000 		.4byte	0x1dc0
 4853 2503 0C       		.byte	0xc
 4854 2504 18       		.uleb128 0x18
 4855 2505 270D0000 		.4byte	.LASF492
 4856 2509 22       		.byte	0x22
 4857 250a 6601     		.2byte	0x166
 4858 250c 21       		.byte	0x21
 4859 250d 82090000 		.4byte	0x982
 4860 2511 10       		.byte	0x10
 4861 2512 18       		.uleb128 0x18
 4862 2513 23060000 		.4byte	.LASF493
 4863 2517 22       		.byte	0x22
 4864 2518 6B01     		.2byte	0x16b
 4865 251a 21       		.byte	0x21
 4866 251b 82090000 		.4byte	0x982
 4867 251f 12       		.byte	0x12
 4868 2520 18       		.uleb128 0x18
 4869 2521 280A0000 		.4byte	.LASF494
 4870 2525 22       		.byte	0x22
 4871 2526 7101     		.2byte	0x171
 4872 2528 22       		.byte	0x22
 4873 2529 59250000 		.4byte	0x2559
 4874 252d 14       		.byte	0x14
 4875 252e 18       		.uleb128 0x18
 4876 252f 700D0000 		.4byte	.LASF495
 4877 2533 22       		.byte	0x22
 4878 2534 7701     		.2byte	0x177
 4879 2536 22       		.byte	0x22
 4880 2537 5F250000 		.4byte	0x255f
 4881 253b 18       		.byte	0x18
 4882 253c 18       		.uleb128 0x18
 4883 253d D9080000 		.4byte	.LASF496
 4884 2541 22       		.byte	0x22
 4885 2542 7E01     		.2byte	0x17e
 4886 2544 21       		.byte	0x21
 4887 2545 82090000 		.4byte	0x982
 4888 2549 1C       		.byte	0x1c
 4889 254a 18       		.uleb128 0x18
 4890 254b 070C0000 		.4byte	.LASF497
 4891 254f 22       		.byte	0x22
 4892 2550 8401     		.2byte	0x184
 4893 2552 22       		.byte	0x22
 4894 2553 43120000 		.4byte	0x1243
 4895 2557 20       		.byte	0x20
 4896 2558 00       		.byte	0
 4897 2559 05       		.uleb128 0x5
 4898 255a 04       		.byte	0x4
 4899 255b 65240000 		.4byte	0x2465
 4900 255f 05       		.uleb128 0x5
 4901 2560 04       		.byte	0x4
 4902 2561 B5240000 		.4byte	0x24b5
ARM GAS  /tmp/ccySdW0H.s 			page 87


 4903 2565 07       		.uleb128 0x7
 4904 2566 5E100000 		.4byte	.LASF498
 4905 256a 22       		.byte	0x22
 4906 256b 8501     		.2byte	0x185
 4907 256d 03       		.byte	0x3
 4908 256e C2240000 		.4byte	0x24c2
 4909 2572 0F       		.uleb128 0xf
 4910 2573 65250000 		.4byte	0x2565
 4911 2577 1C       		.uleb128 0x1c
 4912 2578 10       		.byte	0x10
 4913 2579 22       		.byte	0x22
 4914 257a 8A01     		.2byte	0x18a
 4915 257c 09       		.byte	0x9
 4916 257d BA250000 		.4byte	0x25ba
 4917 2581 18       		.uleb128 0x18
 4918 2582 660A0000 		.4byte	.LASF499
 4919 2586 22       		.byte	0x22
 4920 2587 8F01     		.2byte	0x18f
 4921 2589 21       		.byte	0x21
 4922 258a E31D0000 		.4byte	0x1de3
 4923 258e 00       		.byte	0
 4924 258f 18       		.uleb128 0x18
 4925 2590 7B140000 		.4byte	.LASF500
 4926 2594 22       		.byte	0x22
 4927 2595 9401     		.2byte	0x194
 4928 2597 21       		.byte	0x21
 4929 2598 281E0000 		.4byte	0x1e28
 4930 259c 04       		.byte	0x4
 4931 259d 18       		.uleb128 0x18
 4932 259e E2040000 		.4byte	.LASF501
 4933 25a2 22       		.byte	0x22
 4934 25a3 9A01     		.2byte	0x19a
 4935 25a5 21       		.byte	0x21
 4936 25a6 061E0000 		.4byte	0x1e06
 4937 25aa 08       		.byte	0x8
 4938 25ab 18       		.uleb128 0x18
 4939 25ac 87150000 		.4byte	.LASF502
 4940 25b0 22       		.byte	0x22
 4941 25b1 9E01     		.2byte	0x19e
 4942 25b3 21       		.byte	0x21
 4943 25b4 9C1D0000 		.4byte	0x1d9c
 4944 25b8 0C       		.byte	0xc
 4945 25b9 00       		.byte	0
 4946 25ba 07       		.uleb128 0x7
 4947 25bb B80B0000 		.4byte	.LASF503
 4948 25bf 22       		.byte	0x22
 4949 25c0 A001     		.2byte	0x1a0
 4950 25c2 03       		.byte	0x3
 4951 25c3 77250000 		.4byte	0x2577
 4952 25c7 0F       		.uleb128 0xf
 4953 25c8 BA250000 		.4byte	0x25ba
 4954 25cc 05       		.uleb128 0x5
 4955 25cd 04       		.byte	0x4
 4956 25ce C7250000 		.4byte	0x25c7
 4957 25d2 0A       		.uleb128 0xa
 4958 25d3 E2250000 		.4byte	0x25e2
 4959 25d7 E2250000 		.4byte	0x25e2
ARM GAS  /tmp/ccySdW0H.s 			page 88


 4960 25db 0B       		.uleb128 0xb
 4961 25dc 30000000 		.4byte	0x30
 4962 25e0 03       		.byte	0x3
 4963 25e1 00       		.byte	0
 4964 25e2 05       		.uleb128 0x5
 4965 25e3 04       		.byte	0x4
 4966 25e4 72250000 		.4byte	0x2572
 4967 25e8 0A       		.uleb128 0xa
 4968 25e9 68010000 		.4byte	0x168
 4969 25ed F8250000 		.4byte	0x25f8
 4970 25f1 0B       		.uleb128 0xb
 4971 25f2 30000000 		.4byte	0x30
 4972 25f6 02       		.byte	0x2
 4973 25f7 00       		.byte	0
 4974 25f8 0A       		.uleb128 0xa
 4975 25f9 71090000 		.4byte	0x971
 4976 25fd 08260000 		.4byte	0x2608
 4977 2601 0B       		.uleb128 0xb
 4978 2602 30000000 		.4byte	0x30
 4979 2606 07       		.byte	0x7
 4980 2607 00       		.byte	0
 4981 2608 05       		.uleb128 0x5
 4982 2609 04       		.byte	0x4
 4983 260a CF230000 		.4byte	0x23cf
 4984 260e 05       		.uleb128 0x5
 4985 260f 04       		.byte	0x4
 4986 2610 1D240000 		.4byte	0x241d
 4987 2614 20       		.uleb128 0x20
 4988 2615 52100000 		.4byte	.LASF504
 4989 2619 22       		.byte	0x22
 4990 261a 3A02     		.2byte	0x23a
 4991 261c 12       		.byte	0x12
 4992 261d 611B0000 		.4byte	0x1b61
 4993 2621 10       		.uleb128 0x10
 4994 2622 0B030000 		.4byte	.LASF505
 4995 2626 18       		.byte	0x18
 4996 2627 24       		.byte	0x24
 4997 2628 46       		.byte	0x46
 4998 2629 08       		.byte	0x8
 4999 262a 7D260000 		.4byte	0x267d
 5000 262e 0D       		.uleb128 0xd
 5001 262f 25140000 		.4byte	.LASF281
 5002 2633 24       		.byte	0x24
 5003 2634 47       		.byte	0x47
 5004 2635 03       		.byte	0x3
 5005 2636 24000000 		.4byte	0x24
 5006 263a 00       		.byte	0
 5007 263b 0D       		.uleb128 0xd
 5008 263c 92090000 		.4byte	.LASF282
 5009 2640 24       		.byte	0x24
 5010 2641 47       		.byte	0x47
 5011 2642 03       		.byte	0x3
 5012 2643 27160000 		.4byte	0x1627
 5013 2647 04       		.byte	0x4
 5014 2648 0D       		.uleb128 0xd
 5015 2649 890B0000 		.4byte	.LASF283
 5016 264d 24       		.byte	0x24
ARM GAS  /tmp/ccySdW0H.s 			page 89


 5017 264e 47       		.byte	0x47
 5018 264f 03       		.byte	0x3
 5019 2650 46160000 		.4byte	0x1646
 5020 2654 08       		.byte	0x8
 5021 2655 11       		.uleb128 0x11
 5022 2656 70757400 		.ascii	"put\000"
 5023 265a 24       		.byte	0x24
 5024 265b 47       		.byte	0x47
 5025 265c 03       		.byte	0x3
 5026 265d 60160000 		.4byte	0x1660
 5027 2661 0C       		.byte	0xc
 5028 2662 11       		.uleb128 0x11
 5029 2663 67657400 		.ascii	"get\000"
 5030 2667 24       		.byte	0x24
 5031 2668 47       		.byte	0x47
 5032 2669 03       		.byte	0x3
 5033 266a 75160000 		.4byte	0x1675
 5034 266e 10       		.byte	0x10
 5035 266f 0D       		.uleb128 0xd
 5036 2670 37050000 		.4byte	.LASF506
 5037 2674 24       		.byte	0x24
 5038 2675 47       		.byte	0x47
 5039 2676 03       		.byte	0x3
 5040 2677 60160000 		.4byte	0x1660
 5041 267b 14       		.byte	0x14
 5042 267c 00       		.byte	0
 5043 267d 0F       		.uleb128 0xf
 5044 267e 21260000 		.4byte	0x2621
 5045 2682 0C       		.uleb128 0xc
 5046 2683 10       		.byte	0x10
 5047 2684 24       		.byte	0x24
 5048 2685 4F       		.byte	0x4f
 5049 2686 09       		.byte	0x9
 5050 2687 C0260000 		.4byte	0x26c0
 5051 268b 11       		.uleb128 0x11
 5052 268c 766D7400 		.ascii	"vmt\000"
 5053 2690 24       		.byte	0x24
 5054 2691 51       		.byte	0x51
 5055 2692 2A       		.byte	0x2a
 5056 2693 C0260000 		.4byte	0x26c0
 5057 2697 00       		.byte	0
 5058 2698 0D       		.uleb128 0xd
 5059 2699 32020000 		.4byte	.LASF507
 5060 269d 24       		.byte	0x24
 5061 269e 52       		.byte	0x52
 5062 269f 03       		.byte	0x3
 5063 26a0 C6260000 		.4byte	0x26c6
 5064 26a4 04       		.byte	0x4
 5065 26a5 0D       		.uleb128 0xd
 5066 26a6 D3060000 		.4byte	.LASF508
 5067 26aa 24       		.byte	0x24
 5068 26ab 52       		.byte	0x52
 5069 26ac 03       		.byte	0x3
 5070 26ad CC260000 		.4byte	0x26cc
 5071 26b1 08       		.byte	0x8
 5072 26b2 11       		.uleb128 0x11
 5073 26b3 6E647800 		.ascii	"ndx\000"
ARM GAS  /tmp/ccySdW0H.s 			page 90


 5074 26b7 24       		.byte	0x24
 5075 26b8 52       		.byte	0x52
 5076 26b9 03       		.byte	0x3
 5077 26ba 24000000 		.4byte	0x24
 5078 26be 0C       		.byte	0xc
 5079 26bf 00       		.byte	0
 5080 26c0 05       		.uleb128 0x5
 5081 26c1 04       		.byte	0x4
 5082 26c2 7D260000 		.4byte	0x267d
 5083 26c6 05       		.uleb128 0x5
 5084 26c7 04       		.byte	0x4
 5085 26c8 98160000 		.4byte	0x1698
 5086 26cc 0A       		.uleb128 0xa
 5087 26cd 71090000 		.4byte	0x971
 5088 26d1 DC260000 		.4byte	0x26dc
 5089 26d5 0B       		.uleb128 0xb
 5090 26d6 30000000 		.4byte	0x30
 5091 26da 00       		.byte	0
 5092 26db 00       		.byte	0
 5093 26dc 03       		.uleb128 0x3
 5094 26dd 060B0000 		.4byte	.LASF509
 5095 26e1 24       		.byte	0x24
 5096 26e2 53       		.byte	0x53
 5097 26e3 03       		.byte	0x3
 5098 26e4 82260000 		.4byte	0x2682
 5099 26e8 2B       		.uleb128 0x2b
 5100 26e9 766D7400 		.ascii	"vmt\000"
 5101 26ed 25       		.byte	0x25
 5102 26ee 63       		.byte	0x63
 5103 26ef 2E       		.byte	0x2e
 5104 26f0 7D260000 		.4byte	0x267d
 5105 26f4 2C       		.uleb128 0x2c
 5106 26f5 97150000 		.4byte	.LASF519
 5107 26f9 25       		.byte	0x25
 5108 26fa 73       		.byte	0x73
 5109 26fb 06       		.byte	0x6
 5110 26fc 19270000 		.4byte	0x2719
 5111 2700 2D       		.uleb128 0x2d
 5112 2701 4E150000 		.4byte	.LASF510
 5113 2705 25       		.byte	0x25
 5114 2706 73       		.byte	0x73
 5115 2707 2B       		.byte	0x2b
 5116 2708 19270000 		.4byte	0x2719
 5117 270c 2D       		.uleb128 0x2d
 5118 270d 32020000 		.4byte	.LASF507
 5119 2711 25       		.byte	0x25
 5120 2712 73       		.byte	0x73
 5121 2713 47       		.byte	0x47
 5122 2714 C6260000 		.4byte	0x26c6
 5123 2718 00       		.byte	0
 5124 2719 05       		.uleb128 0x5
 5125 271a 04       		.byte	0x4
 5126 271b DC260000 		.4byte	0x26dc
 5127 271f 2E       		.uleb128 0x2e
 5128 2720 9D060000 		.4byte	.LASF511
 5129 2724 25       		.byte	0x25
 5130 2725 57       		.byte	0x57
ARM GAS  /tmp/ccySdW0H.s 			page 91


 5131 2726 0E       		.byte	0xe
 5132 2727 FD090000 		.4byte	0x9fd
 5133 272b 51270000 		.4byte	0x2751
 5134 272f 2F       		.uleb128 0x2f
 5135 2730 697000   		.ascii	"ip\000"
 5136 2733 25       		.byte	0x25
 5137 2734 57       		.byte	0x57
 5138 2735 1B       		.byte	0x1b
 5139 2736 68010000 		.4byte	0x168
 5140 273a 2F       		.uleb128 0x2f
 5141 273b 6200     		.ascii	"b\000"
 5142 273d 25       		.byte	0x25
 5143 273e 57       		.byte	0x57
 5144 273f 27       		.byte	0x27
 5145 2740 71090000 		.4byte	0x971
 5146 2744 30       		.uleb128 0x30
 5147 2745 4E150000 		.4byte	.LASF510
 5148 2749 25       		.byte	0x25
 5149 274a 58       		.byte	0x58
 5150 274b 1A       		.byte	0x1a
 5151 274c 19270000 		.4byte	0x2719
 5152 2750 00       		.byte	0
 5153 2751 2E       		.uleb128 0x2e
 5154 2752 6E030000 		.4byte	.LASF512
 5155 2756 25       		.byte	0x25
 5156 2757 4D       		.byte	0x4d
 5157 2758 0E       		.byte	0xe
 5158 2759 FD090000 		.4byte	0x9fd
 5159 275d 79270000 		.4byte	0x2779
 5160 2761 2F       		.uleb128 0x2f
 5161 2762 697000   		.ascii	"ip\000"
 5162 2765 25       		.byte	0x25
 5163 2766 4D       		.byte	0x4d
 5164 2767 19       		.byte	0x19
 5165 2768 68010000 		.4byte	0x168
 5166 276c 30       		.uleb128 0x30
 5167 276d 4E150000 		.4byte	.LASF510
 5168 2771 25       		.byte	0x25
 5169 2772 4E       		.byte	0x4e
 5170 2773 1A       		.byte	0x1a
 5171 2774 19270000 		.4byte	0x2719
 5172 2778 00       		.byte	0
 5173 2779 2E       		.uleb128 0x2e
 5174 277a E70B0000 		.4byte	.LASF513
 5175 277e 25       		.byte	0x25
 5176 277f 48       		.byte	0x48
 5177 2780 0E       		.byte	0xe
 5178 2781 FD090000 		.4byte	0x9fd
 5179 2785 AB270000 		.4byte	0x27ab
 5180 2789 2F       		.uleb128 0x2f
 5181 278a 697000   		.ascii	"ip\000"
 5182 278d 25       		.byte	0x25
 5183 278e 48       		.byte	0x48
 5184 278f 19       		.byte	0x19
 5185 2790 68010000 		.4byte	0x168
 5186 2794 2F       		.uleb128 0x2f
 5187 2795 6200     		.ascii	"b\000"
ARM GAS  /tmp/ccySdW0H.s 			page 92


 5188 2797 25       		.byte	0x25
 5189 2798 48       		.byte	0x48
 5190 2799 25       		.byte	0x25
 5191 279a 71090000 		.4byte	0x971
 5192 279e 30       		.uleb128 0x30
 5193 279f 4E150000 		.4byte	.LASF510
 5194 27a3 25       		.byte	0x25
 5195 27a4 49       		.byte	0x49
 5196 27a5 1A       		.byte	0x1a
 5197 27a6 19270000 		.4byte	0x2719
 5198 27aa 00       		.byte	0
 5199 27ab 2E       		.uleb128 0x2e
 5200 27ac 1C020000 		.4byte	.LASF514
 5201 27b0 25       		.byte	0x25
 5202 27b1 38       		.byte	0x38
 5203 27b2 0F       		.byte	0xf
 5204 27b3 24000000 		.4byte	0x24
 5205 27b7 F4270000 		.4byte	0x27f4
 5206 27bb 2F       		.uleb128 0x2f
 5207 27bc 697000   		.ascii	"ip\000"
 5208 27bf 25       		.byte	0x25
 5209 27c0 38       		.byte	0x38
 5210 27c1 1C       		.byte	0x1c
 5211 27c2 68010000 		.4byte	0x168
 5212 27c6 2F       		.uleb128 0x2f
 5213 27c7 627000   		.ascii	"bp\000"
 5214 27ca 25       		.byte	0x25
 5215 27cb 38       		.byte	0x38
 5216 27cc 29       		.byte	0x29
 5217 27cd 43120000 		.4byte	0x1243
 5218 27d1 2F       		.uleb128 0x2f
 5219 27d2 6E00     		.ascii	"n\000"
 5220 27d4 25       		.byte	0x25
 5221 27d5 38       		.byte	0x38
 5222 27d6 34       		.byte	0x34
 5223 27d7 24000000 		.4byte	0x24
 5224 27db 30       		.uleb128 0x30
 5225 27dc 4E150000 		.4byte	.LASF510
 5226 27e0 25       		.byte	0x25
 5227 27e1 39       		.byte	0x39
 5228 27e2 1A       		.byte	0x1a
 5229 27e3 19270000 		.4byte	0x2719
 5230 27e7 30       		.uleb128 0x30
 5231 27e8 0B140000 		.4byte	.LASF515
 5232 27ec 25       		.byte	0x25
 5233 27ed 3A       		.byte	0x3a
 5234 27ee 13       		.byte	0x13
 5235 27ef 24000000 		.4byte	0x24
 5236 27f3 00       		.byte	0
 5237 27f4 31       		.uleb128 0x31
 5238 27f5 F2010000 		.4byte	.LASF520
 5239 27f9 25       		.byte	0x25
 5240 27fa 33       		.byte	0x33
 5241 27fb 0F       		.byte	0xf
 5242 27fc 24000000 		.4byte	0x24
 5243 2800 2F       		.uleb128 0x2f
 5244 2801 697000   		.ascii	"ip\000"
ARM GAS  /tmp/ccySdW0H.s 			page 93


 5245 2804 25       		.byte	0x25
 5246 2805 33       		.byte	0x33
 5247 2806 1D       		.byte	0x1d
 5248 2807 68010000 		.4byte	0x168
 5249 280b 2F       		.uleb128 0x2f
 5250 280c 627000   		.ascii	"bp\000"
 5251 280f 25       		.byte	0x25
 5252 2810 33       		.byte	0x33
 5253 2811 30       		.byte	0x30
 5254 2812 21160000 		.4byte	0x1621
 5255 2816 2F       		.uleb128 0x2f
 5256 2817 6E00     		.ascii	"n\000"
 5257 2819 25       		.byte	0x25
 5258 281a 33       		.byte	0x33
 5259 281b 3B       		.byte	0x3b
 5260 281c 24000000 		.4byte	0x24
 5261 2820 30       		.uleb128 0x30
 5262 2821 4E150000 		.4byte	.LASF510
 5263 2825 25       		.byte	0x25
 5264 2826 34       		.byte	0x34
 5265 2827 1A       		.byte	0x1a
 5266 2828 19270000 		.4byte	0x2719
 5267 282c 00       		.byte	0
 5268 282d 00       		.byte	0
 5269              		.section	.gnu.debuglto_.debug_abbrev,"e",%progbits
 5270              	.Ldebug_abbrev0:
 5271 0000 01       		.uleb128 0x1
 5272 0001 11       		.uleb128 0x11
 5273 0002 01       		.byte	0x1
 5274 0003 25       		.uleb128 0x25
 5275 0004 0E       		.uleb128 0xe
 5276 0005 13       		.uleb128 0x13
 5277 0006 0B       		.uleb128 0xb
 5278 0007 03       		.uleb128 0x3
 5279 0008 0E       		.uleb128 0xe
 5280 0009 1B       		.uleb128 0x1b
 5281 000a 0E       		.uleb128 0xe
 5282 000b 10       		.uleb128 0x10
 5283 000c 17       		.uleb128 0x17
 5284 000d 00       		.byte	0
 5285 000e 00       		.byte	0
 5286 000f 02       		.uleb128 0x2
 5287 0010 24       		.uleb128 0x24
 5288 0011 00       		.byte	0
 5289 0012 0B       		.uleb128 0xb
 5290 0013 0B       		.uleb128 0xb
 5291 0014 3E       		.uleb128 0x3e
 5292 0015 0B       		.uleb128 0xb
 5293 0016 03       		.uleb128 0x3
 5294 0017 08       		.uleb128 0x8
 5295 0018 00       		.byte	0
 5296 0019 00       		.byte	0
 5297 001a 03       		.uleb128 0x3
 5298 001b 16       		.uleb128 0x16
 5299 001c 00       		.byte	0
 5300 001d 03       		.uleb128 0x3
 5301 001e 0E       		.uleb128 0xe
ARM GAS  /tmp/ccySdW0H.s 			page 94


 5302 001f 3A       		.uleb128 0x3a
 5303 0020 0B       		.uleb128 0xb
 5304 0021 3B       		.uleb128 0x3b
 5305 0022 0B       		.uleb128 0xb
 5306 0023 39       		.uleb128 0x39
 5307 0024 0B       		.uleb128 0xb
 5308 0025 49       		.uleb128 0x49
 5309 0026 13       		.uleb128 0x13
 5310 0027 00       		.byte	0
 5311 0028 00       		.byte	0
 5312 0029 04       		.uleb128 0x4
 5313 002a 24       		.uleb128 0x24
 5314 002b 00       		.byte	0
 5315 002c 0B       		.uleb128 0xb
 5316 002d 0B       		.uleb128 0xb
 5317 002e 3E       		.uleb128 0x3e
 5318 002f 0B       		.uleb128 0xb
 5319 0030 03       		.uleb128 0x3
 5320 0031 0E       		.uleb128 0xe
 5321 0032 00       		.byte	0
 5322 0033 00       		.byte	0
 5323 0034 05       		.uleb128 0x5
 5324 0035 0F       		.uleb128 0xf
 5325 0036 00       		.byte	0
 5326 0037 0B       		.uleb128 0xb
 5327 0038 0B       		.uleb128 0xb
 5328 0039 49       		.uleb128 0x49
 5329 003a 13       		.uleb128 0x13
 5330 003b 00       		.byte	0
 5331 003c 00       		.byte	0
 5332 003d 06       		.uleb128 0x6
 5333 003e 13       		.uleb128 0x13
 5334 003f 00       		.byte	0
 5335 0040 03       		.uleb128 0x3
 5336 0041 0E       		.uleb128 0xe
 5337 0042 3C       		.uleb128 0x3c
 5338 0043 19       		.uleb128 0x19
 5339 0044 00       		.byte	0
 5340 0045 00       		.byte	0
 5341 0046 07       		.uleb128 0x7
 5342 0047 16       		.uleb128 0x16
 5343 0048 00       		.byte	0
 5344 0049 03       		.uleb128 0x3
 5345 004a 0E       		.uleb128 0xe
 5346 004b 3A       		.uleb128 0x3a
 5347 004c 0B       		.uleb128 0xb
 5348 004d 3B       		.uleb128 0x3b
 5349 004e 05       		.uleb128 0x5
 5350 004f 39       		.uleb128 0x39
 5351 0050 0B       		.uleb128 0xb
 5352 0051 49       		.uleb128 0x49
 5353 0052 13       		.uleb128 0x13
 5354 0053 00       		.byte	0
 5355 0054 00       		.byte	0
 5356 0055 08       		.uleb128 0x8
 5357 0056 17       		.uleb128 0x17
 5358 0057 01       		.byte	0x1
ARM GAS  /tmp/ccySdW0H.s 			page 95


 5359 0058 0B       		.uleb128 0xb
 5360 0059 0B       		.uleb128 0xb
 5361 005a 3A       		.uleb128 0x3a
 5362 005b 0B       		.uleb128 0xb
 5363 005c 3B       		.uleb128 0x3b
 5364 005d 0B       		.uleb128 0xb
 5365 005e 39       		.uleb128 0x39
 5366 005f 0B       		.uleb128 0xb
 5367 0060 01       		.uleb128 0x1
 5368 0061 13       		.uleb128 0x13
 5369 0062 00       		.byte	0
 5370 0063 00       		.byte	0
 5371 0064 09       		.uleb128 0x9
 5372 0065 0D       		.uleb128 0xd
 5373 0066 00       		.byte	0
 5374 0067 03       		.uleb128 0x3
 5375 0068 0E       		.uleb128 0xe
 5376 0069 3A       		.uleb128 0x3a
 5377 006a 0B       		.uleb128 0xb
 5378 006b 3B       		.uleb128 0x3b
 5379 006c 0B       		.uleb128 0xb
 5380 006d 39       		.uleb128 0x39
 5381 006e 0B       		.uleb128 0xb
 5382 006f 49       		.uleb128 0x49
 5383 0070 13       		.uleb128 0x13
 5384 0071 00       		.byte	0
 5385 0072 00       		.byte	0
 5386 0073 0A       		.uleb128 0xa
 5387 0074 01       		.uleb128 0x1
 5388 0075 01       		.byte	0x1
 5389 0076 49       		.uleb128 0x49
 5390 0077 13       		.uleb128 0x13
 5391 0078 01       		.uleb128 0x1
 5392 0079 13       		.uleb128 0x13
 5393 007a 00       		.byte	0
 5394 007b 00       		.byte	0
 5395 007c 0B       		.uleb128 0xb
 5396 007d 21       		.uleb128 0x21
 5397 007e 00       		.byte	0
 5398 007f 49       		.uleb128 0x49
 5399 0080 13       		.uleb128 0x13
 5400 0081 2F       		.uleb128 0x2f
 5401 0082 0B       		.uleb128 0xb
 5402 0083 00       		.byte	0
 5403 0084 00       		.byte	0
 5404 0085 0C       		.uleb128 0xc
 5405 0086 13       		.uleb128 0x13
 5406 0087 01       		.byte	0x1
 5407 0088 0B       		.uleb128 0xb
 5408 0089 0B       		.uleb128 0xb
 5409 008a 3A       		.uleb128 0x3a
 5410 008b 0B       		.uleb128 0xb
 5411 008c 3B       		.uleb128 0x3b
 5412 008d 0B       		.uleb128 0xb
 5413 008e 39       		.uleb128 0x39
 5414 008f 0B       		.uleb128 0xb
 5415 0090 01       		.uleb128 0x1
ARM GAS  /tmp/ccySdW0H.s 			page 96


 5416 0091 13       		.uleb128 0x13
 5417 0092 00       		.byte	0
 5418 0093 00       		.byte	0
 5419 0094 0D       		.uleb128 0xd
 5420 0095 0D       		.uleb128 0xd
 5421 0096 00       		.byte	0
 5422 0097 03       		.uleb128 0x3
 5423 0098 0E       		.uleb128 0xe
 5424 0099 3A       		.uleb128 0x3a
 5425 009a 0B       		.uleb128 0xb
 5426 009b 3B       		.uleb128 0x3b
 5427 009c 0B       		.uleb128 0xb
 5428 009d 39       		.uleb128 0x39
 5429 009e 0B       		.uleb128 0xb
 5430 009f 49       		.uleb128 0x49
 5431 00a0 13       		.uleb128 0x13
 5432 00a1 38       		.uleb128 0x38
 5433 00a2 0B       		.uleb128 0xb
 5434 00a3 00       		.byte	0
 5435 00a4 00       		.byte	0
 5436 00a5 0E       		.uleb128 0xe
 5437 00a6 0F       		.uleb128 0xf
 5438 00a7 00       		.byte	0
 5439 00a8 0B       		.uleb128 0xb
 5440 00a9 0B       		.uleb128 0xb
 5441 00aa 00       		.byte	0
 5442 00ab 00       		.byte	0
 5443 00ac 0F       		.uleb128 0xf
 5444 00ad 26       		.uleb128 0x26
 5445 00ae 00       		.byte	0
 5446 00af 49       		.uleb128 0x49
 5447 00b0 13       		.uleb128 0x13
 5448 00b1 00       		.byte	0
 5449 00b2 00       		.byte	0
 5450 00b3 10       		.uleb128 0x10
 5451 00b4 13       		.uleb128 0x13
 5452 00b5 01       		.byte	0x1
 5453 00b6 03       		.uleb128 0x3
 5454 00b7 0E       		.uleb128 0xe
 5455 00b8 0B       		.uleb128 0xb
 5456 00b9 0B       		.uleb128 0xb
 5457 00ba 3A       		.uleb128 0x3a
 5458 00bb 0B       		.uleb128 0xb
 5459 00bc 3B       		.uleb128 0x3b
 5460 00bd 0B       		.uleb128 0xb
 5461 00be 39       		.uleb128 0x39
 5462 00bf 0B       		.uleb128 0xb
 5463 00c0 01       		.uleb128 0x1
 5464 00c1 13       		.uleb128 0x13
 5465 00c2 00       		.byte	0
 5466 00c3 00       		.byte	0
 5467 00c4 11       		.uleb128 0x11
 5468 00c5 0D       		.uleb128 0xd
 5469 00c6 00       		.byte	0
 5470 00c7 03       		.uleb128 0x3
 5471 00c8 08       		.uleb128 0x8
 5472 00c9 3A       		.uleb128 0x3a
ARM GAS  /tmp/ccySdW0H.s 			page 97


 5473 00ca 0B       		.uleb128 0xb
 5474 00cb 3B       		.uleb128 0x3b
 5475 00cc 0B       		.uleb128 0xb
 5476 00cd 39       		.uleb128 0x39
 5477 00ce 0B       		.uleb128 0xb
 5478 00cf 49       		.uleb128 0x49
 5479 00d0 13       		.uleb128 0x13
 5480 00d1 38       		.uleb128 0x38
 5481 00d2 0B       		.uleb128 0xb
 5482 00d3 00       		.byte	0
 5483 00d4 00       		.byte	0
 5484 00d5 12       		.uleb128 0x12
 5485 00d6 13       		.uleb128 0x13
 5486 00d7 01       		.byte	0x1
 5487 00d8 03       		.uleb128 0x3
 5488 00d9 0E       		.uleb128 0xe
 5489 00da 0B       		.uleb128 0xb
 5490 00db 05       		.uleb128 0x5
 5491 00dc 3A       		.uleb128 0x3a
 5492 00dd 0B       		.uleb128 0xb
 5493 00de 3B       		.uleb128 0x3b
 5494 00df 0B       		.uleb128 0xb
 5495 00e0 39       		.uleb128 0x39
 5496 00e1 0B       		.uleb128 0xb
 5497 00e2 01       		.uleb128 0x1
 5498 00e3 13       		.uleb128 0x13
 5499 00e4 00       		.byte	0
 5500 00e5 00       		.byte	0
 5501 00e6 13       		.uleb128 0x13
 5502 00e7 0D       		.uleb128 0xd
 5503 00e8 00       		.byte	0
 5504 00e9 03       		.uleb128 0x3
 5505 00ea 0E       		.uleb128 0xe
 5506 00eb 3A       		.uleb128 0x3a
 5507 00ec 0B       		.uleb128 0xb
 5508 00ed 3B       		.uleb128 0x3b
 5509 00ee 0B       		.uleb128 0xb
 5510 00ef 39       		.uleb128 0x39
 5511 00f0 0B       		.uleb128 0xb
 5512 00f1 49       		.uleb128 0x49
 5513 00f2 13       		.uleb128 0x13
 5514 00f3 38       		.uleb128 0x38
 5515 00f4 05       		.uleb128 0x5
 5516 00f5 00       		.byte	0
 5517 00f6 00       		.byte	0
 5518 00f7 14       		.uleb128 0x14
 5519 00f8 15       		.uleb128 0x15
 5520 00f9 00       		.byte	0
 5521 00fa 27       		.uleb128 0x27
 5522 00fb 19       		.uleb128 0x19
 5523 00fc 00       		.byte	0
 5524 00fd 00       		.byte	0
 5525 00fe 15       		.uleb128 0x15
 5526 00ff 15       		.uleb128 0x15
 5527 0100 01       		.byte	0x1
 5528 0101 27       		.uleb128 0x27
 5529 0102 19       		.uleb128 0x19
ARM GAS  /tmp/ccySdW0H.s 			page 98


 5530 0103 49       		.uleb128 0x49
 5531 0104 13       		.uleb128 0x13
 5532 0105 01       		.uleb128 0x1
 5533 0106 13       		.uleb128 0x13
 5534 0107 00       		.byte	0
 5535 0108 00       		.byte	0
 5536 0109 16       		.uleb128 0x16
 5537 010a 05       		.uleb128 0x5
 5538 010b 00       		.byte	0
 5539 010c 49       		.uleb128 0x49
 5540 010d 13       		.uleb128 0x13
 5541 010e 00       		.byte	0
 5542 010f 00       		.byte	0
 5543 0110 17       		.uleb128 0x17
 5544 0111 13       		.uleb128 0x13
 5545 0112 01       		.byte	0x1
 5546 0113 03       		.uleb128 0x3
 5547 0114 0E       		.uleb128 0xe
 5548 0115 0B       		.uleb128 0xb
 5549 0116 05       		.uleb128 0x5
 5550 0117 3A       		.uleb128 0x3a
 5551 0118 0B       		.uleb128 0xb
 5552 0119 3B       		.uleb128 0x3b
 5553 011a 05       		.uleb128 0x5
 5554 011b 39       		.uleb128 0x39
 5555 011c 0B       		.uleb128 0xb
 5556 011d 01       		.uleb128 0x1
 5557 011e 13       		.uleb128 0x13
 5558 011f 00       		.byte	0
 5559 0120 00       		.byte	0
 5560 0121 18       		.uleb128 0x18
 5561 0122 0D       		.uleb128 0xd
 5562 0123 00       		.byte	0
 5563 0124 03       		.uleb128 0x3
 5564 0125 0E       		.uleb128 0xe
 5565 0126 3A       		.uleb128 0x3a
 5566 0127 0B       		.uleb128 0xb
 5567 0128 3B       		.uleb128 0x3b
 5568 0129 05       		.uleb128 0x5
 5569 012a 39       		.uleb128 0x39
 5570 012b 0B       		.uleb128 0xb
 5571 012c 49       		.uleb128 0x49
 5572 012d 13       		.uleb128 0x13
 5573 012e 38       		.uleb128 0x38
 5574 012f 0B       		.uleb128 0xb
 5575 0130 00       		.byte	0
 5576 0131 00       		.byte	0
 5577 0132 19       		.uleb128 0x19
 5578 0133 0D       		.uleb128 0xd
 5579 0134 00       		.byte	0
 5580 0135 03       		.uleb128 0x3
 5581 0136 0E       		.uleb128 0xe
 5582 0137 3A       		.uleb128 0x3a
 5583 0138 0B       		.uleb128 0xb
 5584 0139 3B       		.uleb128 0x3b
 5585 013a 05       		.uleb128 0x5
 5586 013b 39       		.uleb128 0x39
ARM GAS  /tmp/ccySdW0H.s 			page 99


 5587 013c 0B       		.uleb128 0xb
 5588 013d 49       		.uleb128 0x49
 5589 013e 13       		.uleb128 0x13
 5590 013f 38       		.uleb128 0x38
 5591 0140 05       		.uleb128 0x5
 5592 0141 00       		.byte	0
 5593 0142 00       		.byte	0
 5594 0143 1A       		.uleb128 0x1a
 5595 0144 35       		.uleb128 0x35
 5596 0145 00       		.byte	0
 5597 0146 49       		.uleb128 0x49
 5598 0147 13       		.uleb128 0x13
 5599 0148 00       		.byte	0
 5600 0149 00       		.byte	0
 5601 014a 1B       		.uleb128 0x1b
 5602 014b 13       		.uleb128 0x13
 5603 014c 01       		.byte	0x1
 5604 014d 03       		.uleb128 0x3
 5605 014e 0E       		.uleb128 0xe
 5606 014f 0B       		.uleb128 0xb
 5607 0150 0B       		.uleb128 0xb
 5608 0151 3A       		.uleb128 0x3a
 5609 0152 0B       		.uleb128 0xb
 5610 0153 3B       		.uleb128 0x3b
 5611 0154 05       		.uleb128 0x5
 5612 0155 39       		.uleb128 0x39
 5613 0156 0B       		.uleb128 0xb
 5614 0157 01       		.uleb128 0x1
 5615 0158 13       		.uleb128 0x13
 5616 0159 00       		.byte	0
 5617 015a 00       		.byte	0
 5618 015b 1C       		.uleb128 0x1c
 5619 015c 13       		.uleb128 0x13
 5620 015d 01       		.byte	0x1
 5621 015e 0B       		.uleb128 0xb
 5622 015f 0B       		.uleb128 0xb
 5623 0160 3A       		.uleb128 0x3a
 5624 0161 0B       		.uleb128 0xb
 5625 0162 3B       		.uleb128 0x3b
 5626 0163 05       		.uleb128 0x5
 5627 0164 39       		.uleb128 0x39
 5628 0165 0B       		.uleb128 0xb
 5629 0166 01       		.uleb128 0x1
 5630 0167 13       		.uleb128 0x13
 5631 0168 00       		.byte	0
 5632 0169 00       		.byte	0
 5633 016a 1D       		.uleb128 0x1d
 5634 016b 17       		.uleb128 0x17
 5635 016c 01       		.byte	0x1
 5636 016d 0B       		.uleb128 0xb
 5637 016e 0B       		.uleb128 0xb
 5638 016f 3A       		.uleb128 0x3a
 5639 0170 0B       		.uleb128 0xb
 5640 0171 3B       		.uleb128 0x3b
 5641 0172 05       		.uleb128 0x5
 5642 0173 39       		.uleb128 0x39
 5643 0174 0B       		.uleb128 0xb
ARM GAS  /tmp/ccySdW0H.s 			page 100


 5644 0175 01       		.uleb128 0x1
 5645 0176 13       		.uleb128 0x13
 5646 0177 00       		.byte	0
 5647 0178 00       		.byte	0
 5648 0179 1E       		.uleb128 0x1e
 5649 017a 0D       		.uleb128 0xd
 5650 017b 00       		.byte	0
 5651 017c 03       		.uleb128 0x3
 5652 017d 0E       		.uleb128 0xe
 5653 017e 3A       		.uleb128 0x3a
 5654 017f 0B       		.uleb128 0xb
 5655 0180 3B       		.uleb128 0x3b
 5656 0181 05       		.uleb128 0x5
 5657 0182 39       		.uleb128 0x39
 5658 0183 0B       		.uleb128 0xb
 5659 0184 49       		.uleb128 0x49
 5660 0185 13       		.uleb128 0x13
 5661 0186 00       		.byte	0
 5662 0187 00       		.byte	0
 5663 0188 1F       		.uleb128 0x1f
 5664 0189 15       		.uleb128 0x15
 5665 018a 01       		.byte	0x1
 5666 018b 27       		.uleb128 0x27
 5667 018c 19       		.uleb128 0x19
 5668 018d 01       		.uleb128 0x1
 5669 018e 13       		.uleb128 0x13
 5670 018f 00       		.byte	0
 5671 0190 00       		.byte	0
 5672 0191 20       		.uleb128 0x20
 5673 0192 34       		.uleb128 0x34
 5674 0193 00       		.byte	0
 5675 0194 03       		.uleb128 0x3
 5676 0195 0E       		.uleb128 0xe
 5677 0196 3A       		.uleb128 0x3a
 5678 0197 0B       		.uleb128 0xb
 5679 0198 3B       		.uleb128 0x3b
 5680 0199 05       		.uleb128 0x5
 5681 019a 39       		.uleb128 0x39
 5682 019b 0B       		.uleb128 0xb
 5683 019c 49       		.uleb128 0x49
 5684 019d 13       		.uleb128 0x13
 5685 019e 3F       		.uleb128 0x3f
 5686 019f 19       		.uleb128 0x19
 5687 01a0 3C       		.uleb128 0x3c
 5688 01a1 19       		.uleb128 0x19
 5689 01a2 00       		.byte	0
 5690 01a3 00       		.byte	0
 5691 01a4 21       		.uleb128 0x21
 5692 01a5 0D       		.uleb128 0xd
 5693 01a6 00       		.byte	0
 5694 01a7 03       		.uleb128 0x3
 5695 01a8 08       		.uleb128 0x8
 5696 01a9 3A       		.uleb128 0x3a
 5697 01aa 0B       		.uleb128 0xb
 5698 01ab 3B       		.uleb128 0x3b
 5699 01ac 05       		.uleb128 0x5
 5700 01ad 39       		.uleb128 0x39
ARM GAS  /tmp/ccySdW0H.s 			page 101


 5701 01ae 0B       		.uleb128 0xb
 5702 01af 49       		.uleb128 0x49
 5703 01b0 13       		.uleb128 0x13
 5704 01b1 38       		.uleb128 0x38
 5705 01b2 0B       		.uleb128 0xb
 5706 01b3 00       		.byte	0
 5707 01b4 00       		.byte	0
 5708 01b5 22       		.uleb128 0x22
 5709 01b6 34       		.uleb128 0x34
 5710 01b7 00       		.byte	0
 5711 01b8 03       		.uleb128 0x3
 5712 01b9 0E       		.uleb128 0xe
 5713 01ba 3A       		.uleb128 0x3a
 5714 01bb 0B       		.uleb128 0xb
 5715 01bc 3B       		.uleb128 0x3b
 5716 01bd 0B       		.uleb128 0xb
 5717 01be 39       		.uleb128 0x39
 5718 01bf 0B       		.uleb128 0xb
 5719 01c0 49       		.uleb128 0x49
 5720 01c1 13       		.uleb128 0x13
 5721 01c2 3F       		.uleb128 0x3f
 5722 01c3 19       		.uleb128 0x19
 5723 01c4 3C       		.uleb128 0x3c
 5724 01c5 19       		.uleb128 0x19
 5725 01c6 00       		.byte	0
 5726 01c7 00       		.byte	0
 5727 01c8 23       		.uleb128 0x23
 5728 01c9 34       		.uleb128 0x34
 5729 01ca 00       		.byte	0
 5730 01cb 03       		.uleb128 0x3
 5731 01cc 08       		.uleb128 0x8
 5732 01cd 3A       		.uleb128 0x3a
 5733 01ce 0B       		.uleb128 0xb
 5734 01cf 3B       		.uleb128 0x3b
 5735 01d0 05       		.uleb128 0x5
 5736 01d1 39       		.uleb128 0x39
 5737 01d2 0B       		.uleb128 0xb
 5738 01d3 49       		.uleb128 0x49
 5739 01d4 13       		.uleb128 0x13
 5740 01d5 3F       		.uleb128 0x3f
 5741 01d6 19       		.uleb128 0x19
 5742 01d7 3C       		.uleb128 0x3c
 5743 01d8 19       		.uleb128 0x19
 5744 01d9 00       		.byte	0
 5745 01da 00       		.byte	0
 5746 01db 24       		.uleb128 0x24
 5747 01dc 21       		.uleb128 0x21
 5748 01dd 00       		.byte	0
 5749 01de 00       		.byte	0
 5750 01df 00       		.byte	0
 5751 01e0 25       		.uleb128 0x25
 5752 01e1 04       		.uleb128 0x4
 5753 01e2 01       		.byte	0x1
 5754 01e3 3E       		.uleb128 0x3e
 5755 01e4 0B       		.uleb128 0xb
 5756 01e5 0B       		.uleb128 0xb
 5757 01e6 0B       		.uleb128 0xb
ARM GAS  /tmp/ccySdW0H.s 			page 102


 5758 01e7 49       		.uleb128 0x49
 5759 01e8 13       		.uleb128 0x13
 5760 01e9 3A       		.uleb128 0x3a
 5761 01ea 0B       		.uleb128 0xb
 5762 01eb 3B       		.uleb128 0x3b
 5763 01ec 0B       		.uleb128 0xb
 5764 01ed 39       		.uleb128 0x39
 5765 01ee 0B       		.uleb128 0xb
 5766 01ef 01       		.uleb128 0x1
 5767 01f0 13       		.uleb128 0x13
 5768 01f1 00       		.byte	0
 5769 01f2 00       		.byte	0
 5770 01f3 26       		.uleb128 0x26
 5771 01f4 28       		.uleb128 0x28
 5772 01f5 00       		.byte	0
 5773 01f6 03       		.uleb128 0x3
 5774 01f7 0E       		.uleb128 0xe
 5775 01f8 1C       		.uleb128 0x1c
 5776 01f9 0B       		.uleb128 0xb
 5777 01fa 00       		.byte	0
 5778 01fb 00       		.byte	0
 5779 01fc 27       		.uleb128 0x27
 5780 01fd 04       		.uleb128 0x4
 5781 01fe 01       		.byte	0x1
 5782 01ff 3E       		.uleb128 0x3e
 5783 0200 0B       		.uleb128 0xb
 5784 0201 0B       		.uleb128 0xb
 5785 0202 0B       		.uleb128 0xb
 5786 0203 49       		.uleb128 0x49
 5787 0204 13       		.uleb128 0x13
 5788 0205 3A       		.uleb128 0x3a
 5789 0206 0B       		.uleb128 0xb
 5790 0207 3B       		.uleb128 0x3b
 5791 0208 05       		.uleb128 0x5
 5792 0209 39       		.uleb128 0x39
 5793 020a 0B       		.uleb128 0xb
 5794 020b 01       		.uleb128 0x1
 5795 020c 13       		.uleb128 0x13
 5796 020d 00       		.byte	0
 5797 020e 00       		.byte	0
 5798 020f 28       		.uleb128 0x28
 5799 0210 13       		.uleb128 0x13
 5800 0211 01       		.byte	0x1
 5801 0212 0B       		.uleb128 0xb
 5802 0213 06       		.uleb128 0x6
 5803 0214 3A       		.uleb128 0x3a
 5804 0215 0B       		.uleb128 0xb
 5805 0216 3B       		.uleb128 0x3b
 5806 0217 0B       		.uleb128 0xb
 5807 0218 39       		.uleb128 0x39
 5808 0219 0B       		.uleb128 0xb
 5809 021a 01       		.uleb128 0x1
 5810 021b 13       		.uleb128 0x13
 5811 021c 00       		.byte	0
 5812 021d 00       		.byte	0
 5813 021e 29       		.uleb128 0x29
 5814 021f 0D       		.uleb128 0xd
ARM GAS  /tmp/ccySdW0H.s 			page 103


 5815 0220 00       		.byte	0
 5816 0221 03       		.uleb128 0x3
 5817 0222 08       		.uleb128 0x8
 5818 0223 3A       		.uleb128 0x3a
 5819 0224 0B       		.uleb128 0xb
 5820 0225 3B       		.uleb128 0x3b
 5821 0226 0B       		.uleb128 0xb
 5822 0227 39       		.uleb128 0x39
 5823 0228 0B       		.uleb128 0xb
 5824 0229 49       		.uleb128 0x49
 5825 022a 13       		.uleb128 0x13
 5826 022b 38       		.uleb128 0x38
 5827 022c 05       		.uleb128 0x5
 5828 022d 00       		.byte	0
 5829 022e 00       		.byte	0
 5830 022f 2A       		.uleb128 0x2a
 5831 0230 21       		.uleb128 0x21
 5832 0231 00       		.byte	0
 5833 0232 49       		.uleb128 0x49
 5834 0233 13       		.uleb128 0x13
 5835 0234 2F       		.uleb128 0x2f
 5836 0235 05       		.uleb128 0x5
 5837 0236 00       		.byte	0
 5838 0237 00       		.byte	0
 5839 0238 2B       		.uleb128 0x2b
 5840 0239 34       		.uleb128 0x34
 5841 023a 00       		.byte	0
 5842 023b 03       		.uleb128 0x3
 5843 023c 08       		.uleb128 0x8
 5844 023d 3A       		.uleb128 0x3a
 5845 023e 0B       		.uleb128 0xb
 5846 023f 3B       		.uleb128 0x3b
 5847 0240 0B       		.uleb128 0xb
 5848 0241 39       		.uleb128 0x39
 5849 0242 0B       		.uleb128 0xb
 5850 0243 49       		.uleb128 0x49
 5851 0244 13       		.uleb128 0x13
 5852 0245 00       		.byte	0
 5853 0246 00       		.byte	0
 5854 0247 2C       		.uleb128 0x2c
 5855 0248 2E       		.uleb128 0x2e
 5856 0249 01       		.byte	0x1
 5857 024a 3F       		.uleb128 0x3f
 5858 024b 19       		.uleb128 0x19
 5859 024c 03       		.uleb128 0x3
 5860 024d 0E       		.uleb128 0xe
 5861 024e 3A       		.uleb128 0x3a
 5862 024f 0B       		.uleb128 0xb
 5863 0250 3B       		.uleb128 0x3b
 5864 0251 0B       		.uleb128 0xb
 5865 0252 39       		.uleb128 0x39
 5866 0253 0B       		.uleb128 0xb
 5867 0254 27       		.uleb128 0x27
 5868 0255 19       		.uleb128 0x19
 5869 0256 01       		.uleb128 0x1
 5870 0257 13       		.uleb128 0x13
 5871 0258 00       		.byte	0
ARM GAS  /tmp/ccySdW0H.s 			page 104


 5872 0259 00       		.byte	0
 5873 025a 2D       		.uleb128 0x2d
 5874 025b 05       		.uleb128 0x5
 5875 025c 00       		.byte	0
 5876 025d 03       		.uleb128 0x3
 5877 025e 0E       		.uleb128 0xe
 5878 025f 3A       		.uleb128 0x3a
 5879 0260 0B       		.uleb128 0xb
 5880 0261 3B       		.uleb128 0x3b
 5881 0262 0B       		.uleb128 0xb
 5882 0263 39       		.uleb128 0x39
 5883 0264 0B       		.uleb128 0xb
 5884 0265 49       		.uleb128 0x49
 5885 0266 13       		.uleb128 0x13
 5886 0267 00       		.byte	0
 5887 0268 00       		.byte	0
 5888 0269 2E       		.uleb128 0x2e
 5889 026a 2E       		.uleb128 0x2e
 5890 026b 01       		.byte	0x1
 5891 026c 03       		.uleb128 0x3
 5892 026d 0E       		.uleb128 0xe
 5893 026e 3A       		.uleb128 0x3a
 5894 026f 0B       		.uleb128 0xb
 5895 0270 3B       		.uleb128 0x3b
 5896 0271 0B       		.uleb128 0xb
 5897 0272 39       		.uleb128 0x39
 5898 0273 0B       		.uleb128 0xb
 5899 0274 27       		.uleb128 0x27
 5900 0275 19       		.uleb128 0x19
 5901 0276 49       		.uleb128 0x49
 5902 0277 13       		.uleb128 0x13
 5903 0278 01       		.uleb128 0x1
 5904 0279 13       		.uleb128 0x13
 5905 027a 00       		.byte	0
 5906 027b 00       		.byte	0
 5907 027c 2F       		.uleb128 0x2f
 5908 027d 05       		.uleb128 0x5
 5909 027e 00       		.byte	0
 5910 027f 03       		.uleb128 0x3
 5911 0280 08       		.uleb128 0x8
 5912 0281 3A       		.uleb128 0x3a
 5913 0282 0B       		.uleb128 0xb
 5914 0283 3B       		.uleb128 0x3b
 5915 0284 0B       		.uleb128 0xb
 5916 0285 39       		.uleb128 0x39
 5917 0286 0B       		.uleb128 0xb
 5918 0287 49       		.uleb128 0x49
 5919 0288 13       		.uleb128 0x13
 5920 0289 00       		.byte	0
 5921 028a 00       		.byte	0
 5922 028b 30       		.uleb128 0x30
 5923 028c 34       		.uleb128 0x34
 5924 028d 00       		.byte	0
 5925 028e 03       		.uleb128 0x3
 5926 028f 0E       		.uleb128 0xe
 5927 0290 3A       		.uleb128 0x3a
 5928 0291 0B       		.uleb128 0xb
ARM GAS  /tmp/ccySdW0H.s 			page 105


 5929 0292 3B       		.uleb128 0x3b
 5930 0293 0B       		.uleb128 0xb
 5931 0294 39       		.uleb128 0x39
 5932 0295 0B       		.uleb128 0xb
 5933 0296 49       		.uleb128 0x49
 5934 0297 13       		.uleb128 0x13
 5935 0298 00       		.byte	0
 5936 0299 00       		.byte	0
 5937 029a 31       		.uleb128 0x31
 5938 029b 2E       		.uleb128 0x2e
 5939 029c 01       		.byte	0x1
 5940 029d 03       		.uleb128 0x3
 5941 029e 0E       		.uleb128 0xe
 5942 029f 3A       		.uleb128 0x3a
 5943 02a0 0B       		.uleb128 0xb
 5944 02a1 3B       		.uleb128 0x3b
 5945 02a2 0B       		.uleb128 0xb
 5946 02a3 39       		.uleb128 0x39
 5947 02a4 0B       		.uleb128 0xb
 5948 02a5 27       		.uleb128 0x27
 5949 02a6 19       		.uleb128 0x19
 5950 02a7 49       		.uleb128 0x49
 5951 02a8 13       		.uleb128 0x13
 5952 02a9 00       		.byte	0
 5953 02aa 00       		.byte	0
 5954 02ab 00       		.byte	0
 5955              		.section	.gnu.debuglto_.debug_line,"e",%progbits
 5956              	.Ldebug_line0:
 5957 0000 E8050000 		.4byte	.LELT0-.LSLT0
 5958              	.LSLT0:
 5959 0004 0400     		.2byte	0x4
 5960 0006 E2050000 		.4byte	.LELTP0-.LASLTP0
 5961              	.LASLTP0:
 5962 000a 01       		.byte	0x1
 5963 000b 01       		.byte	0x1
 5964 000c 01       		.byte	0x1
 5965 000d F6       		.byte	0xf6
 5966 000e F2       		.byte	0xf2
 5967 000f 0D       		.byte	0xd
 5968 0010 00       		.byte	0
 5969 0011 01       		.byte	0x1
 5970 0012 01       		.byte	0x1
 5971 0013 01       		.byte	0x1
 5972 0014 01       		.byte	0x1
 5973 0015 00       		.byte	0
 5974 0016 00       		.byte	0
 5975 0017 00       		.byte	0
 5976 0018 01       		.byte	0x1
 5977 0019 00       		.byte	0
 5978 001a 00       		.byte	0
 5979 001b 01       		.byte	0x1
 5980 001c 2E2E2F2E 		.ascii	"../../chibios_trunk/os/common/ext/ARM/CMSIS/Core/In"
 5980      2E2F6368 
 5980      6962696F 
 5980      735F7472 
 5980      756E6B2F 
 5981 004f 636C7564 		.ascii	"clude"
ARM GAS  /tmp/ccySdW0H.s 			page 106


 5981      65
 5982 0054 00       		.byte	0
 5983 0055 2E2E2F2E 		.ascii	"../../chibios_trunk/os/common/ext/ST/STM32F4xx"
 5983      2E2F6368 
 5983      6962696F 
 5983      735F7472 
 5983      756E6B2F 
 5984 0083 00       		.byte	0
 5985 0084 2E2E2F2E 		.ascii	"../../chibios_trunk/os/common/ports/ARMCMx/compiler"
 5985      2E2F6368 
 5985      6962696F 
 5985      735F7472 
 5985      756E6B2F 
 5986 00b7 732F4743 		.ascii	"s/GCC"
 5986      43
 5987 00bc 00       		.byte	0
 5988 00bd 2E2E2F2E 		.ascii	"../../chibios_trunk/os/common/ports/ARMCMx"
 5988      2E2F6368 
 5988      6962696F 
 5988      735F7472 
 5988      756E6B2F 
 5989 00e7 00       		.byte	0
 5990 00e8 2E2E2F2E 		.ascii	"../../chibios_trunk/os/hal/include"
 5990      2E2F6368 
 5990      6962696F 
 5990      735F7472 
 5990      756E6B2F 
 5991 010a 00       		.byte	0
 5992 010b 2E2E2F2E 		.ascii	"../../chibios_trunk/os/hal/lib/streams"
 5992      2E2F6368 
 5992      6962696F 
 5992      735F7472 
 5992      756E6B2F 
 5993 0131 00       		.byte	0
 5994 0132 2E2E2F2E 		.ascii	"../../chibios_trunk/os/hal/ports/STM32/LLD/DMAv2"
 5994      2E2F6368 
 5994      6962696F 
 5994      735F7472 
 5994      756E6B2F 
 5995 0162 00       		.byte	0
 5996 0163 2E2E2F2E 		.ascii	"../../chibios_trunk/os/hal/ports/STM32/LLD/GPIOv2"
 5996      2E2F6368 
 5996      6962696F 
 5996      735F7472 
 5996      756E6B2F 
 5997 0194 00       		.byte	0
 5998 0195 2E2E2F2E 		.ascii	"../../chibios_trunk/os/hal/ports/STM32/LLD/OTGv1"
 5998      2E2F6368 
 5998      6962696F 
 5998      735F7472 
 5998      756E6B2F 
 5999 01c5 00       		.byte	0
 6000 01c6 2E2E2F2E 		.ascii	"../../chibios_trunk/os/hal/ports/STM32/LLD/TIMv1"
 6000      2E2F6368 
 6000      6962696F 
 6000      735F7472 
 6000      756E6B2F 
ARM GAS  /tmp/ccySdW0H.s 			page 107


 6001 01f6 00       		.byte	0
 6002 01f7 2E2E2F2E 		.ascii	"../../chibios_trunk/os/hal/ports/STM32/LLD/USARTv1"
 6002      2E2F6368 
 6002      6962696F 
 6002      735F7472 
 6002      756E6B2F 
 6003 0229 00       		.byte	0
 6004 022a 2E2E2F2E 		.ascii	"../../chibios_trunk/os/oslib/include"
 6004      2E2F6368 
 6004      6962696F 
 6004      735F7472 
 6004      756E6B2F 
 6005 024e 00       		.byte	0
 6006 024f 2E2E2F2E 		.ascii	"../../chibios_trunk/os/rt/include"
 6006      2E2F6368 
 6006      6962696F 
 6006      735F7472 
 6006      756E6B2F 
 6007 0270 00       		.byte	0
 6008 0271 2F686F6D 		.ascii	"/home/rob/Projects/ChibiStudio/ChibiStudio_20/tools"
 6008      652F726F 
 6008      622F5072 
 6008      6F6A6563 
 6008      74732F43 
 6009 02a4 2F474E55 		.ascii	"/GNU Tools ARM Embedded/9.2.1 2019q4/arm-none-eabi/"
 6009      20546F6F 
 6009      6C732041 
 6009      524D2045 
 6009      6D626564 
 6010 02d7 696E636C 		.ascii	"include/machine"
 6010      7564652F 
 6010      6D616368 
 6010      696E65
 6011 02e6 00       		.byte	0
 6012 02e7 2F686F6D 		.ascii	"/home/rob/Projects/ChibiStudio/ChibiStudio_20/tools"
 6012      652F726F 
 6012      622F5072 
 6012      6F6A6563 
 6012      74732F43 
 6013 031a 2F474E55 		.ascii	"/GNU Tools ARM Embedded/9.2.1 2019q4/arm-none-eabi/"
 6013      20546F6F 
 6013      6C732041 
 6013      524D2045 
 6013      6D626564 
 6014 034d 696E636C 		.ascii	"include/sys"
 6014      7564652F 
 6014      737973
 6015 0358 00       		.byte	0
 6016 0359 2F686F6D 		.ascii	"/home/rob/Projects/ChibiStudio/ChibiStudio_20/tools"
 6016      652F726F 
 6016      622F5072 
 6016      6F6A6563 
 6016      74732F43 
 6017 038c 2F474E55 		.ascii	"/GNU Tools ARM Embedded/9.2.1 2019q4/lib/gcc/arm-no"
 6017      20546F6F 
 6017      6C732041 
 6017      524D2045 
ARM GAS  /tmp/ccySdW0H.s 			page 108


 6017      6D626564 
 6018 03bf 6E652D65 		.ascii	"ne-eabi/9.2.1/include"
 6018      6162692F 
 6018      392E322E 
 6018      312F696E 
 6018      636C7564 
 6019 03d4 00       		.byte	0
 6020 03d5 00       		.byte	0
 6021 03d6 73746464 		.ascii	"stddef.h\000"
 6021      65662E68 
 6021      00
 6022 03df 10       		.uleb128 0x10
 6023 03e0 00       		.uleb128 0
 6024 03e1 00       		.uleb128 0
 6025 03e2 5F646566 		.ascii	"_default_types.h\000"
 6025      61756C74 
 6025      5F747970 
 6025      65732E68 
 6025      00
 6026 03f3 0E       		.uleb128 0xe
 6027 03f4 00       		.uleb128 0
 6028 03f5 00       		.uleb128 0
 6029 03f6 6C6F636B 		.ascii	"lock.h\000"
 6029      2E6800
 6030 03fd 0F       		.uleb128 0xf
 6031 03fe 00       		.uleb128 0
 6032 03ff 00       		.uleb128 0
 6033 0400 5F747970 		.ascii	"_types.h\000"
 6033      65732E68 
 6033      00
 6034 0409 0F       		.uleb128 0xf
 6035 040a 00       		.uleb128 0
 6036 040b 00       		.uleb128 0
 6037 040c 7265656E 		.ascii	"reent.h\000"
 6037      742E6800 
 6038 0414 0F       		.uleb128 0xf
 6039 0415 00       		.uleb128 0
 6040 0416 00       		.uleb128 0
 6041 0417 5F737464 		.ascii	"_stdint.h\000"
 6041      696E742E 
 6041      6800
 6042 0421 0F       		.uleb128 0xf
 6043 0422 00       		.uleb128 0
 6044 0423 00       		.uleb128 0
 6045 0424 63687479 		.ascii	"chtypes.h\000"
 6045      7065732E 
 6045      6800
 6046 042e 03       		.uleb128 0x3
 6047 042f 00       		.uleb128 0
 6048 0430 00       		.uleb128 0
 6049 0431 63687379 		.ascii	"chsystypes.h\000"
 6049      73747970 
 6049      65732E68 
 6049      00
 6050 043e 0D       		.uleb128 0xd
 6051 043f 00       		.uleb128 0
 6052 0440 00       		.uleb128 0
ARM GAS  /tmp/ccySdW0H.s 			page 109


 6053 0441 63687363 		.ascii	"chschd.h\000"
 6053      68642E68 
 6053      00
 6054 044a 0D       		.uleb128 0xd
 6055 044b 00       		.uleb128 0
 6056 044c 00       		.uleb128 0
 6057 044d 63687469 		.ascii	"chtime.h\000"
 6057      6D652E68 
 6057      00
 6058 0456 0D       		.uleb128 0xd
 6059 0457 00       		.uleb128 0
 6060 0458 00       		.uleb128 0
 6061 0459 636F7265 		.ascii	"core_cm4.h\000"
 6061      5F636D34 
 6061      2E6800
 6062 0464 01       		.uleb128 0x1
 6063 0465 00       		.uleb128 0
 6064 0466 00       		.uleb128 0
 6065 0467 73797374 		.ascii	"system_stm32f4xx.h\000"
 6065      656D5F73 
 6065      746D3332 
 6065      66347878 
 6065      2E6800
 6066 047a 02       		.uleb128 0x2
 6067 047b 00       		.uleb128 0
 6068 047c 00       		.uleb128 0
 6069 047d 73746D33 		.ascii	"stm32f401xe.h\000"
 6069      32663430 
 6069      3178652E 
 6069      6800
 6070 048b 02       		.uleb128 0x2
 6071 048c 00       		.uleb128 0
 6072 048d 00       		.uleb128 0
 6073 048e 6368636F 		.ascii	"chcore.h\000"
 6073      72652E68 
 6073      00
 6074 0497 04       		.uleb128 0x4
 6075 0498 00       		.uleb128 0
 6076 0499 00       		.uleb128 0
 6077 049a 6368636F 		.ascii	"chcore_v7m.h\000"
 6077      72655F76 
 6077      376D2E68 
 6077      00
 6078 04a7 04       		.uleb128 0x4
 6079 04a8 00       		.uleb128 0
 6080 04a9 00       		.uleb128 0
 6081 04aa 6368746D 		.ascii	"chtm.h\000"
 6081      2E6800
 6082 04b1 0D       		.uleb128 0xd
 6083 04b2 00       		.uleb128 0
 6084 04b3 00       		.uleb128 0
 6085 04b4 63687365 		.ascii	"chsem.h\000"
 6085      6D2E6800 
 6086 04bc 0D       		.uleb128 0xd
 6087 04bd 00       		.uleb128 0
 6088 04be 00       		.uleb128 0
 6089 04bf 63686D74 		.ascii	"chmtx.h\000"
ARM GAS  /tmp/ccySdW0H.s 			page 110


 6089      782E6800 
 6090 04c7 0D       		.uleb128 0xd
 6091 04c8 00       		.uleb128 0
 6092 04c9 00       		.uleb128 0
 6093 04ca 63687379 		.ascii	"chsys.h\000"
 6093      732E6800 
 6094 04d2 0D       		.uleb128 0xd
 6095 04d3 00       		.uleb128 0
 6096 04d4 00       		.uleb128 0
 6097 04d5 63687265 		.ascii	"chregistry.h\000"
 6097      67697374 
 6097      72792E68 
 6097      00
 6098 04e2 0D       		.uleb128 0xd
 6099 04e3 00       		.uleb128 0
 6100 04e4 00       		.uleb128 0
 6101 04e5 63686D65 		.ascii	"chmemcore.h\000"
 6101      6D636F72 
 6101      652E6800 
 6102 04f1 0C       		.uleb128 0xc
 6103 04f2 00       		.uleb128 0
 6104 04f3 00       		.uleb128 0
 6105 04f4 63686D65 		.ascii	"chmempools.h\000"
 6105      6D706F6F 
 6105      6C732E68 
 6105      00
 6106 0501 0C       		.uleb128 0xc
 6107 0502 00       		.uleb128 0
 6108 0503 00       		.uleb128 0
 6109 0504 63686661 		.ascii	"chfactory.h\000"
 6109      63746F72 
 6109      792E6800 
 6110 0510 0C       		.uleb128 0xc
 6111 0511 00       		.uleb128 0
 6112 0512 00       		.uleb128 0
 6113 0513 73746D33 		.ascii	"stm32_dma.h\000"
 6113      325F646D 
 6113      612E6800 
 6114 051f 07       		.uleb128 0x7
 6115 0520 00       		.uleb128 0
 6116 0521 00       		.uleb128 0
 6117 0522 73746D33 		.ascii	"stm32_tim.h\000"
 6117      325F7469 
 6117      6D2E6800 
 6118 052e 0A       		.uleb128 0xa
 6119 052f 00       		.uleb128 0
 6120 0530 00       		.uleb128 0
 6121 0531 68616C5F 		.ascii	"hal_streams.h\000"
 6121      73747265 
 6121      616D732E 
 6121      6800
 6122 053f 05       		.uleb128 0x5
 6123 0540 00       		.uleb128 0
 6124 0541 00       		.uleb128 0
 6125 0542 68616C5F 		.ascii	"hal_pal.h\000"
 6125      70616C2E 
 6125      6800
ARM GAS  /tmp/ccySdW0H.s 			page 111


 6126 054c 05       		.uleb128 0x5
 6127 054d 00       		.uleb128 0
 6128 054e 00       		.uleb128 0
 6129 054f 68616C5F 		.ascii	"hal_pal_lld.h\000"
 6129      70616C5F 
 6129      6C6C642E 
 6129      6800
 6130 055d 08       		.uleb128 0x8
 6131 055e 00       		.uleb128 0
 6132 055f 00       		.uleb128 0
 6133 0560 68616C5F 		.ascii	"hal_icu.h\000"
 6133      6963752E 
 6133      6800
 6134 056a 05       		.uleb128 0x5
 6135 056b 00       		.uleb128 0
 6136 056c 00       		.uleb128 0
 6137 056d 68616C5F 		.ascii	"hal_icu_lld.h\000"
 6137      6963755F 
 6137      6C6C642E 
 6137      6800
 6138 057b 0A       		.uleb128 0xa
 6139 057c 00       		.uleb128 0
 6140 057d 00       		.uleb128 0
 6141 057e 68616C5F 		.ascii	"hal_uart.h\000"
 6141      75617274 
 6141      2E6800
 6142 0589 05       		.uleb128 0x5
 6143 058a 00       		.uleb128 0
 6144 058b 00       		.uleb128 0
 6145 058c 68616C5F 		.ascii	"hal_uart_lld.h\000"
 6145      75617274 
 6145      5F6C6C64 
 6145      2E6800
 6146 059b 0B       		.uleb128 0xb
 6147 059c 00       		.uleb128 0
 6148 059d 00       		.uleb128 0
 6149 059e 68616C5F 		.ascii	"hal_usb.h\000"
 6149      7573622E 
 6149      6800
 6150 05a8 05       		.uleb128 0x5
 6151 05a9 00       		.uleb128 0
 6152 05aa 00       		.uleb128 0
 6153 05ab 68616C5F 		.ascii	"hal_usb_lld.h\000"
 6153      7573625F 
 6153      6C6C642E 
 6153      6800
 6154 05b9 09       		.uleb128 0x9
 6155 05ba 00       		.uleb128 0
 6156 05bb 00       		.uleb128 0
 6157 05bc 73746D33 		.ascii	"stm32_otg.h\000"
 6157      325F6F74 
 6157      672E6800 
 6158 05c8 09       		.uleb128 0x9
 6159 05c9 00       		.uleb128 0
 6160 05ca 00       		.uleb128 0
 6161 05cb 62756673 		.ascii	"bufstreams.h\000"
 6161      74726561 
ARM GAS  /tmp/ccySdW0H.s 			page 112


 6161      6D732E68 
 6161      00
 6162 05d8 06       		.uleb128 0x6
 6163 05d9 00       		.uleb128 0
 6164 05da 00       		.uleb128 0
 6165 05db 62756673 		.ascii	"bufstreams.c\000"
 6165      74726561 
 6165      6D732E63 
 6165      00
 6166 05e8 06       		.uleb128 0x6
 6167 05e9 00       		.uleb128 0
 6168 05ea 00       		.uleb128 0
 6169 05eb 00       		.byte	0
 6170              	.LELTP0:
 6171              	.LELT0:
 6172              		.section	.gnu.debuglto_.debug_str,"eMS",%progbits,1
 6173              	.LASF223:
 6174 0000 6F66665F 		.ascii	"off_ctx\000"
 6174      63747800 
 6175              	.LASF194:
 6176 0008 4D314152 		.ascii	"M1AR\000"
 6176      00
 6177              	.LASF128:
 6178 000d 696E7438 		.ascii	"int8_t\000"
 6178      5F7400
 6179              	.LASF268:
 6180 0014 73746D33 		.ascii	"stm32_dma_stream_t\000"
 6180      325F646D 
 6180      615F7374 
 6180      7265616D 
 6180      5F7400
 6181              	.LASF3:
 6182 0027 73697A65 		.ascii	"size_t\000"
 6182      5F7400
 6183              	.LASF309:
 6184 002e 77696474 		.ascii	"width_cb\000"
 6184      685F6362 
 6184      00
 6185              	.LASF125:
 6186 0037 5F5F6C6F 		.ascii	"__locale_t\000"
 6186      63616C65 
 6186      5F7400
 6187              	.LASF24:
 6188 0042 5F5F7661 		.ascii	"__value\000"
 6188      6C756500 
 6189              	.LASF186:
 6190 004a 73797374 		.ascii	"systime_t\000"
 6190      696D655F 
 6190      7400
 6191              	.LASF231:
 6192 0054 6F66665F 		.ascii	"off_preempt\000"
 6192      70726565 
 6192      6D707400 
 6193              	.LASF93:
 6194 0060 5F5F7366 		.ascii	"__sf\000"
 6194      00
 6195              	.LASF213:
ARM GAS  /tmp/ccySdW0H.s 			page 113


 6196 0065 6F776E65 		.ascii	"owner\000"
 6196      7200
 6197              	.LASF60:
 6198 006b 5F726561 		.ascii	"_read\000"
 6198      6400
 6199              	.LASF138:
 6200 0071 74707269 		.ascii	"tprio_t\000"
 6200      6F5F7400 
 6201              	.LASF234:
 6202 0079 63685F64 		.ascii	"ch_debug\000"
 6202      65627567 
 6202      00
 6203              	.LASF245:
 6204 0082 70726F76 		.ascii	"provider\000"
 6204      69646572 
 6204      00
 6205              	.LASF61:
 6206 008b 5F777269 		.ascii	"_write\000"
 6206      746500
 6207              	.LASF476:
 6208 0092 72785F66 		.ascii	"rx_fifo_size\000"
 6208      69666F5F 
 6208      73697A65 
 6208      00
 6209              	.LASF131:
 6210 009f 696E7433 		.ascii	"int32_t\000"
 6210      325F7400 
 6211              	.LASF104:
 6212 00a7 5F617363 		.ascii	"_asctime_buf\000"
 6212      74696D65 
 6212      5F627566 
 6212      00
 6213              	.LASF87:
 6214 00b4 5F637674 		.ascii	"_cvtlen\000"
 6214      6C656E00 
 6215              	.LASF301:
 6216 00bc 4943555F 		.ascii	"ICU_INPUT_ACTIVE_LOW\000"
 6216      494E5055 
 6216      545F4143 
 6216      54495645 
 6216      5F4C4F57 
 6217              	.LASF402:
 6218 00d1 72657376 		.ascii	"resvd8\000"
 6218      643800
 6219              	.LASF170:
 6220 00d8 76746675 		.ascii	"vtfunc_t\000"
 6220      6E635F74 
 6220      00
 6221              	.LASF315:
 6222 00e1 49435544 		.ascii	"ICUD1\000"
 6222      3100
 6223              	.LASF413:
 6224 00e7 72657376 		.ascii	"resvdC\000"
 6224      644300
 6225              	.LASF176:
 6226 00ee 63685F76 		.ascii	"ch_virtual_timers_list\000"
 6226      69727475 
ARM GAS  /tmp/ccySdW0H.s 			page 114


 6226      616C5F74 
 6226      696D6572 
 6226      735F6C69 
 6227              	.LASF123:
 6228 0105 5F756E75 		.ascii	"_unused\000"
 6228      73656400 
 6229              	.LASF34:
 6230 010d 5F5F746D 		.ascii	"__tm\000"
 6230      00
 6231              	.LASF119:
 6232 0112 5F776373 		.ascii	"_wcsrtombs_state\000"
 6232      72746F6D 
 6232      62735F73 
 6232      74617465 
 6232      00
 6233              	.LASF65:
 6234 0123 5F6E6275 		.ascii	"_nbuf\000"
 6234      6600
 6235              	.LASF35:
 6236 0129 5F5F746D 		.ascii	"__tm_sec\000"
 6236      5F736563 
 6236      00
 6237              	.LASF318:
 6238 0132 55415254 		.ascii	"UART_STOP\000"
 6238      5F53544F 
 6238      5000
 6239              	.LASF442:
 6240 013c 48464952 		.ascii	"HFIR\000"
 6240      00
 6241              	.LASF411:
 6242 0141 72657376 		.ascii	"resvd4\000"
 6242      643400
 6243              	.LASF112:
 6244 0148 5F6C3634 		.ascii	"_l64a_buf\000"
 6244      615F6275 
 6244      6600
 6245              	.LASF474:
 6246 0152 4649464F 		.ascii	"FIFO\000"
 6246      00
 6247              	.LASF247:
 6248 0157 63685F64 		.ascii	"ch_dyn_element\000"
 6248      796E5F65 
 6248      6C656D65 
 6248      6E7400
 6249              	.LASF284:
 6250 0166 42617365 		.ascii	"BaseSequentialStream\000"
 6250      53657175 
 6250      656E7469 
 6250      616C5374 
 6250      7265616D 
 6251              	.LASF451:
 6252 017b 72657376 		.ascii	"resvd700\000"
 6252      64373030 
 6252      00
 6253              	.LASF222:
 6254 0184 6F66665F 		.ascii	"off_prio\000"
 6254      7072696F 
ARM GAS  /tmp/ccySdW0H.s 			page 115


 6254      00
 6255              	.LASF295:
 6256 018d 636F6E66 		.ascii	"config\000"
 6256      696700
 6257              	.LASF151:
 6258 0194 73746174 		.ascii	"state\000"
 6258      6500
 6259              	.LASF488:
 6260 019a 65705F6D 		.ascii	"ep_mode\000"
 6260      6F646500 
 6261              	.LASF69:
 6262 01a2 5F6C6F63 		.ascii	"_lock\000"
 6262      6B00
 6263              	.LASF294:
 6264 01a8 49435544 		.ascii	"ICUDriver\000"
 6264      72697665 
 6264      7200
 6265              	.LASF332:
 6266 01b2 72787374 		.ascii	"rxstate\000"
 6266      61746500 
 6267              	.LASF100:
 6268 01ba 5F6D756C 		.ascii	"_mult\000"
 6268      7400
 6269              	.LASF300:
 6270 01c0 4943555F 		.ascii	"ICU_INPUT_ACTIVE_HIGH\000"
 6270      494E5055 
 6270      545F4143 
 6270      54495645 
 6270      5F484947 
 6271              	.LASF252:
 6272 01d6 6F626A5F 		.ascii	"obj_list\000"
 6272      6C697374 
 6272      00
 6273              	.LASF304:
 6274 01df 4943555F 		.ascii	"ICU_CHANNEL_1\000"
 6274      4348414E 
 6274      4E454C5F 
 6274      3100
 6275              	.LASF276:
 6276 01ed 444D4152 		.ascii	"DMAR\000"
 6276      00
 6277              	.LASF520:
 6278 01f2 5F777269 		.ascii	"_writes\000"
 6278      74657300 
 6279              	.LASF487:
 6280 01fa 5553424F 		.ascii	"USBOutEndpointState\000"
 6280      7574456E 
 6280      64706F69 
 6280      6E745374 
 6280      61746500 
 6281              	.LASF313:
 6282 020e 64696572 		.ascii	"dier\000"
 6282      00
 6283              	.LASF344:
 6284 0213 7278656E 		.ascii	"rxend_cb\000"
 6284      645F6362 
 6284      00
ARM GAS  /tmp/ccySdW0H.s 			page 116


 6285              	.LASF514:
 6286 021c 5F726561 		.ascii	"_reads\000"
 6286      647300
 6287              	.LASF225:
 6288 0223 6F66665F 		.ascii	"off_older\000"
 6288      6F6C6465 
 6288      7200
 6289              	.LASF146:
 6290 022d 7072696F 		.ascii	"prio\000"
 6290      00
 6291              	.LASF507:
 6292 0232 62737370 		.ascii	"bssp\000"
 6292      00
 6293              	.LASF21:
 6294 0237 5F5F7763 		.ascii	"__wch\000"
 6294      6800
 6295              	.LASF204:
 6296 023d 65786974 		.ascii	"exitcode\000"
 6296      636F6465 
 6296      00
 6297              	.LASF384:
 6298 0246 75736265 		.ascii	"usbep0state_t\000"
 6298      70307374 
 6298      6174655F 
 6298      7400
 6299              	.LASF6:
 6300 0254 5F5F7569 		.ascii	"__uint8_t\000"
 6300      6E74385F 
 6300      7400
 6301              	.LASF57:
 6302 025e 5F66696C 		.ascii	"_file\000"
 6302      6500
 6303              	.LASF341:
 6304 0264 75617274 		.ascii	"uartecb_t\000"
 6304      6563625F 
 6304      7400
 6305              	.LASF44:
 6306 026e 5F6F6E5F 		.ascii	"_on_exit_args\000"
 6306      65786974 
 6306      5F617267 
 6306      7300
 6307              	.LASF386:
 6308 027c 5553425F 		.ascii	"USB_EVENT_ADDRESS\000"
 6308      4556454E 
 6308      545F4144 
 6308      44524553 
 6308      5300
 6309              	.LASF432:
 6310 028e 44494550 		.ascii	"DIEPTXF0\000"
 6310      54584630 
 6310      00
 6311              	.LASF322:
 6312 0297 55415254 		.ascii	"UART_TX_ACTIVE\000"
 6312      5F54585F 
 6312      41435449 
 6312      564500
 6313              	.LASF330:
ARM GAS  /tmp/ccySdW0H.s 			page 117


 6314 02a6 55415254 		.ascii	"UARTDriver\000"
 6314      44726976 
 6314      657200
 6315              	.LASF479:
 6316 02b1 73746D33 		.ascii	"stm32_otg_params_t\000"
 6316      325F6F74 
 6316      675F7061 
 6316      72616D73 
 6316      5F7400
 6317              	.LASF115:
 6318 02c4 5F6D6272 		.ascii	"_mbrlen_state\000"
 6318      6C656E5F 
 6318      73746174 
 6318      6500
 6319              	.LASF12:
 6320 02d2 6C6F6E67 		.ascii	"long int\000"
 6320      20696E74 
 6320      00
 6321              	.LASF126:
 6322 02db 5F696D70 		.ascii	"_impure_ptr\000"
 6322      7572655F 
 6322      70747200 
 6323              	.LASF84:
 6324 02e7 5F726573 		.ascii	"_result_k\000"
 6324      756C745F 
 6324      6B00
 6325              	.LASF54:
 6326 02f1 5F73697A 		.ascii	"_size\000"
 6326      6500
 6327              	.LASF216:
 6328 02f7 7A65726F 		.ascii	"zero\000"
 6328      00
 6329              	.LASF105:
 6330 02fc 5F6C6F63 		.ascii	"_localtime_buf\000"
 6330      616C7469 
 6330      6D655F62 
 6330      756600
 6331              	.LASF505:
 6332 030b 42756666 		.ascii	"BufferedStreamAdapterVMT\000"
 6332      65726564 
 6332      53747265 
 6332      616D4164 
 6332      61707465 
 6333              	.LASF136:
 6334 0324 74737461 		.ascii	"tstate_t\000"
 6334      74655F74 
 6334      00
 6335              	.LASF377:
 6336 032d 5553425F 		.ascii	"USB_EP0_STP_WAITING\000"
 6336      4550305F 
 6336      5354505F 
 6336      57414954 
 6336      494E4700 
 6337              	.LASF156:
 6338 0341 6570656E 		.ascii	"epending\000"
 6338      64696E67 
 6338      00
ARM GAS  /tmp/ccySdW0H.s 			page 118


 6339              	.LASF289:
 6340 034a 4943555F 		.ascii	"ICU_STOP\000"
 6340      53544F50 
 6340      00
 6341              	.LASF164:
 6342 0353 74687265 		.ascii	"threads_queue_t\000"
 6342      6164735F 
 6342      71756575 
 6342      655F7400 
 6343              	.LASF453:
 6344 0363 4443544C 		.ascii	"DCTL\000"
 6344      00
 6345              	.LASF482:
 6346 0368 74786275 		.ascii	"txbuf\000"
 6346      6600
 6347              	.LASF512:
 6348 036e 5F676574 		.ascii	"_get\000"
 6348      00
 6349              	.LASF458:
 6350 0373 4441494E 		.ascii	"DAINT\000"
 6350      5400
 6351              	.LASF457:
 6352 0379 444F4550 		.ascii	"DOEPMSK\000"
 6352      4D534B00 
 6353              	.LASF39:
 6354 0381 5F5F746D 		.ascii	"__tm_mon\000"
 6354      5F6D6F6E 
 6354      00
 6355              	.LASF306:
 6356 038a 69637563 		.ascii	"icuchannel_t\000"
 6356      68616E6E 
 6356      656C5F74 
 6356      00
 6357              	.LASF253:
 6358 0397 6F626A5F 		.ascii	"obj_pool\000"
 6358      706F6F6C 
 6358      00
 6359              	.LASF375:
 6360 03a0 5553425F 		.ascii	"USB_SUSPENDED\000"
 6360      53555350 
 6360      454E4445 
 6360      4400
 6361              	.LASF324:
 6362 03ae 75617274 		.ascii	"uarttxstate_t\000"
 6362      74787374 
 6362      6174655F 
 6362      7400
 6363              	.LASF418:
 6364 03bc 444F4550 		.ascii	"DOEPCTL\000"
 6364      43544C00 
 6365              	.LASF333:
 6366 03c4 75736172 		.ascii	"usart\000"
 6366      7400
 6367              	.LASF102:
 6368 03ca 5F756E75 		.ascii	"_unused_rand\000"
 6368      7365645F 
 6368      72616E64 
ARM GAS  /tmp/ccySdW0H.s 			page 119


 6368      00
 6369              	.LASF240:
 6370 03d7 6D656D63 		.ascii	"memcore_t\000"
 6370      6F72655F 
 6370      7400
 6371              	.LASF5:
 6372 03e1 7369676E 		.ascii	"signed char\000"
 6372      65642063 
 6372      68617200 
 6373              	.LASF210:
 6374 03ed 65776D61 		.ascii	"ewmask\000"
 6374      736B00
 6375              	.LASF129:
 6376 03f4 75696E74 		.ascii	"uint8_t\000"
 6376      385F7400 
 6377              	.LASF270:
 6378 03fc 534D4352 		.ascii	"SMCR\000"
 6378      00
 6379              	.LASF331:
 6380 0401 74787374 		.ascii	"txstate\000"
 6380      61746500 
 6381              	.LASF391:
 6382 0409 5553425F 		.ascii	"USB_EVENT_STALLED\000"
 6382      4556454E 
 6382      545F5354 
 6382      414C4C45 
 6382      4400
 6383              	.LASF297:
 6384 041b 77636372 		.ascii	"wccrp\000"
 6384      7000
 6385              	.LASF419:
 6386 0421 444F4550 		.ascii	"DOEPINT\000"
 6386      494E5400 
 6387              	.LASF140:
 6388 0429 6576656E 		.ascii	"eventmask_t\000"
 6388      746D6173 
 6388      6B5F7400 
 6389              	.LASF446:
 6390 0435 4841494E 		.ascii	"HAINT\000"
 6390      5400
 6391              	.LASF206:
 6392 043b 77747472 		.ascii	"wttrp\000"
 6392      7000
 6393              	.LASF292:
 6394 0441 4943555F 		.ascii	"ICU_ACTIVE\000"
 6394      41435449 
 6394      564500
 6395              	.LASF7:
 6396 044c 756E7369 		.ascii	"unsigned char\000"
 6396      676E6564 
 6396      20636861 
 6396      7200
 6397              	.LASF383:
 6398 045a 5553425F 		.ascii	"USB_EP0_ERROR\000"
 6398      4550305F 
 6398      4552524F 
 6398      5200
ARM GAS  /tmp/ccySdW0H.s 			page 120


 6399              	.LASF177:
 6400 0468 6C617374 		.ascii	"lasttime\000"
 6400      74696D65 
 6400      00
 6401              	.LASF180:
 6402 0471 70616E69 		.ascii	"panic_msg\000"
 6402      635F6D73 
 6402      6700
 6403              	.LASF305:
 6404 047b 4943555F 		.ascii	"ICU_CHANNEL_2\000"
 6404      4348414E 
 6404      4E454C5F 
 6404      3200
 6405              	.LASF79:
 6406 0489 5F756E73 		.ascii	"_unspecified_locale_info\000"
 6406      70656369 
 6406      66696564 
 6406      5F6C6F63 
 6406      616C655F 
 6407              	.LASF452:
 6408 04a2 44434647 		.ascii	"DCFG\000"
 6408      00
 6409              	.LASF72:
 6410 04a7 5F726565 		.ascii	"_reent\000"
 6410      6E7400
 6411              	.LASF127:
 6412 04ae 5F676C6F 		.ascii	"_global_impure_ptr\000"
 6412      62616C5F 
 6412      696D7075 
 6412      72655F70 
 6412      747200
 6413              	.LASF358:
 6414 04c1 65703073 		.ascii	"ep0state\000"
 6414      74617465 
 6414      00
 6415              	.LASF178:
 6416 04ca 73797374 		.ascii	"system_debug_t\000"
 6416      656D5F64 
 6416      65627567 
 6416      5F7400
 6417              	.LASF414:
 6418 04d9 44494550 		.ascii	"DIEPTSIZ\000"
 6418      5453495A 
 6418      00
 6419              	.LASF501:
 6420 04e2 72657175 		.ascii	"requests_hook_cb\000"
 6420      65737473 
 6420      5F686F6F 
 6420      6B5F6362 
 6420      00
 6421              	.LASF236:
 6422 04f3 5F426F6F 		.ascii	"_Bool\000"
 6422      6C00
 6423              	.LASF456:
 6424 04f9 44494550 		.ascii	"DIEPMSK\000"
 6424      4D534B00 
 6425              	.LASF441:
ARM GAS  /tmp/ccySdW0H.s 			page 121


 6426 0501 48434647 		.ascii	"HCFG\000"
 6426      00
 6427              	.LASF401:
 6428 0506 48434348 		.ascii	"HCCHAR\000"
 6428      415200
 6429              	.LASF272:
 6430 050d 43434D52 		.ascii	"CCMR1\000"
 6430      3100
 6431              	.LASF273:
 6432 0513 43434D52 		.ascii	"CCMR2\000"
 6432      3200
 6433              	.LASF277:
 6434 0519 43434D52 		.ascii	"CCMR3\000"
 6434      3300
 6435              	.LASF421:
 6436 051f 73746D33 		.ascii	"stm32_otg_out_ep_t\000"
 6436      325F6F74 
 6436      675F6F75 
 6436      745F6570 
 6436      5F7400
 6437              	.LASF27:
 6438 0532 63686172 		.ascii	"char\000"
 6438      00
 6439              	.LASF506:
 6440 0537 756E6765 		.ascii	"unget\000"
 6440      7400
 6441              	.LASF51:
 6442 053d 5F666E73 		.ascii	"_fns\000"
 6442      00
 6443              	.LASF63:
 6444 0542 5F636C6F 		.ascii	"_close\000"
 6444      736500
 6445              	.LASF360:
 6446 0549 6570306E 		.ascii	"ep0n\000"
 6446      00
 6447              	.LASF455:
 6448 054e 72657376 		.ascii	"resvd80C\000"
 6448      64383043 
 6448      00
 6449              	.LASF255:
 6450 0557 73656D5F 		.ascii	"sem_list\000"
 6450      6C697374 
 6450      00
 6451              	.LASF355:
 6452 0560 72656365 		.ascii	"receiving\000"
 6452      6976696E 
 6452      6700
 6453              	.LASF9:
 6454 056a 5F5F7569 		.ascii	"__uint16_t\000"
 6454      6E743136 
 6454      5F7400
 6455              	.LASF353:
 6456 0575 55534244 		.ascii	"USBDriver\000"
 6456      72697665 
 6456      7200
 6457              	.LASF205:
 6458 057f 77746F62 		.ascii	"wtobjp\000"
ARM GAS  /tmp/ccySdW0H.s 			page 122


 6458      6A7000
 6459              	.LASF347:
 6460 0586 74696D65 		.ascii	"timeout_cb\000"
 6460      6F75745F 
 6460      636200
 6461              	.LASF74:
 6462 0591 5F737464 		.ascii	"_stdin\000"
 6462      696E00
 6463              	.LASF286:
 6464 0598 70616C65 		.ascii	"palevent_t\000"
 6464      76656E74 
 6464      5F7400
 6465              	.LASF489:
 6466 05a3 73657475 		.ascii	"setup_cb\000"
 6466      705F6362 
 6466      00
 6467              	.LASF394:
 6468 05ac 75645F73 		.ascii	"ud_string\000"
 6468      7472696E 
 6468      6700
 6469              	.LASF230:
 6470 05b6 6F66665F 		.ascii	"off_refs\000"
 6470      72656673 
 6470      00
 6471              	.LASF152:
 6472 05bf 666C6167 		.ascii	"flags\000"
 6472      7300
 6473              	.LASF490:
 6474 05c5 696E5F63 		.ascii	"in_cb\000"
 6474      6200
 6475              	.LASF198:
 6476 05cb 73746B61 		.ascii	"stkalign_t\000"
 6476      6C69676E 
 6476      5F7400
 6477              	.LASF197:
 6478 05d6 55534152 		.ascii	"USART_TypeDef\000"
 6478      545F5479 
 6478      70654465 
 6478      6600
 6479              	.LASF443:
 6480 05e4 48464E55 		.ascii	"HFNUM\000"
 6480      4D00
 6481              	.LASF159:
 6482 05ea 6D706F6F 		.ascii	"mpool\000"
 6482      6C00
 6483              	.LASF398:
 6484 05f0 75736265 		.ascii	"usbeventcb_t\000"
 6484      76656E74 
 6484      63625F74 
 6484      00
 6485              	.LASF303:
 6486 05fd 69637566 		.ascii	"icufreq_t\000"
 6486      7265715F 
 6486      7400
 6487              	.LASF262:
 6488 0607 73747265 		.ascii	"stream\000"
 6488      616D00
ARM GAS  /tmp/ccySdW0H.s 			page 123


 6489              	.LASF409:
 6490 060e 73746D33 		.ascii	"stm32_otg_host_chn_t\000"
 6490      325F6F74 
 6490      675F686F 
 6490      73745F63 
 6490      686E5F74 
 6491              	.LASF493:
 6492 0623 6F75745F 		.ascii	"out_maxsize\000"
 6492      6D617873 
 6492      697A6500 
 6493              	.LASF219:
 6494 062f 70747273 		.ascii	"ptrsize\000"
 6494      697A6500 
 6495              	.LASF354:
 6496 0637 7472616E 		.ascii	"transmitting\000"
 6496      736D6974 
 6496      74696E67 
 6496      00
 6497              	.LASF278:
 6498 0644 43435852 		.ascii	"CCXR\000"
 6498      00
 6499              	.LASF405:
 6500 0649 48435453 		.ascii	"HCTSIZ\000"
 6500      495A00
 6501              	.LASF484:
 6502 0650 55534249 		.ascii	"USBInEndpointState\000"
 6502      6E456E64 
 6502      706F696E 
 6502      74537461 
 6502      746500
 6503              	.LASF436:
 6504 0663 47434346 		.ascii	"GCCFG\000"
 6504      4700
 6505              	.LASF461:
 6506 0669 72657376 		.ascii	"resvd824\000"
 6506      64383234 
 6506      00
 6507              	.LASF463:
 6508 0672 44564255 		.ascii	"DVBUSPULSE\000"
 6508      5350554C 
 6508      534500
 6509              	.LASF380:
 6510 067d 5553425F 		.ascii	"USB_EP0_IN_SENDING_STS\000"
 6510      4550305F 
 6510      494E5F53 
 6510      454E4449 
 6510      4E475F53 
 6511              	.LASF232:
 6512 0694 6F66665F 		.ascii	"off_time\000"
 6512      74696D65 
 6512      00
 6513              	.LASF511:
 6514 069d 5F756E67 		.ascii	"_unget\000"
 6514      657400
 6515              	.LASF141:
 6516 06a4 636E745F 		.ascii	"cnt_t\000"
 6516      7400
ARM GAS  /tmp/ccySdW0H.s 			page 124


 6517              	.LASF259:
 6518 06aa 70697065 		.ascii	"pipe_list\000"
 6518      5F6C6973 
 6518      7400
 6519              	.LASF314:
 6520 06b4 49435543 		.ascii	"ICUConfig\000"
 6520      6F6E6669 
 6520      6700
 6521              	.LASF345:
 6522 06be 72786368 		.ascii	"rxchar_cb\000"
 6522      61725F63 
 6522      6200
 6523              	.LASF465:
 6524 06c8 44494550 		.ascii	"DIEPEMPMSK\000"
 6524      454D504D 
 6524      534B00
 6525              	.LASF508:
 6526 06d3 62756666 		.ascii	"buffer\000"
 6526      657200
 6527              	.LASF395:
 6528 06da 55534244 		.ascii	"USBDescriptor\000"
 6528      65736372 
 6528      6970746F 
 6528      7200
 6529              	.LASF59:
 6530 06e8 5F636F6F 		.ascii	"_cookie\000"
 6530      6B696500 
 6531              	.LASF362:
 6532 06f0 73657475 		.ascii	"setup\000"
 6532      7000
 6533              	.LASF335:
 6534 06f6 646D6174 		.ascii	"dmatxmode\000"
 6534      786D6F64 
 6534      6500
 6535              	.LASF348:
 6536 0700 73706565 		.ascii	"speed\000"
 6536      6400
 6537              	.LASF209:
 6538 0706 77746D74 		.ascii	"wtmtxp\000"
 6538      787000
 6539              	.LASF32:
 6540 070d 5F776473 		.ascii	"_wds\000"
 6540      00
 6541              	.LASF392:
 6542 0712 75736265 		.ascii	"usbevent_t\000"
 6542      76656E74 
 6542      5F7400
 6543              	.LASF168:
 6544 071d 63685F72 		.ascii	"ch_ready_list\000"
 6544      65616479 
 6544      5F6C6973 
 6544      7400
 6545              	.LASF124:
 6546 072b 5F5F6C6F 		.ascii	"__lock\000"
 6546      636B00
 6547              	.LASF378:
 6548 0732 5553425F 		.ascii	"USB_EP0_IN_TX\000"
ARM GAS  /tmp/ccySdW0H.s 			page 125


 6548      4550305F 
 6548      494E5F54 
 6548      5800
 6549              	.LASF91:
 6550 0740 5F736967 		.ascii	"_sig_func\000"
 6550      5F66756E 
 6550      6300
 6551              	.LASF517:
 6552 074a 2E2E2F2E 		.ascii	"../../chibios_trunk/os/hal/lib/streams/bufstreams.c"
 6552      2E2F6368 
 6552      6962696F 
 6552      735F7472 
 6552      756E6B2F 
 6553 077d 00       		.ascii	"\000"
 6554              	.LASF256:
 6555 077e 73656D5F 		.ascii	"sem_pool\000"
 6555      706F6F6C 
 6555      00
 6556              	.LASF393:
 6557 0787 75645F73 		.ascii	"ud_size\000"
 6557      697A6500 
 6558              	.LASF67:
 6559 078f 5F6F6666 		.ascii	"_offset\000"
 6559      73657400 
 6560              	.LASF373:
 6561 0797 5553425F 		.ascii	"USB_SELECTED\000"
 6561      53454C45 
 6561      43544544 
 6561      00
 6562              	.LASF88:
 6563 07a4 5F637674 		.ascii	"_cvtbuf\000"
 6563      62756600 
 6564              	.LASF365:
 6565 07ac 636F6E66 		.ascii	"configuration\000"
 6565      69677572 
 6565      6174696F 
 6565      6E00
 6566              	.LASF271:
 6567 07ba 44494552 		.ascii	"DIER\000"
 6567      00
 6568              	.LASF431:
 6569 07bf 47525846 		.ascii	"GRXFSIZ\000"
 6569      53495A00 
 6570              	.LASF481:
 6571 07c7 7478636E 		.ascii	"txcnt\000"
 6571      7400
 6572              	.LASF468:
 6573 07cd 72657376 		.ascii	"resvd840\000"
 6573      64383430 
 6573      00
 6574              	.LASF285:
 6575 07d6 70616C63 		.ascii	"palcallback_t\000"
 6575      616C6C62 
 6575      61636B5F 
 6575      7400
 6576              	.LASF15:
 6577 07e4 5F5F7569 		.ascii	"__uint64_t\000"
ARM GAS  /tmp/ccySdW0H.s 			page 126


 6577      6E743634 
 6577      5F7400
 6578              	.LASF439:
 6579 07ef 44494550 		.ascii	"DIEPTXF\000"
 6579      54584600 
 6580              	.LASF228:
 6581 07f7 6F66665F 		.ascii	"off_state\000"
 6581      73746174 
 6581      6500
 6582              	.LASF445:
 6583 0801 48505458 		.ascii	"HPTXSTS\000"
 6583      53545300 
 6584              	.LASF85:
 6585 0809 5F703573 		.ascii	"_p5s\000"
 6585      00
 6586              	.LASF14:
 6587 080e 6C6F6E67 		.ascii	"long unsigned int\000"
 6587      20756E73 
 6587      69676E65 
 6587      6420696E 
 6587      7400
 6588              	.LASF221:
 6589 0820 74687265 		.ascii	"threadsize\000"
 6589      61647369 
 6589      7A6500
 6590              	.LASF472:
 6591 082b 50434743 		.ascii	"PCGCCTL\000"
 6591      43544C00 
 6592              	.LASF349:
 6593 0833 55415254 		.ascii	"UARTConfig\000"
 6593      436F6E66 
 6593      696700
 6594              	.LASF425:
 6595 083e 47555342 		.ascii	"GUSBCFG\000"
 6595      43464700 
 6596              	.LASF55:
 6597 0846 5F5F7346 		.ascii	"__sFILE\000"
 6597      494C4500 
 6598              	.LASF81:
 6599 084e 5F5F7364 		.ascii	"__sdidinit\000"
 6599      6964696E 
 6599      697400
 6600              	.LASF71:
 6601 0859 5F666C61 		.ascii	"_flags2\000"
 6601      67733200 
 6602              	.LASF364:
 6603 0861 61646472 		.ascii	"address\000"
 6603      65737300 
 6604              	.LASF189:
 6605 0869 53797374 		.ascii	"SystemCoreClock\000"
 6605      656D436F 
 6605      7265436C 
 6605      6F636B00 
 6606              	.LASF211:
 6607 0879 63685F73 		.ascii	"ch_semaphore\000"
 6607      656D6170 
 6607      686F7265 
ARM GAS  /tmp/ccySdW0H.s 			page 127


 6607      00
 6608              	.LASF265:
 6609 0886 73686966 		.ascii	"shift\000"
 6609      7400
 6610              	.LASF312:
 6611 088c 6368616E 		.ascii	"channel\000"
 6611      6E656C00 
 6612              	.LASF144:
 6613 0894 63685F74 		.ascii	"ch_thread\000"
 6613      68726561 
 6613      6400
 6614              	.LASF424:
 6615 089e 47414842 		.ascii	"GAHBCFG\000"
 6615      43464700 
 6616              	.LASF357:
 6617 08a6 6F75745F 		.ascii	"out_params\000"
 6617      70617261 
 6617      6D7300
 6618              	.LASF175:
 6619 08b1 76697274 		.ascii	"virtual_timers_list_t\000"
 6619      75616C5F 
 6619      74696D65 
 6619      72735F6C 
 6619      6973745F 
 6620              	.LASF214:
 6621 08c7 63685F69 		.ascii	"ch_idle_thread_wa\000"
 6621      646C655F 
 6621      74687265 
 6621      61645F77 
 6621      6100
 6622              	.LASF496:
 6623 08d9 696E5F6D 		.ascii	"in_multiplier\000"
 6623      756C7469 
 6623      706C6965 
 6623      7200
 6624              	.LASF269:
 6625 08e7 5F73746D 		.ascii	"_stm32_dma_streams\000"
 6625      33325F64 
 6625      6D615F73 
 6625      74726561 
 6625      6D7300
 6626              	.LASF73:
 6627 08fa 5F657272 		.ascii	"_errno\000"
 6627      6E6F00
 6628              	.LASF343:
 6629 0901 7478656E 		.ascii	"txend2_cb\000"
 6629      64325F63 
 6629      6200
 6630              	.LASF374:
 6631 090b 5553425F 		.ascii	"USB_ACTIVE\000"
 6631      41435449 
 6631      564500
 6632              	.LASF478:
 6633 0916 6E756D5F 		.ascii	"num_endpoints\000"
 6633      656E6470 
 6633      6F696E74 
 6633      7300
ARM GAS  /tmp/ccySdW0H.s 			page 128


 6634              	.LASF258:
 6635 0924 6669666F 		.ascii	"fifo_list\000"
 6635      5F6C6973 
 6635      7400
 6636              	.LASF311:
 6637 092e 6F766572 		.ascii	"overflow_cb\000"
 6637      666C6F77 
 6637      5F636200 
 6638              	.LASF171:
 6639 093a 76697274 		.ascii	"virtual_timer_t\000"
 6639      75616C5F 
 6639      74696D65 
 6639      725F7400 
 6640              	.LASF167:
 6641 094a 72656164 		.ascii	"ready_list_t\000"
 6641      795F6C69 
 6641      73745F74 
 6641      00
 6642              	.LASF148:
 6643 0957 6F6C6465 		.ascii	"older\000"
 6643      7200
 6644              	.LASF113:
 6645 095d 5F736967 		.ascii	"_signal_buf\000"
 6645      6E616C5F 
 6645      62756600 
 6646              	.LASF480:
 6647 0969 74787369 		.ascii	"txsize\000"
 6647      7A6500
 6648              	.LASF158:
 6649 0970 7265616C 		.ascii	"realprio\000"
 6649      7072696F 
 6649      00
 6650              	.LASF279:
 6651 0979 73746D33 		.ascii	"stm32_tim_t\000"
 6651      325F7469 
 6651      6D5F7400 
 6652              	.LASF142:
 6653 0985 75636E74 		.ascii	"ucnt_t\000"
 6653      5F7400
 6654              	.LASF296:
 6655 098c 636C6F63 		.ascii	"clock\000"
 6655      6B00
 6656              	.LASF282:
 6657 0992 77726974 		.ascii	"write\000"
 6657      6500
 6658              	.LASF227:
 6659 0998 6F66665F 		.ascii	"off_stklimit\000"
 6659      73746B6C 
 6659      696D6974 
 6659      00
 6660              	.LASF242:
 6661 09a5 706F6F6C 		.ascii	"pool_header\000"
 6661      5F686561 
 6661      64657200 
 6662              	.LASF33:
 6663 09b1 5F426967 		.ascii	"_Bigint\000"
 6663      696E7400 
ARM GAS  /tmp/ccySdW0H.s 			page 129


 6664              	.LASF376:
 6665 09b9 75736273 		.ascii	"usbstate_t\000"
 6665      74617465 
 6665      5F7400
 6666              	.LASF162:
 6667 09c4 63685F74 		.ascii	"ch_threads_list\000"
 6667      68726561 
 6667      64735F6C 
 6667      69737400 
 6668              	.LASF327:
 6669 09d4 55415254 		.ascii	"UART_RX_COMPLETE\000"
 6669      5F52585F 
 6669      434F4D50 
 6669      4C455445 
 6669      00
 6670              	.LASF30:
 6671 09e5 5F6D6178 		.ascii	"_maxwds\000"
 6671      77647300 
 6672              	.LASF293:
 6673 09ed 69637573 		.ascii	"icustate_t\000"
 6673      74617465 
 6673      5F7400
 6674              	.LASF444:
 6675 09f8 72657376 		.ascii	"resvd40C\000"
 6675      64343043 
 6675      00
 6676              	.LASF82:
 6677 0a01 5F5F636C 		.ascii	"__cleanup\000"
 6677      65616E75 
 6677      7000
 6678              	.LASF422:
 6679 0a0b 474F5447 		.ascii	"GOTGCTL\000"
 6679      43544C00 
 6680              	.LASF90:
 6681 0a13 5F617465 		.ascii	"_atexit0\000"
 6681      78697430 
 6681      00
 6682              	.LASF338:
 6683 0a1c 72786275 		.ascii	"rxbuf\000"
 6683      6600
 6684              	.LASF336:
 6685 0a22 646D6172 		.ascii	"dmarx\000"
 6685      7800
 6686              	.LASF494:
 6687 0a28 696E5F73 		.ascii	"in_state\000"
 6687      74617465 
 6687      00
 6688              	.LASF429:
 6689 0a31 47525853 		.ascii	"GRXSTSR\000"
 6689      54535200 
 6690              	.LASF390:
 6691 0a39 5553425F 		.ascii	"USB_EVENT_WAKEUP\000"
 6691      4556454E 
 6691      545F5741 
 6691      4B455550 
 6691      00
 6692              	.LASF316:
ARM GAS  /tmp/ccySdW0H.s 			page 130


 6693 0a4a 49435544 		.ascii	"ICUD2\000"
 6693      3200
 6694              	.LASF13:
 6695 0a50 5F5F7569 		.ascii	"__uint32_t\000"
 6695      6E743332 
 6695      5F7400
 6696              	.LASF78:
 6697 0a5b 5F656D65 		.ascii	"_emergency\000"
 6697      7267656E 
 6697      637900
 6698              	.LASF499:
 6699 0a66 6576656E 		.ascii	"event_cb\000"
 6699      745F6362 
 6699      00
 6700              	.LASF423:
 6701 0a6f 474F5447 		.ascii	"GOTGINT\000"
 6701      494E5400 
 6702              	.LASF157:
 6703 0a77 6D74786C 		.ascii	"mtxlist\000"
 6703      69737400 
 6704              	.LASF1:
 6705 0a7f 6C6F6E67 		.ascii	"long long int\000"
 6705      206C6F6E 
 6705      6720696E 
 6705      7400
 6706              	.LASF372:
 6707 0a8d 5553425F 		.ascii	"USB_READY\000"
 6707      52454144 
 6707      5900
 6708              	.LASF430:
 6709 0a97 47525853 		.ascii	"GRXSTSP\000"
 6709      54535000 
 6710              	.LASF187:
 6711 0a9f 73797369 		.ascii	"sysinterval_t\000"
 6711      6E746572 
 6711      76616C5F 
 6711      7400
 6712              	.LASF96:
 6713 0aad 5F6E696F 		.ascii	"_niobs\000"
 6713      627300
 6714              	.LASF448:
 6715 0ab4 72657376 		.ascii	"resvd41C\000"
 6715      64343143 
 6715      00
 6716              	.LASF251:
 6717 0abd 63685F6F 		.ascii	"ch_objects_factory\000"
 6717      626A6563 
 6717      74735F66 
 6717      6163746F 
 6717      727900
 6718              	.LASF92:
 6719 0ad0 5F5F7367 		.ascii	"__sglue\000"
 6719      6C756500 
 6720              	.LASF359:
 6721 0ad8 6570306E 		.ascii	"ep0next\000"
 6721      65787400 
 6722              	.LASF122:
ARM GAS  /tmp/ccySdW0H.s 			page 131


 6723 0ae0 5F6E6D61 		.ascii	"_nmalloc\000"
 6723      6C6C6F63 
 6723      00
 6724              	.LASF196:
 6725 0ae9 47545052 		.ascii	"GTPR\000"
 6725      00
 6726              	.LASF106:
 6727 0aee 5F67616D 		.ascii	"_gamma_signgam\000"
 6727      6D615F73 
 6727      69676E67 
 6727      616D00
 6728              	.LASF466:
 6729 0afd 72657376 		.ascii	"resvd838\000"
 6729      64383338 
 6729      00
 6730              	.LASF509:
 6731 0b06 42756666 		.ascii	"BufferedStreamAdapter\000"
 6731      65726564 
 6731      53747265 
 6731      616D4164 
 6731      61707465 
 6732              	.LASF397:
 6733 0b1c 75736265 		.ascii	"usbepcallback_t\000"
 6733      7063616C 
 6733      6C626163 
 6733      6B5F7400 
 6734              	.LASF86:
 6735 0b2c 5F667265 		.ascii	"_freelist\000"
 6735      656C6973 
 6735      7400
 6736              	.LASF97:
 6737 0b36 5F696F62 		.ascii	"_iobs\000"
 6737      7300
 6738              	.LASF244:
 6739 0b3c 616C6967 		.ascii	"align\000"
 6739      6E00
 6740              	.LASF469:
 6741 0b42 72657376 		.ascii	"resvd880\000"
 6741      64383830 
 6741      00
 6742              	.LASF95:
 6743 0b4b 5F676C75 		.ascii	"_glue\000"
 6743      6500
 6744              	.LASF188:
 6745 0b51 49544D5F 		.ascii	"ITM_RxBuffer\000"
 6745      52784275 
 6745      66666572 
 6745      00
 6746              	.LASF31:
 6747 0b5e 5F736967 		.ascii	"_sign\000"
 6747      6E00
 6748              	.LASF308:
 6749 0b64 66726571 		.ascii	"frequency\000"
 6749      75656E63 
 6749      7900
 6750              	.LASF329:
 6751 0b6e 75617274 		.ascii	"uartflags_t\000"
ARM GAS  /tmp/ccySdW0H.s 			page 132


 6751      666C6167 
 6751      735F7400 
 6752              	.LASF337:
 6753 0b7a 646D6174 		.ascii	"dmatx\000"
 6753      7800
 6754              	.LASF420:
 6755 0b80 444F4550 		.ascii	"DOEPTSIZ\000"
 6755      5453495A 
 6755      00
 6756              	.LASF283:
 6757 0b89 72656164 		.ascii	"read\000"
 6757      00
 6758              	.LASF224:
 6759 0b8e 6F66665F 		.ascii	"off_newer\000"
 6759      6E657765 
 6759      7200
 6760              	.LASF266:
 6761 0b98 73656C66 		.ascii	"selfindex\000"
 6761      696E6465 
 6761      7800
 6762              	.LASF346:
 6763 0ba2 72786572 		.ascii	"rxerr_cb\000"
 6763      725F6362 
 6763      00
 6764              	.LASF0:
 6765 0bab 756E7369 		.ascii	"unsigned int\000"
 6765      676E6564 
 6765      20696E74 
 6765      00
 6766              	.LASF503:
 6767 0bb8 55534243 		.ascii	"USBConfig\000"
 6767      6F6E6669 
 6767      6700
 6768              	.LASF460:
 6769 0bc2 72657376 		.ascii	"resvd820\000"
 6769      64383230 
 6769      00
 6770              	.LASF134:
 6771 0bcb 7274636E 		.ascii	"rtcnt_t\000"
 6771      745F7400 
 6772              	.LASF403:
 6773 0bd3 4843494E 		.ascii	"HCINT\000"
 6773      5400
 6774              	.LASF153:
 6775 0bd9 72656673 		.ascii	"refs\000"
 6775      00
 6776              	.LASF120:
 6777 0bde 5F685F65 		.ascii	"_h_errno\000"
 6777      72726E6F 
 6777      00
 6778              	.LASF513:
 6779 0be7 5F707574 		.ascii	"_put\000"
 6779      00
 6780              	.LASF475:
 6781 0bec 73746D33 		.ascii	"stm32_otg_t\000"
 6781      325F6F74 
 6781      675F7400 
ARM GAS  /tmp/ccySdW0H.s 			page 133


 6782              	.LASF118:
 6783 0bf8 5F776372 		.ascii	"_wcrtomb_state\000"
 6783      746F6D62 
 6783      5F737461 
 6783      746500
 6784              	.LASF497:
 6785 0c07 73657475 		.ascii	"setup_buf\000"
 6785      705F6275 
 6785      6600
 6786              	.LASF38:
 6787 0c11 5F5F746D 		.ascii	"__tm_mday\000"
 6787      5F6D6461 
 6787      7900
 6788              	.LASF518:
 6789 0c1b 2F686F6D 		.ascii	"/home/rob/Projects/ChibiStudio/ChibiStudio_20/works"
 6789      652F726F 
 6789      622F5072 
 6789      6F6A6563 
 6789      74732F43 
 6790 0c4e 70616365 		.ascii	"pace_trunk/F401_blackpill_SerialSniffer/\000"
 6790      5F747275 
 6790      6E6B2F46 
 6790      3430315F 
 6790      626C6163 
 6791              	.LASF381:
 6792 0c77 5553425F 		.ascii	"USB_EP0_OUT_WAITING_STS\000"
 6792      4550305F 
 6792      4F55545F 
 6792      57414954 
 6792      494E475F 
 6793              	.LASF89:
 6794 0c8f 5F6E6577 		.ascii	"_new\000"
 6794      00
 6795              	.LASF64:
 6796 0c94 5F756275 		.ascii	"_ubuf\000"
 6796      6600
 6797              	.LASF473:
 6798 0c9a 72657376 		.ascii	"resvdE04\000"
 6798      64453034 
 6798      00
 6799              	.LASF76:
 6800 0ca3 5F737464 		.ascii	"_stderr\000"
 6800      65727200 
 6801              	.LASF111:
 6802 0cab 5F776374 		.ascii	"_wctomb_state\000"
 6802      6F6D625F 
 6802      73746174 
 6802      6500
 6803              	.LASF70:
 6804 0cb9 5F6D6273 		.ascii	"_mbstate\000"
 6804      74617465 
 6804      00
 6805              	.LASF169:
 6806 0cc2 63757272 		.ascii	"current\000"
 6806      656E7400 
 6807              	.LASF107:
 6808 0cca 5F72616E 		.ascii	"_rand_next\000"
ARM GAS  /tmp/ccySdW0H.s 			page 134


 6808      645F6E65 
 6808      787400
 6809              	.LASF491:
 6810 0cd5 6F75745F 		.ascii	"out_cb\000"
 6810      636200
 6811              	.LASF56:
 6812 0cdc 5F666C61 		.ascii	"_flags\000"
 6812      677300
 6813              	.LASF201:
 6814 0ce3 6F666673 		.ascii	"offset\000"
 6814      657400
 6815              	.LASF447:
 6816 0cea 4841494E 		.ascii	"HAINTMSK\000"
 6816      544D534B 
 6816      00
 6817              	.LASF290:
 6818 0cf3 4943555F 		.ascii	"ICU_READY\000"
 6818      52454144 
 6818      5900
 6819              	.LASF160:
 6820 0cfd 74687265 		.ascii	"thread_reference_t\000"
 6820      61645F72 
 6820      65666572 
 6820      656E6365 
 6820      5F7400
 6821              	.LASF49:
 6822 0d10 5F617465 		.ascii	"_atexit\000"
 6822      78697400 
 6823              	.LASF371:
 6824 0d18 5553425F 		.ascii	"USB_STOP\000"
 6824      53544F50 
 6824      00
 6825              	.LASF486:
 6826 0d21 7278636E 		.ascii	"rxcnt\000"
 6826      7400
 6827              	.LASF492:
 6828 0d27 696E5F6D 		.ascii	"in_maxsize\000"
 6828      61787369 
 6828      7A6500
 6829              	.LASF428:
 6830 0d32 47494E54 		.ascii	"GINTMSK\000"
 6830      4D534B00 
 6831              	.LASF195:
 6832 0d3a 444D415F 		.ascii	"DMA_Stream_TypeDef\000"
 6832      53747265 
 6832      616D5F54 
 6832      79706544 
 6832      656600
 6833              	.LASF352:
 6834 0d4d 55415254 		.ascii	"UARTD6\000"
 6834      443600
 6835              	.LASF310:
 6836 0d54 70657269 		.ascii	"period_cb\000"
 6836      6F645F63 
 6836      6200
 6837              	.LASF302:
 6838 0d5e 6963756D 		.ascii	"icumode_t\000"
ARM GAS  /tmp/ccySdW0H.s 			page 135


 6838      6F64655F 
 6838      7400
 6839              	.LASF23:
 6840 0d68 5F5F636F 		.ascii	"__count\000"
 6840      756E7400 
 6841              	.LASF495:
 6842 0d70 6F75745F 		.ascii	"out_state\000"
 6842      73746174 
 6842      6500
 6843              	.LASF406:
 6844 0d7a 72657376 		.ascii	"resvd14\000"
 6844      64313400 
 6845              	.LASF237:
 6846 0d82 6D656D67 		.ascii	"memgetfunc_t\000"
 6846      65746675 
 6846      6E635F74 
 6846      00
 6847              	.LASF41:
 6848 0d8f 5F5F746D 		.ascii	"__tm_wday\000"
 6848      5F776461 
 6848      7900
 6849              	.LASF287:
 6850 0d99 5F70616C 		.ascii	"_pal_events\000"
 6850      5F657665 
 6850      6E747300 
 6851              	.LASF143:
 6852 0da5 74687265 		.ascii	"thread_t\000"
 6852      61645F74 
 6852      00
 6853              	.LASF2:
 6854 0dae 6C6F6E67 		.ascii	"long double\000"
 6854      20646F75 
 6854      626C6500 
 6855              	.LASF42:
 6856 0dba 5F5F746D 		.ascii	"__tm_yday\000"
 6856      5F796461 
 6856      7900
 6857              	.LASF477:
 6858 0dc4 6F74675F 		.ascii	"otg_ram_size\000"
 6858      72616D5F 
 6858      73697A65 
 6858      00
 6859              	.LASF207:
 6860 0dd1 73656E74 		.ascii	"sentmsg\000"
 6860      6D736700 
 6861              	.LASF199:
 6862 0dd9 706F7274 		.ascii	"port_intctx\000"
 6862      5F696E74 
 6862      63747800 
 6863              	.LASF260:
 6864 0de5 6F626A65 		.ascii	"objects_factory_t\000"
 6864      6374735F 
 6864      66616374 
 6864      6F72795F 
 6864      7400
 6865              	.LASF367:
 6866 0df7 6F746770 		.ascii	"otgparams\000"
ARM GAS  /tmp/ccySdW0H.s 			page 136


 6866      6172616D 
 6866      7300
 6867              	.LASF99:
 6868 0e01 5F736565 		.ascii	"_seed\000"
 6868      6400
 6869              	.LASF254:
 6870 0e07 6275665F 		.ascii	"buf_list\000"
 6870      6C697374 
 6870      00
 6871              	.LASF62:
 6872 0e10 5F736565 		.ascii	"_seek\000"
 6872      6B00
 6873              	.LASF464:
 6874 0e16 72657376 		.ascii	"resvd830\000"
 6874      64383330 
 6874      00
 6875              	.LASF388:
 6876 0e1f 5553425F 		.ascii	"USB_EVENT_UNCONFIGURED\000"
 6876      4556454E 
 6876      545F554E 
 6876      434F4E46 
 6876      49475552 
 6877              	.LASF19:
 6878 0e36 5F66706F 		.ascii	"_fpos_t\000"
 6878      735F7400 
 6879              	.LASF22:
 6880 0e3e 5F5F7763 		.ascii	"__wchb\000"
 6880      686200
 6881              	.LASF370:
 6882 0e45 5553425F 		.ascii	"USB_UNINIT\000"
 6882      554E494E 
 6882      495400
 6883              	.LASF190:
 6884 0e50 41484250 		.ascii	"AHBPrescTable\000"
 6884      72657363 
 6884      5461626C 
 6884      6500
 6885              	.LASF172:
 6886 0e5e 63685F76 		.ascii	"ch_virtual_timer\000"
 6886      69727475 
 6886      616C5F74 
 6886      696D6572 
 6886      00
 6887              	.LASF110:
 6888 0e6f 5F6D6274 		.ascii	"_mbtowc_state\000"
 6888      6F77635F 
 6888      73746174 
 6888      6500
 6889              	.LASF288:
 6890 0e7d 4943555F 		.ascii	"ICU_UNINIT\000"
 6890      554E494E 
 6890      495400
 6891              	.LASF4:
 6892 0e88 5F5F696E 		.ascii	"__int8_t\000"
 6892      74385F74 
 6892      00
 6893              	.LASF217:
ARM GAS  /tmp/ccySdW0H.s 			page 137


 6894 0e91 73697A65 		.ascii	"size\000"
 6894      00
 6895              	.LASF471:
 6896 0e96 72657376 		.ascii	"resvdD00\000"
 6896      64443030 
 6896      00
 6897              	.LASF16:
 6898 0e9f 6C6F6E67 		.ascii	"long long unsigned int\000"
 6898      206C6F6E 
 6898      6720756E 
 6898      7369676E 
 6898      65642069 
 6899              	.LASF438:
 6900 0eb6 48505458 		.ascii	"HPTXFSIZ\000"
 6900      4653495A 
 6900      00
 6901              	.LASF467:
 6902 0ebf 72657376 		.ascii	"resvd83C\000"
 6902      64383343 
 6902      00
 6903              	.LASF130:
 6904 0ec8 75696E74 		.ascii	"uint16_t\000"
 6904      31365F74 
 6904      00
 6905              	.LASF326:
 6906 0ed1 55415254 		.ascii	"UART_RX_ACTIVE\000"
 6906      5F52585F 
 6906      41435449 
 6906      564500
 6907              	.LASF226:
 6908 0ee0 6F66665F 		.ascii	"off_name\000"
 6908      6E616D65 
 6908      00
 6909              	.LASF46:
 6910 0ee9 5F64736F 		.ascii	"_dso_handle\000"
 6910      5F68616E 
 6910      646C6500 
 6911              	.LASF139:
 6912 0ef5 6D73675F 		.ascii	"msg_t\000"
 6912      7400
 6913              	.LASF449:
 6914 0efb 48505254 		.ascii	"HPRT\000"
 6914      00
 6915              	.LASF165:
 6916 0f00 63685F74 		.ascii	"ch_threads_queue\000"
 6916      68726561 
 6916      64735F71 
 6916      75657565 
 6916      00
 6917              	.LASF98:
 6918 0f11 5F72616E 		.ascii	"_rand48\000"
 6918      64343800 
 6919              	.LASF404:
 6920 0f19 4843494E 		.ascii	"HCINTMSK\000"
 6920      544D534B 
 6920      00
 6921              	.LASF274:
ARM GAS  /tmp/ccySdW0H.s 			page 138


 6922 0f22 43434552 		.ascii	"CCER\000"
 6922      00
 6923              	.LASF75:
 6924 0f27 5F737464 		.ascii	"_stdout\000"
 6924      6F757400 
 6925              	.LASF239:
 6926 0f2f 746F706D 		.ascii	"topmem\000"
 6926      656D00
 6927              	.LASF366:
 6928 0f36 73617665 		.ascii	"saved_state\000"
 6928      645F7374 
 6928      61746500 
 6929              	.LASF173:
 6930 0f42 64656C74 		.ascii	"delta\000"
 6930      6100
 6931              	.LASF66:
 6932 0f48 5F626C6B 		.ascii	"_blksize\000"
 6932      73697A65 
 6932      00
 6933              	.LASF53:
 6934 0f51 5F626173 		.ascii	"_base\000"
 6934      6500
 6935              	.LASF145:
 6936 0f57 71756575 		.ascii	"queue\000"
 6936      6500
 6937              	.LASF267:
 6938 0f5d 76656374 		.ascii	"vector\000"
 6938      6F7200
 6939              	.LASF103:
 6940 0f64 5F737472 		.ascii	"_strtok_last\000"
 6940      746F6B5F 
 6940      6C617374 
 6940      00
 6941              	.LASF261:
 6942 0f71 63685F66 		.ascii	"ch_factory\000"
 6942      6163746F 
 6942      727900
 6943              	.LASF116:
 6944 0f7c 5F6D6272 		.ascii	"_mbrtowc_state\000"
 6944      746F7763 
 6944      5F737461 
 6944      746500
 6945              	.LASF257:
 6946 0f8b 6D62785F 		.ascii	"mbx_list\000"
 6946      6C697374 
 6946      00
 6947              	.LASF185:
 6948 0f94 6D61696E 		.ascii	"mainthread\000"
 6948      74687265 
 6948      616400
 6949              	.LASF459:
 6950 0f9f 4441494E 		.ascii	"DAINTMSK\000"
 6950      544D534B 
 6950      00
 6951              	.LASF26:
 6952 0fa8 5F666C6F 		.ascii	"_flock_t\000"
 6952      636B5F74 
ARM GAS  /tmp/ccySdW0H.s 			page 139


 6952      00
 6953              	.LASF218:
 6954 0fb1 76657273 		.ascii	"version\000"
 6954      696F6E00 
 6955              	.LASF94:
 6956 0fb9 5F5F4649 		.ascii	"__FILE\000"
 6956      4C4500
 6957              	.LASF462:
 6958 0fc0 44564255 		.ascii	"DVBUSDIS\000"
 6958      53444953 
 6958      00
 6959              	.LASF417:
 6960 0fc9 73746D33 		.ascii	"stm32_otg_in_ep_t\000"
 6960      325F6F74 
 6960      675F696E 
 6960      5F65705F 
 6960      7400
 6961              	.LASF323:
 6962 0fdb 55415254 		.ascii	"UART_TX_COMPLETE\000"
 6962      5F54585F 
 6962      434F4D50 
 6962      4C455445 
 6962      00
 6963              	.LASF328:
 6964 0fec 75617274 		.ascii	"uartrxstate_t\000"
 6964      72787374 
 6964      6174655F 
 6964      7400
 6965              	.LASF25:
 6966 0ffa 5F6D6273 		.ascii	"_mbstate_t\000"
 6966      74617465 
 6966      5F7400
 6967              	.LASF108:
 6968 1005 5F723438 		.ascii	"_r48\000"
 6968      00
 6969              	.LASF150:
 6970 100a 77616261 		.ascii	"wabase\000"
 6970      736500
 6971              	.LASF485:
 6972 1011 72787369 		.ascii	"rxsize\000"
 6972      7A6500
 6973              	.LASF20:
 6974 1018 77696E74 		.ascii	"wint_t\000"
 6974      5F7400
 6975              	.LASF387:
 6976 101f 5553425F 		.ascii	"USB_EVENT_CONFIGURED\000"
 6976      4556454E 
 6976      545F434F 
 6976      4E464947 
 6976      55524544 
 6977              	.LASF340:
 6978 1034 75617274 		.ascii	"uartccb_t\000"
 6978      6363625F 
 6978      7400
 6979              	.LASF246:
 6980 103e 6D656D6F 		.ascii	"memory_pool_t\000"
 6980      72795F70 
ARM GAS  /tmp/ccySdW0H.s 			page 140


 6980      6F6F6C5F 
 6980      7400
 6981              	.LASF29:
 6982 104c 5F6E6578 		.ascii	"_next\000"
 6982      7400
 6983              	.LASF504:
 6984 1052 55534244 		.ascii	"USBD1\000"
 6984      3100
 6985              	.LASF68:
 6986 1058 5F646174 		.ascii	"_data\000"
 6986      6100
 6987              	.LASF498:
 6988 105e 55534245 		.ascii	"USBEndpointConfig\000"
 6988      6E64706F 
 6988      696E7443 
 6988      6F6E6669 
 6988      6700
 6989              	.LASF280:
 6990 1070 42617365 		.ascii	"BaseSequentialStreamVMT\000"
 6990      53657175 
 6990      656E7469 
 6990      616C5374 
 6990      7265616D 
 6991              	.LASF183:
 6992 1088 726C6973 		.ascii	"rlist\000"
 6992      7400
 6993              	.LASF379:
 6994 108e 5553425F 		.ascii	"USB_EP0_IN_WAITING_TX0\000"
 6994      4550305F 
 6994      494E5F57 
 6994      41495449 
 6994      4E475F54 
 6995              	.LASF135:
 6996 10a5 746D6F64 		.ascii	"tmode_t\000"
 6996      655F7400 
 6997              	.LASF264:
 6998 10ad 64756D6D 		.ascii	"dummy\000"
 6998      7900
 6999              	.LASF317:
 7000 10b3 55415254 		.ascii	"UART_UNINIT\000"
 7000      5F554E49 
 7000      4E495400 
 7001              	.LASF400:
 7002 10bf 75736267 		.ascii	"usbgetdescriptor_t\000"
 7002      65746465 
 7002      73637269 
 7002      70746F72 
 7002      5F7400
 7003              	.LASF342:
 7004 10d2 7478656E 		.ascii	"txend1_cb\000"
 7004      64315F63 
 7004      6200
 7005              	.LASF325:
 7006 10dc 55415254 		.ascii	"UART_RX_IDLE\000"
 7006      5F52585F 
 7006      49444C45 
 7006      00
ARM GAS  /tmp/ccySdW0H.s 			page 141


 7007              	.LASF356:
 7008 10e9 696E5F70 		.ascii	"in_params\000"
 7008      6172616D 
 7008      7300
 7009              	.LASF202:
 7010 10f3 746D5F63 		.ascii	"tm_calibration_t\000"
 7010      616C6962 
 7010      72617469 
 7010      6F6E5F74 
 7010      00
 7011              	.LASF193:
 7012 1104 4D304152 		.ascii	"M0AR\000"
 7012      00
 7013              	.LASF149:
 7014 1109 6E616D65 		.ascii	"name\000"
 7014      00
 7015              	.LASF191:
 7016 110e 41504250 		.ascii	"APBPrescTable\000"
 7016      72657363 
 7016      5461626C 
 7016      6500
 7017              	.LASF334:
 7018 111c 646D6172 		.ascii	"dmarxmode\000"
 7018      786D6F64 
 7018      6500
 7019              	.LASF109:
 7020 1126 5F6D626C 		.ascii	"_mblen_state\000"
 7020      656E5F73 
 7020      74617465 
 7020      00
 7021              	.LASF8:
 7022 1133 73686F72 		.ascii	"short int\000"
 7022      7420696E 
 7022      7400
 7023              	.LASF483:
 7024 113d 746F7473 		.ascii	"totsize\000"
 7024      697A6500 
 7025              	.LASF133:
 7026 1145 75696E74 		.ascii	"uint64_t\000"
 7026      36345F74 
 7026      00
 7027              	.LASF307:
 7028 114e 6D6F6465 		.ascii	"mode\000"
 7028      00
 7029              	.LASF174:
 7030 1153 66756E63 		.ascii	"func\000"
 7030      00
 7031              	.LASF212:
 7032 1158 63685F6D 		.ascii	"ch_mutex\000"
 7032      75746578 
 7032      00
 7033              	.LASF385:
 7034 1161 5553425F 		.ascii	"USB_EVENT_RESET\000"
 7034      4556454E 
 7034      545F5245 
 7034      53455400 
 7035              	.LASF299:
ARM GAS  /tmp/ccySdW0H.s 			page 142


 7036 1171 69637563 		.ascii	"icucallback_t\000"
 7036      616C6C62 
 7036      61636B5F 
 7036      7400
 7037              	.LASF155:
 7038 117f 6D736771 		.ascii	"msgqueue\000"
 7038      75657565 
 7038      00
 7039              	.LASF407:
 7040 1188 72657376 		.ascii	"resvd18\000"
 7040      64313800 
 7041              	.LASF415:
 7042 1190 44545846 		.ascii	"DTXFSTS\000"
 7042      53545300 
 7043              	.LASF416:
 7044 1198 72657376 		.ascii	"resvd1C\000"
 7044      64314300 
 7045              	.LASF47:
 7046 11a0 5F666E74 		.ascii	"_fntypes\000"
 7046      79706573 
 7046      00
 7047              	.LASF320:
 7048 11a9 75617274 		.ascii	"uartstate_t\000"
 7048      73746174 
 7048      655F7400 
 7049              	.LASF179:
 7050 11b5 63685F73 		.ascii	"ch_system_debug\000"
 7050      79737465 
 7050      6D5F6465 
 7050      62756700 
 7051              	.LASF250:
 7052 11c5 64796E5F 		.ascii	"dyn_list_t\000"
 7052      6C697374 
 7052      5F7400
 7053              	.LASF40:
 7054 11d0 5F5F746D 		.ascii	"__tm_year\000"
 7054      5F796561 
 7054      7200
 7055              	.LASF408:
 7056 11da 72657376 		.ascii	"resvd1c\000"
 7056      64316300 
 7057              	.LASF399:
 7058 11e2 75736272 		.ascii	"usbreqhandler_t\000"
 7058      65716861 
 7058      6E646C65 
 7058      725F7400 
 7059              	.LASF410:
 7060 11f2 44494550 		.ascii	"DIEPCTL\000"
 7060      43544C00 
 7061              	.LASF396:
 7062 11fa 75736263 		.ascii	"usbcallback_t\000"
 7062      616C6C62 
 7062      61636B5F 
 7062      7400
 7063              	.LASF426:
 7064 1208 47525354 		.ascii	"GRSTCTL\000"
 7064      43544C00 
ARM GAS  /tmp/ccySdW0H.s 			page 143


 7065              	.LASF427:
 7066 1210 47494E54 		.ascii	"GINTSTS\000"
 7066      53545300 
 7067              	.LASF243:
 7068 1218 6F626A65 		.ascii	"object_size\000"
 7068      63745F73 
 7068      697A6500 
 7069              	.LASF291:
 7070 1224 4943555F 		.ascii	"ICU_WAITING\000"
 7070      57414954 
 7070      494E4700 
 7071              	.LASF58:
 7072 1230 5F6C6266 		.ascii	"_lbfsize\000"
 7072      73697A65 
 7072      00
 7073              	.LASF184:
 7074 1239 76746C69 		.ascii	"vtlist\000"
 7074      737400
 7075              	.LASF77:
 7076 1240 5F696E63 		.ascii	"_inc\000"
 7076      00
 7077              	.LASF50:
 7078 1245 5F696E64 		.ascii	"_ind\000"
 7078      00
 7079              	.LASF154:
 7080 124a 77616974 		.ascii	"waiting\000"
 7080      696E6700 
 7081              	.LASF412:
 7082 1252 44494550 		.ascii	"DIEPINT\000"
 7082      494E5400 
 7083              	.LASF433:
 7084 125a 484E5054 		.ascii	"HNPTXSTS\000"
 7084      58535453 
 7084      00
 7085              	.LASF382:
 7086 1263 5553425F 		.ascii	"USB_EP0_OUT_RX\000"
 7086      4550305F 
 7086      4F55545F 
 7086      525800
 7087              	.LASF52:
 7088 1272 5F5F7362 		.ascii	"__sbuf\000"
 7088      756600
 7089              	.LASF248:
 7090 1279 64796E5F 		.ascii	"dyn_element_t\000"
 7090      656C656D 
 7090      656E745F 
 7090      7400
 7091              	.LASF48:
 7092 1287 5F69735F 		.ascii	"_is_cxa\000"
 7092      63786100 
 7093              	.LASF17:
 7094 128f 5F4C4F43 		.ascii	"_LOCK_T\000"
 7094      4B5F5400 
 7095              	.LASF235:
 7096 1297 6D757465 		.ascii	"mutex_t\000"
 7096      785F7400 
 7097              	.LASF137:
ARM GAS  /tmp/ccySdW0H.s 			page 144


 7098 129f 74726566 		.ascii	"trefs_t\000"
 7098      735F7400 
 7099              	.LASF121:
 7100 12a7 5F6E6578 		.ascii	"_nextf\000"
 7100      746600
 7101              	.LASF238:
 7102 12ae 62617365 		.ascii	"basemem\000"
 7102      6D656D00 
 7103              	.LASF200:
 7104 12b6 706F7274 		.ascii	"port_context\000"
 7104      5F636F6E 
 7104      74657874 
 7104      00
 7105              	.LASF161:
 7106 12c3 74687265 		.ascii	"threads_list_t\000"
 7106      6164735F 
 7106      6C697374 
 7106      5F7400
 7107              	.LASF321:
 7108 12d2 55415254 		.ascii	"UART_TX_IDLE\000"
 7108      5F54585F 
 7108      49444C45 
 7108      00
 7109              	.LASF339:
 7110 12df 75617274 		.ascii	"uartcb_t\000"
 7110      63625F74 
 7110      00
 7111              	.LASF363:
 7112 12e8 73746174 		.ascii	"status\000"
 7112      757300
 7113              	.LASF516:
 7114 12ef 474E5520 		.ascii	"GNU C17 9.2.1 20191025 (release) [ARM/arm-9-branch "
 7114      43313720 
 7114      392E322E 
 7114      31203230 
 7114      31393130 
 7115 1322 72657669 		.ascii	"revision 277599] -mcpu=cortex-m4 -mthumb -mfloat-ab"
 7115      73696F6E 
 7115      20323737 
 7115      3539395D 
 7115      202D6D63 
 7116 1355 693D736F 		.ascii	"i=soft -march=armv7e-m -ggdb -O2 -fomit-frame-point"
 7116      6674202D 
 7116      6D617263 
 7116      683D6172 
 7116      6D763765 
 7117 1388 6572202D 		.ascii	"er -falign-functions=16 -ffunction-sections -fdata-"
 7117      66616C69 
 7117      676E2D66 
 7117      756E6374 
 7117      696F6E73 
 7118 13bb 73656374 		.ascii	"sections -fno-common -flto\000"
 7118      696F6E73 
 7118      202D666E 
 7118      6F2D636F 
 7118      6D6D6F6E 
 7119              	.LASF434:
ARM GAS  /tmp/ccySdW0H.s 			page 145


 7120 13d6 72657376 		.ascii	"resvd30\000"
 7120      64333000 
 7121              	.LASF182:
 7122 13de 63685F73 		.ascii	"ch_system\000"
 7122      79737465 
 7122      6D00
 7123              	.LASF435:
 7124 13e8 72657376 		.ascii	"resvd34\000"
 7124      64333400 
 7125              	.LASF80:
 7126 13f0 5F6C6F63 		.ascii	"_locale\000"
 7126      616C6500 
 7127              	.LASF28:
 7128 13f8 5F5F554C 		.ascii	"__ULong\000"
 7128      6F6E6700 
 7129              	.LASF147:
 7130 1400 6E657765 		.ascii	"newer\000"
 7130      7200
 7131              	.LASF275:
 7132 1406 42445452 		.ascii	"BDTR\000"
 7132      00
 7133              	.LASF515:
 7134 140b 62756666 		.ascii	"buffered\000"
 7134      65726564 
 7134      00
 7135              	.LASF132:
 7136 1414 75696E74 		.ascii	"uint32_t\000"
 7136      33325F74 
 7136      00
 7137              	.LASF369:
 7138 141d 75736265 		.ascii	"usbep_t\000"
 7138      705F7400 
 7139              	.LASF281:
 7140 1425 696E7374 		.ascii	"instance_offset\000"
 7140      616E6365 
 7140      5F6F6666 
 7140      73657400 
 7141              	.LASF83:
 7142 1435 5F726573 		.ascii	"_result\000"
 7142      756C7400 
 7143              	.LASF470:
 7144 143d 72657376 		.ascii	"resvd8C0\000"
 7144      64384330 
 7144      00
 7145              	.LASF18:
 7146 1446 5F6F6666 		.ascii	"_off_t\000"
 7146      5F7400
 7147              	.LASF203:
 7148 144d 7264796D 		.ascii	"rdymsg\000"
 7148      736700
 7149              	.LASF101:
 7150 1454 5F616464 		.ascii	"_add\000"
 7150      00
 7151              	.LASF10:
 7152 1459 73686F72 		.ascii	"short unsigned int\000"
 7152      7420756E 
 7152      7369676E 
ARM GAS  /tmp/ccySdW0H.s 			page 146


 7152      65642069 
 7152      6E7400
 7153              	.LASF37:
 7154 146c 5F5F746D 		.ascii	"__tm_hour\000"
 7154      5F686F75 
 7154      7200
 7155              	.LASF454:
 7156 1476 44535453 		.ascii	"DSTS\000"
 7156      00
 7157              	.LASF500:
 7158 147b 6765745F 		.ascii	"get_descriptor_cb\000"
 7158      64657363 
 7158      72697074 
 7158      6F725F63 
 7158      6200
 7159              	.LASF181:
 7160 148d 63685F73 		.ascii	"ch_system_t\000"
 7160      79737465 
 7160      6D5F7400 
 7161              	.LASF233:
 7162 1499 63686465 		.ascii	"chdebug_t\000"
 7162      6275675F 
 7162      7400
 7163              	.LASF389:
 7164 14a3 5553425F 		.ascii	"USB_EVENT_SUSPEND\000"
 7164      4556454E 
 7164      545F5355 
 7164      5350454E 
 7164      4400
 7165              	.LASF117:
 7166 14b5 5F6D6273 		.ascii	"_mbsrtowcs_state\000"
 7166      72746F77 
 7166      63735F73 
 7166      74617465 
 7166      00
 7167              	.LASF166:
 7168 14c6 70726576 		.ascii	"prev\000"
 7168      00
 7169              	.LASF220:
 7170 14cb 74696D65 		.ascii	"timesize\000"
 7170      73697A65 
 7170      00
 7171              	.LASF361:
 7172 14d4 65703065 		.ascii	"ep0endcb\000"
 7172      6E646362 
 7172      00
 7173              	.LASF350:
 7174 14dd 55415254 		.ascii	"UARTD1\000"
 7174      443100
 7175              	.LASF351:
 7176 14e4 55415254 		.ascii	"UARTD2\000"
 7176      443200
 7177              	.LASF11:
 7178 14eb 5F5F696E 		.ascii	"__int32_t\000"
 7178      7433325F 
 7178      7400
 7179              	.LASF192:
ARM GAS  /tmp/ccySdW0H.s 			page 147


 7180 14f5 4E445452 		.ascii	"NDTR\000"
 7180      00
 7181              	.LASF263:
 7182 14fa 69666372 		.ascii	"ifcr\000"
 7182      00
 7183              	.LASF437:
 7184 14ff 72657376 		.ascii	"resvd58\000"
 7184      64353800 
 7185              	.LASF241:
 7186 1507 63685F6D 		.ascii	"ch_memcore\000"
 7186      656D636F 
 7186      726500
 7187              	.LASF229:
 7188 1512 6F66665F 		.ascii	"off_flags\000"
 7188      666C6167 
 7188      7300
 7189              	.LASF450:
 7190 151c 72657376 		.ascii	"resvd444\000"
 7190      64343434 
 7190      00
 7191              	.LASF45:
 7192 1525 5F666E61 		.ascii	"_fnargs\000"
 7192      72677300 
 7193              	.LASF319:
 7194 152d 55415254 		.ascii	"UART_READY\000"
 7194      5F524541 
 7194      445900
 7195              	.LASF43:
 7196 1538 5F5F746D 		.ascii	"__tm_isdst\000"
 7196      5F697364 
 7196      737400
 7197              	.LASF298:
 7198 1543 70636372 		.ascii	"pccrp\000"
 7198      7000
 7199              	.LASF163:
 7200 1549 6E657874 		.ascii	"next\000"
 7200      00
 7201              	.LASF510:
 7202 154e 62736170 		.ascii	"bsap\000"
 7202      00
 7203              	.LASF368:
 7204 1553 706D6E65 		.ascii	"pmnext\000"
 7204      787400
 7205              	.LASF36:
 7206 155a 5F5F746D 		.ascii	"__tm_min\000"
 7206      5F6D696E 
 7206      00
 7207              	.LASF249:
 7208 1563 63685F64 		.ascii	"ch_dyn_list\000"
 7208      796E5F6C 
 7208      69737400 
 7209              	.LASF215:
 7210 156f 6964656E 		.ascii	"identifier\000"
 7210      74696669 
 7210      657200
 7211              	.LASF114:
 7212 157a 5F676574 		.ascii	"_getdate_err\000"
ARM GAS  /tmp/ccySdW0H.s 			page 148


 7212      64617465 
 7212      5F657272 
 7212      00
 7213              	.LASF502:
 7214 1587 736F665F 		.ascii	"sof_cb\000"
 7214      636200
 7215              	.LASF440:
 7216 158e 72657376 		.ascii	"resvd140\000"
 7216      64313430 
 7216      00
 7217              	.LASF519:
 7218 1597 6273614F 		.ascii	"bsaObjectInit\000"
 7218      626A6563 
 7218      74496E69 
 7218      7400
 7219              	.LASF208:
 7220 15a5 77747365 		.ascii	"wtsemp\000"
 7220      6D7000
 7221              		.text
 7222              		.section	.gnu.lto_.profile.2714ed8639de7e4b,"e",%progbits
 7223 0000 789CE360 		.ascii	"x\234\343``\004B \000\000\000]\000\013"
 7223      60044220 
 7223      0000005D 
 7223      000B
 7224              		.text
 7225              		.section	.gnu.lto_.icf.2714ed8639de7e4b,"e",%progbits
 7226 0000 789CE360 		.ascii	"x\234\343``d0d@\000\016\206\273\267&Lae\374\371e\353"
 7226      60643064 
 7226      40000E86 
 7226      BBB7264C 
 7226      6165FCF9 
 7227 0016 2566A653 		.ascii	"%f\246SW\277\035\346c\376\371}\355!\026\226\235\337"
 7227      57BF1DE6 
 7227      63FEF97D 
 7227      ED211696 
 7227      9DDF
 7228 0028 7FE4B0CE 		.ascii	"\177\344\260\316\375\377\271\205\233m\345\346\031[y"
 7228      FDFFB985 
 7228      9B6DE5E6 
 7228      195B79
 7229 0037 D997BCDD 		.ascii	"\331\227\274\335t\204\237\001\000\215\307\031}"
 7229      74849F01 
 7229      008DC719 
 7229      7D
 7230              		.text
 7231              		.section	.gnu.lto_.jmpfuncs.2714ed8639de7e4b,"e",%progbits
 7232 0000 789C754F 		.ascii	"x\234uO9\016\3020\020\234\361:\007\025\017\240\311\013"
 7232      390EC230 
 7232      109CF13A 
 7232      07150FA0 
 7232      C90B
 7233 0012 78A25D50 		.ascii	"x\242]P\321D\242\242t\215DM\001H\360\016\212\374\000"
 7233      D144A2A2 
 7233      748D444D 
 7233      0148F00E 
 7233      8AFC00
 7234 0025 F104D845 		.ascii	"\361\004\330E\011 '\2544\222\265;\236\243\006q!>SAH"
ARM GAS  /tmp/ccySdW0H.s 			page 149


 7234      092027AC 
 7234      3492B53B 
 7234      9EA30671 
 7234      213E5341 
 7235 003a 56310998 		.ascii	"V1\011\230\364\231\304\225\000\257\236P<u\346\360\201"
 7235      F499C495 
 7235      00AF9E50 
 7235      3C75E6F0 
 7235      81
 7236 004b 1CAD5CCE 		.ascii	"\034\255\\\316\212\015\035)\275\222\370\011\225\237"
 7236      8A0D1D29 
 7236      BD92F809 
 7236      959F
 7237 0059 1595EF06 		.ascii	"\025\225\357\006\276Bg\310\241\360\321rL\370f\242\224"
 7237      BE4267C8 
 7237      A1F0D172 
 7237      4CF866A2 
 7237      94
 7238 006a ADB05D3D 		.ascii	"\255\260]=\272\272\225$\205\262\217\\\030r\363Q\247"
 7238      BABA9524 
 7238      85B28F5C 
 7238      1872F351 
 7238      A7
 7239 007b 91D0BF9F 		.ascii	"\221\320\277\237\261\361\032\314rM4.\206\223\017\310"
 7239      B1F11ACC 
 7239      724D342E 
 7239      86930FC8 
 7240 008b A3967DBB 		.ascii	"\243\226}\273RQ\345\376_?\247\0156\373\333\322\012\324"
 7240      5251E5FE 
 7240      5F3FA70D 
 7240      36FBDBD2 
 7240      0AD4
 7241 009d 0C3C6904 		.ascii	"\014<i\004\243\006\243\303\256\207\365}7\263\263\012"
 7241      A306A3C3 
 7241      AE87F57D 
 7241      37B3B30A 
 7242 00ad F2DC9FDF 		.ascii	"\362\334\237\337j\300\013\207?xF"
 7242      6AC00B87 
 7242      3F7846
 7243              		.text
 7244              		.section	.gnu.lto_.inline.2714ed8639de7e4b,"e",%progbits
 7245 0000 789C9D51 		.ascii	"x\234\235Q;N\303@\020}3\3438\033\342H\006\312\244\360"
 7245      3B4EC340 
 7245      107D33E3 
 7245      381BE248 
 7245      06CAA4F0 
 7246 0014 01287284 		.ascii	"\001(r\204\234 g\010I\370t\344\004(\210\002E\"Q\012"
 7246      9C206708 
 7246      49F874E4 
 7246      04288802 
 7246      4522510A 
 7247 0028 A4144880 		.ascii	"\244\024H\200h\020\035\242\240\010\001!Q\322\300\005"
 7247      68101DA2 
 7247      A0080121 
 7247      51D2C005 
 7248 0038 10A2A241 		.ascii	"\020\242\242AP A\001\210Y;v\214\240\212\275\036\277"
 7248      50204101 
ARM GAS  /tmp/ccySdW0H.s 			page 150


 7248      88593B76 
 7248      8CA08ABD 
 7248      1EBF
 7249 004a F1F3CEBC 		.ascii	"\361\363\316\274}c@\020Are\201B[/Y!B\240\\\34086\347"
 7249      7D634010 
 7249      41726581 
 7249      425B2F59 
 7249      2142A05C 
 7250 0062 26E04680 		.ascii	"&\340F\200\301\240\020\326\031N\202\341\204\373\347"
 7250      C1A010D6 
 7250      194E82E1 
 7250      84FBE7
 7251 0071 3548BF6A 		.ascii	"5H\277jo\202\247\314+OY\312\235\323\300\266\020#\177"
 7251      6F82A7CC 
 7251      2B4F59CA 
 7251      9DD3C0B6 
 7251      10237F
 7252 0084 3BF8BCE0 		.ascii	";\370\274\340er\311\254\015\204:G7[\371\236\354\213"
 7252      6572C9AC 
 7252      0D843A47 
 7252      375BF99E 
 7252      EC8B
 7253 0096 D037D190 		.ascii	"\3207\321\220\212 \323\012\337\010,\337\333|\2717\226"
 7253      8A20D30A 
 7253      DF082CDF 
 7253      DB7CB937 
 7253      96
 7254 00a7 67029D53 		.ascii	"g\002\235SQj\010Z\021 CZ\326\312\251\031`C\373\255\377"
 7254      516A085A 
 7254      1120435A 
 7254      D6CAA919 
 7254      6043FBAD 
 7255 00bc 92134BAC 		.ascii	"\222\023K\254\200\256\273{_\262h\030m\322\220\031>\035"
 7255      80AEBB7B 
 7255      5FB26818 
 7255      6DD29019 
 7255      3E1D
 7256 00ce 5E72D3D8 		.ascii	"^r\323\330\014\334\335\375x\227z`\263 \2252\3543auA"
 7256      0CDCDDFD 
 7256      78977A60 
 7256      B3209532 
 7256      EC336175 
 7257 00e3 7F81A014 		.ascii	"\177\201\240\024\272\272JN\324\233\203\261\014\220\015"
 7257      BABA4A4E 
 7257      D49B83B1 
 7257      0C900D
 7258 00f2 D9BCB20F 		.ascii	"\331\274\262\017\274\004\344\024\\\311\037g$\334\336"
 7258      BC04E414 
 7258      5CC91F67 
 7258      24DCDE
 7259 0101 506742AD 		.ascii	"PgB\255\322\204\007\016\371\006J\011Z\260\2769\205\311"
 7259      D284070E 
 7259      F9064A09 
 7259      5AB0BE39 
 7259      85C9
 7260 0113 08D2E370 		.ascii	"\010\322\343p\0205\231r\034\231Y\015\324\257f\340=\236"
 7260      10359972 
ARM GAS  /tmp/ccySdW0H.s 			page 151


 7260      1C99590D 
 7260      D4AF66E0 
 7260      3D9E
 7261 0125 9C8E7418 		.ascii	"\234\216t\030Nd\366Y\347\3718\027\231M4\212\315\036"
 7261      4E64F659 
 7261      E7F93817 
 7261      994D348A 
 7261      CD1E
 7262 0137 037B56A8 		.ascii	"\003{V\250\345R\311\375\347v\322\315W\203\355\311U\215"
 7262      E552C9FD 
 7262      E776D2CD 
 7262      5783EDC9 
 7262      558D
 7263 0149 0F7EDBBE 		.ascii	"\017~\333\276\333\221\272\201o@!\266S\320\025'H\177"
 7263      DB91BA81 
 7263      6F4021B6 
 7263      53D01527 
 7263      487F
 7264 015b 2FA789B2 		.ascii	"/\247\211\2625\334\207x\352\203U\353bF\313\036\304\207"
 7264      35DC8778 
 7264      EA8355EB 
 7264      6246CB1E 
 7264      C487
 7265 016d 06C746A6 		.ascii	"\006\307F\246\215N\231\246\361\007\355\026\250\303"
 7265      8D4E99A6 
 7265      F107ED16 
 7265      A8C3
 7266              		.text
 7267              		.section	.gnu.lto_.pureconst.2714ed8639de7e4b,"e",%progbits
 7268 0000 789C05C1 		.ascii	"x\234\005\301\011\001\000 \014\304\260\016\312\243\000"
 7268      09010020 
 7268      0CC4B00E 
 7268      CAA300
 7269 000f EF3BB524 		.ascii	"\357;\265$\227\342\001\207\266\332\021g\264]q\307\017"
 7269      97E20187 
 7269      B6DA1167 
 7269      B45D71C7 
 7269      0F
 7270 0020 33E5048B 		.ascii	"3\345\004\213"
 7271              		.text
 7272              		.section	.gnu.lto__writes.2714ed8639de7e4b,"e",%progbits
 7273 0000 789C6D91 		.ascii	"x\234m\221OHTQ\024\207\317\357\3357\357\215\177\333"
 7273      4F485451 
 7273      1487CFEF 
 7273      DD37EF8D 
 7273      7FDB
 7274 0012 B591C245 		.ascii	"\265\221\302E\"R\314X\024\342@\320\262\245A\264h\023"
 7274      2252CC58 
 7274      14E240D0 
 7274      B2A541B4 
 7274      6813
 7275 0024 8E254E99 		.ascii	"\216%N\231\212\243k\357\214f\213\011sac\005\323L\311"
 7275      8AA36BEF 
 7275      8C668B09 
 7275      73616305 
 7275      D34CC9
 7276 0037 383B2B0A 		.ascii	"8;+\012,\265|\225eZ\226\025\012E\214\344b \221ZEAe\235"
ARM GAS  /tmp/ccySdW0H.s 			page 152


 7276      2CB57C95 
 7276      655A9615 
 7276      0A458CE4 
 7276      6220915A 
 7277 004f 7BDF4496 		.ascii	"{\337D\226\016o\036\347\274s\277\357\334s\257\227@;"
 7277      0E6F1EE7 
 7277      BC73BFEF 
 7277      DC73AF97 
 7277      403B
 7278 0061 05D15122 		.ascii	"\005\321Q\"\332\306\177\010\202!\245<`G\274\006\240"
 7278      DAC67F08 
 7278      8221A53C 
 7278      6047BC06 
 7278      A0
 7279 0072 23E90575 		.ascii	"#\351\005u\031\350\302y1(\220\215&\276\025\367\211$"
 7279      19E8C279 
 7279      3128908D 
 7279      26BE15F7 
 7279      8924
 7280 0084 2F34391D 		.ascii	"/49\035\230\275=S\250R\240\234\323\236\305+w\315\252"
 7280      98BD3D53 
 7280      A852A09C 
 7280      D39EC52B 
 7280      77CDAA
 7281 0097 8C9451E9 		.ascii	"\214\224Q\351\014.\356\277\332}\346`R\030t\211W\217"
 7281      0C2EEEBF 
 7281      DA7DE660 
 7281      52187489 
 7281      578F
 7282 00a9 A30C6328 		.ascii	"\243\014c(#\365\303\004\252x\365\233\271\205~[\324\200"
 7282      23F5C304 
 7282      AA78F59B 
 7282      B9857E5B 
 7282      D480
 7283 00bb 389E7D15 		.ascii	"8\236}\025\237\364V\2465\271:$\344\216\244\020\270\007"
 7283      9FF456A6 
 7283      35B93A24 
 7283      E48EA410 
 7283      B807
 7284 00cd F10FCADF 		.ascii	"\361\017\312\337\002\262\216p\037\225\214|\217-\304"
 7284      02B28E70 
 7284      1F958C7C 
 7284      8F2DC4
 7285 00dc 0BC4218D 		.ascii	"\013\304!\215\247\347?,{\362\370\324\260\306MLn\300"
 7285      A7E73F2C 
 7285      7BF2F8D4 
 7285      B0C64D4C 
 7285      6EC0
 7286 00ee CD408C71 		.ascii	"\315@\214qG\343?\345@\274T\034\326\370\307\245\351^"
 7286      47E33FE5 
 7286      40BC541C 
 7286      D6F8C7A5 
 7286      E95E
 7287 0100 E4F1F719 		.ascii	"\344\361\367\031\215\033x\260\0017\002q\306\037\242"
 7287      8D1B78B0 
 7287      01370271 
 7287      C61FA2
ARM GAS  /tmp/ccySdW0H.s 			page 153


 7288 010f 9214F463 		.ascii	"\222\024\364c\374Kj\2138\242\005c\351\2571\273bH\013"
 7288      FC4B6A8B 
 7288      38A20563 
 7288      E9AF31BB 
 7288      62480B
 7289 0122 72C3F665 		.ascii	"r\303\366e\351\364\224'\205\007\217\376s\020\005Ru\012"
 7289      E9F49427 
 7289      85078FFE 
 7289      73100552 
 7289      750A
 7290 0134 58BEB976 		.ascii	"X\276\271v\241\30421\205\012u<\352P\036\303\342\353"
 7290      A1C43231 
 7290      850A753C 
 7290      EA501EC3 
 7290      E2EB
 7291 0146 20BAFEDA 		.ascii	" \272\376\332\343\310\265_g\245\223\315!3^T\010nm\031"
 7291      E3C8B55F 
 7291      67A593CD 
 7291      21335E54 
 7291      086E6D19 
 7292 015a FCB205BF 		.ascii	"\374\262\005\277\274&\324\001XPs\330P\333)P{#\212\011"
 7292      BC26D401 
 7292      585073D8 
 7292      50DB2950 
 7292      7B238A09 
 7293 016e E21B9326 		.ascii	"\342\033\223&\244CtN\030n\022\341$\007y\355V\231\356"
 7293      A443744E 
 7293      186E12E1 
 7293      240779ED 
 7293      5699EE
 7294 0181 904334B5 		.ascii	"\220C4\265\002\025\252\336\011a\352\342\250[\\Atbf\273"
 7294      0215AADE 
 7294      0961EAE2 
 7294      A85B5C41 
 7294      746266BB 
 7295 0195 0A1302BC 		.ascii	"\012\023\002\274\313\276\356\317Y\257\272^\217\236\322"
 7295      CBBEEECF 
 7295      59AFBA5E 
 7295      8F9ED2
 7296 01a4 7977E36D 		.ascii	"yw\343mi\032C\021\026\363x\005L\343\211\032\213k\221"
 7296      691A4311 
 7296      16F37805 
 7296      4CE3891A 
 7296      8B6B91
 7297 01b7 E4D21DAB 		.ascii	"\344\322\035\253zD\272%\013\323H\343\242;\330ST\273"
 7297      7A44BA25 
 7297      0BD348E3 
 7297      A23BD853 
 7297      54BB
 7298 01c9 E65DAED9 		.ascii	"\346]\256\331Xo\26663\027r{\314lj\2661\253\315\352\244"
 7298      586FB636 
 7298      3317727B 
 7298      CC6C6AB6 
 7298      31ABCDEA 
 7299 01de F0EC8FB9 		.ascii	"\360\354\217\271\3265\213\365f{3s\021\267\307\363\274"
 7299      D6358BF5 
 7299      667B3373 
ARM GAS  /tmp/ccySdW0H.s 			page 154


 7299      11B7C7F3 
 7299      BC
 7300 01ef 796434F3 		.ascii	"yd4\363\262\204\315\375\272T\2149m6\224\371\005\233"
 7300      B284CDFD 
 7300      BA548C39 
 7300      6D3694F9 
 7300      059B
 7301 0201 57D19B3A 		.ascii	"W\321\233:\351\212yTA\274\251\204\340\304N\212\022\372"
 7301      E98A7954 
 7301      41BCA984 
 7301      E0C44E8A 
 7301      12FA
 7302 0213 846879BE 		.ascii	"\204hy\276\246\206\214\011\374={\242\275>\237\237\237"
 7302      A6868C09 
 7302      FC3D7BA2 
 7302      BD3E9F9F 
 7302      9F
 7303 0224 86A65030 		.ascii	"\206\246P0\324\032>\326\321\336\331r\312\337\032\366"
 7303      D41A3ED6 
 7303      D1DED972 
 7303      CADF1AF6 
 7304 0234 37D537FB 		.ascii	"7\3257\373\233CA\177\270\243\375D\375\351\260?\330\331"
 7304      9B43417F 
 7304      B8A3FD44 
 7304      FDE9B03F 
 7304      D8D9
 7305 0246 980F7D0D 		.ascii	"\230\017}\015d\204\332\266\256\377\340;\276g\337\356"
 7305      6484DAB6 
 7305      AEFFE03B 
 7305      BE67DFEE 
 7306 0256 DADA9A46 		.ascii	"\332\332\232F2\202mh1\203\341\372\266\337\032\210\031"
 7306      32826D68 
 7306      3183E1FA 
 7306      B6DF1A88 
 7306      19
 7307 0267 D9       		.ascii	"\331"
 7308              		.text
 7309              		.section	.gnu.lto__put.2714ed8639de7e4b,"e",%progbits
 7310 0000 789C6D91 		.ascii	"x\234m\221\333K\024q\024\307\317w\3168;\232\026A\004"
 7310      DB4B1471 
 7310      14C7CF77 
 7310      CE383B9A 
 7310      164104
 7311 0013 B114FB90 		.ascii	"\261\024\373\220\210\020\273vC\364\251\377@\242\207"
 7311      8810BB76 
 7311      43F4A9FF 
 7311      40A287
 7312 0022 1E63D712 		.ascii	"\036c\327\022\267,\305\325g\177\273v!\024\363\3012\241"
 7312      B72CC5D5 
 7312      677FBB76 
 7312      2114F3C1 
 7312      32A1
 7313 0034 75969645 		.ascii	"u\226\226E\350\301\014\204B-\2472\363\332\305\010\262"
 7313      E8C10C84 
 7313      422DA732 
 7313      F3DAC508 
 7313      B2
ARM GAS  /tmp/ccySdW0H.s 			page 155


 7314 0045 07834003 		.ascii	"\007\203@\003\223z\351\366\020\326\371\315ld\3410\363"
 7314      937AE9F6 
 7314      10D6F9CD 
 7314      6C64E130 
 7314      F3
 7315 0056 E39CDF39 		.ascii	"\343\234\3379\337\317\271\214M\240e\203\3508\021\355"
 7315      DFCFB98C 
 7315      4DA06583 
 7315      E83811ED 
 7316 0066 960F4C30 		.ascii	"\226\017L0\224RG\002I\333\000<K\331\2406\003m\270\302"
 7316      94524702 
 7316      49DB003C 
 7316      4BD9A036 
 7316      036DB8C2 
 7317 007a BD8CA554 		.ascii	"\275\214\245T\372Gq\027;\222h\212\33333<]\244] $ngr"
 7317      FA477117 
 7317      3B92688A 
 7317      DB33333C 
 7317      5DA45D20 
 7318 0092 7194CB07 		.ascii	"q\224\313\007D\247\334\336!\253\177\370\205*t\330\240"
 7318      44A7DCDE 
 7318      21AB7FF8 
 7318      852A74D8 
 7318      A0
 7319 00a3 3E491F45 		.ascii	">I\037E\020#\010\222~0\206rI\1775\377\272;\300\225 "
 7319      10230892 
 7319      7E308672 
 7319      497F35FF 
 7319      BA3BC095 
 7320 00b8 B1675E5E 		.ascii	"\261g^^\033\267\313rJ\245\224;\227e\265\327a\306}\360"
 7320      1BB7CB72 
 7320      4AA5943B 
 7320      9765B5D7 
 7320      61C67DF0 
 7321 00cc 3F52B9AB 		.ascii	"?R\271\253\276\\Cx\2002\221\334\270xk\231\371\250'\237"
 7321      BE5C4378 
 7321      803291DC 
 7321      B8786B99 
 7321      F9A8279F 
 7322 00e0 FD363561 		.ascii	"\37565a\344\345k\347Y\025;lb\334\227\037\014\242\302"
 7322      E4E56BE7 
 7322      59153B6C 
 7322      62DC971F 
 7322      0CA2C2
 7323 00f3 139BD53D 		.ascii	"\023\233\325=\"vQFZ\362s\364kf\033\037\363\344#\271"
 7323      22765146 
 7323      5AF273F4 
 7323      6B661B1F 
 7323      F3E423B9 
 7324 0107 EF1D81D2 		.ascii	"\357\035\201\322\254'\177\326\267#\333\256\246\224\351"
 7324      AC277FD6 
 7324      B723DBAE 
 7324      A694E9
 7325 0116 70011EFE 		.ascii	"p\001\036\376\327\001Qu\177\215V\274\277\263~\265\304"
 7325      D7015175 
 7325      7F8D56BC 
 7325      BFB37EB5 
ARM GAS  /tmp/ccySdW0H.s 			page 156


 7325      C4
 7326 0127 32F108A5 		.ascii	"2\361\010\245z<=\324cX\262O\242\333\013\005\256Z\377"
 7326      7A3C3DD4 
 7326      6358B24F 
 7326      A2DB0B05 
 7326      AE5AFF
 7327 013a 7549B993 		.ascii	"uI\271\223\273\336|\231\337^\010\251m\031r\004X\016"
 7327      BBDE7C99 
 7327      DF5E08A9 
 7327      6D197204 
 7327      580E
 7328 014c DB841EC0 		.ascii	"\333\204\036\300\202\356\304&\275\037\352`\322K3\241"
 7328      82EEC426 
 7328      BD1FEA60 
 7328      D24B33A1 
 7329 015c 5CA24E36 		.ascii	"\\\242N6|')\316\012\324\315\017\235\354\301W\220\312"
 7329      7C2729CE 
 7329      0AD4CD0F 
 7329      9DECC157 
 7329      90CA
 7330 016e AC429BBA 		.ascii	"\254B\233\272l\232M/\3721\037]Ejlz\2176\323\014\351"
 7330      6C9A4D2F 
 7330      FA311F5D 
 7330      456A6C7A 
 7330      8F36D30C 
 7331 0183 B0ABFDF3 		.ascii	"\260\253\375\363\222\255\377M\2017\242\373vhqk\016\331"
 7331      92ADFF4D 
 7331      8137A2FB 
 7331      7668716B 
 7331      0ED9
 7332 0195 A4A0430E 		.ascii	"\244\240C\016\027\212\034\023z$\211%\235w\367\254\212"
 7332      178A1C13 
 7332      7A248925 
 7332      9D77F7AC 
 7332      8A
 7333 01a6 41E5872C 		.ascii	"A\345\207,<A\016\327\375\241&Q\341\223\367\371dc#\331"
 7333      3C410ED7 
 7333      FDA12651 
 7333      E193F7F9 
 7333      646323D9 
 7334 01ba DA8C5C24 		.ascii	"\332\214\\$\345\361tSr\000S\036Yo\011\323\177\310U>"
 7334      E5F17453 
 7334      7200531E 
 7334      596F09D3 
 7334      7FC8553E 
 7335 01ce 99379203 		.ascii	"\2317\222\003\233\221\267Hy\314\344\311\203w\007\236"
 7335      9B91B748 
 7335      79CCE4C9 
 7335      8377079E 
 7336 01de 9708B9DB 		.ascii	"\227\010\271\333\013\025c\326#\033\232<'\3445\\\310"
 7336      0B1563D6 
 7336      231B9A3C 
 7336      27E4355C 
 7336      C8
 7337 01ef 9CF6C1B6 		.ascii	"\234\366\301\266\260I\232J\263\345p\011}B*\224\017\350"
 7337      B0499A4A 
 7337      B3E57009 
ARM GAS  /tmp/ccySdW0H.s 			page 157


 7337      7D422A94 
 7337      0FE8
 7338 0201 093B187F 		.ascii	"\011;\030\177WOt(\034\216\310[[\037\217\305\033\023"
 7338      574F7428 
 7338      1C8EC85B 
 7338      5B1F8FC5 
 7338      1B13
 7339 0213 275A9A5B 		.ascii	"'Z\232[\317\235\2114&\"\365\321\206HC<\026I\2644\237"
 7339      CF9D8934 
 7339      2622F5D1 
 7339      8648433C 
 7339      1649B434 
 7340 0228 8A9E4D44 		.ascii	"\212\236MDb\255uy3\\KF\274i\347\306\213\360\311\003"
 7340      62AD7579 
 7340      335C4B46 
 7340      BC69E7C6 
 7340      8BF0C903 
 7341 023c 87F75755 		.ascii	"\207\367WUU\326\021bf,\021m\372\015y\354\005N"
 7341      55D61162 
 7341      662C116D 
 7341      FA0D79EC 
 7341      054E
 7342              		.text
 7343              		.section	.gnu.lto__unget.2714ed8639de7e4b,"e",%progbits
 7344 0000 789C7D53 		.ascii	"x\234}S\335KSa\030\177\237\363\234\263\315iI\020]4\010"
 7344      DD4B5361 
 7344      187F9FF3 
 7344      9CB3CD69 
 7344      49105D34 
 7345 0015 2F121162 		.ascii	"/\022\021b[f\210\336\330\037\020BD\324]8K\034Y\212\323"
 7345      5B6688DE 
 7345      D81F1042 
 7345      44D45D38 
 7345      4B1C598A 
 7346 002a 5B7DB789 		.ascii	"[}\267\211bN\353\2422?\346\206cX^\244\201\027\241\246"
 7346      624EEBA2 
 7346      323FE686 
 7346      63585EA4 
 7346      8117A1A6 
 7347 003e 2B97F991 		.ascii	"+\227\371\221f\211\220\0223+%\024,\242\324\312f\357"
 7347      66899012 
 7347      332B2514 
 7347      2CA2D4CA 
 7347      66EF
 7348 0050 73CED212 		.ascii	"s\316\322\022\361p\316\313\363\361\376~\317\357y\336"
 7348      F170CECB 
 7348      F3F1FE7E 
 7348      CFEF79DE 
 7349 0060 F71818B0 		.ascii	"\367\030\030\260\0202v\2361vZ|\240c q\316O\351\235\006"
 7349      1032769E 
 7349      31765A7C 
 7349      A0632071 
 7349      CE4FE99D 
 7350 0075 4952EEB5 		.ascii	"IR\356\265\036\223\271\021\337\314Oe\313<\001%\345n"
 7350      1E93B911 
 7350      DFCC4F65 
 7350      CB3C0125 
ARM GAS  /tmp/ccySdW0H.s 			page 158


 7350      E56E
 7351 0087 E3391190 		.ascii	"\3439\021\220?-vP@\006%\266W\001P-n\000V!\241\254@\005"
 7351      3F2D7650 
 7351      400625B6 
 7351      5701502D 
 7351      6E005621 
 7352 009f DCC00684 		.ascii	"\334\300\006\204\210\313\273\236P\217>d \013\367\326"
 7352      88CBBB9E 
 7352      508F3E64 
 7352      200BF7D6 
 7353 00af 68F78891 		.ascii	"h\367\210\221\\\200$\341z\2343\275\230\332.\240<\324"
 7353      5C8024E1 
 7353      7A9C33BD 
 7353      98DA2EA0 
 7353      3CD4
 7354 00c1 10D1B576 		.ascii	"\020\321\265vO\3628\037J\254Ql\357\005\023\364\200\211"
 7354      4FF2381F 
 7354      4AAC516C 
 7354      EF0513F4 
 7354      8089
 7355 00d3 D1037D90 		.ascii	"\321\003}\220*\266O\215O\337\324c\0060a\217\276\272"
 7355      2AB64F8D 
 7355      4FDFD463 
 7355      0630618F 
 7355      BEBA
 7356 00e5 33604809 		.ascii	"3`H\011r\356\342\241\267\001\344G}\210\360\030\360?"
 7356      72EEE2A1 
 7356      B701E447 
 7356      7D88F018 
 7356      F03F
 7357 00f7 A8886575 		.ascii	"\250\210eu\3460\350\207\024\001i\251\352X@<\243\302"
 7357      E630E887 
 7357      140169A9 
 7357      EA58403C 
 7357      A3C2
 7358 0109 C75687C3 		.ascii	"\307V\207\303R\014\276Q\211<\301\2072\014h\360\023&"
 7358      520CBE51 
 7358      893CC187 
 7358      320C68F0 
 7358      1326
 7359 011b B0AA6039 		.ascii	"\260\252`9\253G\200C\220\302\010\262\321\373\335\237"
 7359      AB478043 
 7359      90C208B2 
 7359      D1FBDD9F 
 7360 012b 88675578 		.ascii	"\210gUxOp\255V\237\034P\341C\315\007\003n>\314e\037"
 7360      4F70AD56 
 7360      9F1C50E1 
 7360      43CD0703 
 7360      6E3ECC65 
 7361 0140 2AF06487 		.ascii	"*\360d\207\002\306\262\3029\204x\3770z{\237N\206\247"
 7361      02C6B2C2 
 7361      398478FF 
 7361      307A7B9F 
 7361      4E86A7
 7362 0153 904CED51 		.ascii	"\220L\355QS\2034mat\276VB<\272Y\315C\321\303\263\337"
 7362      5383346D 
 7362      6174BE56 
ARM GAS  /tmp/ccySdW0H.s 			page 159


 7362      423CBA59 
 7362      CD43D1C3 
 7363 0169 3E1E8807 		.ascii	">\036\210\007Q['\321\202b\221\304pE\003: %F\0120V\213"
 7363      515B27D1 
 7363      826291C4 
 7363      7045033A 
 7363      2025460A 
 7364 0180 8C862603 		.ascii	"\214\206&\003\0171\346AIs\234\302Y\004\336\366\241\016"
 7364      0F31E641 
 7364      49739CC2 
 7364      5904DEF6 
 7364      A10E
 7365 0192 55F24570 		.ascii	"U\362Ep\371\227\200L*\353EE\315.\307\262\013P97\230"
 7365      F997804C 
 7365      2AEB4545 
 7365      CD2EC7B2 
 7365      0B503937 
 7366 01a7 4EA61775 		.ascii	"N\246\027uBaM\373Xu<\235\215\014Q\200pl\364\036\304"
 7366      42614DFB 
 7366      58753C9D 
 7366      8D0C5180 
 7366      706CF41E 
 7367 01bc C1BAD6DF 		.ascii	"\301\272\326\337H\344\260\004\256\276\221\013\032\004"
 7367      48E4B004 
 7367      AEBE910B 
 7367      1A04
 7368 01ca 04A4DEFD 		.ascii	"\004\244\336\3759b \210\242N%4\3335\263?\010\001\247"
 7368      39622088 
 7368      A24E2534 
 7368      DB35B33F 
 7368      0801A7
 7369 01dd 5093E443 		.ascii	"P\223\344C\275\250\010\317\210G\344\234\276\271G:\353"
 7369      BDA808CF 
 7369      8847E49C 
 7369      BEB9473A 
 7369      EB
 7370 01ee 03AEA50C 		.ascii	"\003\256\245\0140\004A\270\253\315\3419X51ay\027jq\243"
 7370      300441B8 
 7370      ABCDE139 
 7370      58353161 
 7370      79176A71 
 7371 0203 60784B8C 		.ascii	"`xK\214\\\327\274\276\206[\235\376\212\365\262\004\356"
 7371      5CD7BCBE 
 7371      865B9DFE 
 7371      8AF5B204 
 7371      EE
 7372 0214 96AA1A45 		.ascii	"\226\252\032E\203K\032\203\247m\326\215\032\303\246"
 7372      834B1A83 
 7372      A76DD68D 
 7372      1AC3A6
 7373 0223 78126144 		.ascii	"x\022aD\260\210\016\"\327\177\350i\343\016\301\376~"
 7373      B0880E22 
 7373      D77FE869 
 7373      E30EC1FE 
 7373      7E
 7374 0234 1AFB9E9A 		.ascii	"\032\373\236\232G\2675\217\201U\024\"\272\246\221\354"
 7374      47B7358F 
ARM GAS  /tmp/ccySdW0H.s 			page 160


 7374      81551422 
 7374      BAA691EC 
 7375 0244 DDD88EEC 		.ascii	"\335\330\216\354\311\025\007/T.:~\221\234\236_i\321"
 7375      C915072F 
 7375      542E3A7E 
 7375      919C9E5F 
 7375      69D1
 7376 0256 A57551D2 		.ascii	"\245uQ\322_N\0070\256\321S\245\011H\023\347\243v\033"
 7376      5F4E0730 
 7376      AED153A5 
 7376      094813E7 
 7376      A3761B
 7377 0269 A8FFDBAD 		.ascii	"\250\377\333\255k\243\372>j\335\032)K\243Q\266/\301"
 7377      6BA3FA3E 
 7377      6ADD1A29 
 7377      4BA351B6 
 7377      2FC1
 7378 027b 0A48CC8B 		.ascii	"\012H\314\213\244t\025\350/\\\236\360\177\211\243QH"
 7378      A47415E8 
 7378      2F5C9EF0 
 7378      7F89A351 
 7378      48
 7379 028c 500E2FC1 		.ascii	"P\016/\301\204?W\336\201\200\312M_'\201\002\022\005"
 7379      843F57DE 
 7379      8180CA4D 
 7379      5F278102 
 7379      1205
 7380 029e C4AD82ED 		.ascii	"\304\255\202\355[\305X\272\331l\021o^\201\335f/r\\,"
 7380      5BC558BA 
 7380      D96C116F 
 7380      5E81DD66 
 7380      2F725C2C 
 7381 02b2 2D29BB76 		.ascii	"-)\273v\305R\344\260\024\344\026Z\012\3556\213\243\264"
 7381      C552E4B0 
 7381      14E4165A 
 7381      0AED368B 
 7381      A3B4
 7382 02c4 E472EE55 		.ascii	"\344r\356U\207\305V\226\0373\315yL\262\027\037\3727"
 7382      87C55696 
 7382      1F33CD79 
 7382      4CB2171F 
 7382      FA37
 7383 02d6 60BE9476 		.ascii	"`\276\224v\362xffF>\003\233ls\344\026\377\001\231\222"
 7383      F2786666 
 7383      463E039B 
 7383      6C73E416 
 7383      FF019992 
 7384 02ea 5FE4     		.ascii	"_\344"
 7385              		.text
 7386              		.section	.gnu.lto__reads.2714ed8639de7e4b,"e",%progbits
 7387 0000 789C9593 		.ascii	"x\234\225\223_LTG\024\306\347\273s\357\356\275\313\356"
 7387      5F4C5447 
 7387      14C6E7BB 
 7387      73EFEEBD 
 7387      CBEE
 7388 0012 5268421F 		.ascii	"RhB\037\210\011\017%\304\227]jj\014$M}\354C\023\323"
 7388      88090F25 
ARM GAS  /tmp/ccySdW0H.s 			page 161


 7388      C4975D6A 
 7388      6A0C244D 
 7388      7DEC4313 
 7389 0027 A469FA66 		.ascii	"\244i\372fX\204Hj\225\260\372\342\213\303\202k\004b"
 7389      5884486A 
 7389      95B0FAE2 
 7389      8BC3826B 
 7389      0462
 7390 0039 7DA0A84D 		.ascii	"}\240\250M\257K%+\265MmK\232R\205\326\355?(\024ETP4"
 7390      AF4B252B 
 7390      B54D6D4B 
 7390      9A5285D6 
 7390      ED3F2814 
 7391 0051 81688C46 		.ascii	"\201h\214F\373\277\211\321\304V{\316\314E\250\220\306"
 7391      FBBF89D1 
 7391      C4567BCE 
 7391      CC45A890 
 7391      C6
 7392 0062 1298CCCC 		.ascii	"\022\230\314\314\231\3577\337\375\346\340\012\010'$"
 7392      99EF37DF 
 7392      FDE6E00A 
 7392      082724
 7393 0071 44BD1062 		.ascii	"D\275\020b\025\375A\012XJ\251\365\341V\327\002\364L"
 7393      15FD410A 
 7393      584AA9F5 
 7393      E156D702 
 7393      F44C
 7394 0083 B910BB2C 		.ascii	"\271\020\273,\354\302[\362\200\304\\\306\277\027\335"
 7394      ECC25BF2 
 7394      80C45CC6 
 7394      BF17DD
 7395 0092 277374D0 		.ascii	"'st\320\246e\367\370gc\021^\002\025\264l\2379|\302^"
 7395      A665F7F8 
 7395      6763115E 
 7395      0215B46C 
 7395      9F397CC2 
 7396 00a7 DDAF5446 		.ascii	"\335\257TF\025\016\374\376\302{m\273_\312IK\034\242"
 7396      150EFCFE 
 7396      C27B6DBB 
 7396      5FCA494B 
 7396      1CA2
 7397 00b9 D34328C7 		.ascii	"\323C(\307I\224\013\376\3010V\323\351\363\247\247\367"
 7397      49940BFE 
 7397      C13056D3 
 7397      E9F3A7A7 
 7397      F7
 7398 00ca 87E53A08 		.ascii	"\207\345:\010\232\217O\365\234r\253\362Zy\275O\252g"
 7398      9A8F4FF5 
 7398      9C72ABF2 
 7398      5A79BD4F 
 7398      AA67
 7399 00dc 7352E24B 		.ascii	"sR\342K\310\177Ii\257vh\203\300W\250\"\311\375\316\351"
 7399      C87F4969 
 7399      AF766883 
 7399      C057A822 
 7399      C9FDCEE9 
 7400 00f0 1E4FBEA2 		.ascii	"\036O\276\242\345\371\263W\2579\201|\"\257\3456N-\223"
ARM GAS  /tmp/ccySdW0H.s 			page 162


 7400      E5F9B357 
 7400      AF39817C 
 7400      22AFE536 
 7400      4E2D93
 7401 0103 DBB52324 		.ascii	"\333\265#$/h\371\337\252\273'._\325\362[\363\243Y,\334"
 7401      2F68F9DF 
 7401      AABB272E 
 7401      5FD5F25B 
 7401      F3A3592C 
 7402 0118 7E54CB2D 		.ascii	"~T\313-|\275Ln\325N\221\374\033T\011\026\365\215\252"
 7402      7CBD4C6E 
 7402      D54E91FC 
 7402      1B540916 
 7402      F58DAA
 7403 012b 0E4FBEA6 		.ascii	"\016O\276\246\001\007'\347\246\334\312>\015\230\031"
 7403      010727E7 
 7403      A6DCCA3E 
 7403      0D9819
 7404 013a 74DE5185 		.ascii	"t\336Q\205\366\012f|\373\030C\210\332\233\033X\360\327"
 7404      F60A667C 
 7404      FB184388 
 7404      DA9B1B58 
 7404      F0D7
 7405 014c D09DDE62 		.ascii	"\320\235\336b\271Q\213O\346\357v\206\003\361\231\376"
 7405      B9518B4F 
 7405      E6EF7686 
 7405      03F199FE 
 7406 015c 702076F0 		.ascii	"p v\360\375r\361\025-\276\366\351\203\267c!\033#\250"
 7406      FD72F115 
 7406      2DBEF6E9 
 7406      83B76321 
 7406      1B23A8
 7407 016f C477A8E4 		.ascii	"\304w\250\344|9\325Q\204\350=\005x\357\343sNA=x\270"
 7407      7C39D551 
 7407      84E83D05 
 7407      78EFE373 
 7407      4E413D78 
 7408 0184 471546EE 		.ascii	"G\025F\356\342\350P\027\236\001}@\310\342\201\230t\302"
 7408      E2E85017 
 7408      9E017D40 
 7408      C8E28198 
 7408      74C2
 7409 0196 A669D8E1 		.ascii	"\246i\330\341u\210\0067\3143\227\007\217\006/BC\244"
 7409      75880637 
 7409      CC339707 
 7409      8F062F42 
 7409      43A4
 7410 01a8 8886A228 		.ascii	"\210\206\242(\347\026\343B\234\207bp\374%\340\030J\301"
 7410      E716E342 
 7410      9C876270 
 7410      FC25E018 
 7410      4AC1
 7411 01ba 59967132 		.ascii	"Y\226q2BtJA\375\242l\250\202\020]\3222\213VZ\334\200"
 7411      42744A41 
 7411      FDA26CA8 
 7411      82105DD2 
 7411      328B565A 
ARM GAS  /tmp/ccySdW0H.s 			page 163


 7412 01d0 3A72B35C 		.ascii	":r\263\\\333\273\201L\357m\360\224\315\373\262X\027"
 7412      DBBB814C 
 7412      EF6DF094 
 7412      CDFBB258 
 7412      17
 7413 01e1 7F5A28AA 		.ascii	"\177Z(\252#\177H=\275\215\314\360\330\353<\365%\350"
 7413      237F483D 
 7413      BD8DCCF0 
 7413      D8EB3CF5 
 7413      25E8
 7414 01f3 8BF7B5FD 		.ascii	"\213\367\265\3756\347r\2379:\261\302\345Of\343y\364"
 7414      36E7729F 
 7414      393AB1C2 
 7414      E54F66E3 
 7414      79F4
 7415 0205 B5D21D14 		.ascii	"\265\322\035\024U\224@\370\201#\242Zkn\376\213P\365"
 7415      559440F8 
 7415      8123A25A 
 7415      6B6EFE8B 
 7415      50F5
 7416 0217 71654A16 		.ascii	"qeJ\026\306\220\307A\023\3208\252\211\334v8{\3143h\213"
 7416      C690C741 
 7416      13D038AA 
 7416      89DC7638 
 7416      7BCC3368 
 7417 022c CE7FBEF7 		.ascii	"\316\177\276\367\227c\036\243\251\341\361#\312\351B"
 7417      97631EA3 
 7417      A9E1F123 
 7417      CAE942
 7418 023b 3EF46748 		.ascii	">\364gH\370R\322\021_\226\2203KgF;\332\345\207]\217"
 7418      F852D211 
 7418      5F969033 
 7418      4B67463B 
 7418      DAE5875D 
 7419 0250 6C7677DC 		.ascii	"lvw\334\222\006f?f\254\367\003\216\374?\274\3050\241"
 7419      9206663F 
 7419      66ACF703 
 7419      8EFC3FBC 
 7419      C530A1
 7420 0263 BDD19B71 		.ascii	"\275\321\233qqx\376\372\200\325\216\214\326\356\244"
 7420      7178FEFA 
 7420      80D58E8C 
 7420      D6EEA4
 7421 0272 C7C169F2 		.ascii	"\307\301i\362+p\006\3550\266\307b\346&\307\370\224\274"
 7421      2B7006ED 
 7421      30B6C762 
 7421      E626C7F8 
 7421      94BC
 7422 0284 3B90AD31 		.ascii	";\220\2551\233\354\200J\342gd+\2649B\372\357O<\364\030"
 7422      9BEC804A 
 7422      E267642B 
 7422      B43942FA 
 7422      EF4F3CF4 
 7423 0299 E9E664FC 		.ascii	"\351\346d\374\020_\204I\246\371\262T\013\350\253\315"
 7423      105F8449 
 7423      A6F9B254 
 7423      0BE8ABCD 
ARM GAS  /tmp/ccySdW0H.s 			page 164


 7424 02a9 0B7C145D 		.ascii	"\013|\024]\214}\225\341\205\237(\347\004\347vv1\342"
 7424      8C7D95E1 
 7424      859F28E7 
 7424      04E77676 
 7424      31E2
 7425 02bb 2913F1BB 		.ascii	")\023\361\273Y\030\212\253C\0143y\256C\357=9\366\334"
 7425      59188AAB 
 7425      430C3379 
 7425      AE43EF3D 
 7425      39F6DC
 7426 02ce 22F63CAA 		.ascii	"\"\366<\252\211\245\255\016v-i\221\340\333\275\377\325"
 7426      89A5AD0E 
 7426      762D6991 
 7426      E0DBBDFF 
 7426      D5
 7427 02df 131E2E68 		.ascii	"\023\036.h\262\305\344im\230P/\032Tdi\267y+u\333St\037"
 7427      B2C5E469 
 7427      6D98502F 
 7427      1A546469 
 7427      B7792B75 
 7428 02f7 66562447 		.ascii	"fV$GpQ\223\3314.-\220_6\344\242\245\344\310J\344\022"
 7428      705193D9 
 7428      342E2D90 
 7428      5F36E4A2 
 7428      A5E4C84A 
 7429 030d BA1EB301 		.ascii	"\272\036\263\001\371\370`\377d\214\310\373u\251\024"
 7429      F9F860FF 
 7429      648CC8FB 
 7429      75A914
 7430 031c 9735D966 		.ascii	"\2275\331f\362\025\023\362@v\3261\350\250~Pi\272$H>"
 7430      F21513F2 
 7430      4076D631 
 7430      E8A87E50 
 7430      69BA2448 
 7431 0331 E6334F3E 		.ascii	"\3463O>\352\007_\306\311\003=\275\247\317\307r\362i"
 7431      EA075FC6 
 7431      C9033DBD 
 7431      A7CFC772 
 7431      F269
 7432 0343 F3522702 		.ascii	"\363R'\002H\231~\252\270\370\025\231@P\306\331wJ,\376"
 7432      48997EAA 
 7432      B8F81599 
 7432      4050C6D9 
 7432      774A2CFE 
 7433 0357 5F0BF17C 		.ascii	"_\013\361|\"\221\244\337\372\315M\251\246m\351\215\333"
 7433      2291A4DF 
 7433      FACD4DA9 
 7433      A66DE98D 
 7433      DB
 7434 0368 5B766C7D 		.ascii	"[vl}#\271-\235\334\\\267%\271\245)\225Looi\250{3\235"
 7434      23B92D9D 
 7434      DC5CB725 
 7434      B9A52995 
 7434      4C6F6F69 
 7435 0380 4CED680C 		.ascii	"L\355h\014\246\211za55\227-\335HlZ\263\366\271\232\232"
 7435      A6897A61 
 7435      3535972D 
ARM GAS  /tmp/ccySdW0H.s 			page 165


 7435      DD486C5A 
 7435      B3F6B99A 
 7436 0395 758DC24A 		.ascii	"u\215\302J5c\253K\265\306\206\226\206Mv*]\327\374\017"
 7436      3563AB4B 
 7436      B5C68696 
 7436      864D762A 
 7436      5DD7FC0F 
 7437 03a9 0348F51B 		.ascii	"\003H\365\033"
 7438              		.text
 7439              		.section	.gnu.lto__get.part.0.2714ed8639de7e4b,"e",%progbits
 7440 0000 789C6D91 		.ascii	"x\234m\221?LSQ\024\306\357w\317}\257\005Acb\\X\030$"
 7440      3F4C5351 
 7440      14C6EF77 
 7440      CF7DAF05 
 7440      4163625C 
 7441 0017 484C5A30 		.ascii	"HLZ0\032\002.&.L&\016\316\246E\011\215(\204\302\314"
 7441      1A022E26 
 7441      2E4C260E 
 7441      CEA64509 
 7441      8D2884C2 
 7442 002c A5983814 		.ascii	"\245\2308\024\221AE\206\372\210M\323\0155!\321\264("
 7442      91414586 
 7442      FA884DD3 
 7442      0D3521D1 
 7442      B428
 7443 003e C5BF80A0 		.ascii	"\305\277\200\240U\343\200\003\006\007\007Ct\022\035"
 7443      55E38003 
 7443      06070743 
 7443      74121D
 7444 004d 0C7AEE7D 		.ascii	"\014z\356}@\232\027\233\327\363\276{\336w~\347\274\363"
 7444      409A179B 
 7444      D7F3BE7B 
 7444      DE777EE7 
 7444      BCF3
 7445 005f C202E214 		.ascii	"\302\002\342\024\011qV\010\321\302\1778\002Jk}2\004"
 7445      09715608 
 7445      D1C27F38 
 7445      024A6B7D 
 7445      3204
 7446 0071 05E90B09 		.ascii	"\005\351\013\011\262b8L\200U:\0141\244$a\010\327i\202"
 7446      B262384C 
 7446      80553A0C 
 7446      31A42461 
 7446      08D76982 
 7447 0085 B096CAFC 		.ascii	"\260\226\312\374\256\031#\217\270\230\2177\226f\026"
 7447      AE19238F 
 7447      B8988F37 
 7447      966616
 7448 0094 ABCD11A8 		.ascii	"\253\315\021\250\347\343\350\360j\221\232\362\\\251"
 7448      E7E3E8F0 
 7448      6A919AF2 
 7448      5CA9
 7449 00a2 4B1305F7 		.ascii	"K\023\005\367\316LYWy$\305$\333\213\250C\001u\302\374"
 7449      CE4C5957 
 7449      7924C524 
 7449      DB8BA843 
 7449      0175C2FC 
ARM GAS  /tmp/ccySdW0H.s 			page 166


 7450 00b6 02D6F2BC 		.ascii	"\002\326\362\274\354\360m\330\265a\026Mf\312\307hb\367"
 7450      ECF06DD8 
 7450      B561164D 
 7450      66CAC768 
 7450      62F7
 7451 00c8 87958FE3 		.ascii	"\207\225\217\343!j\205\251\\zwk.\334\230\323:\245K\313"
 7451      216A85A9 
 7451      5C7A776B 
 7451      2EDC98D3 
 7451      3AA54BCB 
 7452 00dc 59D2873C 		.ascii	"Y\322\207<\"<\001U6\301\034\0329\335\276~:XQF\307\256"
 7452      223C0155 
 7452      36C11C1A 
 7452      39DDBE7E 
 7452      3A585146 
 7453 00f2 1F413FF7 		.ascii	"\037A?\367+\241\321\316\367\247\370sj\037\235\261\035"
 7453      2BA1D1CE 
 7453      F7A7F873 
 7453      6A1F9DB1 
 7453      1D
 7454 0103 0BB95FE9 		.ascii	"\013\271_\351PC\326\326oN\036\310\216\350\005\255<R"
 7454      5043D6D6 
 7454      6F4E1EC8 
 7454      8EE805AD 
 7454      3C52
 7455 0115 980F747D 		.ascii	"\230\017t}\212\006!\3327l\323/\017\266n\326\272\312"
 7455      8A0621DA 
 7455      376CD32F 
 7455      0FB66ED6 
 7455      BACA
 7456 0127 E68CE919 		.ascii	"\346\214\351\031\\\021\204\225Q\011B\000$*1\317-\006"
 7456      5C118495 
 7456      51094200 
 7456      242A31CF 
 7456      2D06
 7457 0139 3E062F38 		.ascii	">\006/8\202\357&}\357\275\243\365\326\337\253Z\027\216"
 7457      82EF267D 
 7457      EFBDA3F5 
 7457      D6DFAB5A 
 7457      178E
 7458 014b ECAF02CC 		.ascii	"\354\257\002\314+H\341\221C\034\\\305!\344p\010\273"
 7458      2B48E191 
 7458      431C5CC5 
 7458      21E47008 
 7458      BB
 7459 015c 26089126 		.ascii	"&\010\221&a\226\256`\244\362%\211Q\222;\362+\364\335"
 7459      6196AE60 
 7459      A4F22589 
 7459      51923BF2 
 7459      2BF4DD
 7460 016f FC35C7F6 		.ascii	"\3745\307\366\370\206\324\354\342a#3$y\232\261\221\037"
 7460      F886D4EC 
 7460      E2612333 
 7460      24799AB1 
 7460      911F
 7461 0181 6B61F3BD 		.ascii	"ka\363\275\225]L\351\323\375\325\2759d\341QU\206\207"
 7461      955D4CE9 
ARM GAS  /tmp/ccySdW0H.s 			page 167


 7461      D3FDD5BD 
 7461      3964E151 
 7461      558687
 7462 0194 7B69BE2F 		.ascii	"{i\276/\347\207\275\317\217\334\346iC\254\347A\360\012"
 7462      E787BDCF 
 7462      8FDCE669 
 7462      43ACE741 
 7462      F00A
 7463 01a6 39DC26F3 		.ascii	"9\334&\363FX@\263O\215\370T\252\244:Aj5\267\305\342"
 7463      465840B3 
 7463      4F8DF854 
 7463      AAA43A41 
 7463      6A35B7C5 
 7464 01bb 7FA92E96 		.ascii	"\177\251.\226,\025\206\372z\207z\302\247\252J\252\033"
 7464      2C1586FA 
 7464      7A877AC2 
 7464      A7AA4AAA 
 7464      1B
 7465 01cc A4EEE1B6 		.ascii	"\244\356\341\266X\336\246N?\314\277\255e\352\270\245"
 7465      58DEA64E 
 7465      3FCCBFAD 
 7465      65EAB8A5 
 7466 01dc D660C552 		.ascii	"\326`\305R\245\241\276a\352\006\256L\365\373P\207\271"
 7466      A5A1BE61 
 7466      EA06AE4C 
 7466      F5FB5087 
 7466      B9
 7467 01ed 8207F2A8 		.ascii	"\202\007\362\250V\244\245^PvE\202wG;\273\373\016\311"
 7467      56A4A55E 
 7467      50764582 
 7467      77473BBB 
 7467      FB0EC9
 7468 0200 0E93DCB4 		.ascii	"\016\223\334\264\025R\362\222\341?5\310c\221H\224\257"
 7468      1552F292 
 7468      E13F35C8 
 7468      63914894 
 7468      AF
 7469 0211 CEEE443C 		.ascii	"\316\356D<\321\233<7\320?x\371b\2647\031\355\216\365"
 7469      D19B3C37 
 7469      D03F78F9 
 7469      62B43719 
 7469      ED8EF5
 7470 0224 447B12F1 		.ascii	"D{\022\361hr\240\377B\354R2\032\037\354\332\226\221"
 7470      6872A0FF 
 7470      42EC5232 
 7470      1A1FECDA 
 7470      9691
 7471 0236 4E21137D 		.ascii	"N!\023}\007+\023\221\363G\217\267\264\265\265v\011\025"
 7471      072B1391 
 7471      F3478FB7 
 7471      B4B5B576 
 7471      0915
 7472 0248 4FC6FAFE 		.ascii	"O\306\372\376\001a\001\030F"
 7472      01610118 
 7472      46
 7473              		.text
 7474              		.section	.gnu.lto__get.2714ed8639de7e4b,"e",%progbits
ARM GAS  /tmp/ccySdW0H.s 			page 168


 7475 0000 789C7D52 		.ascii	"x\234}ROH\224Q\020\237\371\346\355\356\267\356Z\004"
 7475      4F489451 
 7475      109FF9E6 
 7475      EDEEB7EE 
 7475      5A04
 7476 0012 1184170F 		.ascii	"\021\204\027\017\211x\33151DO]\272\012\035:t\012\327"
 7476      8978D935 
 7476      31444F5D 
 7476      BA0A1D3A 
 7476      740AD7
 7477 0025 12972CC5 		.ascii	"\022\227,\305\325K\027\337\256\222\230\233\031X&\270"
 7477      D54B17DF 
 7477      AE92989B 
 7477      195826B8 
 7478 0035 7D4BCB52 		.ascii	"}K\313R]\314\312\"V\315-\373\343n\026Z\030\330A1\310"
 7478      5DCCCA22 
 7478      56CD2DFB 
 7478      E36E165A 
 7478      18D84131 
 7479 004a 83D976C8 		.ascii	"\203\331v\310,H\264yoE\305\203\217\357{\314\274y\363"
 7479      2C48B479 
 7479      6F45C583 
 7479      8FEF7BCC 
 7479      BC79F3
 7480 005d FBCDFCDE 		.ascii	"\373\315\374\336\230\200p\232\000N\001\300\011\376\321"
 7480      9880709A 
 7480      004E01C0 
 7480      09FED1
 7481 006c 0E684829 		.ascii	"\016hH)\217;\202\246a\320\243\314\223\\!s\304\207\353"
 7481      8F3B82A6 
 7481      61D0A3CC 
 7481      935C2173 
 7481      C487EB
 7482 007f E91221DD 		.ascii	"\351\022!\335\2046\035C\261i\004M\033\242\266\244\211"
 7482      84361D43 
 7482      B169044D 
 7482      1BA2B6A4 
 7482      89
 7483 0090 D06290B0 		.ascii	"\320b\220\260a\013^\243^\302\271P\344\257\273\213,\002"
 7483      610B5EA3 
 7483      5EC2B950 
 7483      E4AFBB8B 
 7483      2C02
 7484 00a2 14ECF6A4 		.ascii	"\024\354\366\244\207R9\312E\314g7\034\234\035\246\242"
 7484      875239CA 
 7484      45CC6737 
 7484      1C9C1DA6 
 7484      A2
 7485 00b3 BB9C2A93 		.ascii	"\273\234*\223\275\011\373\355\241)\351\264\310\200>"
 7485      BD09FBED 
 7485      A129E9B4 
 7485      C8803E
 7486 00c2 BE3E8C79 		.ascii	"\276>\214y\230\300<P\013G\260\210\257\177z?\323\355"
 7486      98C03C50 
 7486      0B47B088 
 7486      AF7F7A3F 
 7486      D3ED
ARM GAS  /tmp/ccySdW0H.s 			page 169


 7487 00d4 A03204B6 		.ascii	"\2402\004\266\323\3237\307\314\302\270\224!\231\234"
 7487      D3D337C7 
 7487      CCC2B894 
 7487      21999C
 7488 00e3 8C913C62 		.ascii	"\214\221<b\021\341(\322\316T|\216\205|\\\261P\251MP"
 7488      11E128D2 
 7488      CE547C8E 
 7488      857C5CB1 
 7488      50A94D50 
 7489 00f7 796BC3BF 		.ascii	"yk\303\277\243\373\351\244\306H\304\377t:\012b\032c"
 7489      A3FBE9A4 
 7489      C648C4FF 
 7489      743A0A62 
 7489      1A63
 7490 0109 B5EF60AC 		.ascii	"\265\357`\254UNHa\221\300\261]8I,\000\250X\256TI_\037"
 7490      554E4861 
 7490      91C0B15D 
 7490      38492C00 
 7490      A858AE54 
 7491 0120 AEDFC8B5 		.ascii	"\256\337\310\265\013}\246.\275`\261\262;r\245\017>\332"
 7491      0B7DA62E 
 7491      BD60B1B2 
 7491      3B72A50F 
 7491      3EDA
 7492 0132 92727DA3 		.ascii	"\222r}\243]&3\207GW>\037p#Xd#\336\354BY6\336\034v\336"
 7492      5D263387 
 7492      47573E1F 
 7492      70235864 
 7492      23DEEC42 
 7493 014c 0C07AA9A 		.ascii	"\014\007\252\232\\\312\004\350$P\"\010\224I\2000\031"
 7493      5CCA04E8 
 7493      24502208 
 7493      94498030 
 7493      19
 7494 015d 5927C8CE 		.ascii	"Y'\310\316\"\312;\377\302\244\011\0261\024]Be*\366\010"
 7494      22CA3BFF 
 7494      C2A40916 
 7494      31145D42 
 7494      652AF608 
 7495 0171 39743476 		.ascii	"9t4v5\033]\302\320H*O\231\021B.\264\253\365\347\234"
 7495      351B5DC2 
 7495      D0482A4F 
 7495      9911422E 
 7495      B4ABF5E7 
 7496 0186 A9B416BA 		.ascii	"\251\264\026\272\331\344\227\301\331}q\214\005\031:"
 7496      D9E497C1 
 7496      D97D718C 
 7496      05193A
 7497 0195 DF2293D3 		.ascii	"\337\"\223\323\361\245\322\227cAk\376\231\275x@fCN\034"
 7497      F1A5D297 
 7497      63416BFE 
 7497      99BD7840 
 7497      66434E1C 
 7498 01a9 C738DE22 		.ascii	"\3078\336\"\255\374+,\206o\3306?^\272\215\374\264\343"
 7498      ADFC2B2C 
 7498      866FD836 
 7498      3F5EBA8D 
ARM GAS  /tmp/ccySdW0H.s 			page 170


 7498      FCB4E3
 7499 01bc C77DA742 		.ascii	"\307}\247Bv\"\342\353\3157\012\023u\377\032\370\016"
 7499      7622E2EB 
 7499      CD370A13 
 7499      75FF1AF8 
 7499      0E
 7500 01cd BAEA659E 		.ascii	"\272\352e\236\015}]\315@\344\336\344\206\263\015CA\323"
 7500      0D7D5DCD 
 7500      40E4DEE4 
 7500      86B30D43 
 7500      41D3
 7501 01df A29C3E62 		.ascii	"\242\234>b\231\360\015\266!p\005\026\271t\252X\011O"
 7501      99F00DB6 
 7501      21700516 
 7501      B974AA58 
 7501      094F
 7502 01f1 F7D056C3 		.ascii	"\367\320V\303\217\267Zj\355\277\334\341\314B\011&\327"
 7502      8FB75A6A 
 7502      EDBFDCE1 
 7502      CC420926 
 7502      D7
 7503 0202 6CDCE8DC 		.ascii	"l\334\350\334\025-\303\256\266\242\031\245\366\236\235"
 7503      152DC3AE 
 7503      B6A219A5 
 7503      F69E9D
 7504 0211 BDDDEE6C 		.ascii	"\275\335\356l\002\213\031T\241M\245<Y\012\333n\300K"
 7504      028B1954 
 7504      A14DA53C 
 7504      590ADB6E 
 7504      C04B
 7505 0223 7BE3B931 		.ascii	"{\343\2711\245\361\324\313spf!\323o/\031T\301h\002-"
 7505      A5F1D4CB 
 7505      73706621 
 7505      D36F2F19 
 7505      54C16802 
 7506 0238 CAC5B4E2 		.ascii	"\312\305\264\342@M\367\016K\024\327Z;f\271\\L\247{\267"
 7506      404DF70E 
 7506      4B14D75A 
 7506      3B66B95C 
 7506      4CA77BB7 
 7507 024c 6D3F7606 		.ascii	"m?v\006\015V\205\347\011V\265x\304\236K\030<\036\270"
 7507      0D5685E7 
 7507      0956B578 
 7507      C49E4B18 
 7507      3C1EB8
 7508 025f C18BF478 		.ascii	"\301\213\364x\000\224z<^\376\252k\375>\177}\340LSc\363"
 7508      00947A3C 
 7508      5EFEAA6B 
 7508      FD3E7F7D 
 7508      E04C5363 
 7509 0274 C5F3DEFA 		.ascii	"\305\363\336\372\200\267\266\252\316[\347\367y\003M"
 7509      80B7B6AA 
 7509      CE5BE7F7 
 7509      79034D
 7510 0283 8DE7AA2E 		.ascii	"\215\347\252.\004\274\276\346\232M\323S\015\206\277"
 7510      04BCBEE6 
 7510      9A4DD353 
ARM GAS  /tmp/ccySdW0H.s 			page 171


 7510      0D86BF
 7511 0292 E1D0CE03 		.ascii	"\341\320\316\003\317\331\222cG\313\313\313j@\370\002"
 7511      CFD99263 
 7511      47CBCBCB 
 7511      6A40F802 
 7512 02a2 550DFF01 		.ascii	"U\015\377\001Ql1\242"
 7512      516C31A2 
 7513              		.text
 7514              		.section	.gnu.lto_bsaObjectInit.2714ed8639de7e4b,"e",%progbits
 7515 0000 789C9D52 		.ascii	"x\234\235R[KTQ\024\336\337\331gf\316\350\250=\2051\024"
 7515      5B4B5451 
 7515      14DEDFD9 
 7515      6766CEE8 
 7515      A83D8531 
 7516 0015 F310982F 		.ascii	"\363\020\230/3S\024\"\370\320/\350\245\207\036\303\261"
 7516      33531422 
 7516      F8D02FE8 
 7516      A5871EC3 
 7516      B1
 7517 0026 C4214B71 		.ascii	"\304!Kq\264\307\3343\231b\212\022\030^`8C2t\241;\321"
 7517      B4C7DC33 
 7517      99628A12 
 7517      185E6038 
 7517      433274A1 
 7518 003c C5F172D2 		.ascii	"\305\361r\322,5\265\022*\222p(BI\254\300\014\202D[{"
 7518      2C35B512 
 7518      2A927028 
 7518      4249ACC0 
 7518      0C82445B 
 7519 0051 9F09A520 		.ascii	"\237\011\245 \250\315\331\260n\337\267\326\267\3661"
 7519      A8CDD9B0 
 7519      6EDFB7D6 
 7519      B7F631
 7520 0060 18D849CE 		.ascii	"\030\330I\316\330!\306\330v\272\340\014\232\020b\277"
 7520      D821C6D8 
 7520      76BAE00C 
 7520      9A1062BF 
 7521 0070 2B6A6880 		.ascii	"+jh\200\262\204\001V\257\241\036\355\274\223c\270i\376"
 7521      B2840156 
 7521      AFA11EED 
 7521      BC9363B8 
 7521      69FE
 7522 0082 81567891 		.ascii	"\201Vx\2212\302\352|\345j\024g\362M\"\350\246k\037\364"
 7522      32C2EA7C 
 7522      E56A1467 
 7522      F24D22E8 
 7522      A66B1FF4 
 7523 0096 A190EAE6 		.ascii	"\241\220\352\346b\361\357\2366nr@'\267c\342\316x\226"
 7523      62F1EF9E 
 7523      366E7240 
 7523      27B763E2 
 7523      CE7896
 7524 00a9 7435F8C8 		.ascii	"t5\370\310]M}K\344\361\"0\262\255\305\227\311\354\202"
 7524      5D4D7D4B 
 7524      E4F12230 
 7524      B2ADC597 
 7524      C9EC82
ARM GAS  /tmp/ccySdW0H.s 			page 172


 7525 00bc A4103161 		.ascii	"\244\0201a\275Mr\261\323\344\034\003\340D\211~x\221"
 7525      BD4D72B1 
 7525      D3E41C03 
 7525      E044897E 
 7525      7891
 7526 00ce 8297318A 		.ascii	"\202\2271\212\225\210\003\014\203( \310J\357\353e\235"
 7526      9588030C 
 7526      832820C8 
 7526      4AEFEB65 
 7526      9D
 7527 00df 1F54F06B 		.ascii	"\037T\360k#-?\234\031\370j~\217\260t\223\353\030\372"
 7527      232D3F9C 
 7527      19F86A7E 
 7527      8FB07493 
 7527      EB18FA
 7528 00f2 03AF97B4 		.ascii	"\003\257\227\264\022\336B\001\223\250\367\267\326\316"
 7528      12DE4201 
 7528      93A8F7B7 
 7528      D6CE
 7529 0100 E738F5CC 		.ascii	"\3478\365\314\334x\010'm\202\261\0333\016K\254\2557"
 7529      DC780827 
 7529      6D82B11B 
 7529      330E4BAC 
 7529      AD37
 7530 0112 096B695B 		.ascii	"\011ki[\337\232\341\006\001\035$\201\332:`\203[8\223"
 7530      DF9AE106 
 7530      011D2481 
 7530      DA3A6083 
 7530      5B3893
 7531 0125 E275088B 		.ascii	"\342u\010\213\261V\256\331N\224\234y\210\013\367\332"
 7531      B156AED9 
 7531      4E949C79 
 7531      880BF7DA 
 7532 0135 B9225B44 		.ascii	"\271\"[D\254\343l\263C\332\324\255\355\364\2279C\252"
 7532      ACE36CB3 
 7532      43DAD4AD 
 7532      EDF49739 
 7532      43AA
 7533 0147 E7B6E2D9 		.ascii	"\347\266\342\331\233or\223\350\215\0224\261\303\344"
 7533      9B6F7293 
 7533      E88D1234 
 7533      B1C3E4
 7534 0156 CE382586 		.ascii	"\3168%\206\345\230\224\214\232\351\373\316\340uI\353"
 7534      E598948C 
 7534      9AE9FBCE 
 7534      E07549EB 
 7535 0166 33B90B23 		.ascii	"3\271\013#H\242\313\236\362\021\202\233\311\\\212,\265"
 7535      48A2CB9E 
 7535      F211829B 
 7535      C95C8A2C 
 7535      B5
 7536 0177 32B0E86E 		.ascii	"2\260\350n@,J\357\340\352\225\205\024L\213\345\251,"
 7536      402C4AEF 
 7536      E0EA9585 
 7536      144C8BE5 
 7536      A92C
 7537 0189 D9618BC9 		.ascii	"\331a\213\311\015<F\0030\232\341\377\2720:h\310\372"
ARM GAS  /tmp/ccySdW0H.s 			page 173


 7537      0D3C4603 
 7537      309AE1FF 
 7537      BA303A68 
 7537      C8FA
 7538 019b 2E6A7E05 		.ascii	".j~\005\222\346\011\265 \3721*S\"R\033\"z\306we4\374"
 7538      92E609B5 
 7538      20FA312A 
 7538      5322521B 
 7538      227AC677 
 7539 01b2 C3D03AC6 		.ascii	"\303\320:\306\325\320r\243\230@0\316\035\212wh\363r"
 7539      D5D072A3 
 7539      984030CE 
 7539      1D8A7768 
 7539      F372
 7540 01c4 3E2A3BCE 		.ascii	">*;\316\361\033\267\357\257\324n<U\324\232\255\263?"
 7540      F11BB7EF 
 7540      AFD46E3C 
 7540      55D49AAD 
 7540      B33F
 7541 01d6 FDE1B626 		.ascii	"\375\341\266&\305\330Y\007&\021\244\236SR\311\022\032"
 7541      C5D85907 
 7541      2611A49E 
 7541      5352C912 
 7541      1A
 7542 01e7 13B9AA1F 		.ascii	"\023\271\252\037\025\306/M\256\253-\031&\317\352\226"
 7542      15C62F4D 
 7542      AEAB2D19 
 7542      26CFEA96 
 7543 01f7 93615A16 		.ascii	"\223aZ\026\331\375\317]\235\365\313\215f\343\024\236"
 7543      D9FDCF5D 
 7543      9DF5CB8D 
 7543      66E3149E 
 7544 0207 C14B91BB 		.ascii	"\301K\221\273\315\237.\273e\310\003\3409\274&\317Q\022"
 7544      CD9F2EBB 
 7544      65C803E0 
 7544      39BC26CF 
 7544      5112
 7545 0219 DEE5FD52 		.ascii	"\336\345\375R\260<\366\037\233\361\340\205\032_>\023"
 7545      B03CF61F 
 7545      9BF1E085 
 7545      1A5F3E13 
 7546 0229 661094D4 		.ascii	"f\020\224\324\3543b\211\205v(byZ86\3760\306\366\372"
 7546      EC336289 
 7546      85762862 
 7546      795A3836 
 7546      FE30C6F6 
 7547 023e FD01FACA 		.ascii	"\375\001\372\312*\302\241pU\344pmM\335\211c\201\252"
 7547      2AC2A170 
 7547      55E4706D 
 7547      4DDD8963 
 7547      81AA
 7548 0250 48A0A2B4 		.ascii	"H\240\242\2642P\031\016\005\"\2655GK\217G\002\241\272"
 7548      3250190E 
 7548      0522B535 
 7548      474B8F47 
 7548      02A1BA
 7549 0263 F28CE92F 		.ascii	"\362\214\351/cz(RZ\275us\310\177d\317\276\335\305\305"
ARM GAS  /tmp/ccySdW0H.s 			page 174


 7549      637A2852 
 7549      5ABD7573 
 7549      C87F64CF 
 7549      BEDDC5C5 
 7550 0277 45E53217 		.ascii	"E\3452\027\251\376\011\033\003:\346"
 7550      A9FE091B 
 7550      033AE6
 7551              		.text
 7552              		.section	.gnu.lto_vmt.2714ed8639de7e4b,"e",%progbits
 7553 0000 789CE360 		.ascii	"x\234\343``d\270\301\300\300`\306\000\001\323\231\031"
 7553      6064B8C1 
 7553      C0C060C6 
 7553      0001D399 
 7553      19
 7554 0011 E7AE38F3 		.ascii	"\347\2568\363\237\263\205\261\251\261\243\241\341A\367"
 7554      9FB385B1 
 7554      A9B1A3A1 
 7554      E141F7
 7555 0020 19E6E8F9 		.ascii	"\031\346\350\371\314\0143\2311\345\026lc\232\317\314"
 7555      CC0C3399 
 7555      31E5166C 
 7555      639ACFCC 
 7556 0030 38939911 		.ascii	"8\223\231\021S\346\037#X\017\023\246\314>\240\014\323"
 7556      53E61F23 
 7556      580F13A6 
 7556      CC3EA00C 
 7556      D3
 7557 0041 4C66664C 		.ascii	"LffL\231\252\371\314\3143\231Y\300\022\307\337\277\275"
 7557      99AAF9CC 
 7557      CC339959 
 7557      C012C7DF 
 7557      BFBD
 7558 0053 C2D8C73C 		.ascii	"\302\330\307<\237\231\205\021\304]\266\270\347\015\213"
 7558      9F998511 
 7558      C45DB6B8 
 7558      E70D8B
 7559 0062 E5F6868E 		.ascii	"\345\366\206\216\005\015\011\363\231Yg030\356g\224\236"
 7559      050D09F3 
 7559      99596730 
 7559      3330EE67 
 7559      949E
 7560 0074 C1CCC8B8 		.ascii	"\301\314\310\270\217\261\205q\0063\023\343^0\315\314"
 7560      8FB18571 
 7560      063313E3 
 7560      5E30CDCC 
 7561 0084 B8074CB3 		.ascii	"\270\007L\2630\356\006\323\254\214\273\2004\003\343"
 7561      30EE06D3 
 7561      AC8CBB80 
 7561      3403E3
 7562 0093 01464B06 		.ascii	"\001FK\006\023==} J\316\310L\312\314/\216/)*\315\313"
 7562      133D3D7D 
 7562      204ACEC8 
 7562      4CCACC2F 
 7562      8E2F292A 
 7563 00a9 D6CF2FD6 		.ascii	"\326\317/\326\317H\314\321\317\311L\322/.)JM\314-\326"
 7563      CF48CCD1 
 7563      CFC94CD2 
ARM GAS  /tmp/ccySdW0H.s 			page 175


 7563      2F2E294A 
 7563      4DCC2DD6 
 7564 00bd 4F2A4D83 		.ascii	"O*M\2032\365\222\031\000\013\370\\\233"
 7564      32F59219 
 7564      000BF85C 
 7564      9B
 7565              		.text
 7566              		.section	.gnu.lto_.symbol_nodes.2714ed8639de7e4b,"e",%progbits
 7567 0000 789C75D0 		.ascii	"x\234u\320\273\015\302@\014\006\340\337\3779\017\032"
 7567      BB0DC240 
 7567      0C06E0DF 
 7567      FF390F1A 
 7568 0010 56003109 		.ascii	"V\0001\011\014\301<\276\021\322\320SP\323!\001]\030"
 7568      0CC13CBE 
 7568      11D2D053 
 7568      50D32101 
 7568      5D18
 7569 0022 801D80F0 		.ascii	"\200\035\200\360.\0215\004rB q\256,\177\266d;\207`("
 7569      2E113504 
 7569      72422071 
 7569      AE2C7FB6 
 7569      643B8760 
 7570 0037 00B8A1C1 		.ascii	"\000\270\241\301\327\241R\254\001\003\346\343\322\247"
 7570      D7A152AC 
 7570      0103E6E3 
 7570      D2A7
 7571 0045 7819B8A3 		.ascii	"x\031\270\243I\024\3674FqKsQ\274\320\364\033e\341K\337"
 7571      4914F734 
 7571      46714B73 
 7571      51BCD0F4 
 7571      1B65E14B 
 7572 005a 0D58D192 		.ascii	"\015X\321\222\350\344\221\226\376\340\322\017\032J\016"
 7572      E8E49196 
 7572      FEE0D20F 
 7572      1A4A0E
 7573 0069 84EF014E 		.ascii	"\204\357\001N\316\264\354\021\242\363\356C}a\037\220"
 7573      CEB4EC11 
 7573      A2F3EE43 
 7573      7D611F90 
 7574 0079 132DFF2B 		.ascii	"\023-\377+\032^p\027\250|R\347\362&\237d\032\216\031"
 7574      1A5E7017 
 7574      A87C52E7 
 7574      F2269F64 
 7574      1A8E19
 7575 008c B5A161F5 		.ascii	"\265\241a\365Y\335\220hq\233^!+qi\253)W\202'h\234e\251"
 7575      59DD9068 
 7575      719B5E21 
 7575      2B7169AB 
 7575      29578227 
 7576              		.text
 7577              		.section	.gnu.lto_.refs.2714ed8639de7e4b,"e",%progbits
 7578 0000 789C05C1 		.ascii	"x\234\005\301\307\015\0000\014\3040\235\002\227w\366"
 7578      C70D0030 
 7578      0CC4309D 
 7578      029777F6 
 7579 0010 1FD6E412 		.ascii	"\037\326\344\022>\220v\254\021\237\261\224\003\004\274"
 7579      3E9076AC 
ARM GAS  /tmp/ccySdW0H.s 			page 176


 7579      119FB194 
 7579      0304BC
 7580 001f 004F     		.ascii	"\000O"
 7581              		.text
 7582              		.section	.gnu.lto_.decls.2714ed8639de7e4b,"e",%progbits
 7583 0000 789C9D58 		.ascii	"x\234\235X{PT\327\031\277\337\275\313\002\313\303\214"
 7583      7B5054D7 
 7583      19BFDFBD 
 7583      CB02CBC3 
 7583      8C
 7584 0011 8FC429E9 		.ascii	"\217\304)\351\014\311\220ig\032Y1\246\326\231\264&\261"
 7584      0CC99069 
 7584      671A5931 
 7584      A6D699B4 
 7584      26B1
 7585 0023 9DA4D36A 		.ascii	"\235\244\323j\322&Mk\332\011\341\261\310\246\260\030"
 7585      D2264D6B 
 7585      DA09E1B1 
 7585      C8A6B018 
 7586 0033 7649D2FE 		.ascii	"vI\322\376u\221\207\217\240\342\013\004\214\210\002"
 7586      7591878F 
 7586      A0E20B04 
 7586      8C8802
 7587 0042 1A159010 		.ascii	"\032\025\220\020\245\310C\004\302[]\224\207<E\252\002"
 7587      A5C84304 
 7587      C25B5D94 
 7587      873C45AA 
 7587      02
 7588 0053 1A850888 		.ascii	"\032\205\010\210\312c\373\235s\356\205{a\241I\256|{"
 7588      CA63FB9D 
 7588      73EE857B 
 7588      61A149AE 
 7588      7C7B
 7589 0065 CF39F77B 		.ascii	"\3179\367{\374\276\337\371\3569\367\350\304\001'.\341"
 7589      FCBEDFF9 
 7589      EE39F7E8 
 7589      C401272E 
 7589      E1
 7590 0076 B8449EE3 		.ascii	"\270D\236\343\352\005\216\263\341\345\314q\\\003\012"
 7590      EA058EB3 
 7590      E1E5CC71 
 7590      5C030A
 7591 0085 B96F4429 		.ascii	"\271oD)C\251D\251B\251F\251C\351A\271\203\362>\307."
 7591      43A944A9 
 7591      42A946A9 
 7591      43E941B9 
 7591      83F23EC7 
 7592 009a A23B8C32 		.ascii	"\242;\2142\201bCq\000\216sC\321\241,Ay\001E\217\202"
 7592      81624371 
 7592      008E7343 
 7592      D1A12C41 
 7592      7901458F 
 7593 00af 7FDC6F81 		.ascii	"\177\334o\201S]\375\330w\307\373B\224\305R,9\256\034"
 7593      535DFDD8 
 7593      77C7FB42 
 7593      94C5522C 
 7593      39AE1C
ARM GAS  /tmp/ccySdW0H.s 			page 177


 7594 00c2 673DEAAC 		.ascii	"g=\352\254F\271A\364Q\326a\373-\224!l#l\256\035\245"
 7594      46B941F4 
 7594      51D661FB 
 7594      2D94216C 
 7594      236CAE1D 
 7595 00d7 17E58F52 		.ascii	"\027\345\217R\214an\36656#\316\230\024\247jF\234\227"
 7595      8C616EF6 
 7595      353623CE 
 7595      9814A76A 
 7595      469C97
 7596 00ea 67C4791B 		.ascii	"g\304y\033e|F\2347\2448\023v\342\330H\336\363\304\331"
 7596      657C469C 
 7596      37A43813 
 7596      76E2D848 
 7596      DEF3C4D9 
 7597 00fe C031FF24 		.ascii	"\3001\377$\317Z\024\244\236\353B\271\3161\2376;>]x\346"
 7597      CF5A14A4 
 7597      9EEB42B9 
 7597      CE319F36 
 7597      3B3E5D78 
 7598 0113 6B2647D5 		.ascii	"k&G\325\012\237d^\214\212<VIy\220\030\177\302\366_a"
 7598      0A9F645E 
 7598      8C8A3C56 
 7598      49799018 
 7598      7FC2F65F 
 7599 0128 3AA7BFA1 		.ascii	":\247\277\241hP\034\024\261\345\334\336\004\206\311"
 7599      68501C14 
 7599      B1E5DCDE 
 7599      0486C9
 7600 0137 419AB799 		.ascii	"A\232\267\231\227\007o\237G%\207/\241h95\217\033P\234"
 7600      97076F9F 
 7600      4725872F 
 7600      A1683935 
 7600      8F1B509C 
 7601 014b 41CDE31F 		.ascii	"A\315\343\037\244X:\251^f^K\346\211Er&1\236U\360\371"
 7601      A4583AA9 
 7601      5E665E4B 
 7601      E6894572 
 7601      26319E55 
 7602 0161 3EFA7005 		.ascii	">\372p\005\226s\325\014n\347\213\363\013)N\260\"\226"
 7602      9673D50C 
 7602      6EE78BF3 
 7602      0B294EB0 
 7602      2296
 7603 0173 9C4F9DE4 		.ascii	"\234O\235\344\377\357h\267V\362\375\017`\265Obz\023"
 7603      FFEF68B7 
 7603      56F2FD0F 
 7603      60B54F62 
 7603      7A13
 7604 0185 2EF1DE21 		.ascii	".\361\336!\345u]\212I\342-\231\247\356\267\361\014\377"
 7604      E5755D8A 
 7604      49E22D99 
 7604      A7EEB7F1 
 7604      0CFF
 7605 0197 CB125FAB 		.ascii	"\313\022_\253\244\032'y\255\225\370[\203\367\327Q~\215"
 7605      A41A2779 
 7605      AD95F85B 
ARM GAS  /tmp/ccySdW0H.s 			page 178


 7605      83F7D751 
 7605      7E8D
 7606 01a9 F20ACAAB 		.ascii	"\362\012\312\253(\257I\363f\223\362\231\220\346\312"
 7606      28AF49F3 
 7606      6693F299 
 7606      90E6CA
 7607 01b8 5ECD270A 		.ascii	"^\315'\012\320\265\371\213G\256;\005X\250\003\015v\367"
 7607      D0B5F98B 
 7607      47AE3B05 
 7607      58A8030D 
 7607      76F7
 7608 01ca D57E5DA3 		.ascii	"\325~]\243\303\356b\035xb\267\264{\307c\001\273\317"
 7608      C3EE621D 
 7608      7862B7B4 
 7608      7BC76301 
 7608      BBCF
 7609 01dc EAC006D8 		.ascii	"\352\300\006\330\257\032\270\327\010\254O\214+;\212"
 7609      AF1AB8D7 
 7609      08AC4F8C 
 7609      2B3B8A
 7610 01eb 2E38083C 		.ascii	".8\010<mw\037*kt\327g\211\354r2qP\002\002\215\262\306"
 7610      6D771F2A 
 7610      6B74D767 
 7610      89EC7232 
 7610      71500202 
 7611 0202 853CFF32 		.ascii	"\205<\3772\365x\205\233\360\036\325\3752\275\274\336"
 7611      F578859B 
 7611      F01ED5FD 
 7611      32BDBCDE 
 7612 0212 45B75514 		.ascii	"E\267U\0247\213\342\321ha)\007/y\300r\017\016J\201\372"
 7612      378BE2D1 
 7612      68612907 
 7612      2F79C072 
 7612      0F0E4A81 
 7613 0227 3E0F7A28 		.ascii	">\017z(\006\017(\002\017\242~{\264`\214w\335N\324\017"
 7613      060F2802 
 7613      0FA27E7B 
 7613      B4608C77 
 7613      DD4ED40F 
 7614 023b 4789CE6F 		.ascii	"G\211\316o\302\005\320A!>?\207\3179(\003W\216\335P\267"
 7614      C205D041 
 7614      213E3F87 
 7614      CF392803 
 7614      578EDD50 
 7615 0250 2876A2C4 		.ascii	"(v\242\304\021\021n@\304x-P\200\336\300@\247?\036\310"
 7615      11116E40 
 7615      C4782D50 
 7615      80DEC040 
 7615      A73F1EC8 
 7616 0264 77153EA0 		.ascii	"w\025>\240\355\246\201\304-<\003B=sSn\341\033\240\026"
 7616      EDA681C4 
 7616      2D3C0342 
 7616      3D73536E 
 7616      E11BA016 
 7617 0278 044A058E 		.ascii	"\004J\005\216\225\223\261J\320\241\321\335\313\245y"
 7617      9593B14A 
 7617      D0A1D1DD 
ARM GAS  /tmp/ccySdW0H.s 			page 179


 7617      CBA579
 7618 0287 53E8C5F9 		.ascii	"S\350\305\371\321C\0255\231<\223|\\\243\314\240J\225"
 7618      D1431535 
 7618      993C937C 
 7618      5CA3CCA0 
 7618      4A95
 7619 0299 4135CBA0 		.ascii	"A5\313\240\232f\220_\334\266\313\235\270\027%\335\205"
 7619      9A66905F 
 7619      DCB6CB9D 
 7619      B81725DD 
 7619      85
 7620 02aa 4AD51AD0 		.ascii	"J\325\032\320q\240\367\300?\202\177g\323\245,aa<\245"
 7620      71A0F7C0 
 7620      3F827F67 
 7620      D3A52C61 
 7620      613CA5
 7621 02bd 3C4A7C15 		.ascii	"<J|\025\250_\206\206\203ZX\310\364\351D\247n\211\251"
 7621      A85F8686 
 7621      835A58C8 
 7621      F4E944A7 
 7621      6E89A9
 7622 02d0 5041C0C7 		.ascii	"PA\300\307\012\277u\014B\035\205p\336\226p^\303\212"
 7622      0ABF750C 
 7622      421D8570 
 7622      DE96705E 
 7622      C38A
 7623 02e2 C209BBC7 		.ascii	"\302\011\273\307\242\013[\235\005\003el\370h\313\003"
 7623      A20B5B9D 
 7623      0503656C 
 7623      F868CB03 
 7624 02f2 8D1042DB 		.ascii	"\215\020B\333\3551\271;a\321ni\312E`\025\014\227a\021"
 7624      ED31B93B 
 7624      61D16E69 
 7624      CA456015 
 7624      0C976111 
 7625 0306 E1402AB0 		.ascii	"\341@*\260\244\234\202<7\341cj\320\337\234\325\252\231"
 7625      A49C823C 
 7625      37E1636A 
 7625      D0DF9CD5 
 7625      AA99
 7626 0318 690056A4 		.ascii	"i\000V\244MmSyl\257^\011\265\001\237NC\275B\241\242"
 7626      4D6D5379 
 7626      6CAF5E09 
 7626      B5019F4E 
 7626      43BD42A1 
 7627 032d DA6E5B7A 		.ascii	"\332n[z\243\263\020\013\324w\337\226\326o\035\204\355"
 7627      A3B3100B 
 7627      D477DF96 
 7627      D66F1D84 
 7627      ED
 7628 033e ACD393D0 		.ascii	"\254\323\223\320w\303eV\240F\014\324\244\012\024_\327"
 7628      77C36556 
 7628      A0460CD4 
 7628      A40A145F 
 7628      D7
 7629 034f 94C0CB7A 		.ascii	"\224\300\313z\321s\353e\307\325$i\225\210\232U\210Z"
 7629      D173EB65 
ARM GAS  /tmp/ccySdW0H.s 			page 180


 7629      C7D52469 
 7629      95889A55 
 7629      885A
 7630 0361 6444694D 		.ascii	"dDiM\326\315\300\210{\012\273Y\266\336\224\005\354m"
 7630      D6CDC088 
 7630      7B0ABB59 
 7630      B6DE9405 
 7630      EC6D
 7631 0373 12C9EB93 		.ascii	"\022\311\353\223:xjP'\034\245\030\035\216T\034\312q"
 7631      3A786A50 
 7631      271CA518 
 7631      1D8E541C 
 7631      CA71
 7632 0385 052FAF45 		.ascii	"\005/\257E^^G\210\343R\333\251\237'W\306\212\361\027"
 7632      5E5E4788 
 7632      E352DBA9 
 7632      9F2757C6 
 7632      8AF117
 7633 0398 80A40897 		.ascii	"\200\244\010\227\020E\247*\214\236\374\024\222&3\270"
 7633      1045A72A 
 7633      8C9EFC14 
 7633      922633B8 
 7634 03a8 94BC3823 		.ascii	"\224\2748#J\254\376\220\304\207\253\366\325}\360\207"
 7634      4AACFE90 
 7634      C487ABF6 
 7634      D57DF087 
 7635 03b8 E6478A04 		.ascii	"\346G\212\0044\034\264\342\363k\364y'K\021:\300\013"
 7635      341CB4E2 
 7635      F36BF479 
 7635      274B113A 
 7635      C00B
 7636 03ca DA51AEA3 		.ascii	"\332Q\256\243t\201\027I\231\371oN\326&\213\245\321Z"
 7636      74811749 
 7636      99F96F4E 
 7636      D6268BA5 
 7636      D15A
 7637 03dc 52F7D036 		.ascii	"R\367\3206\313\177=(\361\210bi)\034\370\220\226\325"
 7637      CB7F3D28 
 7637      F1886269 
 7637      291CF890 
 7637      96D5
 7638 03ee 454957AE 		.ascii	"EIW\256D\246I\240 \011\031\231\327\016\350\204\0166"
 7638      44A649A0 
 7638      20091999 
 7638      D70EE884 
 7638      0E36
 7639 0400 515F571C 		.ascii	"Q_W\034\222+b&@\350\226\274\314\201\021\255\3332\243"
 7639      922B6226 
 7639      40E896BC 
 7639      CC8111AD 
 7639      DB32A3
 7640 0413 0755357D 		.ascii	"\007U5}C\005\260\207\325t\017\255\351\261]\035u\202"
 7640      4305B087 
 7640      D5740FAD 
 7640      E9B15D1D 
 7640      7582
 7641 0425 F08085ED 		.ascii	"\360\200\205\355\314\036,\347g\325\307\1771\340M\325"
ARM GAS  /tmp/ccySdW0H.s 			page 181


 7641      CC1E2CE7 
 7641      67D5C77F 
 7641      31E04DD5 
 7642 0435 BC0F5EDF 		.ascii	"\274\017^\337Q\346:\253>f\353\265\355?+:(\201\334R\001"
 7642      51E63AAB 
 7642      3E66EBB5 
 7642      ED3F2B3A 
 7642      2881DC52 
 7643 044a B92DD507 		.ascii	"\271-\325\007\237\\<\236\243\003\257E\214\337\226\232"
 7643      9F5C3C9E 
 7643      A303AF45 
 7643      8CDF969A 
 7644 045a 95C95FF5 		.ascii	"\225\311_\365\213\342\236\245D\203\316`\337<3\210\236"
 7644      8BE29EA5 
 7644      4483CE60 
 7644      DF3C3388 
 7644      9E
 7645 046b 2941D3CF 		.ascii	")A\323\317\373$vz\247\030\331\335\020sK\002<S\235\276"
 7645      FB24767A 
 7645      A718D9DD 
 7645      10734B02 
 7645      3C539DBE 
 7646 047f 67B32DB6 		.ascii	"g\263-\266L\236KS-\256\375*\010w\030\207w(\207\3317"
 7646      4C9E4B53 
 7646      2DAEFD2A 
 7646      08771887 
 7646      772887D9 
 7647 0494 CF7C7403 		.ascii	"\317|t\003\347\200\354]\000\343\270]\223\177\344\207"
 7647      E780EC5D 
 7647      00E3B85D 
 7647      937FE487 
 7648 04a4 1143EE40 		.ascii	"\021C\356@\332Dl\362\005\344\242z\274\244N\024\330\030"
 7648      DA446CF2 
 7648      05E4A27A 
 7648      BCA44E14 
 7648      D818
 7649 04b6 BBC93F6C 		.ascii	"\273\311?l\214\227\274\360\322.\005\314\206y\247]\205"
 7649      8C97BCF0 
 7649      D22E05CC 
 7649      8679A75D 
 7649      85
 7650 04c7 6BF61CA4 		.ascii	"k\366\034\244\347\262\023f /H\262\2414\304K\341\224"
 7650      E7B21366 
 7650      202F48B2 
 7650      A134C44B 
 7650      E194
 7651 04d9 16300BF1 		.ascii	"\0260\013\361\264Cn\312\251\004\206\203\251\355\363"
 7651      B4436ECA 
 7651      A9048683 
 7651      A9EDF3
 7652 04e8 626EEC56 		.ascii	"bn\354V\207\036\350\216$\214\347\366\277\310\301\222"
 7652      871EE88E 
 7652      248CE7F6 
 7652      BFC8C192 
 7653 04f8 784F8ED6 		.ascii	"xO\216\326\330\325\023E\301B\023\333\034\013\262\367"
 7653      D8D51345 
 7653      C14213DB 
ARM GAS  /tmp/ccySdW0H.s 			page 182


 7653      1C0BB2F7 
 7654 0508 370B1A4C 		.ascii	"7\013\032L\210\276J\021\032\272\246X\037\355\007:\206"
 7654      88BE4A11 
 7654      1ABAA658 
 7654      1FED073A 
 7654      86
 7655 0519 3B17DC07 		.ascii	";\027\334\007:h\355<vAK\0077\272\302\000\033\213\375"
 7655      3A68ED3C 
 7655      76414B07 
 7655      37BAC200 
 7655      1B8BFD
 7656 052c 26BED08D 		.ascii	"&\276\320\215-*\274b\215Y\314\326\230]\342\276h\335"
 7656      2D2ABC62 
 7656      8D59CCD6 
 7656      985DE2BE 
 7656      68DD
 7657 053e 33FBE91B 		.ascii	"3\373\351\033\024%>\305\323\010\017p\376\276\243\363"
 7657      14253EC5 
 7657      D3080F70 
 7657      FEBEA3F3 
 7658 054e 3704CF70 		.ascii	"7\004\317p0\010\032\0067+9\245G\373\374a\261\264[,\035"
 7658      30081A06 
 7658      372B39A5 
 7658      47FBFC61 
 7658      B1B45B2C 
 7659 0563 687FF161 		.ascii	"h\177\361ay\254hE\303W\251\036\334\303\002\221j\232"
 7659      79AC6845 
 7659      C357A91E 
 7659      DCC30291 
 7659      6A9A
 7660 0575 B439F816 		.ascii	"\2649\370\026\337\035\270\213o\325\232\341\2678\030"
 7660      DF1DB88B 
 7660      6FD59AE1 
 7660      B73818
 7661 0584 86E7C96E 		.ascii	"\206\347\311nZ|\260b\201\260G\240y\325\\\336\036\345"
 7661      5A7CB062 
 7661      81B047A0 
 7661      79D55CDE 
 7661      1EE5
 7662 0596 4EE1564D 		.ascii	"N\341VM\345ub{^\272\253\234\302C\226\302\310\205\203"
 7662      E575627B 
 7662      5EBAAB9C 
 7662      C24396C2 
 7662      C88583
 7663 05a9 56B2A168 		.ascii	"V\262\241h\331\256\354\210C\315\211U\253\330\010\201"
 7663      D9AEEC88 
 7663      43CD8955 
 7663      ABD80881 
 7664 05b9 FE198EB4 		.ascii	"\376\031\216\264\304]m\327\012\211\314\363\223\244\361"
 7664      C45D6DD7 
 7664      0A89CCF3 
 7664      93A4F1
 7665 05c8 5C17C52E 		.ascii	"\\\027\305.\250\250\343'@\315H\031?\306\261G\354#\241"
 7665      A8A8E327 
 7665      40CD4819 
 7665      3FC6B147 
 7665      EC23A1
ARM GAS  /tmp/ccySdW0H.s 			page 183


 7666 05db 22A5A4DE 		.ascii	"\"\245\244\336E\311\303\230\212\207q\302\303\250\314"
 7666      45C9C398 
 7666      8A8771C2 
 7666      C3A8CC
 7667 05ea C3E0E5AA 		.ascii	"\303\340\345\252N7\211\207\312\244g\323\242\304\343"
 7667      4E378987 
 7667      CAA467D3 
 7667      A2C4E3
 7668 05f9 68E749B4 		.ascii	"h\347I\264`D\301\302\210\232\205\307\3539\230\240,\244"
 7668      6044C1C2 
 7668      889A85C7 
 7668      EB3998A0 
 7668      2CA4
 7669 060b 95DD2D5E 		.ascii	"\225\335-^ |\301\260^\252\357\336\257\221\274=\371\011"
 7669      207CC1B0 
 7669      5EAAEFDE 
 7669      AF91BC3D 
 7669      F909
 7670 061d 2E99F861 		.ascii	".\231\370a \362\324\331\244\302\331\244\332Y*:\263Q"
 7670      20F2D4D9 
 7670      A4C2D9A4 
 7670      DA592A3A 
 7670      B351
 7671 062f 6795EDBD 		.ascii	"g\225\355\275\217\265B\2720g\251\034)8~\237\225\012"
 7671      8FB542BA 
 7671      3067A91C 
 7671      29387E9F 
 7671      950A
 7672 0641 7E224024 		.ascii	"~\"@$\317\312b\362\321\355)\2367\263\261\221\323u#\356"
 7672      CFCA62F2 
 7672      D1ED299E 
 7672      37B3B191 
 7672      D37523EE 
 7673 0655 73174334 		.ascii	"s\027C4\217$D\361\022\011y\333\236\324:\313$\214\012"
 7673      8F2444F1 
 7673      120979DB 
 7673      9ED43ACB 
 7673      248C0A
 7674 0668 53B8510B 		.ascii	"S\270Q\013D~\0327\266\225\270Ob)\304\360\004wOa}\237"
 7674      447E1A37 
 7674      B695B84F 
 7674      6229C4F0 
 7674      04774F61 
 7675 067e 5638C970 		.ascii	"V8\311pG\367\234\214q\022\362Y'\373\324\330i\235\214"
 7675      47F79C8C 
 7675      7112F259 
 7675      27FBD4D8 
 7675      699D8C
 7676 0691 8DE5B065 		.ascii	"\215\345\260e\357\251\011\315\334\363\263\215@\333*"
 7676      EFA909CD 
 7676      DCF3B38D 
 7676      40DB2A
 7677 06a0 433BDD9A 		.ascii	"C;\335\232\353'!\273/OO\274'Q\202-S\310`;\377<\351*"
 7677      EB2721BB 
 7677      2F4F4FBC 
 7677      2751822D 
 7677      53C8603B 
ARM GAS  /tmp/ccySdW0H.s 			page 184


 7678 06b8 C135ACFF 		.ascii	"\3015\254\377q\341\343H\370\317\345\360\023\031i%\013"
 7678      71E1E348 
 7678      F8CFE5F0 
 7678      13196925 
 7678      0B
 7679 06c9 A4F8D648 		.ascii	"\244\370\326H\236\324\306r\242\002\261\352\340\261\252"
 7679      9ED4C672 
 7679      A202B1EA 
 7679      E0B1AA
 7680 06d8 E038B883 		.ascii	"\3408\270\203\362\322V6~\327M(bT\364\335\024\213\335"
 7680      F2D25636 
 7680      7ED74D28 
 7680      6254F4DD 
 7680      148BDD
 7681 06eb 2816B2A9 		.ascii	"(\026\262\25130s|8\305\363\312=\305Z\225\361\263Y[\024"
 7681      3330737C 
 7681      38C5F3CA 
 7681      3DC55A95 
 7681      F1B3595B 
 7682 0700 D913D56A 		.ascii	"\331\023\325j\343\275\355\270~(\326\357\335\274r\375"
 7682      E3BDEDB8 
 7682      7E28D6EF 
 7682      DDBC72FD 
 7683 0710 DEC34B9F 		.ascii	"\336\303K\237&\221)c;\031\016\034\202]\254^nwD\3679"
 7683      26912963 
 7683      3B190E1C 
 7683      825DAC5E 
 7683      6E7744F7 
 7684 0725 2859097E 		.ascii	"(Y\011~ZA\312>B\312^\231\224S\3251V\001I\351FR\272\016"
 7684      5A41CA3E 
 7684      42CA5E99 
 7684      9453D531 
 7684      560149E9 
 7685 073d B94E950B 		.ascii	"\271N\225\013j\301NE\271\354T\317\310\360:\016\366S"
 7685      6AC14E45 
 7685      B9EC54CF 
 7685      C8F03A0E 
 7685      F653
 7686 074f 5A524E14 		.ascii	"ZRN\024\346i\205ZF\313\305\234\376\317\265B\003\353"
 7686      E669855A 
 7686      46CBC59C 
 7686      FECFB542 
 7686      03EB
 7687 0761 9C4EB95D 		.ascii	"\234N\271]\353\210\330 \221\027\244\002\210,=\346&4"
 7687      EB88D820 
 7687      9117A402 
 7687      882C3DE6 
 7687      2634
 7688 0773 B3C74732 		.ascii	"\263\307G2\016]q&\217\223\210\353\003\014\272\275\367"
 7688      0E5D7126 
 7688      8F9388EB 
 7688      030CBABD 
 7688      F7
 7689 0784 A4E1D89E 		.ascii	"\244\341\330\236\243<\0353\272B\012\323\333s\277\250"
 7689      A33C1D33 
 7689      BA420AD3 
 7689      DB73BFA8 
ARM GAS  /tmp/ccySdW0H.s 			page 185


 7690 0794 66AA160E 		.ascii	"f\252\026\016\262\261\346\250\270\207\356\317u\011\251"
 7690      B2B1E6A8 
 7690      B887EECF 
 7690      7509A9
 7691 07a3 A2138D56 		.ascii	"\242\023\215V\234\324\237\247\241:\207\370\347\350\310"
 7691      9CD49FA7 
 7691      A13A87F8 
 7691      E7E8C8
 7692 07b2 C39E1D7B 		.ascii	"\303\236\035{\035\205n\026\377\273\324\241L\262(\303"
 7692      1D856E16 
 7692      FFBBD4A1 
 7692      4CB228C3 
 7693 07c2 614C3395 		.ascii	"aL3\225\360A>\204;\222\212\034\204>"
 7693      F0413E84 
 7693      3B928A1C 
 7693      843E
 7694 07d0 A6713231 		.ascii	"\246q21\335J\0238B\020\246\261(\327{\2667:*\311E\000"
 7694      DD4A1338 
 7694      4210A6B1 
 7694      28D77BB6 
 7694      373A2AC9 
 7695 07e6 12B98030 		.ascii	"\022\271\20009H'\374~!\363[v\3306J\326\244n\254\273"
 7695      394827FC 
 7695      7E21F35B 
 7695      76D8364A 
 7695      D6A46EAC 
 7696 07fb AAC9DFEC 		.ascii	"\252\311\337\354-\217-\305\265Y8\375S\242\007\0112\303"
 7696      2D8F2DC5 
 7696      B55938FD 
 7696      53A20709 
 7696      32C3
 7697 080d 904C4C13 		.ascii	"\220LL\023xv\266\202\014JmN~\321\016\004\243\231\203"
 7697      7876B682 
 7697      0C4A6D4E 
 7697      7ED10E04 
 7697      A39983
 7698 0820 4D3581C7 		.ascii	"M5\201\307\276\017\201\357\353\340K;\004\236`cv\031"
 7698      BE0F81EF 
 7698      EBE04B3B 
 7698      049E6063 
 7698      7619
 7699 0832 519370EA 		.ascii	"Q\223p\352\377\223\220E2\311&$\234\224IH\250\231\350"
 7699      FF939045 
 7699      32C92624 
 7699      9C944948 
 7699      A899E8
 7700 0845 D24924D4 		.ascii	"\322I$\324\246\013\361\373\304nQ\274\351N\264 s\212"
 7700      A60BF1FB 
 7700      C46E51BC 
 7700      E94EB420 
 7700      738A
 7701 0857 82E3C430 		.ascii	"\202\343\3040S\246 \207R\220u6.\305\221\355\222K\261"
 7701      53A62087 
 7701      52907536 
 7701      2EC591ED 
 7701      924BB1
 7702 086a 5B6B7D30 		.ascii	"[k}0\350\312v\311R\362\351\235\323yd\253\2330\300\030"
ARM GAS  /tmp/ccySdW0H.s 			page 186


 7702      E8CA76C9 
 7702      52F2E99D 
 7702      D37964AB 
 7702      9B30C018 
 7703 087e CAB3160D 		.ascii	"\312\263\026\015\351\224\357\014YX\246\337\231<\371"
 7703      E994EF0C 
 7703      5958A6DF 
 7703      993CF9
 7704 088d 9DB10D0C 		.ascii	"\235\261\015\014u\271\012C\314\350l\315\271Qg\245\021"
 7704      75B90A43 
 7704      CCE86CCD 
 7704      B95167A5 
 7704      11
 7705 089e 59DFA78D 		.ascii	"Y\337\247\215\316\310F\367c\317u\272\013\243\314\250"
 7705      CEC846F7 
 7705      63CF75BA 
 7705      0BA3CCA8 
 7706 08ae A2ACA557 		.ascii	"\242\254\245W\365a\030\255\212\224/\0335\365\026<t\021"
 7706      F56118AD 
 7706      8A942F1B 
 7706      35F5163C 
 7706      7411
 7707 08c0 C699D170 		.ascii	"\306\231\321p\374\235|\325+=\244\212T \033e_\351\033"
 7707      FC9D7CD5 
 7707      2B3DA48A 
 7707      54201B65 
 7707      5FE91B
 7708 08d3 E185CD0E 		.ascii	"\341\205\315\016\324(*7\367\212F\330C;\216[#\223\023"
 7708      D4282A37 
 7708      F78A46D8 
 7708      433B8E5B 
 7708      239313
 7709 08e6 7876B698 		.ascii	"xv\266\230>]\274r@:] T\370\032\311,\341\347\376\234"
 7709      3E5DBC72 
 7709      403A5D20 
 7709      54F81AC9 
 7709      2CE1E7FE 
 7710 08fb 470B2BE0 		.ascii	"G\013+\340\321\002\021\302\3319tg\235-ry\0178\315{\260"
 7710      D10211C2 
 7710      D9397467 
 7710      9D2D7279 
 7710      0F38CD7B 
 7711 0910 1354095B 		.ascii	"\023T\011[\246\340<\357\005e(\305(E(\245(\027x\3051"
 7711      A6E03CEF 
 7711      056528C5 
 7711      284528A5 
 7711      281778C5 
 7712 0925 83C62135 		.ascii	"\203\306!5xnV\234\251\017`\205&\316\016|5K\363\032\330"
 7712      786E569C 
 7712      A90F6085 
 7712      26CE0E7C 
 7712      354BF31A 
 7713 093a 51258916 		.ascii	"Q%\211\026\316\241:3Qd\025\376c\037\000UE\212Gm#u.\362"
 7713      CEA13A33 
 7713      516415FE 
 7713      631F0055 
 7713      458A476D 
ARM GAS  /tmp/ccySdW0H.s 			page 187


 7714 0952 6125FA47 		.ascii	"a%\372GeL\376\213e\342x\234\363\013GEk)\375\006;X\024"
 7714      654CFE8B 
 7714      65E2789C 
 7714      F30B4745 
 7714      6B29FD06 
 7715 0969 238A0B01 		.ascii	"#\212\013\001\217#\364\000@\354e\247\034\035\371\200"
 7715      8F23F400 
 7715      40EC65A7 
 7715      1C1DF980 
 7716 0979 5FD3876B 		.ascii	"_\323\207kh\005\377\002\032w\330\356\335tgU\276\230"
 7716      6805FF02 
 7716      1A77D8EE 
 7716      DD746755 
 7716      BE98
 7717 098b 1CA82B53 		.ascii	"\034\250+Sn\273\261*?\214U\256M+o=\252\221\346]>cx%"
 7717      6EBBB12A 
 7717      3F8C55AE 
 7717      4D2B6F3D 
 7717      AA91E65D 
 7718 09a3 CD98F69A 		.ascii	"\315\230\366\232\0370\355\366tgM{%\342\375\206\220@"
 7718      1F30EDF6 
 7718      74674D7B 
 7718      25E2FD86 
 7718      9040
 7719 09b5 0E463512 		.ascii	"\016F5\022\011\265\230t=J5J\025J\335\234S^\363\275\247"
 7719      09B59874 
 7719      3D4A354A 
 7719      154ADD9C 
 7719      535EF3BD 
 7720 09ca BCE6FF4F 		.ascii	"\274\346\377O\271<\215v\234\312\323x\257\346\326]\215"
 7720      B93C8D76 
 7720      9CCAD378 
 7720      AFE6D65D 
 7720      8D
 7721 09db 7A1A7F48 		.ascii	"z\032\177H\006\350\241$.\276Euf\272\250\212v\211\276"
 7721      06E8A124 
 7721      2EBE4575 
 7721      66BAA88A 
 7721      7689BE
 7722 09ee A0E486BA 		.ascii	"\240\344\206\272u\311\371\026Y5z\216w\031.S\325K{\257"
 7722      75C9F916 
 7722      59357A8E 
 7722      77192E53 
 7722      D54B7BAF 
 7723 0a02 66F24A5D 		.ascii	"f\362J]{+\014X\251\356D}y\201\213\022B\272jai`\272\015"
 7723      7B2B0C58 
 7723      A9EE447D 
 7723      79818B12 
 7723      42BA6A61 
 7724 0a1a 54D7DE4A 		.ascii	"T\327\336J\3770c\354\214\243l\037\211\366\037=\2550"
 7724      FF3063EC 
 7724      8CA36C1F 
 7724      89F61F3D 
 7724      AD30
 7725 0a2c 374A2BCC 		.ascii	"7J+\314@\334\371Iv\034\271\212\274^\341\355\233\006"
 7725      40DCF949 
 7725      761CB98A 
ARM GAS  /tmp/ccySdW0H.s 			page 188


 7725      BC5EE1ED 
 7725      9B06
 7726 0a3e 2B4D717D 		.ascii	"+Mq}\247\2134*~\325VP\316N\007Mh\335\310\254\267\357"
 7726      A78B342A 
 7726      7ED55650 
 7726      CE4E074D 
 7726      68DDC8AC 
 7727 0a54 C8D9E534 		.ascii	"\310\331\3454\337\256\330B6\204f\272!\2206Y\017\357"
 7727      DFAED842 
 7727      368466BA 
 7727      21903659 
 7727      0FEF
 7728 0a66 E4DD7251 		.ascii	"\344\335rQ\362bo\021\205k4\327\213\231\225\333\234\225"
 7728      F2626F11 
 7728      856B34D7 
 7728      8B9995DB 
 7728      9C95
 7729 0a78 BAF69676 		.ascii	"\272\366\226vh\245\272\263\266\2018\225n\033\323m\243"
 7729      68A5BAB3 
 7729      B6813895 
 7729      6E1BD36D 
 7729      A3
 7730 0a89 BA3776A5 		.ascii	"\2727v\2457\272)u\313US\336\316t\333\355\317M\266\312"
 7730      37BA2975 
 7730      CB5553DE 
 7730      CE74DBED 
 7730      CF4DB6CA 
 7731 0a9d 6F07D325 		.ascii	"o\007\323%\267\227\274\275\365\370\027\020l\3647\206"
 7731      B797BCBD 
 7731      F5F81710 
 7731      6CF43786 
 7732 0aad 997D2DE1 		.ascii	"\231}-\341\021\246\177\352\303\314\372`\277\020}\210"
 7732      11A67FEA 
 7732      C3CCFA60 
 7732      BF107D88 
 7733 0abd D15F6FB6 		.ascii	"\321_o\266\204\033\374B\315z\377\210 \251\351\035\340"
 7733      841BFC42 
 7733      CD7AFF88 
 7733      20A9E91D 
 7733      E0
 7734 0ace F4C6FABF 		.ascii	"\364\306\372\277x\256\365Y\305=\255\034\365\016\\\361"
 7734      78AEF559 
 7734      C53DAD1C 
 7734      F50E5CF1 
 7735 0ade B2CFEAD5 		.ascii	"\262\317\352\325\253\2028\307\010\243\311\362+_\213"
 7735      AB8238C7 
 7735      08A3C9F2 
 7735      2B5F8B
 7736 0aed D66CFCB7 		.ascii	"\326l\374\267\001o\250\025d\010\327\370\233\315\233"
 7736      016FA815 
 7736      6408D7F8 
 7736      9BCD9B
 7737 0afc 16BFEE67 		.ascii	"\026\277\356g6\274c\3708\302`\262\030\375B\336\241\306"
 7737      36BC63F8 
 7737      38C260B2 
 7737      18FD42DE 
 7737      A1C6
ARM GAS  /tmp/ccySdW0H.s 			page 189


 7738 0b0e C227A196 		.ascii	"\302'\241\226\245\257S%C \033z-\320o\223\305\020\376"
 7738      A5AF5325 
 7738      43201B7A 
 7738      2DD06F93 
 7738      C510FE
 7739 0b21 DEBA7705 		.ascii	"\336\272w\005S\340g+\1778\310`n\211]\217\317\330\003"
 7739      53E0672B 
 7739      7F38C860 
 7739      6E895D8F 
 7739      CFD803
 7740 0b34 80617CE6 		.ascii	"\200a|\346\011a4\005\204D\004\032H\333w\332\277\340"
 7740      09613405 
 7740      8444041A 
 7740      48DB77DA 
 7740      BFE0
 7741 0b46 F34BCED9 		.ascii	"\363K\316\331/<\364\223U\206e\241\234. ,\334b\370lY"
 7741      2F3CF493 
 7741      558665A1 
 7741      9C2E202C 
 7741      DC62F86C 
 7742 0b5b E84ACED1 		.ascii	"\350J\316\321\367\323p\243\305`\376\021\250\0038\215"
 7742      F7D370A3 
 7742      C560FE11 
 7742      A803388D 
 7743 0b6b EFA6088B 		.ascii	"\357\246\010\213C\250y#\362\346\033a\332h\300\033>\013"
 7743      43A87923 
 7743      F2E61B61 
 7743      DA68C01B 
 7743      3E0B
 7744 0b7d 34BBF862 		.ascii	"4\273\370b\333{\223_\270\305{\271\206\264\335\374\315"
 7744      DB7B935F 
 7744      B8C57BB9 
 7744      86B4DDFC 
 7744      CD
 7745 0b8e 7E6FF97F 		.ascii	"~o\371\177d\010\260\374\336d\264hC\015\241\001\233\376"
 7745      6408B0FC 
 7745      DE64B468 
 7745      430DA101 
 7745      9BFE
 7746 0ba0 A50931F8 		.ascii	"\245\0111\370\0059\232\302,\301\341a\237\202\217c\220"
 7746      05399AC2 
 7746      2CC1E161 
 7746      9F828F63 
 7746      90
 7747 0bb1 C9D3BCC9 		.ascii	"\311\323\274\311\020\200#&SDH\310\247\372\340\260P\203"
 7747      10802326 
 7747      534448C8 
 7747      A7FAE0B0 
 7747      5083
 7748 0bc3 3E3CCC5F 		.ascii	"><\314_\377vx\030\2615\353\327\022|\357X\"\002\215a"
 7748      FF767818 
 7748      B135EBD7 
 7748      127CEF58 
 7748      22028D61 
 7749 0bd7 CAB6EF8A 		.ascii	"\312\266\357\212\345zKXX\210YOf\373]\322\362|\355\317"
 7749      E57A4B58 
 7749      5888594F 
ARM GAS  /tmp/ccySdW0H.s 			page 190


 7749      66FB5DD2 
 7749      F27CEDCF 
 7750 0beb EB3C7F17 		.ascii	"\353<\177\027\352o\010\0144\004\352W{\257\360\366\361"
 7750      EA6F080C 
 7750      3404EA57 
 7750      7BAFF0F6 
 7750      F1
 7751 0bfc 5CB1DC67 		.ascii	"\\\261\334g\365\307+\365\310\3032\214aXf\360\3637N\021"
 7751      F5C72BF5 
 7751      C8C3328C 
 7751      615866F0 
 7751      F3374E11 
 7752 0c10 8669194D 		.ascii	"\206i\031M\033\221+\202\316l\260\010\010[\300\3744$"
 7752      1B912B82 
 7752      CE6CB008 
 7752      085BC0FC 
 7752      3424
 7753 0c22 2307CAD2 		.ascii	"#\007\312\322\002\243\311l\3613\005\030|\303\202\202"
 7753      02A3C96C 
 7753      F1330518 
 7753      7CC38282 
 7754 0c32 50C581E6 		.ascii	"P\305\201\346\374?N\320?m"
 7754      FC3F4ED0 
 7754      3F6D
 7755              		.text
 7756              		.section	.gnu.lto_.symtab.2714ed8639de7e4b,"e",%progbits
 7757 0000 6273614F 		.ascii	"bsaObjectInit\000"
 7757      626A6563 
 7757      74496E69 
 7757      7400
 7758 000e 00       		.ascii	"\000"
 7759 000f 00       		.ascii	"\000"
 7760 0010 00       		.ascii	"\000"
 7761 0011 00000000 		.ascii	"\000\000\000\000\000\000\000\000"
 7761      00000000 
 7762 0019 15010000 		.ascii	"\025\001\000\000"
 7763              		.text
 7764              		.section	.gnu.lto_.opts,"e",%progbits
 7765 0000 272D666E 		.ascii	"'-fno-openmp' '-fno-openacc' '-fno-pie' '-mcpu=cort"
 7765      6F2D6F70 
 7765      656E6D70 
 7765      2720272D 
 7765      666E6F2D 
 7766 0033 65782D6D 		.ascii	"ex-m4' '-mthumb' '-mfloat-abi=soft' '-march=armv7e-"
 7766      34272027 
 7766      2D6D7468 
 7766      756D6227 
 7766      20272D6D 
 7767 0066 6D272027 		.ascii	"m' '-O2' '-fomit-frame-pointer' '-falign-functions="
 7767      2D4F3227 
 7767      20272D66 
 7767      6F6D6974 
 7767      2D667261 
 7768 0099 31362720 		.ascii	"16' '-ffunction-sections' '-fdata-sections' '-fno-c"
 7768      272D6666 
 7768      756E6374 
 7768      696F6E2D 
ARM GAS  /tmp/ccySdW0H.s 			page 191


 7768      73656374 
 7769 00cc 6F6D6D6F 		.ascii	"ommon' '-flto'\000"
 7769      6E272027 
 7769      2D666C74 
 7769      6F2700
 7770              		.text
 7771              		.comm	__gnu_lto_v1,1,1
 7772              		.comm	__gnu_lto_slim,1,1
 7773              		.ident	"GCC: (GNU Tools for Arm Embedded Processors 9-2019-q4-major) 9.2.1 20191025 (release) [ARM
ARM GAS  /tmp/ccySdW0H.s 			page 192


DEFINED SYMBOLS
                            *ABS*:0000000000000000 bufstreams.c
     /tmp/ccySdW0H.s:53     .gnu.debuglto_.debug_info:0000000000000000 bufstreams.c.d251997f
                            *COM*:0000000000000001 __gnu_lto_v1
                            *COM*:0000000000000001 __gnu_lto_slim

NO UNDEFINED SYMBOLS
