ARM GAS  /tmp/ccQ4TWpz.s 			page 1


   1              		.cpu cortex-m4
   2              		.eabi_attribute 20, 1
   3              		.eabi_attribute 21, 1
   4              		.eabi_attribute 23, 3
   5              		.eabi_attribute 24, 1
   6              		.eabi_attribute 25, 1
   7              		.eabi_attribute 26, 1
   8              		.eabi_attribute 30, 2
   9              		.eabi_attribute 34, 1
  10              		.eabi_attribute 18, 4
  11              		.file	"hal_uart_lld.c"
  12              		.file 1 "/home/rob/Projects/ChibiStudio/ChibiStudio_20/tools/GNU Tools ARM Embedded/9.2.1 2019q4/l
  13              		.file 2 "/home/rob/Projects/ChibiStudio/ChibiStudio_20/tools/GNU Tools ARM Embedded/9.2.1 2019q4/a
  14              		.file 3 "/home/rob/Projects/ChibiStudio/ChibiStudio_20/tools/GNU Tools ARM Embedded/9.2.1 2019q4/a
  15              		.file 4 "../../chibios_trunk/os/common/ports/ARMCMx/compilers/GCC/chtypes.h"
  16              		.file 5 "../../chibios_trunk/os/rt/include/chsystypes.h"
  17              		.file 6 "../../chibios_trunk/os/rt/include/chschd.h"
  18              		.file 7 "../../chibios_trunk/os/rt/include/chtime.h"
  19              		.file 8 "../../chibios_trunk/os/common/ext/ARM/CMSIS/Core/Include/core_cm4.h"
  20              		.file 9 "../../chibios_trunk/os/common/ext/ST/STM32F4xx/system_stm32f4xx.h"
  21              		.file 10 "../../chibios_trunk/os/common/ext/ST/STM32F4xx/stm32f401xe.h"
  22              		.file 11 "../../chibios_trunk/os/common/ports/ARMCMx/chcore.h"
  23              		.file 12 "../../chibios_trunk/os/common/ports/ARMCMx/chcore_v7m.h"
  24              		.file 13 "../../chibios_trunk/os/rt/include/chtm.h"
  25              		.file 14 "../../chibios_trunk/os/rt/include/chsem.h"
  26              		.file 15 "../../chibios_trunk/os/rt/include/chmtx.h"
  27              		.file 16 "../../chibios_trunk/os/rt/include/chsys.h"
  28              		.file 17 "../../chibios_trunk/os/rt/include/chregistry.h"
  29              		.file 18 "../../chibios_trunk/os/oslib/include/chmemcore.h"
  30              		.file 19 "../../chibios_trunk/os/oslib/include/chmempools.h"
  31              		.file 20 "../../chibios_trunk/os/oslib/include/chfactory.h"
  32              		.file 21 "../../chibios_trunk/os/hal/ports/STM32/LLD/DMAv2/stm32_dma.h"
  33              		.file 22 "../../chibios_trunk/os/hal/ports/STM32/LLD/TIMv1/stm32_tim.h"
  34              		.file 23 "../../chibios_trunk/os/hal/include/hal_pal.h"
  35              		.file 24 "../../chibios_trunk/os/hal/ports/STM32/LLD/GPIOv2/hal_pal_lld.h"
  36              		.file 25 "../../chibios_trunk/os/hal/include/hal_icu.h"
  37              		.file 26 "../../chibios_trunk/os/hal/ports/STM32/LLD/TIMv1/hal_icu_lld.h"
  38              		.file 27 "../../chibios_trunk/os/hal/include/hal_uart.h"
  39              		.file 28 "../../chibios_trunk/os/hal/ports/STM32/LLD/USARTv1/hal_uart_lld.h"
  40              		.file 29 "../../chibios_trunk/os/hal/include/hal_usb.h"
  41              		.file 30 "../../chibios_trunk/os/hal/ports/STM32/LLD/OTGv1/hal_usb_lld.h"
  42              		.file 31 "../../chibios_trunk/os/hal/ports/STM32/LLD/OTGv1/stm32_otg.h"
  43              		.file 32 "../../chibios_trunk/os/hal/ports/STM32/LLD/USARTv1/hal_uart_lld.c"
  44              		.file 33 "../../chibios_trunk/os/hal/osal/rt-nil/osal.h"
  45              		.section	.gnu.debuglto_.debug_info,"e",%progbits
  46              	.Ldebug_info0:
  47              		.hidden	hal_uart_lld.c.57207d40
  48              		.weak	hal_uart_lld.c.57207d40
  49              	hal_uart_lld.c.57207d40:
  50 0000 45210000 		.4byte	0x2145
  51 0004 0400     		.2byte	0x4
  52 0006 00000000 		.4byte	.Ldebug_abbrev0
  53 000a 04       		.byte	0x4
  54 000b 01       		.uleb128 0x1
  55 000c 2C110000 		.4byte	.LASF437
  56 0010 0C       		.byte	0xc
  57 0011 1D010000 		.4byte	.LASF438
ARM GAS  /tmp/ccQ4TWpz.s 			page 2


  58 0015 0F0B0000 		.4byte	.LASF439
  59 0019 00000000 		.4byte	.Ldebug_line0
  60 001d 02       		.uleb128 0x2
  61 001e 04       		.byte	0x4
  62 001f 05       		.byte	0x5
  63 0020 696E7400 		.ascii	"int\000"
  64 0024 03       		.uleb128 0x3
  65 0025 20000000 		.4byte	.LASF4
  66 0029 01       		.byte	0x1
  67 002a D1       		.byte	0xd1
  68 002b 17       		.byte	0x17
  69 002c 30000000 		.4byte	0x30
  70 0030 04       		.uleb128 0x4
  71 0031 04       		.byte	0x4
  72 0032 07       		.byte	0x7
  73 0033 BF0A0000 		.4byte	.LASF0
  74 0037 04       		.uleb128 0x4
  75 0038 08       		.byte	0x8
  76 0039 05       		.byte	0x5
  77 003a D8090000 		.4byte	.LASF1
  78 003e 04       		.uleb128 0x4
  79 003f 08       		.byte	0x8
  80 0040 04       		.byte	0x4
  81 0041 4D0C0000 		.4byte	.LASF2
  82 0045 04       		.uleb128 0x4
  83 0046 01       		.byte	0x1
  84 0047 06       		.byte	0x6
  85 0048 67030000 		.4byte	.LASF3
  86 004c 03       		.uleb128 0x3
  87 004d 1B020000 		.4byte	.LASF5
  88 0051 02       		.byte	0x2
  89 0052 2B       		.byte	0x2b
  90 0053 18       		.byte	0x18
  91 0054 58000000 		.4byte	0x58
  92 0058 04       		.uleb128 0x4
  93 0059 01       		.byte	0x1
  94 005a 08       		.byte	0x8
  95 005b E2030000 		.4byte	.LASF6
  96 005f 04       		.uleb128 0x4
  97 0060 02       		.byte	0x2
  98 0061 05       		.byte	0x5
  99 0062 8F0F0000 		.4byte	.LASF7
 100 0066 03       		.uleb128 0x3
 101 0067 EA040000 		.4byte	.LASF8
 102 006b 02       		.byte	0x2
 103 006c 39       		.byte	0x39
 104 006d 19       		.byte	0x19
 105 006e 72000000 		.4byte	0x72
 106 0072 04       		.uleb128 0x4
 107 0073 02       		.byte	0x2
 108 0074 07       		.byte	0x7
 109 0075 62120000 		.4byte	.LASF9
 110 0079 03       		.uleb128 0x3
 111 007a DF120000 		.4byte	.LASF10
 112 007e 02       		.byte	0x2
 113 007f 4D       		.byte	0x4d
 114 0080 18       		.byte	0x18
ARM GAS  /tmp/ccQ4TWpz.s 			page 3


 115 0081 85000000 		.4byte	0x85
 116 0085 04       		.uleb128 0x4
 117 0086 04       		.byte	0x4
 118 0087 05       		.byte	0x5
 119 0088 8F020000 		.4byte	.LASF11
 120 008c 03       		.uleb128 0x3
 121 008d B4090000 		.4byte	.LASF12
 122 0091 02       		.byte	0x2
 123 0092 4F       		.byte	0x4f
 124 0093 19       		.byte	0x19
 125 0094 98000000 		.4byte	0x98
 126 0098 04       		.uleb128 0x4
 127 0099 04       		.byte	0x4
 128 009a 07       		.byte	0x7
 129 009b 84070000 		.4byte	.LASF13
 130 009f 03       		.uleb128 0x3
 131 00a0 5F070000 		.4byte	.LASF14
 132 00a4 02       		.byte	0x2
 133 00a5 69       		.byte	0x69
 134 00a6 19       		.byte	0x19
 135 00a7 AB000000 		.4byte	0xab
 136 00ab 04       		.uleb128 0x4
 137 00ac 08       		.byte	0x8
 138 00ad 07       		.byte	0x7
 139 00ae 3A0D0000 		.4byte	.LASF15
 140 00b2 03       		.uleb128 0x3
 141 00b3 7A030000 		.4byte	.LASF16
 142 00b7 03       		.byte	0x3
 143 00b8 18       		.byte	0x18
 144 00b9 13       		.byte	0x13
 145 00ba 4C000000 		.4byte	0x4c
 146 00be 05       		.uleb128 0x5
 147 00bf B2000000 		.4byte	0xb2
 148 00c3 03       		.uleb128 0x3
 149 00c4 700D0000 		.4byte	.LASF17
 150 00c8 03       		.byte	0x3
 151 00c9 24       		.byte	0x24
 152 00ca 14       		.byte	0x14
 153 00cb 66000000 		.4byte	0x66
 154 00cf 06       		.uleb128 0x6
 155 00d0 C3000000 		.4byte	0xc3
 156 00d4 03       		.uleb128 0x3
 157 00d5 8E000000 		.4byte	.LASF18
 158 00d9 03       		.byte	0x3
 159 00da 2C       		.byte	0x2c
 160 00db 13       		.byte	0x13
 161 00dc 79000000 		.4byte	0x79
 162 00e0 06       		.uleb128 0x6
 163 00e1 D4000000 		.4byte	0xd4
 164 00e5 03       		.uleb128 0x3
 165 00e6 38120000 		.4byte	.LASF19
 166 00ea 03       		.byte	0x3
 167 00eb 30       		.byte	0x30
 168 00ec 14       		.byte	0x14
 169 00ed 8C000000 		.4byte	0x8c
 170 00f1 06       		.uleb128 0x6
 171 00f2 E5000000 		.4byte	0xe5
ARM GAS  /tmp/ccQ4TWpz.s 			page 4


 172 00f6 03       		.uleb128 0x3
 173 00f7 A10F0000 		.4byte	.LASF20
 174 00fb 03       		.byte	0x3
 175 00fc 3C       		.byte	0x3c
 176 00fd 14       		.byte	0x14
 177 00fe 9F000000 		.4byte	0x9f
 178 0102 03       		.uleb128 0x3
 179 0103 D60A0000 		.4byte	.LASF21
 180 0107 04       		.byte	0x4
 181 0108 27       		.byte	0x27
 182 0109 1D       		.byte	0x1d
 183 010a E5000000 		.4byte	0xe5
 184 010e 03       		.uleb128 0x3
 185 010f E20E0000 		.4byte	.LASF22
 186 0113 04       		.byte	0x4
 187 0114 2A       		.byte	0x2a
 188 0115 1D       		.byte	0x1d
 189 0116 B2000000 		.4byte	0xb2
 190 011a 03       		.uleb128 0x3
 191 011b AB020000 		.4byte	.LASF23
 192 011f 04       		.byte	0x4
 193 0120 2B       		.byte	0x2b
 194 0121 1D       		.byte	0x1d
 195 0122 B2000000 		.4byte	0xb2
 196 0126 03       		.uleb128 0x3
 197 0127 D6100000 		.4byte	.LASF24
 198 012b 04       		.byte	0x4
 199 012c 2C       		.byte	0x2c
 200 012d 1D       		.byte	0x1d
 201 012e B2000000 		.4byte	0xb2
 202 0132 03       		.uleb128 0x3
 203 0133 67000000 		.4byte	.LASF25
 204 0137 04       		.byte	0x4
 205 0138 2E       		.byte	0x2e
 206 0139 1D       		.byte	0x1d
 207 013a E5000000 		.4byte	0xe5
 208 013e 03       		.uleb128 0x3
 209 013f 910D0000 		.4byte	.LASF26
 210 0143 04       		.byte	0x4
 211 0144 2F       		.byte	0x2f
 212 0145 1D       		.byte	0x1d
 213 0146 D4000000 		.4byte	0xd4
 214 014a 03       		.uleb128 0x3
 215 014b AA030000 		.4byte	.LASF27
 216 014f 04       		.byte	0x4
 217 0150 31       		.byte	0x31
 218 0151 1D       		.byte	0x1d
 219 0152 E5000000 		.4byte	0xe5
 220 0156 03       		.uleb128 0x3
 221 0157 44060000 		.4byte	.LASF28
 222 015b 04       		.byte	0x4
 223 015c 33       		.byte	0x33
 224 015d 1D       		.byte	0x1d
 225 015e D4000000 		.4byte	0xd4
 226 0162 03       		.uleb128 0x3
 227 0163 DB080000 		.4byte	.LASF29
 228 0167 04       		.byte	0x4
ARM GAS  /tmp/ccQ4TWpz.s 			page 5


 229 0168 34       		.byte	0x34
 230 0169 1D       		.byte	0x1d
 231 016a E5000000 		.4byte	0xe5
 232 016e 03       		.uleb128 0x3
 233 016f 440C0000 		.4byte	.LASF30
 234 0173 05       		.byte	0x5
 235 0174 34       		.byte	0x34
 236 0175 1A       		.byte	0x1a
 237 0176 7A010000 		.4byte	0x17a
 238 017a 07       		.uleb128 0x7
 239 017b FB070000 		.4byte	.LASF48
 240 017f 44       		.byte	0x44
 241 0180 06       		.byte	0x6
 242 0181 8E       		.byte	0x8e
 243 0182 08       		.byte	0x8
 244 0183 6A020000 		.4byte	0x26a
 245 0187 08       		.uleb128 0x8
 246 0188 E00D0000 		.4byte	.LASF31
 247 018c 06       		.byte	0x6
 248 018d 8F       		.byte	0x8f
 249 018e 19       		.byte	0x19
 250 018f A3020000 		.4byte	0x2a3
 251 0193 00       		.byte	0
 252 0194 08       		.uleb128 0x8
 253 0195 F3010000 		.4byte	.LASF32
 254 0199 06       		.byte	0x6
 255 019a 90       		.byte	0x90
 256 019b 19       		.byte	0x19
 257 019c 32010000 		.4byte	0x132
 258 01a0 08       		.byte	0x8
 259 01a1 08       		.uleb128 0x8
 260 01a2 2D120000 		.4byte	.LASF33
 261 01a6 06       		.byte	0x6
 262 01a7 92       		.byte	0x92
 263 01a8 1A       		.byte	0x1a
 264 01a9 76020000 		.4byte	0x276
 265 01ad 0C       		.byte	0xc
 266 01ae 08       		.uleb128 0x8
 267 01af A1080000 		.4byte	.LASF34
 268 01b3 06       		.byte	0x6
 269 01b4 93       		.byte	0x93
 270 01b5 1A       		.byte	0x1a
 271 01b6 76020000 		.4byte	0x276
 272 01ba 10       		.byte	0x10
 273 01bb 09       		.uleb128 0x9
 274 01bc 63747800 		.ascii	"ctx\000"
 275 01c0 06       		.byte	0x6
 276 01c1 99       		.byte	0x99
 277 01c2 19       		.byte	0x19
 278 01c3 AA080000 		.4byte	0x8aa
 279 01c7 14       		.byte	0x14
 280 01c8 08       		.uleb128 0x8
 281 01c9 5C0F0000 		.4byte	.LASF35
 282 01cd 06       		.byte	0x6
 283 01ce 9E       		.byte	0x9e
 284 01cf 1A       		.byte	0x1a
 285 01d0 C9090000 		.4byte	0x9c9
ARM GAS  /tmp/ccQ4TWpz.s 			page 6


 286 01d4 18       		.byte	0x18
 287 01d5 08       		.uleb128 0x8
 288 01d6 790E0000 		.4byte	.LASF36
 289 01da 06       		.byte	0x6
 290 01db A7       		.byte	0xa7
 291 01dc 1A       		.byte	0x1a
 292 01dd E0090000 		.4byte	0x9e0
 293 01e1 1C       		.byte	0x1c
 294 01e2 08       		.uleb128 0x8
 295 01e3 7E010000 		.4byte	.LASF37
 296 01e7 06       		.byte	0x6
 297 01e8 AC       		.byte	0xac
 298 01e9 19       		.byte	0x19
 299 01ea 1A010000 		.4byte	0x11a
 300 01ee 20       		.byte	0x20
 301 01ef 08       		.uleb128 0x8
 302 01f0 40050000 		.4byte	.LASF38
 303 01f4 06       		.byte	0x6
 304 01f5 B0       		.byte	0xb0
 305 01f6 19       		.byte	0x19
 306 01f7 0E010000 		.4byte	0x10e
 307 01fb 21       		.byte	0x21
 308 01fc 08       		.uleb128 0x8
 309 01fd DB0D0000 		.4byte	.LASF39
 310 0201 06       		.byte	0x6
 311 0202 B5       		.byte	0xb5
 312 0203 19       		.byte	0x19
 313 0204 26010000 		.4byte	0x126
 314 0208 22       		.byte	0x22
 315 0209 0A       		.uleb128 0xa
 316 020a 7500     		.ascii	"u\000"
 317 020c 06       		.byte	0x6
 318 020d 0601     		.2byte	0x106
 319 020f 19       		.byte	0x19
 320 0210 EF080000 		.4byte	0x8ef
 321 0214 24       		.byte	0x24
 322 0215 0B       		.uleb128 0xb
 323 0216 98100000 		.4byte	.LASF40
 324 021a 06       		.byte	0x6
 325 021b 0B01     		.2byte	0x10b
 326 021d 19       		.byte	0x19
 327 021e 7C020000 		.4byte	0x27c
 328 0222 28       		.byte	0x28
 329 0223 0B       		.uleb128 0xb
 330 0224 D50F0000 		.4byte	.LASF41
 331 0228 06       		.byte	0x6
 332 0229 1101     		.2byte	0x111
 333 022b 19       		.byte	0x19
 334 022c A3020000 		.4byte	0x2a3
 335 0230 2C       		.byte	0x2c
 336 0231 0B       		.uleb128 0xb
 337 0232 C8020000 		.4byte	.LASF42
 338 0236 06       		.byte	0x6
 339 0237 1701     		.2byte	0x117
 340 0239 19       		.byte	0x19
 341 023a 4A010000 		.4byte	0x14a
 342 023e 34       		.byte	0x34
ARM GAS  /tmp/ccQ4TWpz.s 			page 7


 343 023f 0B       		.uleb128 0xb
 344 0240 D0090000 		.4byte	.LASF43
 345 0244 06       		.byte	0x6
 346 0245 1E01     		.2byte	0x11e
 347 0247 1A       		.byte	0x1a
 348 0248 C3090000 		.4byte	0x9c3
 349 024c 38       		.byte	0x38
 350 024d 0B       		.uleb128 0xb
 351 024e C6080000 		.4byte	.LASF44
 352 0252 06       		.byte	0x6
 353 0253 2201     		.2byte	0x122
 354 0255 19       		.byte	0x19
 355 0256 32010000 		.4byte	0x132
 356 025a 3C       		.byte	0x3c
 357 025b 0B       		.uleb128 0xb
 358 025c 6B050000 		.4byte	.LASF45
 359 0260 06       		.byte	0x6
 360 0261 2901     		.2byte	0x129
 361 0263 1A       		.byte	0x1a
 362 0264 55030000 		.4byte	0x355
 363 0268 40       		.byte	0x40
 364 0269 00       		.byte	0
 365 026a 03       		.uleb128 0x3
 366 026b 590C0000 		.4byte	.LASF46
 367 026f 05       		.byte	0x5
 368 0270 39       		.byte	0x39
 369 0271 14       		.byte	0x14
 370 0272 76020000 		.4byte	0x276
 371 0276 0C       		.uleb128 0xc
 372 0277 04       		.byte	0x4
 373 0278 6E010000 		.4byte	0x16e
 374 027c 03       		.uleb128 0x3
 375 027d 07110000 		.4byte	.LASF47
 376 0281 05       		.byte	0x5
 377 0282 3E       		.byte	0x3e
 378 0283 20       		.byte	0x20
 379 0284 88020000 		.4byte	0x288
 380 0288 07       		.uleb128 0x7
 381 0289 18090000 		.4byte	.LASF49
 382 028d 04       		.byte	0x4
 383 028e 06       		.byte	0x6
 384 028f 7C       		.byte	0x7c
 385 0290 08       		.byte	0x8
 386 0291 A3020000 		.4byte	0x2a3
 387 0295 08       		.uleb128 0x8
 388 0296 21130000 		.4byte	.LASF50
 389 029a 06       		.byte	0x6
 390 029b 7D       		.byte	0x7d
 391 029c 1A       		.byte	0x1a
 392 029d 76020000 		.4byte	0x276
 393 02a1 00       		.byte	0
 394 02a2 00       		.byte	0
 395 02a3 03       		.uleb128 0x3
 396 02a4 DA020000 		.4byte	.LASF51
 397 02a8 05       		.byte	0x5
 398 02a9 45       		.byte	0x45
 399 02aa 21       		.byte	0x21
ARM GAS  /tmp/ccQ4TWpz.s 			page 8


 400 02ab AF020000 		.4byte	0x2af
 401 02af 07       		.uleb128 0x7
 402 02b0 9C0D0000 		.4byte	.LASF52
 403 02b4 08       		.byte	0x8
 404 02b5 06       		.byte	0x6
 405 02b6 83       		.byte	0x83
 406 02b7 08       		.byte	0x8
 407 02b8 D7020000 		.4byte	0x2d7
 408 02bc 08       		.uleb128 0x8
 409 02bd 21130000 		.4byte	.LASF50
 410 02c1 06       		.byte	0x6
 411 02c2 84       		.byte	0x84
 412 02c3 1A       		.byte	0x1a
 413 02c4 76020000 		.4byte	0x276
 414 02c8 00       		.byte	0
 415 02c9 08       		.uleb128 0x8
 416 02ca 2D130000 		.4byte	.LASF53
 417 02ce 06       		.byte	0x6
 418 02cf 85       		.byte	0x85
 419 02d0 1A       		.byte	0x1a
 420 02d1 76020000 		.4byte	0x276
 421 02d5 04       		.byte	0x4
 422 02d6 00       		.byte	0
 423 02d7 03       		.uleb128 0x3
 424 02d8 94080000 		.4byte	.LASF54
 425 02dc 05       		.byte	0x5
 426 02dd 4C       		.byte	0x4c
 427 02de 1E       		.byte	0x1e
 428 02df E3020000 		.4byte	0x2e3
 429 02e3 0D       		.uleb128 0xd
 430 02e4 D4060000 		.4byte	.LASF55
 431 02e8 18       		.byte	0x18
 432 02e9 06       		.byte	0x6
 433 02ea 6101     		.2byte	0x161
 434 02ec 08       		.byte	0x8
 435 02ed 38030000 		.4byte	0x338
 436 02f1 0B       		.uleb128 0xb
 437 02f2 E00D0000 		.4byte	.LASF31
 438 02f6 06       		.byte	0x6
 439 02f7 6201     		.2byte	0x162
 440 02f9 19       		.byte	0x19
 441 02fa A3020000 		.4byte	0x2a3
 442 02fe 00       		.byte	0
 443 02ff 0B       		.uleb128 0xb
 444 0300 F3010000 		.4byte	.LASF32
 445 0304 06       		.byte	0x6
 446 0305 6301     		.2byte	0x163
 447 0307 19       		.byte	0x19
 448 0308 32010000 		.4byte	0x132
 449 030c 08       		.byte	0x8
 450 030d 0B       		.uleb128 0xb
 451 030e 2D120000 		.4byte	.LASF33
 452 0312 06       		.byte	0x6
 453 0313 6601     		.2byte	0x166
 454 0315 1A       		.byte	0x1a
 455 0316 76020000 		.4byte	0x276
 456 031a 0C       		.byte	0xc
ARM GAS  /tmp/ccQ4TWpz.s 			page 9


 457 031b 0B       		.uleb128 0xb
 458 031c A1080000 		.4byte	.LASF34
 459 0320 06       		.byte	0x6
 460 0321 6701     		.2byte	0x167
 461 0323 1A       		.byte	0x1a
 462 0324 76020000 		.4byte	0x276
 463 0328 10       		.byte	0x10
 464 0329 0B       		.uleb128 0xb
 465 032a 950B0000 		.4byte	.LASF56
 466 032e 06       		.byte	0x6
 467 032f 6A01     		.2byte	0x16a
 468 0331 1A       		.byte	0x1a
 469 0332 76020000 		.4byte	0x276
 470 0336 14       		.byte	0x14
 471 0337 00       		.byte	0
 472 0338 03       		.uleb128 0x3
 473 0339 B9000000 		.4byte	.LASF57
 474 033d 05       		.byte	0x5
 475 033e 51       		.byte	0x51
 476 033f 10       		.byte	0x10
 477 0340 44030000 		.4byte	0x344
 478 0344 0C       		.uleb128 0xc
 479 0345 04       		.byte	0x4
 480 0346 4A030000 		.4byte	0x34a
 481 034a 0E       		.uleb128 0xe
 482 034b 55030000 		.4byte	0x355
 483 034f 0F       		.uleb128 0xf
 484 0350 55030000 		.4byte	0x355
 485 0354 00       		.byte	0
 486 0355 10       		.uleb128 0x10
 487 0356 04       		.byte	0x4
 488 0357 03       		.uleb128 0x3
 489 0358 84080000 		.4byte	.LASF58
 490 035c 05       		.byte	0x5
 491 035d 56       		.byte	0x56
 492 035e 21       		.byte	0x21
 493 035f 63030000 		.4byte	0x363
 494 0363 0D       		.uleb128 0xd
 495 0364 E90C0000 		.4byte	.LASF59
 496 0368 14       		.byte	0x14
 497 0369 06       		.byte	0x6
 498 036a 3C01     		.2byte	0x13c
 499 036c 08       		.byte	0x8
 500 036d B8030000 		.4byte	0x3b8
 501 0371 0B       		.uleb128 0xb
 502 0372 21130000 		.4byte	.LASF50
 503 0376 06       		.byte	0x6
 504 0377 3D01     		.2byte	0x13d
 505 0379 1A       		.byte	0x1a
 506 037a E6090000 		.4byte	0x9e6
 507 037e 00       		.byte	0
 508 037f 0B       		.uleb128 0xb
 509 0380 2D130000 		.4byte	.LASF53
 510 0384 06       		.byte	0x6
 511 0385 3E01     		.2byte	0x13e
 512 0387 1A       		.byte	0x1a
 513 0388 E6090000 		.4byte	0x9e6
ARM GAS  /tmp/ccQ4TWpz.s 			page 10


 514 038c 04       		.byte	0x4
 515 038d 0B       		.uleb128 0xb
 516 038e C70D0000 		.4byte	.LASF60
 517 0392 06       		.byte	0x6
 518 0393 3F01     		.2byte	0x13f
 519 0395 19       		.byte	0x19
 520 0396 A0040000 		.4byte	0x4a0
 521 039a 08       		.byte	0x8
 522 039b 0B       		.uleb128 0xb
 523 039c AF0F0000 		.4byte	.LASF61
 524 03a0 06       		.byte	0x6
 525 03a1 4001     		.2byte	0x140
 526 03a3 19       		.byte	0x19
 527 03a4 38030000 		.4byte	0x338
 528 03a8 0C       		.byte	0xc
 529 03a9 0A       		.uleb128 0xa
 530 03aa 70617200 		.ascii	"par\000"
 531 03ae 06       		.byte	0x6
 532 03af 4201     		.2byte	0x142
 533 03b1 1A       		.byte	0x1a
 534 03b2 55030000 		.4byte	0x355
 535 03b6 10       		.byte	0x10
 536 03b7 00       		.byte	0
 537 03b8 03       		.uleb128 0x3
 538 03b9 0D080000 		.4byte	.LASF62
 539 03bd 05       		.byte	0x5
 540 03be 5B       		.byte	0x5b
 541 03bf 28       		.byte	0x28
 542 03c0 C4030000 		.4byte	0x3c4
 543 03c4 0D       		.uleb128 0xd
 544 03c5 CF000000 		.4byte	.LASF63
 545 03c9 10       		.byte	0x10
 546 03ca 06       		.byte	0x6
 547 03cb 4C01     		.2byte	0x14c
 548 03cd 08       		.byte	0x8
 549 03ce 0B040000 		.4byte	0x40b
 550 03d2 0B       		.uleb128 0xb
 551 03d3 21130000 		.4byte	.LASF50
 552 03d7 06       		.byte	0x6
 553 03d8 4D01     		.2byte	0x14d
 554 03da 1A       		.byte	0x1a
 555 03db E6090000 		.4byte	0x9e6
 556 03df 00       		.byte	0
 557 03e0 0B       		.uleb128 0xb
 558 03e1 2D130000 		.4byte	.LASF53
 559 03e5 06       		.byte	0x6
 560 03e6 4F01     		.2byte	0x14f
 561 03e8 1A       		.byte	0x1a
 562 03e9 E6090000 		.4byte	0x9e6
 563 03ed 04       		.byte	0x4
 564 03ee 0B       		.uleb128 0xb
 565 03ef C70D0000 		.4byte	.LASF60
 566 03f3 06       		.byte	0x6
 567 03f4 5101     		.2byte	0x151
 568 03f6 19       		.byte	0x19
 569 03f7 A0040000 		.4byte	0x4a0
 570 03fb 08       		.byte	0x8
ARM GAS  /tmp/ccQ4TWpz.s 			page 11


 571 03fc 0B       		.uleb128 0xb
 572 03fd 0E040000 		.4byte	.LASF64
 573 0401 06       		.byte	0x6
 574 0402 5901     		.2byte	0x159
 575 0404 19       		.byte	0x19
 576 0405 94040000 		.4byte	0x494
 577 0409 0C       		.byte	0xc
 578 040a 00       		.byte	0
 579 040b 03       		.uleb128 0x3
 580 040c 56040000 		.4byte	.LASF65
 581 0410 05       		.byte	0x5
 582 0411 60       		.byte	0x60
 583 0412 20       		.byte	0x20
 584 0413 17040000 		.4byte	0x417
 585 0417 0D       		.uleb128 0xd
 586 0418 0A100000 		.4byte	.LASF66
 587 041c 04       		.byte	0x4
 588 041d 06       		.byte	0x6
 589 041e 7101     		.2byte	0x171
 590 0420 08       		.byte	0x8
 591 0421 34040000 		.4byte	0x434
 592 0425 0B       		.uleb128 0xb
 593 0426 21040000 		.4byte	.LASF67
 594 042a 06       		.byte	0x6
 595 042b 7901     		.2byte	0x179
 596 042d 24       		.byte	0x24
 597 042e CF090000 		.4byte	0x9cf
 598 0432 00       		.byte	0
 599 0433 00       		.byte	0
 600 0434 03       		.uleb128 0x3
 601 0435 8C120000 		.4byte	.LASF68
 602 0439 05       		.byte	0x5
 603 043a 65       		.byte	0x65
 604 043b 1A       		.byte	0x1a
 605 043c 40040000 		.4byte	0x440
 606 0440 0D       		.uleb128 0xd
 607 0441 1B120000 		.4byte	.LASF69
 608 0445 74       		.byte	0x74
 609 0446 06       		.byte	0x6
 610 0447 9101     		.2byte	0x191
 611 0449 08       		.byte	0x8
 612 044a 94040000 		.4byte	0x494
 613 044e 0B       		.uleb128 0xb
 614 044f C50E0000 		.4byte	.LASF70
 615 0453 06       		.byte	0x6
 616 0454 9501     		.2byte	0x195
 617 0456 19       		.byte	0x19
 618 0457 D7020000 		.4byte	0x2d7
 619 045b 00       		.byte	0
 620 045c 0B       		.uleb128 0xb
 621 045d 91100000 		.4byte	.LASF71
 622 0461 06       		.byte	0x6
 623 0462 9901     		.2byte	0x199
 624 0464 19       		.byte	0x19
 625 0465 B8030000 		.4byte	0x3b8
 626 0469 18       		.byte	0x18
 627 046a 0A       		.uleb128 0xa
ARM GAS  /tmp/ccQ4TWpz.s 			page 12


 628 046b 64626700 		.ascii	"dbg\000"
 629 046f 06       		.byte	0x6
 630 0470 9D01     		.2byte	0x19d
 631 0472 19       		.byte	0x19
 632 0473 0B040000 		.4byte	0x40b
 633 0477 28       		.byte	0x28
 634 0478 0B       		.uleb128 0xb
 635 0479 080E0000 		.4byte	.LASF72
 636 047d 06       		.byte	0x6
 637 047e A101     		.2byte	0x1a1
 638 0480 19       		.byte	0x19
 639 0481 6E010000 		.4byte	0x16e
 640 0485 2C       		.byte	0x2c
 641 0486 0A       		.uleb128 0xa
 642 0487 746D00   		.ascii	"tm\000"
 643 048a 06       		.byte	0x6
 644 048b A601     		.2byte	0x1a6
 645 048d 19       		.byte	0x19
 646 048e E3080000 		.4byte	0x8e3
 647 0492 70       		.byte	0x70
 648 0493 00       		.byte	0
 649 0494 03       		.uleb128 0x3
 650 0495 40000000 		.4byte	.LASF73
 651 0499 07       		.byte	0x7
 652 049a 6D       		.byte	0x6d
 653 049b 12       		.byte	0x12
 654 049c E5000000 		.4byte	0xe5
 655 04a0 03       		.uleb128 0x3
 656 04a1 F8090000 		.4byte	.LASF74
 657 04a5 07       		.byte	0x7
 658 04a6 79       		.byte	0x79
 659 04a7 12       		.byte	0x12
 660 04a8 E5000000 		.4byte	0xe5
 661 04ac 11       		.uleb128 0x11
 662 04ad E5000000 		.4byte	0xe5
 663 04b1 BC040000 		.4byte	0x4bc
 664 04b5 12       		.uleb128 0x12
 665 04b6 30000000 		.4byte	0x30
 666 04ba 00       		.byte	0
 667 04bb 00       		.byte	0
 668 04bc 11       		.uleb128 0x11
 669 04bd E5000000 		.4byte	0xe5
 670 04c1 CC040000 		.4byte	0x4cc
 671 04c5 12       		.uleb128 0x12
 672 04c6 30000000 		.4byte	0x30
 673 04ca 01       		.byte	0x1
 674 04cb 00       		.byte	0
 675 04cc 13       		.uleb128 0x13
 676 04cd 5D0A0000 		.4byte	.LASF75
 677 04d1 08       		.byte	0x8
 678 04d2 0408     		.2byte	0x804
 679 04d4 19       		.byte	0x19
 680 04d5 E0000000 		.4byte	0xe0
 681 04d9 14       		.uleb128 0x14
 682 04da D0070000 		.4byte	.LASF76
 683 04de 09       		.byte	0x9
 684 04df 4C       		.byte	0x4c
ARM GAS  /tmp/ccQ4TWpz.s 			page 13


 685 04e0 11       		.byte	0x11
 686 04e1 E5000000 		.4byte	0xe5
 687 04e5 11       		.uleb128 0x11
 688 04e6 BE000000 		.4byte	0xbe
 689 04ea F5040000 		.4byte	0x4f5
 690 04ee 12       		.uleb128 0x12
 691 04ef 30000000 		.4byte	0x30
 692 04f3 0F       		.byte	0xf
 693 04f4 00       		.byte	0
 694 04f5 05       		.uleb128 0x5
 695 04f6 E5040000 		.4byte	0x4e5
 696 04fa 14       		.uleb128 0x14
 697 04fb DB0C0000 		.4byte	.LASF77
 698 04ff 09       		.byte	0x9
 699 0500 4E       		.byte	0x4e
 700 0501 17       		.byte	0x17
 701 0502 F5040000 		.4byte	0x4f5
 702 0506 11       		.uleb128 0x11
 703 0507 BE000000 		.4byte	0xbe
 704 050b 16050000 		.4byte	0x516
 705 050f 12       		.uleb128 0x12
 706 0510 30000000 		.4byte	0x30
 707 0514 07       		.byte	0x7
 708 0515 00       		.byte	0
 709 0516 05       		.uleb128 0x5
 710 0517 06050000 		.4byte	0x506
 711 051b 14       		.uleb128 0x14
 712 051c 610F0000 		.4byte	.LASF78
 713 0520 09       		.byte	0x9
 714 0521 4F       		.byte	0x4f
 715 0522 17       		.byte	0x17
 716 0523 16050000 		.4byte	0x516
 717 0527 15       		.uleb128 0x15
 718 0528 18       		.byte	0x18
 719 0529 0A       		.byte	0xa
 720 052a E8       		.byte	0xe8
 721 052b 09       		.byte	0x9
 722 052c 7E050000 		.4byte	0x57e
 723 0530 09       		.uleb128 0x9
 724 0531 435200   		.ascii	"CR\000"
 725 0534 0A       		.byte	0xa
 726 0535 EA       		.byte	0xea
 727 0536 11       		.byte	0x11
 728 0537 F1000000 		.4byte	0xf1
 729 053b 00       		.byte	0
 730 053c 08       		.uleb128 0x8
 731 053d E9120000 		.4byte	.LASF79
 732 0541 0A       		.byte	0xa
 733 0542 EB       		.byte	0xeb
 734 0543 11       		.byte	0x11
 735 0544 F1000000 		.4byte	0xf1
 736 0548 04       		.byte	0x4
 737 0549 09       		.uleb128 0x9
 738 054a 50415200 		.ascii	"PAR\000"
 739 054e 0A       		.byte	0xa
 740 054f EC       		.byte	0xec
 741 0550 11       		.byte	0x11
ARM GAS  /tmp/ccQ4TWpz.s 			page 14


 742 0551 F1000000 		.4byte	0xf1
 743 0555 08       		.byte	0x8
 744 0556 08       		.uleb128 0x8
 745 0557 570F0000 		.4byte	.LASF80
 746 055b 0A       		.byte	0xa
 747 055c ED       		.byte	0xed
 748 055d 11       		.byte	0x11
 749 055e F1000000 		.4byte	0xf1
 750 0562 0C       		.byte	0xc
 751 0563 08       		.uleb128 0x8
 752 0564 08000000 		.4byte	.LASF81
 753 0568 0A       		.byte	0xa
 754 0569 EE       		.byte	0xee
 755 056a 11       		.byte	0x11
 756 056b F1000000 		.4byte	0xf1
 757 056f 10       		.byte	0x10
 758 0570 09       		.uleb128 0x9
 759 0571 46435200 		.ascii	"FCR\000"
 760 0575 0A       		.byte	0xa
 761 0576 EF       		.byte	0xef
 762 0577 11       		.byte	0x11
 763 0578 F1000000 		.4byte	0xf1
 764 057c 14       		.byte	0x14
 765 057d 00       		.byte	0
 766 057e 03       		.uleb128 0x3
 767 057f EA0B0000 		.4byte	.LASF82
 768 0583 0A       		.byte	0xa
 769 0584 F0       		.byte	0xf0
 770 0585 03       		.byte	0x3
 771 0586 27050000 		.4byte	0x527
 772 058a 11       		.uleb128 0x11
 773 058b F1000000 		.4byte	0xf1
 774 058f 9A050000 		.4byte	0x59a
 775 0593 12       		.uleb128 0x12
 776 0594 30000000 		.4byte	0x30
 777 0598 01       		.byte	0x1
 778 0599 00       		.byte	0
 779 059a 06       		.uleb128 0x6
 780 059b 8A050000 		.4byte	0x58a
 781 059f 11       		.uleb128 0x11
 782 05a0 F1000000 		.4byte	0xf1
 783 05a4 AF050000 		.4byte	0x5af
 784 05a8 12       		.uleb128 0x12
 785 05a9 30000000 		.4byte	0x30
 786 05ad 03       		.byte	0x3
 787 05ae 00       		.byte	0
 788 05af 06       		.uleb128 0x6
 789 05b0 9F050000 		.4byte	0x59f
 790 05b4 16       		.uleb128 0x16
 791 05b5 90       		.byte	0x90
 792 05b6 0A       		.byte	0xa
 793 05b7 6201     		.2byte	0x162
 794 05b9 09       		.byte	0x9
 795 05ba 7E070000 		.4byte	0x77e
 796 05be 0A       		.uleb128 0xa
 797 05bf 435200   		.ascii	"CR\000"
 798 05c2 0A       		.byte	0xa
ARM GAS  /tmp/ccQ4TWpz.s 			page 15


 799 05c3 6401     		.2byte	0x164
 800 05c5 11       		.byte	0x11
 801 05c6 F1000000 		.4byte	0xf1
 802 05ca 00       		.byte	0
 803 05cb 0B       		.uleb128 0xb
 804 05cc 78090000 		.4byte	.LASF83
 805 05d0 0A       		.byte	0xa
 806 05d1 6501     		.2byte	0x165
 807 05d3 11       		.byte	0x11
 808 05d4 F1000000 		.4byte	0xf1
 809 05d8 04       		.byte	0x4
 810 05d9 0B       		.uleb128 0xb
 811 05da 01070000 		.4byte	.LASF84
 812 05de 0A       		.byte	0xa
 813 05df 6601     		.2byte	0x166
 814 05e1 11       		.byte	0x11
 815 05e2 F1000000 		.4byte	0xf1
 816 05e6 08       		.byte	0x8
 817 05e7 0A       		.uleb128 0xa
 818 05e8 43495200 		.ascii	"CIR\000"
 819 05ec 0A       		.byte	0xa
 820 05ed 6701     		.2byte	0x167
 821 05ef 11       		.byte	0x11
 822 05f0 F1000000 		.4byte	0xf1
 823 05f4 0C       		.byte	0xc
 824 05f5 0B       		.uleb128 0xb
 825 05f6 CE040000 		.4byte	.LASF85
 826 05fa 0A       		.byte	0xa
 827 05fb 6801     		.2byte	0x168
 828 05fd 11       		.byte	0x11
 829 05fe F1000000 		.4byte	0xf1
 830 0602 10       		.byte	0x10
 831 0603 0B       		.uleb128 0xb
 832 0604 4E0F0000 		.4byte	.LASF86
 833 0608 0A       		.byte	0xa
 834 0609 6901     		.2byte	0x169
 835 060b 11       		.byte	0x11
 836 060c F1000000 		.4byte	0xf1
 837 0610 14       		.byte	0x14
 838 0611 0B       		.uleb128 0xb
 839 0612 3B0C0000 		.4byte	.LASF87
 840 0616 0A       		.byte	0xa
 841 0617 6A01     		.2byte	0x16a
 842 0619 11       		.byte	0x11
 843 061a F1000000 		.4byte	0xf1
 844 061e 18       		.byte	0x18
 845 061f 0B       		.uleb128 0xb
 846 0620 CE030000 		.4byte	.LASF88
 847 0624 0A       		.byte	0xa
 848 0625 6B01     		.2byte	0x16b
 849 0627 11       		.byte	0x11
 850 0628 E5000000 		.4byte	0xe5
 851 062c 1C       		.byte	0x1c
 852 062d 0B       		.uleb128 0xb
 853 062e D20C0000 		.4byte	.LASF89
 854 0632 0A       		.byte	0xa
 855 0633 6C01     		.2byte	0x16c
ARM GAS  /tmp/ccQ4TWpz.s 			page 16


 856 0635 11       		.byte	0x11
 857 0636 F1000000 		.4byte	0xf1
 858 063a 20       		.byte	0x20
 859 063b 0B       		.uleb128 0xb
 860 063c 2C0A0000 		.4byte	.LASF90
 861 0640 0A       		.byte	0xa
 862 0641 6D01     		.2byte	0x16d
 863 0643 11       		.byte	0x11
 864 0644 F1000000 		.4byte	0xf1
 865 0648 24       		.byte	0x24
 866 0649 0B       		.uleb128 0xb
 867 064a D8030000 		.4byte	.LASF91
 868 064e 0A       		.byte	0xa
 869 064f 6E01     		.2byte	0x16e
 870 0651 11       		.byte	0x11
 871 0652 BC040000 		.4byte	0x4bc
 872 0656 28       		.byte	0x28
 873 0657 0B       		.uleb128 0xb
 874 0658 F00E0000 		.4byte	.LASF92
 875 065c 0A       		.byte	0xa
 876 065d 6F01     		.2byte	0x16f
 877 065f 11       		.byte	0x11
 878 0660 F1000000 		.4byte	0xf1
 879 0664 30       		.byte	0x30
 880 0665 0B       		.uleb128 0xb
 881 0666 F5040000 		.4byte	.LASF93
 882 066a 0A       		.byte	0xa
 883 066b 7001     		.2byte	0x170
 884 066d 11       		.byte	0x11
 885 066e F1000000 		.4byte	0xf1
 886 0672 34       		.byte	0x34
 887 0673 0B       		.uleb128 0xb
 888 0674 350F0000 		.4byte	.LASF94
 889 0678 0A       		.byte	0xa
 890 0679 7101     		.2byte	0x171
 891 067b 11       		.byte	0x11
 892 067c F1000000 		.4byte	0xf1
 893 0680 38       		.byte	0x38
 894 0681 0B       		.uleb128 0xb
 895 0682 85040000 		.4byte	.LASF95
 896 0686 0A       		.byte	0xa
 897 0687 7201     		.2byte	0x172
 898 0689 11       		.byte	0x11
 899 068a E5000000 		.4byte	0xe5
 900 068e 3C       		.byte	0x3c
 901 068f 0B       		.uleb128 0xb
 902 0690 FA0C0000 		.4byte	.LASF96
 903 0694 0A       		.byte	0xa
 904 0695 7301     		.2byte	0x173
 905 0697 11       		.byte	0x11
 906 0698 F1000000 		.4byte	0xf1
 907 069c 40       		.byte	0x40
 908 069d 0B       		.uleb128 0xb
 909 069e 10030000 		.4byte	.LASF97
 910 06a2 0A       		.byte	0xa
 911 06a3 7401     		.2byte	0x174
 912 06a5 11       		.byte	0x11
ARM GAS  /tmp/ccQ4TWpz.s 			page 17


 913 06a6 F1000000 		.4byte	0xf1
 914 06aa 44       		.byte	0x44
 915 06ab 0B       		.uleb128 0xb
 916 06ac F0030000 		.4byte	.LASF98
 917 06b0 0A       		.byte	0xa
 918 06b1 7501     		.2byte	0x175
 919 06b3 11       		.byte	0x11
 920 06b4 BC040000 		.4byte	0x4bc
 921 06b8 48       		.byte	0x48
 922 06b9 0B       		.uleb128 0xb
 923 06ba 2F030000 		.4byte	.LASF99
 924 06be 0A       		.byte	0xa
 925 06bf 7601     		.2byte	0x176
 926 06c1 11       		.byte	0x11
 927 06c2 F1000000 		.4byte	0xf1
 928 06c6 50       		.byte	0x50
 929 06c7 0B       		.uleb128 0xb
 930 06c8 2C020000 		.4byte	.LASF100
 931 06cc 0A       		.byte	0xa
 932 06cd 7701     		.2byte	0x177
 933 06cf 11       		.byte	0x11
 934 06d0 F1000000 		.4byte	0xf1
 935 06d4 54       		.byte	0x54
 936 06d5 0B       		.uleb128 0xb
 937 06d6 290E0000 		.4byte	.LASF101
 938 06da 0A       		.byte	0xa
 939 06db 7801     		.2byte	0x178
 940 06dd 11       		.byte	0x11
 941 06de F1000000 		.4byte	0xf1
 942 06e2 58       		.byte	0x58
 943 06e3 0B       		.uleb128 0xb
 944 06e4 FA030000 		.4byte	.LASF102
 945 06e8 0A       		.byte	0xa
 946 06e9 7901     		.2byte	0x179
 947 06eb 11       		.byte	0x11
 948 06ec E5000000 		.4byte	0xe5
 949 06f0 5C       		.byte	0x5c
 950 06f1 0B       		.uleb128 0xb
 951 06f2 AB0B0000 		.4byte	.LASF103
 952 06f6 0A       		.byte	0xa
 953 06f7 7A01     		.2byte	0x17a
 954 06f9 11       		.byte	0x11
 955 06fa F1000000 		.4byte	0xf1
 956 06fe 60       		.byte	0x60
 957 06ff 0B       		.uleb128 0xb
 958 0700 7D0A0000 		.4byte	.LASF104
 959 0704 0A       		.byte	0xa
 960 0705 7B01     		.2byte	0x17b
 961 0707 11       		.byte	0x11
 962 0708 F1000000 		.4byte	0xf1
 963 070c 64       		.byte	0x64
 964 070d 0B       		.uleb128 0xb
 965 070e 04040000 		.4byte	.LASF105
 966 0712 0A       		.byte	0xa
 967 0713 7C01     		.2byte	0x17c
 968 0715 11       		.byte	0x11
 969 0716 BC040000 		.4byte	0x4bc
ARM GAS  /tmp/ccQ4TWpz.s 			page 18


 970 071a 68       		.byte	0x68
 971 071b 0B       		.uleb128 0xb
 972 071c 06060000 		.4byte	.LASF106
 973 0720 0A       		.byte	0xa
 974 0721 7D01     		.2byte	0x17d
 975 0723 11       		.byte	0x11
 976 0724 F1000000 		.4byte	0xf1
 977 0728 70       		.byte	0x70
 978 0729 0A       		.uleb128 0xa
 979 072a 43535200 		.ascii	"CSR\000"
 980 072e 0A       		.byte	0xa
 981 072f 7E01     		.2byte	0x17e
 982 0731 11       		.byte	0x11
 983 0732 F1000000 		.4byte	0xf1
 984 0736 74       		.byte	0x74
 985 0737 0B       		.uleb128 0xb
 986 0738 9B040000 		.4byte	.LASF107
 987 073c 0A       		.byte	0xa
 988 073d 7F01     		.2byte	0x17f
 989 073f 11       		.byte	0x11
 990 0740 BC040000 		.4byte	0x4bc
 991 0744 78       		.byte	0x78
 992 0745 0B       		.uleb128 0xb
 993 0746 060A0000 		.4byte	.LASF108
 994 074a 0A       		.byte	0xa
 995 074b 8001     		.2byte	0x180
 996 074d 11       		.byte	0x11
 997 074e F1000000 		.4byte	0xf1
 998 0752 80       		.byte	0x80
 999 0753 0B       		.uleb128 0xb
 1000 0754 56000000 		.4byte	.LASF109
 1001 0758 0A       		.byte	0xa
 1002 0759 8101     		.2byte	0x181
 1003 075b 11       		.byte	0x11
 1004 075c F1000000 		.4byte	0xf1
 1005 0760 84       		.byte	0x84
 1006 0761 0B       		.uleb128 0xb
 1007 0762 17040000 		.4byte	.LASF110
 1008 0766 0A       		.byte	0xa
 1009 0767 8201     		.2byte	0x182
 1010 0769 11       		.byte	0x11
 1011 076a AC040000 		.4byte	0x4ac
 1012 076e 88       		.byte	0x88
 1013 076f 0B       		.uleb128 0xb
 1014 0770 4F030000 		.4byte	.LASF111
 1015 0774 0A       		.byte	0xa
 1016 0775 8301     		.2byte	0x183
 1017 0777 11       		.byte	0x11
 1018 0778 F1000000 		.4byte	0xf1
 1019 077c 8C       		.byte	0x8c
 1020 077d 00       		.byte	0
 1021 077e 17       		.uleb128 0x17
 1022 077f 790F0000 		.4byte	.LASF112
 1023 0783 0A       		.byte	0xa
 1024 0784 8401     		.2byte	0x184
 1025 0786 03       		.byte	0x3
 1026 0787 B4050000 		.4byte	0x5b4
ARM GAS  /tmp/ccQ4TWpz.s 			page 19


 1027 078b 16       		.uleb128 0x16
 1028 078c 1C       		.byte	0x1c
 1029 078d 0A       		.byte	0xa
 1030 078e 0502     		.2byte	0x205
 1031 0790 09       		.byte	0x9
 1032 0791 F6070000 		.4byte	0x7f6
 1033 0795 0A       		.uleb128 0xa
 1034 0796 535200   		.ascii	"SR\000"
 1035 0799 0A       		.byte	0xa
 1036 079a 0702     		.2byte	0x207
 1037 079c 11       		.byte	0x11
 1038 079d F1000000 		.4byte	0xf1
 1039 07a1 00       		.byte	0
 1040 07a2 0A       		.uleb128 0xa
 1041 07a3 445200   		.ascii	"DR\000"
 1042 07a6 0A       		.byte	0xa
 1043 07a7 0802     		.2byte	0x208
 1044 07a9 11       		.byte	0x11
 1045 07aa F1000000 		.4byte	0xf1
 1046 07ae 04       		.byte	0x4
 1047 07af 0A       		.uleb128 0xa
 1048 07b0 42525200 		.ascii	"BRR\000"
 1049 07b4 0A       		.byte	0xa
 1050 07b5 0902     		.2byte	0x209
 1051 07b7 11       		.byte	0x11
 1052 07b8 F1000000 		.4byte	0xf1
 1053 07bc 08       		.byte	0x8
 1054 07bd 0A       		.uleb128 0xa
 1055 07be 43523100 		.ascii	"CR1\000"
 1056 07c2 0A       		.byte	0xa
 1057 07c3 0A02     		.2byte	0x20a
 1058 07c5 11       		.byte	0x11
 1059 07c6 F1000000 		.4byte	0xf1
 1060 07ca 0C       		.byte	0xc
 1061 07cb 0A       		.uleb128 0xa
 1062 07cc 43523200 		.ascii	"CR2\000"
 1063 07d0 0A       		.byte	0xa
 1064 07d1 0B02     		.2byte	0x20b
 1065 07d3 11       		.byte	0x11
 1066 07d4 F1000000 		.4byte	0xf1
 1067 07d8 10       		.byte	0x10
 1068 07d9 0A       		.uleb128 0xa
 1069 07da 43523300 		.ascii	"CR3\000"
 1070 07de 0A       		.byte	0xa
 1071 07df 0C02     		.2byte	0x20c
 1072 07e1 11       		.byte	0x11
 1073 07e2 F1000000 		.4byte	0xf1
 1074 07e6 14       		.byte	0x14
 1075 07e7 0B       		.uleb128 0xb
 1076 07e8 270A0000 		.4byte	.LASF113
 1077 07ec 0A       		.byte	0xa
 1078 07ed 0D02     		.2byte	0x20d
 1079 07ef 11       		.byte	0x11
 1080 07f0 F1000000 		.4byte	0xf1
 1081 07f4 18       		.byte	0x18
 1082 07f5 00       		.byte	0
 1083 07f6 17       		.uleb128 0x17
ARM GAS  /tmp/ccQ4TWpz.s 			page 20


 1084 07f7 57050000 		.4byte	.LASF114
 1085 07fb 0A       		.byte	0xa
 1086 07fc 0E02     		.2byte	0x20e
 1087 07fe 03       		.byte	0x3
 1088 07ff 8B070000 		.4byte	0x78b
 1089 0803 11       		.uleb128 0x11
 1090 0804 F1000000 		.4byte	0xf1
 1091 0808 13080000 		.4byte	0x813
 1092 080c 12       		.uleb128 0x12
 1093 080d 30000000 		.4byte	0x30
 1094 0811 0E       		.byte	0xe
 1095 0812 00       		.byte	0
 1096 0813 06       		.uleb128 0x6
 1097 0814 03080000 		.4byte	0x803
 1098 0818 03       		.uleb128 0x3
 1099 0819 4C050000 		.4byte	.LASF115
 1100 081d 0B       		.byte	0xb
 1101 081e 68       		.byte	0x68
 1102 081f 12       		.byte	0x12
 1103 0820 F6000000 		.4byte	0xf6
 1104 0824 0D       		.uleb128 0xd
 1105 0825 810C0000 		.4byte	.LASF116
 1106 0829 24       		.byte	0x24
 1107 082a 0C       		.byte	0xc
 1108 082b 8501     		.2byte	0x185
 1109 082d 08       		.byte	0x8
 1110 082e AA080000 		.4byte	0x8aa
 1111 0832 0A       		.uleb128 0xa
 1112 0833 723400   		.ascii	"r4\000"
 1113 0836 0C       		.byte	0xc
 1114 0837 9E01     		.2byte	0x19e
 1115 0839 11       		.byte	0x11
 1116 083a E5000000 		.4byte	0xe5
 1117 083e 00       		.byte	0
 1118 083f 0A       		.uleb128 0xa
 1119 0840 723500   		.ascii	"r5\000"
 1120 0843 0C       		.byte	0xc
 1121 0844 9F01     		.2byte	0x19f
 1122 0846 11       		.byte	0x11
 1123 0847 E5000000 		.4byte	0xe5
 1124 084b 04       		.byte	0x4
 1125 084c 0A       		.uleb128 0xa
 1126 084d 723600   		.ascii	"r6\000"
 1127 0850 0C       		.byte	0xc
 1128 0851 A001     		.2byte	0x1a0
 1129 0853 11       		.byte	0x11
 1130 0854 E5000000 		.4byte	0xe5
 1131 0858 08       		.byte	0x8
 1132 0859 0A       		.uleb128 0xa
 1133 085a 723700   		.ascii	"r7\000"
 1134 085d 0C       		.byte	0xc
 1135 085e A101     		.2byte	0x1a1
 1136 0860 11       		.byte	0x11
 1137 0861 E5000000 		.4byte	0xe5
 1138 0865 0C       		.byte	0xc
 1139 0866 0A       		.uleb128 0xa
 1140 0867 723800   		.ascii	"r8\000"
ARM GAS  /tmp/ccQ4TWpz.s 			page 21


 1141 086a 0C       		.byte	0xc
 1142 086b A201     		.2byte	0x1a2
 1143 086d 11       		.byte	0x11
 1144 086e E5000000 		.4byte	0xe5
 1145 0872 10       		.byte	0x10
 1146 0873 0A       		.uleb128 0xa
 1147 0874 723900   		.ascii	"r9\000"
 1148 0877 0C       		.byte	0xc
 1149 0878 A301     		.2byte	0x1a3
 1150 087a 11       		.byte	0x11
 1151 087b E5000000 		.4byte	0xe5
 1152 087f 14       		.byte	0x14
 1153 0880 0A       		.uleb128 0xa
 1154 0881 72313000 		.ascii	"r10\000"
 1155 0885 0C       		.byte	0xc
 1156 0886 A401     		.2byte	0x1a4
 1157 0888 11       		.byte	0x11
 1158 0889 E5000000 		.4byte	0xe5
 1159 088d 18       		.byte	0x18
 1160 088e 0A       		.uleb128 0xa
 1161 088f 72313100 		.ascii	"r11\000"
 1162 0893 0C       		.byte	0xc
 1163 0894 A501     		.2byte	0x1a5
 1164 0896 11       		.byte	0x11
 1165 0897 E5000000 		.4byte	0xe5
 1166 089b 1C       		.byte	0x1c
 1167 089c 0A       		.uleb128 0xa
 1168 089d 6C7200   		.ascii	"lr\000"
 1169 08a0 0C       		.byte	0xc
 1170 08a1 A601     		.2byte	0x1a6
 1171 08a3 11       		.byte	0x11
 1172 08a4 E5000000 		.4byte	0xe5
 1173 08a8 20       		.byte	0x20
 1174 08a9 00       		.byte	0
 1175 08aa 0D       		.uleb128 0xd
 1176 08ab E6100000 		.4byte	.LASF117
 1177 08af 04       		.byte	0x4
 1178 08b0 0C       		.byte	0xc
 1179 08b1 A901     		.2byte	0x1a9
 1180 08b3 08       		.byte	0x8
 1181 08b4 C6080000 		.4byte	0x8c6
 1182 08b8 0A       		.uleb128 0xa
 1183 08b9 737000   		.ascii	"sp\000"
 1184 08bc 0C       		.byte	0xc
 1185 08bd AA01     		.2byte	0x1aa
 1186 08bf 1A       		.byte	0x1a
 1187 08c0 C6080000 		.4byte	0x8c6
 1188 08c4 00       		.byte	0
 1189 08c5 00       		.byte	0
 1190 08c6 0C       		.uleb128 0xc
 1191 08c7 04       		.byte	0x4
 1192 08c8 24080000 		.4byte	0x824
 1193 08cc 15       		.uleb128 0x15
 1194 08cd 04       		.byte	0x4
 1195 08ce 0D       		.byte	0xd
 1196 08cf 38       		.byte	0x38
 1197 08d0 09       		.byte	0x9
ARM GAS  /tmp/ccQ4TWpz.s 			page 22


 1198 08d1 E3080000 		.4byte	0x8e3
 1199 08d5 08       		.uleb128 0x8
 1200 08d6 A40B0000 		.4byte	.LASF118
 1201 08da 0D       		.byte	0xd
 1202 08db 3C       		.byte	0x3c
 1203 08dc 19       		.byte	0x19
 1204 08dd 02010000 		.4byte	0x102
 1205 08e1 00       		.byte	0
 1206 08e2 00       		.byte	0
 1207 08e3 03       		.uleb128 0x3
 1208 08e4 3D0F0000 		.4byte	.LASF119
 1209 08e8 0D       		.byte	0xd
 1210 08e9 3D       		.byte	0x3d
 1211 08ea 03       		.byte	0x3
 1212 08eb CC080000 		.4byte	0x8cc
 1213 08ef 18       		.uleb128 0x18
 1214 08f0 04       		.byte	0x4
 1215 08f1 06       		.byte	0x6
 1216 08f2 C9       		.byte	0xc9
 1217 08f3 03       		.byte	0x3
 1218 08f4 5A090000 		.4byte	0x95a
 1219 08f8 19       		.uleb128 0x19
 1220 08f9 5B120000 		.4byte	.LASF120
 1221 08fd 06       		.byte	0x6
 1222 08fe D0       		.byte	0xd0
 1223 08ff 19       		.byte	0x19
 1224 0900 3E010000 		.4byte	0x13e
 1225 0904 19       		.uleb128 0x19
 1226 0905 04020000 		.4byte	.LASF121
 1227 0909 06       		.byte	0x6
 1228 090a D7       		.byte	0xd7
 1229 090b 19       		.byte	0x19
 1230 090c 3E010000 		.4byte	0x13e
 1231 0910 19       		.uleb128 0x19
 1232 0911 07050000 		.4byte	.LASF122
 1233 0915 06       		.byte	0x6
 1234 0916 DE       		.byte	0xde
 1235 0917 1A       		.byte	0x1a
 1236 0918 55030000 		.4byte	0x355
 1237 091c 19       		.uleb128 0x19
 1238 091d BD030000 		.4byte	.LASF123
 1239 0921 06       		.byte	0x6
 1240 0922 E5       		.byte	0xe5
 1241 0923 1A       		.byte	0x1a
 1242 0924 5A090000 		.4byte	0x95a
 1243 0928 19       		.uleb128 0x19
 1244 0929 790C0000 		.4byte	.LASF124
 1245 092d 06       		.byte	0x6
 1246 092e EA       		.byte	0xea
 1247 092f 19       		.byte	0x19
 1248 0930 3E010000 		.4byte	0x13e
 1249 0934 19       		.uleb128 0x19
 1250 0935 39000000 		.4byte	.LASF125
 1251 0939 06       		.byte	0x6
 1252 093a F3       		.byte	0xf3
 1253 093b 1A       		.byte	0x1a
 1254 093c 88090000 		.4byte	0x988
ARM GAS  /tmp/ccQ4TWpz.s 			page 23


 1255 0940 19       		.uleb128 0x19
 1256 0941 C2060000 		.4byte	.LASF126
 1257 0945 06       		.byte	0x6
 1258 0946 FC       		.byte	0xfc
 1259 0947 1A       		.byte	0x1a
 1260 0948 C3090000 		.4byte	0x9c3
 1261 094c 1A       		.uleb128 0x1a
 1262 094d 73030000 		.4byte	.LASF127
 1263 0951 06       		.byte	0x6
 1264 0952 0401     		.2byte	0x104
 1265 0954 19       		.byte	0x19
 1266 0955 4A010000 		.4byte	0x14a
 1267 0959 00       		.byte	0
 1268 095a 0C       		.uleb128 0xc
 1269 095b 04       		.byte	0x4
 1270 095c 6A020000 		.4byte	0x26a
 1271 0960 07       		.uleb128 0x7
 1272 0961 E0070000 		.4byte	.LASF128
 1273 0965 0C       		.byte	0xc
 1274 0966 0E       		.byte	0xe
 1275 0967 34       		.byte	0x34
 1276 0968 10       		.byte	0x10
 1277 0969 88090000 		.4byte	0x988
 1278 096d 08       		.uleb128 0x8
 1279 096e E00D0000 		.4byte	.LASF31
 1280 0972 0E       		.byte	0xe
 1281 0973 35       		.byte	0x35
 1282 0974 19       		.byte	0x19
 1283 0975 A3020000 		.4byte	0x2a3
 1284 0979 00       		.byte	0
 1285 097a 09       		.uleb128 0x9
 1286 097b 636E7400 		.ascii	"cnt\000"
 1287 097f 0E       		.byte	0xe
 1288 0980 37       		.byte	0x37
 1289 0981 19       		.byte	0x19
 1290 0982 56010000 		.4byte	0x156
 1291 0986 08       		.byte	0x8
 1292 0987 00       		.byte	0
 1293 0988 0C       		.uleb128 0xc
 1294 0989 04       		.byte	0x4
 1295 098a 60090000 		.4byte	0x960
 1296 098e 07       		.uleb128 0x7
 1297 098f B40F0000 		.4byte	.LASF129
 1298 0993 10       		.byte	0x10
 1299 0994 0F       		.byte	0xf
 1300 0995 39       		.byte	0x39
 1301 0996 08       		.byte	0x8
 1302 0997 C3090000 		.4byte	0x9c3
 1303 099b 08       		.uleb128 0x8
 1304 099c E00D0000 		.4byte	.LASF31
 1305 09a0 0F       		.byte	0xf
 1306 09a1 3A       		.byte	0x3a
 1307 09a2 19       		.byte	0x19
 1308 09a3 A3020000 		.4byte	0x2a3
 1309 09a7 00       		.byte	0
 1310 09a8 08       		.uleb128 0x8
 1311 09a9 61000000 		.4byte	.LASF130
ARM GAS  /tmp/ccQ4TWpz.s 			page 24


 1312 09ad 0F       		.byte	0xf
 1313 09ae 3C       		.byte	0x3c
 1314 09af 1A       		.byte	0x1a
 1315 09b0 76020000 		.4byte	0x276
 1316 09b4 08       		.byte	0x8
 1317 09b5 08       		.uleb128 0x8
 1318 09b6 21130000 		.4byte	.LASF50
 1319 09ba 0F       		.byte	0xf
 1320 09bb 3E       		.byte	0x3e
 1321 09bc 1A       		.byte	0x1a
 1322 09bd 3D0B0000 		.4byte	0xb3d
 1323 09c1 0C       		.byte	0xc
 1324 09c2 00       		.byte	0
 1325 09c3 0C       		.uleb128 0xc
 1326 09c4 04       		.byte	0x4
 1327 09c5 8E090000 		.4byte	0x98e
 1328 09c9 0C       		.uleb128 0xc
 1329 09ca 04       		.byte	0x4
 1330 09cb DB090000 		.4byte	0x9db
 1331 09cf 06       		.uleb128 0x6
 1332 09d0 C9090000 		.4byte	0x9c9
 1333 09d4 04       		.uleb128 0x4
 1334 09d5 01       		.byte	0x1
 1335 09d6 08       		.byte	0x8
 1336 09d7 C4040000 		.4byte	.LASF131
 1337 09db 05       		.uleb128 0x5
 1338 09dc D4090000 		.4byte	0x9d4
 1339 09e0 0C       		.uleb128 0xc
 1340 09e1 04       		.byte	0x4
 1341 09e2 18080000 		.4byte	0x818
 1342 09e6 0C       		.uleb128 0xc
 1343 09e7 04       		.byte	0x4
 1344 09e8 57030000 		.4byte	0x357
 1345 09ec 1B       		.uleb128 0x1b
 1346 09ed 636800   		.ascii	"ch\000"
 1347 09f0 06       		.byte	0x6
 1348 09f1 C801     		.2byte	0x1c8
 1349 09f3 14       		.byte	0x14
 1350 09f4 34040000 		.4byte	0x434
 1351 09f8 11       		.uleb128 0x11
 1352 09f9 18080000 		.4byte	0x818
 1353 09fd 030A0000 		.4byte	0xa03
 1354 0a01 1C       		.uleb128 0x1c
 1355 0a02 00       		.byte	0
 1356 0a03 13       		.uleb128 0x13
 1357 0a04 23080000 		.4byte	.LASF132
 1358 0a08 10       		.byte	0x10
 1359 0a09 1701     		.2byte	0x117
 1360 0a0b 13       		.byte	0x13
 1361 0a0c F8090000 		.4byte	0x9f8
 1362 0a10 15       		.uleb128 0x15
 1363 0a11 16       		.byte	0x16
 1364 0a12 11       		.byte	0x11
 1365 0a13 34       		.byte	0x34
 1366 0a14 09       		.byte	0x9
 1367 0a15 040B0000 		.4byte	0xb04
 1368 0a19 08       		.uleb128 0x8
ARM GAS  /tmp/ccQ4TWpz.s 			page 25


 1369 0a1a 3E130000 		.4byte	.LASF133
 1370 0a1e 11       		.byte	0x11
 1371 0a1f 35       		.byte	0x35
 1372 0a20 0D       		.byte	0xd
 1373 0a21 040B0000 		.4byte	0xb04
 1374 0a25 00       		.byte	0
 1375 0a26 08       		.uleb128 0x8
 1376 0a27 A6020000 		.4byte	.LASF134
 1377 0a2b 11       		.byte	0x11
 1378 0a2c 36       		.byte	0x36
 1379 0a2d 0D       		.byte	0xd
 1380 0a2e B2000000 		.4byte	0xb2
 1381 0a32 04       		.byte	0x4
 1382 0a33 08       		.uleb128 0x8
 1383 0a34 2C0D0000 		.4byte	.LASF135
 1384 0a38 11       		.byte	0x11
 1385 0a39 37       		.byte	0x37
 1386 0a3a 0D       		.byte	0xd
 1387 0a3b B2000000 		.4byte	0xb2
 1388 0a3f 05       		.byte	0x5
 1389 0a40 08       		.uleb128 0x8
 1390 0a41 210E0000 		.4byte	.LASF136
 1391 0a45 11       		.byte	0x11
 1392 0a46 38       		.byte	0x38
 1393 0a47 0D       		.byte	0xd
 1394 0a48 C3000000 		.4byte	0xc3
 1395 0a4c 06       		.byte	0x6
 1396 0a4d 08       		.uleb128 0x8
 1397 0a4e B7050000 		.4byte	.LASF137
 1398 0a52 11       		.byte	0x11
 1399 0a53 39       		.byte	0x39
 1400 0a54 0D       		.byte	0xd
 1401 0a55 B2000000 		.4byte	0xb2
 1402 0a59 08       		.byte	0x8
 1403 0a5a 08       		.uleb128 0x8
 1404 0a5b BF120000 		.4byte	.LASF138
 1405 0a5f 11       		.byte	0x11
 1406 0a60 3A       		.byte	0x3a
 1407 0a61 0D       		.byte	0xd
 1408 0a62 B2000000 		.4byte	0xb2
 1409 0a66 09       		.byte	0x9
 1410 0a67 08       		.uleb128 0x8
 1411 0a68 96070000 		.4byte	.LASF139
 1412 0a6c 11       		.byte	0x11
 1413 0a6d 3B       		.byte	0x3b
 1414 0a6e 0D       		.byte	0xd
 1415 0a6f B2000000 		.4byte	0xb2
 1416 0a73 0A       		.byte	0xa
 1417 0a74 08       		.uleb128 0x8
 1418 0a75 27000000 		.4byte	.LASF140
 1419 0a79 11       		.byte	0x11
 1420 0a7a 3C       		.byte	0x3c
 1421 0a7b 0D       		.byte	0xd
 1422 0a7c B2000000 		.4byte	0xb2
 1423 0a80 0B       		.byte	0xb
 1424 0a81 08       		.uleb128 0x8
 1425 0a82 00000000 		.4byte	.LASF141
ARM GAS  /tmp/ccQ4TWpz.s 			page 26


 1426 0a86 11       		.byte	0x11
 1427 0a87 3D       		.byte	0x3d
 1428 0a88 0D       		.byte	0xd
 1429 0a89 B2000000 		.4byte	0xb2
 1430 0a8d 0C       		.byte	0xc
 1431 0a8e 08       		.uleb128 0x8
 1432 0a8f A20A0000 		.4byte	.LASF142
 1433 0a93 11       		.byte	0x11
 1434 0a94 3E       		.byte	0x3e
 1435 0a95 0D       		.byte	0xd
 1436 0a96 B2000000 		.4byte	0xb2
 1437 0a9a 0D       		.byte	0xd
 1438 0a9b 08       		.uleb128 0x8
 1439 0a9c E9010000 		.4byte	.LASF143
 1440 0aa0 11       		.byte	0x11
 1441 0aa1 3F       		.byte	0x3f
 1442 0aa2 0D       		.byte	0xd
 1443 0aa3 B2000000 		.4byte	0xb2
 1444 0aa7 0E       		.byte	0xe
 1445 0aa8 08       		.uleb128 0x8
 1446 0aa9 880D0000 		.4byte	.LASF144
 1447 0aad 11       		.byte	0x11
 1448 0aae 40       		.byte	0x40
 1449 0aaf 0D       		.byte	0xd
 1450 0ab0 B2000000 		.4byte	0xb2
 1451 0ab4 0F       		.byte	0xf
 1452 0ab5 08       		.uleb128 0x8
 1453 0ab6 E8080000 		.4byte	.LASF145
 1454 0aba 11       		.byte	0x11
 1455 0abb 41       		.byte	0x41
 1456 0abc 0D       		.byte	0xd
 1457 0abd B2000000 		.4byte	0xb2
 1458 0ac1 10       		.byte	0x10
 1459 0ac2 08       		.uleb128 0x8
 1460 0ac3 72070000 		.4byte	.LASF146
 1461 0ac7 11       		.byte	0x11
 1462 0ac8 42       		.byte	0x42
 1463 0ac9 0D       		.byte	0xd
 1464 0aca B2000000 		.4byte	0xb2
 1465 0ace 11       		.byte	0x11
 1466 0acf 08       		.uleb128 0x8
 1467 0ad0 06130000 		.4byte	.LASF147
 1468 0ad4 11       		.byte	0x11
 1469 0ad5 43       		.byte	0x43
 1470 0ad6 0D       		.byte	0xd
 1471 0ad7 B2000000 		.4byte	0xb2
 1472 0adb 12       		.byte	0x12
 1473 0adc 08       		.uleb128 0x8
 1474 0add 37050000 		.4byte	.LASF148
 1475 0ae1 11       		.byte	0x11
 1476 0ae2 44       		.byte	0x44
 1477 0ae3 0D       		.byte	0xd
 1478 0ae4 B2000000 		.4byte	0xb2
 1479 0ae8 13       		.byte	0x13
 1480 0ae9 08       		.uleb128 0x8
 1481 0aea 4A000000 		.4byte	.LASF149
 1482 0aee 11       		.byte	0x11
ARM GAS  /tmp/ccQ4TWpz.s 			page 27


 1483 0aef 45       		.byte	0x45
 1484 0af0 0D       		.byte	0xd
 1485 0af1 B2000000 		.4byte	0xb2
 1486 0af5 14       		.byte	0x14
 1487 0af6 08       		.uleb128 0x8
 1488 0af7 3B060000 		.4byte	.LASF150
 1489 0afb 11       		.byte	0x11
 1490 0afc 46       		.byte	0x46
 1491 0afd 0D       		.byte	0xd
 1492 0afe B2000000 		.4byte	0xb2
 1493 0b02 15       		.byte	0x15
 1494 0b03 00       		.byte	0
 1495 0b04 11       		.uleb128 0x11
 1496 0b05 D4090000 		.4byte	0x9d4
 1497 0b09 140B0000 		.4byte	0xb14
 1498 0b0d 12       		.uleb128 0x12
 1499 0b0e 30000000 		.4byte	0x30
 1500 0b12 03       		.byte	0x3
 1501 0b13 00       		.byte	0
 1502 0b14 03       		.uleb128 0x3
 1503 0b15 98120000 		.4byte	.LASF151
 1504 0b19 11       		.byte	0x11
 1505 0b1a 47       		.byte	0x47
 1506 0b1b 03       		.byte	0x3
 1507 0b1c 100A0000 		.4byte	0xa10
 1508 0b20 05       		.uleb128 0x5
 1509 0b21 140B0000 		.4byte	0xb14
 1510 0b25 14       		.uleb128 0x14
 1511 0b26 6F000000 		.4byte	.LASF152
 1512 0b2a 11       		.byte	0x11
 1513 0b2b 6C       		.byte	0x6c
 1514 0b2c 1D       		.byte	0x1d
 1515 0b2d 200B0000 		.4byte	0xb20
 1516 0b31 03       		.uleb128 0x3
 1517 0b32 CE100000 		.4byte	.LASF153
 1518 0b36 0F       		.byte	0xf
 1519 0b37 34       		.byte	0x34
 1520 0b38 19       		.byte	0x19
 1521 0b39 8E090000 		.4byte	0x98e
 1522 0b3d 0C       		.uleb128 0xc
 1523 0b3e 04       		.byte	0x4
 1524 0b3f 310B0000 		.4byte	0xb31
 1525 0b43 04       		.uleb128 0x4
 1526 0b44 01       		.byte	0x1
 1527 0b45 02       		.byte	0x2
 1528 0b46 7F040000 		.4byte	.LASF154
 1529 0b4a 03       		.uleb128 0x3
 1530 0b4b 220C0000 		.4byte	.LASF155
 1531 0b4f 12       		.byte	0x12
 1532 0b50 47       		.byte	0x47
 1533 0b51 11       		.byte	0x11
 1534 0b52 560B0000 		.4byte	0xb56
 1535 0b56 0C       		.uleb128 0xc
 1536 0b57 04       		.byte	0x4
 1537 0b58 5C0B0000 		.4byte	0xb5c
 1538 0b5c 1D       		.uleb128 0x1d
 1539 0b5d 55030000 		.4byte	0x355
ARM GAS  /tmp/ccQ4TWpz.s 			page 28


 1540 0b61 700B0000 		.4byte	0xb70
 1541 0b65 0F       		.uleb128 0xf
 1542 0b66 24000000 		.4byte	0x24
 1543 0b6a 0F       		.uleb128 0xf
 1544 0b6b 30000000 		.4byte	0x30
 1545 0b6f 00       		.byte	0
 1546 0b70 15       		.uleb128 0x15
 1547 0b71 08       		.byte	0x8
 1548 0b72 12       		.byte	0x12
 1549 0b73 51       		.byte	0x51
 1550 0b74 09       		.byte	0x9
 1551 0b75 940B0000 		.4byte	0xb94
 1552 0b79 08       		.uleb128 0x8
 1553 0b7a DE100000 		.4byte	.LASF156
 1554 0b7e 12       		.byte	0x12
 1555 0b7f 55       		.byte	0x55
 1556 0b80 0C       		.byte	0xc
 1557 0b81 940B0000 		.4byte	0xb94
 1558 0b85 00       		.byte	0
 1559 0b86 08       		.uleb128 0x8
 1560 0b87 B8080000 		.4byte	.LASF157
 1561 0b8b 12       		.byte	0x12
 1562 0b8c 59       		.byte	0x59
 1563 0b8d 0C       		.byte	0xc
 1564 0b8e 940B0000 		.4byte	0xb94
 1565 0b92 04       		.byte	0x4
 1566 0b93 00       		.byte	0
 1567 0b94 0C       		.uleb128 0xc
 1568 0b95 04       		.byte	0x4
 1569 0b96 B2000000 		.4byte	0xb2
 1570 0b9a 03       		.uleb128 0x3
 1571 0b9b 5D030000 		.4byte	.LASF158
 1572 0b9f 12       		.byte	0x12
 1573 0ba0 5A       		.byte	0x5a
 1574 0ba1 03       		.byte	0x3
 1575 0ba2 700B0000 		.4byte	0xb70
 1576 0ba6 14       		.uleb128 0x14
 1577 0ba7 FB120000 		.4byte	.LASF159
 1578 0bab 12       		.byte	0x12
 1579 0bac 75       		.byte	0x75
 1580 0bad 12       		.byte	0x12
 1581 0bae 9A0B0000 		.4byte	0xb9a
 1582 0bb2 07       		.uleb128 0x7
 1583 0bb3 F5080000 		.4byte	.LASF160
 1584 0bb7 04       		.byte	0x4
 1585 0bb8 13       		.byte	0x13
 1586 0bb9 38       		.byte	0x38
 1587 0bba 08       		.byte	0x8
 1588 0bbb CD0B0000 		.4byte	0xbcd
 1589 0bbf 08       		.uleb128 0x8
 1590 0bc0 21130000 		.4byte	.LASF50
 1591 0bc4 13       		.byte	0x13
 1592 0bc5 39       		.byte	0x39
 1593 0bc6 1A       		.byte	0x1a
 1594 0bc7 CD0B0000 		.4byte	0xbcd
 1595 0bcb 00       		.byte	0
 1596 0bcc 00       		.byte	0
ARM GAS  /tmp/ccQ4TWpz.s 			page 29


 1597 0bcd 0C       		.uleb128 0xc
 1598 0bce 04       		.byte	0x4
 1599 0bcf B20B0000 		.4byte	0xbb2
 1600 0bd3 15       		.uleb128 0x15
 1601 0bd4 10       		.byte	0x10
 1602 0bd5 13       		.byte	0x13
 1603 0bd6 40       		.byte	0x40
 1604 0bd7 09       		.byte	0x9
 1605 0bd8 110C0000 		.4byte	0xc11
 1606 0bdc 08       		.uleb128 0x8
 1607 0bdd 21130000 		.4byte	.LASF50
 1608 0be1 13       		.byte	0x13
 1609 0be2 41       		.byte	0x41
 1610 0be3 1A       		.byte	0x1a
 1611 0be4 CD0B0000 		.4byte	0xbcd
 1612 0be8 00       		.byte	0
 1613 0be9 08       		.uleb128 0x8
 1614 0bea 63100000 		.4byte	.LASF161
 1615 0bee 13       		.byte	0x13
 1616 0bef 42       		.byte	0x42
 1617 0bf0 19       		.byte	0x19
 1618 0bf1 24000000 		.4byte	0x24
 1619 0bf5 04       		.byte	0x4
 1620 0bf6 08       		.uleb128 0x8
 1621 0bf7 4E0A0000 		.4byte	.LASF162
 1622 0bfb 13       		.byte	0x13
 1623 0bfc 44       		.byte	0x44
 1624 0bfd 19       		.byte	0x19
 1625 0bfe 30000000 		.4byte	0x30
 1626 0c02 08       		.byte	0x8
 1627 0c03 08       		.uleb128 0x8
 1628 0c04 78000000 		.4byte	.LASF163
 1629 0c08 13       		.byte	0x13
 1630 0c09 45       		.byte	0x45
 1631 0c0a 19       		.byte	0x19
 1632 0c0b 4A0B0000 		.4byte	0xb4a
 1633 0c0f 0C       		.byte	0xc
 1634 0c10 00       		.byte	0
 1635 0c11 03       		.uleb128 0x3
 1636 0c12 9F0E0000 		.4byte	.LASF164
 1637 0c16 13       		.byte	0x13
 1638 0c17 47       		.byte	0x47
 1639 0c18 03       		.byte	0x3
 1640 0c19 D30B0000 		.4byte	0xbd3
 1641 0c1d 07       		.uleb128 0x7
 1642 0c1e 5F010000 		.4byte	.LASF165
 1643 0c22 10       		.byte	0x10
 1644 0c23 14       		.byte	0x14
 1645 0c24 A9       		.byte	0xa9
 1646 0c25 10       		.byte	0x10
 1647 0c26 520C0000 		.4byte	0xc52
 1648 0c2a 08       		.uleb128 0x8
 1649 0c2b 21130000 		.4byte	.LASF50
 1650 0c2f 14       		.byte	0x14
 1651 0c30 AD       		.byte	0xad
 1652 0c31 1A       		.byte	0x1a
 1653 0c32 520C0000 		.4byte	0xc52
ARM GAS  /tmp/ccQ4TWpz.s 			page 30


 1654 0c36 00       		.byte	0
 1655 0c37 08       		.uleb128 0x8
 1656 0c38 DB0D0000 		.4byte	.LASF39
 1657 0c3c 14       		.byte	0x14
 1658 0c3d B1       		.byte	0xb1
 1659 0c3e 19       		.byte	0x19
 1660 0c3f 62010000 		.4byte	0x162
 1661 0c43 04       		.byte	0x4
 1662 0c44 08       		.uleb128 0x8
 1663 0c45 5C0F0000 		.4byte	.LASF35
 1664 0c49 14       		.byte	0x14
 1665 0c4a B3       		.byte	0xb3
 1666 0c4b 19       		.byte	0x19
 1667 0c4c 580C0000 		.4byte	0xc58
 1668 0c50 08       		.byte	0x8
 1669 0c51 00       		.byte	0
 1670 0c52 0C       		.uleb128 0xc
 1671 0c53 04       		.byte	0x4
 1672 0c54 1D0C0000 		.4byte	0xc1d
 1673 0c58 11       		.uleb128 0x11
 1674 0c59 D4090000 		.4byte	0x9d4
 1675 0c5d 680C0000 		.4byte	0xc68
 1676 0c61 12       		.uleb128 0x12
 1677 0c62 30000000 		.4byte	0x30
 1678 0c66 07       		.byte	0x7
 1679 0c67 00       		.byte	0
 1680 0c68 03       		.uleb128 0x3
 1681 0c69 C0100000 		.4byte	.LASF166
 1682 0c6d 14       		.byte	0x14
 1683 0c6e B7       		.byte	0xb7
 1684 0c6f 03       		.byte	0x3
 1685 0c70 1D0C0000 		.4byte	0xc1d
 1686 0c74 07       		.uleb128 0x7
 1687 0c75 32130000 		.4byte	.LASF167
 1688 0c79 04       		.byte	0x4
 1689 0c7a 14       		.byte	0x14
 1690 0c7b BC       		.byte	0xbc
 1691 0c7c 10       		.byte	0x10
 1692 0c7d 8F0C0000 		.4byte	0xc8f
 1693 0c81 08       		.uleb128 0x8
 1694 0c82 21130000 		.4byte	.LASF50
 1695 0c86 14       		.byte	0x14
 1696 0c87 BD       		.byte	0xbd
 1697 0c88 1A       		.byte	0x1a
 1698 0c89 8F0C0000 		.4byte	0xc8f
 1699 0c8d 00       		.byte	0
 1700 0c8e 00       		.byte	0
 1701 0c8f 0C       		.uleb128 0xc
 1702 0c90 04       		.byte	0x4
 1703 0c91 680C0000 		.4byte	0xc68
 1704 0c95 03       		.uleb128 0x3
 1705 0c96 1A100000 		.4byte	.LASF168
 1706 0c9a 14       		.byte	0x14
 1707 0c9b BE       		.byte	0xbe
 1708 0c9c 03       		.byte	0x3
 1709 0c9d 740C0000 		.4byte	0xc74
 1710 0ca1 0D       		.uleb128 0xd
ARM GAS  /tmp/ccQ4TWpz.s 			page 31


 1711 0ca2 0C0A0000 		.4byte	.LASF169
 1712 0ca6 48       		.byte	0x48
 1713 0ca7 14       		.byte	0x14
 1714 0ca8 2001     		.2byte	0x120
 1715 0caa 10       		.byte	0x10
 1716 0cab 2E0D0000 		.4byte	0xd2e
 1717 0caf 0A       		.uleb128 0xa
 1718 0cb0 6D747800 		.ascii	"mtx\000"
 1719 0cb4 14       		.byte	0x14
 1720 0cb5 2501     		.2byte	0x125
 1721 0cb7 19       		.byte	0x19
 1722 0cb8 310B0000 		.4byte	0xb31
 1723 0cbc 00       		.byte	0
 1724 0cbd 0B       		.uleb128 0xb
 1725 0cbe BF010000 		.4byte	.LASF170
 1726 0cc2 14       		.byte	0x14
 1727 0cc3 2C01     		.2byte	0x12c
 1728 0cc5 19       		.byte	0x19
 1729 0cc6 950C0000 		.4byte	0xc95
 1730 0cca 10       		.byte	0x10
 1731 0ccb 0B       		.uleb128 0xb
 1732 0ccc 18030000 		.4byte	.LASF171
 1733 0cd0 14       		.byte	0x14
 1734 0cd1 3001     		.2byte	0x130
 1735 0cd3 19       		.byte	0x19
 1736 0cd4 110C0000 		.4byte	0xc11
 1737 0cd8 14       		.byte	0x14
 1738 0cd9 0B       		.uleb128 0xb
 1739 0cda A90C0000 		.4byte	.LASF172
 1740 0cde 14       		.byte	0x14
 1741 0cdf 3501     		.2byte	0x135
 1742 0ce1 19       		.byte	0x19
 1743 0ce2 950C0000 		.4byte	0xc95
 1744 0ce6 24       		.byte	0x24
 1745 0ce7 0B       		.uleb128 0xb
 1746 0ce8 D7040000 		.4byte	.LASF173
 1747 0cec 14       		.byte	0x14
 1748 0ced 3B01     		.2byte	0x13b
 1749 0cef 19       		.byte	0x19
 1750 0cf0 950C0000 		.4byte	0xc95
 1751 0cf4 28       		.byte	0x28
 1752 0cf5 0B       		.uleb128 0xb
 1753 0cf6 F0060000 		.4byte	.LASF174
 1754 0cfa 14       		.byte	0x14
 1755 0cfb 3F01     		.2byte	0x13f
 1756 0cfd 19       		.byte	0x19
 1757 0cfe 110C0000 		.4byte	0xc11
 1758 0d02 2C       		.byte	0x2c
 1759 0d03 0B       		.uleb128 0xb
 1760 0d04 FF0D0000 		.4byte	.LASF175
 1761 0d08 14       		.byte	0x14
 1762 0d09 4501     		.2byte	0x145
 1763 0d0b 19       		.byte	0x19
 1764 0d0c 950C0000 		.4byte	0xc95
 1765 0d10 3C       		.byte	0x3c
 1766 0d11 0B       		.uleb128 0xb
 1767 0d12 6E080000 		.4byte	.LASF176
ARM GAS  /tmp/ccQ4TWpz.s 			page 32


 1768 0d16 14       		.byte	0x14
 1769 0d17 4B01     		.2byte	0x14b
 1770 0d19 19       		.byte	0x19
 1771 0d1a 950C0000 		.4byte	0xc95
 1772 0d1e 40       		.byte	0x40
 1773 0d1f 0B       		.uleb128 0xb
 1774 0d20 62060000 		.4byte	.LASF177
 1775 0d24 14       		.byte	0x14
 1776 0d25 5101     		.2byte	0x151
 1777 0d27 19       		.byte	0x19
 1778 0d28 950C0000 		.4byte	0xc95
 1779 0d2c 44       		.byte	0x44
 1780 0d2d 00       		.byte	0
 1781 0d2e 17       		.uleb128 0x17
 1782 0d2f 8D0C0000 		.4byte	.LASF178
 1783 0d33 14       		.byte	0x14
 1784 0d34 5301     		.2byte	0x153
 1785 0d36 03       		.byte	0x3
 1786 0d37 A10C0000 		.4byte	0xca1
 1787 0d3b 13       		.uleb128 0x13
 1788 0d3c F40D0000 		.4byte	.LASF179
 1789 0d40 14       		.byte	0x14
 1790 0d41 5E01     		.2byte	0x15e
 1791 0d43 1A       		.byte	0x1a
 1792 0d44 2E0D0000 		.4byte	0xd2e
 1793 0d48 17       		.uleb128 0x17
 1794 0d49 E40A0000 		.4byte	.LASF180
 1795 0d4d 15       		.byte	0x15
 1796 0d4e 9D01     		.2byte	0x19d
 1797 0d50 10       		.byte	0x10
 1798 0d51 550D0000 		.4byte	0xd55
 1799 0d55 0C       		.uleb128 0xc
 1800 0d56 04       		.byte	0x4
 1801 0d57 5B0D0000 		.4byte	0xd5b
 1802 0d5b 0E       		.uleb128 0xe
 1803 0d5c 6B0D0000 		.4byte	0xd6b
 1804 0d60 0F       		.uleb128 0xf
 1805 0d61 55030000 		.4byte	0x355
 1806 0d65 0F       		.uleb128 0xf
 1807 0d66 E5000000 		.4byte	0xe5
 1808 0d6a 00       		.byte	0
 1809 0d6b 16       		.uleb128 0x16
 1810 0d6c 0C       		.byte	0xc
 1811 0d6d 15       		.byte	0x15
 1812 0d6e A201     		.2byte	0x1a2
 1813 0d70 09       		.byte	0x9
 1814 0d71 CA0D0000 		.4byte	0xdca
 1815 0d75 0B       		.uleb128 0xb
 1816 0d76 25020000 		.4byte	.LASF181
 1817 0d7a 15       		.byte	0x15
 1818 0d7b A301     		.2byte	0x1a3
 1819 0d7d 1A       		.byte	0x1a
 1820 0d7e CA0D0000 		.4byte	0xdca
 1821 0d82 00       		.byte	0
 1822 0d83 0B       		.uleb128 0xb
 1823 0d84 EE120000 		.4byte	.LASF182
 1824 0d88 15       		.byte	0x15
ARM GAS  /tmp/ccQ4TWpz.s 			page 33


 1825 0d89 A401     		.2byte	0x1a4
 1826 0d8b 1A       		.byte	0x1a
 1827 0d8c D00D0000 		.4byte	0xdd0
 1828 0d90 04       		.byte	0x4
 1829 0d91 0B       		.uleb128 0xb
 1830 0d92 EA0E0000 		.4byte	.LASF183
 1831 0d96 15       		.byte	0x15
 1832 0d97 A801     		.2byte	0x1a8
 1833 0d99 19       		.byte	0x19
 1834 0d9a B2000000 		.4byte	0xb2
 1835 0d9e 08       		.byte	0x8
 1836 0d9f 0B       		.uleb128 0xb
 1837 0da0 ED070000 		.4byte	.LASF184
 1838 0da4 15       		.byte	0x15
 1839 0da5 AA01     		.2byte	0x1aa
 1840 0da7 19       		.byte	0x19
 1841 0da8 B2000000 		.4byte	0xb2
 1842 0dac 09       		.byte	0x9
 1843 0dad 0B       		.uleb128 0xb
 1844 0dae AC0A0000 		.4byte	.LASF185
 1845 0db2 15       		.byte	0x15
 1846 0db3 AC01     		.2byte	0x1ac
 1847 0db5 19       		.byte	0x19
 1848 0db6 B2000000 		.4byte	0xb2
 1849 0dba 0A       		.byte	0xa
 1850 0dbb 0B       		.uleb128 0xb
 1851 0dbc ED0D0000 		.4byte	.LASF186
 1852 0dc0 15       		.byte	0x15
 1853 0dc1 AD01     		.2byte	0x1ad
 1854 0dc3 19       		.byte	0x19
 1855 0dc4 B2000000 		.4byte	0xb2
 1856 0dc8 0B       		.byte	0xb
 1857 0dc9 00       		.byte	0
 1858 0dca 0C       		.uleb128 0xc
 1859 0dcb 04       		.byte	0x4
 1860 0dcc 7E050000 		.4byte	0x57e
 1861 0dd0 0C       		.uleb128 0xc
 1862 0dd1 04       		.byte	0x4
 1863 0dd2 F1000000 		.4byte	0xf1
 1864 0dd6 17       		.uleb128 0x17
 1865 0dd7 0D000000 		.4byte	.LASF187
 1866 0ddb 15       		.byte	0x15
 1867 0ddc AE01     		.2byte	0x1ae
 1868 0dde 03       		.byte	0x3
 1869 0ddf 6B0D0000 		.4byte	0xd6b
 1870 0de3 05       		.uleb128 0x5
 1871 0de4 D60D0000 		.4byte	0xdd6
 1872 0de8 11       		.uleb128 0x11
 1873 0de9 E30D0000 		.4byte	0xde3
 1874 0ded F80D0000 		.4byte	0xdf8
 1875 0df1 12       		.uleb128 0x12
 1876 0df2 30000000 		.4byte	0x30
 1877 0df6 0F       		.byte	0xf
 1878 0df7 00       		.byte	0
 1879 0df8 05       		.uleb128 0x5
 1880 0df9 E80D0000 		.4byte	0xde8
 1881 0dfd 13       		.uleb128 0x13
ARM GAS  /tmp/ccQ4TWpz.s 			page 34


 1882 0dfe 43080000 		.4byte	.LASF188
 1883 0e02 15       		.byte	0x15
 1884 0e03 9002     		.2byte	0x290
 1885 0e05 21       		.byte	0x21
 1886 0e06 F80D0000 		.4byte	0xdf8
 1887 0e0a 16       		.uleb128 0x16
 1888 0e0b 60       		.byte	0x60
 1889 0e0c 16       		.byte	0x16
 1890 0e0d F601     		.2byte	0x1f6
 1891 0e0f 09       		.byte	0x9
 1892 0e10 2B0F0000 		.4byte	0xf2b
 1893 0e14 0A       		.uleb128 0xa
 1894 0e15 43523100 		.ascii	"CR1\000"
 1895 0e19 16       		.byte	0x16
 1896 0e1a F701     		.2byte	0x1f7
 1897 0e1c 19       		.byte	0x19
 1898 0e1d F1000000 		.4byte	0xf1
 1899 0e21 00       		.byte	0
 1900 0e22 0A       		.uleb128 0xa
 1901 0e23 43523200 		.ascii	"CR2\000"
 1902 0e27 16       		.byte	0x16
 1903 0e28 F801     		.2byte	0x1f8
 1904 0e2a 19       		.byte	0x19
 1905 0e2b F1000000 		.4byte	0xf1
 1906 0e2f 04       		.byte	0x4
 1907 0e30 0B       		.uleb128 0xb
 1908 0e31 1C0E0000 		.4byte	.LASF189
 1909 0e35 16       		.byte	0x16
 1910 0e36 F901     		.2byte	0x1f9
 1911 0e38 19       		.byte	0x19
 1912 0e39 F1000000 		.4byte	0xf1
 1913 0e3d 08       		.byte	0x8
 1914 0e3e 0B       		.uleb128 0xb
 1915 0e3f C3070000 		.4byte	.LASF190
 1916 0e43 16       		.byte	0x16
 1917 0e44 FA01     		.2byte	0x1fa
 1918 0e46 19       		.byte	0x19
 1919 0e47 F1000000 		.4byte	0xf1
 1920 0e4b 0C       		.byte	0xc
 1921 0e4c 0A       		.uleb128 0xa
 1922 0e4d 535200   		.ascii	"SR\000"
 1923 0e50 16       		.byte	0x16
 1924 0e51 FB01     		.2byte	0x1fb
 1925 0e53 19       		.byte	0x19
 1926 0e54 F1000000 		.4byte	0xf1
 1927 0e58 10       		.byte	0x10
 1928 0e59 0A       		.uleb128 0xa
 1929 0e5a 45475200 		.ascii	"EGR\000"
 1930 0e5e 16       		.byte	0x16
 1931 0e5f FC01     		.2byte	0x1fc
 1932 0e61 19       		.byte	0x19
 1933 0e62 F1000000 		.4byte	0xf1
 1934 0e66 14       		.byte	0x14
 1935 0e67 0B       		.uleb128 0xb
 1936 0e68 FF0A0000 		.4byte	.LASF191
 1937 0e6c 16       		.byte	0x16
 1938 0e6d FD01     		.2byte	0x1fd
ARM GAS  /tmp/ccQ4TWpz.s 			page 35


 1939 0e6f 19       		.byte	0x19
 1940 0e70 F1000000 		.4byte	0xf1
 1941 0e74 18       		.byte	0x18
 1942 0e75 0B       		.uleb128 0xb
 1943 0e76 A5040000 		.4byte	.LASF192
 1944 0e7a 16       		.byte	0x16
 1945 0e7b FE01     		.2byte	0x1fe
 1946 0e7d 19       		.byte	0x19
 1947 0e7e F1000000 		.4byte	0xf1
 1948 0e82 1C       		.byte	0x1c
 1949 0e83 0B       		.uleb128 0xb
 1950 0e84 B60D0000 		.4byte	.LASF193
 1951 0e88 16       		.byte	0x16
 1952 0e89 FF01     		.2byte	0x1ff
 1953 0e8b 19       		.byte	0x19
 1954 0e8c F1000000 		.4byte	0xf1
 1955 0e90 20       		.byte	0x20
 1956 0e91 0A       		.uleb128 0xa
 1957 0e92 434E5400 		.ascii	"CNT\000"
 1958 0e96 16       		.byte	0x16
 1959 0e97 0002     		.2byte	0x200
 1960 0e99 19       		.byte	0x19
 1961 0e9a F1000000 		.4byte	0xf1
 1962 0e9e 24       		.byte	0x24
 1963 0e9f 0A       		.uleb128 0xa
 1964 0ea0 50534300 		.ascii	"PSC\000"
 1965 0ea4 16       		.byte	0x16
 1966 0ea5 0102     		.2byte	0x201
 1967 0ea7 19       		.byte	0x19
 1968 0ea8 F1000000 		.4byte	0xf1
 1969 0eac 28       		.byte	0x28
 1970 0ead 0A       		.uleb128 0xa
 1971 0eae 41525200 		.ascii	"ARR\000"
 1972 0eb2 16       		.byte	0x16
 1973 0eb3 0202     		.2byte	0x202
 1974 0eb5 19       		.byte	0x19
 1975 0eb6 F1000000 		.4byte	0xf1
 1976 0eba 2C       		.byte	0x2c
 1977 0ebb 0A       		.uleb128 0xa
 1978 0ebc 52435200 		.ascii	"RCR\000"
 1979 0ec0 16       		.byte	0x16
 1980 0ec1 0302     		.2byte	0x203
 1981 0ec3 19       		.byte	0x19
 1982 0ec4 F1000000 		.4byte	0xf1
 1983 0ec8 30       		.byte	0x30
 1984 0ec9 0A       		.uleb128 0xa
 1985 0eca 43435200 		.ascii	"CCR\000"
 1986 0ece 16       		.byte	0x16
 1987 0ecf 0402     		.2byte	0x204
 1988 0ed1 19       		.byte	0x19
 1989 0ed2 AF050000 		.4byte	0x5af
 1990 0ed6 34       		.byte	0x34
 1991 0ed7 0B       		.uleb128 0xb
 1992 0ed8 33120000 		.4byte	.LASF194
 1993 0edc 16       		.byte	0x16
 1994 0edd 0502     		.2byte	0x205
 1995 0edf 19       		.byte	0x19
ARM GAS  /tmp/ccQ4TWpz.s 			page 36


 1996 0ee0 F1000000 		.4byte	0xf1
 1997 0ee4 44       		.byte	0x44
 1998 0ee5 0A       		.uleb128 0xa
 1999 0ee6 44435200 		.ascii	"DCR\000"
 2000 0eea 16       		.byte	0x16
 2001 0eeb 0602     		.2byte	0x206
 2002 0eed 19       		.byte	0x19
 2003 0eee F1000000 		.4byte	0xf1
 2004 0ef2 48       		.byte	0x48
 2005 0ef3 0B       		.uleb128 0xb
 2006 0ef4 D6010000 		.4byte	.LASF195
 2007 0ef8 16       		.byte	0x16
 2008 0ef9 0702     		.2byte	0x207
 2009 0efb 19       		.byte	0x19
 2010 0efc F1000000 		.4byte	0xf1
 2011 0f00 4C       		.byte	0x4c
 2012 0f01 0A       		.uleb128 0xa
 2013 0f02 4F5200   		.ascii	"OR\000"
 2014 0f05 16       		.byte	0x16
 2015 0f06 0802     		.2byte	0x208
 2016 0f08 19       		.byte	0x19
 2017 0f09 F1000000 		.4byte	0xf1
 2018 0f0d 50       		.byte	0x50
 2019 0f0e 0B       		.uleb128 0xb
 2020 0f0f AB040000 		.4byte	.LASF196
 2021 0f13 16       		.byte	0x16
 2022 0f14 0902     		.2byte	0x209
 2023 0f16 19       		.byte	0x19
 2024 0f17 F1000000 		.4byte	0xf1
 2025 0f1b 54       		.byte	0x54
 2026 0f1c 0B       		.uleb128 0xb
 2027 0f1d CC050000 		.4byte	.LASF197
 2028 0f21 16       		.byte	0x16
 2029 0f22 0A02     		.2byte	0x20a
 2030 0f24 19       		.byte	0x19
 2031 0f25 9A050000 		.4byte	0x59a
 2032 0f29 58       		.byte	0x58
 2033 0f2a 00       		.byte	0
 2034 0f2b 17       		.uleb128 0x17
 2035 0f2c CF080000 		.4byte	.LASF198
 2036 0f30 16       		.byte	0x16
 2037 0f31 0B02     		.2byte	0x20b
 2038 0f33 03       		.byte	0x3
 2039 0f34 0A0E0000 		.4byte	0xe0a
 2040 0f38 0C       		.uleb128 0xc
 2041 0f39 04       		.byte	0x4
 2042 0f3a BE000000 		.4byte	0xbe
 2043 0f3e 03       		.uleb128 0x3
 2044 0f3f 51070000 		.4byte	.LASF199
 2045 0f43 17       		.byte	0x17
 2046 0f44 94       		.byte	0x94
 2047 0f45 10       		.byte	0x10
 2048 0f46 44030000 		.4byte	0x344
 2049 0f4a 15       		.uleb128 0x15
 2050 0f4b 08       		.byte	0x8
 2051 0f4c 17       		.byte	0x17
 2052 0f4d 9A       		.byte	0x9a
ARM GAS  /tmp/ccQ4TWpz.s 			page 37


 2053 0f4e 09       		.byte	0x9
 2054 0f4f 6D0F0000 		.4byte	0xf6d
 2055 0f53 09       		.uleb128 0x9
 2056 0f54 636200   		.ascii	"cb\000"
 2057 0f57 17       		.byte	0x17
 2058 0f58 A5       		.byte	0xa5
 2059 0f59 19       		.byte	0x19
 2060 0f5a 3E0F0000 		.4byte	0xf3e
 2061 0f5e 00       		.byte	0
 2062 0f5f 09       		.uleb128 0x9
 2063 0f60 61726700 		.ascii	"arg\000"
 2064 0f64 17       		.byte	0x17
 2065 0f65 A9       		.byte	0xa9
 2066 0f66 1A       		.byte	0x1a
 2067 0f67 55030000 		.4byte	0x355
 2068 0f6b 04       		.byte	0x4
 2069 0f6c 00       		.byte	0
 2070 0f6d 03       		.uleb128 0x3
 2071 0f6e 19050000 		.4byte	.LASF200
 2072 0f72 17       		.byte	0x17
 2073 0f73 AB       		.byte	0xab
 2074 0f74 03       		.byte	0x3
 2075 0f75 4A0F0000 		.4byte	0xf4a
 2076 0f79 11       		.uleb128 0x11
 2077 0f7a 6D0F0000 		.4byte	0xf6d
 2078 0f7e 890F0000 		.4byte	0xf89
 2079 0f82 12       		.uleb128 0x12
 2080 0f83 30000000 		.4byte	0x30
 2081 0f87 0F       		.byte	0xf
 2082 0f88 00       		.byte	0
 2083 0f89 13       		.uleb128 0x13
 2084 0f8a 2F0C0000 		.4byte	.LASF201
 2085 0f8e 18       		.byte	0x18
 2086 0f8f EB01     		.2byte	0x1eb
 2087 0f91 13       		.byte	0x13
 2088 0f92 790F0000 		.4byte	0xf79
 2089 0f96 1E       		.uleb128 0x1e
 2090 0f97 07       		.byte	0x7
 2091 0f98 01       		.byte	0x1
 2092 0f99 58000000 		.4byte	0x58
 2093 0f9d 19       		.byte	0x19
 2094 0f9e 31       		.byte	0x31
 2095 0f9f 0E       		.byte	0xe
 2096 0fa0 C30F0000 		.4byte	0xfc3
 2097 0fa4 1F       		.uleb128 0x1f
 2098 0fa5 160D0000 		.4byte	.LASF202
 2099 0fa9 00       		.byte	0
 2100 0faa 1F       		.uleb128 0x1f
 2101 0fab D1020000 		.4byte	.LASF203
 2102 0faf 01       		.byte	0x1
 2103 0fb0 1F       		.uleb128 0x1f
 2104 0fb1 BE0B0000 		.4byte	.LASF204
 2105 0fb5 02       		.byte	0x2
 2106 0fb6 1F       		.uleb128 0x1f
 2107 0fb7 85100000 		.4byte	.LASF205
 2108 0fbb 03       		.byte	0x3
 2109 0fbc 1F       		.uleb128 0x1f
ARM GAS  /tmp/ccQ4TWpz.s 			page 38


 2110 0fbd C3030000 		.4byte	.LASF206
 2111 0fc1 04       		.byte	0x4
 2112 0fc2 00       		.byte	0
 2113 0fc3 03       		.uleb128 0x3
 2114 0fc4 50090000 		.4byte	.LASF207
 2115 0fc8 19       		.byte	0x19
 2116 0fc9 37       		.byte	0x37
 2117 0fca 03       		.byte	0x3
 2118 0fcb 960F0000 		.4byte	0xf96
 2119 0fcf 03       		.uleb128 0x3
 2120 0fd0 8C010000 		.4byte	.LASF208
 2121 0fd4 19       		.byte	0x19
 2122 0fd5 3C       		.byte	0x3c
 2123 0fd6 1A       		.byte	0x1a
 2124 0fd7 DB0F0000 		.4byte	0xfdb
 2125 0fdb 0D       		.uleb128 0xd
 2126 0fdc 8C010000 		.4byte	.LASF208
 2127 0fe0 18       		.byte	0x18
 2128 0fe1 1A       		.byte	0x1a
 2129 0fe2 2803     		.2byte	0x328
 2130 0fe4 08       		.byte	0x8
 2131 0fe5 3E100000 		.4byte	0x103e
 2132 0fe9 0B       		.uleb128 0xb
 2133 0fea 7E010000 		.4byte	.LASF37
 2134 0fee 1A       		.byte	0x1a
 2135 0fef 2C03     		.2byte	0x32c
 2136 0ff1 1D       		.byte	0x1d
 2137 0ff2 C30F0000 		.4byte	0xfc3
 2138 0ff6 00       		.byte	0
 2139 0ff7 0B       		.uleb128 0xb
 2140 0ff8 77010000 		.4byte	.LASF209
 2141 0ffc 1A       		.byte	0x1a
 2142 0ffd 3003     		.2byte	0x330
 2143 0fff 1E       		.byte	0x1e
 2144 1000 4D110000 		.4byte	0x114d
 2145 1004 04       		.byte	0x4
 2146 1005 0B       		.uleb128 0xb
 2147 1006 E2080000 		.4byte	.LASF210
 2148 100a 1A       		.byte	0x1a
 2149 100b 3803     		.2byte	0x338
 2150 100d 1D       		.byte	0x1d
 2151 100e E5000000 		.4byte	0xe5
 2152 1012 08       		.byte	0x8
 2153 1013 0A       		.uleb128 0xa
 2154 1014 74696D00 		.ascii	"tim\000"
 2155 1018 1A       		.byte	0x1a
 2156 1019 3C03     		.2byte	0x33c
 2157 101b 1E       		.byte	0x1e
 2158 101c 53110000 		.4byte	0x1153
 2159 1020 0C       		.byte	0xc
 2160 1021 0B       		.uleb128 0xb
 2161 1022 9C030000 		.4byte	.LASF211
 2162 1026 1A       		.byte	0x1a
 2163 1027 4003     		.2byte	0x340
 2164 1029 1E       		.byte	0x1e
 2165 102a D00D0000 		.4byte	0xdd0
 2166 102e 10       		.byte	0x10
ARM GAS  /tmp/ccQ4TWpz.s 			page 39


 2167 102f 0B       		.uleb128 0xb
 2168 1030 1B130000 		.4byte	.LASF212
 2169 1034 1A       		.byte	0x1a
 2170 1035 4403     		.2byte	0x344
 2171 1037 1E       		.byte	0x1e
 2172 1038 D00D0000 		.4byte	0xdd0
 2173 103c 14       		.byte	0x14
 2174 103d 00       		.byte	0
 2175 103e 03       		.uleb128 0x3
 2176 103f 59130000 		.4byte	.LASF213
 2177 1043 19       		.byte	0x19
 2178 1044 43       		.byte	0x43
 2179 1045 10       		.byte	0x10
 2180 1046 4A100000 		.4byte	0x104a
 2181 104a 0C       		.uleb128 0xc
 2182 104b 04       		.byte	0x4
 2183 104c 50100000 		.4byte	0x1050
 2184 1050 0E       		.uleb128 0xe
 2185 1051 5B100000 		.4byte	0x105b
 2186 1055 0F       		.uleb128 0xf
 2187 1056 5B100000 		.4byte	0x105b
 2188 105a 00       		.byte	0
 2189 105b 0C       		.uleb128 0xc
 2190 105c 04       		.byte	0x4
 2191 105d CF0F0000 		.4byte	0xfcf
 2192 1061 20       		.uleb128 0x20
 2193 1062 07       		.byte	0x7
 2194 1063 01       		.byte	0x1
 2195 1064 58000000 		.4byte	0x58
 2196 1068 1A       		.byte	0x1a
 2197 1069 E002     		.2byte	0x2e0
 2198 106b 0E       		.byte	0xe
 2199 106c 7D100000 		.4byte	0x107d
 2200 1070 1F       		.uleb128 0x1f
 2201 1071 A9010000 		.4byte	.LASF214
 2202 1075 00       		.byte	0
 2203 1076 1F       		.uleb128 0x1f
 2204 1077 9D000000 		.4byte	.LASF215
 2205 107b 01       		.byte	0x1
 2206 107c 00       		.byte	0
 2207 107d 17       		.uleb128 0x17
 2208 107e 0E0C0000 		.4byte	.LASF216
 2209 1082 1A       		.byte	0x1a
 2210 1083 E302     		.2byte	0x2e3
 2211 1085 03       		.byte	0x3
 2212 1086 61100000 		.4byte	0x1061
 2213 108a 17       		.uleb128 0x17
 2214 108b 7E050000 		.4byte	.LASF217
 2215 108f 1A       		.byte	0x1a
 2216 1090 E802     		.2byte	0x2e8
 2217 1092 12       		.byte	0x12
 2218 1093 E5000000 		.4byte	0xe5
 2219 1097 20       		.uleb128 0x20
 2220 1098 07       		.byte	0x7
 2221 1099 01       		.byte	0x1
 2222 109a 58000000 		.4byte	0x58
 2223 109e 1A       		.byte	0x1a
ARM GAS  /tmp/ccQ4TWpz.s 			page 40


 2224 109f ED02     		.2byte	0x2ed
 2225 10a1 0E       		.byte	0xe
 2226 10a2 B3100000 		.4byte	0x10b3
 2227 10a6 1F       		.uleb128 0x1f
 2228 10a7 C8010000 		.4byte	.LASF218
 2229 10ab 00       		.byte	0
 2230 10ac 1F       		.uleb128 0x1f
 2231 10ad 2B040000 		.4byte	.LASF219
 2232 10b1 01       		.byte	0x1
 2233 10b2 00       		.byte	0
 2234 10b3 17       		.uleb128 0x17
 2235 10b4 03030000 		.4byte	.LASF220
 2236 10b8 1A       		.byte	0x1a
 2237 10b9 F002     		.2byte	0x2f0
 2238 10bb 03       		.byte	0x3
 2239 10bc 97100000 		.4byte	0x1097
 2240 10c0 16       		.uleb128 0x16
 2241 10c1 20       		.byte	0x20
 2242 10c2 1A       		.byte	0x1a
 2243 10c3 FB02     		.2byte	0x2fb
 2244 10c5 09       		.byte	0x9
 2245 10c6 3B110000 		.4byte	0x113b
 2246 10ca 0B       		.uleb128 0xb
 2247 10cb AA0F0000 		.4byte	.LASF221
 2248 10cf 1A       		.byte	0x1a
 2249 10d0 FF02     		.2byte	0x2ff
 2250 10d2 1D       		.byte	0x1d
 2251 10d3 7D100000 		.4byte	0x107d
 2252 10d7 00       		.byte	0
 2253 10d8 0B       		.uleb128 0xb
 2254 10d9 730A0000 		.4byte	.LASF222
 2255 10dd 1A       		.byte	0x1a
 2256 10de 0503     		.2byte	0x305
 2257 10e0 1D       		.byte	0x1d
 2258 10e1 8A100000 		.4byte	0x108a
 2259 10e5 04       		.byte	0x4
 2260 10e6 0B       		.uleb128 0xb
 2261 10e7 30000000 		.4byte	.LASF223
 2262 10eb 1A       		.byte	0x1a
 2263 10ec 0903     		.2byte	0x309
 2264 10ee 1D       		.byte	0x1d
 2265 10ef 3E100000 		.4byte	0x103e
 2266 10f3 08       		.byte	0x8
 2267 10f4 0B       		.uleb128 0xb
 2268 10f5 040C0000 		.4byte	.LASF224
 2269 10f9 1A       		.byte	0x1a
 2270 10fa 0D03     		.2byte	0x30d
 2271 10fc 1D       		.byte	0x1d
 2272 10fd 3E100000 		.4byte	0x103e
 2273 1101 0C       		.byte	0xc
 2274 1102 0B       		.uleb128 0xb
 2275 1103 78080000 		.4byte	.LASF225
 2276 1107 1A       		.byte	0x1a
 2277 1108 1103     		.2byte	0x311
 2278 110a 1D       		.byte	0x1d
 2279 110b 3E100000 		.4byte	0x103e
 2280 110f 10       		.byte	0x10
ARM GAS  /tmp/ccQ4TWpz.s 			page 41


 2281 1110 0B       		.uleb128 0xb
 2282 1111 F3070000 		.4byte	.LASF226
 2283 1115 1A       		.byte	0x1a
 2284 1116 1703     		.2byte	0x317
 2285 1118 1D       		.byte	0x1d
 2286 1119 B3100000 		.4byte	0x10b3
 2287 111d 14       		.byte	0x14
 2288 111e 0B       		.uleb128 0xb
 2289 111f DB010000 		.4byte	.LASF227
 2290 1123 1A       		.byte	0x1a
 2291 1124 1D03     		.2byte	0x31d
 2292 1126 1D       		.byte	0x1d
 2293 1127 E5000000 		.4byte	0xe5
 2294 112b 18       		.byte	0x18
 2295 112c 0A       		.uleb128 0xa
 2296 112d 61727200 		.ascii	"arr\000"
 2297 1131 1A       		.byte	0x1a
 2298 1132 2203     		.2byte	0x322
 2299 1134 1D       		.byte	0x1d
 2300 1135 E5000000 		.4byte	0xe5
 2301 1139 1C       		.byte	0x1c
 2302 113a 00       		.byte	0
 2303 113b 17       		.uleb128 0x17
 2304 113c 6C060000 		.4byte	.LASF228
 2305 1140 1A       		.byte	0x1a
 2306 1141 2303     		.2byte	0x323
 2307 1143 03       		.byte	0x3
 2308 1144 C0100000 		.4byte	0x10c0
 2309 1148 05       		.uleb128 0x5
 2310 1149 3B110000 		.4byte	0x113b
 2311 114d 0C       		.uleb128 0xc
 2312 114e 04       		.byte	0x4
 2313 114f 48110000 		.4byte	0x1148
 2314 1153 0C       		.uleb128 0xc
 2315 1154 04       		.byte	0x4
 2316 1155 2B0F0000 		.4byte	0xf2b
 2317 1159 13       		.uleb128 0x13
 2318 115a C2000000 		.4byte	.LASF229
 2319 115e 1A       		.byte	0x1a
 2320 115f 7503     		.2byte	0x375
 2321 1161 12       		.byte	0x12
 2322 1162 CF0F0000 		.4byte	0xfcf
 2323 1166 13       		.uleb128 0x13
 2324 1167 AE090000 		.4byte	.LASF230
 2325 116b 1A       		.byte	0x1a
 2326 116c 7903     		.2byte	0x379
 2327 116e 12       		.byte	0x12
 2328 116f CF0F0000 		.4byte	0xfcf
 2329 1173 1E       		.uleb128 0x1e
 2330 1174 07       		.byte	0x7
 2331 1175 01       		.byte	0x1
 2332 1176 58000000 		.4byte	0x58
 2333 117a 1B       		.byte	0x1b
 2334 117b 59       		.byte	0x59
 2335 117c 0E       		.byte	0xe
 2336 117d 94110000 		.4byte	0x1194
 2337 1181 1F       		.uleb128 0x1f
ARM GAS  /tmp/ccQ4TWpz.s 			page 42


 2338 1182 01090000 		.4byte	.LASF231
 2339 1186 00       		.byte	0
 2340 1187 1F       		.uleb128 0x1f
 2341 1188 09010000 		.4byte	.LASF232
 2342 118c 01       		.byte	0x1
 2343 118d 1F       		.uleb128 0x1f
 2344 118e 10130000 		.4byte	.LASF233
 2345 1192 02       		.byte	0x2
 2346 1193 00       		.byte	0
 2347 1194 03       		.uleb128 0x3
 2348 1195 FE0F0000 		.4byte	.LASF234
 2349 1199 1B       		.byte	0x1b
 2350 119a 5D       		.byte	0x5d
 2351 119b 03       		.byte	0x3
 2352 119c 73110000 		.4byte	0x1173
 2353 11a0 1E       		.uleb128 0x1e
 2354 11a1 07       		.byte	0x7
 2355 11a2 01       		.byte	0x1
 2356 11a3 58000000 		.4byte	0x58
 2357 11a7 1B       		.byte	0x1b
 2358 11a8 62       		.byte	0x62
 2359 11a9 0E       		.byte	0xe
 2360 11aa C1110000 		.4byte	0x11c1
 2361 11ae 1F       		.uleb128 0x1f
 2362 11af 16110000 		.4byte	.LASF235
 2363 11b3 00       		.byte	0
 2364 11b4 1F       		.uleb128 0x1f
 2365 11b5 75020000 		.4byte	.LASF236
 2366 11b9 01       		.byte	0x1
 2367 11ba 1F       		.uleb128 0x1f
 2368 11bb 4E0E0000 		.4byte	.LASF237
 2369 11bf 02       		.byte	0x2
 2370 11c0 00       		.byte	0
 2371 11c1 03       		.uleb128 0x3
 2372 11c2 39030000 		.4byte	.LASF238
 2373 11c6 1B       		.byte	0x1b
 2374 11c7 66       		.byte	0x66
 2375 11c8 03       		.byte	0x3
 2376 11c9 A0110000 		.4byte	0x11a0
 2377 11cd 1E       		.uleb128 0x1e
 2378 11ce 07       		.byte	0x7
 2379 11cf 01       		.byte	0x1
 2380 11d0 58000000 		.4byte	0x58
 2381 11d4 1B       		.byte	0x1b
 2382 11d5 6B       		.byte	0x6b
 2383 11d6 0E       		.byte	0xe
 2384 11d7 EE110000 		.4byte	0x11ee
 2385 11db 1F       		.uleb128 0x1f
 2386 11dc 1E0F0000 		.4byte	.LASF239
 2387 11e0 00       		.byte	0
 2388 11e1 1F       		.uleb128 0x1f
 2389 11e2 790D0000 		.4byte	.LASF240
 2390 11e6 01       		.byte	0x1
 2391 11e7 1F       		.uleb128 0x1f
 2392 11e8 28090000 		.4byte	.LASF241
 2393 11ec 02       		.byte	0x2
 2394 11ed 00       		.byte	0
ARM GAS  /tmp/ccQ4TWpz.s 			page 43


 2395 11ee 03       		.uleb128 0x3
 2396 11ef 5F0E0000 		.4byte	.LASF242
 2397 11f3 1B       		.byte	0x1b
 2398 11f4 6F       		.byte	0x6f
 2399 11f5 03       		.byte	0x3
 2400 11f6 CD110000 		.4byte	0x11cd
 2401 11fa 17       		.uleb128 0x17
 2402 11fb 870A0000 		.4byte	.LASF243
 2403 11ff 1C       		.byte	0x1c
 2404 1200 2602     		.2byte	0x226
 2405 1202 12       		.byte	0x12
 2406 1203 E5000000 		.4byte	0xe5
 2407 1207 17       		.uleb128 0x17
 2408 1208 84020000 		.4byte	.LASF244
 2409 120c 1C       		.byte	0x1c
 2410 120d 2B02     		.2byte	0x22b
 2411 120f 1B       		.byte	0x1b
 2412 1210 14120000 		.4byte	0x1214
 2413 1214 0D       		.uleb128 0xd
 2414 1215 84020000 		.4byte	.LASF244
 2415 1219 20       		.byte	0x20
 2416 121a 1C       		.byte	0x1c
 2417 121b 7902     		.2byte	0x279
 2418 121d 08       		.byte	0x8
 2419 121e AF120000 		.4byte	0x12af
 2420 1222 0B       		.uleb128 0xb
 2421 1223 7E010000 		.4byte	.LASF37
 2422 1227 1C       		.byte	0x1c
 2423 1228 7D02     		.2byte	0x27d
 2424 122a 1D       		.byte	0x1d
 2425 122b 94110000 		.4byte	0x1194
 2426 122f 00       		.byte	0
 2427 1230 0B       		.uleb128 0xb
 2428 1231 82030000 		.4byte	.LASF245
 2429 1235 1C       		.byte	0x1c
 2430 1236 8102     		.2byte	0x281
 2431 1238 1D       		.byte	0x1d
 2432 1239 C1110000 		.4byte	0x11c1
 2433 123d 01       		.byte	0x1
 2434 123e 0B       		.uleb128 0xb
 2435 123f 96010000 		.4byte	.LASF246
 2436 1243 1C       		.byte	0x1c
 2437 1244 8502     		.2byte	0x285
 2438 1246 1D       		.byte	0x1d
 2439 1247 EE110000 		.4byte	0x11ee
 2440 124b 02       		.byte	0x2
 2441 124c 0B       		.uleb128 0xb
 2442 124d 77010000 		.4byte	.LASF209
 2443 1251 1C       		.byte	0x1c
 2444 1252 8902     		.2byte	0x289
 2445 1254 1E       		.byte	0x1e
 2446 1255 C2130000 		.4byte	0x13c2
 2447 1259 04       		.byte	0x4
 2448 125a 0B       		.uleb128 0xb
 2449 125b 57030000 		.4byte	.LASF247
 2450 125f 1C       		.byte	0x1c
 2451 1260 A502     		.2byte	0x2a5
ARM GAS  /tmp/ccQ4TWpz.s 			page 44


 2452 1262 1E       		.byte	0x1e
 2453 1263 C8130000 		.4byte	0x13c8
 2454 1267 08       		.byte	0x8
 2455 1268 0B       		.uleb128 0xb
 2456 1269 6F0F0000 		.4byte	.LASF248
 2457 126d 1C       		.byte	0x1c
 2458 126e A902     		.2byte	0x2a9
 2459 1270 1D       		.byte	0x1d
 2460 1271 E5000000 		.4byte	0xe5
 2461 1275 0C       		.byte	0xc
 2462 1276 0B       		.uleb128 0xb
 2463 1277 B2060000 		.4byte	.LASF249
 2464 127b 1C       		.byte	0x1c
 2465 127c AD02     		.2byte	0x2ad
 2466 127e 1D       		.byte	0x1d
 2467 127f E5000000 		.4byte	0xe5
 2468 1283 10       		.byte	0x10
 2469 1284 0B       		.uleb128 0xb
 2470 1285 86090000 		.4byte	.LASF250
 2471 1289 1C       		.byte	0x1c
 2472 128a B102     		.2byte	0x2b1
 2473 128c 1E       		.byte	0x1e
 2474 128d CE130000 		.4byte	0x13ce
 2475 1291 14       		.byte	0x14
 2476 1292 0B       		.uleb128 0xb
 2477 1293 930A0000 		.4byte	.LASF251
 2478 1297 1C       		.byte	0x1c
 2479 1298 B502     		.2byte	0x2b5
 2480 129a 1E       		.byte	0x1e
 2481 129b CE130000 		.4byte	0x13ce
 2482 129f 18       		.byte	0x18
 2483 12a0 0B       		.uleb128 0xb
 2484 12a1 80090000 		.4byte	.LASF252
 2485 12a5 1C       		.byte	0x1c
 2486 12a6 B902     		.2byte	0x2b9
 2487 12a8 1D       		.byte	0x1d
 2488 12a9 CF000000 		.4byte	0xcf
 2489 12ad 1C       		.byte	0x1c
 2490 12ae 00       		.byte	0
 2491 12af 17       		.uleb128 0x17
 2492 12b0 23110000 		.4byte	.LASF253
 2493 12b4 1C       		.byte	0x1c
 2494 12b5 3202     		.2byte	0x232
 2495 12b7 10       		.byte	0x10
 2496 12b8 BC120000 		.4byte	0x12bc
 2497 12bc 0C       		.uleb128 0xc
 2498 12bd 04       		.byte	0x4
 2499 12be C2120000 		.4byte	0x12c2
 2500 12c2 0E       		.uleb128 0xe
 2501 12c3 CD120000 		.4byte	0x12cd
 2502 12c7 0F       		.uleb128 0xf
 2503 12c8 CD120000 		.4byte	0x12cd
 2504 12cc 00       		.byte	0
 2505 12cd 0C       		.uleb128 0xc
 2506 12ce 04       		.byte	0x4
 2507 12cf 07120000 		.4byte	0x1207
 2508 12d3 17       		.uleb128 0x17
ARM GAS  /tmp/ccQ4TWpz.s 			page 45


 2509 12d4 950E0000 		.4byte	.LASF254
 2510 12d8 1C       		.byte	0x1c
 2511 12d9 3A02     		.2byte	0x23a
 2512 12db 10       		.byte	0x10
 2513 12dc E0120000 		.4byte	0x12e0
 2514 12e0 0C       		.uleb128 0xc
 2515 12e1 04       		.byte	0x4
 2516 12e2 E6120000 		.4byte	0x12e6
 2517 12e6 0E       		.uleb128 0xe
 2518 12e7 F6120000 		.4byte	0x12f6
 2519 12eb 0F       		.uleb128 0xf
 2520 12ec CD120000 		.4byte	0x12cd
 2521 12f0 0F       		.uleb128 0xf
 2522 12f1 C3000000 		.4byte	0xc3
 2523 12f5 00       		.byte	0
 2524 12f6 17       		.uleb128 0x17
 2525 12f7 36020000 		.4byte	.LASF255
 2526 12fb 1C       		.byte	0x1c
 2527 12fc 4202     		.2byte	0x242
 2528 12fe 10       		.byte	0x10
 2529 12ff 03130000 		.4byte	0x1303
 2530 1303 0C       		.uleb128 0xc
 2531 1304 04       		.byte	0x4
 2532 1305 09130000 		.4byte	0x1309
 2533 1309 0E       		.uleb128 0xe
 2534 130a 19130000 		.4byte	0x1319
 2535 130e 0F       		.uleb128 0xf
 2536 130f CD120000 		.4byte	0x12cd
 2537 1313 0F       		.uleb128 0xf
 2538 1314 FA110000 		.4byte	0x11fa
 2539 1318 00       		.byte	0
 2540 1319 16       		.uleb128 0x16
 2541 131a 24       		.byte	0x24
 2542 131b 1C       		.byte	0x1c
 2543 131c 4802     		.2byte	0x248
 2544 131e 09       		.byte	0x9
 2545 131f B0130000 		.4byte	0x13b0
 2546 1323 0B       		.uleb128 0xb
 2547 1324 140F0000 		.4byte	.LASF256
 2548 1328 1C       		.byte	0x1c
 2549 1329 4C02     		.2byte	0x24c
 2550 132b 1D       		.byte	0x1d
 2551 132c AF120000 		.4byte	0x12af
 2552 1330 00       		.byte	0
 2553 1331 0B       		.uleb128 0xb
 2554 1332 56080000 		.4byte	.LASF257
 2555 1336 1C       		.byte	0x1c
 2556 1337 5002     		.2byte	0x250
 2557 1339 1D       		.byte	0x1d
 2558 133a AF120000 		.4byte	0x12af
 2559 133e 04       		.byte	0x4
 2560 133f 0B       		.uleb128 0xb
 2561 1340 E0010000 		.4byte	.LASF258
 2562 1344 1C       		.byte	0x1c
 2563 1345 5402     		.2byte	0x254
 2564 1347 1D       		.byte	0x1d
 2565 1348 AF120000 		.4byte	0x12af
ARM GAS  /tmp/ccQ4TWpz.s 			page 46


 2566 134c 08       		.byte	0x8
 2567 134d 0B       		.uleb128 0xb
 2568 134e 76060000 		.4byte	.LASF259
 2569 1352 1C       		.byte	0x1c
 2570 1353 5802     		.2byte	0x258
 2571 1355 1D       		.byte	0x1d
 2572 1356 D3120000 		.4byte	0x12d3
 2573 135a 0C       		.byte	0xc
 2574 135b 0B       		.uleb128 0xb
 2575 135c B60A0000 		.4byte	.LASF260
 2576 1360 1C       		.byte	0x1c
 2577 1361 5C02     		.2byte	0x25c
 2578 1363 1D       		.byte	0x1d
 2579 1364 F6120000 		.4byte	0x12f6
 2580 1368 10       		.byte	0x10
 2581 1369 0B       		.uleb128 0xb
 2582 136a 0E050000 		.4byte	.LASF261
 2583 136e 1C       		.byte	0x1c
 2584 136f 6302     		.2byte	0x263
 2585 1371 1D       		.byte	0x1d
 2586 1372 AF120000 		.4byte	0x12af
 2587 1376 14       		.byte	0x14
 2588 1377 0B       		.uleb128 0xb
 2589 1378 BC060000 		.4byte	.LASF262
 2590 137c 1C       		.byte	0x1c
 2591 137d 6702     		.2byte	0x267
 2592 137f 1D       		.byte	0x1d
 2593 1380 E5000000 		.4byte	0xe5
 2594 1384 18       		.byte	0x18
 2595 1385 0A       		.uleb128 0xa
 2596 1386 63723100 		.ascii	"cr1\000"
 2597 138a 1C       		.byte	0x1c
 2598 138b 6B02     		.2byte	0x26b
 2599 138d 1D       		.byte	0x1d
 2600 138e C3000000 		.4byte	0xc3
 2601 1392 1C       		.byte	0x1c
 2602 1393 0A       		.uleb128 0xa
 2603 1394 63723200 		.ascii	"cr2\000"
 2604 1398 1C       		.byte	0x1c
 2605 1399 6F02     		.2byte	0x26f
 2606 139b 1D       		.byte	0x1d
 2607 139c C3000000 		.4byte	0xc3
 2608 13a0 1E       		.byte	0x1e
 2609 13a1 0A       		.uleb128 0xa
 2610 13a2 63723300 		.ascii	"cr3\000"
 2611 13a6 1C       		.byte	0x1c
 2612 13a7 7302     		.2byte	0x273
 2613 13a9 1D       		.byte	0x1d
 2614 13aa C3000000 		.4byte	0xc3
 2615 13ae 20       		.byte	0x20
 2616 13af 00       		.byte	0
 2617 13b0 17       		.uleb128 0x17
 2618 13b1 A9070000 		.4byte	.LASF263
 2619 13b5 1C       		.byte	0x1c
 2620 13b6 7402     		.2byte	0x274
 2621 13b8 03       		.byte	0x3
 2622 13b9 19130000 		.4byte	0x1319
ARM GAS  /tmp/ccQ4TWpz.s 			page 47


 2623 13bd 05       		.uleb128 0x5
 2624 13be B0130000 		.4byte	0x13b0
 2625 13c2 0C       		.uleb128 0xc
 2626 13c3 04       		.byte	0x4
 2627 13c4 BD130000 		.4byte	0x13bd
 2628 13c8 0C       		.uleb128 0xc
 2629 13c9 04       		.byte	0x4
 2630 13ca F6070000 		.4byte	0x7f6
 2631 13ce 0C       		.uleb128 0xc
 2632 13cf 04       		.byte	0x4
 2633 13d0 E30D0000 		.4byte	0xde3
 2634 13d4 13       		.uleb128 0x13
 2635 13d5 D1120000 		.4byte	.LASF264
 2636 13d9 1C       		.byte	0x1c
 2637 13da C502     		.2byte	0x2c5
 2638 13dc 13       		.byte	0x13
 2639 13dd 07120000 		.4byte	0x1207
 2640 13e1 13       		.uleb128 0x13
 2641 13e2 D8120000 		.4byte	.LASF265
 2642 13e6 1C       		.byte	0x1c
 2643 13e7 C902     		.2byte	0x2c9
 2644 13e9 13       		.byte	0x13
 2645 13ea 07120000 		.4byte	0x1207
 2646 13ee 13       		.uleb128 0x13
 2647 13ef FD0B0000 		.4byte	.LASF266
 2648 13f3 1C       		.byte	0x1c
 2649 13f4 D902     		.2byte	0x2d9
 2650 13f6 13       		.byte	0x13
 2651 13f7 07120000 		.4byte	0x1207
 2652 13fb 17       		.uleb128 0x17
 2653 13fc FD040000 		.4byte	.LASF267
 2654 1400 1D       		.byte	0x1d
 2655 1401 0301     		.2byte	0x103
 2656 1403 1A       		.byte	0x1a
 2657 1404 08140000 		.4byte	0x1408
 2658 1408 0D       		.uleb128 0xd
 2659 1409 FD040000 		.4byte	.LASF267
 2660 140d 60       		.byte	0x60
 2661 140e 1E       		.byte	0x1e
 2662 140f A501     		.2byte	0x1a5
 2663 1411 08       		.byte	0x8
 2664 1412 21150000 		.4byte	0x1521
 2665 1416 0B       		.uleb128 0xb
 2666 1417 7E010000 		.4byte	.LASF37
 2667 141b 1E       		.byte	0x1e
 2668 141c A901     		.2byte	0x1a9
 2669 141e 21       		.byte	0x21
 2670 141f 62150000 		.4byte	0x1562
 2671 1423 00       		.byte	0
 2672 1424 0B       		.uleb128 0xb
 2673 1425 77010000 		.4byte	.LASF209
 2674 1429 1E       		.byte	0x1e
 2675 142a AD01     		.2byte	0x1ad
 2676 142c 22       		.byte	0x22
 2677 142d 661E0000 		.4byte	0x1e66
 2678 1431 04       		.byte	0x4
 2679 1432 0B       		.uleb128 0xb
ARM GAS  /tmp/ccQ4TWpz.s 			page 48


 2680 1433 BF050000 		.4byte	.LASF268
 2681 1437 1E       		.byte	0x1e
 2682 1438 B101     		.2byte	0x1b1
 2683 143a 21       		.byte	0x21
 2684 143b C3000000 		.4byte	0xc3
 2685 143f 08       		.byte	0x8
 2686 1440 0B       		.uleb128 0xb
 2687 1441 E0040000 		.4byte	.LASF269
 2688 1445 1E       		.byte	0x1e
 2689 1446 B501     		.2byte	0x1b5
 2690 1448 21       		.byte	0x21
 2691 1449 C3000000 		.4byte	0xc3
 2692 144d 0A       		.byte	0xa
 2693 144e 0A       		.uleb128 0xa
 2694 144f 65706300 		.ascii	"epc\000"
 2695 1453 1E       		.byte	0x1e
 2696 1454 B901     		.2byte	0x1b9
 2697 1456 22       		.byte	0x22
 2698 1457 6C1E0000 		.4byte	0x1e6c
 2699 145b 0C       		.byte	0xc
 2700 145c 0B       		.uleb128 0xb
 2701 145d 2B0F0000 		.4byte	.LASF270
 2702 1461 1E       		.byte	0x1e
 2703 1462 C001     		.2byte	0x1c0
 2704 1464 22       		.byte	0x22
 2705 1465 821E0000 		.4byte	0x1e82
 2706 1469 1C       		.byte	0x1c
 2707 146a 0B       		.uleb128 0xb
 2708 146b B4120000 		.4byte	.LASF271
 2709 146f 1E       		.byte	0x1e
 2710 1470 C701     		.2byte	0x1c7
 2711 1472 22       		.byte	0x22
 2712 1473 821E0000 		.4byte	0x1e82
 2713 1477 28       		.byte	0x28
 2714 1478 0B       		.uleb128 0xb
 2715 1479 4D040000 		.4byte	.LASF272
 2716 147d 1E       		.byte	0x1e
 2717 147e CB01     		.2byte	0x1cb
 2718 1480 21       		.byte	0x21
 2719 1481 A9150000 		.4byte	0x15a9
 2720 1485 34       		.byte	0x34
 2721 1486 0B       		.uleb128 0xb
 2722 1487 1F0A0000 		.4byte	.LASF273
 2723 148b 1E       		.byte	0x1e
 2724 148c CF01     		.2byte	0x1cf
 2725 148e 22       		.byte	0x22
 2726 148f 940B0000 		.4byte	0xb94
 2727 1493 38       		.byte	0x38
 2728 1494 0B       		.uleb128 0xb
 2729 1495 C9040000 		.4byte	.LASF274
 2730 1499 1E       		.byte	0x1e
 2731 149a D301     		.2byte	0x1d3
 2732 149c 21       		.byte	0x21
 2733 149d 24000000 		.4byte	0x24
 2734 14a1 3C       		.byte	0x3c
 2735 14a2 0B       		.uleb128 0xb
 2736 14a3 C8120000 		.4byte	.LASF275
ARM GAS  /tmp/ccQ4TWpz.s 			page 49


 2737 14a7 1E       		.byte	0x1e
 2738 14a8 D701     		.2byte	0x1d7
 2739 14aa 21       		.byte	0x21
 2740 14ab 36160000 		.4byte	0x1636
 2741 14af 40       		.byte	0x40
 2742 14b0 0B       		.uleb128 0xb
 2743 14b1 AC060000 		.4byte	.LASF276
 2744 14b5 1E       		.byte	0x1e
 2745 14b6 DB01     		.2byte	0x1db
 2746 14b8 21       		.byte	0x21
 2747 14b9 921E0000 		.4byte	0x1e92
 2748 14bd 44       		.byte	0x44
 2749 14be 0B       		.uleb128 0xb
 2750 14bf BC070000 		.4byte	.LASF277
 2751 14c3 1E       		.byte	0x1e
 2752 14c4 DF01     		.2byte	0x1df
 2753 14c6 21       		.byte	0x21
 2754 14c7 C3000000 		.4byte	0xc3
 2755 14cb 4C       		.byte	0x4c
 2756 14cc 0B       		.uleb128 0xb
 2757 14cd C8070000 		.4byte	.LASF278
 2758 14d1 1E       		.byte	0x1e
 2759 14d2 E301     		.2byte	0x1e3
 2760 14d4 21       		.byte	0x21
 2761 14d5 B2000000 		.4byte	0xb2
 2762 14d9 4E       		.byte	0x4e
 2763 14da 0B       		.uleb128 0xb
 2764 14db 26070000 		.4byte	.LASF279
 2765 14df 1E       		.byte	0x1e
 2766 14e0 E701     		.2byte	0x1e7
 2767 14e2 21       		.byte	0x21
 2768 14e3 B2000000 		.4byte	0xb2
 2769 14e7 4F       		.byte	0x4f
 2770 14e8 0B       		.uleb128 0xb
 2771 14e9 BB0D0000 		.4byte	.LASF280
 2772 14ed 1E       		.byte	0x1e
 2773 14ee EB01     		.2byte	0x1eb
 2774 14f0 21       		.byte	0x21
 2775 14f1 62150000 		.4byte	0x1562
 2776 14f5 50       		.byte	0x50
 2777 14f6 0A       		.uleb128 0xa
 2778 14f7 6F746700 		.ascii	"otg\000"
 2779 14fb 1E       		.byte	0x1e
 2780 14fc F301     		.2byte	0x1f3
 2781 14fe 22       		.byte	0x22
 2782 14ff A21E0000 		.4byte	0x1ea2
 2783 1503 54       		.byte	0x54
 2784 1504 0B       		.uleb128 0xb
 2785 1505 9F0C0000 		.4byte	.LASF281
 2786 1509 1E       		.byte	0x1e
 2787 150a F701     		.2byte	0x1f7
 2788 150c 22       		.byte	0x22
 2789 150d A81E0000 		.4byte	0x1ea8
 2790 1511 58       		.byte	0x58
 2791 1512 0B       		.uleb128 0xb
 2792 1513 26130000 		.4byte	.LASF282
 2793 1517 1E       		.byte	0x1e
ARM GAS  /tmp/ccQ4TWpz.s 			page 50


 2794 1518 FB01     		.2byte	0x1fb
 2795 151a 21       		.byte	0x21
 2796 151b E5000000 		.4byte	0xe5
 2797 151f 5C       		.byte	0x5c
 2798 1520 00       		.byte	0
 2799 1521 17       		.uleb128 0x17
 2800 1522 41120000 		.4byte	.LASF283
 2801 1526 1D       		.byte	0x1d
 2802 1527 0801     		.2byte	0x108
 2803 1529 11       		.byte	0x11
 2804 152a B2000000 		.4byte	0xb2
 2805 152e 20       		.uleb128 0x20
 2806 152f 07       		.byte	0x7
 2807 1530 01       		.byte	0x1
 2808 1531 58000000 		.4byte	0x58
 2809 1535 1D       		.byte	0x1d
 2810 1536 0D01     		.2byte	0x10d
 2811 1538 0E       		.byte	0xe
 2812 1539 62150000 		.4byte	0x1562
 2813 153d 1F       		.uleb128 0x1f
 2814 153e 210D0000 		.4byte	.LASF284
 2815 1542 00       		.byte	0
 2816 1543 1F       		.uleb128 0x1f
 2817 1544 C80B0000 		.4byte	.LASF285
 2818 1548 01       		.byte	0x1
 2819 1549 1F       		.uleb128 0x1f
 2820 154a E6090000 		.4byte	.LASF286
 2821 154e 02       		.byte	0x2
 2822 154f 1F       		.uleb128 0x1f
 2823 1550 06070000 		.4byte	.LASF287
 2824 1554 03       		.byte	0x3
 2825 1555 1F       		.uleb128 0x1f
 2826 1556 9E010000 		.4byte	.LASF288
 2827 155a 04       		.byte	0x4
 2828 155b 1F       		.uleb128 0x1f
 2829 155c 21030000 		.4byte	.LASF289
 2830 1560 05       		.byte	0x5
 2831 1561 00       		.byte	0
 2832 1562 17       		.uleb128 0x17
 2833 1563 0D090000 		.4byte	.LASF290
 2834 1567 1D       		.byte	0x1d
 2835 1568 1401     		.2byte	0x114
 2836 156a 03       		.byte	0x3
 2837 156b 2E150000 		.4byte	0x152e
 2838 156f 20       		.uleb128 0x20
 2839 1570 07       		.byte	0x7
 2840 1571 01       		.byte	0x1
 2841 1572 58000000 		.4byte	0x58
 2842 1576 1D       		.byte	0x1d
 2843 1577 2201     		.2byte	0x122
 2844 1579 0E       		.byte	0xe
 2845 157a A9150000 		.4byte	0x15a9
 2846 157e 1F       		.uleb128 0x1f
 2847 157f B4020000 		.4byte	.LASF291
 2848 1583 00       		.byte	0
 2849 1584 1F       		.uleb128 0x1f
 2850 1585 E2060000 		.4byte	.LASF292
ARM GAS  /tmp/ccQ4TWpz.s 			page 51


 2851 1589 09       		.byte	0x9
 2852 158a 1F       		.uleb128 0x1f
 2853 158b CB0E0000 		.4byte	.LASF293
 2854 158f 0A       		.byte	0xa
 2855 1590 1F       		.uleb128 0x1f
 2856 1591 24060000 		.4byte	.LASF294
 2857 1595 0B       		.byte	0xb
 2858 1596 1F       		.uleb128 0x1f
 2859 1597 6B0B0000 		.4byte	.LASF295
 2860 159b 14       		.byte	0x14
 2861 159c 1F       		.uleb128 0x1f
 2862 159d B1100000 		.4byte	.LASF296
 2863 15a1 15       		.byte	0x15
 2864 15a2 1F       		.uleb128 0x1f
 2865 15a3 CD0D0000 		.4byte	.LASF297
 2866 15a7 06       		.byte	0x6
 2867 15a8 00       		.byte	0
 2868 15a9 17       		.uleb128 0x17
 2869 15aa 0D020000 		.4byte	.LASF298
 2870 15ae 1D       		.byte	0x1d
 2871 15af 2A01     		.2byte	0x12a
 2872 15b1 03       		.byte	0x3
 2873 15b2 6F150000 		.4byte	0x156f
 2874 15b6 20       		.uleb128 0x20
 2875 15b7 07       		.byte	0x7
 2876 15b8 01       		.byte	0x1
 2877 15b9 58000000 		.4byte	0x58
 2878 15bd 1D       		.byte	0x1d
 2879 15be 2F01     		.2byte	0x12f
 2880 15c0 0E       		.byte	0xe
 2881 15c1 F0150000 		.4byte	0x15f0
 2882 15c5 1F       		.uleb128 0x1f
 2883 15c6 BD0F0000 		.4byte	.LASF299
 2884 15ca 00       		.byte	0
 2885 15cb 1F       		.uleb128 0x1f
 2886 15cc 5A020000 		.4byte	.LASF300
 2887 15d0 01       		.byte	0x1
 2888 15d1 1F       		.uleb128 0x1f
 2889 15d2 800E0000 		.4byte	.LASF301
 2890 15d6 02       		.byte	0x2
 2891 15d7 1F       		.uleb128 0x1f
 2892 15d8 BB0C0000 		.4byte	.LASF302
 2893 15dc 03       		.byte	0x3
 2894 15dd 1F       		.uleb128 0x1f
 2895 15de A2120000 		.4byte	.LASF303
 2896 15e2 04       		.byte	0x4
 2897 15e3 1F       		.uleb128 0x1f
 2898 15e4 9D090000 		.4byte	.LASF304
 2899 15e8 05       		.byte	0x5
 2900 15e9 1F       		.uleb128 0x1f
 2901 15ea 8A030000 		.4byte	.LASF305
 2902 15ee 06       		.byte	0x6
 2903 15ef 00       		.byte	0
 2904 15f0 17       		.uleb128 0x17
 2905 15f1 C9060000 		.4byte	.LASF306
 2906 15f5 1D       		.byte	0x1d
 2907 15f6 3701     		.2byte	0x137
ARM GAS  /tmp/ccQ4TWpz.s 			page 52


 2908 15f8 03       		.byte	0x3
 2909 15f9 B6150000 		.4byte	0x15b6
 2910 15fd 16       		.uleb128 0x16
 2911 15fe 08       		.byte	0x8
 2912 15ff 1D       		.byte	0x1d
 2913 1600 3C01     		.2byte	0x13c
 2914 1602 09       		.byte	0x9
 2915 1603 24160000 		.4byte	0x1624
 2916 1607 0B       		.uleb128 0xb
 2917 1608 F9060000 		.4byte	.LASF307
 2918 160c 1D       		.byte	0x1d
 2919 160d 4001     		.2byte	0x140
 2920 160f 21       		.byte	0x21
 2921 1610 24000000 		.4byte	0x24
 2922 1614 00       		.byte	0
 2923 1615 0B       		.uleb128 0xb
 2924 1616 2D050000 		.4byte	.LASF308
 2925 161a 1D       		.byte	0x1d
 2926 161b 4401     		.2byte	0x144
 2927 161d 22       		.byte	0x22
 2928 161e 380F0000 		.4byte	0xf38
 2929 1622 04       		.byte	0x4
 2930 1623 00       		.byte	0
 2931 1624 17       		.uleb128 0x17
 2932 1625 8B060000 		.4byte	.LASF309
 2933 1629 1D       		.byte	0x1d
 2934 162a 4501     		.2byte	0x145
 2935 162c 03       		.byte	0x3
 2936 162d FD150000 		.4byte	0x15fd
 2937 1631 05       		.uleb128 0x5
 2938 1632 24160000 		.4byte	0x1624
 2939 1636 17       		.uleb128 0x17
 2940 1637 45100000 		.4byte	.LASF310
 2941 163b 1D       		.byte	0x1d
 2942 163c 4D01     		.2byte	0x14d
 2943 163e 10       		.byte	0x10
 2944 163f 43160000 		.4byte	0x1643
 2945 1643 0C       		.uleb128 0xc
 2946 1644 04       		.byte	0x4
 2947 1645 49160000 		.4byte	0x1649
 2948 1649 0E       		.uleb128 0xe
 2949 164a 54160000 		.4byte	0x1654
 2950 164e 0F       		.uleb128 0xf
 2951 164f 54160000 		.4byte	0x1654
 2952 1653 00       		.byte	0
 2953 1654 0C       		.uleb128 0xc
 2954 1655 04       		.byte	0x4
 2955 1656 FB130000 		.4byte	0x13fb
 2956 165a 17       		.uleb128 0x17
 2957 165b 3E0A0000 		.4byte	.LASF311
 2958 165f 1D       		.byte	0x1d
 2959 1660 5601     		.2byte	0x156
 2960 1662 10       		.byte	0x10
 2961 1663 67160000 		.4byte	0x1667
 2962 1667 0C       		.uleb128 0xc
 2963 1668 04       		.byte	0x4
 2964 1669 6D160000 		.4byte	0x166d
ARM GAS  /tmp/ccQ4TWpz.s 			page 53


 2965 166d 0E       		.uleb128 0xe
 2966 166e 7D160000 		.4byte	0x167d
 2967 1672 0F       		.uleb128 0xf
 2968 1673 54160000 		.4byte	0x1654
 2969 1677 0F       		.uleb128 0xf
 2970 1678 21150000 		.4byte	0x1521
 2971 167c 00       		.byte	0
 2972 167d 17       		.uleb128 0x17
 2973 167e 71050000 		.4byte	.LASF312
 2974 1682 1D       		.byte	0x1d
 2975 1683 5F01     		.2byte	0x15f
 2976 1685 10       		.byte	0x10
 2977 1686 8A160000 		.4byte	0x168a
 2978 168a 0C       		.uleb128 0xc
 2979 168b 04       		.byte	0x4
 2980 168c 90160000 		.4byte	0x1690
 2981 1690 0E       		.uleb128 0xe
 2982 1691 A0160000 		.4byte	0x16a0
 2983 1695 0F       		.uleb128 0xf
 2984 1696 54160000 		.4byte	0x1654
 2985 169a 0F       		.uleb128 0xf
 2986 169b F0150000 		.4byte	0x15f0
 2987 169f 00       		.byte	0
 2988 16a0 17       		.uleb128 0x17
 2989 16a1 2D100000 		.4byte	.LASF313
 2990 16a5 1D       		.byte	0x1d
 2991 16a6 6B01     		.2byte	0x16b
 2992 16a8 10       		.byte	0x10
 2993 16a9 AD160000 		.4byte	0x16ad
 2994 16ad 0C       		.uleb128 0xc
 2995 16ae 04       		.byte	0x4
 2996 16af B3160000 		.4byte	0x16b3
 2997 16b3 1D       		.uleb128 0x1d
 2998 16b4 430B0000 		.4byte	0xb43
 2999 16b8 C2160000 		.4byte	0x16c2
 3000 16bc 0F       		.uleb128 0xf
 3001 16bd 54160000 		.4byte	0x1654
 3002 16c1 00       		.byte	0
 3003 16c2 17       		.uleb128 0x17
 3004 16c3 010F0000 		.4byte	.LASF314
 3005 16c7 1D       		.byte	0x1d
 3006 16c8 7001     		.2byte	0x170
 3007 16ca 21       		.byte	0x21
 3008 16cb CF160000 		.4byte	0x16cf
 3009 16cf 0C       		.uleb128 0xc
 3010 16d0 04       		.byte	0x4
 3011 16d1 D5160000 		.4byte	0x16d5
 3012 16d5 1D       		.uleb128 0x1d
 3013 16d6 F3160000 		.4byte	0x16f3
 3014 16da F3160000 		.4byte	0x16f3
 3015 16de 0F       		.uleb128 0xf
 3016 16df 54160000 		.4byte	0x1654
 3017 16e3 0F       		.uleb128 0xf
 3018 16e4 B2000000 		.4byte	0xb2
 3019 16e8 0F       		.uleb128 0xf
 3020 16e9 B2000000 		.4byte	0xb2
 3021 16ed 0F       		.uleb128 0xf
ARM GAS  /tmp/ccQ4TWpz.s 			page 54


 3022 16ee C3000000 		.4byte	0xc3
 3023 16f2 00       		.byte	0
 3024 16f3 0C       		.uleb128 0xc
 3025 16f4 04       		.byte	0x4
 3026 16f5 31160000 		.4byte	0x1631
 3027 16f9 15       		.uleb128 0x15
 3028 16fa 20       		.byte	0x20
 3029 16fb 1F       		.byte	0x1f
 3030 16fc 29       		.byte	0x29
 3031 16fd 09       		.byte	0x9
 3032 16fe 6B170000 		.4byte	0x176b
 3033 1702 08       		.uleb128 0x8
 3034 1703 94040000 		.4byte	.LASF315
 3035 1707 1F       		.byte	0x1f
 3036 1708 2A       		.byte	0x2a
 3037 1709 15       		.byte	0x15
 3038 170a F1000000 		.4byte	0xf1
 3039 170e 00       		.byte	0
 3040 170f 08       		.uleb128 0x8
 3041 1710 B2000000 		.4byte	.LASF316
 3042 1714 1F       		.byte	0x1f
 3043 1715 2C       		.byte	0x2c
 3044 1716 15       		.byte	0x15
 3045 1717 F1000000 		.4byte	0xf1
 3046 171b 04       		.byte	0x4
 3047 171c 08       		.uleb128 0x8
 3048 171d DE0A0000 		.4byte	.LASF317
 3049 1721 1F       		.byte	0x1f
 3050 1722 2D       		.byte	0x2d
 3051 1723 15       		.byte	0x15
 3052 1724 F1000000 		.4byte	0xf1
 3053 1728 08       		.byte	0x8
 3054 1729 08       		.uleb128 0x8
 3055 172a AD0D0000 		.4byte	.LASF318
 3056 172e 1F       		.byte	0x1f
 3057 172f 2E       		.byte	0x2e
 3058 1730 15       		.byte	0x15
 3059 1731 F1000000 		.4byte	0xf1
 3060 1735 0C       		.byte	0xc
 3061 1736 08       		.uleb128 0x8
 3062 1737 D1050000 		.4byte	.LASF319
 3063 173b 1F       		.byte	0x1f
 3064 173c 30       		.byte	0x30
 3065 173d 15       		.byte	0x15
 3066 173e F1000000 		.4byte	0xf1
 3067 1742 10       		.byte	0x10
 3068 1743 08       		.uleb128 0x8
 3069 1744 CD0F0000 		.4byte	.LASF320
 3070 1748 1F       		.byte	0x1f
 3071 1749 32       		.byte	0x32
 3072 174a 15       		.byte	0x15
 3073 174b F1000000 		.4byte	0xf1
 3074 174f 14       		.byte	0x14
 3075 1750 08       		.uleb128 0x8
 3076 1751 DE0F0000 		.4byte	.LASF321
 3077 1755 1F       		.byte	0x1f
 3078 1756 33       		.byte	0x33
ARM GAS  /tmp/ccQ4TWpz.s 			page 55


 3079 1757 15       		.byte	0x15
 3080 1758 F1000000 		.4byte	0xf1
 3081 175c 18       		.byte	0x18
 3082 175d 08       		.uleb128 0x8
 3083 175e 25100000 		.4byte	.LASF322
 3084 1762 1F       		.byte	0x1f
 3085 1763 34       		.byte	0x34
 3086 1764 15       		.byte	0x15
 3087 1765 F1000000 		.4byte	0xf1
 3088 1769 1C       		.byte	0x1c
 3089 176a 00       		.byte	0
 3090 176b 03       		.uleb128 0x3
 3091 176c 88050000 		.4byte	.LASF323
 3092 1770 1F       		.byte	0x1f
 3093 1771 35       		.byte	0x35
 3094 1772 03       		.byte	0x3
 3095 1773 F9160000 		.4byte	0x16f9
 3096 1777 15       		.uleb128 0x15
 3097 1778 20       		.byte	0x20
 3098 1779 1F       		.byte	0x1f
 3099 177a 3A       		.byte	0x3a
 3100 177b 09       		.byte	0x9
 3101 177c E9170000 		.4byte	0x17e9
 3102 1780 08       		.uleb128 0x8
 3103 1781 3D100000 		.4byte	.LASF324
 3104 1785 1F       		.byte	0x1f
 3105 1786 3B       		.byte	0x3b
 3106 1787 15       		.byte	0x15
 3107 1788 F1000000 		.4byte	0xf1
 3108 178c 00       		.byte	0
 3109 178d 08       		.uleb128 0x8
 3110 178e 96000000 		.4byte	.LASF325
 3111 1792 1F       		.byte	0x1f
 3112 1793 3D       		.byte	0x3d
 3113 1794 15       		.byte	0x15
 3114 1795 F1000000 		.4byte	0xf1
 3115 1799 04       		.byte	0x4
 3116 179a 08       		.uleb128 0x8
 3117 179b A0100000 		.4byte	.LASF326
 3118 179f 1F       		.byte	0x1f
 3119 17a0 3E       		.byte	0x3e
 3120 17a1 15       		.byte	0x15
 3121 17a2 F1000000 		.4byte	0xf1
 3122 17a6 08       		.byte	0x8
 3123 17a7 08       		.uleb128 0x8
 3124 17a8 C8000000 		.4byte	.LASF327
 3125 17ac 1F       		.byte	0x1f
 3126 17ad 40       		.byte	0x40
 3127 17ae 15       		.byte	0x15
 3128 17af F1000000 		.4byte	0xf1
 3129 17b3 0C       		.byte	0xc
 3130 17b4 08       		.uleb128 0x8
 3131 17b5 65040000 		.4byte	.LASF328
 3132 17b9 1F       		.byte	0x1f
 3133 17ba 41       		.byte	0x41
 3134 17bb 15       		.byte	0x15
 3135 17bc F1000000 		.4byte	0xf1
ARM GAS  /tmp/ccQ4TWpz.s 			page 56


 3136 17c0 10       		.byte	0x10
 3137 17c1 08       		.uleb128 0x8
 3138 17c2 CD0F0000 		.4byte	.LASF320
 3139 17c6 1F       		.byte	0x1f
 3140 17c7 43       		.byte	0x43
 3141 17c8 15       		.byte	0x15
 3142 17c9 F1000000 		.4byte	0xf1
 3143 17cd 14       		.byte	0x14
 3144 17ce 08       		.uleb128 0x8
 3145 17cf E60F0000 		.4byte	.LASF329
 3146 17d3 1F       		.byte	0x1f
 3147 17d4 44       		.byte	0x44
 3148 17d5 15       		.byte	0x15
 3149 17d6 F1000000 		.4byte	0xf1
 3150 17da 18       		.byte	0x18
 3151 17db 08       		.uleb128 0x8
 3152 17dc EE0F0000 		.4byte	.LASF330
 3153 17e0 1F       		.byte	0x1f
 3154 17e1 46       		.byte	0x46
 3155 17e2 15       		.byte	0x15
 3156 17e3 F1000000 		.4byte	0xf1
 3157 17e7 1C       		.byte	0x1c
 3158 17e8 00       		.byte	0
 3159 17e9 03       		.uleb128 0x3
 3160 17ea 3C0E0000 		.4byte	.LASF331
 3161 17ee 1F       		.byte	0x1f
 3162 17ef 47       		.byte	0x47
 3163 17f0 03       		.byte	0x3
 3164 17f1 77170000 		.4byte	0x1777
 3165 17f5 15       		.uleb128 0x15
 3166 17f6 20       		.byte	0x20
 3167 17f7 1F       		.byte	0x1f
 3168 17f8 4C       		.byte	0x4c
 3169 17f9 09       		.byte	0x9
 3170 17fa 67180000 		.4byte	0x1867
 3171 17fe 08       		.uleb128 0x8
 3172 17ff 47030000 		.4byte	.LASF332
 3173 1803 1F       		.byte	0x1f
 3174 1804 4D       		.byte	0x4d
 3175 1805 15       		.byte	0x15
 3176 1806 F1000000 		.4byte	0xf1
 3177 180a 00       		.byte	0
 3178 180b 08       		.uleb128 0x8
 3179 180c 96000000 		.4byte	.LASF325
 3180 1810 1F       		.byte	0x1f
 3181 1811 4F       		.byte	0x4f
 3182 1812 15       		.byte	0x15
 3183 1813 F1000000 		.4byte	0xf1
 3184 1817 04       		.byte	0x4
 3185 1818 08       		.uleb128 0x8
 3186 1819 A2030000 		.4byte	.LASF333
 3187 181d 1F       		.byte	0x1f
 3188 181e 50       		.byte	0x50
 3189 181f 15       		.byte	0x15
 3190 1820 F1000000 		.4byte	0xf1
 3191 1824 08       		.byte	0x8
 3192 1825 08       		.uleb128 0x8
ARM GAS  /tmp/ccQ4TWpz.s 			page 57


 3193 1826 C8000000 		.4byte	.LASF327
 3194 182a 1F       		.byte	0x1f
 3195 182b 52       		.byte	0x52
 3196 182c 15       		.byte	0x15
 3197 182d F1000000 		.4byte	0xf1
 3198 1831 0C       		.byte	0xc
 3199 1832 08       		.uleb128 0x8
 3200 1833 990A0000 		.4byte	.LASF334
 3201 1837 1F       		.byte	0x1f
 3202 1838 53       		.byte	0x53
 3203 1839 15       		.byte	0x15
 3204 183a F1000000 		.4byte	0xf1
 3205 183e 10       		.byte	0x10
 3206 183f 08       		.uleb128 0x8
 3207 1840 CD0F0000 		.4byte	.LASF320
 3208 1844 1F       		.byte	0x1f
 3209 1845 55       		.byte	0x55
 3210 1846 15       		.byte	0x15
 3211 1847 F1000000 		.4byte	0xf1
 3212 184b 14       		.byte	0x14
 3213 184c 08       		.uleb128 0x8
 3214 184d DE0F0000 		.4byte	.LASF321
 3215 1851 1F       		.byte	0x1f
 3216 1852 56       		.byte	0x56
 3217 1853 15       		.byte	0x15
 3218 1854 F1000000 		.4byte	0xf1
 3219 1858 18       		.byte	0x18
 3220 1859 08       		.uleb128 0x8
 3221 185a EE0F0000 		.4byte	.LASF330
 3222 185e 1F       		.byte	0x1f
 3223 185f 57       		.byte	0x57
 3224 1860 15       		.byte	0x15
 3225 1861 F1000000 		.4byte	0xf1
 3226 1865 1C       		.byte	0x1c
 3227 1866 00       		.byte	0
 3228 1867 03       		.uleb128 0x3
 3229 1868 B1040000 		.4byte	.LASF335
 3230 186c 1F       		.byte	0x1f
 3231 186d 58       		.byte	0x58
 3232 186e 03       		.byte	0x3
 3233 186f F5170000 		.4byte	0x17f5
 3234 1873 21       		.uleb128 0x21
 3235 1874 00100100 		.4byte	0x11000
 3236 1878 1F       		.byte	0x1f
 3237 1879 5D       		.byte	0x5d
 3238 187a 09       		.byte	0x9
 3239 187b 8A1B0000 		.4byte	0x1b8a
 3240 187f 08       		.uleb128 0x8
 3241 1880 70090000 		.4byte	.LASF336
 3242 1884 1F       		.byte	0x1f
 3243 1885 5E       		.byte	0x5e
 3244 1886 15       		.byte	0x15
 3245 1887 F1000000 		.4byte	0xf1
 3246 188b 00       		.byte	0
 3247 188c 08       		.uleb128 0x8
 3248 188d C8090000 		.4byte	.LASF337
 3249 1891 1F       		.byte	0x1f
ARM GAS  /tmp/ccQ4TWpz.s 			page 58


 3250 1892 5F       		.byte	0x5f
 3251 1893 15       		.byte	0x15
 3252 1894 F1000000 		.4byte	0xf1
 3253 1898 04       		.byte	0x4
 3254 1899 08       		.uleb128 0x8
 3255 189a 05080000 		.4byte	.LASF338
 3256 189e 1F       		.byte	0x1f
 3257 189f 60       		.byte	0x60
 3258 18a0 15       		.byte	0x15
 3259 18a1 F1000000 		.4byte	0xf1
 3260 18a5 08       		.byte	0x8
 3261 18a6 08       		.uleb128 0x8
 3262 18a7 B4070000 		.4byte	.LASF339
 3263 18ab 1F       		.byte	0x1f
 3264 18ac 61       		.byte	0x61
 3265 18ad 15       		.byte	0x15
 3266 18ae F1000000 		.4byte	0xf1
 3267 18b2 0C       		.byte	0xc
 3268 18b3 08       		.uleb128 0x8
 3269 18b4 53100000 		.4byte	.LASF340
 3270 18b8 1F       		.byte	0x1f
 3271 18b9 62       		.byte	0x62
 3272 18ba 15       		.byte	0x15
 3273 18bb F1000000 		.4byte	0xf1
 3274 18bf 10       		.byte	0x10
 3275 18c0 08       		.uleb128 0x8
 3276 18c1 5B100000 		.4byte	.LASF341
 3277 18c5 1F       		.byte	0x1f
 3278 18c6 63       		.byte	0x63
 3279 18c7 15       		.byte	0x15
 3280 18c8 F1000000 		.4byte	0xf1
 3281 18cc 14       		.byte	0x14
 3282 18cd 08       		.uleb128 0x8
 3283 18ce E20B0000 		.4byte	.LASF342
 3284 18d2 1F       		.byte	0x1f
 3285 18d3 64       		.byte	0x64
 3286 18d4 15       		.byte	0x15
 3287 18d5 F1000000 		.4byte	0xf1
 3288 18d9 18       		.byte	0x18
 3289 18da 08       		.uleb128 0x8
 3290 18db 95090000 		.4byte	.LASF343
 3291 18df 1F       		.byte	0x1f
 3292 18e0 65       		.byte	0x65
 3293 18e1 15       		.byte	0x15
 3294 18e2 F1000000 		.4byte	0xf1
 3295 18e6 1C       		.byte	0x1c
 3296 18e7 08       		.uleb128 0x8
 3297 18e8 F0090000 		.4byte	.LASF344
 3298 18ec 1F       		.byte	0x1f
 3299 18ed 67       		.byte	0x67
 3300 18ee 15       		.byte	0x15
 3301 18ef F1000000 		.4byte	0xf1
 3302 18f3 20       		.byte	0x20
 3303 18f4 08       		.uleb128 0x8
 3304 18f5 3A070000 		.4byte	.LASF345
 3305 18f9 1F       		.byte	0x1f
 3306 18fa 69       		.byte	0x69
ARM GAS  /tmp/ccQ4TWpz.s 			page 59


 3307 18fb 15       		.byte	0x15
 3308 18fc F1000000 		.4byte	0xf1
 3309 1900 24       		.byte	0x24
 3310 1901 08       		.uleb128 0x8
 3311 1902 6C020000 		.4byte	.LASF346
 3312 1906 1F       		.byte	0x1f
 3313 1907 6A       		.byte	0x6a
 3314 1908 15       		.byte	0x15
 3315 1909 F1000000 		.4byte	0xf1
 3316 190d 28       		.byte	0x28
 3317 190e 08       		.uleb128 0x8
 3318 190f A8100000 		.4byte	.LASF347
 3319 1913 1F       		.byte	0x1f
 3320 1914 6C       		.byte	0x6c
 3321 1915 15       		.byte	0x15
 3322 1916 F1000000 		.4byte	0xf1
 3323 191a 2C       		.byte	0x2c
 3324 191b 08       		.uleb128 0x8
 3325 191c 13120000 		.4byte	.LASF348
 3326 1920 1F       		.byte	0x1f
 3327 1921 6E       		.byte	0x6e
 3328 1922 15       		.byte	0x15
 3329 1923 F1000000 		.4byte	0xf1
 3330 1927 30       		.byte	0x30
 3331 1928 08       		.uleb128 0x8
 3332 1929 25120000 		.4byte	.LASF349
 3333 192d 1F       		.byte	0x1f
 3334 192e 6F       		.byte	0x6f
 3335 192f 15       		.byte	0x15
 3336 1930 F1000000 		.4byte	0xf1
 3337 1934 34       		.byte	0x34
 3338 1935 08       		.uleb128 0x8
 3339 1936 47040000 		.4byte	.LASF350
 3340 193a 1F       		.byte	0x1f
 3341 193b 70       		.byte	0x70
 3342 193c 15       		.byte	0x15
 3343 193d F1000000 		.4byte	0xf1
 3344 1941 38       		.byte	0x38
 3345 1942 09       		.uleb128 0x9
 3346 1943 43494400 		.ascii	"CID\000"
 3347 1947 1F       		.byte	0x1f
 3348 1948 71       		.byte	0x71
 3349 1949 15       		.byte	0x15
 3350 194a F1000000 		.4byte	0xf1
 3351 194e 3C       		.byte	0x3c
 3352 194f 08       		.uleb128 0x8
 3353 1950 F3120000 		.4byte	.LASF351
 3354 1954 1F       		.byte	0x1f
 3355 1955 72       		.byte	0x72
 3356 1956 15       		.byte	0x15
 3357 1957 9A1B0000 		.4byte	0x1b9a
 3358 195b 40       		.byte	0x40
 3359 195c 22       		.uleb128 0x22
 3360 195d 510D0000 		.4byte	.LASF352
 3361 1961 1F       		.byte	0x1f
 3362 1962 73       		.byte	0x73
 3363 1963 15       		.byte	0x15
ARM GAS  /tmp/ccQ4TWpz.s 			page 60


 3364 1964 F1000000 		.4byte	0xf1
 3365 1968 0001     		.2byte	0x100
 3366 196a 22       		.uleb128 0x22
 3367 196b 6A070000 		.4byte	.LASF353
 3368 196f 1F       		.byte	0x1f
 3369 1970 75       		.byte	0x75
 3370 1971 15       		.byte	0x15
 3371 1972 13080000 		.4byte	0x813
 3372 1976 0401     		.2byte	0x104
 3373 1978 22       		.uleb128 0x22
 3374 1979 50130000 		.4byte	.LASF354
 3375 197d 1F       		.byte	0x1f
 3376 197e 77       		.byte	0x77
 3377 197f 15       		.byte	0x15
 3378 1980 AF1B0000 		.4byte	0x1baf
 3379 1984 4001     		.2byte	0x140
 3380 1986 22       		.uleb128 0x22
 3381 1987 8F040000 		.4byte	.LASF355
 3382 198b 1F       		.byte	0x1f
 3383 198c 78       		.byte	0x78
 3384 198d 15       		.byte	0x15
 3385 198e F1000000 		.4byte	0xf1
 3386 1992 0004     		.2byte	0x400
 3387 1994 22       		.uleb128 0x22
 3388 1995 13010000 		.4byte	.LASF356
 3389 1999 1F       		.byte	0x1f
 3390 199a 79       		.byte	0x79
 3391 199b 15       		.byte	0x15
 3392 199c F1000000 		.4byte	0xf1
 3393 19a0 0404     		.2byte	0x404
 3394 19a2 22       		.uleb128 0x22
 3395 19a3 65050000 		.4byte	.LASF357
 3396 19a7 1F       		.byte	0x1f
 3397 19a8 7A       		.byte	0x7a
 3398 19a9 15       		.byte	0x15
 3399 19aa F1000000 		.4byte	0xf1
 3400 19ae 0804     		.2byte	0x408
 3401 19b0 22       		.uleb128 0x22
 3402 19b1 5B090000 		.4byte	.LASF358
 3403 19b5 1F       		.byte	0x1f
 3404 19b6 7C       		.byte	0x7c
 3405 19b7 15       		.byte	0x15
 3406 19b8 F1000000 		.4byte	0xf1
 3407 19bc 0C04     		.2byte	0x40c
 3408 19be 22       		.uleb128 0x22
 3409 19bf 7C070000 		.4byte	.LASF359
 3410 19c3 1F       		.byte	0x1f
 3411 19c4 7D       		.byte	0x7d
 3412 19c5 15       		.byte	0x15
 3413 19c6 F1000000 		.4byte	0xf1
 3414 19ca 1004     		.2byte	0x410
 3415 19cc 22       		.uleb128 0x22
 3416 19cd 34070000 		.4byte	.LASF360
 3417 19d1 1F       		.byte	0x1f
 3418 19d2 7F       		.byte	0x7f
 3419 19d3 15       		.byte	0x15
 3420 19d4 F1000000 		.4byte	0xf1
ARM GAS  /tmp/ccQ4TWpz.s 			page 61


 3421 19d8 1404     		.2byte	0x414
 3422 19da 22       		.uleb128 0x22
 3423 19db B50B0000 		.4byte	.LASF361
 3424 19df 1F       		.byte	0x1f
 3425 19e0 81       		.byte	0x81
 3426 19e1 15       		.byte	0x15
 3427 19e2 F1000000 		.4byte	0xf1
 3428 19e6 1804     		.2byte	0x418
 3429 19e8 22       		.uleb128 0x22
 3430 19e9 F80E0000 		.4byte	.LASF362
 3431 19ed 1F       		.byte	0x1f
 3432 19ee 83       		.byte	0x83
 3433 19ef 15       		.byte	0x15
 3434 19f0 C41B0000 		.4byte	0x1bc4
 3435 19f4 1C04     		.2byte	0x41c
 3436 19f6 22       		.uleb128 0x22
 3437 19f7 970D0000 		.4byte	.LASF363
 3438 19fb 1F       		.byte	0x1f
 3439 19fc 84       		.byte	0x84
 3440 19fd 15       		.byte	0x15
 3441 19fe F1000000 		.4byte	0xf1
 3442 1a02 4004     		.2byte	0x440
 3443 1a04 22       		.uleb128 0x22
 3444 1a05 8C0B0000 		.4byte	.LASF364
 3445 1a09 1F       		.byte	0x1f
 3446 1a0a 86       		.byte	0x86
 3447 1a0b 15       		.byte	0x15
 3448 1a0c D91B0000 		.4byte	0x1bd9
 3449 1a10 4404     		.2byte	0x444
 3450 1a12 23       		.uleb128 0x23
 3451 1a13 686300   		.ascii	"hc\000"
 3452 1a16 1F       		.byte	0x1f
 3453 1a17 87       		.byte	0x87
 3454 1a18 18       		.byte	0x18
 3455 1a19 DE1B0000 		.4byte	0x1bde
 3456 1a1d 0005     		.2byte	0x500
 3457 1a1f 22       		.uleb128 0x22
 3458 1a20 6E010000 		.4byte	.LASF365
 3459 1a24 1F       		.byte	0x1f
 3460 1a25 88       		.byte	0x88
 3461 1a26 15       		.byte	0x15
 3462 1a27 FE1B0000 		.4byte	0x1bfe
 3463 1a2b 0007     		.2byte	0x700
 3464 1a2d 22       		.uleb128 0x22
 3465 1a2e 39040000 		.4byte	.LASF366
 3466 1a32 1F       		.byte	0x1f
 3467 1a33 89       		.byte	0x89
 3468 1a34 15       		.byte	0x15
 3469 1a35 F1000000 		.4byte	0xf1
 3470 1a39 0008     		.2byte	0x800
 3471 1a3b 22       		.uleb128 0x22
 3472 1a3c EA020000 		.4byte	.LASF367
 3473 1a40 1F       		.byte	0x1f
 3474 1a41 8A       		.byte	0x8a
 3475 1a42 15       		.byte	0x15
 3476 1a43 F1000000 		.4byte	0xf1
 3477 1a47 0408     		.2byte	0x804
ARM GAS  /tmp/ccQ4TWpz.s 			page 62


 3478 1a49 22       		.uleb128 0x22
 3479 1a4a 75120000 		.4byte	.LASF368
 3480 1a4e 1F       		.byte	0x1f
 3481 1a4f 8B       		.byte	0x8b
 3482 1a50 15       		.byte	0x15
 3483 1a51 F1000000 		.4byte	0xf1
 3484 1a55 0808     		.2byte	0x808
 3485 1a57 22       		.uleb128 0x22
 3486 1a58 FD050000 		.4byte	.LASF369
 3487 1a5c 1F       		.byte	0x1f
 3488 1a5d 8C       		.byte	0x8c
 3489 1a5e 15       		.byte	0x15
 3490 1a5f F1000000 		.4byte	0xf1
 3491 1a63 0C08     		.2byte	0x80c
 3492 1a65 22       		.uleb128 0x22
 3493 1a66 F60F0000 		.4byte	.LASF370
 3494 1a6a 1F       		.byte	0x1f
 3495 1a6b 8D       		.byte	0x8d
 3496 1a6c 15       		.byte	0x15
 3497 1a6d F1000000 		.4byte	0xf1
 3498 1a71 1008     		.2byte	0x810
 3499 1a73 22       		.uleb128 0x22
 3500 1a74 FB020000 		.4byte	.LASF371
 3501 1a78 1F       		.byte	0x1f
 3502 1a79 8F       		.byte	0x8f
 3503 1a7a 15       		.byte	0x15
 3504 1a7b F1000000 		.4byte	0xf1
 3505 1a7f 1408     		.2byte	0x814
 3506 1a81 22       		.uleb128 0x22
 3507 1a82 F5020000 		.4byte	.LASF372
 3508 1a86 1F       		.byte	0x1f
 3509 1a87 91       		.byte	0x91
 3510 1a88 15       		.byte	0x15
 3511 1a89 F1000000 		.4byte	0xf1
 3512 1a8d 1808     		.2byte	0x818
 3513 1a8f 22       		.uleb128 0x22
 3514 1a90 130E0000 		.4byte	.LASF373
 3515 1a94 1F       		.byte	0x1f
 3516 1a95 93       		.byte	0x93
 3517 1a96 15       		.byte	0x15
 3518 1a97 F1000000 		.4byte	0xf1
 3519 1a9b 1C08     		.2byte	0x81c
 3520 1a9d 22       		.uleb128 0x22
 3521 1a9e EB050000 		.4byte	.LASF374
 3522 1aa2 1F       		.byte	0x1f
 3523 1aa3 95       		.byte	0x95
 3524 1aa4 15       		.byte	0x15
 3525 1aa5 F1000000 		.4byte	0xf1
 3526 1aa9 2008     		.2byte	0x820
 3527 1aab 22       		.uleb128 0x22
 3528 1aac F4050000 		.4byte	.LASF375
 3529 1ab0 1F       		.byte	0x1f
 3530 1ab1 96       		.byte	0x96
 3531 1ab2 15       		.byte	0x15
 3532 1ab3 F1000000 		.4byte	0xf1
 3533 1ab7 2408     		.2byte	0x824
 3534 1ab9 22       		.uleb128 0x22
ARM GAS  /tmp/ccQ4TWpz.s 			page 63


 3535 1aba 330E0000 		.4byte	.LASF376
 3536 1abe 1F       		.byte	0x1f
 3537 1abf 97       		.byte	0x97
 3538 1ac0 15       		.byte	0x15
 3539 1ac1 F1000000 		.4byte	0xf1
 3540 1ac5 2808     		.2byte	0x828
 3541 1ac7 22       		.uleb128 0x22
 3542 1ac8 19060000 		.4byte	.LASF377
 3543 1acc 1F       		.byte	0x1f
 3544 1acd 99       		.byte	0x99
 3545 1ace 15       		.byte	0x15
 3546 1acf F1000000 		.4byte	0xf1
 3547 1ad3 2C08     		.2byte	0x82c
 3548 1ad5 22       		.uleb128 0x22
 3549 1ad6 B20C0000 		.4byte	.LASF378
 3550 1ada 1F       		.byte	0x1f
 3551 1adb 9B       		.byte	0x9b
 3552 1adc 15       		.byte	0x15
 3553 1add F1000000 		.4byte	0xf1
 3554 1ae1 3008     		.2byte	0x830
 3555 1ae3 22       		.uleb128 0x22
 3556 1ae4 80060000 		.4byte	.LASF379
 3557 1ae8 1F       		.byte	0x1f
 3558 1ae9 9C       		.byte	0x9c
 3559 1aea 15       		.byte	0x15
 3560 1aeb F1000000 		.4byte	0xf1
 3561 1aef 3408     		.2byte	0x834
 3562 1af1 22       		.uleb128 0x22
 3563 1af2 350A0000 		.4byte	.LASF380
 3564 1af6 1F       		.byte	0x1f
 3565 1af7 9E       		.byte	0x9e
 3566 1af8 15       		.byte	0x15
 3567 1af9 F1000000 		.4byte	0xf1
 3568 1afd 3808     		.2byte	0x838
 3569 1aff 22       		.uleb128 0x22
 3570 1b00 6A0A0000 		.4byte	.LASF381
 3571 1b04 1F       		.byte	0x1f
 3572 1b05 9F       		.byte	0x9f
 3573 1b06 15       		.byte	0x15
 3574 1b07 F1000000 		.4byte	0xf1
 3575 1b0b 3C08     		.2byte	0x83c
 3576 1b0d 22       		.uleb128 0x22
 3577 1b0e 48070000 		.4byte	.LASF382
 3578 1b12 1F       		.byte	0x1f
 3579 1b13 A0       		.byte	0xa0
 3580 1b14 15       		.byte	0x15
 3581 1b15 131C0000 		.4byte	0x1c13
 3582 1b19 4008     		.2byte	0x840
 3583 1b1b 22       		.uleb128 0x22
 3584 1b1c 540A0000 		.4byte	.LASF383
 3585 1b20 1F       		.byte	0x1f
 3586 1b21 A1       		.byte	0xa1
 3587 1b22 15       		.byte	0x15
 3588 1b23 131C0000 		.4byte	0x1c13
 3589 1b27 8008     		.2byte	0x880
 3590 1b29 22       		.uleb128 0x22
 3591 1b2a 3E040000 		.4byte	.LASF384
ARM GAS  /tmp/ccQ4TWpz.s 			page 64


 3592 1b2e 1F       		.byte	0x1f
 3593 1b2f A2       		.byte	0xa2
 3594 1b30 15       		.byte	0x15
 3595 1b31 131C0000 		.4byte	0x1c13
 3596 1b35 C008     		.2byte	0x8c0
 3597 1b37 23       		.uleb128 0x23
 3598 1b38 696500   		.ascii	"ie\000"
 3599 1b3b 1F       		.byte	0x1f
 3600 1b3c A3       		.byte	0xa3
 3601 1b3d 15       		.byte	0x15
 3602 1b3e 181C0000 		.4byte	0x1c18
 3603 1b42 0009     		.2byte	0x900
 3604 1b44 23       		.uleb128 0x23
 3605 1b45 6F6500   		.ascii	"oe\000"
 3606 1b48 1F       		.byte	0x1f
 3607 1b49 A4       		.byte	0xa4
 3608 1b4a 16       		.byte	0x16
 3609 1b4b 281C0000 		.4byte	0x1c28
 3610 1b4f 000B     		.2byte	0xb00
 3611 1b51 22       		.uleb128 0x22
 3612 1b52 310D0000 		.4byte	.LASF385
 3613 1b56 1F       		.byte	0x1f
 3614 1b57 A5       		.byte	0xa5
 3615 1b58 15       		.byte	0x15
 3616 1b59 FE1B0000 		.4byte	0x1bfe
 3617 1b5d 000D     		.2byte	0xd00
 3618 1b5f 22       		.uleb128 0x22
 3619 1b60 A1070000 		.4byte	.LASF386
 3620 1b64 1F       		.byte	0x1f
 3621 1b65 A6       		.byte	0xa6
 3622 1b66 15       		.byte	0x15
 3623 1b67 F1000000 		.4byte	0xf1
 3624 1b6b 000E     		.2byte	0xe00
 3625 1b6d 22       		.uleb128 0x22
 3626 1b6e 830B0000 		.4byte	.LASF387
 3627 1b72 1F       		.byte	0x1f
 3628 1b73 A8       		.byte	0xa8
 3629 1b74 15       		.byte	0x15
 3630 1b75 481C0000 		.4byte	0x1c48
 3631 1b79 040E     		.2byte	0xe04
 3632 1b7b 22       		.uleb128 0x22
 3633 1b7c 18010000 		.4byte	.LASF388
 3634 1b80 1F       		.byte	0x1f
 3635 1b81 A9       		.byte	0xa9
 3636 1b82 15       		.byte	0x15
 3637 1b83 641C0000 		.4byte	0x1c64
 3638 1b87 0010     		.2byte	0x1000
 3639 1b89 00       		.byte	0
 3640 1b8a 11       		.uleb128 0x11
 3641 1b8b F1000000 		.4byte	0xf1
 3642 1b8f 9A1B0000 		.4byte	0x1b9a
 3643 1b93 12       		.uleb128 0x12
 3644 1b94 30000000 		.4byte	0x30
 3645 1b98 2F       		.byte	0x2f
 3646 1b99 00       		.byte	0
 3647 1b9a 06       		.uleb128 0x6
 3648 1b9b 8A1B0000 		.4byte	0x1b8a
ARM GAS  /tmp/ccQ4TWpz.s 			page 65


 3649 1b9f 11       		.uleb128 0x11
 3650 1ba0 F1000000 		.4byte	0xf1
 3651 1ba4 AF1B0000 		.4byte	0x1baf
 3652 1ba8 12       		.uleb128 0x12
 3653 1ba9 30000000 		.4byte	0x30
 3654 1bad AF       		.byte	0xaf
 3655 1bae 00       		.byte	0
 3656 1baf 06       		.uleb128 0x6
 3657 1bb0 9F1B0000 		.4byte	0x1b9f
 3658 1bb4 11       		.uleb128 0x11
 3659 1bb5 F1000000 		.4byte	0xf1
 3660 1bb9 C41B0000 		.4byte	0x1bc4
 3661 1bbd 12       		.uleb128 0x12
 3662 1bbe 30000000 		.4byte	0x30
 3663 1bc2 08       		.byte	0x8
 3664 1bc3 00       		.byte	0
 3665 1bc4 06       		.uleb128 0x6
 3666 1bc5 B41B0000 		.4byte	0x1bb4
 3667 1bc9 11       		.uleb128 0x11
 3668 1bca F1000000 		.4byte	0xf1
 3669 1bce D91B0000 		.4byte	0x1bd9
 3670 1bd2 12       		.uleb128 0x12
 3671 1bd3 30000000 		.4byte	0x30
 3672 1bd7 2E       		.byte	0x2e
 3673 1bd8 00       		.byte	0
 3674 1bd9 06       		.uleb128 0x6
 3675 1bda C91B0000 		.4byte	0x1bc9
 3676 1bde 11       		.uleb128 0x11
 3677 1bdf 6B170000 		.4byte	0x176b
 3678 1be3 EE1B0000 		.4byte	0x1bee
 3679 1be7 12       		.uleb128 0x12
 3680 1be8 30000000 		.4byte	0x30
 3681 1bec 0F       		.byte	0xf
 3682 1bed 00       		.byte	0
 3683 1bee 11       		.uleb128 0x11
 3684 1bef F1000000 		.4byte	0xf1
 3685 1bf3 FE1B0000 		.4byte	0x1bfe
 3686 1bf7 12       		.uleb128 0x12
 3687 1bf8 30000000 		.4byte	0x30
 3688 1bfc 3F       		.byte	0x3f
 3689 1bfd 00       		.byte	0
 3690 1bfe 06       		.uleb128 0x6
 3691 1bff EE1B0000 		.4byte	0x1bee
 3692 1c03 11       		.uleb128 0x11
 3693 1c04 F1000000 		.4byte	0xf1
 3694 1c08 131C0000 		.4byte	0x1c13
 3695 1c0c 12       		.uleb128 0x12
 3696 1c0d 30000000 		.4byte	0x30
 3697 1c11 0F       		.byte	0xf
 3698 1c12 00       		.byte	0
 3699 1c13 06       		.uleb128 0x6
 3700 1c14 031C0000 		.4byte	0x1c03
 3701 1c18 11       		.uleb128 0x11
 3702 1c19 E9170000 		.4byte	0x17e9
 3703 1c1d 281C0000 		.4byte	0x1c28
 3704 1c21 12       		.uleb128 0x12
 3705 1c22 30000000 		.4byte	0x30
ARM GAS  /tmp/ccQ4TWpz.s 			page 66


 3706 1c26 0F       		.byte	0xf
 3707 1c27 00       		.byte	0
 3708 1c28 11       		.uleb128 0x11
 3709 1c29 67180000 		.4byte	0x1867
 3710 1c2d 381C0000 		.4byte	0x1c38
 3711 1c31 12       		.uleb128 0x12
 3712 1c32 30000000 		.4byte	0x30
 3713 1c36 0F       		.byte	0xf
 3714 1c37 00       		.byte	0
 3715 1c38 11       		.uleb128 0x11
 3716 1c39 F1000000 		.4byte	0xf1
 3717 1c3d 481C0000 		.4byte	0x1c48
 3718 1c41 12       		.uleb128 0x12
 3719 1c42 30000000 		.4byte	0x30
 3720 1c46 7E       		.byte	0x7e
 3721 1c47 00       		.byte	0
 3722 1c48 06       		.uleb128 0x6
 3723 1c49 381C0000 		.4byte	0x1c38
 3724 1c4d 11       		.uleb128 0x11
 3725 1c4e F1000000 		.4byte	0xf1
 3726 1c52 641C0000 		.4byte	0x1c64
 3727 1c56 12       		.uleb128 0x12
 3728 1c57 30000000 		.4byte	0x30
 3729 1c5b 0F       		.byte	0xf
 3730 1c5c 24       		.uleb128 0x24
 3731 1c5d 30000000 		.4byte	0x30
 3732 1c61 FF03     		.2byte	0x3ff
 3733 1c63 00       		.byte	0
 3734 1c64 06       		.uleb128 0x6
 3735 1c65 4D1C0000 		.4byte	0x1c4d
 3736 1c69 03       		.uleb128 0x3
 3737 1c6a F30A0000 		.4byte	.LASF389
 3738 1c6e 1F       		.byte	0x1f
 3739 1c6f AA       		.byte	0xaa
 3740 1c70 03       		.byte	0x3
 3741 1c71 73180000 		.4byte	0x1873
 3742 1c75 16       		.uleb128 0x16
 3743 1c76 0C       		.byte	0xc
 3744 1c77 1E       		.byte	0x1e
 3745 1c78 0401     		.2byte	0x104
 3746 1c7a 09       		.byte	0x9
 3747 1c7b AA1C0000 		.4byte	0x1caa
 3748 1c7f 0B       		.uleb128 0xb
 3749 1c80 81000000 		.4byte	.LASF390
 3750 1c84 1E       		.byte	0x1e
 3751 1c85 0501     		.2byte	0x105
 3752 1c87 21       		.byte	0x21
 3753 1c88 E5000000 		.4byte	0xe5
 3754 1c8c 00       		.byte	0
 3755 1c8d 0B       		.uleb128 0xb
 3756 1c8e 6C0C0000 		.4byte	.LASF391
 3757 1c92 1E       		.byte	0x1e
 3758 1c93 0601     		.2byte	0x106
 3759 1c95 21       		.byte	0x21
 3760 1c96 E5000000 		.4byte	0xe5
 3761 1c9a 04       		.byte	0x4
 3762 1c9b 0B       		.uleb128 0xb
ARM GAS  /tmp/ccQ4TWpz.s 			page 67


 3763 1c9c 60080000 		.4byte	.LASF392
 3764 1ca0 1E       		.byte	0x1e
 3765 1ca1 0701     		.2byte	0x107
 3766 1ca3 21       		.byte	0x21
 3767 1ca4 E5000000 		.4byte	0xe5
 3768 1ca8 08       		.byte	0x8
 3769 1ca9 00       		.byte	0
 3770 1caa 17       		.uleb128 0x17
 3771 1cab 99060000 		.4byte	.LASF393
 3772 1caf 1E       		.byte	0x1e
 3773 1cb0 0801     		.2byte	0x108
 3774 1cb2 03       		.byte	0x3
 3775 1cb3 751C0000 		.4byte	0x1c75
 3776 1cb7 05       		.uleb128 0x5
 3777 1cb8 AA1C0000 		.4byte	0x1caa
 3778 1cbc 16       		.uleb128 0x16
 3779 1cbd 10       		.byte	0x10
 3780 1cbe 1E       		.byte	0x1e
 3781 1cbf 0D01     		.2byte	0x10d
 3782 1cc1 09       		.byte	0x9
 3783 1cc2 FF1C0000 		.4byte	0x1cff
 3784 1cc6 0B       		.uleb128 0xb
 3785 1cc7 BF080000 		.4byte	.LASF394
 3786 1ccb 1E       		.byte	0x1e
 3787 1ccc 1101     		.2byte	0x111
 3788 1cce 21       		.byte	0x21
 3789 1ccf 24000000 		.4byte	0x24
 3790 1cd3 00       		.byte	0
 3791 1cd4 0B       		.uleb128 0xb
 3792 1cd5 42070000 		.4byte	.LASF395
 3793 1cd9 1E       		.byte	0x1e
 3794 1cda 1501     		.2byte	0x115
 3795 1cdc 21       		.byte	0x21
 3796 1cdd 24000000 		.4byte	0x24
 3797 1ce1 04       		.byte	0x4
 3798 1ce2 0B       		.uleb128 0xb
 3799 1ce3 EF020000 		.4byte	.LASF396
 3800 1ce7 1E       		.byte	0x1e
 3801 1ce8 1901     		.2byte	0x119
 3802 1cea 22       		.byte	0x22
 3803 1ceb 380F0000 		.4byte	0xf38
 3804 1cef 08       		.byte	0x8
 3805 1cf0 0B       		.uleb128 0xb
 3806 1cf1 990F0000 		.4byte	.LASF397
 3807 1cf5 1E       		.byte	0x1e
 3808 1cf6 2401     		.2byte	0x124
 3809 1cf8 21       		.byte	0x21
 3810 1cf9 24000000 		.4byte	0x24
 3811 1cfd 0C       		.byte	0xc
 3812 1cfe 00       		.byte	0
 3813 1cff 17       		.uleb128 0x17
 3814 1d00 D8050000 		.4byte	.LASF398
 3815 1d04 1E       		.byte	0x1e
 3816 1d05 2501     		.2byte	0x125
 3817 1d07 03       		.byte	0x3
 3818 1d08 BC1C0000 		.4byte	0x1cbc
 3819 1d0c 16       		.uleb128 0x16
ARM GAS  /tmp/ccQ4TWpz.s 			page 68


 3820 1d0d 10       		.byte	0x10
 3821 1d0e 1E       		.byte	0x1e
 3822 1d0f 2A01     		.2byte	0x12a
 3823 1d11 09       		.byte	0x9
 3824 1d12 4F1D0000 		.4byte	0x1d4f
 3825 1d16 0B       		.uleb128 0xb
 3826 1d17 B6030000 		.4byte	.LASF399
 3827 1d1b 1E       		.byte	0x1e
 3828 1d1c 2E01     		.2byte	0x12e
 3829 1d1e 21       		.byte	0x21
 3830 1d1f 24000000 		.4byte	0x24
 3831 1d23 00       		.byte	0
 3832 1d24 0B       		.uleb128 0xb
 3833 1d25 D10B0000 		.4byte	.LASF400
 3834 1d29 1E       		.byte	0x1e
 3835 1d2a 3201     		.2byte	0x132
 3836 1d2c 21       		.byte	0x21
 3837 1d2d 24000000 		.4byte	0x24
 3838 1d31 04       		.byte	0x4
 3839 1d32 0B       		.uleb128 0xb
 3840 1d33 80090000 		.4byte	.LASF252
 3841 1d37 1E       		.byte	0x1e
 3842 1d38 3601     		.2byte	0x136
 3843 1d3a 22       		.byte	0x22
 3844 1d3b 940B0000 		.4byte	0xb94
 3845 1d3f 08       		.byte	0x8
 3846 1d40 0B       		.uleb128 0xb
 3847 1d41 990F0000 		.4byte	.LASF397
 3848 1d45 1E       		.byte	0x1e
 3849 1d46 4101     		.2byte	0x141
 3850 1d48 21       		.byte	0x21
 3851 1d49 24000000 		.4byte	0x24
 3852 1d4d 0C       		.byte	0xc
 3853 1d4e 00       		.byte	0
 3854 1d4f 17       		.uleb128 0x17
 3855 1d50 020D0000 		.4byte	.LASF401
 3856 1d54 1E       		.byte	0x1e
 3857 1d55 4201     		.2byte	0x142
 3858 1d57 03       		.byte	0x3
 3859 1d58 0C1D0000 		.4byte	0x1d0c
 3860 1d5c 16       		.uleb128 0x16
 3861 1d5d 24       		.byte	0x24
 3862 1d5e 1E       		.byte	0x1e
 3863 1d5f 4801     		.2byte	0x148
 3864 1d61 09       		.byte	0x9
 3865 1d62 F31D0000 		.4byte	0x1df3
 3866 1d66 0B       		.uleb128 0xb
 3867 1d67 84010000 		.4byte	.LASF402
 3868 1d6b 1E       		.byte	0x1e
 3869 1d6c 4C01     		.2byte	0x14c
 3870 1d6e 21       		.byte	0x21
 3871 1d6f E5000000 		.4byte	0xe5
 3872 1d73 00       		.byte	0
 3873 1d74 0B       		.uleb128 0xb
 3874 1d75 24050000 		.4byte	.LASF403
 3875 1d79 1E       		.byte	0x1e
 3876 1d7a 5701     		.2byte	0x157
ARM GAS  /tmp/ccQ4TWpz.s 			page 69


 3877 1d7c 21       		.byte	0x21
 3878 1d7d 5A160000 		.4byte	0x165a
 3879 1d81 04       		.byte	0x4
 3880 1d82 0B       		.uleb128 0xb
 3881 1d83 46050000 		.4byte	.LASF404
 3882 1d87 1E       		.byte	0x1e
 3883 1d88 5C01     		.2byte	0x15c
 3884 1d8a 21       		.byte	0x21
 3885 1d8b 5A160000 		.4byte	0x165a
 3886 1d8f 08       		.byte	0x8
 3887 1d90 0B       		.uleb128 0xb
 3888 1d91 9D0B0000 		.4byte	.LASF405
 3889 1d95 1E       		.byte	0x1e
 3890 1d96 6101     		.2byte	0x161
 3891 1d98 21       		.byte	0x21
 3892 1d99 5A160000 		.4byte	0x165a
 3893 1d9d 0C       		.byte	0xc
 3894 1d9e 0B       		.uleb128 0xb
 3895 1d9f D70B0000 		.4byte	.LASF406
 3896 1da3 1E       		.byte	0x1e
 3897 1da4 6601     		.2byte	0x166
 3898 1da6 21       		.byte	0x21
 3899 1da7 C3000000 		.4byte	0xc3
 3900 1dab 10       		.byte	0x10
 3901 1dac 0B       		.uleb128 0xb
 3902 1dad 6D0E0000 		.4byte	.LASF407
 3903 1db1 1E       		.byte	0x1e
 3904 1db2 6B01     		.2byte	0x16b
 3905 1db4 21       		.byte	0x21
 3906 1db5 C3000000 		.4byte	0xc3
 3907 1db9 12       		.byte	0x12
 3908 1dba 0B       		.uleb128 0xb
 3909 1dbb 8C090000 		.4byte	.LASF408
 3910 1dbf 1E       		.byte	0x1e
 3911 1dc0 7101     		.2byte	0x171
 3912 1dc2 22       		.byte	0x22
 3913 1dc3 F31D0000 		.4byte	0x1df3
 3914 1dc7 14       		.byte	0x14
 3915 1dc8 0B       		.uleb128 0xb
 3916 1dc9 180C0000 		.4byte	.LASF409
 3917 1dcd 1E       		.byte	0x1e
 3918 1dce 7701     		.2byte	0x177
 3919 1dd0 22       		.byte	0x22
 3920 1dd1 F91D0000 		.4byte	0x1df9
 3921 1dd5 18       		.byte	0x18
 3922 1dd6 0B       		.uleb128 0xb
 3923 1dd7 35080000 		.4byte	.LASF410
 3924 1ddb 1E       		.byte	0x1e
 3925 1ddc 7E01     		.2byte	0x17e
 3926 1dde 21       		.byte	0x21
 3927 1ddf C3000000 		.4byte	0xc3
 3928 1de3 1C       		.byte	0x1c
 3929 1de4 0B       		.uleb128 0xb
 3930 1de5 050B0000 		.4byte	.LASF411
 3931 1de9 1E       		.byte	0x1e
 3932 1dea 8401     		.2byte	0x184
 3933 1dec 22       		.byte	0x22
ARM GAS  /tmp/ccQ4TWpz.s 			page 70


 3934 1ded 940B0000 		.4byte	0xb94
 3935 1df1 20       		.byte	0x20
 3936 1df2 00       		.byte	0
 3937 1df3 0C       		.uleb128 0xc
 3938 1df4 04       		.byte	0x4
 3939 1df5 FF1C0000 		.4byte	0x1cff
 3940 1df9 0C       		.uleb128 0xc
 3941 1dfa 04       		.byte	0x4
 3942 1dfb 4F1D0000 		.4byte	0x1d4f
 3943 1dff 17       		.uleb128 0x17
 3944 1e00 B30E0000 		.4byte	.LASF412
 3945 1e04 1E       		.byte	0x1e
 3946 1e05 8501     		.2byte	0x185
 3947 1e07 03       		.byte	0x3
 3948 1e08 5C1D0000 		.4byte	0x1d5c
 3949 1e0c 05       		.uleb128 0x5
 3950 1e0d FF1D0000 		.4byte	0x1dff
 3951 1e11 16       		.uleb128 0x16
 3952 1e12 10       		.byte	0x10
 3953 1e13 1E       		.byte	0x1e
 3954 1e14 8A01     		.2byte	0x18a
 3955 1e16 09       		.byte	0x9
 3956 1e17 541E0000 		.4byte	0x1e54
 3957 1e1b 0B       		.uleb128 0xb
 3958 1e1c BF090000 		.4byte	.LASF413
 3959 1e20 1E       		.byte	0x1e
 3960 1e21 8F01     		.2byte	0x18f
 3961 1e23 21       		.byte	0x21
 3962 1e24 7D160000 		.4byte	0x167d
 3963 1e28 00       		.byte	0
 3964 1e29 0B       		.uleb128 0xb
 3965 1e2a 7A120000 		.4byte	.LASF414
 3966 1e2e 1E       		.byte	0x1e
 3967 1e2f 9401     		.2byte	0x194
 3968 1e31 21       		.byte	0x21
 3969 1e32 C2160000 		.4byte	0x16c2
 3970 1e36 04       		.byte	0x4
 3971 1e37 0B       		.uleb128 0xb
 3972 1e38 6E040000 		.4byte	.LASF415
 3973 1e3c 1E       		.byte	0x1e
 3974 1e3d 9A01     		.2byte	0x19a
 3975 1e3f 21       		.byte	0x21
 3976 1e40 A0160000 		.4byte	0x16a0
 3977 1e44 08       		.byte	0x8
 3978 1e45 0B       		.uleb128 0xb
 3979 1e46 49130000 		.4byte	.LASF416
 3980 1e4a 1E       		.byte	0x1e
 3981 1e4b 9E01     		.2byte	0x19e
 3982 1e4d 21       		.byte	0x21
 3983 1e4e 36160000 		.4byte	0x1636
 3984 1e52 0C       		.byte	0xc
 3985 1e53 00       		.byte	0
 3986 1e54 17       		.uleb128 0x17
 3987 1e55 CC0A0000 		.4byte	.LASF417
 3988 1e59 1E       		.byte	0x1e
 3989 1e5a A001     		.2byte	0x1a0
 3990 1e5c 03       		.byte	0x3
ARM GAS  /tmp/ccQ4TWpz.s 			page 71


 3991 1e5d 111E0000 		.4byte	0x1e11
 3992 1e61 05       		.uleb128 0x5
 3993 1e62 541E0000 		.4byte	0x1e54
 3994 1e66 0C       		.uleb128 0xc
 3995 1e67 04       		.byte	0x4
 3996 1e68 611E0000 		.4byte	0x1e61
 3997 1e6c 11       		.uleb128 0x11
 3998 1e6d 7C1E0000 		.4byte	0x1e7c
 3999 1e71 7C1E0000 		.4byte	0x1e7c
 4000 1e75 12       		.uleb128 0x12
 4001 1e76 30000000 		.4byte	0x30
 4002 1e7a 03       		.byte	0x3
 4003 1e7b 00       		.byte	0
 4004 1e7c 0C       		.uleb128 0xc
 4005 1e7d 04       		.byte	0x4
 4006 1e7e 0C1E0000 		.4byte	0x1e0c
 4007 1e82 11       		.uleb128 0x11
 4008 1e83 55030000 		.4byte	0x355
 4009 1e87 921E0000 		.4byte	0x1e92
 4010 1e8b 12       		.uleb128 0x12
 4011 1e8c 30000000 		.4byte	0x30
 4012 1e90 02       		.byte	0x2
 4013 1e91 00       		.byte	0
 4014 1e92 11       		.uleb128 0x11
 4015 1e93 B2000000 		.4byte	0xb2
 4016 1e97 A21E0000 		.4byte	0x1ea2
 4017 1e9b 12       		.uleb128 0x12
 4018 1e9c 30000000 		.4byte	0x30
 4019 1ea0 07       		.byte	0x7
 4020 1ea1 00       		.byte	0
 4021 1ea2 0C       		.uleb128 0xc
 4022 1ea3 04       		.byte	0x4
 4023 1ea4 691C0000 		.4byte	0x1c69
 4024 1ea8 0C       		.uleb128 0xc
 4025 1ea9 04       		.byte	0x4
 4026 1eaa B71C0000 		.4byte	0x1cb7
 4027 1eae 13       		.uleb128 0x13
 4028 1eaf AD0E0000 		.4byte	.LASF418
 4029 1eb3 1E       		.byte	0x1e
 4030 1eb4 3A02     		.2byte	0x23a
 4031 1eb6 12       		.byte	0x12
 4032 1eb7 FB130000 		.4byte	0x13fb
 4033 1ebb 25       		.uleb128 0x25
 4034 1ebc D4130000 		.4byte	0x13d4
 4035 1ec0 20       		.byte	0x20
 4036 1ec1 6F       		.byte	0x6f
 4037 1ec2 0C       		.byte	0xc
 4038 1ec3 25       		.uleb128 0x25
 4039 1ec4 E1130000 		.4byte	0x13e1
 4040 1ec8 20       		.byte	0x20
 4041 1ec9 74       		.byte	0x74
 4042 1eca 0C       		.byte	0xc
 4043 1ecb 25       		.uleb128 0x25
 4044 1ecc EE130000 		.4byte	0x13ee
 4045 1ed0 20       		.byte	0x20
 4046 1ed1 88       		.byte	0x88
 4047 1ed2 0C       		.byte	0xc
ARM GAS  /tmp/ccQ4TWpz.s 			page 72


 4048 1ed3 26       		.uleb128 0x26
 4049 1ed4 6F100000 		.4byte	.LASF420
 4050 1ed8 20       		.byte	0x20
 4051 1ed9 E403     		.2byte	0x3e4
 4052 1edb 08       		.byte	0x8
 4053 1edc 24000000 		.4byte	0x24
 4054 1ee0 FD1E0000 		.4byte	0x1efd
 4055 1ee4 27       		.uleb128 0x27
 4056 1ee5 6A0D0000 		.4byte	.LASF419
 4057 1ee9 20       		.byte	0x20
 4058 1eea E403     		.2byte	0x3e4
 4059 1eec 2A       		.byte	0x2a
 4060 1eed CD120000 		.4byte	0x12cd
 4061 1ef1 28       		.uleb128 0x28
 4062 1ef2 6E00     		.ascii	"n\000"
 4063 1ef4 20       		.byte	0x20
 4064 1ef5 E503     		.2byte	0x3e5
 4065 1ef7 0A       		.byte	0xa
 4066 1ef8 24000000 		.4byte	0x24
 4067 1efc 00       		.byte	0
 4068 1efd 29       		.uleb128 0x29
 4069 1efe 39090000 		.4byte	.LASF422
 4070 1f02 20       		.byte	0x20
 4071 1f03 CA03     		.2byte	0x3ca
 4072 1f05 06       		.byte	0x6
 4073 1f06 301F0000 		.4byte	0x1f30
 4074 1f0a 27       		.uleb128 0x27
 4075 1f0b 6A0D0000 		.4byte	.LASF419
 4076 1f0f 20       		.byte	0x20
 4077 1f10 CA03     		.2byte	0x3ca
 4078 1f12 29       		.byte	0x29
 4079 1f13 CD120000 		.4byte	0x12cd
 4080 1f17 2A       		.uleb128 0x2a
 4081 1f18 6E00     		.ascii	"n\000"
 4082 1f1a 20       		.byte	0x20
 4083 1f1b CA03     		.2byte	0x3ca
 4084 1f1d 37       		.byte	0x37
 4085 1f1e 24000000 		.4byte	0x24
 4086 1f22 27       		.uleb128 0x27
 4087 1f23 80090000 		.4byte	.LASF252
 4088 1f27 20       		.byte	0x20
 4089 1f28 CA03     		.2byte	0x3ca
 4090 1f2a 40       		.byte	0x40
 4091 1f2b 55030000 		.4byte	0x355
 4092 1f2f 00       		.byte	0
 4093 1f30 26       		.uleb128 0x26
 4094 1f31 13070000 		.4byte	.LASF421
 4095 1f35 20       		.byte	0x20
 4096 1f36 B803     		.2byte	0x3b8
 4097 1f38 08       		.byte	0x8
 4098 1f39 24000000 		.4byte	0x24
 4099 1f3d 4F1F0000 		.4byte	0x1f4f
 4100 1f41 27       		.uleb128 0x27
 4101 1f42 6A0D0000 		.4byte	.LASF419
 4102 1f46 20       		.byte	0x20
 4103 1f47 B803     		.2byte	0x3b8
 4104 1f49 27       		.byte	0x27
ARM GAS  /tmp/ccQ4TWpz.s 			page 73


 4105 1f4a CD120000 		.4byte	0x12cd
 4106 1f4e 00       		.byte	0
 4107 1f4f 29       		.uleb128 0x29
 4108 1f50 F3100000 		.4byte	.LASF423
 4109 1f54 20       		.byte	0x20
 4110 1f55 9503     		.2byte	0x395
 4111 1f57 06       		.byte	0x6
 4112 1f58 821F0000 		.4byte	0x1f82
 4113 1f5c 27       		.uleb128 0x27
 4114 1f5d 6A0D0000 		.4byte	.LASF419
 4115 1f61 20       		.byte	0x20
 4116 1f62 9503     		.2byte	0x395
 4117 1f64 26       		.byte	0x26
 4118 1f65 CD120000 		.4byte	0x12cd
 4119 1f69 2A       		.uleb128 0x2a
 4120 1f6a 6E00     		.ascii	"n\000"
 4121 1f6c 20       		.byte	0x20
 4122 1f6d 9503     		.2byte	0x395
 4123 1f6f 34       		.byte	0x34
 4124 1f70 24000000 		.4byte	0x24
 4125 1f74 27       		.uleb128 0x27
 4126 1f75 EF020000 		.4byte	.LASF396
 4127 1f79 20       		.byte	0x20
 4128 1f7a 9503     		.2byte	0x395
 4129 1f7c 43       		.byte	0x43
 4130 1f7d 821F0000 		.4byte	0x1f82
 4131 1f81 00       		.byte	0
 4132 1f82 0C       		.uleb128 0xc
 4133 1f83 04       		.byte	0x4
 4134 1f84 881F0000 		.4byte	0x1f88
 4135 1f88 2B       		.uleb128 0x2b
 4136 1f89 29       		.uleb128 0x29
 4137 1f8a 98020000 		.4byte	.LASF424
 4138 1f8e 20       		.byte	0x20
 4139 1f8f 3F03     		.2byte	0x33f
 4140 1f91 06       		.byte	0x6
 4141 1f92 A41F0000 		.4byte	0x1fa4
 4142 1f96 27       		.uleb128 0x27
 4143 1f97 6A0D0000 		.4byte	.LASF419
 4144 1f9b 20       		.byte	0x20
 4145 1f9c 3F03     		.2byte	0x33f
 4146 1f9e 20       		.byte	0x20
 4147 1f9f CD120000 		.4byte	0x12cd
 4148 1fa3 00       		.byte	0
 4149 1fa4 29       		.uleb128 0x29
 4150 1fa5 40020000 		.4byte	.LASF425
 4151 1fa9 20       		.byte	0x20
 4152 1faa 5D02     		.2byte	0x25d
 4153 1fac 06       		.byte	0x6
 4154 1fad C81F0000 		.4byte	0x1fc8
 4155 1fb1 27       		.uleb128 0x27
 4156 1fb2 6A0D0000 		.4byte	.LASF419
 4157 1fb6 20       		.byte	0x20
 4158 1fb7 5D02     		.2byte	0x25d
 4159 1fb9 21       		.byte	0x21
 4160 1fba CD120000 		.4byte	0x12cd
 4161 1fbe 2C       		.uleb128 0x2c
ARM GAS  /tmp/ccQ4TWpz.s 			page 74


 4162 1fbf 00010000 		.4byte	.LASF440
 4163 1fc3 D81F0000 		.4byte	0x1fd8
 4164 1fc7 00       		.byte	0
 4165 1fc8 11       		.uleb128 0x11
 4166 1fc9 DB090000 		.4byte	0x9db
 4167 1fcd D81F0000 		.4byte	0x1fd8
 4168 1fd1 12       		.uleb128 0x12
 4169 1fd2 30000000 		.4byte	0x30
 4170 1fd6 0E       		.byte	0xe
 4171 1fd7 00       		.byte	0
 4172 1fd8 05       		.uleb128 0x5
 4173 1fd9 C81F0000 		.4byte	0x1fc8
 4174 1fdd 2D       		.uleb128 0x2d
 4175 1fde 0B060000 		.4byte	.LASF426
 4176 1fe2 20       		.byte	0x20
 4177 1fe3 0B02     		.2byte	0x20b
 4178 1fe5 06       		.byte	0x6
 4179 1fe6 2D       		.uleb128 0x2d
 4180 1fe7 850F0000 		.4byte	.LASF427
 4181 1feb 20       		.byte	0x20
 4182 1fec D201     		.2byte	0x1d2
 4183 1fee 01       		.byte	0x1
 4184 1fef 2D       		.uleb128 0x2d
 4185 1ff0 52120000 		.4byte	.LASF428
 4186 1ff4 20       		.byte	0x20
 4187 1ff5 8601     		.2byte	0x186
 4188 1ff7 01       		.byte	0x1
 4189 1ff8 2D       		.uleb128 0x2d
 4190 1ff9 49120000 		.4byte	.LASF429
 4191 1ffd 20       		.byte	0x20
 4192 1ffe 7301     		.2byte	0x173
 4193 2000 01       		.byte	0x1
 4194 2001 2E       		.uleb128 0x2e
 4195 2002 5A0D0000 		.4byte	.LASF430
 4196 2006 20       		.byte	0x20
 4197 2007 4901     		.2byte	0x149
 4198 2009 0D       		.byte	0xd
 4199 200a 40200000 		.4byte	0x2040
 4200 200e 27       		.uleb128 0x27
 4201 200f 6A0D0000 		.4byte	.LASF419
 4202 2013 20       		.byte	0x20
 4203 2014 4901     		.2byte	0x149
 4204 2016 29       		.byte	0x29
 4205 2017 CD120000 		.4byte	0x12cd
 4206 201b 28       		.uleb128 0x28
 4207 201c 737200   		.ascii	"sr\000"
 4208 201f 20       		.byte	0x20
 4209 2020 4A01     		.2byte	0x14a
 4210 2022 0C       		.byte	0xc
 4211 2023 C3000000 		.4byte	0xc3
 4212 2027 28       		.uleb128 0x28
 4213 2028 7500     		.ascii	"u\000"
 4214 202a 20       		.byte	0x20
 4215 202b 4B01     		.2byte	0x14b
 4216 202d 12       		.byte	0x12
 4217 202e C8130000 		.4byte	0x13c8
 4218 2032 28       		.uleb128 0x28
ARM GAS  /tmp/ccQ4TWpz.s 			page 75


 4219 2033 63723100 		.ascii	"cr1\000"
 4220 2037 20       		.byte	0x20
 4221 2038 4C01     		.2byte	0x14c
 4222 203a 0C       		.byte	0xc
 4223 203b E5000000 		.4byte	0xe5
 4224 203f 00       		.byte	0
 4225 2040 2E       		.uleb128 0x2e
 4226 2041 E6000000 		.4byte	.LASF431
 4227 2045 20       		.byte	0x20
 4228 2046 3301     		.2byte	0x133
 4229 2048 0D       		.byte	0xd
 4230 2049 68200000 		.4byte	0x2068
 4231 204d 27       		.uleb128 0x27
 4232 204e 6A0D0000 		.4byte	.LASF419
 4233 2052 20       		.byte	0x20
 4234 2053 3301     		.2byte	0x133
 4235 2055 33       		.byte	0x33
 4236 2056 CD120000 		.4byte	0x12cd
 4237 205a 27       		.uleb128 0x27
 4238 205b 40050000 		.4byte	.LASF38
 4239 205f 20       		.byte	0x20
 4240 2060 3301     		.2byte	0x133
 4241 2062 43       		.byte	0x43
 4242 2063 E5000000 		.4byte	0xe5
 4243 2067 00       		.byte	0
 4244 2068 2E       		.uleb128 0x2e
 4245 2069 9D050000 		.4byte	.LASF432
 4246 206d 20       		.byte	0x20
 4247 206e 1501     		.2byte	0x115
 4248 2070 0D       		.byte	0xd
 4249 2071 90200000 		.4byte	0x2090
 4250 2075 27       		.uleb128 0x27
 4251 2076 6A0D0000 		.4byte	.LASF419
 4252 207a 20       		.byte	0x20
 4253 207b 1501     		.2byte	0x115
 4254 207d 33       		.byte	0x33
 4255 207e CD120000 		.4byte	0x12cd
 4256 2082 27       		.uleb128 0x27
 4257 2083 40050000 		.4byte	.LASF38
 4258 2087 20       		.byte	0x20
 4259 2088 1501     		.2byte	0x115
 4260 208a 43       		.byte	0x43
 4261 208b E5000000 		.4byte	0xe5
 4262 208f 00       		.byte	0
 4263 2090 2F       		.uleb128 0x2f
 4264 2091 F8010000 		.4byte	.LASF433
 4265 2095 20       		.byte	0x20
 4266 2096 E0       		.byte	0xe0
 4267 2097 0D       		.byte	0xd
 4268 2098 CB200000 		.4byte	0x20cb
 4269 209c 30       		.uleb128 0x30
 4270 209d 6A0D0000 		.4byte	.LASF419
 4271 20a1 20       		.byte	0x20
 4272 20a2 E0       		.byte	0xe0
 4273 20a3 25       		.byte	0x25
 4274 20a4 CD120000 		.4byte	0x12cd
 4275 20a8 31       		.uleb128 0x31
ARM GAS  /tmp/ccQ4TWpz.s 			page 76


 4276 20a9 66636B00 		.ascii	"fck\000"
 4277 20ad 20       		.byte	0x20
 4278 20ae E1       		.byte	0xe1
 4279 20af 0C       		.byte	0xc
 4280 20b0 E5000000 		.4byte	0xe5
 4281 20b4 31       		.uleb128 0x31
 4282 20b5 63723100 		.ascii	"cr1\000"
 4283 20b9 20       		.byte	0x20
 4284 20ba E2       		.byte	0xe2
 4285 20bb 0C       		.byte	0xc
 4286 20bc C3000000 		.4byte	0xc3
 4287 20c0 31       		.uleb128 0x31
 4288 20c1 7500     		.ascii	"u\000"
 4289 20c3 20       		.byte	0x20
 4290 20c4 E3       		.byte	0xe3
 4291 20c5 12       		.byte	0x12
 4292 20c6 C8130000 		.4byte	0x13c8
 4293 20ca 00       		.byte	0
 4294 20cb 2F       		.uleb128 0x2f
 4295 20cc 4F020000 		.4byte	.LASF434
 4296 20d0 20       		.byte	0x20
 4297 20d1 CE       		.byte	0xce
 4298 20d2 0D       		.byte	0xd
 4299 20d3 E4200000 		.4byte	0x20e4
 4300 20d7 30       		.uleb128 0x30
 4301 20d8 6A0D0000 		.4byte	.LASF419
 4302 20dc 20       		.byte	0x20
 4303 20dd CE       		.byte	0xce
 4304 20de 24       		.byte	0x24
 4305 20df CD120000 		.4byte	0x12cd
 4306 20e3 00       		.byte	0
 4307 20e4 2F       		.uleb128 0x2f
 4308 20e5 4A060000 		.4byte	.LASF435
 4309 20e9 20       		.byte	0x20
 4310 20ea B9       		.byte	0xb9
 4311 20eb 0D       		.byte	0xd
 4312 20ec 09210000 		.4byte	0x2109
 4313 20f0 30       		.uleb128 0x30
 4314 20f1 6A0D0000 		.4byte	.LASF419
 4315 20f5 20       		.byte	0x20
 4316 20f6 B9       		.byte	0xb9
 4317 20f7 31       		.byte	0x31
 4318 20f8 CD120000 		.4byte	0x12cd
 4319 20fc 32       		.uleb128 0x32
 4320 20fd AA0F0000 		.4byte	.LASF221
 4321 2101 20       		.byte	0x20
 4322 2102 BA       		.byte	0xba
 4323 2103 0C       		.byte	0xc
 4324 2104 E5000000 		.4byte	0xe5
 4325 2108 00       		.byte	0
 4326 2109 33       		.uleb128 0x33
 4327 210a A7080000 		.4byte	.LASF441
 4328 210e 20       		.byte	0x20
 4329 210f A4       		.byte	0xa4
 4330 2110 14       		.byte	0x14
 4331 2111 FA110000 		.4byte	0x11fa
 4332 2115 31210000 		.4byte	0x2131
ARM GAS  /tmp/ccQ4TWpz.s 			page 77


 4333 2119 34       		.uleb128 0x34
 4334 211a 737200   		.ascii	"sr\000"
 4335 211d 20       		.byte	0x20
 4336 211e A4       		.byte	0xa4
 4337 211f 2E       		.byte	0x2e
 4338 2120 C3000000 		.4byte	0xc3
 4339 2124 31       		.uleb128 0x31
 4340 2125 73747300 		.ascii	"sts\000"
 4341 2129 20       		.byte	0x20
 4342 212a A5       		.byte	0xa5
 4343 212b 0F       		.byte	0xf
 4344 212c FA110000 		.4byte	0x11fa
 4345 2130 00       		.byte	0
 4346 2131 35       		.uleb128 0x35
 4347 2132 64090000 		.4byte	.LASF442
 4348 2136 21       		.byte	0x21
 4349 2137 1D02     		.2byte	0x21d
 4350 2139 14       		.byte	0x14
 4351 213a 27       		.uleb128 0x27
 4352 213b E60D0000 		.4byte	.LASF436
 4353 213f 21       		.byte	0x21
 4354 2140 1D02     		.2byte	0x21d
 4355 2142 2C       		.byte	0x2c
 4356 2143 C9090000 		.4byte	0x9c9
 4357 2147 00       		.byte	0
 4358 2148 00       		.byte	0
 4359              		.section	.gnu.debuglto_.debug_abbrev,"e",%progbits
 4360              	.Ldebug_abbrev0:
 4361 0000 01       		.uleb128 0x1
 4362 0001 11       		.uleb128 0x11
 4363 0002 01       		.byte	0x1
 4364 0003 25       		.uleb128 0x25
 4365 0004 0E       		.uleb128 0xe
 4366 0005 13       		.uleb128 0x13
 4367 0006 0B       		.uleb128 0xb
 4368 0007 03       		.uleb128 0x3
 4369 0008 0E       		.uleb128 0xe
 4370 0009 1B       		.uleb128 0x1b
 4371 000a 0E       		.uleb128 0xe
 4372 000b 10       		.uleb128 0x10
 4373 000c 17       		.uleb128 0x17
 4374 000d 00       		.byte	0
 4375 000e 00       		.byte	0
 4376 000f 02       		.uleb128 0x2
 4377 0010 24       		.uleb128 0x24
 4378 0011 00       		.byte	0
 4379 0012 0B       		.uleb128 0xb
 4380 0013 0B       		.uleb128 0xb
 4381 0014 3E       		.uleb128 0x3e
 4382 0015 0B       		.uleb128 0xb
 4383 0016 03       		.uleb128 0x3
 4384 0017 08       		.uleb128 0x8
 4385 0018 00       		.byte	0
 4386 0019 00       		.byte	0
 4387 001a 03       		.uleb128 0x3
 4388 001b 16       		.uleb128 0x16
 4389 001c 00       		.byte	0
ARM GAS  /tmp/ccQ4TWpz.s 			page 78


 4390 001d 03       		.uleb128 0x3
 4391 001e 0E       		.uleb128 0xe
 4392 001f 3A       		.uleb128 0x3a
 4393 0020 0B       		.uleb128 0xb
 4394 0021 3B       		.uleb128 0x3b
 4395 0022 0B       		.uleb128 0xb
 4396 0023 39       		.uleb128 0x39
 4397 0024 0B       		.uleb128 0xb
 4398 0025 49       		.uleb128 0x49
 4399 0026 13       		.uleb128 0x13
 4400 0027 00       		.byte	0
 4401 0028 00       		.byte	0
 4402 0029 04       		.uleb128 0x4
 4403 002a 24       		.uleb128 0x24
 4404 002b 00       		.byte	0
 4405 002c 0B       		.uleb128 0xb
 4406 002d 0B       		.uleb128 0xb
 4407 002e 3E       		.uleb128 0x3e
 4408 002f 0B       		.uleb128 0xb
 4409 0030 03       		.uleb128 0x3
 4410 0031 0E       		.uleb128 0xe
 4411 0032 00       		.byte	0
 4412 0033 00       		.byte	0
 4413 0034 05       		.uleb128 0x5
 4414 0035 26       		.uleb128 0x26
 4415 0036 00       		.byte	0
 4416 0037 49       		.uleb128 0x49
 4417 0038 13       		.uleb128 0x13
 4418 0039 00       		.byte	0
 4419 003a 00       		.byte	0
 4420 003b 06       		.uleb128 0x6
 4421 003c 35       		.uleb128 0x35
 4422 003d 00       		.byte	0
 4423 003e 49       		.uleb128 0x49
 4424 003f 13       		.uleb128 0x13
 4425 0040 00       		.byte	0
 4426 0041 00       		.byte	0
 4427 0042 07       		.uleb128 0x7
 4428 0043 13       		.uleb128 0x13
 4429 0044 01       		.byte	0x1
 4430 0045 03       		.uleb128 0x3
 4431 0046 0E       		.uleb128 0xe
 4432 0047 0B       		.uleb128 0xb
 4433 0048 0B       		.uleb128 0xb
 4434 0049 3A       		.uleb128 0x3a
 4435 004a 0B       		.uleb128 0xb
 4436 004b 3B       		.uleb128 0x3b
 4437 004c 0B       		.uleb128 0xb
 4438 004d 39       		.uleb128 0x39
 4439 004e 0B       		.uleb128 0xb
 4440 004f 01       		.uleb128 0x1
 4441 0050 13       		.uleb128 0x13
 4442 0051 00       		.byte	0
 4443 0052 00       		.byte	0
 4444 0053 08       		.uleb128 0x8
 4445 0054 0D       		.uleb128 0xd
 4446 0055 00       		.byte	0
ARM GAS  /tmp/ccQ4TWpz.s 			page 79


 4447 0056 03       		.uleb128 0x3
 4448 0057 0E       		.uleb128 0xe
 4449 0058 3A       		.uleb128 0x3a
 4450 0059 0B       		.uleb128 0xb
 4451 005a 3B       		.uleb128 0x3b
 4452 005b 0B       		.uleb128 0xb
 4453 005c 39       		.uleb128 0x39
 4454 005d 0B       		.uleb128 0xb
 4455 005e 49       		.uleb128 0x49
 4456 005f 13       		.uleb128 0x13
 4457 0060 38       		.uleb128 0x38
 4458 0061 0B       		.uleb128 0xb
 4459 0062 00       		.byte	0
 4460 0063 00       		.byte	0
 4461 0064 09       		.uleb128 0x9
 4462 0065 0D       		.uleb128 0xd
 4463 0066 00       		.byte	0
 4464 0067 03       		.uleb128 0x3
 4465 0068 08       		.uleb128 0x8
 4466 0069 3A       		.uleb128 0x3a
 4467 006a 0B       		.uleb128 0xb
 4468 006b 3B       		.uleb128 0x3b
 4469 006c 0B       		.uleb128 0xb
 4470 006d 39       		.uleb128 0x39
 4471 006e 0B       		.uleb128 0xb
 4472 006f 49       		.uleb128 0x49
 4473 0070 13       		.uleb128 0x13
 4474 0071 38       		.uleb128 0x38
 4475 0072 0B       		.uleb128 0xb
 4476 0073 00       		.byte	0
 4477 0074 00       		.byte	0
 4478 0075 0A       		.uleb128 0xa
 4479 0076 0D       		.uleb128 0xd
 4480 0077 00       		.byte	0
 4481 0078 03       		.uleb128 0x3
 4482 0079 08       		.uleb128 0x8
 4483 007a 3A       		.uleb128 0x3a
 4484 007b 0B       		.uleb128 0xb
 4485 007c 3B       		.uleb128 0x3b
 4486 007d 05       		.uleb128 0x5
 4487 007e 39       		.uleb128 0x39
 4488 007f 0B       		.uleb128 0xb
 4489 0080 49       		.uleb128 0x49
 4490 0081 13       		.uleb128 0x13
 4491 0082 38       		.uleb128 0x38
 4492 0083 0B       		.uleb128 0xb
 4493 0084 00       		.byte	0
 4494 0085 00       		.byte	0
 4495 0086 0B       		.uleb128 0xb
 4496 0087 0D       		.uleb128 0xd
 4497 0088 00       		.byte	0
 4498 0089 03       		.uleb128 0x3
 4499 008a 0E       		.uleb128 0xe
 4500 008b 3A       		.uleb128 0x3a
 4501 008c 0B       		.uleb128 0xb
 4502 008d 3B       		.uleb128 0x3b
 4503 008e 05       		.uleb128 0x5
ARM GAS  /tmp/ccQ4TWpz.s 			page 80


 4504 008f 39       		.uleb128 0x39
 4505 0090 0B       		.uleb128 0xb
 4506 0091 49       		.uleb128 0x49
 4507 0092 13       		.uleb128 0x13
 4508 0093 38       		.uleb128 0x38
 4509 0094 0B       		.uleb128 0xb
 4510 0095 00       		.byte	0
 4511 0096 00       		.byte	0
 4512 0097 0C       		.uleb128 0xc
 4513 0098 0F       		.uleb128 0xf
 4514 0099 00       		.byte	0
 4515 009a 0B       		.uleb128 0xb
 4516 009b 0B       		.uleb128 0xb
 4517 009c 49       		.uleb128 0x49
 4518 009d 13       		.uleb128 0x13
 4519 009e 00       		.byte	0
 4520 009f 00       		.byte	0
 4521 00a0 0D       		.uleb128 0xd
 4522 00a1 13       		.uleb128 0x13
 4523 00a2 01       		.byte	0x1
 4524 00a3 03       		.uleb128 0x3
 4525 00a4 0E       		.uleb128 0xe
 4526 00a5 0B       		.uleb128 0xb
 4527 00a6 0B       		.uleb128 0xb
 4528 00a7 3A       		.uleb128 0x3a
 4529 00a8 0B       		.uleb128 0xb
 4530 00a9 3B       		.uleb128 0x3b
 4531 00aa 05       		.uleb128 0x5
 4532 00ab 39       		.uleb128 0x39
 4533 00ac 0B       		.uleb128 0xb
 4534 00ad 01       		.uleb128 0x1
 4535 00ae 13       		.uleb128 0x13
 4536 00af 00       		.byte	0
 4537 00b0 00       		.byte	0
 4538 00b1 0E       		.uleb128 0xe
 4539 00b2 15       		.uleb128 0x15
 4540 00b3 01       		.byte	0x1
 4541 00b4 27       		.uleb128 0x27
 4542 00b5 19       		.uleb128 0x19
 4543 00b6 01       		.uleb128 0x1
 4544 00b7 13       		.uleb128 0x13
 4545 00b8 00       		.byte	0
 4546 00b9 00       		.byte	0
 4547 00ba 0F       		.uleb128 0xf
 4548 00bb 05       		.uleb128 0x5
 4549 00bc 00       		.byte	0
 4550 00bd 49       		.uleb128 0x49
 4551 00be 13       		.uleb128 0x13
 4552 00bf 00       		.byte	0
 4553 00c0 00       		.byte	0
 4554 00c1 10       		.uleb128 0x10
 4555 00c2 0F       		.uleb128 0xf
 4556 00c3 00       		.byte	0
 4557 00c4 0B       		.uleb128 0xb
 4558 00c5 0B       		.uleb128 0xb
 4559 00c6 00       		.byte	0
 4560 00c7 00       		.byte	0
ARM GAS  /tmp/ccQ4TWpz.s 			page 81


 4561 00c8 11       		.uleb128 0x11
 4562 00c9 01       		.uleb128 0x1
 4563 00ca 01       		.byte	0x1
 4564 00cb 49       		.uleb128 0x49
 4565 00cc 13       		.uleb128 0x13
 4566 00cd 01       		.uleb128 0x1
 4567 00ce 13       		.uleb128 0x13
 4568 00cf 00       		.byte	0
 4569 00d0 00       		.byte	0
 4570 00d1 12       		.uleb128 0x12
 4571 00d2 21       		.uleb128 0x21
 4572 00d3 00       		.byte	0
 4573 00d4 49       		.uleb128 0x49
 4574 00d5 13       		.uleb128 0x13
 4575 00d6 2F       		.uleb128 0x2f
 4576 00d7 0B       		.uleb128 0xb
 4577 00d8 00       		.byte	0
 4578 00d9 00       		.byte	0
 4579 00da 13       		.uleb128 0x13
 4580 00db 34       		.uleb128 0x34
 4581 00dc 00       		.byte	0
 4582 00dd 03       		.uleb128 0x3
 4583 00de 0E       		.uleb128 0xe
 4584 00df 3A       		.uleb128 0x3a
 4585 00e0 0B       		.uleb128 0xb
 4586 00e1 3B       		.uleb128 0x3b
 4587 00e2 05       		.uleb128 0x5
 4588 00e3 39       		.uleb128 0x39
 4589 00e4 0B       		.uleb128 0xb
 4590 00e5 49       		.uleb128 0x49
 4591 00e6 13       		.uleb128 0x13
 4592 00e7 3F       		.uleb128 0x3f
 4593 00e8 19       		.uleb128 0x19
 4594 00e9 3C       		.uleb128 0x3c
 4595 00ea 19       		.uleb128 0x19
 4596 00eb 00       		.byte	0
 4597 00ec 00       		.byte	0
 4598 00ed 14       		.uleb128 0x14
 4599 00ee 34       		.uleb128 0x34
 4600 00ef 00       		.byte	0
 4601 00f0 03       		.uleb128 0x3
 4602 00f1 0E       		.uleb128 0xe
 4603 00f2 3A       		.uleb128 0x3a
 4604 00f3 0B       		.uleb128 0xb
 4605 00f4 3B       		.uleb128 0x3b
 4606 00f5 0B       		.uleb128 0xb
 4607 00f6 39       		.uleb128 0x39
 4608 00f7 0B       		.uleb128 0xb
 4609 00f8 49       		.uleb128 0x49
 4610 00f9 13       		.uleb128 0x13
 4611 00fa 3F       		.uleb128 0x3f
 4612 00fb 19       		.uleb128 0x19
 4613 00fc 3C       		.uleb128 0x3c
 4614 00fd 19       		.uleb128 0x19
 4615 00fe 00       		.byte	0
 4616 00ff 00       		.byte	0
 4617 0100 15       		.uleb128 0x15
ARM GAS  /tmp/ccQ4TWpz.s 			page 82


 4618 0101 13       		.uleb128 0x13
 4619 0102 01       		.byte	0x1
 4620 0103 0B       		.uleb128 0xb
 4621 0104 0B       		.uleb128 0xb
 4622 0105 3A       		.uleb128 0x3a
 4623 0106 0B       		.uleb128 0xb
 4624 0107 3B       		.uleb128 0x3b
 4625 0108 0B       		.uleb128 0xb
 4626 0109 39       		.uleb128 0x39
 4627 010a 0B       		.uleb128 0xb
 4628 010b 01       		.uleb128 0x1
 4629 010c 13       		.uleb128 0x13
 4630 010d 00       		.byte	0
 4631 010e 00       		.byte	0
 4632 010f 16       		.uleb128 0x16
 4633 0110 13       		.uleb128 0x13
 4634 0111 01       		.byte	0x1
 4635 0112 0B       		.uleb128 0xb
 4636 0113 0B       		.uleb128 0xb
 4637 0114 3A       		.uleb128 0x3a
 4638 0115 0B       		.uleb128 0xb
 4639 0116 3B       		.uleb128 0x3b
 4640 0117 05       		.uleb128 0x5
 4641 0118 39       		.uleb128 0x39
 4642 0119 0B       		.uleb128 0xb
 4643 011a 01       		.uleb128 0x1
 4644 011b 13       		.uleb128 0x13
 4645 011c 00       		.byte	0
 4646 011d 00       		.byte	0
 4647 011e 17       		.uleb128 0x17
 4648 011f 16       		.uleb128 0x16
 4649 0120 00       		.byte	0
 4650 0121 03       		.uleb128 0x3
 4651 0122 0E       		.uleb128 0xe
 4652 0123 3A       		.uleb128 0x3a
 4653 0124 0B       		.uleb128 0xb
 4654 0125 3B       		.uleb128 0x3b
 4655 0126 05       		.uleb128 0x5
 4656 0127 39       		.uleb128 0x39
 4657 0128 0B       		.uleb128 0xb
 4658 0129 49       		.uleb128 0x49
 4659 012a 13       		.uleb128 0x13
 4660 012b 00       		.byte	0
 4661 012c 00       		.byte	0
 4662 012d 18       		.uleb128 0x18
 4663 012e 17       		.uleb128 0x17
 4664 012f 01       		.byte	0x1
 4665 0130 0B       		.uleb128 0xb
 4666 0131 0B       		.uleb128 0xb
 4667 0132 3A       		.uleb128 0x3a
 4668 0133 0B       		.uleb128 0xb
 4669 0134 3B       		.uleb128 0x3b
 4670 0135 0B       		.uleb128 0xb
 4671 0136 39       		.uleb128 0x39
 4672 0137 0B       		.uleb128 0xb
 4673 0138 01       		.uleb128 0x1
 4674 0139 13       		.uleb128 0x13
ARM GAS  /tmp/ccQ4TWpz.s 			page 83


 4675 013a 00       		.byte	0
 4676 013b 00       		.byte	0
 4677 013c 19       		.uleb128 0x19
 4678 013d 0D       		.uleb128 0xd
 4679 013e 00       		.byte	0
 4680 013f 03       		.uleb128 0x3
 4681 0140 0E       		.uleb128 0xe
 4682 0141 3A       		.uleb128 0x3a
 4683 0142 0B       		.uleb128 0xb
 4684 0143 3B       		.uleb128 0x3b
 4685 0144 0B       		.uleb128 0xb
 4686 0145 39       		.uleb128 0x39
 4687 0146 0B       		.uleb128 0xb
 4688 0147 49       		.uleb128 0x49
 4689 0148 13       		.uleb128 0x13
 4690 0149 00       		.byte	0
 4691 014a 00       		.byte	0
 4692 014b 1A       		.uleb128 0x1a
 4693 014c 0D       		.uleb128 0xd
 4694 014d 00       		.byte	0
 4695 014e 03       		.uleb128 0x3
 4696 014f 0E       		.uleb128 0xe
 4697 0150 3A       		.uleb128 0x3a
 4698 0151 0B       		.uleb128 0xb
 4699 0152 3B       		.uleb128 0x3b
 4700 0153 05       		.uleb128 0x5
 4701 0154 39       		.uleb128 0x39
 4702 0155 0B       		.uleb128 0xb
 4703 0156 49       		.uleb128 0x49
 4704 0157 13       		.uleb128 0x13
 4705 0158 00       		.byte	0
 4706 0159 00       		.byte	0
 4707 015a 1B       		.uleb128 0x1b
 4708 015b 34       		.uleb128 0x34
 4709 015c 00       		.byte	0
 4710 015d 03       		.uleb128 0x3
 4711 015e 08       		.uleb128 0x8
 4712 015f 3A       		.uleb128 0x3a
 4713 0160 0B       		.uleb128 0xb
 4714 0161 3B       		.uleb128 0x3b
 4715 0162 05       		.uleb128 0x5
 4716 0163 39       		.uleb128 0x39
 4717 0164 0B       		.uleb128 0xb
 4718 0165 49       		.uleb128 0x49
 4719 0166 13       		.uleb128 0x13
 4720 0167 3F       		.uleb128 0x3f
 4721 0168 19       		.uleb128 0x19
 4722 0169 3C       		.uleb128 0x3c
 4723 016a 19       		.uleb128 0x19
 4724 016b 00       		.byte	0
 4725 016c 00       		.byte	0
 4726 016d 1C       		.uleb128 0x1c
 4727 016e 21       		.uleb128 0x21
 4728 016f 00       		.byte	0
 4729 0170 00       		.byte	0
 4730 0171 00       		.byte	0
 4731 0172 1D       		.uleb128 0x1d
ARM GAS  /tmp/ccQ4TWpz.s 			page 84


 4732 0173 15       		.uleb128 0x15
 4733 0174 01       		.byte	0x1
 4734 0175 27       		.uleb128 0x27
 4735 0176 19       		.uleb128 0x19
 4736 0177 49       		.uleb128 0x49
 4737 0178 13       		.uleb128 0x13
 4738 0179 01       		.uleb128 0x1
 4739 017a 13       		.uleb128 0x13
 4740 017b 00       		.byte	0
 4741 017c 00       		.byte	0
 4742 017d 1E       		.uleb128 0x1e
 4743 017e 04       		.uleb128 0x4
 4744 017f 01       		.byte	0x1
 4745 0180 3E       		.uleb128 0x3e
 4746 0181 0B       		.uleb128 0xb
 4747 0182 0B       		.uleb128 0xb
 4748 0183 0B       		.uleb128 0xb
 4749 0184 49       		.uleb128 0x49
 4750 0185 13       		.uleb128 0x13
 4751 0186 3A       		.uleb128 0x3a
 4752 0187 0B       		.uleb128 0xb
 4753 0188 3B       		.uleb128 0x3b
 4754 0189 0B       		.uleb128 0xb
 4755 018a 39       		.uleb128 0x39
 4756 018b 0B       		.uleb128 0xb
 4757 018c 01       		.uleb128 0x1
 4758 018d 13       		.uleb128 0x13
 4759 018e 00       		.byte	0
 4760 018f 00       		.byte	0
 4761 0190 1F       		.uleb128 0x1f
 4762 0191 28       		.uleb128 0x28
 4763 0192 00       		.byte	0
 4764 0193 03       		.uleb128 0x3
 4765 0194 0E       		.uleb128 0xe
 4766 0195 1C       		.uleb128 0x1c
 4767 0196 0B       		.uleb128 0xb
 4768 0197 00       		.byte	0
 4769 0198 00       		.byte	0
 4770 0199 20       		.uleb128 0x20
 4771 019a 04       		.uleb128 0x4
 4772 019b 01       		.byte	0x1
 4773 019c 3E       		.uleb128 0x3e
 4774 019d 0B       		.uleb128 0xb
 4775 019e 0B       		.uleb128 0xb
 4776 019f 0B       		.uleb128 0xb
 4777 01a0 49       		.uleb128 0x49
 4778 01a1 13       		.uleb128 0x13
 4779 01a2 3A       		.uleb128 0x3a
 4780 01a3 0B       		.uleb128 0xb
 4781 01a4 3B       		.uleb128 0x3b
 4782 01a5 05       		.uleb128 0x5
 4783 01a6 39       		.uleb128 0x39
 4784 01a7 0B       		.uleb128 0xb
 4785 01a8 01       		.uleb128 0x1
 4786 01a9 13       		.uleb128 0x13
 4787 01aa 00       		.byte	0
 4788 01ab 00       		.byte	0
ARM GAS  /tmp/ccQ4TWpz.s 			page 85


 4789 01ac 21       		.uleb128 0x21
 4790 01ad 13       		.uleb128 0x13
 4791 01ae 01       		.byte	0x1
 4792 01af 0B       		.uleb128 0xb
 4793 01b0 06       		.uleb128 0x6
 4794 01b1 3A       		.uleb128 0x3a
 4795 01b2 0B       		.uleb128 0xb
 4796 01b3 3B       		.uleb128 0x3b
 4797 01b4 0B       		.uleb128 0xb
 4798 01b5 39       		.uleb128 0x39
 4799 01b6 0B       		.uleb128 0xb
 4800 01b7 01       		.uleb128 0x1
 4801 01b8 13       		.uleb128 0x13
 4802 01b9 00       		.byte	0
 4803 01ba 00       		.byte	0
 4804 01bb 22       		.uleb128 0x22
 4805 01bc 0D       		.uleb128 0xd
 4806 01bd 00       		.byte	0
 4807 01be 03       		.uleb128 0x3
 4808 01bf 0E       		.uleb128 0xe
 4809 01c0 3A       		.uleb128 0x3a
 4810 01c1 0B       		.uleb128 0xb
 4811 01c2 3B       		.uleb128 0x3b
 4812 01c3 0B       		.uleb128 0xb
 4813 01c4 39       		.uleb128 0x39
 4814 01c5 0B       		.uleb128 0xb
 4815 01c6 49       		.uleb128 0x49
 4816 01c7 13       		.uleb128 0x13
 4817 01c8 38       		.uleb128 0x38
 4818 01c9 05       		.uleb128 0x5
 4819 01ca 00       		.byte	0
 4820 01cb 00       		.byte	0
 4821 01cc 23       		.uleb128 0x23
 4822 01cd 0D       		.uleb128 0xd
 4823 01ce 00       		.byte	0
 4824 01cf 03       		.uleb128 0x3
 4825 01d0 08       		.uleb128 0x8
 4826 01d1 3A       		.uleb128 0x3a
 4827 01d2 0B       		.uleb128 0xb
 4828 01d3 3B       		.uleb128 0x3b
 4829 01d4 0B       		.uleb128 0xb
 4830 01d5 39       		.uleb128 0x39
 4831 01d6 0B       		.uleb128 0xb
 4832 01d7 49       		.uleb128 0x49
 4833 01d8 13       		.uleb128 0x13
 4834 01d9 38       		.uleb128 0x38
 4835 01da 05       		.uleb128 0x5
 4836 01db 00       		.byte	0
 4837 01dc 00       		.byte	0
 4838 01dd 24       		.uleb128 0x24
 4839 01de 21       		.uleb128 0x21
 4840 01df 00       		.byte	0
 4841 01e0 49       		.uleb128 0x49
 4842 01e1 13       		.uleb128 0x13
 4843 01e2 2F       		.uleb128 0x2f
 4844 01e3 05       		.uleb128 0x5
 4845 01e4 00       		.byte	0
ARM GAS  /tmp/ccQ4TWpz.s 			page 86


 4846 01e5 00       		.byte	0
 4847 01e6 25       		.uleb128 0x25
 4848 01e7 34       		.uleb128 0x34
 4849 01e8 00       		.byte	0
 4850 01e9 47       		.uleb128 0x47
 4851 01ea 13       		.uleb128 0x13
 4852 01eb 3A       		.uleb128 0x3a
 4853 01ec 0B       		.uleb128 0xb
 4854 01ed 3B       		.uleb128 0x3b
 4855 01ee 0B       		.uleb128 0xb
 4856 01ef 39       		.uleb128 0x39
 4857 01f0 0B       		.uleb128 0xb
 4858 01f1 00       		.byte	0
 4859 01f2 00       		.byte	0
 4860 01f3 26       		.uleb128 0x26
 4861 01f4 2E       		.uleb128 0x2e
 4862 01f5 01       		.byte	0x1
 4863 01f6 3F       		.uleb128 0x3f
 4864 01f7 19       		.uleb128 0x19
 4865 01f8 03       		.uleb128 0x3
 4866 01f9 0E       		.uleb128 0xe
 4867 01fa 3A       		.uleb128 0x3a
 4868 01fb 0B       		.uleb128 0xb
 4869 01fc 3B       		.uleb128 0x3b
 4870 01fd 05       		.uleb128 0x5
 4871 01fe 39       		.uleb128 0x39
 4872 01ff 0B       		.uleb128 0xb
 4873 0200 27       		.uleb128 0x27
 4874 0201 19       		.uleb128 0x19
 4875 0202 49       		.uleb128 0x49
 4876 0203 13       		.uleb128 0x13
 4877 0204 01       		.uleb128 0x1
 4878 0205 13       		.uleb128 0x13
 4879 0206 00       		.byte	0
 4880 0207 00       		.byte	0
 4881 0208 27       		.uleb128 0x27
 4882 0209 05       		.uleb128 0x5
 4883 020a 00       		.byte	0
 4884 020b 03       		.uleb128 0x3
 4885 020c 0E       		.uleb128 0xe
 4886 020d 3A       		.uleb128 0x3a
 4887 020e 0B       		.uleb128 0xb
 4888 020f 3B       		.uleb128 0x3b
 4889 0210 05       		.uleb128 0x5
 4890 0211 39       		.uleb128 0x39
 4891 0212 0B       		.uleb128 0xb
 4892 0213 49       		.uleb128 0x49
 4893 0214 13       		.uleb128 0x13
 4894 0215 00       		.byte	0
 4895 0216 00       		.byte	0
 4896 0217 28       		.uleb128 0x28
 4897 0218 34       		.uleb128 0x34
 4898 0219 00       		.byte	0
 4899 021a 03       		.uleb128 0x3
 4900 021b 08       		.uleb128 0x8
 4901 021c 3A       		.uleb128 0x3a
 4902 021d 0B       		.uleb128 0xb
ARM GAS  /tmp/ccQ4TWpz.s 			page 87


 4903 021e 3B       		.uleb128 0x3b
 4904 021f 05       		.uleb128 0x5
 4905 0220 39       		.uleb128 0x39
 4906 0221 0B       		.uleb128 0xb
 4907 0222 49       		.uleb128 0x49
 4908 0223 13       		.uleb128 0x13
 4909 0224 00       		.byte	0
 4910 0225 00       		.byte	0
 4911 0226 29       		.uleb128 0x29
 4912 0227 2E       		.uleb128 0x2e
 4913 0228 01       		.byte	0x1
 4914 0229 3F       		.uleb128 0x3f
 4915 022a 19       		.uleb128 0x19
 4916 022b 03       		.uleb128 0x3
 4917 022c 0E       		.uleb128 0xe
 4918 022d 3A       		.uleb128 0x3a
 4919 022e 0B       		.uleb128 0xb
 4920 022f 3B       		.uleb128 0x3b
 4921 0230 05       		.uleb128 0x5
 4922 0231 39       		.uleb128 0x39
 4923 0232 0B       		.uleb128 0xb
 4924 0233 27       		.uleb128 0x27
 4925 0234 19       		.uleb128 0x19
 4926 0235 01       		.uleb128 0x1
 4927 0236 13       		.uleb128 0x13
 4928 0237 00       		.byte	0
 4929 0238 00       		.byte	0
 4930 0239 2A       		.uleb128 0x2a
 4931 023a 05       		.uleb128 0x5
 4932 023b 00       		.byte	0
 4933 023c 03       		.uleb128 0x3
 4934 023d 08       		.uleb128 0x8
 4935 023e 3A       		.uleb128 0x3a
 4936 023f 0B       		.uleb128 0xb
 4937 0240 3B       		.uleb128 0x3b
 4938 0241 05       		.uleb128 0x5
 4939 0242 39       		.uleb128 0x39
 4940 0243 0B       		.uleb128 0xb
 4941 0244 49       		.uleb128 0x49
 4942 0245 13       		.uleb128 0x13
 4943 0246 00       		.byte	0
 4944 0247 00       		.byte	0
 4945 0248 2B       		.uleb128 0x2b
 4946 0249 26       		.uleb128 0x26
 4947 024a 00       		.byte	0
 4948 024b 00       		.byte	0
 4949 024c 00       		.byte	0
 4950 024d 2C       		.uleb128 0x2c
 4951 024e 34       		.uleb128 0x34
 4952 024f 00       		.byte	0
 4953 0250 03       		.uleb128 0x3
 4954 0251 0E       		.uleb128 0xe
 4955 0252 49       		.uleb128 0x49
 4956 0253 13       		.uleb128 0x13
 4957 0254 34       		.uleb128 0x34
 4958 0255 19       		.uleb128 0x19
 4959 0256 00       		.byte	0
ARM GAS  /tmp/ccQ4TWpz.s 			page 88


 4960 0257 00       		.byte	0
 4961 0258 2D       		.uleb128 0x2d
 4962 0259 2E       		.uleb128 0x2e
 4963 025a 00       		.byte	0
 4964 025b 3F       		.uleb128 0x3f
 4965 025c 19       		.uleb128 0x19
 4966 025d 03       		.uleb128 0x3
 4967 025e 0E       		.uleb128 0xe
 4968 025f 3A       		.uleb128 0x3a
 4969 0260 0B       		.uleb128 0xb
 4970 0261 3B       		.uleb128 0x3b
 4971 0262 05       		.uleb128 0x5
 4972 0263 39       		.uleb128 0x39
 4973 0264 0B       		.uleb128 0xb
 4974 0265 27       		.uleb128 0x27
 4975 0266 19       		.uleb128 0x19
 4976 0267 00       		.byte	0
 4977 0268 00       		.byte	0
 4978 0269 2E       		.uleb128 0x2e
 4979 026a 2E       		.uleb128 0x2e
 4980 026b 01       		.byte	0x1
 4981 026c 03       		.uleb128 0x3
 4982 026d 0E       		.uleb128 0xe
 4983 026e 3A       		.uleb128 0x3a
 4984 026f 0B       		.uleb128 0xb
 4985 0270 3B       		.uleb128 0x3b
 4986 0271 05       		.uleb128 0x5
 4987 0272 39       		.uleb128 0x39
 4988 0273 0B       		.uleb128 0xb
 4989 0274 27       		.uleb128 0x27
 4990 0275 19       		.uleb128 0x19
 4991 0276 01       		.uleb128 0x1
 4992 0277 13       		.uleb128 0x13
 4993 0278 00       		.byte	0
 4994 0279 00       		.byte	0
 4995 027a 2F       		.uleb128 0x2f
 4996 027b 2E       		.uleb128 0x2e
 4997 027c 01       		.byte	0x1
 4998 027d 03       		.uleb128 0x3
 4999 027e 0E       		.uleb128 0xe
 5000 027f 3A       		.uleb128 0x3a
 5001 0280 0B       		.uleb128 0xb
 5002 0281 3B       		.uleb128 0x3b
 5003 0282 0B       		.uleb128 0xb
 5004 0283 39       		.uleb128 0x39
 5005 0284 0B       		.uleb128 0xb
 5006 0285 27       		.uleb128 0x27
 5007 0286 19       		.uleb128 0x19
 5008 0287 01       		.uleb128 0x1
 5009 0288 13       		.uleb128 0x13
 5010 0289 00       		.byte	0
 5011 028a 00       		.byte	0
 5012 028b 30       		.uleb128 0x30
 5013 028c 05       		.uleb128 0x5
 5014 028d 00       		.byte	0
 5015 028e 03       		.uleb128 0x3
 5016 028f 0E       		.uleb128 0xe
ARM GAS  /tmp/ccQ4TWpz.s 			page 89


 5017 0290 3A       		.uleb128 0x3a
 5018 0291 0B       		.uleb128 0xb
 5019 0292 3B       		.uleb128 0x3b
 5020 0293 0B       		.uleb128 0xb
 5021 0294 39       		.uleb128 0x39
 5022 0295 0B       		.uleb128 0xb
 5023 0296 49       		.uleb128 0x49
 5024 0297 13       		.uleb128 0x13
 5025 0298 00       		.byte	0
 5026 0299 00       		.byte	0
 5027 029a 31       		.uleb128 0x31
 5028 029b 34       		.uleb128 0x34
 5029 029c 00       		.byte	0
 5030 029d 03       		.uleb128 0x3
 5031 029e 08       		.uleb128 0x8
 5032 029f 3A       		.uleb128 0x3a
 5033 02a0 0B       		.uleb128 0xb
 5034 02a1 3B       		.uleb128 0x3b
 5035 02a2 0B       		.uleb128 0xb
 5036 02a3 39       		.uleb128 0x39
 5037 02a4 0B       		.uleb128 0xb
 5038 02a5 49       		.uleb128 0x49
 5039 02a6 13       		.uleb128 0x13
 5040 02a7 00       		.byte	0
 5041 02a8 00       		.byte	0
 5042 02a9 32       		.uleb128 0x32
 5043 02aa 34       		.uleb128 0x34
 5044 02ab 00       		.byte	0
 5045 02ac 03       		.uleb128 0x3
 5046 02ad 0E       		.uleb128 0xe
 5047 02ae 3A       		.uleb128 0x3a
 5048 02af 0B       		.uleb128 0xb
 5049 02b0 3B       		.uleb128 0x3b
 5050 02b1 0B       		.uleb128 0xb
 5051 02b2 39       		.uleb128 0x39
 5052 02b3 0B       		.uleb128 0xb
 5053 02b4 49       		.uleb128 0x49
 5054 02b5 13       		.uleb128 0x13
 5055 02b6 00       		.byte	0
 5056 02b7 00       		.byte	0
 5057 02b8 33       		.uleb128 0x33
 5058 02b9 2E       		.uleb128 0x2e
 5059 02ba 01       		.byte	0x1
 5060 02bb 03       		.uleb128 0x3
 5061 02bc 0E       		.uleb128 0xe
 5062 02bd 3A       		.uleb128 0x3a
 5063 02be 0B       		.uleb128 0xb
 5064 02bf 3B       		.uleb128 0x3b
 5065 02c0 0B       		.uleb128 0xb
 5066 02c1 39       		.uleb128 0x39
 5067 02c2 0B       		.uleb128 0xb
 5068 02c3 27       		.uleb128 0x27
 5069 02c4 19       		.uleb128 0x19
 5070 02c5 49       		.uleb128 0x49
 5071 02c6 13       		.uleb128 0x13
 5072 02c7 01       		.uleb128 0x1
 5073 02c8 13       		.uleb128 0x13
ARM GAS  /tmp/ccQ4TWpz.s 			page 90


 5074 02c9 00       		.byte	0
 5075 02ca 00       		.byte	0
 5076 02cb 34       		.uleb128 0x34
 5077 02cc 05       		.uleb128 0x5
 5078 02cd 00       		.byte	0
 5079 02ce 03       		.uleb128 0x3
 5080 02cf 08       		.uleb128 0x8
 5081 02d0 3A       		.uleb128 0x3a
 5082 02d1 0B       		.uleb128 0xb
 5083 02d2 3B       		.uleb128 0x3b
 5084 02d3 0B       		.uleb128 0xb
 5085 02d4 39       		.uleb128 0x39
 5086 02d5 0B       		.uleb128 0xb
 5087 02d6 49       		.uleb128 0x49
 5088 02d7 13       		.uleb128 0x13
 5089 02d8 00       		.byte	0
 5090 02d9 00       		.byte	0
 5091 02da 35       		.uleb128 0x35
 5092 02db 2E       		.uleb128 0x2e
 5093 02dc 01       		.byte	0x1
 5094 02dd 03       		.uleb128 0x3
 5095 02de 0E       		.uleb128 0xe
 5096 02df 3A       		.uleb128 0x3a
 5097 02e0 0B       		.uleb128 0xb
 5098 02e1 3B       		.uleb128 0x3b
 5099 02e2 05       		.uleb128 0x5
 5100 02e3 39       		.uleb128 0x39
 5101 02e4 0B       		.uleb128 0xb
 5102 02e5 27       		.uleb128 0x27
 5103 02e6 19       		.uleb128 0x19
 5104 02e7 00       		.byte	0
 5105 02e8 00       		.byte	0
 5106 02e9 00       		.byte	0
 5107              		.section	.gnu.debuglto_.debug_line,"e",%progbits
 5108              	.Ldebug_line0:
 5109 0000 B2050000 		.4byte	.LELT0-.LSLT0
 5110              	.LSLT0:
 5111 0004 0400     		.2byte	0x4
 5112 0006 AC050000 		.4byte	.LELTP0-.LASLTP0
 5113              	.LASLTP0:
 5114 000a 01       		.byte	0x1
 5115 000b 01       		.byte	0x1
 5116 000c 01       		.byte	0x1
 5117 000d F6       		.byte	0xf6
 5118 000e F2       		.byte	0xf2
 5119 000f 0D       		.byte	0xd
 5120 0010 00       		.byte	0
 5121 0011 01       		.byte	0x1
 5122 0012 01       		.byte	0x1
 5123 0013 01       		.byte	0x1
 5124 0014 01       		.byte	0x1
 5125 0015 00       		.byte	0
 5126 0016 00       		.byte	0
 5127 0017 00       		.byte	0
 5128 0018 01       		.byte	0x1
 5129 0019 00       		.byte	0
 5130 001a 00       		.byte	0
ARM GAS  /tmp/ccQ4TWpz.s 			page 91


 5131 001b 01       		.byte	0x1
 5132 001c 2E2E2F2E 		.ascii	"../../chibios_trunk/os/common/ext/ARM/CMSIS/Core/In"
 5132      2E2F6368 
 5132      6962696F 
 5132      735F7472 
 5132      756E6B2F 
 5133 004f 636C7564 		.ascii	"clude"
 5133      65
 5134 0054 00       		.byte	0
 5135 0055 2E2E2F2E 		.ascii	"../../chibios_trunk/os/common/ext/ST/STM32F4xx"
 5135      2E2F6368 
 5135      6962696F 
 5135      735F7472 
 5135      756E6B2F 
 5136 0083 00       		.byte	0
 5137 0084 2E2E2F2E 		.ascii	"../../chibios_trunk/os/common/ports/ARMCMx/compiler"
 5137      2E2F6368 
 5137      6962696F 
 5137      735F7472 
 5137      756E6B2F 
 5138 00b7 732F4743 		.ascii	"s/GCC"
 5138      43
 5139 00bc 00       		.byte	0
 5140 00bd 2E2E2F2E 		.ascii	"../../chibios_trunk/os/common/ports/ARMCMx"
 5140      2E2F6368 
 5140      6962696F 
 5140      735F7472 
 5140      756E6B2F 
 5141 00e7 00       		.byte	0
 5142 00e8 2E2E2F2E 		.ascii	"../../chibios_trunk/os/hal/include"
 5142      2E2F6368 
 5142      6962696F 
 5142      735F7472 
 5142      756E6B2F 
 5143 010a 00       		.byte	0
 5144 010b 2E2E2F2E 		.ascii	"../../chibios_trunk/os/hal/osal/rt-nil"
 5144      2E2F6368 
 5144      6962696F 
 5144      735F7472 
 5144      756E6B2F 
 5145 0131 00       		.byte	0
 5146 0132 2E2E2F2E 		.ascii	"../../chibios_trunk/os/hal/ports/STM32/LLD/DMAv2"
 5146      2E2F6368 
 5146      6962696F 
 5146      735F7472 
 5146      756E6B2F 
 5147 0162 00       		.byte	0
 5148 0163 2E2E2F2E 		.ascii	"../../chibios_trunk/os/hal/ports/STM32/LLD/GPIOv2"
 5148      2E2F6368 
 5148      6962696F 
 5148      735F7472 
 5148      756E6B2F 
 5149 0194 00       		.byte	0
 5150 0195 2E2E2F2E 		.ascii	"../../chibios_trunk/os/hal/ports/STM32/LLD/OTGv1"
 5150      2E2F6368 
 5150      6962696F 
 5150      735F7472 
ARM GAS  /tmp/ccQ4TWpz.s 			page 92


 5150      756E6B2F 
 5151 01c5 00       		.byte	0
 5152 01c6 2E2E2F2E 		.ascii	"../../chibios_trunk/os/hal/ports/STM32/LLD/TIMv1"
 5152      2E2F6368 
 5152      6962696F 
 5152      735F7472 
 5152      756E6B2F 
 5153 01f6 00       		.byte	0
 5154 01f7 2E2E2F2E 		.ascii	"../../chibios_trunk/os/hal/ports/STM32/LLD/USARTv1"
 5154      2E2F6368 
 5154      6962696F 
 5154      735F7472 
 5154      756E6B2F 
 5155 0229 00       		.byte	0
 5156 022a 2E2E2F2E 		.ascii	"../../chibios_trunk/os/oslib/include"
 5156      2E2F6368 
 5156      6962696F 
 5156      735F7472 
 5156      756E6B2F 
 5157 024e 00       		.byte	0
 5158 024f 2E2E2F2E 		.ascii	"../../chibios_trunk/os/rt/include"
 5158      2E2F6368 
 5158      6962696F 
 5158      735F7472 
 5158      756E6B2F 
 5159 0270 00       		.byte	0
 5160 0271 2F686F6D 		.ascii	"/home/rob/Projects/ChibiStudio/ChibiStudio_20/tools"
 5160      652F726F 
 5160      622F5072 
 5160      6F6A6563 
 5160      74732F43 
 5161 02a4 2F474E55 		.ascii	"/GNU Tools ARM Embedded/9.2.1 2019q4/arm-none-eabi/"
 5161      20546F6F 
 5161      6C732041 
 5161      524D2045 
 5161      6D626564 
 5162 02d7 696E636C 		.ascii	"include/machine"
 5162      7564652F 
 5162      6D616368 
 5162      696E65
 5163 02e6 00       		.byte	0
 5164 02e7 2F686F6D 		.ascii	"/home/rob/Projects/ChibiStudio/ChibiStudio_20/tools"
 5164      652F726F 
 5164      622F5072 
 5164      6F6A6563 
 5164      74732F43 
 5165 031a 2F474E55 		.ascii	"/GNU Tools ARM Embedded/9.2.1 2019q4/arm-none-eabi/"
 5165      20546F6F 
 5165      6C732041 
 5165      524D2045 
 5165      6D626564 
 5166 034d 696E636C 		.ascii	"include/sys"
 5166      7564652F 
 5166      737973
 5167 0358 00       		.byte	0
 5168 0359 2F686F6D 		.ascii	"/home/rob/Projects/ChibiStudio/ChibiStudio_20/tools"
 5168      652F726F 
ARM GAS  /tmp/ccQ4TWpz.s 			page 93


 5168      622F5072 
 5168      6F6A6563 
 5168      74732F43 
 5169 038c 2F474E55 		.ascii	"/GNU Tools ARM Embedded/9.2.1 2019q4/lib/gcc/arm-no"
 5169      20546F6F 
 5169      6C732041 
 5169      524D2045 
 5169      6D626564 
 5170 03bf 6E652D65 		.ascii	"ne-eabi/9.2.1/include"
 5170      6162692F 
 5170      392E322E 
 5170      312F696E 
 5170      636C7564 
 5171 03d4 00       		.byte	0
 5172 03d5 00       		.byte	0
 5173 03d6 73746464 		.ascii	"stddef.h\000"
 5173      65662E68 
 5173      00
 5174 03df 10       		.uleb128 0x10
 5175 03e0 00       		.uleb128 0
 5176 03e1 00       		.uleb128 0
 5177 03e2 5F646566 		.ascii	"_default_types.h\000"
 5177      61756C74 
 5177      5F747970 
 5177      65732E68 
 5177      00
 5178 03f3 0E       		.uleb128 0xe
 5179 03f4 00       		.uleb128 0
 5180 03f5 00       		.uleb128 0
 5181 03f6 5F737464 		.ascii	"_stdint.h\000"
 5181      696E742E 
 5181      6800
 5182 0400 0F       		.uleb128 0xf
 5183 0401 00       		.uleb128 0
 5184 0402 00       		.uleb128 0
 5185 0403 63687479 		.ascii	"chtypes.h\000"
 5185      7065732E 
 5185      6800
 5186 040d 03       		.uleb128 0x3
 5187 040e 00       		.uleb128 0
 5188 040f 00       		.uleb128 0
 5189 0410 63687379 		.ascii	"chsystypes.h\000"
 5189      73747970 
 5189      65732E68 
 5189      00
 5190 041d 0D       		.uleb128 0xd
 5191 041e 00       		.uleb128 0
 5192 041f 00       		.uleb128 0
 5193 0420 63687363 		.ascii	"chschd.h\000"
 5193      68642E68 
 5193      00
 5194 0429 0D       		.uleb128 0xd
 5195 042a 00       		.uleb128 0
 5196 042b 00       		.uleb128 0
 5197 042c 63687469 		.ascii	"chtime.h\000"
 5197      6D652E68 
 5197      00
ARM GAS  /tmp/ccQ4TWpz.s 			page 94


 5198 0435 0D       		.uleb128 0xd
 5199 0436 00       		.uleb128 0
 5200 0437 00       		.uleb128 0
 5201 0438 636F7265 		.ascii	"core_cm4.h\000"
 5201      5F636D34 
 5201      2E6800
 5202 0443 01       		.uleb128 0x1
 5203 0444 00       		.uleb128 0
 5204 0445 00       		.uleb128 0
 5205 0446 73797374 		.ascii	"system_stm32f4xx.h\000"
 5205      656D5F73 
 5205      746D3332 
 5205      66347878 
 5205      2E6800
 5206 0459 02       		.uleb128 0x2
 5207 045a 00       		.uleb128 0
 5208 045b 00       		.uleb128 0
 5209 045c 73746D33 		.ascii	"stm32f401xe.h\000"
 5209      32663430 
 5209      3178652E 
 5209      6800
 5210 046a 02       		.uleb128 0x2
 5211 046b 00       		.uleb128 0
 5212 046c 00       		.uleb128 0
 5213 046d 6368636F 		.ascii	"chcore.h\000"
 5213      72652E68 
 5213      00
 5214 0476 04       		.uleb128 0x4
 5215 0477 00       		.uleb128 0
 5216 0478 00       		.uleb128 0
 5217 0479 6368636F 		.ascii	"chcore_v7m.h\000"
 5217      72655F76 
 5217      376D2E68 
 5217      00
 5218 0486 04       		.uleb128 0x4
 5219 0487 00       		.uleb128 0
 5220 0488 00       		.uleb128 0
 5221 0489 6368746D 		.ascii	"chtm.h\000"
 5221      2E6800
 5222 0490 0D       		.uleb128 0xd
 5223 0491 00       		.uleb128 0
 5224 0492 00       		.uleb128 0
 5225 0493 63687365 		.ascii	"chsem.h\000"
 5225      6D2E6800 
 5226 049b 0D       		.uleb128 0xd
 5227 049c 00       		.uleb128 0
 5228 049d 00       		.uleb128 0
 5229 049e 63686D74 		.ascii	"chmtx.h\000"
 5229      782E6800 
 5230 04a6 0D       		.uleb128 0xd
 5231 04a7 00       		.uleb128 0
 5232 04a8 00       		.uleb128 0
 5233 04a9 63687379 		.ascii	"chsys.h\000"
 5233      732E6800 
 5234 04b1 0D       		.uleb128 0xd
 5235 04b2 00       		.uleb128 0
 5236 04b3 00       		.uleb128 0
ARM GAS  /tmp/ccQ4TWpz.s 			page 95


 5237 04b4 63687265 		.ascii	"chregistry.h\000"
 5237      67697374 
 5237      72792E68 
 5237      00
 5238 04c1 0D       		.uleb128 0xd
 5239 04c2 00       		.uleb128 0
 5240 04c3 00       		.uleb128 0
 5241 04c4 63686D65 		.ascii	"chmemcore.h\000"
 5241      6D636F72 
 5241      652E6800 
 5242 04d0 0C       		.uleb128 0xc
 5243 04d1 00       		.uleb128 0
 5244 04d2 00       		.uleb128 0
 5245 04d3 63686D65 		.ascii	"chmempools.h\000"
 5245      6D706F6F 
 5245      6C732E68 
 5245      00
 5246 04e0 0C       		.uleb128 0xc
 5247 04e1 00       		.uleb128 0
 5248 04e2 00       		.uleb128 0
 5249 04e3 63686661 		.ascii	"chfactory.h\000"
 5249      63746F72 
 5249      792E6800 
 5250 04ef 0C       		.uleb128 0xc
 5251 04f0 00       		.uleb128 0
 5252 04f1 00       		.uleb128 0
 5253 04f2 73746D33 		.ascii	"stm32_dma.h\000"
 5253      325F646D 
 5253      612E6800 
 5254 04fe 07       		.uleb128 0x7
 5255 04ff 00       		.uleb128 0
 5256 0500 00       		.uleb128 0
 5257 0501 73746D33 		.ascii	"stm32_tim.h\000"
 5257      325F7469 
 5257      6D2E6800 
 5258 050d 0A       		.uleb128 0xa
 5259 050e 00       		.uleb128 0
 5260 050f 00       		.uleb128 0
 5261 0510 68616C5F 		.ascii	"hal_pal.h\000"
 5261      70616C2E 
 5261      6800
 5262 051a 05       		.uleb128 0x5
 5263 051b 00       		.uleb128 0
 5264 051c 00       		.uleb128 0
 5265 051d 68616C5F 		.ascii	"hal_pal_lld.h\000"
 5265      70616C5F 
 5265      6C6C642E 
 5265      6800
 5266 052b 08       		.uleb128 0x8
 5267 052c 00       		.uleb128 0
 5268 052d 00       		.uleb128 0
 5269 052e 68616C5F 		.ascii	"hal_icu.h\000"
 5269      6963752E 
 5269      6800
 5270 0538 05       		.uleb128 0x5
 5271 0539 00       		.uleb128 0
 5272 053a 00       		.uleb128 0
ARM GAS  /tmp/ccQ4TWpz.s 			page 96


 5273 053b 68616C5F 		.ascii	"hal_icu_lld.h\000"
 5273      6963755F 
 5273      6C6C642E 
 5273      6800
 5274 0549 0A       		.uleb128 0xa
 5275 054a 00       		.uleb128 0
 5276 054b 00       		.uleb128 0
 5277 054c 68616C5F 		.ascii	"hal_uart.h\000"
 5277      75617274 
 5277      2E6800
 5278 0557 05       		.uleb128 0x5
 5279 0558 00       		.uleb128 0
 5280 0559 00       		.uleb128 0
 5281 055a 68616C5F 		.ascii	"hal_uart_lld.h\000"
 5281      75617274 
 5281      5F6C6C64 
 5281      2E6800
 5282 0569 0B       		.uleb128 0xb
 5283 056a 00       		.uleb128 0
 5284 056b 00       		.uleb128 0
 5285 056c 68616C5F 		.ascii	"hal_usb.h\000"
 5285      7573622E 
 5285      6800
 5286 0576 05       		.uleb128 0x5
 5287 0577 00       		.uleb128 0
 5288 0578 00       		.uleb128 0
 5289 0579 68616C5F 		.ascii	"hal_usb_lld.h\000"
 5289      7573625F 
 5289      6C6C642E 
 5289      6800
 5290 0587 09       		.uleb128 0x9
 5291 0588 00       		.uleb128 0
 5292 0589 00       		.uleb128 0
 5293 058a 73746D33 		.ascii	"stm32_otg.h\000"
 5293      325F6F74 
 5293      672E6800 
 5294 0596 09       		.uleb128 0x9
 5295 0597 00       		.uleb128 0
 5296 0598 00       		.uleb128 0
 5297 0599 68616C5F 		.ascii	"hal_uart_lld.c\000"
 5297      75617274 
 5297      5F6C6C64 
 5297      2E6300
 5298 05a8 0B       		.uleb128 0xb
 5299 05a9 00       		.uleb128 0
 5300 05aa 00       		.uleb128 0
 5301 05ab 6F73616C 		.ascii	"osal.h\000"
 5301      2E6800
 5302 05b2 06       		.uleb128 0x6
 5303 05b3 00       		.uleb128 0
 5304 05b4 00       		.uleb128 0
 5305 05b5 00       		.byte	0
 5306              	.LELTP0:
 5307              	.LELT0:
 5308              		.section	.gnu.debuglto_.debug_str,"eMS",%progbits,1
 5309              	.LASF141:
 5310 0000 6F66665F 		.ascii	"off_ctx\000"
ARM GAS  /tmp/ccQ4TWpz.s 			page 97


 5310      63747800 
 5311              	.LASF81:
 5312 0008 4D314152 		.ascii	"M1AR\000"
 5312      00
 5313              	.LASF187:
 5314 000d 73746D33 		.ascii	"stm32_dma_stream_t\000"
 5314      325F646D 
 5314      615F7374 
 5314      7265616D 
 5314      5F7400
 5315              	.LASF4:
 5316 0020 73697A65 		.ascii	"size_t\000"
 5316      5F7400
 5317              	.LASF140:
 5318 0027 6F66665F 		.ascii	"off_prio\000"
 5318      7072696F 
 5318      00
 5319              	.LASF223:
 5320 0030 77696474 		.ascii	"width_cb\000"
 5320      685F6362 
 5320      00
 5321              	.LASF125:
 5322 0039 77747365 		.ascii	"wtsemp\000"
 5322      6D7000
 5323              	.LASF73:
 5324 0040 73797374 		.ascii	"systime_t\000"
 5324      696D655F 
 5324      7400
 5325              	.LASF149:
 5326 004a 6F66665F 		.ascii	"off_preempt\000"
 5326      70726565 
 5326      6D707400 
 5327              	.LASF109:
 5328 0056 504C4C49 		.ascii	"PLLI2SCFGR\000"
 5328      32534346 
 5328      475200
 5329              	.LASF130:
 5330 0061 6F776E65 		.ascii	"owner\000"
 5330      7200
 5331              	.LASF25:
 5332 0067 74707269 		.ascii	"tprio_t\000"
 5332      6F5F7400 
 5333              	.LASF152:
 5334 006f 63685F64 		.ascii	"ch_debug\000"
 5334      65627567 
 5334      00
 5335              	.LASF163:
 5336 0078 70726F76 		.ascii	"provider\000"
 5336      69646572 
 5336      00
 5337              	.LASF390:
 5338 0081 72785F66 		.ascii	"rx_fifo_size\000"
 5338      69666F5F 
 5338      73697A65 
 5338      00
 5339              	.LASF18:
 5340 008e 696E7433 		.ascii	"int32_t\000"
ARM GAS  /tmp/ccQ4TWpz.s 			page 98


 5340      325F7400 
 5341              	.LASF325:
 5342 0096 72657376 		.ascii	"resvd4\000"
 5342      643400
 5343              	.LASF215:
 5344 009d 4943555F 		.ascii	"ICU_INPUT_ACTIVE_LOW\000"
 5344      494E5055 
 5344      545F4143 
 5344      54495645 
 5344      5F4C4F57 
 5345              	.LASF316:
 5346 00b2 72657376 		.ascii	"resvd8\000"
 5346      643800
 5347              	.LASF57:
 5348 00b9 76746675 		.ascii	"vtfunc_t\000"
 5348      6E635F74 
 5348      00
 5349              	.LASF229:
 5350 00c2 49435544 		.ascii	"ICUD1\000"
 5350      3100
 5351              	.LASF327:
 5352 00c8 72657376 		.ascii	"resvdC\000"
 5352      644300
 5353              	.LASF63:
 5354 00cf 63685F76 		.ascii	"ch_virtual_timers_list\000"
 5354      69727475 
 5354      616C5F74 
 5354      696D6572 
 5354      735F6C69 
 5355              	.LASF431:
 5356 00e6 75617274 		.ascii	"uart_lld_serve_tx_end_irq\000"
 5356      5F6C6C64 
 5356      5F736572 
 5356      76655F74 
 5356      785F656E 
 5357              	.LASF440:
 5358 0100 5F5F6675 		.ascii	"__func__\000"
 5358      6E635F5F 
 5358      00
 5359              	.LASF232:
 5360 0109 55415254 		.ascii	"UART_STOP\000"
 5360      5F53544F 
 5360      5000
 5361              	.LASF356:
 5362 0113 48464952 		.ascii	"HFIR\000"
 5362      00
 5363              	.LASF388:
 5364 0118 4649464F 		.ascii	"FIFO\000"
 5364      00
 5365              	.LASF438:
 5366 011d 2E2E2F2E 		.ascii	"../../chibios_trunk/os/hal/ports/STM32/LLD/USARTv1/"
 5366      2E2F6368 
 5366      6962696F 
 5366      735F7472 
 5366      756E6B2F 
 5367 0150 68616C5F 		.ascii	"hal_uart_lld.c\000"
 5367      75617274 
ARM GAS  /tmp/ccQ4TWpz.s 			page 99


 5367      5F6C6C64 
 5367      2E6300
 5368              	.LASF165:
 5369 015f 63685F64 		.ascii	"ch_dyn_element\000"
 5369      796E5F65 
 5369      6C656D65 
 5369      6E7400
 5370              	.LASF365:
 5371 016e 72657376 		.ascii	"resvd700\000"
 5371      64373030 
 5371      00
 5372              	.LASF209:
 5373 0177 636F6E66 		.ascii	"config\000"
 5373      696700
 5374              	.LASF37:
 5375 017e 73746174 		.ascii	"state\000"
 5375      6500
 5376              	.LASF402:
 5377 0184 65705F6D 		.ascii	"ep_mode\000"
 5377      6F646500 
 5378              	.LASF208:
 5379 018c 49435544 		.ascii	"ICUDriver\000"
 5379      72697665 
 5379      7200
 5380              	.LASF246:
 5381 0196 72787374 		.ascii	"rxstate\000"
 5381      61746500 
 5382              	.LASF288:
 5383 019e 5553425F 		.ascii	"USB_ACTIVE\000"
 5383      41435449 
 5383      564500
 5384              	.LASF214:
 5385 01a9 4943555F 		.ascii	"ICU_INPUT_ACTIVE_HIGH\000"
 5385      494E5055 
 5385      545F4143 
 5385      54495645 
 5385      5F484947 
 5386              	.LASF170:
 5387 01bf 6F626A5F 		.ascii	"obj_list\000"
 5387      6C697374 
 5387      00
 5388              	.LASF218:
 5389 01c8 4943555F 		.ascii	"ICU_CHANNEL_1\000"
 5389      4348414E 
 5389      4E454C5F 
 5389      3100
 5390              	.LASF195:
 5391 01d6 444D4152 		.ascii	"DMAR\000"
 5391      00
 5392              	.LASF227:
 5393 01db 64696572 		.ascii	"dier\000"
 5393      00
 5394              	.LASF258:
 5395 01e0 7278656E 		.ascii	"rxend_cb\000"
 5395      645F6362 
 5395      00
 5396              	.LASF143:
ARM GAS  /tmp/ccQ4TWpz.s 			page 100


 5397 01e9 6F66665F 		.ascii	"off_older\000"
 5397      6F6C6465 
 5397      7200
 5398              	.LASF32:
 5399 01f3 7072696F 		.ascii	"prio\000"
 5399      00
 5400              	.LASF433:
 5401 01f8 75736172 		.ascii	"usart_start\000"
 5401      745F7374 
 5401      61727400 
 5402              	.LASF121:
 5403 0204 65786974 		.ascii	"exitcode\000"
 5403      636F6465 
 5403      00
 5404              	.LASF298:
 5405 020d 75736265 		.ascii	"usbep0state_t\000"
 5405      70307374 
 5405      6174655F 
 5405      7400
 5406              	.LASF5:
 5407 021b 5F5F7569 		.ascii	"__uint8_t\000"
 5407      6E74385F 
 5407      7400
 5408              	.LASF181:
 5409 0225 73747265 		.ascii	"stream\000"
 5409      616D00
 5410              	.LASF100:
 5411 022c 41484232 		.ascii	"AHB2LPENR\000"
 5411      4C50454E 
 5411      5200
 5412              	.LASF255:
 5413 0236 75617274 		.ascii	"uartecb_t\000"
 5413      6563625F 
 5413      7400
 5414              	.LASF425:
 5415 0240 75617274 		.ascii	"uart_lld_start\000"
 5415      5F6C6C64 
 5415      5F737461 
 5415      727400
 5416              	.LASF434:
 5417 024f 75736172 		.ascii	"usart_stop\000"
 5417      745F7374 
 5417      6F7000
 5418              	.LASF300:
 5419 025a 5553425F 		.ascii	"USB_EVENT_ADDRESS\000"
 5419      4556454E 
 5419      545F4144 
 5419      44524553 
 5419      5300
 5420              	.LASF346:
 5421 026c 44494550 		.ascii	"DIEPTXF0\000"
 5421      54584630 
 5421      00
 5422              	.LASF236:
 5423 0275 55415254 		.ascii	"UART_TX_ACTIVE\000"
 5423      5F54585F 
 5423      41435449 
ARM GAS  /tmp/ccQ4TWpz.s 			page 101


 5423      564500
 5424              	.LASF244:
 5425 0284 55415254 		.ascii	"UARTDriver\000"
 5425      44726976 
 5425      657200
 5426              	.LASF11:
 5427 028f 6C6F6E67 		.ascii	"long int\000"
 5427      20696E74 
 5427      00
 5428              	.LASF424:
 5429 0298 75617274 		.ascii	"uart_lld_stop\000"
 5429      5F6C6C64 
 5429      5F73746F 
 5429      7000
 5430              	.LASF134:
 5431 02a6 7A65726F 		.ascii	"zero\000"
 5431      00
 5432              	.LASF23:
 5433 02ab 74737461 		.ascii	"tstate_t\000"
 5433      74655F74 
 5433      00
 5434              	.LASF291:
 5435 02b4 5553425F 		.ascii	"USB_EP0_STP_WAITING\000"
 5435      4550305F 
 5435      5354505F 
 5435      57414954 
 5435      494E4700 
 5436              	.LASF42:
 5437 02c8 6570656E 		.ascii	"epending\000"
 5437      64696E67 
 5437      00
 5438              	.LASF203:
 5439 02d1 4943555F 		.ascii	"ICU_STOP\000"
 5439      53544F50 
 5439      00
 5440              	.LASF51:
 5441 02da 74687265 		.ascii	"threads_queue_t\000"
 5441      6164735F 
 5441      71756575 
 5441      655F7400 
 5442              	.LASF367:
 5443 02ea 4443544C 		.ascii	"DCTL\000"
 5443      00
 5444              	.LASF396:
 5445 02ef 74786275 		.ascii	"txbuf\000"
 5445      6600
 5446              	.LASF372:
 5447 02f5 4441494E 		.ascii	"DAINT\000"
 5447      5400
 5448              	.LASF371:
 5449 02fb 444F4550 		.ascii	"DOEPMSK\000"
 5449      4D534B00 
 5450              	.LASF220:
 5451 0303 69637563 		.ascii	"icuchannel_t\000"
 5451      68616E6E 
 5451      656C5F74 
 5451      00
ARM GAS  /tmp/ccQ4TWpz.s 			page 102


 5452              	.LASF97:
 5453 0310 41504232 		.ascii	"APB2ENR\000"
 5453      454E5200 
 5454              	.LASF171:
 5455 0318 6F626A5F 		.ascii	"obj_pool\000"
 5455      706F6F6C 
 5455      00
 5456              	.LASF289:
 5457 0321 5553425F 		.ascii	"USB_SUSPENDED\000"
 5457      53555350 
 5457      454E4445 
 5457      4400
 5458              	.LASF99:
 5459 032f 41484231 		.ascii	"AHB1LPENR\000"
 5459      4C50454E 
 5459      5200
 5460              	.LASF238:
 5461 0339 75617274 		.ascii	"uarttxstate_t\000"
 5461      74787374 
 5461      6174655F 
 5461      7400
 5462              	.LASF332:
 5463 0347 444F4550 		.ascii	"DOEPCTL\000"
 5463      43544C00 
 5464              	.LASF111:
 5465 034f 44434B43 		.ascii	"DCKCFGR\000"
 5465      46475200 
 5466              	.LASF247:
 5467 0357 75736172 		.ascii	"usart\000"
 5467      7400
 5468              	.LASF158:
 5469 035d 6D656D63 		.ascii	"memcore_t\000"
 5469      6F72655F 
 5469      7400
 5470              	.LASF3:
 5471 0367 7369676E 		.ascii	"signed char\000"
 5471      65642063 
 5471      68617200 
 5472              	.LASF127:
 5473 0373 65776D61 		.ascii	"ewmask\000"
 5473      736B00
 5474              	.LASF16:
 5475 037a 75696E74 		.ascii	"uint8_t\000"
 5475      385F7400 
 5476              	.LASF245:
 5477 0382 74787374 		.ascii	"txstate\000"
 5477      61746500 
 5478              	.LASF305:
 5479 038a 5553425F 		.ascii	"USB_EVENT_STALLED\000"
 5479      4556454E 
 5479      545F5354 
 5479      414C4C45 
 5479      4400
 5480              	.LASF211:
 5481 039c 77636372 		.ascii	"wccrp\000"
 5481      7000
 5482              	.LASF333:
ARM GAS  /tmp/ccQ4TWpz.s 			page 103


 5483 03a2 444F4550 		.ascii	"DOEPINT\000"
 5483      494E5400 
 5484              	.LASF27:
 5485 03aa 6576656E 		.ascii	"eventmask_t\000"
 5485      746D6173 
 5485      6B5F7400 
 5486              	.LASF399:
 5487 03b6 72787369 		.ascii	"rxsize\000"
 5487      7A6500
 5488              	.LASF123:
 5489 03bd 77747472 		.ascii	"wttrp\000"
 5489      7000
 5490              	.LASF206:
 5491 03c3 4943555F 		.ascii	"ICU_ACTIVE\000"
 5491      41435449 
 5491      564500
 5492              	.LASF88:
 5493 03ce 52455345 		.ascii	"RESERVED0\000"
 5493      52564544 
 5493      3000
 5494              	.LASF91:
 5495 03d8 52455345 		.ascii	"RESERVED1\000"
 5495      52564544 
 5495      3100
 5496              	.LASF6:
 5497 03e2 756E7369 		.ascii	"unsigned char\000"
 5497      676E6564 
 5497      20636861 
 5497      7200
 5498              	.LASF98:
 5499 03f0 52455345 		.ascii	"RESERVED3\000"
 5499      52564544 
 5499      3300
 5500              	.LASF102:
 5501 03fa 52455345 		.ascii	"RESERVED4\000"
 5501      52564544 
 5501      3400
 5502              	.LASF105:
 5503 0404 52455345 		.ascii	"RESERVED5\000"
 5503      52564544 
 5503      3500
 5504              	.LASF64:
 5505 040e 6C617374 		.ascii	"lasttime\000"
 5505      74696D65 
 5505      00
 5506              	.LASF110:
 5507 0417 52455345 		.ascii	"RESERVED7\000"
 5507      52564544 
 5507      3700
 5508              	.LASF67:
 5509 0421 70616E69 		.ascii	"panic_msg\000"
 5509      635F6D73 
 5509      6700
 5510              	.LASF219:
 5511 042b 4943555F 		.ascii	"ICU_CHANNEL_2\000"
 5511      4348414E 
 5511      4E454C5F 
ARM GAS  /tmp/ccQ4TWpz.s 			page 104


 5511      3200
 5512              	.LASF366:
 5513 0439 44434647 		.ascii	"DCFG\000"
 5513      00
 5514              	.LASF384:
 5515 043e 72657376 		.ascii	"resvd8C0\000"
 5515      64384330 
 5515      00
 5516              	.LASF350:
 5517 0447 47434346 		.ascii	"GCCFG\000"
 5517      4700
 5518              	.LASF272:
 5519 044d 65703073 		.ascii	"ep0state\000"
 5519      74617465 
 5519      00
 5520              	.LASF65:
 5521 0456 73797374 		.ascii	"system_debug_t\000"
 5521      656D5F64 
 5521      65627567 
 5521      5F7400
 5522              	.LASF328:
 5523 0465 44494550 		.ascii	"DIEPTSIZ\000"
 5523      5453495A 
 5523      00
 5524              	.LASF415:
 5525 046e 72657175 		.ascii	"requests_hook_cb\000"
 5525      65737473 
 5525      5F686F6F 
 5525      6B5F6362 
 5525      00
 5526              	.LASF154:
 5527 047f 5F426F6F 		.ascii	"_Bool\000"
 5527      6C00
 5528              	.LASF95:
 5529 0485 52455345 		.ascii	"RESERVED2\000"
 5529      52564544 
 5529      3200
 5530              	.LASF355:
 5531 048f 48434647 		.ascii	"HCFG\000"
 5531      00
 5532              	.LASF315:
 5533 0494 48434348 		.ascii	"HCCHAR\000"
 5533      415200
 5534              	.LASF107:
 5535 049b 52455345 		.ascii	"RESERVED6\000"
 5535      52564544 
 5535      3600
 5536              	.LASF192:
 5537 04a5 43434D52 		.ascii	"CCMR2\000"
 5537      3200
 5538              	.LASF196:
 5539 04ab 43434D52 		.ascii	"CCMR3\000"
 5539      3300
 5540              	.LASF335:
 5541 04b1 73746D33 		.ascii	"stm32_otg_out_ep_t\000"
 5541      325F6F74 
 5541      675F6F75 
ARM GAS  /tmp/ccQ4TWpz.s 			page 105


 5541      745F6570 
 5541      5F7400
 5542              	.LASF131:
 5543 04c4 63686172 		.ascii	"char\000"
 5543      00
 5544              	.LASF274:
 5545 04c9 6570306E 		.ascii	"ep0n\000"
 5545      00
 5546              	.LASF85:
 5547 04ce 41484231 		.ascii	"AHB1RSTR\000"
 5547      52535452 
 5547      00
 5548              	.LASF173:
 5549 04d7 73656D5F 		.ascii	"sem_list\000"
 5549      6C697374 
 5549      00
 5550              	.LASF269:
 5551 04e0 72656365 		.ascii	"receiving\000"
 5551      6976696E 
 5551      6700
 5552              	.LASF8:
 5553 04ea 5F5F7569 		.ascii	"__uint16_t\000"
 5553      6E743136 
 5553      5F7400
 5554              	.LASF93:
 5555 04f5 41484232 		.ascii	"AHB2ENR\000"
 5555      454E5200 
 5556              	.LASF267:
 5557 04fd 55534244 		.ascii	"USBDriver\000"
 5557      72697665 
 5557      7200
 5558              	.LASF122:
 5559 0507 77746F62 		.ascii	"wtobjp\000"
 5559      6A7000
 5560              	.LASF261:
 5561 050e 74696D65 		.ascii	"timeout_cb\000"
 5561      6F75745F 
 5561      636200
 5562              	.LASF200:
 5563 0519 70616C65 		.ascii	"palevent_t\000"
 5563      76656E74 
 5563      5F7400
 5564              	.LASF403:
 5565 0524 73657475 		.ascii	"setup_cb\000"
 5565      705F6362 
 5565      00
 5566              	.LASF308:
 5567 052d 75645F73 		.ascii	"ud_string\000"
 5567      7472696E 
 5567      6700
 5568              	.LASF148:
 5569 0537 6F66665F 		.ascii	"off_refs\000"
 5569      72656673 
 5569      00
 5570              	.LASF38:
 5571 0540 666C6167 		.ascii	"flags\000"
 5571      7300
ARM GAS  /tmp/ccQ4TWpz.s 			page 106


 5572              	.LASF404:
 5573 0546 696E5F63 		.ascii	"in_cb\000"
 5573      6200
 5574              	.LASF115:
 5575 054c 73746B61 		.ascii	"stkalign_t\000"
 5575      6C69676E 
 5575      5F7400
 5576              	.LASF114:
 5577 0557 55534152 		.ascii	"USART_TypeDef\000"
 5577      545F5479 
 5577      70654465 
 5577      6600
 5578              	.LASF357:
 5579 0565 48464E55 		.ascii	"HFNUM\000"
 5579      4D00
 5580              	.LASF45:
 5581 056b 6D706F6F 		.ascii	"mpool\000"
 5581      6C00
 5582              	.LASF312:
 5583 0571 75736265 		.ascii	"usbeventcb_t\000"
 5583      76656E74 
 5583      63625F74 
 5583      00
 5584              	.LASF217:
 5585 057e 69637566 		.ascii	"icufreq_t\000"
 5585      7265715F 
 5585      7400
 5586              	.LASF323:
 5587 0588 73746D33 		.ascii	"stm32_otg_host_chn_t\000"
 5587      325F6F74 
 5587      675F686F 
 5587      73745F63 
 5587      686E5F74 
 5588              	.LASF432:
 5589 059d 75617274 		.ascii	"uart_lld_serve_rx_end_irq\000"
 5589      5F6C6C64 
 5589      5F736572 
 5589      76655F72 
 5589      785F656E 
 5590              	.LASF137:
 5591 05b7 70747273 		.ascii	"ptrsize\000"
 5591      697A6500 
 5592              	.LASF268:
 5593 05bf 7472616E 		.ascii	"transmitting\000"
 5593      736D6974 
 5593      74696E67 
 5593      00
 5594              	.LASF197:
 5595 05cc 43435852 		.ascii	"CCXR\000"
 5595      00
 5596              	.LASF319:
 5597 05d1 48435453 		.ascii	"HCTSIZ\000"
 5597      495A00
 5598              	.LASF398:
 5599 05d8 55534249 		.ascii	"USBInEndpointState\000"
 5599      6E456E64 
 5599      706F696E 
ARM GAS  /tmp/ccQ4TWpz.s 			page 107


 5599      74537461 
 5599      746500
 5600              	.LASF374:
 5601 05eb 72657376 		.ascii	"resvd820\000"
 5601      64383230 
 5601      00
 5602              	.LASF375:
 5603 05f4 72657376 		.ascii	"resvd824\000"
 5603      64383234 
 5603      00
 5604              	.LASF369:
 5605 05fd 72657376 		.ascii	"resvd80C\000"
 5605      64383043 
 5605      00
 5606              	.LASF106:
 5607 0606 42444352 		.ascii	"BDCR\000"
 5607      00
 5608              	.LASF426:
 5609 060b 75617274 		.ascii	"uart_lld_init\000"
 5609      5F6C6C64 
 5609      5F696E69 
 5609      7400
 5610              	.LASF377:
 5611 0619 44564255 		.ascii	"DVBUSPULSE\000"
 5611      5350554C 
 5611      534500
 5612              	.LASF294:
 5613 0624 5553425F 		.ascii	"USB_EP0_IN_SENDING_STS\000"
 5613      4550305F 
 5613      494E5F53 
 5613      454E4449 
 5613      4E475F53 
 5614              	.LASF150:
 5615 063b 6F66665F 		.ascii	"off_time\000"
 5615      74696D65 
 5615      00
 5616              	.LASF28:
 5617 0644 636E745F 		.ascii	"cnt_t\000"
 5617      7400
 5618              	.LASF435:
 5619 064a 75617274 		.ascii	"uart_enter_rx_idle_loop\000"
 5619      5F656E74 
 5619      65725F72 
 5619      785F6964 
 5619      6C655F6C 
 5620              	.LASF177:
 5621 0662 70697065 		.ascii	"pipe_list\000"
 5621      5F6C6973 
 5621      7400
 5622              	.LASF228:
 5623 066c 49435543 		.ascii	"ICUConfig\000"
 5623      6F6E6669 
 5623      6700
 5624              	.LASF259:
 5625 0676 72786368 		.ascii	"rxchar_cb\000"
 5625      61725F63 
 5625      6200
ARM GAS  /tmp/ccQ4TWpz.s 			page 108


 5626              	.LASF379:
 5627 0680 44494550 		.ascii	"DIEPEMPMSK\000"
 5627      454D504D 
 5627      534B00
 5628              	.LASF309:
 5629 068b 55534244 		.ascii	"USBDescriptor\000"
 5629      65736372 
 5629      6970746F 
 5629      7200
 5630              	.LASF393:
 5631 0699 73746D33 		.ascii	"stm32_otg_params_t\000"
 5631      325F6F74 
 5631      675F7061 
 5631      72616D73 
 5631      5F7400
 5632              	.LASF276:
 5633 06ac 73657475 		.ascii	"setup\000"
 5633      7000
 5634              	.LASF249:
 5635 06b2 646D6174 		.ascii	"dmatxmode\000"
 5635      786D6F64 
 5635      6500
 5636              	.LASF262:
 5637 06bc 73706565 		.ascii	"speed\000"
 5637      6400
 5638              	.LASF126:
 5639 06c2 77746D74 		.ascii	"wtmtxp\000"
 5639      787000
 5640              	.LASF306:
 5641 06c9 75736265 		.ascii	"usbevent_t\000"
 5641      76656E74 
 5641      5F7400
 5642              	.LASF55:
 5643 06d4 63685F72 		.ascii	"ch_ready_list\000"
 5643      65616479 
 5643      5F6C6973 
 5643      7400
 5644              	.LASF292:
 5645 06e2 5553425F 		.ascii	"USB_EP0_IN_TX\000"
 5645      4550305F 
 5645      494E5F54 
 5645      5800
 5646              	.LASF174:
 5647 06f0 73656D5F 		.ascii	"sem_pool\000"
 5647      706F6F6C 
 5647      00
 5648              	.LASF307:
 5649 06f9 75645F73 		.ascii	"ud_size\000"
 5649      697A6500 
 5650              	.LASF84:
 5651 0701 43464752 		.ascii	"CFGR\000"
 5651      00
 5652              	.LASF287:
 5653 0706 5553425F 		.ascii	"USB_SELECTED\000"
 5653      53454C45 
 5653      43544544 
 5653      00
ARM GAS  /tmp/ccQ4TWpz.s 			page 109


 5654              	.LASF421:
 5655 0713 75617274 		.ascii	"uart_lld_stop_send\000"
 5655      5F6C6C64 
 5655      5F73746F 
 5655      705F7365 
 5655      6E6400
 5656              	.LASF279:
 5657 0726 636F6E66 		.ascii	"configuration\000"
 5657      69677572 
 5657      6174696F 
 5657      6E00
 5658              	.LASF360:
 5659 0734 4841494E 		.ascii	"HAINT\000"
 5659      5400
 5660              	.LASF345:
 5661 073a 47525846 		.ascii	"GRXFSIZ\000"
 5661      53495A00 
 5662              	.LASF395:
 5663 0742 7478636E 		.ascii	"txcnt\000"
 5663      7400
 5664              	.LASF382:
 5665 0748 72657376 		.ascii	"resvd840\000"
 5665      64383430 
 5665      00
 5666              	.LASF199:
 5667 0751 70616C63 		.ascii	"palcallback_t\000"
 5667      616C6C62 
 5667      61636B5F 
 5667      7400
 5668              	.LASF14:
 5669 075f 5F5F7569 		.ascii	"__uint64_t\000"
 5669      6E743634 
 5669      5F7400
 5670              	.LASF353:
 5671 076a 44494550 		.ascii	"DIEPTXF\000"
 5671      54584600 
 5672              	.LASF146:
 5673 0772 6F66665F 		.ascii	"off_state\000"
 5673      73746174 
 5673      6500
 5674              	.LASF359:
 5675 077c 48505458 		.ascii	"HPTXSTS\000"
 5675      53545300 
 5676              	.LASF13:
 5677 0784 6C6F6E67 		.ascii	"long unsigned int\000"
 5677      20756E73 
 5677      69676E65 
 5677      6420696E 
 5677      7400
 5678              	.LASF139:
 5679 0796 74687265 		.ascii	"threadsize\000"
 5679      61647369 
 5679      7A6500
 5680              	.LASF386:
 5681 07a1 50434743 		.ascii	"PCGCCTL\000"
 5681      43544C00 
 5682              	.LASF263:
ARM GAS  /tmp/ccQ4TWpz.s 			page 110


 5683 07a9 55415254 		.ascii	"UARTConfig\000"
 5683      436F6E66 
 5683      696700
 5684              	.LASF339:
 5685 07b4 47555342 		.ascii	"GUSBCFG\000"
 5685      43464700 
 5686              	.LASF277:
 5687 07bc 73746174 		.ascii	"status\000"
 5687      757300
 5688              	.LASF190:
 5689 07c3 44494552 		.ascii	"DIER\000"
 5689      00
 5690              	.LASF278:
 5691 07c8 61646472 		.ascii	"address\000"
 5691      65737300 
 5692              	.LASF76:
 5693 07d0 53797374 		.ascii	"SystemCoreClock\000"
 5693      656D436F 
 5693      7265436C 
 5693      6F636B00 
 5694              	.LASF128:
 5695 07e0 63685F73 		.ascii	"ch_semaphore\000"
 5695      656D6170 
 5695      686F7265 
 5695      00
 5696              	.LASF184:
 5697 07ed 73686966 		.ascii	"shift\000"
 5697      7400
 5698              	.LASF226:
 5699 07f3 6368616E 		.ascii	"channel\000"
 5699      6E656C00 
 5700              	.LASF48:
 5701 07fb 63685F74 		.ascii	"ch_thread\000"
 5701      68726561 
 5701      6400
 5702              	.LASF338:
 5703 0805 47414842 		.ascii	"GAHBCFG\000"
 5703      43464700 
 5704              	.LASF62:
 5705 080d 76697274 		.ascii	"virtual_timers_list_t\000"
 5705      75616C5F 
 5705      74696D65 
 5705      72735F6C 
 5705      6973745F 
 5706              	.LASF132:
 5707 0823 63685F69 		.ascii	"ch_idle_thread_wa\000"
 5707      646C655F 
 5707      74687265 
 5707      61645F77 
 5707      6100
 5708              	.LASF410:
 5709 0835 696E5F6D 		.ascii	"in_multiplier\000"
 5709      756C7469 
 5709      706C6965 
 5709      7200
 5710              	.LASF188:
 5711 0843 5F73746D 		.ascii	"_stm32_dma_streams\000"
ARM GAS  /tmp/ccQ4TWpz.s 			page 111


 5711      33325F64 
 5711      6D615F73 
 5711      74726561 
 5711      6D7300
 5712              	.LASF257:
 5713 0856 7478656E 		.ascii	"txend2_cb\000"
 5713      64325F63 
 5713      6200
 5714              	.LASF392:
 5715 0860 6E756D5F 		.ascii	"num_endpoints\000"
 5715      656E6470 
 5715      6F696E74 
 5715      7300
 5716              	.LASF176:
 5717 086e 6669666F 		.ascii	"fifo_list\000"
 5717      5F6C6973 
 5717      7400
 5718              	.LASF225:
 5719 0878 6F766572 		.ascii	"overflow_cb\000"
 5719      666C6F77 
 5719      5F636200 
 5720              	.LASF58:
 5721 0884 76697274 		.ascii	"virtual_timer_t\000"
 5721      75616C5F 
 5721      74696D65 
 5721      725F7400 
 5722              	.LASF54:
 5723 0894 72656164 		.ascii	"ready_list_t\000"
 5723      795F6C69 
 5723      73745F74 
 5723      00
 5724              	.LASF34:
 5725 08a1 6F6C6465 		.ascii	"older\000"
 5725      7200
 5726              	.LASF441:
 5727 08a7 7472616E 		.ascii	"translate_errors\000"
 5727      736C6174 
 5727      655F6572 
 5727      726F7273 
 5727      00
 5728              	.LASF157:
 5729 08b8 746F706D 		.ascii	"topmem\000"
 5729      656D00
 5730              	.LASF394:
 5731 08bf 74787369 		.ascii	"txsize\000"
 5731      7A6500
 5732              	.LASF44:
 5733 08c6 7265616C 		.ascii	"realprio\000"
 5733      7072696F 
 5733      00
 5734              	.LASF198:
 5735 08cf 73746D33 		.ascii	"stm32_tim_t\000"
 5735      325F7469 
 5735      6D5F7400 
 5736              	.LASF29:
 5737 08db 75636E74 		.ascii	"ucnt_t\000"
 5737      5F7400
ARM GAS  /tmp/ccQ4TWpz.s 			page 112


 5738              	.LASF210:
 5739 08e2 636C6F63 		.ascii	"clock\000"
 5739      6B00
 5740              	.LASF145:
 5741 08e8 6F66665F 		.ascii	"off_stklimit\000"
 5741      73746B6C 
 5741      696D6974 
 5741      00
 5742              	.LASF160:
 5743 08f5 706F6F6C 		.ascii	"pool_header\000"
 5743      5F686561 
 5743      64657200 
 5744              	.LASF231:
 5745 0901 55415254 		.ascii	"UART_UNINIT\000"
 5745      5F554E49 
 5745      4E495400 
 5746              	.LASF290:
 5747 090d 75736273 		.ascii	"usbstate_t\000"
 5747      74617465 
 5747      5F7400
 5748              	.LASF49:
 5749 0918 63685F74 		.ascii	"ch_threads_list\000"
 5749      68726561 
 5749      64735F6C 
 5749      69737400 
 5750              	.LASF241:
 5751 0928 55415254 		.ascii	"UART_RX_COMPLETE\000"
 5751      5F52585F 
 5751      434F4D50 
 5751      4C455445 
 5751      00
 5752              	.LASF422:
 5753 0939 75617274 		.ascii	"uart_lld_start_receive\000"
 5753      5F6C6C64 
 5753      5F737461 
 5753      72745F72 
 5753      65636569 
 5754              	.LASF207:
 5755 0950 69637573 		.ascii	"icustate_t\000"
 5755      74617465 
 5755      5F7400
 5756              	.LASF358:
 5757 095b 72657376 		.ascii	"resvd40C\000"
 5757      64343043 
 5757      00
 5758              	.LASF442:
 5759 0964 6F73616C 		.ascii	"osalSysHalt\000"
 5759      53797348 
 5759      616C7400 
 5760              	.LASF336:
 5761 0970 474F5447 		.ascii	"GOTGCTL\000"
 5761      43544C00 
 5762              	.LASF83:
 5763 0978 504C4C43 		.ascii	"PLLCFGR\000"
 5763      46475200 
 5764              	.LASF252:
 5765 0980 72786275 		.ascii	"rxbuf\000"
ARM GAS  /tmp/ccQ4TWpz.s 			page 113


 5765      6600
 5766              	.LASF250:
 5767 0986 646D6172 		.ascii	"dmarx\000"
 5767      7800
 5768              	.LASF408:
 5769 098c 696E5F73 		.ascii	"in_state\000"
 5769      74617465 
 5769      00
 5770              	.LASF343:
 5771 0995 47525853 		.ascii	"GRXSTSR\000"
 5771      54535200 
 5772              	.LASF304:
 5773 099d 5553425F 		.ascii	"USB_EVENT_WAKEUP\000"
 5773      4556454E 
 5773      545F5741 
 5773      4B455550 
 5773      00
 5774              	.LASF230:
 5775 09ae 49435544 		.ascii	"ICUD2\000"
 5775      3200
 5776              	.LASF12:
 5777 09b4 5F5F7569 		.ascii	"__uint32_t\000"
 5777      6E743332 
 5777      5F7400
 5778              	.LASF413:
 5779 09bf 6576656E 		.ascii	"event_cb\000"
 5779      745F6362 
 5779      00
 5780              	.LASF337:
 5781 09c8 474F5447 		.ascii	"GOTGINT\000"
 5781      494E5400 
 5782              	.LASF43:
 5783 09d0 6D74786C 		.ascii	"mtxlist\000"
 5783      69737400 
 5784              	.LASF1:
 5785 09d8 6C6F6E67 		.ascii	"long long int\000"
 5785      206C6F6E 
 5785      6720696E 
 5785      7400
 5786              	.LASF286:
 5787 09e6 5553425F 		.ascii	"USB_READY\000"
 5787      52454144 
 5787      5900
 5788              	.LASF344:
 5789 09f0 47525853 		.ascii	"GRXSTSP\000"
 5789      54535000 
 5790              	.LASF74:
 5791 09f8 73797369 		.ascii	"sysinterval_t\000"
 5791      6E746572 
 5791      76616C5F 
 5791      7400
 5792              	.LASF108:
 5793 0a06 53534347 		.ascii	"SSCGR\000"
 5793      5200
 5794              	.LASF169:
 5795 0a0c 63685F6F 		.ascii	"ch_objects_factory\000"
 5795      626A6563 
ARM GAS  /tmp/ccQ4TWpz.s 			page 114


 5795      74735F66 
 5795      6163746F 
 5795      727900
 5796              	.LASF273:
 5797 0a1f 6570306E 		.ascii	"ep0next\000"
 5797      65787400 
 5798              	.LASF113:
 5799 0a27 47545052 		.ascii	"GTPR\000"
 5799      00
 5800              	.LASF90:
 5801 0a2c 41504232 		.ascii	"APB2RSTR\000"
 5801      52535452 
 5801      00
 5802              	.LASF380:
 5803 0a35 72657376 		.ascii	"resvd838\000"
 5803      64383338 
 5803      00
 5804              	.LASF311:
 5805 0a3e 75736265 		.ascii	"usbepcallback_t\000"
 5805      7063616C 
 5805      6C626163 
 5805      6B5F7400 
 5806              	.LASF162:
 5807 0a4e 616C6967 		.ascii	"align\000"
 5807      6E00
 5808              	.LASF383:
 5809 0a54 72657376 		.ascii	"resvd880\000"
 5809      64383830 
 5809      00
 5810              	.LASF75:
 5811 0a5d 49544D5F 		.ascii	"ITM_RxBuffer\000"
 5811      52784275 
 5811      66666572 
 5811      00
 5812              	.LASF381:
 5813 0a6a 72657376 		.ascii	"resvd83C\000"
 5813      64383343 
 5813      00
 5814              	.LASF222:
 5815 0a73 66726571 		.ascii	"frequency\000"
 5815      75656E63 
 5815      7900
 5816              	.LASF104:
 5817 0a7d 41504232 		.ascii	"APB2LPENR\000"
 5817      4C50454E 
 5817      5200
 5818              	.LASF243:
 5819 0a87 75617274 		.ascii	"uartflags_t\000"
 5819      666C6167 
 5819      735F7400 
 5820              	.LASF251:
 5821 0a93 646D6174 		.ascii	"dmatx\000"
 5821      7800
 5822              	.LASF334:
 5823 0a99 444F4550 		.ascii	"DOEPTSIZ\000"
 5823      5453495A 
 5823      00
ARM GAS  /tmp/ccQ4TWpz.s 			page 115


 5824              	.LASF142:
 5825 0aa2 6F66665F 		.ascii	"off_newer\000"
 5825      6E657765 
 5825      7200
 5826              	.LASF185:
 5827 0aac 73656C66 		.ascii	"selfindex\000"
 5827      696E6465 
 5827      7800
 5828              	.LASF260:
 5829 0ab6 72786572 		.ascii	"rxerr_cb\000"
 5829      725F6362 
 5829      00
 5830              	.LASF0:
 5831 0abf 756E7369 		.ascii	"unsigned int\000"
 5831      676E6564 
 5831      20696E74 
 5831      00
 5832              	.LASF417:
 5833 0acc 55534243 		.ascii	"USBConfig\000"
 5833      6F6E6669 
 5833      6700
 5834              	.LASF21:
 5835 0ad6 7274636E 		.ascii	"rtcnt_t\000"
 5835      745F7400 
 5836              	.LASF317:
 5837 0ade 4843494E 		.ascii	"HCINT\000"
 5837      5400
 5838              	.LASF180:
 5839 0ae4 73746D33 		.ascii	"stm32_dmaisr_t\000"
 5839      325F646D 
 5839      61697372 
 5839      5F7400
 5840              	.LASF389:
 5841 0af3 73746D33 		.ascii	"stm32_otg_t\000"
 5841      325F6F74 
 5841      675F7400 
 5842              	.LASF191:
 5843 0aff 43434D52 		.ascii	"CCMR1\000"
 5843      3100
 5844              	.LASF411:
 5845 0b05 73657475 		.ascii	"setup_buf\000"
 5845      705F6275 
 5845      6600
 5846              	.LASF439:
 5847 0b0f 2F686F6D 		.ascii	"/home/rob/Projects/ChibiStudio/ChibiStudio_20/works"
 5847      652F726F 
 5847      622F5072 
 5847      6F6A6563 
 5847      74732F43 
 5848 0b42 70616365 		.ascii	"pace_trunk/F401_blackpill_SerialSniffer/\000"
 5848      5F747275 
 5848      6E6B2F46 
 5848      3430315F 
 5848      626C6163 
 5849              	.LASF295:
 5850 0b6b 5553425F 		.ascii	"USB_EP0_OUT_WAITING_STS\000"
 5850      4550305F 
ARM GAS  /tmp/ccQ4TWpz.s 			page 116


 5850      4F55545F 
 5850      57414954 
 5850      494E475F 
 5851              	.LASF387:
 5852 0b83 72657376 		.ascii	"resvdE04\000"
 5852      64453034 
 5852      00
 5853              	.LASF364:
 5854 0b8c 72657376 		.ascii	"resvd444\000"
 5854      64343434 
 5854      00
 5855              	.LASF56:
 5856 0b95 63757272 		.ascii	"current\000"
 5856      656E7400 
 5857              	.LASF405:
 5858 0b9d 6F75745F 		.ascii	"out_cb\000"
 5858      636200
 5859              	.LASF118:
 5860 0ba4 6F666673 		.ascii	"offset\000"
 5860      657400
 5861              	.LASF103:
 5862 0bab 41504231 		.ascii	"APB1LPENR\000"
 5862      4C50454E 
 5862      5200
 5863              	.LASF361:
 5864 0bb5 4841494E 		.ascii	"HAINTMSK\000"
 5864      544D534B 
 5864      00
 5865              	.LASF204:
 5866 0bbe 4943555F 		.ascii	"ICU_READY\000"
 5866      52454144 
 5866      5900
 5867              	.LASF285:
 5868 0bc8 5553425F 		.ascii	"USB_STOP\000"
 5868      53544F50 
 5868      00
 5869              	.LASF400:
 5870 0bd1 7278636E 		.ascii	"rxcnt\000"
 5870      7400
 5871              	.LASF406:
 5872 0bd7 696E5F6D 		.ascii	"in_maxsize\000"
 5872      61787369 
 5872      7A6500
 5873              	.LASF342:
 5874 0be2 47494E54 		.ascii	"GINTMSK\000"
 5874      4D534B00 
 5875              	.LASF82:
 5876 0bea 444D415F 		.ascii	"DMA_Stream_TypeDef\000"
 5876      53747265 
 5876      616D5F54 
 5876      79706544 
 5876      656600
 5877              	.LASF266:
 5878 0bfd 55415254 		.ascii	"UARTD6\000"
 5878      443600
 5879              	.LASF224:
 5880 0c04 70657269 		.ascii	"period_cb\000"
ARM GAS  /tmp/ccQ4TWpz.s 			page 117


 5880      6F645F63 
 5880      6200
 5881              	.LASF216:
 5882 0c0e 6963756D 		.ascii	"icumode_t\000"
 5882      6F64655F 
 5882      7400
 5883              	.LASF409:
 5884 0c18 6F75745F 		.ascii	"out_state\000"
 5884      73746174 
 5884      6500
 5885              	.LASF155:
 5886 0c22 6D656D67 		.ascii	"memgetfunc_t\000"
 5886      65746675 
 5886      6E635F74 
 5886      00
 5887              	.LASF201:
 5888 0c2f 5F70616C 		.ascii	"_pal_events\000"
 5888      5F657665 
 5888      6E747300 
 5889              	.LASF87:
 5890 0c3b 41484233 		.ascii	"AHB3RSTR\000"
 5890      52535452 
 5890      00
 5891              	.LASF30:
 5892 0c44 74687265 		.ascii	"thread_t\000"
 5892      61645F74 
 5892      00
 5893              	.LASF2:
 5894 0c4d 6C6F6E67 		.ascii	"long double\000"
 5894      20646F75 
 5894      626C6500 
 5895              	.LASF46:
 5896 0c59 74687265 		.ascii	"thread_reference_t\000"
 5896      61645F72 
 5896      65666572 
 5896      656E6365 
 5896      5F7400
 5897              	.LASF391:
 5898 0c6c 6F74675F 		.ascii	"otg_ram_size\000"
 5898      72616D5F 
 5898      73697A65 
 5898      00
 5899              	.LASF124:
 5900 0c79 73656E74 		.ascii	"sentmsg\000"
 5900      6D736700 
 5901              	.LASF116:
 5902 0c81 706F7274 		.ascii	"port_intctx\000"
 5902      5F696E74 
 5902      63747800 
 5903              	.LASF178:
 5904 0c8d 6F626A65 		.ascii	"objects_factory_t\000"
 5904      6374735F 
 5904      66616374 
 5904      6F72795F 
 5904      7400
 5905              	.LASF281:
 5906 0c9f 6F746770 		.ascii	"otgparams\000"
ARM GAS  /tmp/ccQ4TWpz.s 			page 118


 5906      6172616D 
 5906      7300
 5907              	.LASF172:
 5908 0ca9 6275665F 		.ascii	"buf_list\000"
 5908      6C697374 
 5908      00
 5909              	.LASF378:
 5910 0cb2 72657376 		.ascii	"resvd830\000"
 5910      64383330 
 5910      00
 5911              	.LASF302:
 5912 0cbb 5553425F 		.ascii	"USB_EVENT_UNCONFIGURED\000"
 5912      4556454E 
 5912      545F554E 
 5912      434F4E46 
 5912      49475552 
 5913              	.LASF89:
 5914 0cd2 41504231 		.ascii	"APB1RSTR\000"
 5914      52535452 
 5914      00
 5915              	.LASF77:
 5916 0cdb 41484250 		.ascii	"AHBPrescTable\000"
 5916      72657363 
 5916      5461626C 
 5916      6500
 5917              	.LASF59:
 5918 0ce9 63685F76 		.ascii	"ch_virtual_timer\000"
 5918      69727475 
 5918      616C5F74 
 5918      696D6572 
 5918      00
 5919              	.LASF96:
 5920 0cfa 41504231 		.ascii	"APB1ENR\000"
 5920      454E5200 
 5921              	.LASF401:
 5922 0d02 5553424F 		.ascii	"USBOutEndpointState\000"
 5922      7574456E 
 5922      64706F69 
 5922      6E745374 
 5922      61746500 
 5923              	.LASF202:
 5924 0d16 4943555F 		.ascii	"ICU_UNINIT\000"
 5924      554E494E 
 5924      495400
 5925              	.LASF284:
 5926 0d21 5553425F 		.ascii	"USB_UNINIT\000"
 5926      554E494E 
 5926      495400
 5927              	.LASF135:
 5928 0d2c 73697A65 		.ascii	"size\000"
 5928      00
 5929              	.LASF385:
 5930 0d31 72657376 		.ascii	"resvdD00\000"
 5930      64443030 
 5930      00
 5931              	.LASF15:
 5932 0d3a 6C6F6E67 		.ascii	"long long unsigned int\000"
ARM GAS  /tmp/ccQ4TWpz.s 			page 119


 5932      206C6F6E 
 5932      6720756E 
 5932      7369676E 
 5932      65642069 
 5933              	.LASF352:
 5934 0d51 48505458 		.ascii	"HPTXFSIZ\000"
 5934      4653495A 
 5934      00
 5935              	.LASF430:
 5936 0d5a 73657276 		.ascii	"serve_usart_irq\000"
 5936      655F7573 
 5936      6172745F 
 5936      69727100 
 5937              	.LASF419:
 5938 0d6a 75617274 		.ascii	"uartp\000"
 5938      7000
 5939              	.LASF17:
 5940 0d70 75696E74 		.ascii	"uint16_t\000"
 5940      31365F74 
 5940      00
 5941              	.LASF240:
 5942 0d79 55415254 		.ascii	"UART_RX_ACTIVE\000"
 5942      5F52585F 
 5942      41435449 
 5942      564500
 5943              	.LASF144:
 5944 0d88 6F66665F 		.ascii	"off_name\000"
 5944      6E616D65 
 5944      00
 5945              	.LASF26:
 5946 0d91 6D73675F 		.ascii	"msg_t\000"
 5946      7400
 5947              	.LASF363:
 5948 0d97 48505254 		.ascii	"HPRT\000"
 5948      00
 5949              	.LASF52:
 5950 0d9c 63685F74 		.ascii	"ch_threads_queue\000"
 5950      68726561 
 5950      64735F71 
 5950      75657565 
 5950      00
 5951              	.LASF318:
 5952 0dad 4843494E 		.ascii	"HCINTMSK\000"
 5952      544D534B 
 5952      00
 5953              	.LASF193:
 5954 0db6 43434552 		.ascii	"CCER\000"
 5954      00
 5955              	.LASF280:
 5956 0dbb 73617665 		.ascii	"saved_state\000"
 5956      645F7374 
 5956      61746500 
 5957              	.LASF60:
 5958 0dc7 64656C74 		.ascii	"delta\000"
 5958      6100
 5959              	.LASF297:
 5960 0dcd 5553425F 		.ascii	"USB_EP0_ERROR\000"
ARM GAS  /tmp/ccQ4TWpz.s 			page 120


 5960      4550305F 
 5960      4552524F 
 5960      5200
 5961              	.LASF39:
 5962 0ddb 72656673 		.ascii	"refs\000"
 5962      00
 5963              	.LASF31:
 5964 0de0 71756575 		.ascii	"queue\000"
 5964      6500
 5965              	.LASF436:
 5966 0de6 72656173 		.ascii	"reason\000"
 5966      6F6E00
 5967              	.LASF186:
 5968 0ded 76656374 		.ascii	"vector\000"
 5968      6F7200
 5969              	.LASF179:
 5970 0df4 63685F66 		.ascii	"ch_factory\000"
 5970      6163746F 
 5970      727900
 5971              	.LASF175:
 5972 0dff 6D62785F 		.ascii	"mbx_list\000"
 5972      6C697374 
 5972      00
 5973              	.LASF72:
 5974 0e08 6D61696E 		.ascii	"mainthread\000"
 5974      74687265 
 5974      616400
 5975              	.LASF373:
 5976 0e13 4441494E 		.ascii	"DAINTMSK\000"
 5976      544D534B 
 5976      00
 5977              	.LASF189:
 5978 0e1c 534D4352 		.ascii	"SMCR\000"
 5978      00
 5979              	.LASF136:
 5980 0e21 76657273 		.ascii	"version\000"
 5980      696F6E00 
 5981              	.LASF101:
 5982 0e29 41484233 		.ascii	"AHB3LPENR\000"
 5982      4C50454E 
 5982      5200
 5983              	.LASF376:
 5984 0e33 44564255 		.ascii	"DVBUSDIS\000"
 5984      53444953 
 5984      00
 5985              	.LASF331:
 5986 0e3c 73746D33 		.ascii	"stm32_otg_in_ep_t\000"
 5986      325F6F74 
 5986      675F696E 
 5986      5F65705F 
 5986      7400
 5987              	.LASF237:
 5988 0e4e 55415254 		.ascii	"UART_TX_COMPLETE\000"
 5988      5F54585F 
 5988      434F4D50 
 5988      4C455445 
 5988      00
ARM GAS  /tmp/ccQ4TWpz.s 			page 121


 5989              	.LASF242:
 5990 0e5f 75617274 		.ascii	"uartrxstate_t\000"
 5990      72787374 
 5990      6174655F 
 5990      7400
 5991              	.LASF407:
 5992 0e6d 6F75745F 		.ascii	"out_maxsize\000"
 5992      6D617873 
 5992      697A6500 
 5993              	.LASF36:
 5994 0e79 77616261 		.ascii	"wabase\000"
 5994      736500
 5995              	.LASF301:
 5996 0e80 5553425F 		.ascii	"USB_EVENT_CONFIGURED\000"
 5996      4556454E 
 5996      545F434F 
 5996      4E464947 
 5996      55524544 
 5997              	.LASF254:
 5998 0e95 75617274 		.ascii	"uartccb_t\000"
 5998      6363625F 
 5998      7400
 5999              	.LASF164:
 6000 0e9f 6D656D6F 		.ascii	"memory_pool_t\000"
 6000      72795F70 
 6000      6F6F6C5F 
 6000      7400
 6001              	.LASF418:
 6002 0ead 55534244 		.ascii	"USBD1\000"
 6002      3100
 6003              	.LASF412:
 6004 0eb3 55534245 		.ascii	"USBEndpointConfig\000"
 6004      6E64706F 
 6004      696E7443 
 6004      6F6E6669 
 6004      6700
 6005              	.LASF70:
 6006 0ec5 726C6973 		.ascii	"rlist\000"
 6006      7400
 6007              	.LASF293:
 6008 0ecb 5553425F 		.ascii	"USB_EP0_IN_WAITING_TX0\000"
 6008      4550305F 
 6008      494E5F57 
 6008      41495449 
 6008      4E475F54 
 6009              	.LASF22:
 6010 0ee2 746D6F64 		.ascii	"tmode_t\000"
 6010      655F7400 
 6011              	.LASF183:
 6012 0eea 64756D6D 		.ascii	"dummy\000"
 6012      7900
 6013              	.LASF92:
 6014 0ef0 41484231 		.ascii	"AHB1ENR\000"
 6014      454E5200 
 6015              	.LASF362:
 6016 0ef8 72657376 		.ascii	"resvd41C\000"
 6016      64343143 
ARM GAS  /tmp/ccQ4TWpz.s 			page 122


 6016      00
 6017              	.LASF314:
 6018 0f01 75736267 		.ascii	"usbgetdescriptor_t\000"
 6018      65746465 
 6018      73637269 
 6018      70746F72 
 6018      5F7400
 6019              	.LASF256:
 6020 0f14 7478656E 		.ascii	"txend1_cb\000"
 6020      64315F63 
 6020      6200
 6021              	.LASF239:
 6022 0f1e 55415254 		.ascii	"UART_RX_IDLE\000"
 6022      5F52585F 
 6022      49444C45 
 6022      00
 6023              	.LASF270:
 6024 0f2b 696E5F70 		.ascii	"in_params\000"
 6024      6172616D 
 6024      7300
 6025              	.LASF94:
 6026 0f35 41484233 		.ascii	"AHB3ENR\000"
 6026      454E5200 
 6027              	.LASF119:
 6028 0f3d 746D5F63 		.ascii	"tm_calibration_t\000"
 6028      616C6962 
 6028      72617469 
 6028      6F6E5F74 
 6028      00
 6029              	.LASF86:
 6030 0f4e 41484232 		.ascii	"AHB2RSTR\000"
 6030      52535452 
 6030      00
 6031              	.LASF80:
 6032 0f57 4D304152 		.ascii	"M0AR\000"
 6032      00
 6033              	.LASF35:
 6034 0f5c 6E616D65 		.ascii	"name\000"
 6034      00
 6035              	.LASF78:
 6036 0f61 41504250 		.ascii	"APBPrescTable\000"
 6036      72657363 
 6036      5461626C 
 6036      6500
 6037              	.LASF248:
 6038 0f6f 646D6172 		.ascii	"dmarxmode\000"
 6038      786D6F64 
 6038      6500
 6039              	.LASF112:
 6040 0f79 5243435F 		.ascii	"RCC_TypeDef\000"
 6040      54797065 
 6040      44656600 
 6041              	.LASF427:
 6042 0f85 56656374 		.ascii	"Vector15C\000"
 6042      6F723135 
 6042      4300
 6043              	.LASF7:
ARM GAS  /tmp/ccQ4TWpz.s 			page 123


 6044 0f8f 73686F72 		.ascii	"short int\000"
 6044      7420696E 
 6044      7400
 6045              	.LASF397:
 6046 0f99 746F7473 		.ascii	"totsize\000"
 6046      697A6500 
 6047              	.LASF20:
 6048 0fa1 75696E74 		.ascii	"uint64_t\000"
 6048      36345F74 
 6048      00
 6049              	.LASF221:
 6050 0faa 6D6F6465 		.ascii	"mode\000"
 6050      00
 6051              	.LASF61:
 6052 0faf 66756E63 		.ascii	"func\000"
 6052      00
 6053              	.LASF129:
 6054 0fb4 63685F6D 		.ascii	"ch_mutex\000"
 6054      75746578 
 6054      00
 6055              	.LASF299:
 6056 0fbd 5553425F 		.ascii	"USB_EVENT_RESET\000"
 6056      4556454E 
 6056      545F5245 
 6056      53455400 
 6057              	.LASF320:
 6058 0fcd 72657376 		.ascii	"resvd14\000"
 6058      64313400 
 6059              	.LASF41:
 6060 0fd5 6D736771 		.ascii	"msgqueue\000"
 6060      75657565 
 6060      00
 6061              	.LASF321:
 6062 0fde 72657376 		.ascii	"resvd18\000"
 6062      64313800 
 6063              	.LASF329:
 6064 0fe6 44545846 		.ascii	"DTXFSTS\000"
 6064      53545300 
 6065              	.LASF330:
 6066 0fee 72657376 		.ascii	"resvd1C\000"
 6066      64314300 
 6067              	.LASF370:
 6068 0ff6 44494550 		.ascii	"DIEPMSK\000"
 6068      4D534B00 
 6069              	.LASF234:
 6070 0ffe 75617274 		.ascii	"uartstate_t\000"
 6070      73746174 
 6070      655F7400 
 6071              	.LASF66:
 6072 100a 63685F73 		.ascii	"ch_system_debug\000"
 6072      79737465 
 6072      6D5F6465 
 6072      62756700 
 6073              	.LASF168:
 6074 101a 64796E5F 		.ascii	"dyn_list_t\000"
 6074      6C697374 
 6074      5F7400
ARM GAS  /tmp/ccQ4TWpz.s 			page 124


 6075              	.LASF322:
 6076 1025 72657376 		.ascii	"resvd1c\000"
 6076      64316300 
 6077              	.LASF313:
 6078 102d 75736272 		.ascii	"usbreqhandler_t\000"
 6078      65716861 
 6078      6E646C65 
 6078      725F7400 
 6079              	.LASF324:
 6080 103d 44494550 		.ascii	"DIEPCTL\000"
 6080      43544C00 
 6081              	.LASF310:
 6082 1045 75736263 		.ascii	"usbcallback_t\000"
 6082      616C6C62 
 6082      61636B5F 
 6082      7400
 6083              	.LASF340:
 6084 1053 47525354 		.ascii	"GRSTCTL\000"
 6084      43544C00 
 6085              	.LASF341:
 6086 105b 47494E54 		.ascii	"GINTSTS\000"
 6086      53545300 
 6087              	.LASF161:
 6088 1063 6F626A65 		.ascii	"object_size\000"
 6088      63745F73 
 6088      697A6500 
 6089              	.LASF420:
 6090 106f 75617274 		.ascii	"uart_lld_stop_receive\000"
 6090      5F6C6C64 
 6090      5F73746F 
 6090      705F7265 
 6090      63656976 
 6091              	.LASF205:
 6092 1085 4943555F 		.ascii	"ICU_WAITING\000"
 6092      57414954 
 6092      494E4700 
 6093              	.LASF71:
 6094 1091 76746C69 		.ascii	"vtlist\000"
 6094      737400
 6095              	.LASF40:
 6096 1098 77616974 		.ascii	"waiting\000"
 6096      696E6700 
 6097              	.LASF326:
 6098 10a0 44494550 		.ascii	"DIEPINT\000"
 6098      494E5400 
 6099              	.LASF347:
 6100 10a8 484E5054 		.ascii	"HNPTXSTS\000"
 6100      58535453 
 6100      00
 6101              	.LASF296:
 6102 10b1 5553425F 		.ascii	"USB_EP0_OUT_RX\000"
 6102      4550305F 
 6102      4F55545F 
 6102      525800
 6103              	.LASF166:
 6104 10c0 64796E5F 		.ascii	"dyn_element_t\000"
 6104      656C656D 
ARM GAS  /tmp/ccQ4TWpz.s 			page 125


 6104      656E745F 
 6104      7400
 6105              	.LASF153:
 6106 10ce 6D757465 		.ascii	"mutex_t\000"
 6106      785F7400 
 6107              	.LASF24:
 6108 10d6 74726566 		.ascii	"trefs_t\000"
 6108      735F7400 
 6109              	.LASF156:
 6110 10de 62617365 		.ascii	"basemem\000"
 6110      6D656D00 
 6111              	.LASF117:
 6112 10e6 706F7274 		.ascii	"port_context\000"
 6112      5F636F6E 
 6112      74657874 
 6112      00
 6113              	.LASF423:
 6114 10f3 75617274 		.ascii	"uart_lld_start_send\000"
 6114      5F6C6C64 
 6114      5F737461 
 6114      72745F73 
 6114      656E6400 
 6115              	.LASF47:
 6116 1107 74687265 		.ascii	"threads_list_t\000"
 6116      6164735F 
 6116      6C697374 
 6116      5F7400
 6117              	.LASF235:
 6118 1116 55415254 		.ascii	"UART_TX_IDLE\000"
 6118      5F54585F 
 6118      49444C45 
 6118      00
 6119              	.LASF253:
 6120 1123 75617274 		.ascii	"uartcb_t\000"
 6120      63625F74 
 6120      00
 6121              	.LASF437:
 6122 112c 474E5520 		.ascii	"GNU C17 9.2.1 20191025 (release) [ARM/arm-9-branch "
 6122      43313720 
 6122      392E322E 
 6122      31203230 
 6122      31393130 
 6123 115f 72657669 		.ascii	"revision 277599] -mcpu=cortex-m4 -mthumb -mfloat-ab"
 6123      73696F6E 
 6123      20323737 
 6123      3539395D 
 6123      202D6D63 
 6124 1192 693D736F 		.ascii	"i=soft -march=armv7e-m -ggdb -O2 -fomit-frame-point"
 6124      6674202D 
 6124      6D617263 
 6124      683D6172 
 6124      6D763765 
 6125 11c5 6572202D 		.ascii	"er -falign-functions=16 -ffunction-sections -fdata-"
 6125      66616C69 
 6125      676E2D66 
 6125      756E6374 
 6125      696F6E73 
ARM GAS  /tmp/ccQ4TWpz.s 			page 126


 6126 11f8 73656374 		.ascii	"sections -fno-common -flto\000"
 6126      696F6E73 
 6126      202D666E 
 6126      6F2D636F 
 6126      6D6D6F6E 
 6127              	.LASF348:
 6128 1213 72657376 		.ascii	"resvd30\000"
 6128      64333000 
 6129              	.LASF69:
 6130 121b 63685F73 		.ascii	"ch_system\000"
 6130      79737465 
 6130      6D00
 6131              	.LASF349:
 6132 1225 72657376 		.ascii	"resvd34\000"
 6132      64333400 
 6133              	.LASF33:
 6134 122d 6E657765 		.ascii	"newer\000"
 6134      7200
 6135              	.LASF194:
 6136 1233 42445452 		.ascii	"BDTR\000"
 6136      00
 6137              	.LASF19:
 6138 1238 75696E74 		.ascii	"uint32_t\000"
 6138      33325F74 
 6138      00
 6139              	.LASF283:
 6140 1241 75736265 		.ascii	"usbep_t\000"
 6140      705F7400 
 6141              	.LASF429:
 6142 1249 56656374 		.ascii	"VectorD4\000"
 6142      6F724434 
 6142      00
 6143              	.LASF428:
 6144 1252 56656374 		.ascii	"VectorD8\000"
 6144      6F724438 
 6144      00
 6145              	.LASF120:
 6146 125b 7264796D 		.ascii	"rdymsg\000"
 6146      736700
 6147              	.LASF9:
 6148 1262 73686F72 		.ascii	"short unsigned int\000"
 6148      7420756E 
 6148      7369676E 
 6148      65642069 
 6148      6E7400
 6149              	.LASF368:
 6150 1275 44535453 		.ascii	"DSTS\000"
 6150      00
 6151              	.LASF414:
 6152 127a 6765745F 		.ascii	"get_descriptor_cb\000"
 6152      64657363 
 6152      72697074 
 6152      6F725F63 
 6152      6200
 6153              	.LASF68:
 6154 128c 63685F73 		.ascii	"ch_system_t\000"
 6154      79737465 
ARM GAS  /tmp/ccQ4TWpz.s 			page 127


 6154      6D5F7400 
 6155              	.LASF151:
 6156 1298 63686465 		.ascii	"chdebug_t\000"
 6156      6275675F 
 6156      7400
 6157              	.LASF303:
 6158 12a2 5553425F 		.ascii	"USB_EVENT_SUSPEND\000"
 6158      4556454E 
 6158      545F5355 
 6158      5350454E 
 6158      4400
 6159              	.LASF271:
 6160 12b4 6F75745F 		.ascii	"out_params\000"
 6160      70617261 
 6160      6D7300
 6161              	.LASF138:
 6162 12bf 74696D65 		.ascii	"timesize\000"
 6162      73697A65 
 6162      00
 6163              	.LASF275:
 6164 12c8 65703065 		.ascii	"ep0endcb\000"
 6164      6E646362 
 6164      00
 6165              	.LASF264:
 6166 12d1 55415254 		.ascii	"UARTD1\000"
 6166      443100
 6167              	.LASF265:
 6168 12d8 55415254 		.ascii	"UARTD2\000"
 6168      443200
 6169              	.LASF10:
 6170 12df 5F5F696E 		.ascii	"__int32_t\000"
 6170      7433325F 
 6170      7400
 6171              	.LASF79:
 6172 12e9 4E445452 		.ascii	"NDTR\000"
 6172      00
 6173              	.LASF182:
 6174 12ee 69666372 		.ascii	"ifcr\000"
 6174      00
 6175              	.LASF351:
 6176 12f3 72657376 		.ascii	"resvd58\000"
 6176      64353800 
 6177              	.LASF159:
 6178 12fb 63685F6D 		.ascii	"ch_memcore\000"
 6178      656D636F 
 6178      726500
 6179              	.LASF147:
 6180 1306 6F66665F 		.ascii	"off_flags\000"
 6180      666C6167 
 6180      7300
 6181              	.LASF233:
 6182 1310 55415254 		.ascii	"UART_READY\000"
 6182      5F524541 
 6182      445900
 6183              	.LASF212:
 6184 131b 70636372 		.ascii	"pccrp\000"
 6184      7000
ARM GAS  /tmp/ccQ4TWpz.s 			page 128


 6185              	.LASF50:
 6186 1321 6E657874 		.ascii	"next\000"
 6186      00
 6187              	.LASF282:
 6188 1326 706D6E65 		.ascii	"pmnext\000"
 6188      787400
 6189              	.LASF53:
 6190 132d 70726576 		.ascii	"prev\000"
 6190      00
 6191              	.LASF167:
 6192 1332 63685F64 		.ascii	"ch_dyn_list\000"
 6192      796E5F6C 
 6192      69737400 
 6193              	.LASF133:
 6194 133e 6964656E 		.ascii	"identifier\000"
 6194      74696669 
 6194      657200
 6195              	.LASF416:
 6196 1349 736F665F 		.ascii	"sof_cb\000"
 6196      636200
 6197              	.LASF354:
 6198 1350 72657376 		.ascii	"resvd140\000"
 6198      64313430 
 6198      00
 6199              	.LASF213:
 6200 1359 69637563 		.ascii	"icucallback_t\000"
 6200      616C6C62 
 6200      61636B5F 
 6200      7400
 6201              		.text
 6202              		.section	.gnu.lto_.profile.8b963afdfd85344d,"e",%progbits
 6203 0000 789CE360 		.ascii	"x\234\343``\004B \000\000\000]\000\013"
 6203      60044220 
 6203      0000005D 
 6203      000B
 6204              		.text
 6205              		.section	.gnu.lto_.icf.8b963afdfd85344d,"e",%progbits
 6206 0000 789CE360 		.ascii	"x\234\343``d\250c@\000Q\206[;//\345a\\\376\376\374\004"
 6206      6064A863 
 6206      40005186 
 6206      5B3B2F2F 
 6206      E5615CFE 
 6207 0017 76A6EBC7 		.ascii	"v\246\353\307&/\341c>\373\377_<\313\362\207\347\227"
 6207      262FE163 
 6207      3EFBFF5F 
 6207      3CCBF287 
 6207      E797
 6208 0029 30B2DEFA 		.ascii	"0\262\336\372\272b\026\013\333\213\263\277\257\261\261"
 6208      BA62160B 
 6208      DB8BB3BF 
 6208      AFB1B1
 6209 0038 6FDDB177 		.ascii	"o\335\261w>\013\307\244\235\353\317\260pn[v\371\031"
 6209      3E0BC7A4 
 6209      9DEBCFB0 
 6209      706E5B76 
 6209      F919
 6210 004a 231798CD 		.ascii	"#\027\230\315\015f\363\200\331\274`6\337\315?k/3\362"
ARM GAS  /tmp/ccQ4TWpz.s 			page 129


 6210      0D66F380 
 6210      D9BC6036 
 6210      DFCD3F6B 
 6210      2F33F2
 6211 005d 5F9CFD9B 		.ascii	"_\234\375\233[\340\342\311\245\315\\\202w\217\035:\314"
 6211      5BE0E2C9 
 6211      A5CD5C82 
 6211      778F1D3A 
 6211      CC
 6212 006e 2B74F374 		.ascii	"+t\363t\337\036\026\341\323\253V62\212\\\234t\353.?"
 6212      DF1E16E1 
 6212      D3AB5636 
 6212      328A5C9C 
 6212      74EB2E3F 
 6213 0082 03002CE7 		.ascii	"\003\000,\347@\033"
 6213      401B
 6214              		.text
 6215              		.section	.gnu.lto_.jmpfuncs.8b963afdfd85344d,"e",%progbits
 6216 0000 789CA554 		.ascii	"x\234\245T=O\002A\020\235\331\275;\020\356<E;\032( "
 6216      3D4F0241 
 6216      109DD9BD 
 6216      3B10EE3C 
 6216      453B1A28 
 6217 0015 F16798D8 		.ascii	"\361g\230\330\372#,41\2612\261\025\022ZCa\214@\201\024"
 6217      FA232C34 
 6217      31B132B1 
 6217      15125A43 
 6217      618C4081 
 6218 002a 9436DA02 		.ascii	"\2246\332\002\012~\005\023\033\375\001\020\26541D\013"
 6218      0A7E0513 
 6218      1BFD0110 
 6218      B5343144 
 6218      0B
 6219 003b 2B13DDBD 		.ascii	"+\023\335\275\233S<n\217\344\274d\263\311\2767\363\336"
 6219      9B533C6E 
 6219      8FE4BC64 
 6219      B3C9BE37 
 6219      F3DE
 6220 004d DB818D03 		.ascii	"\333\201\215\003\302\222\001`\201\373\245\000\021\013"
 6220      C2920160 
 6220      81FBA500 
 6220      110B
 6221 005b 0D2E37B9 		.ascii	"\015.7\271#\363vmWP\261\247!\210\365%>\033\270\207\301"
 6221      23F3766D 
 6221      5750B1A7 
 6221      2188F525 
 6221      3E1BB887 
 6222 0070 18C04152 		.ascii	"\030\300AR\301G-d\202O\265\200\323\000\226p\301\245"
 6222      C1472D64 
 6222      824FB580 
 6222      D3009670 
 6222      C1A5
 6223 0082 92588CF1 		.ascii	"\222X\214\361\012\307\203\247\333\272\231\305F\261\232"
 6223      0AC783A7 
 6223      DBBA99C5 
 6223      46B19A
 6224 0091 6970E1B6 		.ascii	"ip\341\266\205\331\237\252OY\205\222U.\215\206\3612"
ARM GAS  /tmp/ccQ4TWpz.s 			page 130


 6224      85D99FAA 
 6224      4F598592 
 6224      552E8D86 
 6224      F132
 6225 00a3 6F700160 		.ascii	"op\001`\033\323r\005\373\320\307bN\242\306\037\375\000"
 6225      1BD37205 
 6225      FBD0C762 
 6225      4EA2C61F 
 6225      FD00
 6226 00b5 4AA0A7CE 		.ascii	"J\240\247\316\244'\317\304\264\330\\\210\306<KL\364"
 6226      A427CFC4 
 6226      B4D85C88 
 6226      C63C4B4C 
 6226      F4
 6227 00c6 FE289DEE 		.ascii	"\376(\235\356\3312\011\303>\340\031\246\035r_\262\001"
 6227      D93209C3 
 6227      3EE019A6 
 6227      1D725FB2 
 6227      01
 6228 00d7 66442DE3 		.ascii	"fD-\343M\016*\271$\021PE\260\210\300T\204\331)xh\367"
 6228      4D0E2AB9 
 6228      24115045 
 6228      B088C054 
 6228      84D92978 
 6229 00ed 506F76C8 		.ascii	"Pov\310\315\213\271\373\242:wqr_J\272wa\3429\341\246"
 6229      CD8BB9FB 
 6229      A23A7771 
 6229      725F4ABA 
 6229      7761E239 
 6230 0103 03C725DE 		.ascii	"\003\307%\336,\336U\015\027\267\261K\270\355\226\373"
 6230      2CDE550D 
 6230      17B7B14B 
 6230      B8ED96FB 
 6231 0113 F8BCC67D 		.ascii	"\370\274\306}\232\277\306\302\342::\265J\375\201t\022"
 6231      9ABFC6C2 
 6231      E23A3AB5 
 6231      4AFD8174 
 6231      12
 6232 0124 D8A3BE09 		.ascii	"\330\243\276\011\225\016F\321\321\244N\373\350\270\253"
 6232      950E46D1 
 6232      D1A44EFB 
 6232      E8B8AB
 6233 0133 B93A79BC 		.ascii	"\271:y\274\240\276\371@\035\307\327\363{\247F\276\014"
 6233      A0BEF940 
 6233      1DC7D7F3 
 6233      7BA746BE 
 6233      0C
 6234 0144 BC24DC88 		.ascii	"\274$\334\210\222_9QG\247>\030\275\240\253\243\343\025"
 6234      925F3951 
 6234      47A73E18 
 6234      BDA0ABA3 
 6234      E315
 6235 0156 F5D5A3E4 		.ascii	"\365\325\243\344W\3528\371\207o\373\2074\357\034^S\337"
 6235      57EA38F9 
 6235      876FFB87 
 6235      34EF1C5E 
 6235      53DF
ARM GAS  /tmp/ccQ4TWpz.s 			page 131


 6236 0168 9C22FFFF 		.ascii	"\234\"\377\377\006\256\374\225:\201[\203\307W2b\341"
 6236      06AEFC95 
 6236      3A815B83 
 6236      C7573262 
 6236      E1
 6237 0179 0DF5B5A2 		.ascii	"\015\365\265\242\004V\352\314\205\374\033\030\363O\237"
 6237      0456EACC 
 6237      85FC1B18 
 6237      F34F9F
 6238 0188 F9AF63A2 		.ascii	"\371\257c\242d\342 \340\031\237\227\357x\214\2367],"
 6238      64E220E0 
 6238      199F97EF 
 6238      788C9E37 
 6238      5D2C
 6239 019a 23452E16 		.ascii	"#E.\026\374Hl\221\0200WV\2273\033k\233[;\333\353\360"
 6239      FC486C91 
 6239      10305756 
 6239      97331B6B 
 6239      9B5B3BDB 
 6240 01b0 0D56968C 		.ascii	"\015V\226\214\367"
 6240      F7
 6241              		.text
 6242              		.section	.gnu.lto_.inline.8b963afdfd85344d,"e",%progbits
 6243 0000 789C9556 		.ascii	"x\234\225VKO\024A\020\256\256\036\226Y\036\353\240F"
 6243      4B4F1441 
 6243      10AEAE1E 
 6243      96591EEB 
 6243      A046
 6244 0012 890A593D 		.ascii	"\211\012Y=\210\211\007\211\007\342\311\314/\340\342"
 6244      88890789 
 6244      07E2C9CC 
 6244      2FE0E2
 6245 0021 1FE0FD38 		.ascii	"\037\340\3758\311/0\303\2065\242\211\254\211\321\240"
 6245      C92F30C3 
 6245      8635A289 
 6245      AC89D1A0 
 6246 0031 080423D1 		.ascii	"\010\004#\321\213!\001\021A^\342\213HT4F\017&>\202\204"
 6246      8B210111 
 6246      415EE28B 
 6246      48543446 
 6246      0F263E82 
 6247 0046 18356044 		.ascii	"\0305`D\243\204`U\367\314\260\254\313 \223\235\351\352"
 6247      A3846055 
 6247      F7CCB0AC 
 6247      CB20939D 
 6247      E9EA
 6248 0058 AAEAEAEA 		.ascii	"\252\352\352\352\252\257\253\326\004\001\013&\370\317"
 6248      AAAFABD6 
 6248      04010B26 
 6248      F8CF
 6249 0066 56801D8E 		.ascii	"V\200\035\216\343\364`\255\020`\011\000\011\320H\214"
 6249      E3F460AD 
 6249      10600900 
 6249      09D0488C 
 6250 0076 1300211A 		.ascii	"\023\000!\032\034\254B@\330OT\002k\301\340%\002\366"
 6250      1CAC4240 
 6250      D84F5402 
ARM GAS  /tmp/ccQ4TWpz.s 			page 132


 6250      6BC1E025 
 6250      02F6
 6251 0088 3EBEF923 		.ascii	">\276\371#&\353\205\204\250\000\331)\3240\246\007\333"
 6251      26EB8584 
 6251      A800D929 
 6251      D430A607 
 6251      DB
 6252 0099 2C21E937 		.ascii	",!\3517\254'\003q\337\200P\266*\020\014\237&c>\327\\"
 6252      AC270371 
 6252      DF8050B6 
 6252      2A100C9F 
 6252      26633ED7 
 6253 00ae E59A20E2 		.ascii	"\345\232 \342.\327B\217\006\2137F8\274\360\347\372\234"
 6253      2ED7428F 
 6253      068B3746 
 6253      38BCF0E7 
 6253      FA9C
 6254 00c0 AC136A2B 		.ascii	"\254\023j+\300c<\305:\200\\ry\014\253y'\326\313f/\023"
 6254      C0633CC5 
 6254      3A805C72 
 6254      790CAB79 
 6254      27D6CB66 
 6255 00d6 A5124A88 		.ascii	"\245\022J\210?\200u\002\265k\352\033\015\331\016sk\001"
 6255      3F807502 
 6255      B56BEA1B 
 6255      0DD90E73 
 6255      6B01
 6256 00e8 4C127706 		.ascii	"L\022w\006:\270B\217,\323\016j\032T\360d\216\336\302"
 6256      3AB8428F 
 6256      2CD30E6A 
 6256      1A54F064 
 6256      8EDEC2
 6257 00fb B0D68E19 		.ascii	"\260\326\216\031y\274\177\242\2248\260\257\257\355\\"
 6257      79BC7FA2 
 6257      9438B0AF 
 6257      AFED5C
 6258 010a 37D60B21 		.ascii	"7\326\013!\330YY47\320\325&\311\331\354\245\351\371"
 6258      D8595934 
 6258      37D0D526 
 6258      C9D9ECA5 
 6258      E9F9
 6259 011c D3DA5915 		.ascii	"\323\332Y\025bY\245\343\252\335\006\337\024\034<=\363"
 6259      6259A5E3 
 6259      AADD06DF 
 6259      141C3C3D 
 6259      F3
 6260 012d B21D53C2 		.ascii	"\262\035S\302\034UG\017\035\3754\320\325\317\326r\372"
 6260      1C55470F 
 6260      1DFD34D0 
 6260      D5CFD672 
 6260      FA
 6261 013e 5BE2AF65 		.ascii	"[\342\257e\320\031\342IA\216{A\246\307\333(\004;\177"
 6261      D019E249 
 6261      418E7B41 
 6261      A6C7DB28 
 6261      043B7F
 6262 0151 4DCF5F90 		.ascii	"M\317_\220\265\236\247\271\263S\255\227\261\032 \374"
ARM GAS  /tmp/ccQ4TWpz.s 			page 133


 6262      B59EA7B9 
 6262      B353AD97 
 6262      B11A20FC 
 6263 0161 ACB5F7A7 		.ascii	"\254\265\367\247\216O\032O\023\245\256\307\253\207\316"
 6263      8E4F1A4F 
 6263      13A5AEC7 
 6263      AB87CE
 6264 0170 84C8F8ED 		.ascii	"\204\310\370\355\306\005\254f\237\217_\224\342\312\365"
 6264      C605AC66 
 6264      9F8F5F94 
 6264      E2CAF5
 6265 017f A9957093 		.ascii	"\251\225p\223\2105\232\035R\\\225\224\0361(\232h\223"
 6265      88359A1D 
 6265      525C9594 
 6265      1E31289A 
 6265      6893
 6266 0191 68437AE9 		.ascii	"hCz\351\220\226\322\233\341\003\321\320\004\273ahL\022"
 6266      9096D29B 
 6266      E103D1D0 
 6266      04BB6168 
 6266      4C12
 6267 01a3 1E222D93 		.ascii	"\036\"-\223O\336a\205AR\324\314\034\204\034?\377tn\010"
 6267      4FDE6185 
 6267      4152D4CC 
 6267      1C841C3F 
 6267      FF746E08 
 6268 01b7 2BAFE709 		.ascii	"+\257\347\011\332\214\213\177Q\315\316g%E>{\223\372"
 6268      DA8C8B7F 
 6268      51CDCE67 
 6268      25453E7B 
 6268      93FA
 6269 01c9 B99BD48F 		.ascii	"\271\233\324\217@>\337#\302/`!Q\357eM\252\276\253\271"
 6269      403EDF23 
 6269      C22F6021 
 6269      51EF654D 
 6269      AABEABB9 
 6270 01dd 76D802CB 		.ascii	"v\330\002\313\320\323\335}\211\200\234\005&\207\265"
 6270      D0D3DD7D 
 6270      89809C05 
 6270      2687B5
 6271 01ec BFF9EB8D 		.ascii	"\277\371\353\215\360Y\331!M\312\331]\261\233.\255\331"
 6271      F059D921 
 6271      4DCAD95D 
 6271      B19B2EAD 
 6271      D9
 6272 01fd E012E9E2 		.ascii	"\340\022\351\342\316f\206\327\215;KG\2644\315Zb\213"
 6272      CE6686D7 
 6272      8D3B4B47 
 6272      B434CD5A 
 6272      628B
 6273 020f D175D7B2 		.ascii	"\321u\327\262tl\335\265\234\321\361\300|\337SRSp\335"
 6273      746CDDB5 
 6273      9CD1F1C0 
 6273      7CDF5352 
 6273      5370DD
 6274 0222 E1AC47D2 		.ascii	"\341\254G\322e\335\007\266C\030\316p\370\256W\021\015"
 6274      65DD07B6 
ARM GAS  /tmp/ccQ4TWpz.s 			page 134


 6274      4318CE70 
 6274      F8AE5711 
 6274      0D
 6275 0233 C69DE1F3 		.ascii	"\306\235\341\363o\031\003\216e@\341\215\305\304#YA\024"
 6275      6F19038E 
 6275      6540E18D 
 6275      C5C42359 
 6275      4114
 6276 0245 FD5C4931 		.ascii	"\375\\I1\213\212}\231M$\277\256tL(\271\032\\\015\007"
 6276      8B8A7D99 
 6276      4D24BFAE 
 6276      744C28B9 
 6276      1A5C0D07 
 6277 0259 35530FE1 		.ascii	"5S\017\341\321\0173\347\261\322\011\361\214vw\307\202"
 6277      D10F33E7 
 6277      B1D209F1 
 6277      8C7677C7 
 6277      82
 6278 026a F95BCD31 		.ascii	"\371[\3151\254\326S\227\013FL]\220S\241\307\342\010"
 6278      ACD65397 
 6278      0B464C5D 
 6278      9053A1C7 
 6278      E208
 6279 027c 823B201F 		.ascii	"\202; \037\001+\325L\363\274$\353\211h)\345J\342nG\361"
 6279      012BD54C 
 6279      F3BC24EB 
 6279      896829E5 
 6279      4AE26E47 
 6280 0291 086DF167 		.ascii	"\010m\361g\352\246\245\316Y\333^U\265\223\365\354d%"
 6280      EAA6A5CE 
 6280      59DB5E55 
 6280      B593F5EC 
 6280      6425
 6281 02a3 CBD7B192 		.ascii	"\313\327\261\222T<\332\202\003\203\257\226\177\311\032"
 6281      543CDA82 
 6281      0383AF96 
 6281      7FC91A
 6282 02b2 616A405D 		.ascii	"aj@];\3235\224\253\001\205b\302\003\324D \240\356\007"
 6282      3BD33594 
 6282      AB018562 
 6282      C203D444 
 6282      20A0EE07 
 6283 02c6 02EA4120 		.ascii	"\002\352A \240\036\006\002\352Q\012(\262\203A\201I\240"
 6283      A01E0602 
 6283      EA510A28 
 6283      B2834181 
 6283      49A0
 6284 02d8 A012D1F4 		.ascii	"\240\022\321\364{\274]\226\033\252\014z\023Z\350\223"
 6284      7BBC5D96 
 6284      1BAA0C7A 
 6284      135AE893 
 6285 02e8 8EC193A5 		.ascii	"\216\301\223\245/\213X\036\345\031}\"\003\317\337:X"
 6285      2F8B581E 
 6285      E5197D22 
 6285      03CFDF3A 
 6285      58
 6286 02f9 6613C96F 		.ascii	"f\023\311o\304\371\376\242\015\3134\224\334\352\362"
ARM GAS  /tmp/ccQ4TWpz.s 			page 135


 6286      C4F9FEA2 
 6286      0DCB3494 
 6286      DCEAF2
 6287 0308 86F3A93E 		.ascii	"\206\363\251>n\006\035A\232n\021\344E\372\272Z\036\341"
 6287      6E061D41 
 6287      9A6E11E4 
 6287      45FABA5A 
 6287      1EE1
 6288 031a CBD61279 		.ascii	"\313\326\022y\252\335R\367\021\031n\327D>\241\242\235"
 6288      AADD52F7 
 6288      11196ED7 
 6288      443EA1A2 
 6288      9D
 6289 032b A40A2FED 		.ascii	"\244\012/\355\254=}T\207SJ\304\006}\224:\246T\205\272"
 6289      AC3D7D54 
 6289      87534AC4 
 6289      067D943A 
 6289      A65485BA 
 6290 033f 9252EC73 		.ascii	"\222R\354s\243\253\272Q\020O[{g\261\034\301F\217\006"
 6290      A3ABBA51 
 6290      104F5B7B 
 6290      67B11CC1 
 6290      468F06
 6291 0352 5BFF13C8 		.ascii	"[\377\023\310\233\344\266\356vW\362\314\330E\214\317"
 6291      9BE4B6EE 
 6291      7657F2CC 
 6291      D8458CCF 
 6292 0362 DC5F37EC 		.ascii	"\334_7\354\344\364l\203|R\037\224^\267\355\324'3\212"
 6292      E4F46C83 
 6292      7C521F94 
 6292      5EB7EDD4 
 6292      27338A
 6293 0375 88DBCE9D 		.ascii	"\210\333\316\235*\363\244\312Q\240\221\355P@\352\037"
 6293      2AF3A4CA 
 6293      51A091ED 
 6293      5040EA1F 
 6294 0385 C948BAA6 		.ascii	"\311H\272\246w\210d#\377ej\335\246\007\177\001'N\370"
 6294      77886423 
 6294      FF656ADD 
 6294      A6077F01 
 6294      274EF8
 6295 0398 6E       		.ascii	"n"
 6296              		.text
 6297              		.section	.gnu.lto_.pureconst.8b963afdfd85344d,"e",%progbits
 6298 0000 789C05C1 		.ascii	"x\234\005\301\213\021@0\020@\301\013\0171\306/\321\213"
 6298      8B114030 
 6298      1040C10B 
 6298      0F31C62F 
 6298      D18B
 6299 0012 F69471F3 		.ascii	"\366\224q\363\252\265[\243\304\033\021->\212\0142\012"
 6299      AAB55BA3 
 6299      C41B112D 
 6299      3E8A0C32 
 6299      0A
 6300 0023 32C92C8B 		.ascii	"2\311,\213\254\311\226\354\311\221\234r\311-M\272<\362"
 6300      ACC996EC 
 6300      C9919C72 
ARM GAS  /tmp/ccQ4TWpz.s 			page 136


 6300      C92D4DBA 
 6300      3CF2
 6301 0035 034B150C 		.ascii	"\003K\025\014\001"
 6301      01
 6302              		.text
 6303              		.section	.gnu.lto_translate_errors.8b963afdfd85344d,"e",%progbits
 6304 0000 789C6D94 		.ascii	"x\234m\224[L\224G\024\307\347\314\231\357\376\001\333"
 6304      5B4C9447 
 6304      14C7E7CC 
 6304      99EFFE01 
 6304      DB
 6305 0011 A60F2626 		.ascii	"\246\017&&\206\027cL\014\253\250\361UIM|\320\227\252"
 6305      8617634C 
 6305      0CABA8F1 
 6305      55494D7C 
 6305      D097AA
 6306 0024 CF042546 		.ascii	"\317\004%F[\002\015\013>\326a!\222\006\242m#\254\220"
 6306      5B020D0B 
 6306      3ED66121 
 6306      9206A26D 
 6306      23AC90
 6307 0037 22DED078 		.ascii	"\"\336\320x\211\306H\324b[\226Z\253x\2531j\014Q\037"
 6307      89C648D4 
 6307      625B965A 
 6307      AB78AB31 
 6307      6A0C511F 
 6308 004b AC628311 		.ascii	"\254b\203\021\036z5m\3003\027ew\331\315\356\3319\363"
 6308      1E7A356D 
 6308      C0331765 
 6308      77D9CDEE 
 6308      D939F3
 6309 005e 3FF33FBF 		.ascii	"?\363?\277\371\346\373>\237\001\333\3530V\313\030;O"
 6309      F9E6FB3E 
 6309      9F01DBEB 
 6309      3056CB18 
 6309      3B4F
 6310 0070 3F2861C0 		.ascii	"?(a\300\245\224\253\275\026\237s\244Q\271\220\2410\377"
 6310      A594ABBD 
 6310      169F73A4 
 6310      51B990A1 
 6310      30FF
 6311 0082 3182B09A 		.ascii	"1\202\260\232\340\216\325\\\2539\340Z\315\345\236\325"
 6311      E08ED55C 
 6311      AB39E05A 
 6311      CDE59ED5 
 6312 0092 7CAB79E0 		.ascii	"|\253y\340[\315\347\201\325B\253\005\020Z-\344\221\325"
 6312      5BCDE781 
 6312      D542AB05 
 6312      105A2DE4 
 6312      91D5
 6313 00a4 62AB4510 		.ascii	"b\253E\020[-\006\320#\351\003\333\305Q8\256\347\007"
 6313      5B2D06D0 
 6313      23E903DB 
 6313      C55138AE 
 6313      E707
 6314 00b6 6114C32E 		.ascii	"a\024\303.\330\213\031\204\247\351\276\177\343=\330"
 6314      D88B1984 
ARM GAS  /tmp/ccQ4TWpz.s 			page 137


 6314      A7E9BE7F 
 6314      E33DD8
 6315 00c5 8F0C04A5 		.ascii	"\217\014\004\245\373n\014\216\206*\005(\247\264\355"
 6315      FB6E0C8E 
 6315      862A0528 
 6315      A7B4ED
 6316 00d4 E181EFC4 		.ascii	"\341\201\357\304\342\343R\246e6\263?:=xW\006\375\310"
 6316      E2E352A6 
 6316      6536B33F 
 6316      3A3D7857 
 6316      06FDC8
 6317 00e7 590F955F 		.ascii	"Y\017\225_\206\3710\004\363\231\372\300\367\260\230"
 6317      86F93004 
 6317      F399FAC0 
 6317      F7B098
 6318 00f6 CA775FFD 		.ascii	"\312w_\375\352r\2111\343\224\036zp7\015\306,A\351%\231"
 6318      EA728931 
 6318      E3941E7A 
 6318      70370DC6 
 6318      2C41E925 
 6319 010b 7D26702D 		.ascii	"}&p-0\032?\036k{\034,\032\320\306\177v\241\374\250\037"
 6319      301A3F1E 
 6319      6B7B1C2C 
 6319      1AD0C67F 
 6319      76A1FCA8 
 6320 0120 11860195 		.ascii	"\021\206\001\225\361\217d\374\2032\246\271u=U\014\262"
 6320      F18F64FC 
 6320      8332A6B9 
 6320      753D550C 
 6320      B2
 6321 0131 B088A945 		.ascii	"\260\210\251E\2172O\356yX\243\015\316|{\254\337]xD\033"
 6321      8F324FEE 
 6321      7958A30D 
 6321      CE7C7BAC 
 6321      DF5D7844 
 6322 0146 4C9E5E70 		.ascii	"L\236^p\250U^\227\202\320`\304\230\344\320\255;Z\245"
 6322      A8555E97 
 6322      82D060C4 
 6322      98E4D0AD 
 6322      3B5AA5
 6323 0159 563C3B37 		.ascii	"V<;7\335U\342\012\370\011\026*~E}\005\\:F\006j\356\354"
 6323      DD55E20A 
 6323      F809162A 
 6323      7E457D05 
 6323      5C3A4606 
 6324 0170 3D272BA7 		.ascii	"='+\247g\332ev|\311\304\340_\037~\000LMs\035QG\241\243"
 6324      67DA6576 
 6324      7CC9C4E0 
 6324      5F1F7E00 
 6324      4C4D731D 
 6325 0188 A3A34B74 		.ascii	"\243\243Kt\302\003\305\346\253a\240gC\035#\035c\035"
 6325      C203C5E6 
 6325      AB61A067 
 6325      431D231D 
 6325      631D
 6326 019a 4B9558A6 		.ascii	"K\225X\246BB\005\306:\220\321\201H\0012\313X'r\223\264"
 6326      424205C6 
ARM GAS  /tmp/ccQ4TWpz.s 			page 138


 6326      3A90D181 
 6326      480132CB 
 6326      58277293 
 6327 01af 50320EF2 		.ascii	"P2\016\362\360\305n\324T\343\220>\370\205\032)\017\202"
 6327      F0C56ED4 
 6327      54E3903E 
 6327      F8851A29 
 6327      0F82
 6328 01c1 DFD33AF5 		.ascii	"\337\323:\365\324W\227\222\023\326\317\264/U<l\213'"
 6328      D4579792 
 6328      13D6CFB4 
 6328      2F553C6C 
 6328      8B27
 6329 01d3 A0B5DB63 		.ascii	"\240\265\333c}\350\366\241G\265o&\007\036\241\252E\360"
 6329      7DE8F6A1 
 6329      47B56F26 
 6329      071EA1AA 
 6329      45F0
 6330 01e5 E12AD5BE 		.ascii	"\341*\325\276\200\266\337\257\254P\245TC\005\327\246"
 6330      80B6DFAF 
 6330      AC50A554 
 6330      4305D7A6 
 6331 01f5 5EDFD7E7 		.ascii	"^\337\327\347\"\310\354\027{\204\235\210-\204\302\337"
 6331      22C8EC17 
 6331      7B849D88 
 6331      2D84C2DF 
 6332 0205 A3FCD6ED 		.ascii	"\243\374\326\355\274G\331\226\203\362\340\340\363.\317"
 6332      BC47D996 
 6332      83F2E0E0 
 6332      F32ECF
 6333 0214 A024E09A 		.ascii	"\240$\340\232^\335\211\"w\033\346\232\365!h\237\227"
 6333      5EDD8922 
 6333      771BE69A 
 6333      F521689F 
 6333      97
 6334 0225 0594BEA1 		.ascii	"\005\224\276\241\274\360\345\353\023\201\241\004\270"
 6334      BCF0E5EB 
 6334      1381A104 
 6334      B8
 6335 0232 5E40E9BF 		.ascii	"^@\351\277\303\372\233D\332.\037:\377\006T3\354\275"
 6335      C3FA9B44 
 6335      DA2E1F3A 
 6335      FF065433 
 6335      ECBD
 6336 0244 300AD4CF 		.ascii	"0\012\324\317\311g}eY\251\3077\355=hL\002\"\310\275"
 6336      C9677D65 
 6336      59A9C737 
 6336      ED3D684C 
 6336      0222C8BD 
 6337 0258 C31D1030 		.ascii	"\303\035\0200\252/]\272\374\335~\250J\363\273\305\370"
 6337      AA2F5DBA 
 6337      FCDD7EA8 
 6337      4AF3BBC5 
 6337      F8
 6338 0269 B9F69E2A 		.ascii	"\271\366\236*\340/5\374\003\035\207\315\275\216\300"
 6338      E02F35FC 
 6338      031D87CD 
ARM GAS  /tmp/ccQ4TWpz.s 			page 139


 6338      BD8EC0
 6339 0278 E146017F 		.ascii	"\341F\001\177\351,?'\012A\313\002g\314\240{\371\350"
 6339      E92C3F27 
 6339      0A41CB02 
 6339      67CCA07B 
 6339      F9E8
 6340 028a 7F14430F 		.ascii	"\177\024C\017\2519\365\030\236\351\036\026\006\335\207"
 6340      A939F518 
 6340      9EE91E16 
 6340      06DD87
 6341 0299 9B73D043 		.ascii	"\233s\320C\215\356\027CG\355\375O\001z\231A?\366\342"
 6341      8DEE1743 
 6341      47EDFD4F 
 6341      017A9941 
 6341      3FF6E2
 6342 02ac EB4CA941 		.ascii	"\353L\251A\027p\253\000\275l\026\035\211\302\245e\241"
 6342      1770AB00 
 6342      BD6C161D 
 6342      89C2A565 
 6342      A1
 6343 02bd D77B51A3 		.ascii	"\327{Q\243\007\371\350\377\025C\217\250y\356\213\304"
 6343      07F9E8FF 
 6343      15438FA8 
 6343      79EE8BC4 
 6344 02cd 8172B83D 		.ascii	"\201r\270=\007=\322\350a1t\241\275g\012\320\023\006"
 6344      073DD2E8 
 6344      613174A1 
 6344      BD670AD0 
 6344      1306
 6345 02df FDFEA9E9 		.ascii	"\375\376\251\351zCN\034w\012\320\023\263\350\202(|Z"
 6345      7A434E1C 
 6345      770AD013 
 6345      B3E88228 
 6345      7C5A
 6346 02f1 16056306 		.ascii	"\026\005c\006=\312G?\222)\202\036Ss\352\321ur\344\177"
 6346      3DCA473F 
 6346      9229821E 
 6346      5373EAD1 
 6346      7572E47F 
 6347 0305 7BC36419 		.ascii	"{\303d\031\374:\207=\326\354q1vG\233\037\317\030\366"
 6347      FC3A873D 
 6347      D6EC7131 
 6347      76479B1F 
 6347      CF18F6
 6348 0318 497A723E 		.ascii	"Izr>5\326\216\246r\250AHTq\324;DT\035\010\263\257\002"
 6348      35D68EA6 
 6348      72A84148 
 6348      5471D43B 
 6348      44541D08 
 6349 032f C6AA2A2A 		.ascii	"\306\252**\222\364\335\272}\307\226\035\015\251\352"
 6349      92F4DDBA 
 6349      7DC7961D 
 6349      0DA9EA
 6350 033e A6C6E6FA 		.ascii	"\246\306\346\372\317\222\015\251\344\366\232\272\344"
 6350      CF920DA9 
 6350      E4F69ABA 
 6350      E4
ARM GAS  /tmp/ccQ4TWpz.s 			page 140


 6351 034b E70D8D4D 		.ascii	"\347\015\215M\251\344\306M\033\226W&\327\257\3778\271"
 6351      A9E4C64D 
 6351      1B965726 
 6351      D7AFFF38 
 6351      B9
 6352 035c 79E39A4F 		.ascii	"y\343\232O6\355\\\246\264\352\346\232\306\246\352\272"
 6352      36ED5CA6 
 6352      B4EAE69A 
 6352      C6A6EABA 
 6353 036c BADA8AAD 		.ascii	"\272\332\212\255\214\247\032\347\345OU\254\\U\271tU"
 6353      8CA71AE7 
 6353      E54F55AC 
 6353      5C55B974 
 6353      55
 6354 037d ED8AA50C 		.ascii	"\355\212\245\014SM\251\267(\226\340\274"
 6354      534DA9B7 
 6354      2896E0BC 
 6355              		.text
 6356              		.section	.gnu.lto_usart_stop.8b963afdfd85344d,"e",%progbits
 6357 0000 789CA596 		.ascii	"x\234\245\226]l\024U\024\307\357\177\356\354\316\354"
 6357      5D6C1455 
 6357      14C7EF7F 
 6357      EEECCEEC 
 6358 0010 F7765B02 		.ascii	"\367v[\002I\037$\306\204\360`wE\015\274\230X?\236\004"
 6358      491F24C6 
 6358      84F06077 
 6358      450DBC98 
 6358      583F9E04 
 6359 0024 1F047D6D 		.ascii	"\037\004}m\260<@l,i\213\2172\333\202\365\243\002\017"
 6359      B03C406C 
 6359      2C698B8F 
 6359      32DB82F5 
 6359      A3020F
 6360 0037 2A1ADD2C 		.ascii	"*\032\335,AkML\252&$\250TX\353Gi\213\266T\244\202\270"
 6360      416B4D4C 
 6360      AA2624A8 
 6360      5458EB47 
 6360      698BB654 
 6361 004e 453E5644 		.ascii	"E>VD\241\324'\255J=\347\316tvv\333\325nl\332\223;{\357"
 6361      A1D427AD 
 6361      4A3DE7CE 
 6361      747676DB 
 6361      D56E6CDA 
 6362 0066 F9FDEFBD 		.ascii	"\371\375\357\275\347\374gk\012\210\015\001!\232\205"
 6362      E7FC676B 
 6362      0A880D01 
 6362      219A85
 6363 0075 105DF487 		.ascii	"\020]\364\207\200\200fY\326\275F\332\324 \235\221\324"
 6363      80806659 
 6363      D6BD46DA 
 6363      D4209D91 
 6363      D4
 6364 0086 CC891BB3 		.ascii	"\314\211\033\263\353t+\250\367\357\335m\350V\330t\346"
 6364      EB742BA8 
 6364      F7EFDD6D 
 6364      E856D874 
 6364      E6
ARM GAS  /tmp/ccQ4TWpz.s 			page 141


 6365 0097 1A75F89C 		.ascii	"\032u\370\234E>\315p\026\371\235E\2063\327\350\007\324"
 6365      453ECD70 
 6365      16F99D45 
 6365      8633D7E8 
 6365      07D4
 6366 00a9 C0322176 		.ascii	"\3002!vj\322\324}\206\037;\245\024\356\217\2578\334"
 6366      6AD2D47D 
 6366      861F3BA5 
 6366      14EE8FAF 
 6366      38DC
 6367 00bb 2BF74B0C 		.ascii	"+\367K\014v\027>\322V\367Q\226\225\333?\020\315X\343"
 6367      76173ED2 
 6367      56F75196 
 6367      95DB3F10 
 6367      CD58E3
 6368 00ce 96CCD2FA 		.ascii	"\226\314\322\372\327\334\034|\214\325\2640\337\231\371"
 6368      D7DC1C7C 
 6368      8CD5B430 
 6368      DF99F9
 6369 00dd 3DBC87E6 		.ascii	"=\274\207\346\000\235\036_\03294\034\344G\015+\351\361"
 6369      009D1E5F 
 6369      1A39341C 
 6369      E4470D2B 
 6369      E9F1
 6370 00ef 44E1F4B4 		.ascii	"D\341\364\264.\037\204\240\361\350\324\330\237\241U"
 6370      2E1F84A0 
 6370      F1E8D4D8 
 6370      9FA155
 6371 00fe BD96D569 		.ascii	"\275\226\325i\345.\275%\255\333\262R\342\023HBb\000"
 6371      E52EBD25 
 6371      ADDBB252 
 6371      E2134842 
 6371      6200
 6372 0110 F538827A 		.ascii	"\3658\202z!\350\263\207&\033\005\216b\225\340\244\013"
 6372      21E8B387 
 6372      261B058E 
 6372      6295E0A4 
 6372      0B
 6373 0121 1FDC7C39 		.ascii	"\037\334|9\342\327\035]\034\203\237.L\210\367&|9\353"
 6373      E2D71D5D 
 6373      1C839F2E 
 6373      4C88F726 
 6373      7C39EB
 6374 0134 E65CB795 		.ascii	"\346\\\267\225;\327\213\231\207o\001%\352\032\005\237"
 6374      3BD78B99 
 6374      876F0125 
 6374      EA1A059F 
 6375 0144 A440EB29 		.ascii	"\244@\353)\3708\3709\030\024\014\223\202\031\240\020"
 6375      F838F839 
 6375      18140C93 
 6375      8219A010 
 6376 0154 08520886 		.ascii	"\010R\010\2068#\314\031\021^\022\345\020\343\020\347"
 6376      3823CC19 
 6376      115E12E5 
 6376      10E310E7 
 6377 0164 50C31909 		.ascii	"P\303\031\011\316\250\345\214:\316XF!\264\034\366\326"
 6377      CEA8E58C 
ARM GAS  /tmp/ccQ4TWpz.s 			page 142


 6377      3ACE5846 
 6377      21B41CF6 
 6377      D6
 6378 0175 5E90E2C6 		.ascii	"^\220\342\306\354;\353`\345\204\350\221\232\032\247"
 6378      EC3BEB60 
 6378      E584E891 
 6378      9A1AA7
 6379 0184 695C8075 		.ascii	"i\\\200u\260/#\325F\257\242s \300#z\246\243\354\351"
 6379      B02F23D5 
 6379      46AFA273 
 6379      20C0237A 
 6379      A6A3ECE9 
 6380 0198 9ACE9B7C 		.ascii	"\232\316\233|5R]G\356\354\373g\242\275x3MW\2742+\303"
 6380      35525D47 
 6380      EEECFB67 
 6380      A2BD7833 
 6380      4D57BC32 
 6381 01ae 19B91C39 		.ascii	"\031\271\0349\276\002\232Kg\247>\364\247\372-{J\307"
 6381      BE029A4B 
 6381      67A73EF4 
 6381      A7FA2D7B 
 6381      4AC7
 6382 01c0 A7E8C5AB 		.ascii	"\247\350\305\253\366\015\014\"\345\005k^\260\276\030"
 6382      F60D0C22 
 6382      E5056B5E 
 6382      B0BE18
 6383 01cf 3842EAF8 		.ascii	"8B\352\370\314\001\367\037\356\033\213\020x\237\232"
 6383      CC01F71F 
 6383      EE1B8B10 
 6383      789F9A
 6384 01de 8AE27305 		.ascii	"\212\342s\005\346\033\305\027\012<8\017\226^pt1p\214"
 6384      E61BC517 
 6384      0A3C380F 
 6384      965E7074 
 6384      31708C
 6385 01f1 D4F1A503 		.ascii	"\324\361\245\003\316\274\370zA\022x\027\2622\216!\205"
 6385      CEBCF87A 
 6385      41127817 
 6385      B2328E21 
 6385      85
 6386 0202 D5187B5C 		.ascii	"\325\030{\\a\273^\351\206\315\325m\364\033\177<\367"
 6386      61BB5EE9 
 6386      86CDD56D 
 6386      F41B7F3C 
 6386      F7
 6387 0213 1893FD38 		.ascii	"\030\223\3758?77\027\3030qH=\377\274ZV\225\330HQl\024"
 6387      3F373717 
 6387      C3307148 
 6387      3DFFBC5A 
 6387      5695D848 
 6388 022a 2952E022 		.ascii	")R\340\"\334\252*\300\265\221\177\223\200\344\342h\356"
 6388      DCAA2AC0 
 6388      B5917F93 
 6388      80E4E268 
 6388      EE
 6389 023b E7EEC073 		.ascii	"\347\356\300s`\337RE\323<\025\307\211\242\354WegthG"
 6389      60DF5245 
ARM GAS  /tmp/ccQ4TWpz.s 			page 143


 6389      D33C15C7 
 6389      89A2EC57 
 6389      65677468 
 6390 0250 7BC647A5 		.ascii	"{\306G\245}H\340k\302\\\306\256+\367;Kh~h\372\332)\330"
 6390      7D48E06B 
 6390      C25CC6AE 
 6390      2BF73B4B 
 6390      687E68FA 
 6391 0267 F302632C 		.ascii	"\363\002c,#\270\261\314\236\335\223CT3\332\273>\337"
 6391      23B8B1CC 
 6391      9EDD9343 
 6391      5433DABB 
 6391      3EDF
 6392 0279 57D2B363 		.ascii	"W\322\263c\267\366FU\305\256\301\270\3321\267\021N\332"
 6392      B7F64655 
 6392      C5AEC1B8 
 6392      DA31B711 
 6392      4EDA
 6393 028b 5DF4D7FC 		.ascii	"]\364\327\374\216M\242y\321\201\252\320\011L(\264\316"
 6393      8E4DA279 
 6393      D181AAD0 
 6393      094C28B4 
 6393      CE
 6394 029c E86FECCB 		.ascii	"\350o\354\313\230}\306A\007\371%q2\333\304\007\015\342"
 6394      987DC641 
 6394      07F92571 
 6394      32DBC407 
 6394      0DE2
 6395 02ae 1E9C423D 		.ascii	"\036\234B=\351\225\026\333m\264\204j\264\374\263\207"
 6395      E99516DB 
 6395      6DB4846A 
 6395      B4FCB387 
 6396 02be 46C2ACEC 		.ascii	"F\302\254\354\3345\355\007\337\2622N\223\016!\205\267"
 6396      DC35ED07 
 6396      DFB2324E 
 6396      930E2185 
 6396      B7
 6397 02cf 9207DFD6 		.ascii	"\222\007\337\326\334\341\273\013\255\027\252\322k\223"
 6397      DCE1BB0B 
 6397      AD17AAD2 
 6397      6B93
 6398 02dd EA28FC3E 		.ascii	"\352(\374>\304w\245^\013/z)\241\212\346:S4\327\331R"
 6398      C477A55E 
 6398      0B2F7A29 
 6398      A18AE63A 
 6398      5334D7D9 
 6399 02f2 734516ED 		.ascii	"sE\026\355\265p\205\006\377\276\330i\347\312:-J\254"
 6399      B5708506 
 6399      FFBED869 
 6399      E7CA3A2D 
 6399      4AAC
 6400 0304 A578A712 		.ascii	"\245x\247\022\372\207\":\317\336\211\226z\207\277>,"
 6400      FA87223A 
 6400      CFDE8996 
 6400      7A87BF3E 
 6400      2C
 6401 0315 FDBFBD13 		.ascii	"\375\277\275\023[\252\250\343\235\251\242\354\371\262"
ARM GAS  /tmp/ccQ4TWpz.s 			page 144


 6401      5BAAA8E3 
 6401      9DA9A2EC 
 6401      F9B2
 6402 0323 1351B163 		.ascii	"\023Q\261c\345f\211{\334a\354s\335\341\237\3717w\324"
 6402      E566897B 
 6402      DC61EC73 
 6402      DDE19FF9 
 6402      3777D4
 6403 0336 5455AD1A 		.ascii	"TU\255\032\374Xt\307\2052w$\210\346E\327V\205N\340b"
 6403      FC5874C7 
 6403      85327724 
 6403      88E645D7 
 6403      56854EE0 
 6404 034b D11D97CA 		.ascii	"\321\035\227\312\334Qg\373!QZ\300\205\006\250u\014p"
 6404      DC5167FB 
 6404      21515AC0 
 6404      8506A875 
 6404      0C70
 6405 035d 5919A0AE 		.ascii	"Y\031\240\256\242\001\016{\0140\274\302\326XV\225\003"
 6405      A2010E7B 
 6405      0C30BCC2 
 6405      D6585695 
 6405      03
 6406 036e 4228A8ED 		.ascii	"B(\250\355r\007\340'\273o\177;~{\271SC\013\276\022\016"
 6406      7207E027 
 6406      BB6F7F3B 
 6406      7E7BB953 
 6406      430BBE12 
 6407 0383 3C4D5F90 		.ascii	"<M_\220\265$\207+\025\312\376\263\002\033\014\276\212"
 6407      B524872B 
 6407      15CAFEB3 
 6407      021B0CBE 
 6407      8A
 6408 0394 949716A7 		.ascii	"\224\227\026\2477\340/\224\305G8\342\036\301\243[\235"
 6408      37E02F94 
 6408      C54738E2 
 6408      1EC1A35B 
 6408      9D
 6409 03a5 D0AF4AC8 		.ascii	"\320\257J\310d\241kH\271\344c\377\237|]\221\003L\236"
 6409      64A16B48 
 6409      B9E463FF 
 6409      9F7C5D91 
 6409      034C9E
 6410 03b8 76C8D7D1 		.ascii	"v\310\327\321y\340b\006\216i\270G13\377\257\201\020"
 6410      79E06206 
 6410      8E69B847 
 6410      3133FFAF 
 6410      8110
 6411 03ca F7353424 		.ascii	"\36754$\351\267y\353\266\307\267\265\2667u\264\355x"
 6411      E9B779EB 
 6411      B6C7B7B5 
 6411      B63775B4 
 6411      ED78
 6412 03dc F289646B 		.ascii	"\362\211dk{r\353\346\226\344\366\326\266\216\366\344"
 6412      7B72EBE6 
 6412      96E4F6D6 
 6412      B68EF6E4 
ARM GAS  /tmp/ccQ4TWpz.s 			page 145


 6413 03ec C64D1BEE 		.ascii	"\306M\033\356\\\223\\\277\376\201\344\243\033\033\037"
 6413      5C935CBF 
 6413      FE81E4A3 
 6413      1B1B1F
 6414 03fb D9F4D41D 		.ascii	"\331\364\324\035<\327\264cs[GSK\313\226\206f\341\343"
 6414      3CD7B463 
 6414      735B4753 
 6414      4BCB9686 
 6414      66E1E3
 6415 040e F1F615A5 		.ascii	"\361\366\025\245\2376\334\275vMj\355\226\273R\342\037"
 6415      9F36DCBD 
 6415      764D6AED 
 6415      96BB52E2 
 6415      1F
 6416 041f 7FAF1964 		.ascii	"\177\257\031d"
 6417              		.text
 6418              		.section	.gnu.lto_usart_start.8b963afdfd85344d,"e",%progbits
 6419 0000 789CA557 		.ascii	"x\234\245WmP\224\327\025\276\347\336ww\337\335e\371"
 6419      6D5094D7 
 6419      15BEE7DE 
 6419      7777DFDD 
 6419      65F9
 6420 0012 3610A086 		.ascii	"6\020\240\206\037\022\374f\265\351d:\223\351\324N;\323"
 6420      1F12FC66 
 6420      B5E9643A 
 6420      93E9D44E 
 6420      3BD3
 6421 0024 1993FE68 		.ascii	"\031\223\376h\322\337N\242\315$\306j\006\2653\375\225"
 6421      D2DF4EA2 
 6421      CD24C66A 
 6421      06B533FD 
 6421      95
 6422 0035 976503AD 		.ascii	"\227e\003\255\032E#\2305\342\242`%f\304d\2645\211\030"
 6422      1A452398 
 6422      35E2A260 
 6422      2566C464 
 6422      B4358918 
 6423 0049 57FCA820 		.ascii	"W\374\250 \025\244\221T\244\240&\301j\251Z\277\005\012"
 6423      15A49154 
 6423      A4A026C1 
 6423      6AA95ABF 
 6423      050A
 6424 005b 3DE7DEBB 		.ascii	"=\347\336\273\357~@\022i\034\367\316\275\357=\3479\347"
 6424      EF7E4012 
 6424      691CF7CE 
 6424      BDEF3DE7 
 6424      39E7
 6425 006d 39E79E7B 		.ascii	"9\347\236{\017&\003\266#\203\261R\306X5\376\300\313"
 6425      0F2603B6 
 6425      2383B152 
 6425      C65835FE 
 6425      C0CB
 6426 007f 805B96F5 		.ascii	"\200[\226\365cW\231\311\2711\320\036\3122,\217\330\272"
 6426      635799C9 
 6426      B931D01E 
 6426      CA322C8F 
 6426      D8BA
ARM GAS  /tmp/ccQ4TWpz.s 			page 146


 6427 0091 7F60B661 		.ascii	"\177`\266a\245\010\373\213C\1771\300\251\245\035\366"
 6427      A508FB8B 
 6427      437F31C0 
 6427      A9A51DF6 
 6428 00a1 CCC95D9B 		.ascii	"\314\311]\233{\267\347\241\2249X\177\251\010\245\\`"
 6428      7BB7E7A1 
 6428      9439587F 
 6428      A908A55C 
 6428      60
 6429 00b2 EA3D937B 		.ascii	"\352=\223{4\202[#\270\301\243\367<\000rf\231\300\336"
 6429      34825B23 
 6429      B8C1A3F7 
 6429      3C007266 
 6429      99C0DE
 6430 00c5 E0C27038 		.ascii	"\340\302p8]\246\333\003o\300\006\261E@K\345\300\307"
 6430      5DA6DB03 
 6430      6FC006B1 
 6430      45404BE5 
 6430      C0C7
 6431 00d7 7CC66E94 		.ascii	"|\306n\224\260\"[\252\322j\255NK\204\005c!\374\251\177"
 6431      B0225BAA 
 6431      D26AAD4E 
 6431      4B840563 
 6431      21FCA97F 
 6432 00eb F009CC40 		.ascii	"\360\011\314@\301\276@\355\203\224\365\270\007`\340"
 6432      C1BE40ED 
 6432      8394F5B8 
 6432      0760E0
 6433 00fa 7273DB81 		.ascii	"rs\333\201V\017-9\024\342\262}\240\373\206!~\006\014"
 6433      560F2D39 
 6433      14E2B27D 
 6433      A0FB8621 
 6433      7E060C
 6434 010d E7A7FB3B 		.ascii	"\347\247\373;\206\275\305\273,+`E\006\033\2045-,\004"
 6434      86BDC5BB 
 6434      2C2B6045 
 6434      061B8435 
 6434      2D2C04
 6435 0120 1C068190 		.ascii	"\034\006\201\220\320\014\371p\010\362\031\303o\013\267"
 6435      D00CF970 
 6435      08F219C3 
 6435      6F0BB7
 6436 012f 2D60F029 		.ascii	"-`\360)\0243Rj\274\326?\"\304\022\011\260\341n\373y"
 6436      1433526A 
 6436      BCD63F22 
 6436      C41209B0 
 6436      E16EFB79 
 6437 0143 7751BD04 		.ascii	"wQ\275\004\350k\316\336Yn\235\262\214\2600\340H\022"
 6437      E86BCEDE 
 6437      596E9DB2 
 6437      8CB030E0 
 6437      4812
 6438 0155 08630B23 		.ascii	"\010c\013#\013H\243\342D\325!\237r\216\343r\307\271"
 6438      0B48A3E2 
 6438      44D5219F 
 6438      728EE372 
 6438      C7B9
ARM GAS  /tmp/ccQ4TWpz.s 			page 147


 6439 0167 CE0028E7 		.ascii	"\316\000(\347\322qy\270\272g\330\020/K\354\017??u\316"
 6439      D27179B8 
 6439      BA67D810 
 6439      2F4BEC0F 
 6439      3F3F75CE 
 6440 017b D0D8DDCD 		.ascii	"\320\330\335\315\271\033\313\255F\302v\3001\205\335"
 6440      B91BCBAD 
 6440      46C276C0 
 6440      3185DD
 6441 018a 82D84735 		.ascii	"\202\330G5\366\001\211}\367@\350x\232X\252\250\265\354"
 6441      F601897D 
 6441      F740E878 
 6441      9A58AAA8 
 6441      B5EC
 6442 019c B9636AED 		.ascii	"\271cj\355\266g\266Z\221`aX8\341\304x\277\032\245\356"
 6442      B667B65A 
 6442      91606158 
 6442      38E1C478 
 6442      BF1AA5EE 
 6443 01b0 E50F47AB 		.ascii	"\345\017G\253}N\003NB\021\034\307_\004\212td\341/\340"
 6443      7D4E034E 
 6443      42111CC7 
 6443      5F048A74 
 6443      64E12FE0 
 6444 01c4 C443C284 		.ascii	"\304C\302\204\334\303\357(}{\377\256\267\275b\271\264"
 6444      DCC3EF28 
 6444      7D7BFFAE 
 6444      B7BD62B9 
 6444      B4
 6445 01d5 D4F6E7A6 		.ascii	"\324\366\347\246c)\332RW\211m\351\024Y\002\333\022\264"
 6445      6329DA52 
 6445      57896DE9 
 6445      145902DB 
 6445      12B4
 6446 01e7 22205B38 		.ascii	"\" [8\262 Y\245\023d\310\264\002KR@\363mP\264\257\313"
 6446      B22059A5 
 6446      1364C8B4 
 6446      024B5240 
 6446      F36D50B4 
 6447 01fd 11B146C7 		.ascii	"\021\261F\307*\255\310\311gz\357\234\311\236\017\230"
 6447      2AADC8C9 
 6447      677AEF9C 
 6447      C99E0F98 
 6448 020d 1583E3E0 		.ascii	"\025\203\343\340\0228\230\006\315\0344s\322\314\205"
 6448      12389806 
 6448      CD1C3473 
 6448      D2CC85
 6449 021c 83DBC4C1 		.ascii	"\203\333\304\301\343\246o\036\032\2744\244\320\206\217"
 6449      E3A66F1E 
 6449      1ABC34A4 
 6449      D0868F
 6450 022b 86545AA6 		.ascii	"\206TZ\246\321,\235\206\014Zf\322,\213f\331\214\270"
 6450      D12C9D86 
 6450      0C5A66D2 
 6450      2C8B66D9 
 6450      8CB8
 6451 023d 4E91630E 		.ascii	"N\221c\016P\346s\0311\317\223_\362\345X \307\251$\376"
ARM GAS  /tmp/ccQ4TWpz.s 			page 148


 6451      50E67319 
 6451      31CF935F 
 6451      F2E55820 
 6451      C7A924FE 
 6452 0251 040DD370 		.ascii	"\004\015\323p\360\026\341\220\362$\016\276b\034R\247"
 6452      F016E190 
 6452      F2240EBE 
 6452      621C52A7 
 6453 0261 D3C60C1A 		.ascii	"\323\306\014\032fJ\036\263h:\233\206940\266V0:\317\006"
 6453      664A1EB3 
 6453      683A9B86 
 6453      393430B6 
 6453      56303ACF 
 6454 0276 5811C6D6 		.ascii	"X\021\306\326\011\256\026\345\270\030\000k\347\356\355"
 6454      09AE16E5 
 6454      B818006B 
 6454      E7EEED
 6455 0285 42069FE6 		.ascii	"B\006\237\346\357M\265\247{\325\364\032\004\232[g\322"
 6455      EF4DB5A7 
 6455      7BD5F41A 
 6455      049A5B67 
 6455      D2
 6456 0296 B456E462 		.ascii	"\264V\344bP\327\227\337\3503\351(\011\231\226H\317\007"
 6456      50D797DF 
 6456      E833E928 
 6456      09999648 
 6456      CF07
 6457 02a8 E7537741 		.ascii	"\347SwA}\031B\326]\247\200\245\325\212\0348MY\307\355"
 6457      7D1942D6 
 6457      5DA780A5 
 6457      D58A1C38 
 6457      4D59C7ED 
 6458 02bc B270FF47 		.ascii	"\262p\377GN\177\023\031,\244\003\333\016\273\340\035"
 6458      4E7F1319 
 6458      2CA403DB 
 6458      0EBBE01D 
 6459 02cc 95EFBF82 		.ascii	"\225\357\277\202\037\355\004\352\366\000\201\023o4 "
 6459      1FED04EA 
 6459      F6008113 
 6459      6F3420
 6460 02db 2D1FD20E 		.ascii	"-\037\322\016\015B\260PN\020\250\266\261}\314\035\204"
 6460      0D42B050 
 6460      4E10A8B6 
 6460      B17DCC1D 
 6460      84
 6461 02ec 40991916 		.ascii	"@\231\031\026\351!\301\021\340\014\004\201\241\261\260"
 6461      E921C111 
 6461      E00C0481 
 6461      A1B1B0
 6462 02fb C8906A57 		.ascii	"\310\220jW\343\034\376\236r\030\222<,\374\026\367:b"
 6462      E31CFE9E 
 6462      7218923C 
 6462      2CFC16F7 
 6462      3A62
 6463 030d EE75A27B 		.ascii	"\356u\242{_A\260\377\330S1\250\320\340\211N\027q\307"
 6463      5F41B0FF 
 6463      D85331A8 
ARM GAS  /tmp/ccQ4TWpz.s 			page 149


 6463      D0E0894E 
 6463      1771C7
 6464 0320 48D60531 		.ascii	"H\326\0051\204g\325\341\306\230\2123\241\375\003\234"
 6464      8467D5E1 
 6464      C6988A33 
 6464      A1FD039C 
 6465 0330 620A52EB 		.ascii	"b\012R\353\270\021S;x\263\243[h\265FR\353\262\325\214"
 6465      B811533B 
 6465      78B3A35B 
 6465      68B54652 
 6465      EBB2D58C 
 6466 0344 B54D1BDE 		.ascii	"\265M\033\336\344v*\206\267;b\034~\244\020\370\2448"
 6466      E4762A86 
 6466      B73B621C 
 6466      7EA410F8 
 6466      A438
 6467 0356 B8E06F92 		.ascii	"\270\340o\222\003\020\207\317\220\203\204\372\205\202"
 6467      031087CF 
 6467      908384FA 
 6467      8582
 6468 0364 12F1F973 		.ascii	"\022\361\371s\215\313\037\252g\242=8\247\221\233\016"
 6468      8DCB1FAA 
 6468      67A23D38 
 6468      A7919B0E 
 6469 0374 EEEEF021 		.ascii	"\356\356\360!r\225\334\312\202n\211\314\011\371s\211"
 6469      7295DCCA 
 6469      826E89CC 
 6469      09F97389 
 6470 0384 5CFE5145 		.ascii	"\\\376QEH(\350|*\327p\36797A\233`\015UL\207\277C>\332"
 6470      4828E87C 
 6470      2AD770F7 
 6470      3937419B 
 6470      600D554C 
 6471 039d A424CB34 		.ascii	"\244$\3134\322AFA\311\333q\357\354\315!\260y\327\207"
 6471      D2414641 
 6471      C9DB71EF 
 6471      ECCD21B0 
 6471      79D787
 6472 03b0 C7F33626 		.ascii	"\307\3636&\311\373|\214wO\022o\307\204D\215\257%z!F"
 6472      C9FB7C8C 
 6472      774F126F 
 6472      C784448D 
 6472      AF257A21 
 6473 03c5 B4379968 		.ascii	"\2647\231h\036\312_\250\352P1D\242\207\313\263\341\037"
 6473      1ECA5FA8 
 6473      EA503144 
 6473      A287CBB3 
 6473      E11F
 6474 03d7 44D49144 		.ascii	"D\324\221D4O\022u\306\327\032gj+[\035\363\260\210\221"
 6474      344F1275 
 6474      C6D71A67 
 6474      6A2B5B1D 
 6474      F3B08891 
 6475 03eb 2E50E8CE 		.ascii	".P\350\316I\222\356\213\221\356\217\222\236\255\240"
 6475      4992EE8B 
 6475      91EE8F92 
 6475      9EADA0
ARM GAS  /tmp/ccQ4TWpz.s 			page 150


 6476 03fa 5C139276 		.ascii	"\\\023\222v~\015\351l\270(\241\350\360\303%\0055R\371"
 6476      7E0DE96C 
 6476      B828A1E8 
 6476      F0C32505 
 6476      3552F9
 6477 040d 3B056522 		.ascii	";\005e\"\032\025\303\205h1\230\361\007\311\003\014."
 6477      1A15C385 
 6477      683198F1 
 6477      07C9030C 
 6477      2E
 6478 041e AB137D0F 		.ascii	"\253\023}\017\2621\303F\317\375V\300\0008\326\014\001"
 6478      B231C346 
 6478      CFFD56C0 
 6478      0038D60C 
 6478      01
 6479 042f 86C0D570 		.ascii	"\206\300\325p\351\356\331X\256\217\330\271.\257\251"
 6479      E9EED958 
 6479      AE8FD8B9 
 6479      2EAFA9
 6480 043e 0C3914A0 		.ascii	"\0149\024\240\033\203\202\230\275\035{k\275*\260\017"
 6480      1B838298 
 6480      BD1D7B6B 
 6480      BD2AB00F 
 6481 044e C6C6C6D2 		.ascii	"\306\306\306\322\340\013\304E\301\017*\036jA\017\312"
 6481      E00BC445 
 6481      C10F2A1E 
 6481      6A410FCA 
 6482 045e C6BF6F26 		.ascii	"\306\277o&p\370R\011\325T~\354VB^\205v1\324P\343TB."
 6482      70F85209 
 6482      D5547EEC 
 6482      56425E85 
 6482      7631D450 
 6483 0476 AC4A29B4 		.ascii	"\254J)\264\2512\232\310\002\011\346M\312Z\201\314\232"
 6483      A9329AC8 
 6483      0209E64D 
 6483      CA5A81CC 
 6483      9A
 6484 0487 3951D6A6 		.ascii	"9Q\326\246H\367\257\330Yk\251i\315\243i|,\214\361\227"
 6484      48F7AFD8 
 6484      596BA969 
 6484      CDA3697C 
 6484      2C8CF197 
 6485 049b 6266584C 		.ascii	"bfXL\301\233\015\006t\334k\337zw@`\334\203e\024\367"
 6485      C19B0D06 
 6485      74DC6BDF 
 6485      7A774060 
 6485      DC836514 
 6486 04b0 C7E08A8C 		.ascii	"\307\340\212\214\273Aq\377'\370\243fn\307\3144kVS\223"
 6486      BB4171FF 
 6486      27F8A366 
 6486      6EC7CC34 
 6486      6B565393 
 6487 04c4 9197B26F 		.ascii	"\221\227\262o\201\276*\241\035\004}M\336\266\326\316"
 6487      81BE2AA1 
 6487      1D047D4D 
 6487      DEB6D6CE 
 6488 04d4 FBE3719F 		.ascii	"\373\343q\237\2304\356\277$\256\223p\0075\356p\014\367"
ARM GAS  /tmp/ccQ4TWpz.s 			page 151


 6488      9834EEBF 
 6488      24AE9370 
 6488      0735EE70 
 6488      0CF7
 6489 04e6 D6A9C775 		.ascii	"\326\251\307uX&\025\207\177\307\234\275\016\376\370"
 6489      58261587 
 6489      7FC79CBD 
 6489      0EFEF8
 6490 04f5 A03E8607 		.ascii	"\240>\206\007\354\006j\221\235\367\033\342\212\346\207"
 6490      EC066A91 
 6490      9DF71BE2 
 6490      8AE687
 6491 0504 8A40CA24 		.ascii	"\212@\312$O\372Mi\311E\226\376\243\312{S\345C\227\302"
 6491      4FFA4D69 
 6491      C94596FE 
 6491      A3CA7B53 
 6491      E54397C2 
 6492 0518 F229B8EA 		.ascii	"\362)\270\352=GGds\347\006\274\321o\311\263\203\365"
 6492      3D474764 
 6492      73E706BC 
 6492      D16FC9B3 
 6492      83F5
 6493 052a 004A2815 		.ascii	"\000J(\025\345\210i\337\232\367\304\377C\365\266t\300"
 6493      E58869DF 
 6493      9AF7C4FF 
 6493      43F5B674 
 6493      C0
 6494 053b 2407EE50 		.ascii	"$\007\356P\312S%\265}\023PK\233$\265\273\022\331M\310"
 6494      CA5325B5 
 6494      7D13504B 
 6494      9B24B5BB 
 6494      12D94DC8 
 6495 054f F7A2D442 		.ascii	"\367\242\324B\363\024V\272\202\333\330?\332%\024\265"
 6495      F31456BA 
 6495      82DBD83F 
 6495      DA2514B5 
 6496 055f A300F793 		.ascii	"\243\000\367\223\250e\240\334w\241\366@:\340!\007\036"
 6496      A865A0DC 
 6496      77A1F640 
 6496      3AE02107 
 6496      1E
 6497 0570 1235F534 		.ascii	"\0225\3654\177\321\020m1\002u\362\225\246\346\017\265"
 6497      7FD1106D 
 6497      310275F2 
 6497      95A6E60F 
 6497      B5
 6498 0581 BBC62E9E 		.ascii	"\273\306.\236\347\344\213\003\326\2650\030\322I\276"
 6498      E7E48B03 
 6498      D6B53018 
 6498      D249BE
 6499 0590 6247222E 		.ascii	"bG\".3\310\333%%\342\335\315\302\357\337\305\335a\351"
 6499      33C8DB25 
 6499      25E2DDCD 
 6499      C2EFDFC5 
 6499      DD61E9
 6500 05a3 AE97DC1D 		.ascii	"\256\227\334\035!w\263T\361\305\334-\324\250\361=\374"
 6500      2177B354 
ARM GAS  /tmp/ccQ4TWpz.s 			page 152


 6500      F1C5DC2D 
 6500      D4A8F13D 
 6500      FC
 6501 05b4 997D997F 		.ascii	"\231}\231\177,\267~nw\361q\355\347\177\241\230\032\371"
 6501      2CB77E6E 
 6501      77F171ED 
 6501      E77FA198 
 6501      1AF9
 6502 05c6 9BB2FF1C 		.ascii	"\233\262\377\034\376ro\225W\367\237'\233\363v\350\266"
 6502      FE726F95 
 6502      57F79F27 
 6502      9BF376E8 
 6502      B6
 6503 05d7 7D5CEF4F 		.ascii	"}\\\357OZ\262\347\030\245k&\207\\\250\377*\307\356\226"
 6503      5AB2E718 
 6503      A56B2687 
 6503      5CA8FF2A 
 6503      C7EE96
 6504 05ea 837419D5 		.ascii	"\203t\031\325\221O\270/\373\344\020\335\3700\246\033"
 6504      914FB82F 
 6504      FBE410DD 
 6504      F830A61B 
 6505 05fa B5AB3151 		.ascii	"\265\2531QC\266\263\344\221\305\235,\276\341n#U\324"
 6505      43B6B3E4 
 6505      91C59D2C 
 6505      BEE16E23 
 6505      55D4
 6506 060c 501B50C6 		.ascii	"P\033P\306\225\356\303\0349\325\357\006Nk\305\264\270"
 6506      95EEC31C 
 6506      39D5EF06 
 6506      4E6BC5B4 
 6506      B8
 6507 061d 18C2371E 		.ascii	"\030\3027\036\267\034\010p\012_\212\362\005\312\271"
 6507      B71C0870 
 6507      0A5F8AF2 
 6507      05CAB9
 6508 062c DD32D948 		.ascii	"\3352\331Hv\021\347b\021\007\271~%0'\331N\354\335\012"
 6508      7611E762 
 6508      1107B97E 
 6508      253027D9 
 6508      4EECDD0A 
 6509 0640 5C43C3AD 		.ascii	"\\C\303\255\364F\270\355\366I\265\244\333\034\332\305"
 6509      F446B8ED 
 6509      F649B5A4 
 6509      DB1CDAC5 
 6510 0650 40DD529A 		.ascii	"@\335R\232\221\377\210\366\247\023\027{S\011\315\011"
 6510      91FF88F6 
 6510      A713177B 
 6510      5309CD09 
 6511 0660 551CDEE4 		.ascii	"U\034\336\344\252\231\360$\335\326m\024\306\231\352"
 6511      AA99F024 
 6511      DDD66D14 
 6511      C699EA
 6512 066f BAD826A2 		.ascii	"\272\330&\242\0047\257\001\345VQ\"\301\204\3675\361"
 6512      0437AF01 
 6512      E5565122 
 6512      C184F735 
ARM GAS  /tmp/ccQ4TWpz.s 			page 153


 6512      F1
 6513 0680 7C3C0E15 		.ascii	"|<\016\025\222\240O\021\244?)zn]\367Q\033\252j1\005"
 6513      92A04F11 
 6513      A43F297A 
 6513      6E5DF751 
 6513      1BAA6A31 
 6514 0695 2AB95F91 		.ascii	"*\271_\221\377=\307n\224\342\350VV\236\374\006+\211"
 6514      FF3DC76E 
 6514      94E2E856 
 6514      569EFC06 
 6514      2B89
 6515 06a7 AFB80FFE 		.ascii	"\257\270\017\376 \255\244\3520\256\341\376x\240\342"
 6515      20ADA4EA 
 6515      30AEE1FE 
 6515      78A0E2
 6516 06b6 F828FA12 		.ascii	"\370(\372\022\336\027\304\315CK\260\226O\224\236|X'"
 6516      DE17C4CD 
 6516      434BB096 
 6516      4F949E7C 
 6516      5827
 6517 06c8 71D334EE 		.ascii	"q\3234\356[\334\037\255\035\011<\035C\241jG~\2107\223"
 6517      5BDC1FAD 
 6517      1D093C1D 
 6517      43A16A47 
 6517      7E883793 
 6518 06dc 9F6C061F 		.ascii	"\237l\006\037\313bX\317'.\242\015\322L\2726S\305\261"
 6518      CB6258CF 
 6518      272EA20D 
 6518      D24CBA36 
 6518      53C5B1
 6519 06ef 8EA6CBE8 		.ascii	"\216\246\313\3507\011\373\240\355\263\023\321r\313\324"
 6519      3709FBA0 
 6519      EDB313D1 
 6519      72CBD4
 6520 06fe E61E157F 		.ascii	"\346\036\025\177\243\304\317\320\370\2338=\016\237\256"
 6520      A3C4CFD0 
 6520      F89B383D 
 6520      0E9FAE
 6521 070d EB3C2DD4 		.ascii	"\353<-\324\333\016\3606W\367\306(\267\355\355\217%>"
 6521      DB0EF036 
 6521      57F7C628 
 6521      B7EDED8F 
 6521      253E
 6522 071f 1AC8198F 		.ascii	"\032\310\031\217\234\021'l\226&3\265\311j\256\257R\035"
 6522      9C11276C 
 6522      962633B5 
 6522      C96AAEAF 
 6522      521D
 6523 0731 B9590846 		.ascii	"\271Y\010F',!x\217\312\246FBgi\350-\024\255Y\322\345"
 6523      272C2178 
 6523      8FCAA646 
 6523      426769E8 
 6523      2D14AD59 
 6524 0747 6BB1681D 		.ascii	"k\261h\035\214E+\352\375\354G1\001d\340\235\004\003"
 6524      8C452BEA 
 6524      FDEC4731 
 6524      0164E09D 
ARM GAS  /tmp/ccQ4TWpz.s 			page 154


 6524      0403
 6525 0759 A124DFE7 		.ascii	"\241$\337\347 \224\014\330\344\234\227\310[\023\220"
 6525      20940CD8 
 6525      E49C97C8 
 6525      5B1390
 6526 0768 DF25D7E7 		.ascii	"\337%\327\347H\177wr\273\\\365\335)\357\252XoE\327\017"
 6526      487F7772 
 6526      BB5CF5DD 
 6526      29EFAA58 
 6526      6F45D70F 
 6527 077c BB8EDBF7 		.ascii	"\273\216\333\367\033\344\315\255\256\201\231h\341\263"
 6527      1BE4CDAD 
 6527      AE819968 
 6527      E1B3
 6528 078a F74797AB 		.ascii	"\367G\227\253\212\2668l\343\371\346\320\021l\026\261"
 6528      8AB6386C 
 6528      E3F9E6D0 
 6528      116C16B1 
 6529 079a B4DD7B2E 		.ascii	"\264\335{.\003\376\345\012\252\270\003\021R\371\311"
 6529      03FEE50A 
 6529      AAB80311 
 6529      52F9C9
 6530 07a9 DCB925F8 		.ascii	"\334\271%\370\177\361+\257\276\364\352\212\225\213V"
 6530      7FF12BAF 
 6530      BEF4EA8A 
 6530      958B56
 6531 07b8 95AE5EFE 		.ascii	"\225\256^\376Z\311\212\225%\257\274\270\254\344\365"
 6531      5AC98A95 
 6531      25AFBCB8 
 6531      ACE4F5
 6532 07c7 15A5AB56 		.ascii	"\025\245\253V\226<\377\302s"
 6532      963CFFC2 
 6532      73
 6533 07d0 DF9F5FF2 		.ascii	"\337\237_\362\354\263?-\371\325\363\013~\371\302o\347"
 6533      ECB33F2D 
 6533      F9D5F30B 
 6533      7EF9C26F 
 6533      E7
 6534 07e1 D1DEA2D5 		.ascii	"\321\336\242\325/\226\256Z\264l\331\222\271\213\231"
 6534      2F96AE5A 
 6534      B46CD992 
 6534      B98B99
 6535 07f0 83E6AFE7 		.ascii	"\203\346\257\347&~\235\373\203\247\347\373\237^\362"
 6535      267E9DFB 
 6535      83A7E7FB 
 6535      9F5EF2
 6536 07ff 949FC16A 		.ascii	"\224\237\301j\261\270t\236xy\361k\306oV,\371\365\377"
 6536      B1B8749E 
 6536      7879F16B 
 6536      C66F562C 
 6536      F9F5FF
 6537 0812 00109FC4 		.ascii	"\000\020\237\304\324"
 6537      D4
 6538              		.text
 6539              		.section	.gnu.lto_serve_usart_irq.8b963afdfd85344d,"e",%progbits
 6540 0000 789CA556 		.ascii	"x\234\245V]l\024U\024\276g\356\314\316\316\356\316R"
 6540      5D6C1455 
ARM GAS  /tmp/ccQ4TWpz.s 			page 155


 6540      14BE67EE 
 6540      CCCECEEE 
 6540      CE52
 6541 0012 2D2D558C 		.ascii	"--U\214i\214\204`HwA\014\257\210\372\004\276\010>\370"
 6541      698C8460 
 6541      4877410C 
 6541      AF88FA04 
 6541      BE083EF8 
 6542 0026 22C1F601 		.ascii	"\"\301\366\001\260\021\322R_\231\335V\232\210\026LD"
 6542      B011D252 
 6542      5F99DD56 
 6542      9A88164C 
 6542      44
 6543 0037 44D22CB4 		.ascii	"D\322,\264\251\255(E)\011\177E\226\377nY\241\"\024\026"
 6543      A9AD2845 
 6543      29097F45 
 6543      96FF6E59 
 6543      A1221416 
 6544 004b A5559405 		.ascii	"\245U\224\005\013\264\211\306\370Ca=\347\336\333\335"
 6544      0BB489C6 
 6544      F843613D 
 6544      E7DEDBDD 
 6545 005b E9B6A541 		.ascii	"\351\266\245A'\235\333\373s\316\367\235\237of\326\313"
 6545      279DDBFB 
 6545      73CEF79D 
 6545      9F6F66D6 
 6545      CB
 6546 006c 80BDEE63 		.ascii	"\200\275\356c\254\2221\326\2137\004\031h\216\343,0#"
 6546      AC9231D6 
 6546      8B370419 
 6546      688EE32C 
 6546      3023
 6547 007e 5E4DE338 		.ascii	"^M\3438+\325\035\237!\377\007\270\246\177\322\221\236"
 6547      2BD51D9F 
 6547      21FF07B8 
 6547      A67FD291 
 6547      9E
 6548 008f 4D3BE9E4 		.ascii	"M;\351\344\326B\334\321\301P\326\206\346Q\326\226\262"
 6548      D642DCD1 
 6548      C150D686 
 6548      E651D696 
 6548      B2
 6549 00a0 F66866DE 		.ascii	"\366hf\336\216\251y\225\277\245\374\275`)\177K\363)"
 6549      8EA97995 
 6549      BFA5FCBD 
 6549      60297F4B 
 6549      F329
 6550 00b2 6B5B59FB 		.ascii	"k[Y\3734\177\336\216_\013(\177[\371\007\300V\3766\200"
 6550      347FDE8E 
 6550      5F0B287F 
 6550      5BF907C0 
 6550      56FE3680 
 6551 00c6 98395E60 		.ascii	"\2309^`\3534\256\033\036\323k\371\374\001\033\326\301"
 6551      EB34AE1B 
 6551      1ED36BF9 
 6551      FC011BD6 
 6551      C1
ARM GAS  /tmp/ccQ4TWpz.s 			page 156


 6552 00d7 46BE85C3 		.ascii	"F\276\205\303\261\372\364\001mV+\0329\361-{\212\033"
 6552      B1FAF401 
 6552      6D562B1A 
 6552      39F12D7B 
 6552      8A1B
 6553 00e9 9D1E87C7 		.ascii	"\235\036\207\3078c[\361\226\027\034\204Yh\330\027m\374"
 6553      38635BF1 
 6553      96171C84 
 6553      5968D817 
 6553      6DFC
 6554 00fb 2BD08067 		.ascii	"+\320\200g\000:.?\354\336\233\360\321R\203R\\&\323\275"
 6554      003A2E3F 
 6554      ECDE9BF0 
 6554      D1528352 
 6554      5C26D3BD 
 6555 010f 433A7F09 		.ascii	"C:\177\011\030\316\317\364\237\273\353\237\331\3428"
 6555      18CECFF4 
 6555      9FBBEB9F 
 6555      D9E238
 6556 011e 51279E6C 		.ascii	"Q'\236l\341\316\3231\316\3410p\204\204N\230\016\207"
 6556      E1CED331 
 6556      CEE13070 
 6556      84844E98 
 6556      0E87
 6557 0130 603A63B8 		.ascii	"`:c\270\267\250a\001\203\257a&#\247\303\233\257\334"
 6557      B7A86101 
 6557      83AF6126 
 6557      23A7C39B 
 6557      AFDC
 6558 0142 D5798500 		.ascii	"\325y\205\000\030lN|\312g4\013\200t\252dG\255\323\345"
 6558      186C4E7C 
 6558      CA67340B 
 6558      8074AA64 
 6558      47ADD3E5 
 6559 0156 E831AEC3 		.ascii	"\3501\256\303\221<\020\306\026\355Y@\036m\003\375\303"
 6559      913C10C6 
 6559      16ED5940 
 6559      1E6D03FD 
 6559      C3
 6560 0167 9CAF10DE 		.ascii	"\234\257\020\336\033\377H\246,\345\335\227\232\332\244"
 6560      1BFF48A6 
 6560      2CE5DD97 
 6560      9ADAA4
 6561 0176 BC0D383A 		.ascii	"\274\0158:\326\273Ux\257?\271\351\220-S\323p\271\343"
 6561      D6BB5578 
 6561      AF3FB9E9 
 6561      902D53D3 
 6561      70B9E3
 6562 0189 624F1464 		.ascii	"bO\024dj\005\270\334\357\304\257\351|\225\300\276\327"
 6562      6A05B8DC 
 6562      EFC4AFE9 
 6562      7C95C0BE 
 6562      D7
 6563 019a 14396E2B 		.ascii	"\0249n+\354\336T\311\007\265N\033a{\340\244\304>\201"
 6563      ECDE54C9 
 6563      07B54E1B 
 6563      617BE0A4 
ARM GAS  /tmp/ccQ4TWpz.s 			page 157


 6563      C43E81
 6564 01ad D8C715F6 		.ascii	"\330\307\025\3666\201}\355\253\373\233m\217\016\247"
 6564      36817DED 
 6564      ABFB9B6D 
 6564      8F0EA7
 6565 01bc 60061CC3 		.ascii	"`\006\034\303;\0163Tm\3414xPg\214\273\317v\2377\342"
 6565      3B0E3354 
 6565      6DE13478 
 6565      50678CBB 
 6565      CF769F37 
 6566 01d1 CEFD4CBD 		.ascii	"\316\375L\275\023?\373\332\315\275\351\242'\001+ej8"
 6566      133FFBDA 
 6566      CDBDE9A2 
 6566      27012B65 
 6566      6A38
 6567 01e3 78390E96 		.ascii	"x9\016\226\216\203\317\240=\017\355\2314\363\322`\321"
 6567      8E83CFA0 
 6567      3D0FED99 
 6567      34F3D260 
 6567      D1
 6568 01f4 A90F07BF 		.ascii	"\251\017\007\277\237\226\001:\265i/H{\205@\205\236\312"
 6568      9F96013A 
 6568      B5692F48 
 6568      7B854085 
 6568      9ECA
 6569 0206 88A68811 		.ascii	"\210\246\210\021Q1#\332id\313\330\006\3162xqp\342\214"
 6569      513123DA 
 6569      6964CBD8 
 6569      06CE3278 
 6569      7170E28C 
 6570 021a BDC735B9 		.ascii	"\275\3075\271\210\340\"\015N\323\255/\270\210\225\346"
 6570      88E0220D 
 6570      4ED3AD2F 
 6570      B88895E6 
 6571 022a 77668BE9 		.ascii	"wf\213\351\000D;\023\317\320\264\221O\305,\033j\207"
 6571      00443B13 
 6571      CFD0B491 
 6571      4FC52C1B 
 6571      6A87
 6572 023c FABC5432 		.ascii	"\372\274T2.\312\024\277\362e*\330\002\315\021T\325\366"
 6572      2ECA14BF 
 6572      F2652AD8 
 6572      02CD1154 
 6572      D5F6
 6573 024e 414A21D0 		.ascii	"AJ!\320\310\013\241\213*\203\307\221X\377~O\270\235"
 6573      C80BA18B 
 6573      2A83C791 
 6573      58FF7E4F 
 6573      B89D
 6574 0260 34574A8D 		.ascii	"4WJ\215I@\013|,k\322\015a\344\211n\337\011\004N\341"
 6574      49400B7C 
 6574      2C6BD20D 
 6574      61E4896E 
 6574      DF09044E 
 6575 0275 228160FE 		.ascii	"\"\201`\376]E1\000\307:\023OH\352\"7\2651\226\272\235"
 6575      5D453100 
 6575      C73A134F 
ARM GAS  /tmp/ccQ4TWpz.s 			page 158


 6575      48EA2237 
 6575      B53196BA 
 6576 028a A86D4480 		.ascii	"\250mD\2003\212\272\361\375mi\216\324u\021\242\016B"
 6576      338ABAF1 
 6576      FD6D698E 
 6576      D47511A2 
 6576      0E42
 6577 029c 52500351 		.ascii	"RP\003Q\177\243\250\253\004s\234\230\213\004\363]7\363"
 6577      7FA3A8AB 
 6577      04739C98 
 6577      8B04F35D 
 6577      37F3
 6578 02ae 639219F2 		.ascii	"c\222\031\362\250J'\3419+x4\3429\207<X\277\341\372\225"
 6578      A84A27E1 
 6578      392B7834 
 6578      E239873C 
 6578      58BFE1FA 
 6579 02c3 12AA18D1 		.ascii	"\022\252\030\321\210\270T\360\236\"\336b\301\233q\361"
 6579      88B854F0 
 6579      9E22DE62 
 6579      C19B71F1 
 6580 02d3 5AD2765A 		.ascii	"Z\322vZ~\206\253&K\260G\020Sq\341[\221\240\323\324\272"
 6580      7E86AB26 
 6580      4BB04710 
 6580      5371E15B 
 6580      91A0D3D4 
 6581 02e8 6B04B7F6 		.ascii	"k\004\267\366\243\372\317\270D\326dN\227\232\272\256"
 6581      A3FACFB8 
 6581      44D6644E 
 6581      979ABAAE 
 6582 02f8 5A544D13 		.ascii	"ZTM\0236jp\036A\257C\335\315\343\363\224\021Z\234\036"
 6582      366A701E 
 6582      41AF43DD 
 6582      CDE3F394 
 6582      115A9C1E 
 6583 030c BA73413C 		.ascii	"\272sA<\035\370F\201\357\244\326Q3\2344\003Y\315\354"
 6583      1DF84681 
 6583      EFA4D651 
 6583      339C3403 
 6583      59CDEC
 6584 031f DE658CC4 		.ascii	"\336e\214\304\376[\327t\232\346G\376\370$\201_\310U"
 6584      FE5BD774 
 6584      9AE647FE 
 6584      F824815F 
 6584      C855
 6585 0331 EC2284D1 		.ascii	"\354\"\204\321\240\353r\363B\342\015B\346^&3\005z\321"
 6585      A0EB72F3 
 6585      42E20D42 
 6585      E65E2633 
 6585      057AD1
 6586 0344 91A83AB2 		.ascii	"\221\250:\262T\321\2212\361\261\335y\200\000-\270$\270"
 6586      54D19132 
 6586      F1B1DD79 
 6586      80002DB8 
 6586      24B8
 6587 0356 74E2BA2C 		.ascii	"t\342\272,\2733\202\244\273\025f\215Q\030zOA:H)\340"
 6587      BB3382A4 
ARM GAS  /tmp/ccQ4TWpz.s 			page 159


 6587      BB15668D 
 6587      51187A4F 
 6587      413A4829 
 6588 036b F67DADE7 		.ascii	"\366}\255\347l\004\336$\216\012\340\212\0006\010\370"
 6588      6C04DE24 
 6588      8E0AE08A 
 6588      003608F8 
 6589 037b 7B04A65A 		.ascii	"{\004\246Z\2760\016\360#X\312\037\262\245\324\361-\336"
 6589      BE300EF0 
 6589      2358CA1F 
 6589      B2A5D4F1 
 6589      2DDE
 6590 038d 214A0998 		.ascii	"!J\011\230\337S\"\271\333PW*\035\015\252U[2c\325A4\342"
 6590      DF5322B9 
 6590      DB50572A 
 6590      1D0DAA55 
 6590      5B3263D5 
 6591 03a4 8DF147B7 		.ascii	"\215\361G\267\222|\341*\324\001C\345\304x!\032\277#"
 6591      927CE12A 
 6591      D40143E5 
 6591      C478211A 
 6591      BF23
 6592 03b6 8C71ADE3 		.ascii	"\214q\255\343]\210N1|\212\010\233\276K\216N\330<\213"
 6592      5D884E31 
 6592      7C8A089B 
 6592      BE4B8E4E 
 6592      D83C8B
 6593 03c9 4D454CE7 		.ascii	"MEL\347\036\361#ny\034P\362P\222\337\274\363\350p@\312"
 6593      1EF1236E 
 6593      791C50F2 
 6593      5092DFBC 
 6593      F3E87040 
 6594 03de 03A3EBCB 		.ascii	"\003\243\353\313\223\207\307\245\007\017\225G\023IH"
 6594      9387C7A5 
 6594      070F9547 
 6594      134948
 6595 03ed 9DA9829A 		.ascii	"\235\251\202\232\370T\345\034/(x\323-,\023\253\321\237"
 6595      F854E51C 
 6595      2F2878D3 
 6595      2D2C13AB 
 6595      D19F
 6596 03ff 05A2AFA5 		.ascii	"\005\242\257\245\223\023\326\215\377-\254\037s\302\372"
 6596      9313D68D 
 6596      FF2DAC1F 
 6596      73C2FA
 6597 040e 4908ABB3 		.ascii	"I\010\253\263\241{\275-\225u$C\312\272\246\224u+\313"
 6597      A17BBD2D 
 6597      95752443 
 6597      CABAA694 
 6597      752BCB
 6598 0421 45091832 		.ascii	"E\011\0302T\257|\355\034\354ij6e\264\322\351gt\302\240"
 6598      54AF7CED 
 6598      1CEC696A 
 6598      3665B4D2 
 6598      E96774C2 
 6599 0436 FADE4DF0 		.ascii	"\372\336M\360\377\022\325/\271\027\321u\010#\215\210"
 6599      FF12D52F 
ARM GAS  /tmp/ccQ4TWpz.s 			page 160


 6599      B917D175 
 6599      08238D88 
 6600 0446 E0CFB1DA 		.ascii	"\340\317\261\332\266\036R\333\351\234\266o\214\326\266"
 6600      B61E52DB 
 6600      E99CB66F 
 6600      8CD6B6
 6601 0455 6F5C315B 		.ascii	"o\\1[\023\210\271\010n\012$\017!\375:Z\314>\267\230"
 6601      1388B908 
 6601      6E0A240F 
 6601      21FD3A5A 
 6601      CC3EB798 
 6602 0469 8B815A3E 		.ascii	"\213\201Z>\322>oG:\231b\343\213\031\265\351#}\306\370"
 6602      D23E6F47 
 6602      3A9962E3 
 6602      8B19B5E9 
 6602      237DC6F8 
 6603 047d 34616B4D 		.ascii	"4akM \316\177 ;mmw\2113\241\324\343\227-\311~\267M("
 6603      20CE7F20 
 6603      3B6D6D77 
 6603      8933A1D4 
 6603      E3972DC9 
 6604 0495 805B79DA 		.ascii	"\200[y\332\364\273$\345\313\323\346\337\252 XG\3109"
 6604      F4BB24E5 
 6604      CBD3E6DF 
 6604      AA205847 
 6604      C839
 6605 04a7 9ED0D5AE 		.ascii	"\236\320\325\256K\325\376\321b\374\274}L{\354\207l\317"
 6605      4BD5FED1 
 6605      62FCBC7D 
 6605      4C7BEC87 
 6605      6CCF
 6606 04b9 ED5C7BEE 		.ascii	"\355\\{\356\214nOp\334\366\330\023\266gP \231\20444"
 6606      8C6E4F70 
 6606      DCF6D813 
 6606      B6675020 
 6606      99843434 
 6607 04cd BA3D4157 		.ascii	"\272=AW?\002\017\356G\320\335\017{\202~\354\324\304"
 6607      3F020FEE 
 6607      47D0DD0F 
 6607      7B827EEC 
 6607      D4C4
 6608 04df 74103F96 		.ascii	"t\020?\226\035\355\2627tm\340 \035\350W\004c\013\313"
 6608      1DEDB237 
 6608      746DE020 
 6608      1DE85704 
 6608      630BCB
 6609 04f2 CA42F857 		.ascii	"\312B\370W\276b\345\033+WW/[[U\363\326\233\241\325\325"
 6609      BE62E51B 
 6609      2B57572F 
 6609      5B5B55F3 
 6609      D69BA1D5 
 6610 0507 A115CB2B 		.ascii	"\241\025\313+CkVW\255\255\016-Y\372\362\263sC\213\027"
 6610      436B5657 
 6610      ADAD0E2D 
 6610      59FAF2B3 
 6610      73438B17 
 6611 051b BF187A75 		.ascii	"\277\030zu\311\363\257,}{\016\235-\253Y^\265vYeeEY9"
ARM GAS  /tmp/ccQ4TWpz.s 			page 161


 6611      C9F3AF2C 
 6611      7D7B0E9D 
 6611      2DAB595E 
 6611      B5765965 
 6612 0533 3368BEA6 		.ascii	"3h\276\246d\364n\331s\363\347\206\347W\314\0133^^5\007"
 6612      64F46ED9 
 6612      73F3E786 
 6612      E757CC0B 
 6612      335E5E35 
 6613 0548 6AB4EAAA 		.ascii	"j\264\352\252\177\001\374\326\225\216"
 6613      7F01FCD6 
 6613      958E
 6614              		.text
 6615              		.section	.gnu.lto_uart_lld_serve_tx_end_irq.8b963afdfd85344d,"e",%progbits
 6616 0000 789C9D56 		.ascii	"x\234\235VmPTe\024~\317}\357\275{\367\003,@C\351\003"
 6616      6D505465 
 6616      147ECF7D 
 6616      EFBD7BF7 
 6616      032C4043 
 6617 0016 9B1CC6A6 		.ascii	"\233\034\306\246X2\032\375\323\214\232M\315\250\177"
 6617      58321AFD 
 6617      D38C9A4D 
 6617      CDA87F
 6618 0025 D2EA2743 		.ascii	"\322\352'C~$\305\210\003\330__\026\314\024\225f\362"
 6618      7E24C588 
 6618      03D85F5F 
 6618      16CC1495 
 6618      66F2
 6619 0037 03B1F532 		.ascii	"\003\261\3652\020\256\226C51\025J\272i\245\"\206\022"
 6619      10AE9643 
 6619      3531154A 
 6619      BA69A522 
 6619      8612
 6620 0049 6992022E 		.ascii	"i\222\002.\271\241\241\24035\204\015t\316{/\227]c\030"
 6620      B9A1A1A0 
 6620      3335840D 
 6620      74CE7B2F 
 6620      975D6318 
 6621 005d 6967F7CC 		.ascii	"ig\367\314\271\367\234\363<\347\353\275w\015\006\354"
 6621      B9F79CF3 
 6621      3CE7EBBD 
 6621      770D06EC 
 6622 006d 25376387 		.ascii	"%7c\207\030c\037\343\017|\014\024!\304|W\211\241(|K"
 6622      18631FE3 
 6622      0F7C0C14 
 6622      21C47C57 
 6622      89A1287C 
 6623 0082 7DC55455 		.ascii	"}\305TUx\324\277\316\017<\251\012\037\007\325\266\251"
 6623      78D4BFCE 
 6623      0F3CA90A 
 6623      1F07D5B6 
 6623      A9
 6624 0093 A0D99AA6 		.ascii	"\240\331\232\246x\333\006\206\346\241\227^_\261\321"
 6624      78DB0686 
 6624      E6A1975E 
 6624      5FB1D1
 6625 00a2 855E5EDB 		.ascii	"\205^^\333\266@W\\U_D\237B\223\021m\331\223\214&\027"
ARM GAS  /tmp/ccQ4TWpz.s 			page 162


 6625      B640575C 
 6625      555F449F 
 6625      4293116D 
 6625      D9938C26 
 6626 00b7 187698A1 		.ascii	"\030v\230\241\270\373j\257\022\270g\307\345}\004\356"
 6626      B8FB6AAF 
 6626      12B867C7 
 6626      E57D04EE 
 6627 00c7 068F6DF3 		.ascii	"\006\217m\363\000HM\030\3006(\\\325\274\272\313p{`\203"
 6627      00484D18 
 6627      C036285C 
 6627      D5BCBACB 
 6627      707B6083 
 6628 00db A231E753 		.ascii	"\2421\347S\301ws8\276)\332\250\314\016\241\267\010\357"
 6628      C1777338 
 6628      BE29DAA8 
 6628      CC0EA1B7 
 6628      08EF
 6629 00ed BE901C14 		.ascii	"\276\220\034\024\347\00479c{\370\250\033\034\206\331"
 6629      E7043739 
 6629      637BF8A8 
 6629      1B1C86D9 
 6630 00fd E8D81908 		.ascii	"\350\330\031\010\016\372\266\243\015@\305\313\035\315"
 6630      0EFAB6A3 
 6630      0D40C5CB 
 6630      1DCD
 6631 010b 0DA73D74 		.ascii	"\015\247=t\251@:^\266D/\364\253\374E`\250\237\351j\275"
 6631      A9403A5E 
 6631      B6442FF4 
 6631      ABFC4560 
 6631      A89FE96A 
 6632 0120 EBCDA813 		.ascii	"\353\315\250\023\" \302\227\367s\361\204\3119|\003\034"
 6632      2220C297 
 6632      F773F184 
 6632      C9397C03 
 6632      1C
 6633 0131 21A109D2 		.ascii	"!\241\011\322\340\010\2441\206\367\026\237\235\317\340"
 6633      E008A431 
 6633      86F7169F 
 6633      9DCFE0
 6634 0140 286460C8 		.ascii	"(d`\310\316\252h*_)\243\353\206\253\033a4:\265J\204"
 6634      CEAA682A 
 6634      5F29A3EB 
 6634      86AB1B61 
 6634      343AB54A 
 6635 0155 5593AB70 		.ascii	"U\223\253p\354?\341\352\342\016\014\017C\006\243\250"
 6635      EC3FE1EA 
 6635      E20E0C0F 
 6635      4306A3A8 
 6636 0165 C8E7C33B 		.ascii	"\310\347\303;\023t\325N\033\276\005\035\307\302\330"
 6636      1374D54E 
 6636      1BBE051D 
 6636      C7C2D8
 6637 0174 A76D5A58 		.ascii	"\247mZX\014\217l\022\341\366\351\035\021O\032`\240\246"
 6637      0C8F6C12 
 6637      E1F6E91D 
 6637      114F1A60 
ARM GAS  /tmp/ccQ4TWpz.s 			page 163


 6637      A0A6
 6638 0186 A0D0390A 		.ascii	"\240\3209\012\227J\227\032\011\235\204\213\204\201\302"
 6638      974A971A 
 6638      099D848B 
 6638      8481C2
 6639 0195 70A3707B 		.ascii	"p\243p{Px\274(\274>\024\276\004\024\011\211(\022\223"
 6639      5078BC28 
 6639      BC3E14BE 
 6639      04140989 
 6639      281293
 6640 01a8 80785380 		.ascii	"\200xS\200\222g\254\234\263\201\241\003\363@\204\031"
 6640      9267AC9C 
 6640      B381A103 
 6640      F3408419 
 6641 01b8 DBCA15A9 		.ascii	"\333\312\025\251\227\242\036\005Qs,\304e.7\240t\327"
 6641      97A21E05 
 6641      51732CC4 
 6641      652E37A0 
 6641      74D7
 6642 01ca A6EB520F 		.ascii	"\246\353R\017r\010\362$L\371\340\237\333\367\312\016"
 6642      7208F224 
 6642      4CF9E09F 
 6642      DBF7CA0E 
 6643 01da 6AE083E3 		.ascii	"j\340\203\343X\3245(\353=\221m\373\240\303\311\376\233"
 6643      58D43528 
 6643      EB3D916D 
 6643      FBA0C3C9 
 6643      FE9B
 6644 01ec ED603930 		.ascii	"\355`908AU3b\340MC\315I\016COH\223\014Q\010\244\223"
 6644      38415533 
 6644      62E04D43 
 6644      CD490E43 
 6644      4F48930C 
 6645 0204 8271C1E0 		.ascii	"\202q\301\340p\273\306\337\222\335,\253\214\274l7\263"
 6645      70BBC6DF 
 6645      92DD2CAB 
 6645      8CBC6C37 
 6645      B3
 6646 0215 755F7679 		.ascii	"u_vy\351\356m\242Z1\371\024\370\216\032\012NC\341{\310"
 6646      E9EE6DA2 
 6646      5A31F914 
 6646      F88E1A0A 
 6646      4E43E17B 
 6647 022a C0DB8B0F 		.ascii	"\300\333\213\017/\244\250\217L\363\365Y\2652\212v\242"
 6647      2FA4A88F 
 6647      4CF3F559 
 6647      B5328A76 
 6647      A2
 6648 023b 4188CDF3 		.ascii	"A\210\315\363\235 \026\027$\333\375\003\314\242\225"
 6648      9D201617 
 6648      24DBFD03 
 6648      CCA295
 6649 024a B87A2AE8 		.ascii	"\270z*\350\233Y\015\246\250L7\371\003\004\324xe\327"
 6649      9B590DA6 
 6649      A84C37F9 
 6649      0304D478 
 6649      65D7
ARM GAS  /tmp/ccQ4TWpz.s 			page 164


 6650 025c 5DAD0C02 		.ascii	"]\255\014\002%\225BTc\252&\177\020N\302Lk>\247\240\014"
 6650      25954254 
 6650      63AA267F 
 6650      104EC24C 
 6650      6B3EA7A0 
 6651 0271 A8869E50 		.ascii	"\250\206\236P\305P\244[q\246XF\313\330]>\350\326\010"
 6651      C550A45B 
 6651      71A65846 
 6651      CBD85D3E 
 6651      E8D608
 6652 0284 580E1353 		.ascii	"X\016\023SE\232\323\262N\021\011U\014GR\343\206\016"
 6652      459AD3B2 
 6652      4E110955 
 6652      0C4752E3 
 6652      860E
 6653 0296 D08CB6D8 		.ascii	"\320\214\266\330E g\353&\234A\331\007e\351R\241\376"
 6653      452067EB 
 6653      269C41D9 
 6653      0765E952 
 6653      A1FE
 6654 02a8 1C681971 		.ascii	"\034h\031qSR\206\311\223\366\340\002\023.\264P6\367"
 6654      535286C9 
 6654      93F6E002 
 6654      132EB450 
 6654      36F7
 6655 02ba A42C9388 		.ascii	"\244,\223\210\313\371,z\231<Y\016B\215\031\265\325|"
 6655      CBF92C7A 
 6655      993C590E 
 6655      428D19B5 
 6655      D57C
 6656 02cc 99AF1CCB 		.ascii	"\231\257\034\313]g\360\201&\2675R*p{i\177\247A#\345"
 6656      5D67F081 
 6656      26B73552 
 6656      2A707B69 
 6656      7FA74123 
 6657 02e1 922BDCF1 		.ascii	"\222+\334\361\331\245\304:\250-\301\202\261e)A\236\002"
 6657      D9A5C43A 
 6657      A82DC182 
 6657      B1652941 
 6657      9E02
 6658 02f3 3FD2A0D1 		.ascii	"?\322\240\321Vbv}\255g\325\013\313\244C+\324A\245\265"
 6658      5662767D 
 6658      AD67D50B 
 6658      CBA4432B 
 6658      D441A5B5 
 6659 0307 DDE7202B 		.ascii	"\335\347 +\026\230\307\002\353\343\001OEv8o\003\327"
 6659      1698C702 
 6659      EBE3014F 
 6659      4576386F 
 6659      03D7
 6660 0319 7F156A4D 		.ascii	"\177\025jM@\340\367\245i\032\264I`:-\360\223\004>>\012"
 6660      40E0F7A5 
 6660      691AB449 
 6660      603A2DF0 
 6660      93043E3E 
 6661 032e ACC6024F 		.ascii	"\254\306\002O\033\017\370!d\207v\0338\270mo\224#0u("
 6661      1B0FF821 
ARM GAS  /tmp/ccQ4TWpz.s 			page 165


 6661      6487761B 
 6661      38B86D6F 
 6661      94233075 
 6662 0343 157E96B0 		.ascii	"\025~\226\260\012\301^\220\260x\002\300\302\325,\350"
 6662      0AC15E90 
 6662      B07802C0 
 6662      C2D52CE8 
 6663 0353 0FFFDEFC 		.ascii	"\017\377\336\374\232\265\336\335###S\340\"\342 {\347"
 6663      9AB5DEDD 
 6663      23232353 
 6663      E022E220 
 6663      7BE7
 6664 0365 16B017F9 		.ascii	"\026\260\027\371\376\311~\031#\273\004Y\310@Cx\\N\200"
 6664      FEC97E19 
 6664      23BB0459 
 6664      C8404378 
 6664      5C4E80
 6665 0378 26454F53 		.ascii	"&EOS\241\322\250\024\347\276\243\304\024|\337\244%d"
 6665      A1D2A814 
 6665      E7BEA3C4 
 6665      147CDFA4 
 6665      2564
 6666 038a 4A858E31 		.ascii	"J\205\2161\332_\357\251\321e\241\035\335z\356\014\267"
 6666      DA5FEFA9 
 6666      D165A11D 
 6666      DD7AEE0C 
 6666      B7
 6667 039b 8A04B86C 		.ascii	"\212\004\270l\037\362\027l\027\347P\227so\305\306\213"
 6667      1FF2176C 
 6667      17E75097 
 6667      736FC5C6 
 6667      8B
 6668 03ac 27718D31 		.ascii	"'q\2151Y\375\266\275V<&Eg\330\306\244\246;\035\256\310"
 6668      59FDB6BD 
 6668      563C2645 
 6668      67D8C6A4 
 6668      A63B1DAE 
 6669 03c1 14696FA0 		.ascii	"\024io\240\323Z\233\177FSt#Z,\264gR\3203\240KB\253\004"
 6669      D35A9B7F 
 6669      46537423 
 6669      5A2CB467 
 6669      52D033A0 
 6670 03d9 DD6D553F 		.ascii	"\335mU?\364\256\015\355\245\027\306y3\207*\367\302\363"
 6670      F4AE0DED 
 6670      A517C679 
 6670      33872AF7 
 6670      C2F3
 6671 03eb 7015D290 		.ascii	"p\025\322\220/~\272\316f\315\220\233\325\371^C\263\217"
 6671      2F7EBACE 
 6671      66CD909B 
 6671      D5F95E43 
 6671      B38F
 6672 03fd 98EDE662 		.ascii	"\230\355\346b>\020!f\350A\036\204d\261\243\253\331\257"
 6672      3E102166 
 6672      E8411E84 
 6672      64B1A3AB 
 6672      D9AF
ARM GAS  /tmp/ccQ4TWpz.s 			page 166


 6673 040f 386AE890 		.ascii	"8j\350\220s\326\356\030\343\257\316\004'+\015~\223u"
 6673      73D6EE18 
 6673      E3AFCE04 
 6673      272B0D7E 
 6673      9375
 6674 0421 D08B11AE 		.ascii	"\320\213\021\256A\026\275\202\312k\216$Pfi\240@\024"
 6674      4116BD82 
 6674      CA6B8E24 
 6674      506669A0 
 6674      4014
 6675 0433 A3C61B84 		.ascii	"\243\306\033\204oR,>\370]\262\320>Bo\374\371M\210m\206"
 6675      6F522C3E 
 6675      F85DB2D0 
 6675      3E426FFC 
 6675      F94D886D 
 6676 0448 6FBC63F6 		.ascii	"o\274c\3660\322\301\365q\307\360\010\334\220\300.\002"
 6676      30D2C1F5 
 6676      71C7F008 
 6676      DC90C02E 
 6676      02
 6677 0459 FE038163 		.ascii	"\376\003\201c\026,\016\370Q|\211\3649/\021Wo\315\227"
 6677      162C0EF8 
 6677      517C89F4 
 6677      392F1157 
 6677      6FCD97
 6678 046c 19B464E0 		.ascii	"\031\264d\340\324&\037\221\244` \376RL\376\230t5&\334"
 6678      D4261F91 
 6678      A46020FE 
 6678      524CFE98 
 6678      743526DC 
 6679 0480 C7C44936 		.ascii	"\307\304I6\373\346X\263oY\331v\331\331&\312V[\351\271"
 6679      FBE658B3 
 6679      6F59D976 
 6679      D9D926CA 
 6679      565BE9B9 
 6680 0494 07377E90 		.ascii	"\0077~\220L\234j,\347\377\232n\377\030\341\200\234\256"
 6680      4C9C6A2C 
 6680      E7FF9A6E 
 6680      FF18E180 
 6680      9CAE
 6681 04a6 D311FC37 		.ascii	"\323\021\3747\000\267%\345V\356\031-R\217\333\262;r"
 6681      00B725E5 
 6681      56EE192D 
 6681      528FDBB2 
 6681      3B72
 6682 04b8 59D92D08 		.ascii	"Y\331-\010T\177r\010\354\347\011\235W\220\376\2010]"
 6682      547F7208 
 6682      ECE7099D 
 6682      5790FE81 
 6682      305D
 6683 04ca 2DCCCCF4 		.ascii	"-\314\314\364\343w\305\232\2747\362\012\212r\212\013"
 6683      E377C59A 
 6683      BC37F20A 
 6683      8A728A0B 
 6684 04da D7AF7DDB 		.ascii	"\327\257}\333_P\344_\223\233\357_WPX\\\344_\266|\351"
 6684      5F50E45F 
 6684      939BEF5F 
ARM GAS  /tmp/ccQ4TWpz.s 			page 167


 6684      5750585C 
 6684      E45FB67C 
 6685 04ef B373FC4B 		.ascii	"\263s\374K\226,\362\277\272l\301+\313\337y\206l9\353"
 6685      962CF2BF 
 6685      BA6CC12B 
 6685      CBDF7986 
 6685      6C39EB
 6686 0502 730B8B73 		.ascii	"s\013\213s\362\363Wf\256`\032\351\353R\343\357f>7wN"
 6686      F2F35766 
 6686      AE601AE9 
 6686      EB52E3EF 
 6686      663E3777 
 6687 0517 D6DC95D9 		.ascii	"\326\334\225\331YL[\235\237\373f\221^\270*\267\250`"
 6687      594C5B9D 
 6687      9FFB6691 
 6687      5EB82AB7 
 6687      A860
 6688 0529 6DE60474 		.ascii	"m\346\004t\005E(\012\213\237^\233g\351\231k\230o\321"
 6688      0545280A 
 6688      8B9F5E9B 
 6688      67E9996B 
 6688      986FD1
 6689 053c D205E9AB 		.ascii	"\322\005\351\253s\363\362\327\027\256b\377\002>MC\213"
 6689      73F3F2D7 
 6689      17AE62FF 
 6689      023E4D43 
 6689      8B
 6690              		.text
 6691              		.section	.gnu.lto_uart_lld_serve_rx_end_irq.part.0.8b963afdfd85344d,"e",%progbits
 6692 0000 789C9D56 		.ascii	"x\234\235VkLTG\024\276\347\316\335\335\273\273wy?V\261"
 6692      6B4C5447 
 6692      14BEE7CE 
 6692      DDDDBBBB 
 6692      77793F56 
 6693 0015 2D31A544 		.ascii	"-1\245Db`km\365O\023\351#i\242\375S\265\177\211\225"
 6693      62606B6D 
 6693      F54F13E9 
 6693      2369A2FD 
 6693      53B57F89 
 6694 002a B66AA918 		.ascii	"\266j\251\030\321\376\365\262\200\370@4Uk\245nA\014"
 6694      D1FEF5B2 
 6694      80F84034 
 6694      556BA56E 
 6694      410C
 6695 003c 68348536 		.ascii	"h4\2056X\255\217*\305Z\005\255\242\265Z)\202\242\256"
 6695      58AD8F2A 
 6695      C55A05AD 
 6695      A2B55A29 
 6695      82A2AE
 6696 004f D607E0B3 		.ascii	"\326\007\340\263\212\012=g\346\356\335\007j\240F\217"
 6696      8A0A3D67 
 6696      E6EEDD07 
 6696      6AA0468F 
 6697 005f B377E67C 		.ascii	"\263w\346|\3379\337\234\2313\252\004\322\364(I\232+"
 6697      DF39DF9C 
 6697      9933AA04 
 6697      D2F42849 
ARM GAS  /tmp/ccQ4TWpz.s 			page 168


 6697      9A2B
 6698 0071 495203FE 		.ascii	"IR\003\376\003\227\004\232\256\353\223l\240\201,\006"
 6698      0397049A 
 6698      AEEB936C 
 6698      A0812C06 
 6699 0081 32303E28 		.ascii	"20>(T\231\254\234\354\355\233\250\350\016K\335\312\022"
 6699      5499AC9C 
 6699      ECED9BA8 
 6699      E80E4BDD 
 6699      CA12
 6700 0093 9BA26B8A 		.ascii	"\233\242k\2121\227m\221\255\025\015\376\2618e\363\037"
 6700      31976D91 
 6700      AD150DFE 
 6700      B13865F3 
 6700      1F
 6701 00a4 5D1F8F53 		.ascii	"]\037\217SV\260\031n6Y\275\261\351B\"\3169\327\264\177"
 6701      56B0196E 
 6701      3659BDB1 
 6701      E94222CE 
 6701      39D7B47F 
 6702 00b8 9B8173AA 		.ascii	"\233\201s\252\354\020\253\034v\341\245\331\301a\254"
 6702      EC10AB1C 
 6702      76E1A5D9 
 6702      C161AC
 6703 00c7 7680D318 		.ascii	"v\200\323\0309\001\370HWAZ\244\311L\261Xm\252\335\341"
 6703      3901F848 
 6703      57415AA4 
 6703      C94CB158 
 6703      6DAADDE1 
 6704 00db 84453293 		.ascii	"\204E2\223\314?+\331:\006M\245\376]\362\230\315\270"
 6704      CC3F2BD9 
 6704      3A064DA5 
 6704      FE5DF298 
 6704      CDB8
 6705 00ed 5C6F5CD7 		.ascii	"\\o\\\327\026\347\323[uV\211\213\326\233\013#\026\351"
 6705      16E7D35B 
 6705      7556898B 
 6705      D69B0B23 
 6705      16E9
 6706 00ff 8DB25B2C 		.ascii	"\215\262[,\000J{7\214\241\377\366\300\030\\\327\341"
 6706      004A7B37 
 6706      8CA1FFF6 
 6706      C0185CD7 
 6706      E1
 6707 0110 F53DD0CA 		.ascii	"\365=\320\312\321\037@\301\237kZ\2667;\350\247\014\251"
 6707      D11F40C1 
 6707      9F6B5AB6 
 6707      373BE8A7 
 6707      0CA9
 6708 0122 F8F3A8FF 		.ascii	"\370\363\250\377t\217\302\336\005B<\322y\374\2213\275"
 6708      748FC2DE 
 6708      05423CD2 
 6708      79FC9133 
 6708      BD
 6709 0133 46D7BD7A 		.ascii	"F\327\275zc{-\323_\256d\014\366\001CZ\370\031R`/\244"
 6709      637B2DD3 
 6709      5FAE640C 
ARM GAS  /tmp/ccQ4TWpz.s 			page 169


 6709      F601435A 
 6709      F8195260 
 6710 0149 48B01FD2 		.ascii	"H\260\037\322\361\363\344{\223\"=Z\341=s=D\256\307h"
 6710      F1F3E47B 
 6710      93223D5A 
 6710      E13D733D 
 6710      44AEC768 
 6711 015d 1A215D92 		.ascii	"\032!]\222\321gm\205\337\315r9aM\177\325.\010\020\272"
 6711      D1676D85 
 6711      DFCD7239 
 6711      614D7FD5 
 6711      2E0810BA 
 6712 0171 2BF446A5 		.ascii	"+\364F\245\222)\360K\004c\023!(\223\275\331|H)\370\227"
 6712      9229F04B 
 6712      04631321 
 6712      2893BDD9 
 6712      7C4829F8 
 6713 0186 DC8BCED8 		.ascii	"\334\213\316\330\3023\367?a\033\213\212\001\027H\325"
 6713      C233F73F 
 6713      611B8B8A 
 6713      011748D5 
 6714 0196 0175E000 		.ascii	"\001u\340\000d\340\262\256\037\372\327\272\254\012\251"
 6714      64E0B2AE 
 6714      1FFAD7BA 
 6714      AC0AA9
 6715 01a5 06BF8295 		.ascii	"\006\277\202\225\213V\336\270w\253\222\266\2113v\267"
 6715      8B56DEB8 
 6715      77AB92B6 
 6715      893376B7 
 6716 01b5 8CDC58A4 		.ascii	"\214\334X\244\037\326\203\244\020Fj\350l\300\300AH#"
 6716      1FD683A4 
 6716      10466AE8 
 6716      6CC0C041 
 6716      4823
 6717 01c7 7D0514FC 		.ascii	"}\005\024\374\206\026\265\226\3513.\272\323P\263\332"
 6717      8616B596 
 6717      E9332EBA 
 6717      D350B3DA 
 6718 01d7 C9E6F0AC 		.ascii	"\311\346\360\254Zv\324\035\320\014\216\323\365\356 "
 6718      5A76D41D 
 6718      D00C8ED3 
 6718      F5EE20
 6719 01e6 C721E290 		.ascii	"\307!\342\220\203\034\207\021Q\232\3748;\322\251\025"
 6719      831C8711 
 6719      519AFC38 
 6719      3BD2A915 
 6720 01f6 421D20C2 		.ascii	"B\035 \302\001\311\233!\255\376\244E\327\373\007Ju\275"
 6720      01C99B21 
 6720      ADFEA445 
 6720      D7FB074A 
 6720      75BD
 6721 0208 EF8D8457 		.ascii	"\357\215\204W\000H^Y\252d\026\206\006\223\256d6\013"
 6721      00485E59 
 6721      AA641686 
 6721      0693AE64 
 6721      360B
 6722 021a 192B191B 		.ascii	"\031+\031\033\031\025\215jGcw\240q8\321854\232\013\215"
ARM GAS  /tmp/ccQ4TWpz.s 			page 170


 6722      19158D6A 
 6722      476377A0 
 6722      7138D138 
 6722      35349A0B 
 6723 022f 2B0A4D54 		.ascii	"+\012MT4\375\214A\023\035\213&&\216\360\342\011/\201"
 6723      34FD8C41 
 6723      131D8B26 
 6723      268EF0E2 
 6723      092F81
 6724 0242 0012C924 		.ascii	"\000\022\311$q\366d\032\272\311\214 #I\313\231\324\333"
 6724      71F6641A 
 6724      BAC98C20 
 6724      2349CB99 
 6724      D4DB
 6725 0254 B765222A 		.ascii	"\267e\"*R\3064>b\222\037\274\\\217\320\355\352z\302"
 6725      52C6343E 
 6725      62921FBC 
 6725      5C8FD0ED 
 6725      EA7AC2
 6726 0267 2AAAD4F0 		.ascii	"*\252\324\360\335j\201\014.\267\037d\211\344\244\017"
 6726      DD6A810C 
 6726      2EB71F64 
 6726      89E4A40F 
 6727 0277 1201C926 		.ascii	"\022\001\311&\220^}\261\326\3025\277\006\336\275v\032"
 6727      905E7DB1 
 6727      D6C235BF 
 6727      06DEBD76 
 6727      1A
 6728 0288 F9181553 		.ascii	"\371\030\025SyQO\207J\325\3148Uc\333\367g\243j`\023"
 6728      79514F87 
 6728      4AD5CC38 
 6728      5563DBF7 
 6728      67A36A60 
 6729 029d D643AC0F 		.ascii	"\326C\254\017\225;\202\252\321\367\302\312\316\237\254"
 6729      953B82AA 
 6729      D1F7C2CA 
 6729      CE9FAC
 6730 02ac 9E3A0A21 		.ascii	"\236:\012!\025s\202\243P\003_\363\000\340w\360\204\202"
 6730      157382A3 
 6730      50035FF3 
 6730      00E077F0 
 6730      8482
 6731 02be B250504B 		.ascii	"\262PPK$h\034\262\3021\003\264n\347\346\343.\004]\305"
 6731      24681CB2 
 6731      C23103B4 
 6731      6EE7E6E3 
 6731      2E045DC5 
 6732 02d2 41E3E138 		.ascii	"A\343\3418\007\345\007\260\225\2036\005@\225P\320\370"
 6732      07E507B0 
 6732      95833605 
 6732      409550D0 
 6732      F8
 6733 02e3 48D00464 		.ascii	"H\320\004d\205\023\006\250o\3057~\206\240T\322\211p"
 6733      851306A8 
 6733      6FC5377E 
 6733      86A054D2 
 6733      8970
ARM GAS  /tmp/ccQ4TWpz.s 			page 171


 6734 02f5 9243CA04 		.ascii	"\222C\312\004\371\007\207,\372\252\024\004\246E\300"
 6734      F907872C 
 6734      FAAA1404 
 6734      A645C0
 6735 0304 6E78B8F4 		.ascii	"nx\270\364CB\265\301\371\201\201\201h8\2058\310\334"
 6735      4342B5C1 
 6735      F9818181 
 6735      68388538 
 6735      C8DC
 6736 0316 B18C2F1B 		.ascii	"\261\214/\0332\321\237A\242\323\340At\022}4W\234v\202"
 6736      32D19F41 
 6736      A2D3E041 
 6736      74127D34 
 6736      579C7682 
 6737 032a AE455D11 		.ascii	"\256E]\021[!\276\232\203\2204\207DWHb%\302\231 \341"
 6737      5B21BE9A 
 6737      83903487 
 6737      44574862 
 6737      25C29920 
 6738 033f 5F1199D9 		.ascii	"_\021\231\331\004\322\276\262\326#L\244\006p\026a.C"
 6738      04D2BEB2 
 6738      D6234CA4 
 6738      06701661 
 6738      2E43
 6739 0351 F1D5B78D 		.ascii	"\361\325\267\215%8\177\250\347\346)\020\363\022\264"
 6739      25387FA8 
 6739      E7E62910 
 6739      F312B4
 6740 0360 118D4475 		.ascii	"\021\215Du\250\254,9s\210a\250e\314r\313\254\237\321"
 6740      A8AC2C39 
 6740      738861A8 
 6740      65CC72CB 
 6740      AC9FD1
 6741 0373 91C5A30E 		.ascii	"\221\305\243\016yc\223\340o\036+\225\013\264\213jy\034"
 6741      796393E0 
 6741      6F1E2B95 
 6741      0BB48B6A 
 6741      791C
 6742 0385 88D58E48 		.ascii	"\210\325\216H\241\260\216!\303&\3039\016\253\020l\207"
 6742      A1B08E21 
 6742      C326C339 
 6742      0EAB106C 
 6742      87
 6743 0396 90A06FB1 		.ascii	"\220\240o\261\001\353\244{\373De\016\245\347\2047\241"
 6743      01EBA47B 
 6743      FB44650E 
 6743      A5E78437 
 6743      A1
 6744 03a7 1352902B 		.ascii	"\023R\220+|c\315\202J\346\005\325\261d{\213\206\254"
 6744      7C63CD82 
 6744      4AE605D5 
 6744      B1647B8B 
 6744      86AC
 6745 03b9 857C4331 		.ascii	"\205|C1\0228O\274p\001Y\0200l\347\252\353dsx%x\260n"
 6745      12384FBC 
 6745      70015910 
 6745      306CE7AA 
ARM GAS  /tmp/ccQ4TWpz.s 			page 172


 6745      EB647378 
 6746 03d1 AB836BE6 		.ascii	"\253\203k\3469\307\310\015]<\003\013ep\021<t\241/\257"
 6746      39C7C80D 
 6746      5D3C030B 
 6746      6570113C 
 6746      74A12FAF 
 6747 03e5 DEE3A298 		.ascii	"\336\343\242\230\334\330g/\241\327\323\244\327\206\314"
 6747      DCD8672F 
 6747      A1D7D3A4 
 6747      D786CC
 6748 03f4 A0C165CE 		.ascii	"\240\301e\316@E\010\376\360\203\352\012\225@\213<S#"
 6748      404508FE 
 6748      F083EA0A 
 6748      95408B3C 
 6748      5323
 6749 0406 9006AE3C 		.ascii	"\220\006\256<U\370\221p\225\203\332\010\364\037\004"
 6749      55F89170 
 6749      9583DA08 
 6749      F41F04
 6750 0415 0DA9AB30 		.ascii	"\015\251\2530\320\024\254\253kF]\2251\353\325\352\035"
 6750      D014ACAB 
 6750      6B465D95 
 6750      31EBD5EA 
 6750      1D
 6751 0426 E9A1C574 		.ascii	"\351\241\305t\003\212S\371\000\335\360\037\222\216\342"
 6751      038A53F9 
 6751      00DDF01F 
 6751      928EE2
 6752 0435 0B6DCFA9 		.ascii	"\013m\317\251\272\250a\210{=(\356\015\021e\247\021e"
 6752      BAA86188 
 6752      7B3D28EE 
 6752      0D1165A7 
 6752      1165
 6753 0447 14975684 		.ascii	"\024\227V\204\245>(Y\035\037\3016\354}\274\031\244\352"
 6753      A53E2859 
 6753      1D1FC136 
 6753      EC7DBC19 
 6753      A4EA
 6754 0459 E6FB686A 		.ascii	"\346\373hj\340F\015zB\367\021/\365T\003=\264\371\037"
 6754      E0460D7A 
 6754      42F7112F 
 6754      F554033D 
 6754      B4F91F
 6755 046c AB8FAB2D 		.ascii	"\253\217\253-\322\203\017\200\220.\327+\036\014\275"
 6755      D2830F80 
 6755      902ED72B 
 6755      1E0CBD
 6756 047b BCCD3DBA 		.ascii	"\274\315=\272\364\335*\347\340\376;\370\331\320+\372"
 6756      F4DD2AE7 
 6756      E0FE3BF8 
 6756      D9D02BFA 
 6757 048b 2FDC8234 		.ascii	"/\334\2024\214\234\3707]N6\273q1\205^E\245\213\363\274"
 6757      8C9CF837 
 6757      5D4E36BB 
 6757      7131855E 
 6757      45A58BF3 
 6758 04a0 19AFA7BB 		.ascii	"\031\257\247\273\004n\033E}}\035\013\351\334\207y\347"
ARM GAS  /tmp/ccQ4TWpz.s 			page 173


 6758      046E1B45 
 6758      7D7D1D0B 
 6758      E9DC8779 
 6758      E7
 6759 04b1 96E18EF1 		.ascii	"\226\341\216\361\010\010|o&_t\021\023p\327p~\230\314"
 6759      08087C6F 
 6759      265F7411 
 6759      1370D770 
 6759      7E98CC
 6760 04c4 87B46DCD 		.ascii	"\207\264m\315\243h\350c\321\303(\331{F\311\362`\340"
 6760      A368E863 
 6760      D1C328D9 
 6760      7B46C9F2 
 6760      60E0
 6761 04d6 BE51B5CD 		.ascii	"\276Q\265\315c\005R\314\240:\215~F\235\276\000\377r"
 6761      630552CC 
 6761      A03A8D7E 
 6761      469DBE00 
 6761      FF72
 6762 04e8 24D5407A 		.ascii	"$\325@z`\024\301\201\361A$s\237^\304}zh\026\205\375"
 6762      6014C181 
 6762      F1412473 
 6762      9F5EC47D 
 6762      7A681685 
 6763 04fd C2B90697 		.ascii	"\302\271\006\227\32187o\260\030\231y\253\346\320\210"
 6763      D138376F 
 6763      B0189979 
 6763      ABE6D088 
 6764 050d D246D71F 		.ascii	"\322F\327\037\017\236o\217\"W\005V\311\320\307}\313"
 6764      0F9E6F8F 
 6764      22570556 
 6764      C9D0C77D 
 6764      CB
 6765 051e 98C32C27 		.ascii	"\230\303,'\2317z\037K\342(\3336\260\200(k\360\006\342"
 6765      99377A1F 
 6765      4BE228DB 
 6765      36B08028 
 6765      6BF006E2 
 6766 0532 01C43E47 		.ascii	"\001\304>G\224\360\353\376%x\304S\261\213T\350\271\323"
 6766      94F0EBFE 
 6766      2578C453 
 6766      B18B54E8 
 6766      B9D3
 6767 0544 76BBDB55 		.ascii	"v\273\333U\014\336B\241Z\014<\006\217H\363\011\024\203"
 6767      0CDE42A1 
 6767      5A0C3C06 
 6767      8F48F309 
 6767      1483
 6768 0556 7164384B 		.ascii	"qd8K\3340\332z\277\321\326\005\322\200yap\240\370AW"
 6768      DC30DA7A 
 6768      BFD1D605 
 6768      D2807961 
 6768      70A0F841 
 6769 056b 73DC335B 		.ascii	"s\3343[\271.\213V.\200\012e\363\322\347H\330\330b\003"
 6769      B92E8B56 
 6769      2E800A65 
 6769      F3D2E748 
ARM GAS  /tmp/ccQ4TWpz.s 			page 174


 6769      D8D86203 
 6770 057f 77F1DDA7 		.ascii	"w\361\335\2474\331\370gv=/\307u\030\270E2v\332\004q"
 6770      34D9F867 
 6770      763D2FC7 
 6770      7518B845 
 6770      3276DA04 
 6771 0594 2133B3FC 		.ascii	"!3\263\374\352M\251\233\360 \017\017\277\230\343;\015"
 6771      EA4DA99B 
 6771      F0200F0F 
 6771      BF98E33B 
 6771      0D
 6772 05a5 FC12D9C3 		.ascii	"\374\022\331\303\033'\241\366\313&ACp/\003\332$\016"
 6772      1B27A1F6 
 6772      CB264143 
 6772      702F03DA 
 6772      240E
 6773 05b7 59640516 		.ascii	"Yd\005\026s\016\315\340(\345\332\024}\031\320&\331G"
 6773      730ECDE0 
 6773      28E5DA14 
 6773      7D19D026 
 6773      D947
 6774 05c9 CD27E9FF 		.ascii	"\315'\351\377\311\263D\026\217\002\001\275\224\344I"
 6774      C9B34416 
 6774      8F0201BD 
 6774      94E449
 6775 05d8 E6215F0B 		.ascii	"\346!_\013\312\2633(O z\367P(\3703gY\030\301\362\210"
 6775      CAB33328 
 6775      4F207AF7 
 6775      5028F833 
 6775      675918C1 
 6776 05ee D8F130BA 		.ascii	"\330\3610\272\271`\303\013\236#\227\205!\257\240\320"
 6776      B960C30B 
 6776      9E239785 
 6776      21AFA0D0 
 6777 05fe 47F078AB 		.ascii	"G\360x\253\205\360\322}HB\247S\333\372\347\212C\247"
 6777      85F0D27D 
 6777      4842A753 
 6777      DBFAE78A 
 6777      43A7
 6778 0610 CB502EA7 		.ascii	"\313P.\247\250}\373O\000\235>\373\326.\300\363\3474"
 6778      A87DFB4F 
 6778      009D3EFB 
 6778      D62EC0F3 
 6778      E734
 6779 0622 9B87B7CA 		.ascii	"\233\207\267\312\350\314\374\2123\357]~i\2057\363\335"
 6779      E8CCFC8A 
 6779      33EF5D7E 
 6779      698537F3 
 6779      DD
 6780 0633 A29977A3 		.ascii	"\242\231w\243KO-\030o6z\012\001\007\2437\326[\231\231"
 6780      4B4F2D18 
 6780      6F367A0A 
 6780      0107A337 
 6780      D65B9999 
 6781 0647 59F877E6 		.ascii	"Y\370w\346\254\331\037\315\316/\310Y0\177\341\334\317"
 6781      ACD91FCD 
 6781      CE2FC859 
ARM GAS  /tmp/ccQ4TWpz.s 			page 175


 6781      307FE1DC 
 6781      CF
 6782 0658 B2F20BB2 		.ascii	"\262\362\013\262f\315\310\313\232\227?\177AA\326\324"
 6782      66CDC8CB 
 6782      9A973F7F 
 6782      4141D6D4 
 6783 0668 69EFBF36 		.ascii	"i\357\2776.k\312\224w\262\246O\315\376`\332\027\257"
 6783      2E6BCA94 
 6783      77B2A64F 
 6783      CDFE60DA 
 6783      17AF
 6784 067a D25CCEC2 		.ascii	"\322\\\316\302\031\363\027\344\344\345\345f\316\224"
 6784      19F317E4 
 6784      E4E5E566 
 6784      CE94
 6785 0688 2C349EE7 		.ascii	",4\236\347\016\377\232\371\372\204q\236\011\271\343"
 6785      0EFF9AF9 
 6785      FA84719E 
 6785      09B9E3
 6786 0697 3D92E593 		.ascii	"=\222\345\223\274\031\237\026(\237\347\347~\374\037"
 6786      BC199F16 
 6786      289FE7E7 
 6786      7EFC1F
 6787 06a6 6256A314 		.ascii	"bV\243\024"
 6788              		.text
 6789              		.section	.gnu.lto_uart_lld_serve_rx_end_irq.8b963afdfd85344d,"e",%progbits
 6790 0000 789C9554 		.ascii	"x\234\225ToL[U\024\277\347\335\367\332WZ\330dN\321\371"
 6790      6F4C5B55 
 6790      14BFE7DD 
 6790      F7DA575A 
 6790      D8644ED1 
 6791 0015 A1331232 		.ascii	"\2413\0222\242-N\314\374\010s&K\330\276\270\231}$u0"
 6791      A22D4ECC 
 6791      FC087326 
 6791      4BD8BEB8 
 6791      997D2475 
 6792 002a 41912E2D 		.ascii	"A\221.-\350G.m\015*\033,q\214?K}\014,\340\207\201\313"
 6792      E8472E6D 
 6792      0D2A1B2C 
 6792      718C3F4B 
 6792      7D0C2CE0 
 6793 0041 1614B6B9 		.ascii	"\026\024\266\271\012\352\200\341\200\211\350\220\001"
 6793      0AEA80E1 
 6793      8089E890 
 6793      01
 6794 004e 43ED50E7 		.ascii	"C\355P\347 Q\314\002\312<\367\276\327\2564Dc\303\273"
 6794      2051CC02 
 6794      CA3CF7BE 
 6794      D7AE3444 
 6794      63C3BB
 6795 0061 9C7BEF39 		.ascii	"\234{\3579\277\363;\377\256J\200\\2\021r\206\020\362"
 6795      BFF33BFF 
 6795      AE4A805C 
 6795      32117286 
 6795      10F2
 6796 0073 267E6021 		.ascii	"&~`! 1\306r\314\225\252$\321w;k7\313,I\376sl1Sf6\012"
 6796      2031C672 
ARM GAS  /tmp/ccQ4TWpz.s 			page 176


 6796      CC95AA24 
 6796      D1773B6B 
 6796      37CB2C49 
 6797 008f B271274B 		.ascii	"\262q'K\012Jv\2743\353\377m\212dj:\033y\022O\324\310"
 6797      0A4A76BC 
 6797      33EBFF6D 
 6797      8A646A3A 
 6797      1B79124F 
 6798 00a5 70E3263C 		.ascii	"p\343&<1\201jh\233\015\011T\000!0\025H\205De\305dV\241"
 6798      31816A68 
 6798      9B0D0954 
 6798      00213015 
 6798      48854465 
 6799 00bd 42AAA8A5 		.ascii	"B\252\250\245\365\024\372\252\"=\322\266vT`\341\372"
 6799      F514FAAA 
 6799      223DD2B6 
 6799      765460E1 
 6799      FA
 6800 00ce C9D4201B 		.ascii	"\311\324 \033eT\243\2044\342\247\377\240\027\266\241"
 6800      6554A384 
 6800      34E2A7FF 
 6800      A017B6A1 
 6801 00de E2B42F78 		.ascii	"\342\264/x\327V\203w\0002n\217\017\235\033L\342[\011"
 6801      D7568377 
 6801      00326E8F 
 6801      0F9D1B4C 
 6801      E25B09
 6802 00f1 ECB81D8E 		.ascii	"\354\270\035\216L,\310\364\005 (_\231\031Y\261f\204"
 6802      4C2CC8F4 
 6802      0520285F 
 6802      991959B1 
 6802      6684
 6803 0103 18F3B1F0 		.ascii	"\030\363\261\360T\033eOh\224\302E\240\010\011\027`\013"
 6803      541B654F 
 6803      6894C245 
 6803      A0080917 
 6803      600B
 6804 0115 9C872D04 		.ascii	"\234\207-\004>\205\014<\316[\312\021\"Z\3255E\322h\201"
 6804      3E850C3C 
 6804      CE5BCA11 
 6804      225AD535 
 6804      45D26881 
 6805 0129 0008AD36 		.ascii	"\000\010\2556\367@\024 \255\211\205e\215\312p)\001!"
 6805      F7401420 
 6805      AD898565 
 6805      8DCA7029 
 6805      0121
 6806 013b CC11E43C 		.ascii	"\314\021\344<_\256\020\0117\234;\263Z\227l\2229y\370"
 6806      5FAE1009 
 6806      379C3BB3 
 6806      5A976C92 
 6806      3979F8
 6807 014e 0C30C362 		.ascii	"\0140\303b\005\014\242\353\232\022f\253\367\252Xx\374"
 6807      050CA2EB 
 6807      9A1266AB 
 6807      F7AA5878 
 6807      FC
ARM GAS  /tmp/ccQ4TWpz.s 			page 177


 6808 015f 91E5EEA4 		.ascii	"\221\345\356\244\024 \032U$\\L\024\027\263\214\213\252"
 6808      14201A55 
 6808      245C4C14 
 6808      17B38C8B 
 6808      AA
 6809 0170 E062B100 		.ascii	"\340b\261\000G\263\002gEH5%\263Kc\213\004X\230\220#"
 6809      47B30267 
 6809      45483525 
 6809      B34B638B 
 6809      04589890 
 6810 0185 54D2377E 		.ascii	"T\3227~\334D\200\265\334\012Q\341\340\027\360\237\250"
 6810      DC4480B5 
 6810      DC0A51E1 
 6810      E017F09F 
 6810      A8
 6811 0196 FA59C841 		.ascii	"\372Y\310A\012AjA*\037.\325\234\024\371Q\300\006}\310"
 6811      0A416A41 
 6811      2A1F2ED5 
 6811      9C14F951 
 6811      C0067DC8 
 6812 01aa F72708CC 		.ascii	"\367'\010\314\367g\033:\250py\341\267q\320\025\010\364"
 6812      F7671B3A 
 6812      A87079E1 
 6812      B771D015 
 6812      08F4
 6813 01bc A302FF1D 		.ascii	"\243\002\377\035\241\364\356\037u\3511\017\277\206\024"
 6813      A1F4EE1F 
 6813      75E9310F 
 6813      BF8614
 6814 01cb E121023E 		.ascii	"\341!\002>;\027\320.\030\\\035W\350\253\"Q\201\206\271"
 6814      3B17D02E 
 6814      185C1D57 
 6814      E8AB2251 
 6814      8186B9
 6815 01de DD469E46 		.ascii	"\335F\236F\336\317\256\366\327\037e\315\222F\223\340"
 6815      DECFAEF6 
 6815      D71F65CD 
 6815      924693E0 
 6816 01ee 739E2BB8 		.ascii	"s\236+\270\237\253/x\256\222\362zwr\253\0174\355@z\253"
 6816      9FAB2F78 
 6816      AE92F27A 
 6816      7772AB0F 
 6816      34ED407A 
 6817 0203 B0E2153F 		.ascii	"\260\342\025?\307\330;91#\262\306H\324\377KH\347\005"
 6817      C7D83B39 
 6817      3123B2C6 
 6817      48D4FF4B 
 6817      48E705
 6818 0216 BF3910B4 		.ascii	"\2779\020\264mm\006\2155\3305j\345@=7N\254(\001\360"
 6818      6D6D068D 
 6818      35D8356A 
 6818      E5403D37 
 6818      4EAC2801 
 6819 022b 553630D6 		.ascii	"U60\326\214T5j\203\313\260UO\372\000\004\200\307\360"
 6819      8C54356A 
 6819      83CBB055 
 6819      4FFA0004 
ARM GAS  /tmp/ccQ4TWpz.s 			page 178


 6819      80C7F0
 6820 023e 437BEDF2 		.ascii	"C{\355\362\334\254\024\253N\200\267\332lu\257E\341\300"
 6820      DCAC14AB 
 6820      4E80B7DA 
 6820      6C75AF45 
 6820      E1C0
 6821 0250 A2424815 		.ascii	"\242BH\025\335\014\2128\331\\{\355\352\\\332\232b\002"
 6821      DD0C8A38 
 6821      D95C7BED 
 6821      EA5CDA9A 
 6821      6202
 6822 0262 0CF162C6 		.ascii	"\014\361b\306\235qe\375\020\256\340z\033\002v!\360\374"
 6822      9D7165FD 
 6822      10AEE07A 
 6822      1B027621 
 6822      F0FC
 6823 0274 740CDFB3 		.ascii	"t\014\337\263pR\252F\223\033\261=9.\014s6\011\224\005"
 6823      7052AA46 
 6823      931BB13D 
 6823      392E0C73 
 6823      36099405 
 6824 0288 89359CBF 		.ascii	"\2115\234\277B-\215\246\210B\310\361\265\326\263/\010"
 6824      422D8DA6 
 6824      8842C8F1 
 6824      B5D6B32F 
 6824      08
 6825 0299 8BBAB4B6 		.ascii	"\213\272\264\266E+\357\2730\370\230^T\036b\215\177a"
 6825      452BEFBB 
 6825      30F8985E 
 6825      541E628D 
 6825      7F61
 6826 02ab 5AE545A5 		.ascii	"Z\345E\245\302[x\362\243\353)!h\255\344\343\252\321"
 6826      C25B78F2 
 6826      A3EB2921 
 6826      68ADE4E3 
 6826      AAD1
 6827 02bd 0D416A85 		.ascii	"\015Aj\205\253\274\324xW\251\315|b\312\352d\372\325"
 6827      ABBCD478 
 6827      57A9CD7C 
 6827      62CAEA64 
 6827      FAD5
 6828 02cf 46188110 		.ascii	"F\030\201\0204\210\241\203Q\310\342\3552\023m\2275\310"
 6828      3488A183 
 6828      51C8E2ED 
 6828      32136D97 
 6828      35C8
 6829 02e1 1BB15DC6 		.ascii	"\033\261]\306b\355\242,.w<\027k\227\2566%F\313\242\333"
 6829      62EDA22C 
 6829      2E773C17 
 6829      6B97AE36 
 6829      2546CBA2 
 6830 02f6 D2FF45C3 		.ascii	"\322\377E\303\014\327\004\015>2\3605\322\210C\222\343"
 6830      0CD7040D 
 6830      3E32F035 
 6830      D2884392 
 6830      E3
 6831 0307 5998D78B 		.ascii	"Y\230\327\213\357\001t\007\343\006p\347\307\355#\311"
ARM GAS  /tmp/ccQ4TWpz.s 			page 179


 6831      EF017407 
 6831      E30670E7 
 6831      C7ED23C9 
 6832 0317 087C4C5C 		.ascii	"\010|L\\\245\3027\002X\342\300\023z|\363\317\257\003"
 6832      A5C23702 
 6832      58E2C013 
 6832      7A7CF3CF 
 6832      AF03
 6833 0329 BC09C3FB 		.ascii	"\274\011\303\3736\026\236i\276\245;\203\207\007\030"
 6833      36169E69 
 6833      BEA53B83 
 6833      870718
 6834 0338 DEE3466C 		.ascii	"\336\343Fl}QF\312\177\304\026<z2B\221B\240\222_=\010"
 6834      7D5146CA 
 6834      7FC4163C 
 6834      7A324291 
 6834      42A0925F 
 6835 034e DF090A3C 		.ascii	"\337\011\012<\307p\035)\334\206\267DY\011R\300\317\212"
 6835      C7701D29 
 6835      DC86B744 
 6835      590952C0 
 6835      CF8A
 6836 0360 801ADD2C 		.ascii	"\200\032\335,\374\232\343\322*\031\203w<\362\366\322"
 6836      FC9AE3D2 
 6836      2A198377 
 6836      3CF2F6D2 
 6837 0370 86CC0EF1 		.ascii	"\206\314\016\361RF\376\246\247\374\274Wd\322\022}(a"
 6837      5246FEA6 
 6837      A7FCBC57 
 6837      64D2127D 
 6837      2861
 6838 0382 123271F6 		.ascii	"\0222q\366\021V\026\250\011\275\370P#\367\014\337\363"
 6838      115616A8 
 6838      09BDF850 
 6838      23F70CDF 
 6838      F3
 6839 0393 4644671A 		.ascii	"FDg\032}XxRoF\333\314\204m\326|K\257`\302+z\265+\265"
 6839      7D587852 
 6839      6F46DBCC 
 6839      846DD67C 
 6839      4BAF60C2 
 6840 03ac CDCF76C7 		.ascii	"\315\317v\307\336Q\371\376\220N\351\357\350b.\367\267"
 6840      DE51F9FE 
 6840      904EE9EF 
 6840      E8622EF7 
 6840      B7
 6841 03bd F2E3E963 		.ascii	"\362\343\351cVc\264\357\014=z\312\317\006\230\274\336"
 6841      5663B4EF 
 6841      0C3D7ACA 
 6841      CF0698BC 
 6841      DE
 6842 03ce EB3B658C 		.ascii	"\353;e\214\366\015\275\241\343\375\376~6\364\236\225"
 6842      F60DBDA1 
 6842      E3FDFE7E 
 6842      36F49E95 
 6843 03de 9E0651E0 		.ascii	"\236\006Q\340\241\356\316~\233\0018\321\225\026\005"
 6843      A1EECE7E 
ARM GAS  /tmp/ccQ4TWpz.s 			page 180


 6843      9B0138D1 
 6843      951605
 6844 03ed 94613A81 		.ascii	"\224a:\201\306\014\007\312\373+7\321h\024\342\015H\202"
 6844      C60C07CA 
 6844      FB2B37D1 
 6844      6814E20D 
 6844      4882
 6845 03ff 0132988D 		.ascii	"\0012\230\215\216\224\301@\310\275\"\347\344\016\022"
 6845      8E94C140 
 6845      C8BD22E7 
 6845      E40E12
 6846 040e 5B6803FD 		.ascii	"[h\003\375)'\3745\006=[\2760\337\356t8\234\370w\260"
 6846      2927FC35 
 6846      063D5BBE 
 6846      30DFEE74 
 6846      389CF877 
 6847 0423 A8F8E562 		.ascii	"\250\370\345b\2677\277\314S^\372\232\323\355u\026\271"
 6847      B737BFCC 
 6847      535EFA9A 
 6847      D3ED7516 
 6847      B9
 6848 0434 4A9C87DD 		.ascii	"J\234\207\335\2362\257s\337\376\275\317lw\356\331\263"
 6848      9E32AF73 
 6848      DFFEBDCF 
 6848      6C77EED9 
 6848      B3
 6849 0445 CBF9D2BE 		.ascii	"\313\371\322\276\334\027\367\277\3614\277\313/wy\312"
 6849      DC17F7BF 
 6849      F134BFCB 
 6849      2F7779CA 
 6850 0455 F24B4A0A 		.ascii	"\362KJ\012\034\007\211\302\345\303ikO\035\317\356\330"
 6850      1C0789C2 
 6850      E5C3696B 
 6850      4F1DCFEE 
 6850      D8
 6851 0466 9EB5A320 		.ascii	"\236\265\243 ;\213(\207J\\\257xM\236B\227\327]\352\370"
 6851      3B8B2887 
 6851      4A5CAF78 
 6851      4D9E4297 
 6851      D75DEAF8 
 6852 047a 17776E2F 		.ascii	"\027wn/.\236\262\247J\213u\331QDl\273\366\346\332\017"
 6852      2E9EB2A7 
 6852      4A8B75D9 
 6852      51446CBB 
 6852      F6E6DA0F 
 6853 048e B98A4BCA 		.ascii	"\271\212K\312=\205D~\335]P\370\017\263M{v"
 6853      3D85447E 
 6853      DD5D50F8 
 6853      0FB34D7B 
 6853      76
 6854              		.text
 6855              		.section	.gnu.lto_uart_lld_stop.part.0.8b963afdfd85344d,"e",%progbits
 6856 0000 789C9D54 		.ascii	"x\234\235TMHTQ\024\276\337\273\367\2153\376\340Vp#\021"
 6856      4D485451 
 6856      14BEDFBB 
 6856      F78D33FE 
 6856      E0567023 
ARM GAS  /tmp/ccQ4TWpz.s 			page 181


 6857 0015 899B7993 		.ascii	"\211\233y\223\026\322\252\037\014\202tQ\332ZL\011%I"
 6857      16D2AA1F 
 6857      0C827451 
 6857      DA5A4C09 
 6857      2549
 6858 0027 F3A7AD57 		.ascii	"\363\247\255W\035P\324lSN\006\323\204&\006\231\"\271"
 6858      1D50D46C 
 6858      534E06D3 
 6858      84260699 
 6858      22B9
 6859 0039 50B39AD4 		.ascii	"P\263\232\324\3747G+!\012\245\250YD4\255\"(\234\316"
 6859      FC37472B 
 6859      210AA5A8 
 6859      594434AD 
 6859      22289CCE 
 6860 004d BD6FCA1C 		.ascii	"\275o\312\034ZX\303\274;\347\236s\356w\276\357\334\363"
 6860      5A58C3BC 
 6860      3BE79E73 
 6860      EE77BEEF 
 6860      DCF3
 6861 005f C6C9C00A 		.ascii	"\306\311\300\012\004c\245\214\261<z\340`0\245\224G\022"
 6861      0463A58C 
 6861      B13C7AE0 
 6861      6030A594 
 6861      4712
 6862 0071 60C2B00D 		.ascii	"`\302\260\015\303\340\375\253\275\016!\023\305\253\301"
 6862      C3E0FDAB 
 6862      BD0E2113 
 6862      C5ABC1
 6863 0080 3787844C 		.ascii	"7\207\204L\346\020:\324\350\024\200\266\244\023\254"
 6863      E6103AD4 
 6863      E81480B6 
 6863      A413AC
 6864 008f C134B840 		.ascii	"\3014\270@\003\256p\037\307dKx\314\310\352\247\240\014"
 6864      03AE701F 
 6864      C7644B78 
 6864      CCC8EAA7 
 6864      A00C
 6865 00a1 FAB672DE 		.ascii	"\372\266r\336\312\220\344\001\316X7=\366'.I\006\215"
 6865      CA90E401 
 6865      CE58373D 
 6865      F6272E49 
 6865      068D
 6866 00b3 343B018A 		.ascii	"4;\001\212\3078\262\324\317\003dQ\336F\223\377[r'\235"
 6866      C738B2D4 
 6866      CF036451 
 6866      DE4693FF 
 6866      5B72279D 
 6867 00c7 07046DAF 		.ascii	"\007\004m\257.\214\314'\252\255\201\014\332.\205\327"
 6867      2E8CCC27 
 6867      AAAD810C 
 6867      DA2E85D7 
 6868 00d7 23821F87 		.ascii	"#\202\037\207B\\\334\\\371\236\224\331'e\223\014N\337"
 6868      425CDC5C 
 6868      F99E94D9 
 6868      2765930C 
 6868      4EDF
ARM GAS  /tmp/ccQ4TWpz.s 			page 182


 6869 00e9 E6726F80 		.ascii	"\346ro\200s<\002\247\262x\210tL \235\34112\311}\262"
 6869      733C02A7 
 6869      B2788874 
 6869      4C209DE1 
 6869      3132C97D 
 6870 00fe EB70FC89 		.ascii	"\353p\374\211\020N\374\316G|>\261\011\"S\363~7\274u"
 6870      104EFCCE 
 6870      477C3EB1 
 6870      092253F3 
 6870      7E37BC75 
 6871 0112 2DC52194 		.ascii	"-\305!\224\030<\241\226\355\364\301\366aR5\223D\014"
 6871      183CA196 
 6871      EDF4C1F6 
 6871      61523593 
 6871      440C
 6872 0124 AD5147B7 		.ascii	"\255QG\267\242-R\336\330w\323H\006\024\216\301\002\\"
 6872      A22D52DE 
 6872      D877D348 
 6872      06148EC1 
 6872      025C
 6873 0136 70B508B5 		.ascii	"p\265\010\265\230jq\250\205\261v\316TG\004\224i\332"
 6873      986A71A8 
 6873      85B176CE 
 6873      54470494 
 6873      69DA
 6874 0148 26671DDC 		.ascii	"&g\035\334\370e\206!{\372#\247t\201\017\360nNMC\331"
 6874      F8658621 
 6874      7BFA23A7 
 6874      74810FF0 
 6874      6E4E4D43 
 6875 015d 7E0EE2D1 		.ascii	"~\016\342\321\331\034\331p\252\346p\335\020\377\235"
 6875      D91CD970 
 6875      AAE670DD 
 6875      10FF9D
 6876 016c A5A8CB8B 		.ascii	"\245\250\313\213\246F'yz\271\335\367\365\3273!\364\241"
 6876      A6462779 
 6876      7AB9DDF7 
 6876      F5D73321 
 6876      F4A1
 6877 017e 17016E62 		.ascii	"\027\001nb\032^`\212t\252\310\230/\330\243\323[\245"
 6877      1A5E608A 
 6877      74AAC898 
 6877      2FD8A3D3 
 6877      5BA5
 6878 0190 BC754E81 		.ascii	"\274uN\201<\245D\0223CY\372\332:8\037k\363g\307h\334"
 6878      3CA54412 
 6878      334359FA 
 6878      DA3A381F 
 6878      6BF367C7 
 6879 01a6 8D5CD434 		.ascii	"\215\\\3244>\301\233\241\215\270\222\216nn\320\351Y"
 6879      3EC19BA1 
 6879      8DB8928E 
 6879      6E6ED0E9 
 6879      59
 6880 01b7 759A425F 		.ascii	"u\232B_\233\207;R\025\271\004\3142\314!=\300\235\032"
 6880      9B873B52 
 6880      15B904CC 
ARM GAS  /tmp/ccQ4TWpz.s 			page 183


 6880      32CC213D 
 6880      C09D1A
 6881 01ca E75E444B 		.ascii	"\347^DK`\03719\341\262\305\030\177\212q\351\343C\227"
 6881      601F3139 
 6881      E1B2C518 
 6881      7F8A71E9 
 6881      E34397
 6882 01dd BBD753EC 		.ascii	"\273\327S\354\255\374\322*\325,\274\367\215\376\210"
 6882      ADFCD22A 
 6882      D52CBCF7 
 6882      8DFE88
 6883 01ec 4949C402 		.ascii	"II\304\002\335\330|L\311\350x`9\3013(\275\024I\302\""
 6883      DDD87C4C 
 6883      C9E87860 
 6883      39C13328 
 6883      BD1449C2 
 6884 0201 E55CD7A3 		.ascii	"\345\\\327\243\207%x\250LsWK\254i\334.5\260:2\340R\330"
 6884      872578A8 
 6884      4C73574B 
 6884      AC69DC2E 
 6884      35B03A32 
 6885 0218 029BD168 		.ascii	"\002\233\321h4\025\313\004Dt6\332t\336\356K=\333.\265"
 6885      3415CB04 
 6885      447436DA 
 6885      74DEEE4B 
 6885      3DDB2EB5 
 6886 022c 020FE12B 		.ascii	"\002\017\341+\201{\342\325\375\003\367\220\006\324o"
 6886      817BE2D5 
 6886      FD03F790 
 6886      06D46F
 6887 023b C56A1C77 		.ascii	"\305j\034w\223\200\376\233\350\3326\356sE\324\374+\321"
 6887      9380FE9B 
 6887      E8DA36EE 
 6887      7345D4FC 
 6887      2BD1
 6888 024d DD0136CA 		.ascii	"\335\0016\312\014\005\371b\033\362%QU7\033\266/V\231"
 6888      0C05F962 
 6888      1BF22551 
 6888      55371BB6 
 6888      2F5699
 6889 0260 F763C3D2 		.ascii	"\367c\303\322n\3109\241-5N\342\327X\177\206a\3773\264"
 6889      6EC839A1 
 6889      2D354EE2 
 6889      D7587F86 
 6889      61FF33B4 
 6890 0274 73D83EB5 		.ascii	"s\330>\265?\346v[\364--\2578[QU[\\WS\177\341\274UUk"
 6890      3FE6765B 
 6890      F42D2DAF 
 6890      385B5155 
 6890      5B5C5753 
 6891 028e 9597545A 		.ascii	"\225\227TZ\325U5u\265VaQAN\266\225\237\237g\235)<z\272"
 6891      D5553575 
 6891      B5566151 
 6891      414EB695 
 6891      9F9F679D 
 6892 02a6 E8D27E15 		.ascii	"\350\322~\025+\256/\251\251+\256\254,s\2272S\331\325"
 6892      2BAE2FA9 
ARM GAS  /tmp/ccQ4TWpz.s 			page 184


 6892      A92BAEAC 
 6892      2C739732 
 6892      53D9D5
 6893 02b9 693BBDEE 		.ascii	"i;\275\356\203\271\331\236\334\262\003\036\366\023\263"
 6893      83B9D99E 
 6893      DCB2031E 
 6893      F613B3
 6894 02c8 637906   		.ascii	"cy\006"
 6895              		.text
 6896              		.section	.gnu.lto_VectorD4.8b963afdfd85344d,"e",%progbits
 6897 0000 789C8D50 		.ascii	"x\234\215P\277KBQ\024>\337;j\257\241\271 \202hs\361"
 6897      BF4B4251 
 6897      143EDF3B 
 6897      6AAFA1B9 
 6897      20826873 
 6898 0015 51FD0315 		.ascii	"Q\375\003\025\216\266d\321(f\203\222d\250\265z\375\021"
 6898      8EB664D1 
 6898      28668392 
 6898      64A8B57A 
 6898      FD11
 6899 0027 06864D21 		.ascii	"\006\206M!\016\361B\221\332\244\245\260_\276\"\232\032"
 6899      0EF14291 
 6899      DAA4A5B0 
 6899      5FBE229A 
 6899      1A
 6900 0038 A2C12568 		.ascii	"\242\301%h\010rIjj\325\356{JA4x\270\027\276s\277\357"
 6900      0872496A 
 6900      6AD5EE7B 
 6900      4A413478 
 6900      B817BE73 
 6901 004e 9CF39DAB 		.ascii	"\234\363\235\253\022\350\024Dn\"\032\223\027LP\204\020"
 6901      12E81444 
 6901      6E221A93 
 6901      174C5084 
 6901      10
 6902 005f 33034955 		.ascii	"3\003IU\001,$TPBA\002{\\`\334f\2335\305y$\031a\024\032"
 6902      012C2454 
 6902      50424102 
 6902      7B5C60DC 
 6902      669B35C5 
 6903 0079 C349B13D 		.ascii	"\303I\261=\2423QQ\336n\340\034N\"\251|=i\357\0179l="
 6903      A2335151 
 6903      DE6EE01C 
 6903      4E22A97C 
 6903      3D69EF0F 
 6904 0090 0A1770C8 		.ascii	"\012\027p\310aD\325'\273!\332\235\2540\356*\370Z\266"
 6904      6144D527 
 6904      BB21DA9D 
 6904      AC30EE2A 
 6904      F85AB6
 6905 00a3 11E598CC 		.ascii	"\021\345\230\314v6\010\203h\227\225n\222\224I\023\242"
 6905      76360883 
 6905      6897956E 
 6905      92944913 
 6905      A2
 6906 00b4 745665AB 		.ascii	"tVe\253V\342\211>@\351\034?\260\336+m!3n\001\351\352"
 6906      56E2893E 
ARM GAS  /tmp/ccQ4TWpz.s 			page 185


 6906      40E91C3F 
 6906      B0DE2B6D 
 6906      21336E01 
 6907 00ca E0F8A133 		.ascii	"\340\370\2413\230A*\251\352\214\"KG\270D\006&\225O\177"
 6907      98412AA9 
 6907      EA8C224B 
 6907      47B84406 
 6907      26954F7F 
 6908 00de BEA879D6 		.ascii	"\276\250y\326Y\301_\245R6\227\220\217\215\347\373GT"
 6908      59C15FA5 
 6908      52369790 
 6908      8F8DE7FB 
 6908      4754
 6909 00f0 5086CE8C 		.ascii	"P\206\316\214kY\210+\214ZL\255`\224,\371\216\020\343"
 6909      6B59882B 
 6909      8C5A4CAD 
 6909      60942CF9 
 6909      8E10E3
 6910 0103 668FBAD4 		.ascii	"f\217\272\324u\2676\244Ng\233\345\351M\353{\233\026"
 6910      75B736A4 
 6910      4E679BE5 
 6910      E94DEB7B 
 6910      9B16
 6911 0115 D2FFDAB6 		.ascii	"\322\377\332\266\027Y\221\266oL\333:;\350\003\251\303"
 6911      175991B6 
 6911      6F4CDB3A 
 6911      3BE803A9 
 6911      C3
 6912 0126 F76A7796 		.ascii	"\367jw\226\0319\306\357\177\022\315\271\\\232<\201`"
 6912      1939C6EF 
 6912      7F12CDB9 
 6912      5C9A3C81 
 6912      60
 6913 0137 68251489 		.ascii	"h%\024\211\371\342\321\315\3655-\022\323\202\376\260"
 6913      F9E2D1CD 
 6913      F5352D12 
 6913      D382FEB0 
 6914 0147 B61189C6 		.ascii	"\266\021\211\306c\232wq~zJ\363x\334\332\222wvaqk\322"
 6914      639A7771 
 6914      7E7A4AF3 
 6914      78DCDA92 
 6914      77766171 
 6915 015d E47C9BFE 		.ascii	"\344|\233\376h\334\027\016\257\272\002\364\015$\221"
 6915      68DC170E 
 6915      AFBA02F4 
 6915      0D2491
 6916 016c 9E06     		.ascii	"\236\006"
 6917              		.text
 6918              		.section	.gnu.lto_VectorD8.8b963afdfd85344d,"e",%progbits
 6919 0000 789C8D50 		.ascii	"x\234\215P\277KBQ\024>\337;j\257\241=\212@\332\\|\364"
 6919      BF4B4251 
 6919      143EDF3B 
 6919      6AAFA13D 
 6919      8A40DA5C 
 6920 0016 E30FA870 		.ascii	"\343\017\250p\264\245li\021\253AI2\324Z\275\376\010"
 6920      B4A56C69 
 6920      11AB4149 
ARM GAS  /tmp/ccQ4TWpz.s 			page 186


 6920      32D45ABD 
 6920      FE08
 6921 0028 03A3A610 		.ascii	"\003\243\246\020\241x\241Hm\021D\240\366\343\025\321"
 6921      A178A148 
 6921      6D1144A0 
 6921      F6E315D1 
 6922 0038 D4100D2D 		.ascii	"\324\020\015-AC\201KQ4\265i\367=\245 \032<\334\013\337"
 6922      4143814B 
 6922      5134B569 
 6922      F73DA520 
 6922      1A3CDC0B 
 6923 004d B9DF77CE 		.ascii	"\271\337w\316\371\316U\011t\002\"\017\021\015\310\013"
 6923      F9CE5509 
 6923      7402220F 
 6923      110DC80B 
 6924 005d 26284288 		.ascii	"&(B\210\261\256\244\252\000\026\022*(\241 \201-\316"
 6924      B1AEA4AA 
 6924      0016122A 
 6924      28A12081 
 6924      2DCE
 6925 006f 33AEB2F5 		.ascii	"3\256\262\365\212\342\332\227\2140\362;}I\261\326\253"
 6925      8AE2DA97 
 6925      8C30F23B 
 6925      7D49B1D6 
 6925      AB
 6926 0080 335141DE 		.ascii	"3QA\336V\240\012\027\221T>\0375\266{\034\2666\205\032"
 6926      56A00A17 
 6926      91543E1F 
 6926      35B67B1C 
 6926      B636851A 
 6927 0094 1C7218D1 		.ascii	"\034r\030\321\341\275\335\020\215fV\030\327e\324fmD"
 6927      E1BDDD10 
 6927      8D665618 
 6927      D765D466 
 6927      6D44
 6928 00a6 3926B39D 		.ascii	"9&\263\235\015\302 \332`\245\225$eR\207(\276\034\263"
 6928      0DC220DA 
 6928      60A59524 
 6928      65528728 
 6928      BE1CB3
 6929 00b9 552BF160 		.ascii	"U+\361`\007\240X\305\017|m\227\276!\343\264\200t\265"
 6929      07A058C5 
 6929      0F7C6D97 
 6929      BE21E3B4 
 6929      8074B5
 6930 00cc 7B70DBEC 		.ascii	"{p\333\354\316 \225TuF\201\245#\234\"\003\223\332L\177"
 6930      CE209554 
 6930      754681A5 
 6930      239C2203 
 6930      93DA4C7F 
 6931 00e0 3CA99BAC 		.ascii	"<\251\233\254\263\202\277J\245d.!\037\037\036o\356P"
 6931      B382BF4A 
 6931      A5642E21 
 6931      1F1F1E6F 
 6931      EE50
 6932 00f2 46093A33 		.ascii	"F\011:3\316e!\316\320o1\225\274Q\264\344\353B8\315\036"
 6932      CE6521CE 
ARM GAS  /tmp/ccQ4TWpz.s 			page 187


 6932      D06F3195 
 6932      BC51B4E4 
 6932      EB4238CD 
 6933 0107 1752D7DA 		.ascii	"\027R\327\332\332\220:\235m\226\247\317\321\216\267"
 6933      DA903A9D 
 6933      6D96A7CF 
 6933      D18EB7
 6934 0116 7943FA5F 		.ascii	"yC\372_\333\366\002+\322\366\245i[g\007\275#\265\367"
 6934      DBF6022B 
 6934      D2F6A569 
 6934      5B6707BD 
 6934      23B5F7
 6935 0129 75DC9A65 		.ascii	"u\334\232eF\216\361\373\237D\023n\267&\317|04\027\212"
 6935      468EF1FB 
 6935      9F44136E 
 6935      B726CF7C 
 6935      3034178A 
 6936 013d C4FCF1E8 		.ascii	"\304\374\361\350\312\322\242\026\211i\301@X[\216D\343"
 6936      CAD2A216 
 6936      8969C140 
 6936      585B8E44 
 6936      E3
 6937 014e 316DDA37 		.ascii	"1m\332792\254y\275\036mfz|\312\267:dr\376\225@4\356"
 6937      3932AC79 
 6937      BD1E6D66 
 6937      7A7CCAB7 
 6937      3A6472FE 
 6938 0166 0F8717DC 		.ascii	"\017\207\027\334\363\364\015\374/\236\034"
 6938      F3F40DFC 
 6938      2F9E1C
 6939              		.text
 6940              		.section	.gnu.lto_Vector15C.8b963afdfd85344d,"e",%progbits
 6941 0000 789C8D50 		.ascii	"x\234\215P=HBQ\024>\337;/{\015\355A\024\322\346\342"
 6941      3D484251 
 6941      143EDF3B 
 6941      2F7B0DED 
 6941      4114D2E6 
 6942 0015 A39A830A 		.ascii	"\243\232\203\012G[\322\326\304lP\222\014\177Z\273\226"
 6942      475BD2D6 
 6942      C46C5092 
 6942      0C7F5ABB 
 6942      96
 6943 0026 6150D814 		.ascii	"aP\330\024\342\020/\024\251-\"\010\324\254WDSCD\264"
 6943      E2102F14 
 6943      A92D2208 
 6943      D4AC5744 
 6943      534344B4 
 6944 003a 04410DB6 		.ascii	"\004A\015\266D\015\355\325}\357EA4x\270\027\276s\277"
 6944      440DEDD5 
 6944      7DEF4541 
 6944      3478B817 
 6944      BE73BF
 6945 004d EF9CF39D 		.ascii	"\357\234\363\235\253\021\350\010D>\"\352\223\027LP\204"
 6945      AB11E808 
 6945      443E22EA 
 6945      93174C50 
 6945      84
ARM GAS  /tmp/ccQ4TWpz.s 			page 188


 6946 005e 10A39D59 		.ascii	"\020\243\235YM\001l$4\320\222\202%lr\221q\236o\325\024"
 6946      4D016C24 
 6946      34D09282 
 6946      256C7291 
 6946      719E6FD5 
 6947 0073 CFAE6484 		.ascii	"\317\256d\204Y\274\355\317\212\325\036\203\211J\362"
 6947      59BCEDCF 
 6947      8AD51E83 
 6947      894AF2
 6948 0082 3A813A3C 		.ascii	":\201:<DR\371t\360\261\325\355R\277)4\340\222\303\210"
 6948      4452F974 
 6948      F0B1D5ED 
 6948      52BF2934 
 6948      E092C388 
 6949 0096 F66F3A4C 		.ascii	"\366o:L\361\361\231\027\346E\025\357\323*\321:\223\325"
 6949      F1F19917 
 6949      E64515EF 
 6949      D32AD13A 
 6949      93D5
 6950 00a8 4E853089 		.ascii	"N\2050\2116Xq\222\254LZ\020\345\303&\333\265\022\017"
 6950      36587192 
 6950      AC4C5A10 
 6950      E5C326DB 
 6950      B5120F
 6951 00bb B401CA75 		.ascii	"\264\001\312u\374\300\306w\351\013rn\033HW\333{W\237"
 6951      FCC0C677 
 6951      E90B726E 
 6951      1B4857DB 
 6951      7B579F
 6952 00ce 5D392C67 		.ascii	"]9,g5\203Qb\351\010\307\310\301\242\012+o\017Z\201\015"
 6952      35835162 
 6952      E908C7C8 
 6952      C1A20A2B 
 6952      6F0F5A81 
 6953 00e3 56F057A9 		.ascii	"V\360W\251T\254%\344\343\335\375\3455\252\250\300`\306"
 6953      54AC25E4 
 6953      E3DDFDE5 
 6953      35AAA8C0 
 6953      60C6
 6954 00f5 892C4413 		.ascii	"\211,D\023\2756S+\232e[\276&\204\333\352q*u\316\326"
 6954      BD36532B 
 6954      9A655BBE 
 6954      2684DBEA 
 6954      712A75CE 
 6955 010a A6D419AC 		.ascii	"\246\324\031\254\332\236\036G\332\336\346\005+\377\332"
 6955      DA9E1E47 
 6955      DADEE605 
 6955      2BFFDA
 6956 0119 EE28B122 		.ascii	"\356(\261\"m\237Y\266\015v\321+\226w\236\233\316,+\326"
 6956      6D9F59B6 
 6956      0D76D12B 
 6956      96779E9B 
 6956      CE2C2BD6 
 6957 012d 19BFFF49 		.ascii	"\031\277\377I4\356\365\352\362D\242\261\231X\"\025J"
 6957      34EEF5EA 
 6957      F244A2B1 
 6957      99582215 
ARM GAS  /tmp/ccQ4TWpz.s 			page 189


 6957      4A
 6958 013e 2733F373 		.ascii	"'3\363sz\"\245G\303q}!\221L\247\364@pbxH\367\373}\372"
 6958      7A22A547 
 6958      C3717D21 
 6958      914CA7F4 
 6958      40706278 
 6959 0157 54606C32 		.ascii	"T`l2\2708hq\241L8\231\016\305\343\263\336\010}\001\\"
 6959      B8386871 
 6959      A14C3899 
 6959      0EC5E3B3 
 6959      DE087D01 
 6960 016c D69E38   		.ascii	"\326\2368"
 6961              		.text
 6962              		.section	.gnu.lto_uart_lld_init.8b963afdfd85344d,"e",%progbits
 6963 0000 789C9D96 		.ascii	"x\234\235\226\337K\024A\034\300\347\273s\356m\017=\004"
 6963      DF4B1441 
 6963      1CC0E7BB 
 6963      73EE6D0F 
 6963      3D04
 6964 0012 BD4520BD 		.ascii	"\275E \275\031\341z\365\017T\370h/i\317bF(I\027z\366"
 6964      19E17AF5 
 6964      0F54F868 
 6964      2F69CF62 
 6964      46284917 
 6965 0028 EA9C1D28 		.ascii	"\352\234\035((\006A\330=\304\211G(\004Y\004\205fy\231"
 6965      280641D8 
 6965      3DC48947 
 6965      28045904 
 6965      85667999 
 6966 003c E7599D79 		.ascii	"\347Y\235y\251]\331\225\351Ug\251y\376\250\254$mfn\273"
 6966      A95DD995 
 6966      E95567A9 
 6966      79FEA8AC 
 6966      246D666E 
 6967 0051 5D74995B 		.ascii	"]t\231[v\331\205\331\375~g>\337\371\356\207e\025\004"
 6967      76D985D9 
 6967      FD7E673E 
 6967      DFF9EE87 
 6967      651504
 6968 0064 28A12054 		.ascii	"(\241 T\214\020\332O/\300\010$B\310Q\247W\221\000\370"
 6968      8C10DA4F 
 6968      2FC00824 
 6968      42C851A7 
 6968      579100F8 
 6969 0078 8828801A 		.ascii	"\210(\200\032$h\200\313\270\035\303`S\252W*\350\242"
 6969      246880CB 
 6969      B81DC360 
 6969      53AA572A 
 6969      E8A2
 6970 008a 11126ABF 		.ascii	"\021\022j\277w`\226\304\010\016`\204\374\364\312\034"
 6970      776096C4 
 6970      080E6084 
 6970      FCF4CA1C 
 6971 009a D0070508 		.ascii	"\320\007\005\010\321\324\344\235\315\253\273e\207\026"
 6971      D1D4E49D 
 6971      CDABBB65 
 6971      8716
ARM GAS  /tmp/ccQ4TWpz.s 			page 190


 6972 00a8 82072053 		.ascii	"\202\007 S\032B=\343y!\262\271\325DB\223A\230J){\021"
 6972      1A423DE3 
 6972      7921B2B9 
 6972      D5444293 
 6972      41984A29 
 6973 00be 6AC1882D 		.ascii	"j\301\210-\350\000\022B\250\025K\231\033/\275I\001\351"
 6973      E8001242 
 6973      A8154B99 
 6973      1B2FBD49 
 6973      01E9
 6974 00d0 DC1872F1 		.ascii	"\334\030r\361\311\213\340\313\347\003\272\366\365\356"
 6974      C98BE0CB 
 6974      E703BAF6 
 6974      F5EE
 6975 00de E8D62E1F 		.ascii	"\350\326.\0374z\225\000\006?\246\353B?\370\200\205\332"
 6975      347A9500 
 6975      063FA6EB 
 6975      423FF880 
 6975      85DA
 6976 00f0 2EA5A795 		.ascii	".\245\247\2256Z\224\004\3333\245 +\205>\214'\206cp\003"
 6976      365A9404 
 6976      DB33A520 
 6976      2B853E8C 
 6976      27866370 
 6977 0105 8210C018 		.ascii	"\202\020\300\030\036\321\211\360\020\366\361Ho{\250"
 6977      1ED189F0 
 6977      10F6F148 
 6977      6F7BA8
 6978 0114 93A73713 		.ascii	"\223\2477\023\222\317\326\030\240y\231\332C4/\200\035"
 6978      92CFD618 
 6978      A07999DA 
 6978      43342F80 
 6978      1D
 6979 0125 BCA6BF43 		.ascii	"\274\246\277C\231\207\363\320\270:r\220\015-\241\036"
 6979      9987F3D0 
 6979      B83A7290 
 6979      0D2DA11E 
 6980 0135 1B517D57 		.ascii	"\033Q}W\232o\313E\267\330f;\316\006p\036\014\322\274"
 6980      9A6FCB45 
 6980      B7D8663B 
 6980      CE06701E 
 6980      0CD2BC
 6981 0148 6B99663D 		.ascii	"k\231f=\201\"\232\341_\014\307\234l+y@:|\264%Ct*\303"
 6981      81229AE1 
 6981      5F0CC79C 
 6981      6C2B7940 
 6981      3A7CB425 
 6982 0160 07C32E1D 		.ascii	"\007\303.\035\177\3102>,\300\3130\314\361\354\025A\204"
 6982      7FC8323E 
 6982      2CC0CB30 
 6982      CCF1EC15 
 6982      4184
 6983 0172 E393ABFD 		.ascii	"\343\223\253\375~\231\341e\220aDCw\331C?\025\242\237"
 6983      7E99E165 
 6983      90614443 
 6983      77D9433F 
 6983      15A29F
ARM GAS  /tmp/ccQ4TWpz.s 			page 191


 6984 0185 71B4C4D0 		.ascii	"q\264\304\320\317\241(\313\272idY\357rT\300r\302(g\261"
 6984      CFA128CB 
 6984      BA696459 
 6984      EF7254C0 
 6984      72C22867 
 6985 019a 79F0826F 		.ascii	"y\360\202o3+\214\023\020\214i\350\036{\350\230\020\375"
 6985      332B8C13 
 6985      108C69E8 
 6985      1E7BE898 
 6985      10FD
 6986 01ac 92A31D0C 		.ascii	"\222\243\035\014=N\267\371\2375\020\266$\370\204&\370"
 6986      3D4EB7F9 
 6986      9F3510B6 
 6986      24F88426 
 6986      F8
 6987 01bd B62A6067 		.ascii	"\266*`g\025\223B\243_e\215\216\033\214\236\015\3476"
 6987      159342A3 
 6987      5F658D8E 
 6987      1B8C9E0D 
 6987      E736
 6988 01cf DA04F55A 		.ascii	"\332\004\365Zh\364\033\335\350)\336\353\211\300\330"
 6988      68F41BDD 
 6988      E829DEEB 
 6988      89C0D8
 6989 01de 0C684637 		.ascii	"\014hF7{\251\321o\265\036\314Y\320\312\004\237\020j"
 6989      7BA9D16F 
 6989      B51ECC59 
 6989      D0CA049F 
 6989      106A
 6990 01f0 F54E37FA 		.ascii	"\365N7\372\275A\253\005{\254i!\353\203\256\360\214\201"
 6990      BD41AB05 
 6990      7BAC6921 
 6990      EB83AEF0 
 6990      8C81
 6991 0202 95B6E091 		.ascii	"\225\266\340\221\011kV\350QRW\370\243\301\2435{\254"
 6991      096B56E8 
 6991      515257F8 
 6991      A3C1A335 
 6991      7BAC
 6992 0214 4F42D667 		.ascii	"OB\326g\335\331\224\201\225\216Xrv\316\334Yig\025_\204"
 6992      DDD99481 
 6992      958E5872 
 6992      76CEDC59 
 6992      6967155F 
 6993 0229 CE7ECD3A 		.ascii	"\316~\315:;opv%\222\333Y\023\324\202\320\331E\335\331"
 6993      3B6F7076 
 6993      2592DB59 
 6993      13D482D0 
 6993      D945DDD9 
 6994 023d 6FDCD9FB 		.ascii	"o\334\331\373\313cq\2549\333\315\276\302KZ\017\326#"
 6994      CB6371AC 
 6994      39DBCDBE 
 6994      C24B5A0F 
 6994      D623
 6995 024f B93D32C1 		.ascii	"\271=2\301\247\205\036-\353\316\256\030<\332\260\307"
 6995      A7851E2D 
 6995      EBCEAE18 
ARM GAS  /tmp/ccQ4TWpz.s 			page 192


 6995      3CDAB0C7 
 6996 025f 5A15B2D6 		.ascii	"Z\025\262\326tg\277\033X[\221\334\036\231\260~\010="
 6996      7467BF1B 
 6996      585B91DC 
 6996      1E99B07E 
 6996      083D
 6997 0271 FAA93BBB 		.ascii	"\372\251;\273n\360(\030\265\305\372%d\375\326\235\375"
 6997      6EF02818 
 6997      B5C5FA25 
 6997      64FDD69D 
 6997      FD
 6998 0282 A3B196A0 		.ascii	"\243\261\226\240\261\343\356\350\036\316bG\013\006\375"
 6998      B1E3EEE8 
 6998      1ECE6247 
 6998      0B06FD
 6999 0291 9703A1E3 		.ascii	"\227\003\241\343\205\205*=+\253\252OW\273\353\312=\265"
 6999      85852A3D 
 6999      2BABAA4F 
 6999      57BBEBCA 
 6999      3DB5
 7000 02a3 F5E7CFA9 		.ascii	"\365\347\317\251\356:\265\252\242F\275\340\256\365\324"
 7000      EE3AB5AA 
 7000      A246BDE0 
 7000      AEF5D4
 7001 02b2 A9A56527 		.ascii	"\251\245e'\216\034VKJ\212\325S\245\307N\226]t\261Xy"
 7001      8E1C564B 
 7001      4A8AD553 
 7001      A5C74E96 
 7001      5D74B158 
 7002 02c7 7D45ADA7 		.ascii	"}E\255\247\274\246\346La%\372\007b5\367("
 7002      BCA6E64C 
 7002      6125FA07 
 7002      6235F728 
 7003              		.text
 7004              		.section	.gnu.lto_uart_lld_start.8b963afdfd85344d,"e",%progbits
 7005 0000 789CA559 		.ascii	"x\234\245YiT\024W\026\256[\325{7\002\032\"J\"\250cT"
 7005      69541457 
 7005      16AE5BD5 
 7005      7B37021A 
 7005      224A22A8 
 7006 0016 7ED088B8 		.ascii	"~\320\210\270$F\235\2313\376\232\314\311\3112\277\346"
 7006      24469D99 
 7006      33FE9ACC 
 7006      C9C932BF 
 7006      E6
 7007 0027 87273167 		.ascii	"\207'1gN2\343\031\0235\3637\305\026\020\267h\214H2\010"
 7007      4E32E319 
 7007      1335F337 
 7007      C51610B7 
 7007      688C4832 
 7008 003c 4A189230 		.ascii	"J\030\2220nQ\303j h\\\201F\203\304\215F\\ A\004\205"
 7008      6E51C36A 
 7008      20685C81 
 7008      4683C48D 
 7008      465C2041 
 7009 0052 B88232EF 		.ascii	"\270\2022\357\276\367\354\352\356\252j\252\221\003\367"
 7009      BEF7ECEA 
ARM GAS  /tmp/ccQ4TWpz.s 			page 193


 7009      EEAA6AAA 
 7009      9103F7
 7010 0061 54F5ABFA 		.ascii	"T\365\253\372\276{\277\367\336\375\252\013\233\000\202"
 7010      BE7BBFF7 
 7010      DEFDAA0B 
 7010      9B0082
 7011 0070 7B92202C 		.ascii	"{\222 ,\023\004a?\371\203\010\001DY\226\177oM\263\211"
 7011      1304613F 
 7011      F9830801 
 7011      4459967F 
 7011      6F4DB389 
 7012 0084 A2D453DC 		.ascii	"\242\324S\334\021c\222\035\256-\227\266'\232d\227$\232"
 7012      1163921D 
 7012      AE2D97B6 
 7012      279A6497 
 7012      249A
 7013 0096 3A7B3F75 		.ascii	":{?u\222O\314\237o\352I%\237\230\300\314\2576\213\026"
 7013      924FCC9F 
 7013      6FEA4925 
 7013      9F98C0CC 
 7013      AF368B16 
 7014 00aa 3E66E563 		.ascii	">f\345c\026\260\3621\253h\343cv>f\003;\037\263\213\016"
 7014      16B0F231 
 7014      AB68E363 
 7014      763E6603 
 7014      3B1FB38B 
 7015 00bf CEE2E42C 		.ascii	"\316\342\344,\016p\3621'\270\370\221\013\200\036\311"
 7015      0E70F231 
 7015      27B8F891 
 7015      0B801EC9 
 7016 00cf 36103E12 		.ascii	"6\020>\022%\223\331b\265\331\035N\027|\004\033\245<"
 7016      2593D962 
 7016      B5D91D4E 
 7016      177C041B 
 7016      A53C
 7017 00e1 09EAB33B 		.ascii	"\011\352\263;+\305\231\245\344\032\271.\357\341\013"
 7017      2BC599A5 
 7017      E41AB92E 
 7017      EFE10B
 7018 00f0 1D72B32C 		.ascii	"\035r\263,\025J\202\220O\376\330\017T\301Lr\2417\275"
 7018      154A8290 
 7018      4FFED80F 
 7018      54C14C72 
 7018      A137BD
 7019 0103 E0BE6B03 		.ascii	"\340\276k\003\031\0030\221\323-'\017\234p\340\251\010"
 7019      19033091 
 7019      D32D270F 
 7019      9C70E0A9 
 7019      08
 7020 0114 09E4B4A1 		.ascii	"\011\344\264\241\263\265\317$-\001\201\034\237j\367"
 7020      B3B5CF24 
 7020      2D01811C 
 7020      9F6AF7
 7021 0123 0C3AA797 		.ascii	"\014:\247\227\310r\272\\\327\360\245$\377\256P\222\340"
 7021      C872BA5C 
 7021      D7F0A524 
 7021      FFAE5092 
ARM GAS  /tmp/ccQ4TWpz.s 			page 194


 7021      E0
 7022 0134 10480412 		.ascii	"\020H\004\022j \016\252!N\020\310g\177\336\267X\200"
 7022      6A200EAA 
 7022      214E10C8 
 7022      677FDEB7 
 7022      5880
 7023 0146 EF61BA80 		.ascii	"\357a\272\2007]\331\367\370\263\010\213\211\363B-X\210"
 7023      375DD9F7 
 7023      F8B3088B 
 7023      89F3422D 
 7023      5888
 7024 0158 C082B0E7 		.ascii	"\300\202\260\347\214\271N~<\234-\327\035)\201\266\001"
 7024      8CB94E7E 
 7024      3C9C2DD7 
 7024      1D2981B6 
 7024      01
 7025 0169 DBDF80DC 		.ascii	"\333\337\200\334i\022I0\2330XH\260XI\260\3320\33018"
 7025      69124930 
 7025      9B305848 
 7025      B05849B0 
 7025      DA30D831 
 7026 017e 30B83044 		.ascii	"0\2700Db\210\302\020\215a,\206qx[\014\206\361x\032\213"
 7026      6288C210 
 7026      8D612C86 
 7026      71785B0C 
 7026      86F1781A 
 7027 0193 61028689 		.ascii	"a\002\206\211\030\342\0003\212\307\303\004\014\2231"
 7027      18E20033 
 7027      8AC7C304 
 7027      0C9331
 7028 01a2 4CC13015 		.ascii	"L\3010\025o\231\206a:\236\316\3000\023C\"\0067\206d"
 7028      6F998661 
 7028      3A9ECEC0 
 7028      30134322 
 7028      06378664 
 7029 01b6 0CB330A4 		.ascii	"\014\2630\244`\230M\202-\025\023\234\203\247s1\314\303"
 7029      60984D82 
 7029      2D15139C 
 7029      83A77331 
 7029      CCC3
 7030 01c8 301FC38B 		.ascii	"0\037\303\213$\330_\"\301\261\000A_&\301\271\020\007"
 7030      24D85F22 
 7030      C1B10041 
 7030      5F26C1B9 
 7030      1007
 7031 01da 16E1E962 		.ascii	"\026\341\351b<]\202\247\257b\020\204\265\2220L~$\220"
 7031      3C5D82A7 
 7031      AF621084 
 7031      B592304C 
 7031      7E2490
 7032 01ed EB04619D 		.ascii	"\353\004a\235$\262\2234r\322\011\362\316\341\306YT\262"
 7032      24B29334 
 7032      72D209F2 
 7032      CEE1C659 
 7032      54B2
 7033 01ff 6E48AF39 		.ascii	"nH\2579\361\034\036\026H@T\335\220\321\347\265\341,"
 7033      F11C1E16 
ARM GAS  /tmp/ccQ4TWpz.s 			page 195


 7033      484054DD 
 7033      90D1E7B5 
 7033      E12C
 7034 0211 497466EA 		.ascii	"Itf\352.\354=?\246\004\212\323\310l'\024J\256\002)\016"
 7034      2EEC3D3F 
 7034      A6048AD3 
 7034      C86C2714 
 7034      4AAE0229 
 7035 0226 EA7036C8 		.ascii	"\352p6\310XZa{\205%y\267\314\206\"\340\007(\201ml2\352"
 7035      585A617B 
 7035      852579B7 
 7035      CC8622E0 
 7035      0728816D 
 7036 023d 2159B80E 		.ascii	"!Y\270\016\231\355\207S\025\344\357\326\334\374\332"
 7036      99ED8753 
 7036      15E4EFD6 
 7036      DCFCDA
 7037 024c 8EC81100 		.ascii	"\216\310\021\000p\0301\004\314K\272\264=w7\370\362*"
 7037      70183104 
 7037      CC4BBAB4 
 7037      3D7737F8 
 7037      F22A
 7038 025e 6D7A8DE6 		.ascii	"mz\215\346E\357>\002\354\3668r{\301W\015\303\366LHO"
 7038      45EF3E02 
 7038      ECF63872 
 7038      7BC1570D 
 7038      C3F64C48 
 7039 0273 B391DC8A 		.ascii	"\263\221\334\212\221\206|\330z\361h3a-\006\222\032\034"
 7039      91867CD8 
 7039      7AF16833 
 7039      612D0692 
 7039      1A1C
 7040 0285 814CF025 		.ascii	"\201L\360%W\231W\267\223^\236#\313E\177\307r~$\027\222"
 7040      579957B7 
 7040      935E9E23 
 7040      CB457FC7 
 7040      727E2417 
 7041 029a D48E92AB 		.ascii	"\324\216\222\2538\265\351\334\365\262I>\346\262\246"
 7041      38B5E9DC 
 7041      F5B2493E 
 7041      E6B2A6
 7042 02a9 0F28730F 		.ascii	"\017(s\017d\027Uqb1\210xL\276\204\030\307\020\203\014"
 7042      64175571 
 7042      62318878 
 7042      4CBE8418 
 7042      C710830C 
 7043 02bd 55B55DBE 		.ascii	"U\265]\276\351\304\222\"!\002\216\003\246ywos\006\377"
 7043      E9C49222 
 7043      21028E03 
 7043      A679776F 
 7043      7306FF
 7044 02d0 C8052720 		.ascii	"\310\005'  \363\034*TT>\331\001t\265\236$0\206*;\245"
 7044      20F31C2A 
 7044      54543ED9 
 7044      0174B59E 
 7044      2430862A 
 7045 02e6 5B5969D3 		.ascii	"[Yi\323&\000\254\256\201U\327H\256,\224\242qZ\275\271"
ARM GAS  /tmp/ccQ4TWpz.s 			page 196


 7045      2600ACAE 
 7045      8155D748 
 7045      AE2C94A2 
 7045      715ABDB9 
 7046 02fa BB2A3F7E 		.ascii	"\273*?~\026\231\014q4\371sTm\316\331\313\247\266h%Y"
 7046      16990C71 
 7046      34F97354 
 7046      6DCED9CB 
 7046      A7B66825 
 7047 030f 5CE0A173 		.ascii	"\\\340\241s\213\302A3$\023a\250d\325\\2r<Eu\260\363"
 7047      8BC24133 
 7047      241361A8 
 7047      64D55C32 
 7047      723C4575 
 7048 0325 5013A804 		.ascii	"P\023\250\0045i\013z\232\013Z,\237\332fa\352E\302\031"
 7048      35690B7A 
 7048      9A0B5A2C 
 7048      9FDA6661 
 7048      EA45C219 
 7049 0339 B2F3F514 		.ascii	"\262\363\365\024\224\230\202?\031U\260ed\005\3172\005"
 7049      9498823F 
 7049      1955B065 
 7049      6405CF32 
 7049      05
 7050 034a 5BFD157C 		.ascii	"[\375\025|\024\216\202?\207T\360\034UPD\005\317\243"
 7050      148E823F 
 7050      8754F01C 
 7050      55504405 
 7050      CFA3
 7051 035c 8226AA51 		.ascii	"\202&\252Q_H\005\357p\005\273\241\276\306\316\004\264"
 7051      5F4805EF 
 7051      7005BBA1 
 7051      BEC6CE04 
 7051      B4
 7052 036d FAEFD1B1 		.ascii	"\372\357\321\261T\264=\353\363[#\330\251|+GF\211\257"
 7052      54B43DEB 
 7052      F35B23D8 
 7052      A97C2B47 
 7052      4689AF
 7053 0380 E5550C81 		.ascii	"\345U\014\201\262m\307\301E\242\345\005\236ZEUa\243"
 7053      B26DC7C1 
 7053      45A2E505 
 7053      9E5A4555 
 7053      61A3
 7054 0392 95A48675 		.ascii	"\225\244\206u>\003\227h^X\017\264\221]\333\015\031\233"
 7054      3E039768 
 7054      5E580FB4 
 7054      915DDB0D 
 7054      199B
 7055 03a4 B3F964D9 		.ascii	"\263\371d\331\030\335\216\263\315\351\200\370V\210\002"
 7055      18DD8EB3 
 7055      CDE980F8 
 7055      568802
 7056 03b3 2F0121E9 		.ascii	"/\001!\351xs\201\353\022\006U\273Bu\031%\260i\224\355"
 7056      787381EB 
 7056      120655BB 
 7056      42751925 
ARM GAS  /tmp/ccQ4TWpz.s 			page 197


 7056      B06994ED 
 7057 03c7 57AA3D3C 		.ascii	"W\252=<\364\016\212nB\364+A\2058\010\330Se~U\301\276"
 7057      F40E8A6E 
 7057      42F42B41 
 7057      853808D8 
 7057      53657E55 
 7058 03dd 86993B34 		.ascii	"\206\231;4\023v\031\006M\303\261g\340\272\002\333IR"
 7058      13761906 
 7058      4DC3B167 
 7058      E0BA02DB 
 7058      4952
 7059 03ef C629EF07 		.ascii	"\306)\357\007\337\354\017\372\032RV\002=\010Z\2051\371"
 7059      DFEC0FFA 
 7059      1A525602 
 7059      3D085A85 
 7059      31F9
 7060 0401 782B74F1 		.ascii	"x+t\361\275\343\275\275y+\357<\323\340\027\266w\012"
 7060      BDE3BDBD 
 7060      792BEF3C 
 7060      D3E017B6 
 7060      770A
 7061 0413 A56729D4 		.ascii	"\245g)\324#\337B\"\335~>\3136\322\320\242\376U\275\250"
 7061      23DF4222 
 7061      DD7E3ECB 
 7061      36D2D0A2 
 7061      FE55BDA8 
 7062 0427 9390A29B 		.ascii	"\223\220\242\233\246n\306\324o\004\251\035\305\260\263"
 7062      A66EC6D4 
 7062      6F04A91D 
 7062      C5B0B3
 7063 0436 36E41C93 		.ascii	"6\344\034\223\330\262\301G\005\001z\350\004\244+\023"
 7063      D8B2C147 
 7063      05017AE8 
 7063      04A42B13 
 7064 0446 3032FB4D 		.ascii	"02\373M\035\366^\205\275\017\347#\212y\207\347\003U"
 7064      1DF65E85 
 7064      BD0FE723 
 7064      8A7987E7 
 7064      0355
 7065 0458 95D18678 		.ascii	"\225\321\206xn\351\360\334\246<\026\344\351\017\252"
 7065      6EE9F0DC 
 7065      A63C16E4 
 7065      E90FAA
 7066 0467 722CC11E 		.ascii	"r,\301\036MI\003:T\277)Tw\260\244\261\324\242\314\201"
 7066      4D49033A 
 7066      54BF2954 
 7066      77B0A4B1 
 7066      D4A2CC81 
 7067 047b EE58EB31 		.ascii	"\356X\3531\346\216\240\346\275\033\332\035\357\261\356"
 7067      E68EA0E6 
 7067      BD1BDA1D 
 7067      EFB1EE
 7068 048a 775F7147 		.ascii	"w_qGK\200;^\365\250\335q\234v3\177\300\027dA[_7\260"
 7068      4B803B5E 
 7068      F5A8DD71 
 7068      9C76337F 
 7068      C0176441 
ARM GAS  /tmp/ccQ4TWpz.s 			page 198


 7069 04a2 05698687 		.ascii	"\005i\206\207!\2329\267\303A\315f\256Q\312\220n)\265"
 7069      219A39B7 
 7069      C341CD66 
 7069      AE51CA90 
 7069      6E29B5
 7070 04b5 1EDECC1F 		.ascii	"\036\336\314\037\261r\036\3737\363\365\265z\315\\\203"
 7070      B1721EFB 
 7070      37F3F5B5 
 7070      7ACD5C83 
 7071 04c5 63386433 		.ascii	"c8d3\227E\237\035\246\211d\262\306Q\215\006<!\233\271"
 7071      97459F1D 
 7071      A68964B2 
 7071      C6518D06 
 7071      3C219BB9 
 7072 04d9 476D8731 		.ascii	"Gm\2071\332\012\246\213L\301+\3755\371\334\016-\220"
 7072      DA0AA68B 
 7072      4CC12BFD 
 7072      35F9DC0E 
 7072      2D90
 7073 04eb 218E6887 		.ascii	"!\216h\207\231\242A\005\263\304\021\025\374X\244\012"
 7073      99A24105 
 7073      B3C41115 
 7073      FC58A40A 
 7074 04fb 668B7E0A 		.ascii	"f\213~\012\266\205\243`\216\030J\3015\242\317\016sQ"
 7074      B685A360 
 7074      8E184AC1 
 7074      35A2CF0E 
 7074      7351
 7075 050d C118B683 		.ascii	"\301\030\266\203[B)\270\253Ee\207\343\303\353\343k)"
 7075      5B4229B8 
 7075      AB456587 
 7075      E3C3EBE3 
 7075      6B29
 7076 051f AB1559D7 		.ascii	"\253\025Y\327\211\201\3739\226\201m,?[\341x\322\265"
 7076      8981FB39 
 7076      96816D2C 
 7076      3F5BE178 
 7076      D2B5
 7077 0531 6CB05E1C 		.ascii	"l\260^\034\275ilP\3106b\211\261\241\355nBx\350\237P"
 7077      BD696C50 
 7077      C8366289 
 7077      B1A1ED6E 
 7077      4278E89F 
 7078 0546 741BA26F 		.ascii	"t\033\242o\012*e\"\001{\252\3147+\330\237b\346\0235"
 7078      0A2A6522 
 7078      017BAACC 
 7078      372BD89F 
 7078      62E61335 
 7079 055a 135E12AE 		.ascii	"\023^\022\256\335mQ`?\023Uv\267\277\305\220\335m\345"
 7079      DD6D5160 
 7079      3F135576 
 7079      B7BFC590 
 7079      DD6DE5
 7080 056d 7BA37A7B 		.ascii	"{\243z{Y\255\211\355\215\027 O\014\260\273\203-j\273"
 7080      59AD89ED 
 7080      8D17204F 
 7080      0CB0BB83 
ARM GAS  /tmp/ccQ4TWpz.s 			page 199


 7080      2D6ABB
 7081 0580 8B37B468 		.ascii	"\2137\264h\267\251\027-\355\316\371\242\317p>\017R;"
 7081      B7A9172D 
 7081      EDCEF9A2 
 7081      CF703E0F 
 7081      523B
 7082 0592 81608F68 		.ascii	"\201`\217h\004\032T_\350P\375G\241*@\361\023X\347oQ"
 7082      041A545F 
 7082      E850FD47 
 7082      A12A40F1 
 7082      1358E76F 
 7083 05a7 7BDB6443 		.ascii	"{\333dC<\333ux\012E\237\341\024\005\2254\205`\217\246"
 7083      3CDB7578 
 7083      0A459FE1 
 7083      14059534 
 7083      85608FA6 
 7084 05bb A41D3A54 		.ascii	"\244\035:T;\025\252b,i\0125\030k\240\267\365\265\031"
 7084      3B15AA62 
 7084      2C690A35 
 7084      186BA0B7 
 7084      F5B519
 7085 05ce F33651CD 		.ascii	"\3636Q\315\373\245n;\243\336V\302Z\331\177E\237\267"
 7085      FBA56E3B 
 7085      A3DE56C2 
 7085      5AD97F45 
 7085      9FB7
 7086 05e0 D902BC6D 		.ascii	"\331\002\274m\240M\355mS\265;s)_}\371y\005\247ygv\300"
 7086      A04DED6D 
 7086      53B53B73 
 7086      295F7DF9 
 7086      7905A779 
 7087 05f7 57213A33 		.ascii	"W!:3\367\266\2575;\263F)\337\350\226\322\327\306;s\031"
 7087      F7B6AF35 
 7087      3BB34629 
 7087      DFE896D2 
 7087      D7C63B73 
 7088 060c 2BE77FFE 		.ascii	"+\347\177\376\235\271\361\236^g\326\340\330\025\262"
 7088      9DB9F19E 
 7088      5E67D6E0 
 7088      D815B2
 7089 061b 33EF56BC 		.ascii	"3\357V\274m\017N\326T\252Q\2617Tg.\361\252\275m\232"
 7089      6D0F4ED6 
 7089      54AA51B1 
 7089      3754672E 
 7089      F1AABD6D 
 7090 0630 B6827B51 		.ascii	"\266\202{QA#\337\355\366\031\225\354\333\221%\333\317"
 7090      4123DFED 
 7090      F61995EC 
 7090      DB9125DB 
 7090      CF
 7091 0641 243BE02F 		.ascii	"$;\340/Y\301\2030$;\030R\262\357\0243+G\311\246QQ\312"
 7091      59C18330 
 7091      243B1852 
 7091      B2EF1433 
 7091      2B47C9A6 
 7092 0658 434A76C8 		.ascii	"CJv\310\2532\263\351\341u\351\012\321\367u\2522h\003"
 7092      AB32B3E9 
ARM GAS  /tmp/ccQ4TWpz.s 			page 200


 7092      E175E90A 
 7092      D1F775AA 
 7092      326803
 7093 066b CF6060BE 		.ascii	"\317``\276WnVH\200\252\2470\204j\205\252\006\013\234"
 7093      576E5648 
 7093      80AAA730 
 7093      846A85AA 
 7093      060B9C
 7094 067e 11DACA66 		.ascii	"\021\332\312f\206\207~H\364}\015\372>\250\220D\002\366"
 7094      86877E48 
 7094      F47D0DFA 
 7094      3EA89044 
 7094      02F6
 7095 0690 5499D72A 		.ascii	"T\231\327*\330u\230y\242f\302\257\206ke?(\260\365j+"
 7095      D8759879 
 7095      A266C2AF 
 7095      866B653F 
 7095      28B0F56A 
 7096 06a5 BBEA3564 		.ascii	"\273\3525de\207y3\271\233\261o]$k&\307\0048\022\350"
 7096      65877933 
 7096      B99BB16F 
 7096      5D246B26 
 7096      C7043812 
 7097 06ba 65D7BD6A 		.ascii	"e\327\275j/s\033Z\263?\352t\343\243\212\301\034\013"
 7097      2F731B5A 
 7097      B33FEA74 
 7097      E3A38AC1 
 7097      1C0B
 7098 06cc 923B9961 		.ascii	"\222;\231a\227T\354\250\024}_\335\232\0058.\206\366"
 7098      9754ECA8 
 7098      147D5FDD 
 7098      9A05382E 
 7098      86F6
 7099 06de 020DF613 		.ascii	"\002\015\366\023:\354'\025\366S8!L\274>\257\332\336"
 7099      3AEC2715 
 7099      F6533821 
 7099      4CBC3EAF 
 7099      DADE
 7100 06f0 6619E269 		.ascii	"f\031\342i\320\341iT<\247)\250\312\024\202=\232\222"
 7100      D0E16954 
 7100      3CA729A8 
 7100      CA14823D 
 7100      9A92
 7101 0702 3C3A54CD 		.ascii	"<:T\315\012\325i,)\205z\214=\320\336nt\276\246T\030"
 7101      0AD5692C 
 7101      29857A8C 
 7101      3DD0DE6E 
 7101      74BEA654 
 7102 0717 CF12999D 		.ascii	"\317\022\231\235\027\316\033V\033\234\241Dv$\372\211"
 7102      17CE1B56 
 7102      1B9CA144 
 7102      7624FA89 
 7103 0727 D644A0DC 		.ascii	"\326D\240\334\014*\325\377\275\220M\353\335\355x\302"
 7103      0C2AD5FF 
 7103      BD904DEB 
 7103      DDED78C2 
 7104 0737 072D2243 		.ascii	"\007-\"C\336]^\352\211 \310\237\320\241X8K\221\035\210"
ARM GAS  /tmp/ccQ4TWpz.s 			page 201


 7104      DE5D5EEA 
 7104      8920C89F 
 7104      D0A15838 
 7104      4B911D88 
 7105 074b DCCAD4DA 		.ascii	"\334\312\324\332j\025\012$\016\274#k\250\203>kY@\236"
 7105      6A150A24 
 7105      0EBC236B 
 7105      A8833E6B 
 7105      59409E
 7106 075e 013F138C 		.ascii	"\001?\023\214\000\223F\365\312\016\236\376\306\314/"
 7106      009346F5 
 7106      CA0E9EFE 
 7106      C6CC2F
 7107 076d 498073E2 		.ascii	"I\200s\342\223\327\273\216\265\203y\013\024\217\357"
 7107      93D7BB8E 
 7107      B583790B 
 7107      148FEF
 7108 077c 544FF31C 		.ascii	"TO\363\034C\"P\241\317+k\347B\320\234\316e@Y\007\326"
 7108      432250A1 
 7108      CF2B6BE7 
 7108      42D09CCE 
 7108      65405907 
 7109 0791 C82EBE72 		.ascii	"\310.\276r\311\272\275\030<\311\006\211.)Dm8\243s\331"
 7109      C9BABD18 
 7109      3CC90689 
 7109      2E29446D 
 7109      38A373D9 
 7110 07a5 738246F6 		.ascii	"s\202F\366\363\214\203z\225e\322\036\224\375|\0024\352"
 7110      F38C837A 
 7110      9565D21E 
 7110      94FD7C02 
 7110      34EA
 7111 07b7 642F2BB8 		.ascii	"d/+\270\035\230\354|*\2743p\371\015\372-?\336\364^\014"
 7111      1D98EC7C 
 7111      2ABC3370 
 7111      F90DFA2D 
 7111      3FDEF45E 
 7112 07cc 6BF5D9E1 		.ascii	"k\365\331\341"
 7113 07d0 0AE57122 		.ascii	"\012\345q\"\317U\266\372\266\344\362\374_\362_}v\255"
 7113      CF55B6FA 
 7113      B6E4F2FC 
 7113      5FF25F7D 
 7113      76AD
 7114 07e2 D53781F0 		.ascii	"\3257\201\360\3015\276\372\012\326\177\321)\371\277"
 7114      C135BEFA 
 7114      0AD67FD1 
 7114      29F9BF
 7115 07f1 07A3C82E 		.ascii	"\007\243\310.\366\266\344\344\205\376\336\010\334\207"
 7115      F6B6E4E4 
 7115      85FEDE08 
 7115      DC87
 7116 07ff EC460774 		.ascii	"\354F\007t\0222\001\272\260Y\372e\277 \254\354\315\360"
 7116      123201BA 
 7116      B059FA65 
 7116      BF20ACEC 
 7116      CDF0
 7117 0811 8BF258F3 		.ascii	"\213\362X\363+\337;\034\351e\377\344\315Z\311\223/T"
ARM GAS  /tmp/ccQ4TWpz.s 			page 202


 7117      2BDF3B1C 
 7117      E965FFE4 
 7117      CD5AC993 
 7117      2F54
 7118 0823 0BA05B73 		.ascii	"\013\240[s\353\304\301\015\012\034\201\300=\014x\350"
 7118      EBC4C10D 
 7118      0A1C81C0 
 7118      3D0C78E8 
 7119 0833 C9B42E24 		.ascii	"\311\264.$\312\004:\227\217'N\213\3479\222\014\334\324"
 7119      CA043A97 
 7119      8F274E8B 
 7119      E739920C 
 7119      DCD4
 7120 0845 11A997F2 		.ascii	"\021\251\227\362\214\241\357\274p\232\0272\327\221|"
 7120      8CA1EFBC 
 7120      709A1732 
 7120      D7917C
 7121 0854 AE33AC9E 		.ascii	"\2563\254\236\342Ea\212tKy\220\271\035(\322bMU\026\351"
 7121      E245618A 
 7121      744B7990 
 7121      B91D28D2 
 7121      624D5516 
 7122 0869 AAD2AFA8 		.ascii	"\252\322\257\2502@\221\352u\3275\251z\261n\325\277)"
 7122      324091EA 
 7122      75D735A9 
 7122      7AB16ED5 
 7122      BF29
 7123 087b 55DFD1AC 		.ascii	"U\337\321\254\272\270\353I\325\365\375\307\0235\030"
 7123      BAB8EB49 
 7123      D5F5FDC7 
 7123      133518
 7124 088a 8AFE2104 		.ascii	"\212\376!\004U\035\310\361<\334\245\034\221\310qOL\366"
 7124      551DC8F1 
 7124      3CDCA51C 
 7124      91C8714F 
 7124      4CF6
 7125 089c 9FA5E7C9 		.ascii	"\237\245\347\311\243\352}\332\313\326I\370\377Q\331"
 7125      A3EA7DDA 
 7125      CBD649F8 
 7125      FF51D9
 7126 08ab E4DB507B 		.ascii	"\344\333P{\272|\377@\323\341};\2307P\355I\360\200\362"
 7126      BA7CFF40 
 7126      D3E17D3B 
 7126      983750ED 
 7126      49F080F2 
 7127 08bf 4621EFC3 		.ascii	"F!\357\303@\336I\204w\220\360\322\357\305OK\024\017"
 7127      40DE4984 
 7127      7790F0D2 
 7127      EFC54F4B 
 7127      140F
 7128 08d1 4394281A 		.ascii	"C\224(\032\211\036\005\022\305\023\242\307\234\250\234"
 7128      891E0512 
 7128      C513A2C7 
 7128      9CA89C
 7129 08e0 13F540A6 		.ascii	"\023\365@\246\346SKB>vD\030\306\215H\330\012\245\311"
 7129      E6534B42 
 7129      3E764418 
ARM GAS  /tmp/ccQ4TWpz.s 			page 203


 7129      C68D48D8 
 7129      0AA5C9
 7130 08f3 422FA417 		.ascii	"B/\244\027UwE\323\253\361g\255\004L%\374\237\243 \374"
 7130      557745D3 
 7130      ABF167AD 
 7130      044C25FC 
 7130      9FA320FC 
 7131 0907 3129C94D 		.ascii	"1)\311M~\227\275\373\336\333\357\255X\265t\365\312\017"
 7131      7E97BDFB 
 7131      DEDBEFAD 
 7131      58B574F5 
 7131      CA0F
 7132 0919 FFF54FF7 		.ascii	"\377\365O\367\212U\356w\337Z\356~\177\305\312\325\253"
 7132      8A55EE77 
 7132      DF5AEE7E 
 7132      7FC5CAD5 
 7132      AB
 7133 092a DC6FBCF9 		.ascii	"\334o\274\371\227\331)\356W^\371\223\373\257o\374\341"
 7133      97D929EE 
 7133      575EF993 
 7133      FBAF6FFC 
 7133      E1
 7134 093b F537FF3D 		.ascii	"\3657\377=\013\307\226~\370\326\312\325K\227/\177'i"
 7134      0BC7967E 
 7134      F8D6CAD5 
 7134      4B972F7F 
 7134      2769
 7135 094d 9960C6E3 		.ascii	"\231`\306\343\367c\003?M\2323/%y\336;\251\311\302\377"
 7135      F763033F 
 7135      4D9A332F 
 7135      2579DE3B 
 7135      A9C9C2FF 
 7136 0961 01ADB5B6 		.ascii	"\001\255\265\266\271"
 7136      B9
 7137              		.text
 7138              		.section	.gnu.lto_uart_lld_stop.8b963afdfd85344d,"e",%progbits
 7139 0000 789CA556 		.ascii	"x\234\245VolSU\024\277\347\335\367^_\333\215*\032\263"
 7139      6F6C5355 
 7139      14BFE7DD 
 7139      F75E5FDB 
 7139      8D2A1AB3 
 7140 0014 6433598C 		.ascii	"d3Y\214J\360\303Z\030\206\370\311?\321O\342\007\005"
 7140      4AF0C35A 
 7140      1886F8C9 
 7140      3FD14FE2 
 7140      0705
 7141 0026 3F2F3842 		.ascii	"?/8B\000\027\207\333\340+\267\245f\304)$\304m6q<\334"
 7141      001787DB 
 7141      E02BB7A5 
 7141      66C42924 
 7141      C46D3671 
 7142 003c 68664200 		.ascii	"hfB\000\0275\031\024\241\216\011\014\206\033\023'\203"
 7142      17351914 
 7142      A18E090C 
 7142      861B1327 
 7142      83
 7143 004d B1321C1D 		.ascii	"\2612\034\035\216\226\001~pA\\=\347\276G\037vc\256\256"
ARM GAS  /tmp/ccQ4TWpz.s 			page 204


 7143      8E96017E 
 7143      70415C3D 
 7143      E7BE471F 
 7143      7663AEAE 
 7144 0061 694FCEBD 		.ascii	"iO\316\275\347\336\337\371\235s~{{\006\003\266\333\315"
 7144      E7DEDFF9 
 7144      9D737E7B 
 7144      7B0603B6 
 7144      DBCD
 7145 0073 5825636C 		.ascii	"X%cl+\376\300\315@\021B\274\342\012\032\212\302\307"
 7145      2BFEC0CD 
 7145      401142BC 
 7145      E20A1A8A 
 7145      C2C7
 7146 0085 EAEF15A8 		.ascii	"\352\357\025\250\302c|1\365Q\271*\012\270\242\266\237"
 7146      C2637C31 
 7146      F551B92A 
 7146      0AB8A2B6 
 7146      9F
 7147 0096 6FD37147 		.ascii	"o\323qG\033:8\374\022\356\250`\330\2475E\267c.;\246"
 7147      1B3A38FC 
 7147      12EEA860 
 7147      D8A73545 
 7147      B7632E3B 
 7148 00ab 67632EDB 		.ascii	"gc.\333\003\003@:\302\000\266M\341\252\246\273\014\330"
 7148      0303403A 
 7148      C200B64D 
 7148      E1AAA6BB 
 7148      0CD8
 7149 00bd 06BB7833 		.ascii	"\006\273x3\207\256\372\344aei;\306E\274y\272|T\364\013"
 7149      87AEFAE4 
 7149      6165693B 
 7149      C645BC79 
 7149      BA7C54F4 
 7150 00d2 6E72C622 		.ascii	"nr\306\"\370\263>p\004\226\342\301\221P\313T\301N\214"
 7150      F8B33E70 
 7150      0496E2C1 
 7150      9150CB54 
 7150      C14E8C
 7151 00e5 01A8B8FC 		.ascii	"\001\250\270\374\354\314\267=\036Z*P\212\313\336\344"
 7151      ECCCB73D 
 7151      1E5A2A50 
 7151      8ACBDEE4 
 7152 00f5 E0A4CADF 		.ascii	"\340\244\312\337\000\206\376\331D\337_\336%Q!B\"\336"
 7152      0086FED9 
 7152      44DF5FDE 
 7152      25512142 
 7152      22DE
 7153 0107 BD8F8B67 		.ascii	"\275\217\213gM\316\341{\340\010\011G\241\030bP\314\340"
 7153      4DCEE17B 
 7153      E0080947 
 7153      A1186250 
 7153      CCE0
 7154 0119 182CC1ED 		.ascii	"\030,\301\3557\233^\226.\243{\327:\246\033\013u\225"
 7154      379B5E96 
 7154      2EA37BD7 
 7154      3AA61B0B 
ARM GAS  /tmp/ccQ4TWpz.s 			page 205


 7154      7595
 7155 012b 52C371D0 		.ascii	"R\303q\320\231e\001)\034\032\320\342b:S/\342\367\367"
 7155      99650129 
 7155      1C1AD0E2 
 7155      623A532F 
 7155      E2F7F7
 7156 013e 41C73DE3 		.ascii	"A\307=\343i`&W\0254\032'\243\242\32152:\031\027\031"
 7156      69602657 
 7156      15341A27 
 7156      A3A2D135 
 7156      323A1917 
 7157 0153 838C9B8C 		.ascii	"\203\214\233\214\207\214\227\214\017(Y\021\271%d\030"
 7157      878C978C 
 7157      0F285911 
 7157      B9256418 
 7158 0163 6BE08C4A 		.ascii	"k\340\214JWA\304\031\373\204+\326\"\210\213$\210\326"
 7158      5741C419 
 7158      FB842BD6 
 7158      22888B24 
 7158      88D6
 7159 0175 F6D432C9 		.ascii	"\366\3242\311a\002BG{J\310m\341\200Lwn\237\0341\250"
 7159      61024247 
 7159      7B4AC86D 
 7159      E1804C77 
 7159      6E9F1C31 
 7160 018a 782E0B8E 		.ascii	"x.\013\216_\372zhQ\024\332\202x\271\324\344\256\026"
 7160      5FFA7A68 
 7160      5114DA82 
 7160      78B9D4E4 
 7160      AE16
 7161 019c EE833816 		.ascii	"\356\2038\026I\261\240\231\350\324\003\007\205\0252"
 7161      49B1A099 
 7161      E8D40307 
 7161      851532
 7162 01ab E00788C2 		.ascii	"\340\007\210\302\347\262\267\320\005\001v\035\302\211"
 7162      E7B2B7D0 
 7162      0501761D 
 7162      C289
 7163 01b9 132B1CE4 		.ascii	"\023+\034\344hCk\254\220\220\015P\340\004a0\342\305"
 7163      68436BAC 
 7163      90900D50 
 7163      E0046130 
 7163      E2C5
 7164 01cb BF3CD63F 		.ascii	"\277<\326?\316\262\274\366\247\336\226\274R\020.\225"
 7164      CEB2BCF6 
 7164      A7DE96BC 
 7164      52102E95 
 7165 01db 0EDE6CF9 		.ascii	"\016\336l\371\2527\343\016C(h\230\334\035Ab\014\272"
 7165      AA37E30E 
 7165      43286898 
 7165      DC1D4162 
 7165      0CBA
 7166 01ed 210C0CC9 		.ascii	"!\014\014\311\230\334#\257\035HA\266\034\267\225S\311"
 7166      98DC23AF 
 7166      1D4841B6 
 7166      1CB79553 
 7166      C9
ARM GAS  /tmp/ccQ4TWpz.s 			page 206


 7167 01fe A1BF3749 		.ascii	"\241\2777I\255}T\005{\237\302f\303\217\262\004\232\013"
 7167      AD7D5405 
 7167      7B9FC266 
 7167      C38FB204 
 7167      9A0B
 7168 0210 9CC4121E 		.ascii	"\234\304\022\036E\302\033\341\012\0369e\221PL^ It\314"
 7168      45C21BE1 
 7168      0A1E3965 
 7168      91504C5E 
 7168      204974CC 
 7169 0224 24C1FF07 		.ascii	"$\301\377\007\211\323\222\204B$z\376\233\304\031\213"
 7169      89D39284 
 7169      42247AFE 
 7169      9BC4198B 
 7170 0234 047F40E2 		.ascii	"\004\177@\342;\207\304\335\323/\220\233Ka\323\034\014"
 7170      3B87C4DD 
 7170      D32F909B 
 7170      4B61D31C 
 7170      0C
 7171 0245 4A89C059 		.ascii	"J\211\300Y\247\013\275\020xX\024\03208\207\267(Q\314"
 7171      A70BBD10 
 7171      7858141A 
 7171      303887B7 
 7171      2851CC
 7172 0258 9ED40212 		.ascii	"\236\324\002\022\375\344T\332\007\201,\362\270\215,"
 7172      FDE454DA 
 7172      07812CF2 
 7172      B88D2C
 7173 0267 15D40D56 		.ascii	"\025\324\015V'}9\345\3636\222\032n\016^>\331\2178m\200"
 7173      277D39E5 
 7173      F336921A 
 7173      6E0E5E3E 
 7173      D98F386D 
 7174 027c C9A01FBB 		.ascii	"\311\240\037\273\221Mw\2709\336*\217\357@2\353I\322"
 7174      914D77B8 
 7174      39DE2A8F 
 7174      EF4032EB 
 7174      49D2
 7175 028e E7F12026 		.ascii	"\347\361 &\033\240\236Y\362S\343f\243'\253\276\233\251"
 7175      1BA09E59 
 7175      F253E366 
 7175      A327ABBE 
 7175      9BA9
 7176 02a0 0FE7545F 		.ascii	"\017\347T_a\204cV\370\231\356\323\203\343\316\356&/"
 7176      61846356 
 7176      F899EED3 
 7176      83E3CEEE 
 7176      262F
 7177 02b2 F565113C 		.ascii	"\365e\021<\007\027\240\330\344>\011\223\316\316\240"
 7177      0717A0D8 
 7177      E43E0993 
 7177      CECEA0
 7178 02c1 EB8110D4 		.ascii	"\353\201\020\324\207\333\370\230\274}\350\323\310`\241"
 7178      87DBF898 
 7178      BC7DE8D3 
 7178      C860A1
 7179 02d0 B514B777 		.ascii	"\265\024\267w\010:1\326\334y\037\234?\267\307a\020\037"
ARM GAS  /tmp/ccQ4TWpz.s 			page 207


 7179      083A31D6 
 7179      DC791F9C 
 7179      3FB7C761 
 7179      101F
 7180 02e2 2ABFD8E5 		.ascii	"*\277\330\345t\0361\317\271\260{a\254t1\374*{G=\200"
 7180      741E31CF 
 7180      B9B07B61 
 7180      AC7431FC 
 7180      2A7B473D 
 7181 02f7 8BA89209 		.ascii	"\213\250\222\011\330\336To\267J\263\322\355\212\334"
 7181      D8DE546F 
 7181      B74AB3D2 
 7181      ED8ADC
 7182 0306 9852095F 		.ascii	"\230R\011_\207\311L&\343\203!\004BJ#\037\203=\255<\322"
 7182      87C94C26 
 7182      E3832104 
 7182      424A231F 
 7182      833DAD3C 
 7183 031b 5D72D25D 		.ascii	"]r\322]\206\000\346\240B\237\311\2552O\320a\011\252"
 7183      8600E6A0 
 7183      429FC9AD 
 7183      324FD061 
 7183      09AA
 7184 032d 12E8959C 		.ascii	"\022\350\225\234\032P7\372\202\010\2178\330\011\"\354"
 7184      1A5037FA 
 7184      82088F38 
 7184      D80922EC 
 7185 033d 9A9570C9 		.ascii	"\232\225p\311\274A\203\024[\014W\035\330Q\244L\323N"
 7185      BC418314 
 7185      5B0C571D 
 7185      D851A44C 
 7185      D34E
 7186 034f 5AC326F7 		.ascii	"Z\303&\367\017[?\244,mtO\354\212\363`kO\317O\3240S\324"
 7186      0F5B3FA4 
 7186      2C6D744F 
 7186      EC8AF360 
 7186      6B4FCF4F 
 7187 0367 D7E616F5 		.ascii	"\327\346\026\365o\226\250\307\034Q\353\241\336F\267"
 7187      6F96A8C7 
 7187      1C51EBA1 
 7187      DE46B7
 7188 0376 F3484DCF 		.ascii	"\363HM\317K\324\327mQ\307\366\354?\256Z\242~\036\222"
 7188      4BD4D76D 
 7188      51C7F6EC 
 7188      3FAE5AA2 
 7188      7E1E92
 7189 0389 8EA80FA4 		.ascii	"\216\250\017\244g\210\332\310o$\343\262w\032\365\356"
 7189      6788DAC8 
 7189      6F24E3B2 
 7189      771AF5EE 
 7190 0399 46CEB8DD 		.ascii	"F\316\270\335\026XW\337\337\303\206%\331L\346O\224\354"
 7190      165857DF 
 7190      DFC38625 
 7190      D94CE64F 
 7190      94EC
 7191 03ab EF0B50C0 		.ascii	"\357\013P\300\204\223\356&)\300=\253\002<\371\201\246"
 7191      8493EE26 
ARM GAS  /tmp/ccQ4TWpz.s 			page 208


 7191      29C03DAB 
 7191      023CF981 
 7191      A6
 7192 03bc 24284D18 		.ascii	"$(M\030\32295x\021lA\204o9\330\223D\330;+\341\242|%"
 7192      D2393578 
 7192      116C4184 
 7192      6F39D893 
 7192      44D83B2B 
 7193 03d4 7BDB81BD 		.ascii	"{\333\201\2753S\262\337\244\035\311\272\022\003\321"
 7193      3353B2DF 
 7193      A41DC9BA 
 7193      1203D1
 7194 03e3 0B966453 		.ascii	"\013\226dS\240\316\246\225'\"\244}\270\233\375\367\373"
 7194      A0CEA695 
 7194      2722A47D 
 7194      B89BFDF7 
 7194      FB
 7195 03f4 A4BC6838 		.ascii	"\244\274h8/\027\267@\261^\256\0328\3160\223\341\362"
 7195      2F17B740 
 7195      B15EAE1A 
 7195      38CE3093 
 7195      E1F2
 7196 0406 FD83B1D7 		.ascii	"\375\203\261\327\312\312\374\370\255\334\260\361\275"
 7196      CACAFCF8 
 7196      ADDCB0F1 
 7196      BD
 7197 0413 8DD5B515 		.ascii	"\215\325\265\025u5[>x\337_]\353\337\260\266\312\277"
 7197      75355B3E 
 7197      78DF5F5D 
 7197      EBDFB0B6 
 7197      CABF
 7198 0425 B9BAA6AE 		.ascii	"\271\272\246\256\326\277z\315[\345\313\375\253V\275"
 7198      D6BF7ACD 
 7198      5BE5CBFD 
 7198      AB56BD
 7199 0434 EE7F77F5 		.ascii	"\356\177w\365\253\357\254\331\272\214b\025[\326\326"
 7199      ABEFACD9 
 7199      BA8C6215 
 7199      5BD6D6
 7200 0443 D4555455 		.ascii	"\324UTU\255+\253d\032\371\233\213\376\275[\366\342\312"
 7200      AD2BAB64 
 7200      1AF99B8B 
 7200      FEBD5BF6 
 7200      E2CA
 7201 0455 E58195EB 		.ascii	"\345\201\225\353V\004\330?\322U?\246"
 7201      5604D83F 
 7201      D2553FA6 
 7202              		.text
 7203              		.section	.gnu.lto_uart_lld_start_send.8b963afdfd85344d,"e",%progbits
 7204 0000 789C9D54 		.ascii	"x\234\235T]lTE\024\236\357\316\275w\357\376\264[\212"
 7204      5D6C5445 
 7204      149EEFCE 
 7204      BD77EFFE 
 7204      B45B8A
 7205 0013 26557CE0 		.ascii	"&U|\340\301\244!!\273\313\217!\321\304\250\321\247\342"
 7205      C1A42121 
 7205      BBCB8F21 
ARM GAS  /tmp/ccQ4TWpz.s 			page 209


 7205      D1C4A8D1 
 7205      A7E2
 7206 0025 8382CF0D 		.ascii	"\203\202\317\015\320\020\010\225\222\376\030\337\230"
 7206      D0100895 
 7206      92FE18DF 
 7206      98
 7207 0032 2DD82682 		.ascii	"-\330&\202\305\020\020[\263.A\013\306\007\320`D\245"
 7207      C510105B 
 7207      B32E410B 
 7207      C607D060 
 7207      44A5
 7208 0044 D0CBA2C2 		.ascii	"\320\313\242\302\266\225\026D\224Z[\371[\250$\324\030"
 7208      B6951644 
 7208      945A5BF9 
 7208      5BA824D4 
 7208      18
 7209 0055 688C62EB 		.ascii	"h\214b\3539s\227\335\266\273\242\365f\367df\316\375"
 7209      397397DD 
 7209      B6BBA2F5 
 7209      66F76466 
 7209      CEFD
 7210 0067 BE6FBE33 		.ascii	"\276o\2763\347\216# ^\366\011\261A\010\361\004\375a"
 7210      E78E2320 
 7210      5EF609B1 
 7210      4108F104 
 7210      FD61
 7211 0079 09184AA9 		.ascii	"\011\030J\251\247|q\3070d\307\341\314BS\005\314L_\373"
 7211      A77C71C7 
 7211      3064C7E1 
 7211      CC425305 
 7211      CC4C5FFB 
 7212 008d 5C538524 		.ascii	"\\S\205$\314l\316\004\364H9\020\233\015ib3v\310=\022"
 7212      CC6CCE04 
 7212      F4483910 
 7212      9B0D6962 
 7212      3376C83D 
 7213 00a2 A9D6CCE7 		.ascii	"\251\326\314\347\306\202\003\224S\356\236\301\307/\251"
 7213      C6820394 
 7213      53EE9EC1 
 7213      C72FA9
 7214 00b1 01259352 		.ascii	"\001%\223R\210v\372{\017\276\300\002zq\2709\361{\250"
 7214      8876FA7B 
 7214      0FBEC002 
 7214      7A71B839 
 7214      F17BA8
 7215 00c4 8D728049 		.ascii	"\215r\200I\323]=\237\244\003<50\237\246}\231\013c\246"
 7215      D35D3D9F 
 7215      A4033C35 
 7215      309FA67D 
 7215      990B63A6 
 7216 00d8 7C0E82C6 		.ascii	"|\016\202\306\275#\375\177\006+;\225jV\356\355\367\245"
 7216      BD23FD7F 
 7216      062B3B95 
 7216      6A56EEED 
 7216      F7A5
 7217 00ea 7A342925 		.ascii	"z4)%\216A\022%\2720\017G1O\010Z\253\032zR\3408*\011"
 7217      8E411225 
ARM GAS  /tmp/ccQ4TWpz.s 			page 210


 7217      BA300F47 
 7217      314F085A 
 7217      AB1A7A52 
 7218 0102 F297DAF5 		.ascii	"\362\227\332\365V\251\254\321\360\321\221S-\310\302"
 7218      56A9ACD1 
 7218      F0D19153 
 7218      2DC8C2
 7219 0111 AFEED770 		.ascii	"\257\356\327p\023\335\005p\263j\224\340\256\206\177"
 7219      13DD0570 
 7219      B36A94E0 
 7219      AE867F
 7220 0120 F0DAAF3B 		.ascii	"\360\332\257;m\271V\303[\336=v6\234\205\017Ut(\327L"
 7220      6DB956C3 
 7220      5BDE3D76 
 7220      369C850F 
 7220      557428D7 
 7221 0135 4A0B270A 		.ascii	"J\013'\012\360V\325m\302\247P)\030u\371\343\211\335"
 7221      F056D56D 
 7221      C2A75029 
 7221      1875F9E3 
 7221      89DD
 7222 0147 25B699B5 		.ascii	"%\266\231\265\215\223\260\251\316B\034:g\271jb\262U"
 7222      8D93B0A9 
 7222      CE421C3A 
 7222      67B96A62 
 7222      B255
 7223 0159 B9E71FFA 		.ascii	"\271\347\037\372\343\323\035\250\000!m\203\202ORpL\016"
 7223      E3D31DA8 
 7223      00216D83 
 7223      824F5270 
 7223      4C0E
 7224 016b 16079B82 		.ascii	"\026\007\233\202\337G!\340P\010\372y-\300!\310!\304"
 7224      DF4721E0 
 7224      5008FA79 
 7224      2DC021C8 
 7224      21C4
 7225 017d 210C765B 		.ascii	"!\014v[\006\026-\007o]\210mRp\351M(W\210\355\322\360"
 7225      06162D07 
 7225      6F5D886D 
 7225      5270E94D 
 7225      285788ED 
 7226 0193 26719A64 		.ascii	"&q\232d\240\366]\271\263Ho\345\0274w\371y\224\220\240"
 7226      A0F65DB9 
 7226      B3486FE5 
 7226      173477F9 
 7226      799490A0 
 7227 01a7 CDB66D19 		.ascii	"\315\266m\031\033v\270\366R;v\007?\272X\332\211\367"
 7227      1B76B8F6 
 7227      523B7607 
 7227      3FBA58DA 
 7227      89F7
 7228 01b9 E2849D9F 		.ascii	"\342\204\235\237\224\241\204\014\343K6I\271xr\3443;"
 7228      94A1840C 
 7228      E34B3649 
 7228      B97872E4 
 7228      333B
 7229 01cb 76507929 		.ascii	"vPy)\033_\241\023o{\036\277Fl*\2611\225\330.F\\B\352"
ARM GAS  /tmp/ccQ4TWpz.s 			page 211


 7229      1B5FA113 
 7229      6F7B1EBF 
 7229      466C2AB1 
 7229      3195D82E 
 7230 01e3 3895253E 		.ascii	"8\225%>x\344@\177\011\021\277\251S\2458\255\211\271"
 7230      78E4407F 
 7230      0911BFA9 
 7230      53A538AD 
 7230      89B9
 7231 01f5 66487BC4 		.ascii	"fH{\304w[\3411\313\204,\243\205\324\360\353za\252Ni"
 7231      775BE131 
 7231      CB842CA3 
 7231      85D4F0EB 
 7231      7A61AA4E 
 7232 020a 319D306D 		.ascii	"1\2350m\006=Y\235\304\033\357d$\351l\215s\252\014\275"
 7232      063D599D 
 7232      C41BEF64 
 7232      24E96C8D 
 7232      73AA0CBD 
 7233 021e 5AC7609D 		.ascii	"Z\307`\235>\304\210\\\027\352\226\241\353\304\303\353"
 7233      3EC4885C 
 7233      17EA96A1 
 7233      EBC4C3EB 
 7234 022e B99AA53A 		.ascii	"\271\232\245:\374Y\275\331\010|\243\005\270D8\303\002"
 7234      FC59BDD9 
 7234      087CA305 
 7234      B84438C3 
 7234      02
 7235 023f E59A7522 		.ascii	"\345\232u\"/p\263\360P\314Y\235\302\034\364k\015\223"
 7235      2F70B3F0 
 7235      50CC599D 
 7235      C21CF46B 
 7235      0D93
 7236 0251 350674B1 		.ascii	"5\006t\261\266\354\274W,\313c\353n\031J\006\271B\016"
 7236      B6ECBC57 
 7236      2CCB63EB 
 7236      6E194A06 
 7236      B9420E
 7237 0264 061C9C25 		.ascii	"\006\034\234%\236i\005\234\215\241sZ\314b\261o\331\220"
 7237      9E69059C 
 7237      8DA1735A 
 7237      CC62B16F 
 7237      D990
 7238 0276 A55D8CDD 		.ascii	"\245]\214\335\211/\311Y:4\236\267\224~\304\333H\021"
 7238      892FC959 
 7238      3A349EB7 
 7238      947EC4DB 
 7238      4811
 7239 0288 99FB78F2 		.ascii	"\231\373x\362\343\274\226\261Y\346\273lg\245\027zT\276"
 7239      E3BC96B1 
 7239      59E6BB6C 
 7239      67A5177A 
 7239      54BE
 7240 029a A947EE2F 		.ascii	"\251G\356/v\344\345\244\207\013E[k.\276\327\314>f\376"
 7240      76E4E5A4 
 7240      870B455B 
 7240      6B2EBED7 
ARM GAS  /tmp/ccQ4TWpz.s 			page 212


 7240      CC3E66FE 
 7241 02ae 8198AF61 		.ascii	"\201\230\257a\353\215\223K\2130?\000\201\213\314!\370"
 7241      EB8D934B 
 7241      8B303F00 
 7241      818BCC21 
 7241      F8
 7242 02bf 539267DA 		.ascii	"S\222g\332\017g\214\334\247td\374\205\274\305\207=\264"
 7242      0F678CDC 
 7242      A77464FC 
 7242      85BCC587 
 7242      3DB4
 7243 02d1 332B8B41 		.ascii	"3+\213A\014\352\2158\274\221\037\265\305\324o\247#3"
 7243      0CEA8D38 
 7243      BC911FB5 
 7243      C5D46FA7 
 7243      2333
 7244 02e3 5B3A58E0 		.ascii	"[:X\340o\357~\2765\036$=\014\375\303\031\375\244\231"
 7244      6FEF7EBE 
 7244      351E243D 
 7244      0CFDC319 
 7244      FDA499
 7245 02f6 FDCC3C8C 		.ascii	"\375\314<\214\030\275\320\325\326\323R\302te\350\236"
 7245      18BDD0D5 
 7245      D6D352C2 
 7245      7465E89E 
 7246 0306 9C9C0C63 		.ascii	"\234\234\014c\204\220\354\343h\316G\252+\035\365|\370"
 7246      8490ECE3 
 7246      68CE47AA 
 7246      2B1DF57C 
 7246      F8
 7247 0317 0B7D1457 		.ascii	"\013}\024W\003\363\375\254\265\002\254uiF\363\005<\256"
 7247      03F3FDAC 
 7247      B502AC75 
 7247      6946F305 
 7247      3CAE
 7248 0329 DD1F9EB8 		.ascii	"\335\037\236\270\033\362\232\317\025\270\374/\315w\037"
 7248      1BF29ACF 
 7248      15B8FC2F 
 7248      CD771F
 7249 0338 A92B79A9 		.ascii	"\251+y\251\253\334z\001}2\346\364K\356f\256\371R\367"
 7249      ABDC7A01 
 7249      7D32E6F4 
 7249      4BEE66AE 
 7249      F952F7
 7250 034b BEA7E07F 		.ascii	"\276\247\340\177mq\255r-\337\340\231\031\206B\036\327"
 7250      6D71AD72 
 7250      2DDFE099 
 7250      1986421E 
 7250      D7
 7251 035c F1ED03BD 		.ascii	"\361\355\003\275\3223\004\\\377_\037\223V\272\221W\032"
 7251      D233045C 
 7251      FF5F1F93 
 7251      56BA9157 
 7251      1A
 7252 036d 653F216D 		.ascii	"e?!m`\237w7\334B\363\336\261\3619z\314\3176\211\374"
 7252      609F7737 
 7252      DC42F3DE 
ARM GAS  /tmp/ccQ4TWpz.s 			page 213


 7252      B1F1397A 
 7252      CCCF3689 
 7253 0382 D52EC433 		.ascii	"\325.\3043\221H\224~k\326\255_\275\276\256\241\272\261"
 7253      9148947E 
 7253      6BD6AD5F 
 7253      BDBEAEA1 
 7253      BAB1
 7254 0394 BE69E386 		.ascii	"\276i\343\206h]Ct\335\252\332\350\246\272\372\306\206"
 7254      685D4374 
 7254      DDAADAE8 
 7254      A6BAFAC6 
 7254      86
 7255 03a5 E88A95CF 		.ascii	"\350\212\225\317/Y\034]\276\374\331\350K+\236~q\345"
 7255      2F591C5D 
 7255      BEFCD9E8 
 7255      4B2B9E7E 
 7255      71E5
 7256 03b7 2B8B3857 		.ascii	"+\2138W\335\264\252\276\261\272\266\266&\262FX<\336"
 7256      DDB4AABE 
 7256      B1BAB6B6 
 7256      26B24658 
 7256      3CDE
 7257 03c9 54317D35 		.ascii	"T1}5\362\330\262\305\261e5Kc\002\033\255\306WW7\255"
 7257      F2D8B2C5 
 7257      B165354B 
 7257      63021BAD 
 7257      C6575737 
 7258 03de FD1BB416 		.ascii	"\375\033\264\026\211\002"
 7258      8902
 7259              		.text
 7260              		.section	.gnu.lto_uart_lld_stop_send.8b963afdfd85344d,"e",%progbits
 7261 0000 789C9594 		.ascii	"x\234\225\224KL\223A\020\307w\276\335\257\375ZZ\012"
 7261      4B4C9341 
 7261      10C777BE 
 7261      DDAFFD5A 
 7261      5A0A
 7262 0012 37231762 		.ascii	"7#\027bL\010\227\266\240\006\022\243\021\037'11\202"
 7262      4C0897B6 
 7262      A00612A3 
 7262      111F2731 
 7262      3182
 7263 0024 5E1B8403 		.ascii	"^\033\204\003D\"\204\207W\267\345\245\200\300AE\243"
 7263      44228487 
 7263      57B7E5A5 
 7263      80C04145 
 7263      A3
 7264 0035 B5095AF1 		.ascii	"\265\011Z\361\204\232\220\370B,\240\"\017\345!\202z"
 7264      849A90F8 
 7264      422CA022 
 7264      0FE52182 
 7264      7A
 7265 0046 28C64462 		.ascii	"(\306Db4\012D\023\025\010uv\277\217R\014\007i\332\311"
 7265      340A4413 
 7265      15087576 
 7265      BF8F520C 
 7265      0769DAC9 
 7266 005a ECCEEEEF 		.ascii	"\354\316\356\357?\263\263[\215\000\001\225\220|B\310"
ARM GAS  /tmp/ccQ4TWpz.s 			page 214


 7266      3FB3B35B 
 7266      8D000195 
 7266      907C42C8 
 7267 006a 61FC8189 		.ascii	"a\374\201\211\200\3029\337c\366j\012P\303\243\212:>"
 7267      80C239DF 
 7267      63F66A0A 
 7267      50C3A38A 
 7267      3A3E
 7268 007c B790C9B8 		.ascii	"\267\220\311\270\225u4\327\230\031\267\251F,\213\001"
 7268      957534D7 
 7268      9819B7A9 
 7268      462C8B01 
 7269 008c 48876B40 		.ascii	"H\207k@N+Te\200\226D?\315\264\225B\330\347\377mk\242"
 7269      4E2B5465 
 7269      8096443F 
 7269      CDB49542 
 7269      D8E7FF6D 
 7270 00a2 014A80E1 		.ascii	"\001J\200\341\360\374`\347\200U\014\001\222qX=y\355"
 7270      F0FC60E7 
 7270      80550C01 
 7270      9271583D 
 7270      79ED
 7271 00b4 014B6DE7 		.ascii	"\001Km\347\334\307C\255s;\275}\265\365-\020\240\012"
 7271      DCC743AD 
 7271      733BBD7D 
 7271      B5F52D10 
 7271      A00A
 7272 00c6 B98CEB1F 		.ascii	"\271\214\353\037A\022<\204$\311\202.H\305\365\3033\223"
 7272      41123C84 
 7272      24C9822E 
 7272      48C5F5C3 
 7272      3393
 7273 00d8 B38C1E00 		.ascii	"\263\214\036\000\202\376\320\364\310b\\JP\356]\272A"
 7273      82FED0F4 
 7273      C8625C4A 
 7273      50EE5DBA 
 7273      41
 7274 00e9 F9D600A5 		.ascii	"\371\326\000\245\360\030\350\232\2558w\260g7\201nH!"
 7274      F018E89A 
 7274      AD3877B0 
 7274      6737816E 
 7274      4821
 7275 00fb 62D3C7BB 		.ascii	"b\323\307\273\313\027\354&&\370\202\372D\324\214\316"
 7275      CB17EC26 
 7275      26F882FA 
 7275      44D48CCE 
 7276 010b ED7135C4 		.ascii	"\355q5\304\227#u<\3643\010\213\213Z\002\340N\246\240"
 7276      9723753C 
 7276      F433088B 
 7276      8B5A02E0 
 7276      4EA6A0
 7277 011e 51291ADC 		.ascii	"Q)\032\334\200F\025\306$\214\031\215YC\243Y\320X\254"
 7277      804615C6 
 7277      248C198D 
 7277      5943A359 
 7277      D058AC
 7278 0131 68AC3610 		.ascii	"h\2546\020\"\016\"\262'\015\224\314-\334\312\004\036"
ARM GAS  /tmp/ccQ4TWpz.s 			page 215


 7278      220E22B2 
 7278      270D94CC 
 7278      2DDCCA04 
 7278      1E
 7279 0142 22A4912A 		.ascii	"\"\244\221*\322\367\242?\003\274\355\353\2574\251\373"
 7279      D2F7A23F 
 7279      03BCEDEB 
 7279      AF34A9FB 
 7280 0152 057C5D16 		.ascii	"\005|]\026\341\371)`fMU\263aM\234\014\225\325\205\336"
 7280      E1F92960 
 7280      664D55B3 
 7280      614D9C0C 
 7280      95D585DE 
 7281 0166 DF79171F 		.ascii	"\337y\027\037\204\353^<\341\344\000\215\363S\033\204"
 7281      84EB5E3C 
 7281      E1E4008D 
 7281      F3531B84 
 7282 0176 444518F3 		.ascii	"DE\030\363\006\246\357\233\334\035\\\0171\350\201 \\"
 7282      06A6EF9B 
 7282      DC1D5C0F 
 7282      31E88120 
 7282      5C
 7283 0187 D20BEA05 		.ascii	"\322\013\352\005w,X\211\005\263\365\3006T\207>\003\334"
 7283      772C5889 
 7283      05B3F5C0 
 7283      3654873E 
 7283      03DC
 7284 0199 71AF7DC4 		.ascii	"q\257}\304\216\340\026\031\262\303S\011\026\007\004"
 7284      8EE01619 
 7284      B2C35309 
 7284      160704
 7285 01a8 CF24B877 		.ascii	"\317$\270w\005Lc\301\366\365\300\361\250\016\317\015"
 7285      054C63C1 
 7285      F6F5C0F1 
 7285      A80ECF0D 
 7286 01b8 B0FFDC95 		.ascii	"\260\377\334\225\031\212\340jl\256\003\372%V\021\330"
 7286      198AE06A 
 7286      6CAE03FA 
 7286      255611D8 
 7287 01c8 17125B75 		.ascii	"\027\022[u\261\016t.\323\321W\377\234=&\310&\370\020"
 7287      B10E742E 
 7287      D3D157FF 
 7287      9C3D26C8 
 7287      26F810
 7288 01db 89441C30 		.ascii	"\211D\0340\200\034T\017\327\313e\033\022\033\\\025\033"
 7288      801C540F 
 7288      D7CB651B 
 7288      121B5C15 
 7288      1B
 7289 01ec 02372A88 		.ascii	"\0027*\210&l\221\035\020\275\021W\2313\321\034%:\037"
 7289      266C911D 
 7289      10BD1157 
 7289      9933D11C 
 7289      253A1F
 7290 01ff 75620A56 		.ascii	"ub\012V\377W\324+B\016\030^\225}\371O\215\006\255\273"
 7290      FF57D42B 
 7290      420E185E 
ARM GAS  /tmp/ccQ4TWpz.s 			page 216


 7290      957DF94F 
 7290      8D06ADBB 
 7291 0213 717488EA 		.ascii	"qt\210\352E\002\274B\314'\250\376\274\317X\202\361\376"
 7291      4502BC42 
 7291      CC27A8FE 
 7291      BCCF5882 
 7291      F1FE
 7292 0225 D96F13A0 		.ascii	"\331o\023\240\307\011\214\030\357\240\201\252\3155S"
 7292      C7098C18 
 7292      EFA081AA 
 7292      CD3553
 7293 0234 FDD833CC 		.ascii	"\375\3303\314\235\315\033\367\212\306d\034\355\275y"
 7293      9DCD1BF7 
 7293      8AC6641C 
 7293      EDBD79
 7294 0243 43CD4E80 		.ascii	"C\315N\200Q\231\261\270F0\246\337\242\245\225\2145\244"
 7294      5199B1B8 
 7294      4630A6DF 
 7294      A2A5958C 
 7294      35A4
 7295 0255 C5A22D1B 		.ascii	"\305\242-\033B'\302\270D3\201~\255\037\306B\255\201"
 7295      4227C2B8 
 7295      4433817E 
 7295      AD1FC642 
 7295      AD81
 7296 0267 B68AFF88 		.ascii	"\266\212\377\210\261\200G\024j\205]0\001I\250\267\266"
 7296      B1804714 
 7296      6A855D30 
 7296      0149A8B7 
 7296      B6
 7297 0278 D9D18B96 		.ascii	"\331\321\213\226(/Z\370L\347\240M(\033g\215\371\300"
 7297      282F5AF8 
 7297      4CE7A04D 
 7297      281B678D 
 7297      F9C0
 7298 028a 1BA10C93 		.ascii	"\033\241\014\223\250\203H\022\333\311\266\233J\324\375"
 7298      A8834812 
 7298      DBC9B69B 
 7298      4AD4FD
 7299 0299 117D7ABD 		.ascii	"\021}z\275]\003\233\365\004\034\033l\354\224\254E\025"
 7299      5D039BF5 
 7299      041C1B6C 
 7299      EC94AC45 
 7299      15
 7300 02aa B5BCC55A 		.ascii	"\265\274\305Z\276\203/\331\000\351\375\201\371\225\207"
 7300      BE832FD9 
 7300      00E9FD81 
 7300      F99587
 7301 02b9 4FC85EA7 		.ascii	"O\310^\247\323\205\337\374\302\242\343E%\345\236\212"
 7301      D385DFFC 
 7301      C2A2E345 
 7301      25E59E8A 
 7302 02c9 B2CA9327 		.ascii	"\262\312\223'\\%\345\256\302\274bWiIYE\271+'\367\320"
 7302      5C25E5AE 
 7302      C2BC6257 
 7302      69495945 
 7302      B92B27F7 
ARM GAS  /tmp/ccQ4TWpz.s 			page 217


 7303 02de B6745776 		.ascii	"\266tWv\366~\327\321\234\254#\271\247\322D\314S\231"
 7303      F67ED7D1 
 7303      9CAC23B9 
 7303      A7D244CC 
 7303      5399
 7304 02f0 5756E129 		.ascii	"WV\341)..p\346\023U\370\245\233\326\316:wd\244\2733"
 7304      2E2E70E6 
 7304      1355F8A5 
 7304      9BD6CE3A 
 7304      7764A4BB 
 7305 0305 0AB6BBC9 		.ascii	"\012\266\273\311_\377C\272\240"
 7305      5FFF43BA 
 7305      A0
 7306              		.text
 7307              		.section	.gnu.lto_uart_lld_start_receive.8b963afdfd85344d,"e",%progbits
 7308 0000 789C9D55 		.ascii	"x\234\235U[lTU\024=\353\236{\347\325yXiHc\177\2101i"
 7308      5B6C5455 
 7308      143DEB9E 
 7308      7BE7D579 
 7308      58694863 
 7309 0018 F8E90CA0 		.ascii	"\370\351\014\240\201\037\211\370\370*&F\320\337\006"
 7309      811F89F8 
 7309      F82A2646 
 7309      D0DF06
 7310 0027 68088486 		.ascii	"h\010\204\206\222>\214\177\236)-UD\206\020\244\212N"
 7310      923E8C7F 
 7310      9E292D55 
 7310      448610A4 
 7310      8A4E
 7311 0039 C694948A 		.ascii	"\306\224\224\212&E\223&\250<:V\264\322V[*\202\240N\001"
 7311      26459326 
 7311      A83C3A56 
 7311      B4D2565B 
 7311      2A82A04E 
 7312 004e 657C1029 		.ascii	"e|\020)|\211\265\323\272\367\271w\356\014\224\017\247"
 7312      7C89B5D3 
 7312      BAF7B977 
 7312      EE0C940F 
 7312      A7
 7313 005f 93999D7D 		.ascii	"\223\231\235}\357>{\255\275\316\336\347\214O@\364z\205"
 7313      EF3E7BAD 
 7313      BDCEDEE7 
 7313      8C4F40F4 
 7313      7A85
 7314 0071 D8268478 		.ascii	"\330&\204x\216~\360\010\030J\251'\274q\237\001\351x"
 7314      8E7EF008 
 7314      184AA927 
 7314      BC719F01 
 7314      E978
 7315 0083 D2B0266E 		.ascii	"\322\260&nM\2572U\300\354KtxM\025\264\234\330\032\023"
 7315      4DAF3255 
 7315      C0EC4B74 
 7315      784D15B4 
 7315      9CD81A13 
 7316 0097 D08EF241 		.ascii	"\320\216\362A\274bH\313\004Y\341~\022\262Kb\2603\373"
 7316      BC6248CB 
 7316      0459E17E 
ARM GAS  /tmp/ccQ4TWpz.s 			page 218


 7316      12B24B62 
 7316      B033FB
 7317 00aa A9B1B497 		.ascii	"\251\261\264\227\326\251tW\377\352\253j\\\311\024-z"
 7317      D6A97457 
 7317      FFEAAB6A 
 7317      5CC9142D 
 7317      7A
 7318 00bb DB5D88CF 		.ascii	"\333]\210\317\260\224\026f\332\222w\202{)\006\230\364"
 7318      B0941666 
 7318      DA927782 
 7318      7B290698 
 7318      F4
 7319 00cc 7860B8FF 		.ascii	"x`\270\377l\200\037\015,\241\307\321\354\205)S>\003"
 7319      6C801F0D 
 7319      2CA1C7D1 
 7319      EC852953 
 7319      3E03
 7320 00de 41FEC8E4 		.ascii	"A\376\310\344\330\277e\325=J\265\251\364h\217T\217\244"
 7320      D8BF65D5 
 7320      3D4AB5A9 
 7320      F4688F54 
 7320      8FA4
 7321 00f0 A4C42948 		.ascii	"\244\304)H\202\304IT\341\004\252\204\240w\265\273W\013"
 7321      82C44954 
 7321      E104AA84 
 7321      A077B5BB 
 7321      570B
 7322 0102 9C4635A5 		.ascii	"\234F5\245\344\324\201\203aY\257\323\377\230\034\332"
 7322      E4D48183 
 7322      6159AFD3 
 7322      FF981CDA 
 7323 0112 05277DE6 		.ascii	"\005'}\346\210N710/\335\254\355\242\364\264N\037\030"
 7323      884E3731 
 7323      302FDDAC 
 7323      EDA2F4B4 
 7323      4E1F18
 7324 0125 4F74F8E4 		.ascii	"Ot\370\344f\235\336~\364\350\215<\373\231\312C*m\246"
 7324      669DDE7E 
 7324      F4E88D3C 
 7324      FB99CA43 
 7324      2A6DA6
 7325 0138 A485CFE7 		.ascii	"\244\205\317\347\345[\265\335\224?\210j\301Y\327>\236"
 7325      E55BB5DD 
 7325      943F886A 
 7325      C159D73E 
 7325      9E
 7326 0149 7D33E431 		.ascii	"}3\3441\035\331\370\202\367\232\234c\023VZ\315\316u"
 7326      1DD9F882 
 7326      F79A9C63 
 7326      13565ACD 
 7326      CE75
 7327 015b 522595D3 		.ascii	"R%\225\3237\022x\010\224\3511\310x%\031\237\311\306"
 7327      37127808 
 7327      94E931C8 
 7327      7825199F 
 7327      C9C6
 7328 016d 62E361E3 		.ascii	"b\343a\343%\343\367\221\011\370\311\224\005\310\004"
ARM GAS  /tmp/ccQ4TWpz.s 			page 219


 7328      25E3F791 
 7328      09F8C994 
 7328      05C804
 7329 017c CB381064 		.ascii	"\3138\020d\023b\023f\023aS\016\026_\001\256a1X\211\020"
 7329      13621366 
 7329      1361530E 
 7329      165F01AE 
 7329      61315889 
 7330 0191 AF4B716B 		.ascii	"\257Kqk\372\375UPi!\366HC\373q\362\263P\335\177\317"
 7330      FAFD5550 
 7330      6921F648 
 7330      43FB71F2 
 7330      B350DD7F 
 7331 01a6 2CD375FD 		.ascii	",\323u\375\211\266\223~\366\222\022T\371\336\235S\031"
 7331      89B6937E 
 7331      F6921254 
 7331      F9DE9D53 
 7331      19
 7332 01b7 1F37426A 		.ascii	"\0377Bj\371\351\313\037]\012\367\340p\234\032\272$%"
 7332      F9E9CB1F 
 7332      5D0AF7E0 
 7332      709C1ABA 
 7332      2425
 7333 01c9 4349598E 		.ascii	"CIY\2163\254\230b\361\324\344'\236X\237\262C\036|\211"
 7333      33AC9862 
 7333      F1D4E427 
 7333      9E589FB2 
 7333      431E7C89 
 7334 01dd 1EBC650B 		.ascii	"\036\274e\013\376\012\261b`\243\030\330s?\3400\261c"
 7334      FE0AB162 
 7334      60A318D8 
 7334      733FE030 
 7334      B163
 7335 01ef C801EE3B 		.ascii	"\310\001\356;\336;\026\"\340}:\024\301\327\032\2307"
 7335      DE3B1622 
 7335      E07D3A14 
 7335      C1D71A98 
 7335      37
 7336 0200 106735F0 		.ascii	"\020g5\360`\036X\026\003G\356\007\374\000\261c\330\001"
 7336      601E5816 
 7336      0347EE07 
 7336      FC00B163 
 7336      D801
 7337 0212 4EBEF14E 		.ascii	"N\276\361NV\022p;R\244cD\303\032\014;\252aw\036\354"
 7337      5612703B 
 7337      52A46344 
 7337      C31A0C3B 
 7337      AA61771E 
 7338 0227 848D6BDA 		.ascii	"\204\215k\332\320\357\376\363\332\213\214\354\303\225"
 7338      D0EFFEF3 
 7338      DA8B8CEC 
 7338      C395
 7339 0235 B9B9B908 		.ascii	"\271\271\271\010\276!\034b\317\354\326\313J\"\373\266"
 7339      BE211C62 
 7339      CFECD6CB 
 7339      4A22FBB6 
 7340 0245 40368618 		.ascii	"@6\206\0301p\023\036\326\035\340\336\360\021S&7\307"
ARM GAS  /tmp/ccQ4TWpz.s 			page 220


 7340      3170131E 
 7340      D61DE0DE 
 7340      F0115326 
 7340      37C7
 7341 0257 70DFBB4E 		.ascii	"p\337\273N\221`\353\377\222\3069T\216\361\002\355\271"
 7341      9160EBFF 
 7341      92C63954 
 7341      8EF102ED 
 7341      B9
 7342 0268 7B343A68 		.ascii	"{4:h\247\367\214\217H[$0A0\327\321\376\373S\316\022"
 7342      A7F78C8F 
 7342      485B2430 
 7342      4130D7D1 
 7342      FEFB53CE 
 7343 027d 8A0F4DFD 		.ascii	"\212\017M\375u\036v\\\340;\246\021<XV\242\343\342\020"
 7343      751E765C 
 7343      E03BA611 
 7343      3C5856A2 
 7343      E3E210
 7344 0290 F58C6A37 		.ascii	"\365\214j7o;s%\213*v{\357-\251\331\017\342\274\256\230"
 7344      6F3B7325 
 7344      8B2A767B 
 7344      EF2DA9D9 
 7344      0FE2BCAE 
 7345 02a5 C708DFDB 		.ascii	"\307\010\337\333S4\223\257\330Gh\305\320\376\222\240"
 7345      533493AF 
 7345      D84768C5 
 7345      D0FE92A0 
 7346 02b5 17E18286 		.ascii	"\027\341\202\2066\031\372\242\275\031\323\273\034\350"
 7346      3619FAA2 
 7346      BD19D3BB 
 7346      1CE8
 7347 02c3 005F49E7 		.ascii	"\000_I\347Ru,4\210\307\361\003\252\210\357\356f\273"
 7347      52752C34 
 7347      88C7F103 
 7347      AA88EFEE 
 7347      66BB
 7348 02d5 83B6480F 		.ascii	"\203\266H\017Z\346\325\376\341 3;{M\365\340\0223\343"
 7348      5AE6D5FE 
 7348      E120333B 
 7348      7B4DF5E0 
 7348      1233E3
 7349 02e8 32F110A4 		.ascii	"2\361\020\244(\356d\367\021\303u\017\347\334\243\347"
 7349      28EE64F7 
 7349      11C3750F 
 7349      E7DCA3E7 
 7350 02f8 6A2B4BCA 		.ascii	"j+K\312\212\005\314\226\323\346\037\2652\213\225\375"
 7350      8A05CC96 
 7350      D3E61FB5 
 7350      328B95FD 
 7351 0308 C4D355A6 		.ascii	"\304\323U\246yn\026({]\312\301C\376\005\020\374\254"
 7351      796E1628 
 7351      7B5DCAC1 
 7351      43FE0510 
 7351      FCAC
 7352 031a 09785691 		.ascii	"\011xV\221a\202\305\032u\266@\360an\336u\022,\351\376"
 7352      6182C51A 
ARM GAS  /tmp/ccQ4TWpz.s 			page 221


 7352      75B640F0 
 7352      616EDE75 
 7352      122CE9FE 
 7353 032e A8C0A4E6 		.ascii	"\250\300\244\346\3602\307\025\273=\373\363\273\023\262"
 7353      F032C715 
 7353      BB3DFBF3 
 7353      BB13B2
 7354 033d D1EE1CDF 		.ascii	"\321\356\034\337\377\201i\317\342>\037\256.\3504:\202"
 7354      FF8169CF 
 7354      E23E1FAE 
 7354      2EE8343A 
 7354      82
 7355 034e AE150EC6 		.ascii	"\256\025\016\306/,(\244U\034\313\305W\270\222N\024\366"
 7355      2F2C28A4 
 7355      551CCBC5 
 7355      57B8924E 
 7355      14F6
 7356 0360 2C2F295C 		.ascii	",/)\\\322\231\377\265\300q\375\036A\021\302\322\247"
 7356      D299FFB5 
 7356      C071FD1E 
 7356      4111C2D2 
 7356      A7
 7357 0371 6D81D749 		.ascii	"m\201\327I\266\000\375\033\227\037\321\025w\333\375"
 7357      B600FD1B 
 7357      971FD115 
 7357      77DBFD
 7358 0380 B889B6F7 		.ascii	"\270\211\266\367\006r\345\316\345\302\247\025\267\363"
 7358      0672E5CE 
 7358      E5C2A715 
 7358      B7F3
 7359 038e 7F03423C 		.ascii	"\177\003B<YS\023\245\357\246-[7nml\256kij\335\276-\332"
 7359      595313A5 
 7359      EFA62D5B 
 7359      376E6D6C 
 7359      AE6B696A 
 7360 03a6 D81CDDB2 		.ascii	"\330\034\335\262\241!\272\243\261\251\2459\272n\375"
 7360      A121BAA3 
 7360      B1A9A539 
 7360      BA6EFD
 7361 03b5 B32B9647 		.ascii	"\263+\226G\327\256}:\372\302\2725\317\257\177i\031\307"
 7361      D7AE7D3A 
 7361      FAC2BA35 
 7361      CFAF7F69 
 7361      19C7
 7362 03c7 EA5A3734 		.ascii	"\352Z74\265\32454\324\327l\022\026\373;*\357~[\363\330"
 7362      B5D43534 
 7362      D4D76C12 
 7362      16FB3B2A 
 7362      EF7E5BF3 
 7363 03dc CAE5B195 		.ascii	"\312\345\261\225\365\217\306\004\266[M/ol\335\374\037"
 7363      F58FC604 
 7363      B65B4D2F 
 7363      6F6CDDFC 
 7363      1F
 7364 03ed CB3A9326 		.ascii	"\313:\223&"
 7365              		.text
 7366              		.section	.gnu.lto_uart_lld_stop_receive.8b963afdfd85344d,"e",%progbits
ARM GAS  /tmp/ccQ4TWpz.s 			page 222


 7367 0000 789C9D56 		.ascii	"x\234\235V{PTe\024\377\316\375\356\335]`y?\033\262q"
 7367      7B505465 
 7367      14FFCEFD 
 7367      EEDD5D60 
 7367      793F1BB2 
 7368 0015 2A8771C6 		.ascii	"*\207q\306a\321l\364\037'\3551\323\214\366OZ\3772&5"
 7368      61D16CF4 
 7368      1F27ED31 
 7368      D38CF64F 
 7368      5AFF3226 
 7369 002a 6A068E8F 		.ascii	"j\006\216\217\376\355\262\240\246\222R\231\257\244%"
 7369      FEEDB2A0 
 7369      A6925299 
 7369      AFA425
 7370 0039 1CA4D182 		.ascii	"\034\244\321\202\032Lz\370\330DS\036>#L30\324U)yh\231"
 7370      1A4C7AF8 
 7370      D844531E 
 7370      3E234C33 
 7370      30D45529 
 7371 0050 2242E79C 		.ascii	"\"B\347\234\373\355\345.1*1p8{\277\357\374\316\373w"
 7371      FBEDE52E 
 7371      312A3170 
 7371      387BBFEF 
 7371      FCCEFB77 
 7372 0064 D723408C 		.ascii	"\327#@\214\211\021b\241\020\"\037\377\300#@3Ms\272\273"
 7372      891162A1 
 7372      10221FFF 
 7372      C0234033 
 7372      4D73BABB 
 7373 0078 D0A38154 		.ascii	"\320\243\201T\232\324\334\247{\372\246\352f\264^\275"
 7373      9AD4DCA7 
 7373      7BFAA6EA 
 7373      66B45EBD 
 7374 0088 7E855B37 		.ascii	"~\205[7\275nu6C\327\\\241\346-\311xdl\255\015M\300#"
 7374      BD6E7536 
 7374      43D75CA1 
 7374      E62DC978 
 7374      646CAD0D 
 7375 009f 035CCACC 		.ascii	"\003\\\312\314\005\300\232\351\001\361\216&\335\272"
 7375      05C09AE9 
 7375      01F18E26 
 7375      DDBA
 7376 00ad E102FC2F 		.ascii	"\341\002\374/\354\237\365r\223\2046\177\331m\357:\031"
 7376      EC9FF572 
 7376      9384367F 
 7376      D96DEF3A 
 7376      19
 7377 00be 900274FC 		.ascii	"\220\002t\374\270\241qwC4}\004\030\213\037\213[?\371"
 7377      B8A17177 
 7377      43347D04 
 7377      188B1F8B 
 7377      5B3FF9
 7378 00d1 561F5F65 		.ascii	"V\037_e\232~3\270i\3633\205\365+\327\224B@jb\013\336"
 7378      9A7E33B8 
 7378      69F33385 
 7378      F52BD794 
 7378      42406A62 
ARM GAS  /tmp/ccQ4TWpz.s 			page 223


 7379 00e7 FF1E32E1 		.ascii	"\377\0362\341;\310d,\330\013\343\361~s\250\265[\227"
 7379      3BC8642C 
 7379      D80BE3F1 
 7379      7E73A8B5 
 7379      5B97
 7380 00f9 2F8040BD 		.ascii	"/\200@\275\251\375\304\335\230\254J\266m\251\224\346"
 7380      A9FDC4DD 
 7380      98AC4AB6 
 7380      6DA994E6 
 7381 0109 93012961 		.ascii	"\223\001)a\037\310\010S|6\363\3224\001\373!K\220\321"
 7381      1FC80853 
 7381      7C36F3D2 
 7381      3401FB21 
 7381      4B90D1
 7382 011c 3D73C3C6 		.ascii	"=s\303\3068\231\307\000\237\027V\235\202q\333\031\240"
 7382      3899C700 
 7382      9F17569D 
 7382      8271DB19 
 7382      A0
 7383 012d AB5F6EDD 		.ascii	"\253_n\335m\232\253\247\243s80\014D\210\231\275\323"
 7383      6D9AABA7 
 7383      A3733830 
 7383      0C448899 
 7383      BDD3
 7384 013f C8A2E3AB 		.ascii	"\310\242\343\253\201\217b]:\004a\034EHq\375\000.,\262"
 7384      818F625D 
 7384      3A04611C 
 7384      454871FD 
 7384      002E2CB2 
 7385 0153 D0E819DE 		.ascii	"\320\350\031\336\270Y[\371a\214|\203\361\033\367T\327"
 7385      B8595BF9 
 7385      618C7C83 
 7385      F11BF754 
 7385      D7
 7386 0164 7B157E6B 		.ascii	"{\025~kM\306\247E\346QS\017H\035\016\022>\330\370P\217"
 7386      4DC6A745 
 7386      E651530F 
 7386      481D0E12 
 7386      3ED8F850 
 7387 0179 706266FF 		.ascii	"pbf\377\214\341F'\301i \206\031\240\363C0\256\346\264"
 7387      8CE14627 
 7387      C1692086 
 7387      19A0F343 
 7387      30AEE6B4 
 7388 018d 11340706 		.ascii	"\0214\007\006W\231\301P?\274\177,t\357\2111\200Y\033"
 7388      5799C150 
 7388      3FBC7F2C 
 7388      74EF8931 
 7388      80591B
 7389 01a0 1A0A9744 		.ascii	"\032\012\227D\341\326I\030$\\$\334(<\036\024QQ(\242"
 7389      E1D64918 
 7389      245C24DC 
 7389      283C1E14 
 7389      515128A2 
 7390 01b4 A351C478 		.ascii	"\243Q\304x\201\012\024/(\211\004|\340MD\021\233\204"
 7390      810A142F 
 7390      2889047C 
ARM GAS  /tmp/ccQ4TWpz.s 			page 224


 7390      E04D4411 
 7390      9B84
 7391 01c6 222E996C 		.ascii	"\".\231lRH\244\262\2774R\323Id\220\020b\255\024=}\237"
 7391      5248A4B2 
 7391      BF3452D3 
 7391      49649010 
 7391      62AD143D 
 7392 01dc 4D053328 		.ascii	"M\0053(D\211\324X/B=\004fE\335\300D.\020\351\373\006"
 7392      4489D458 
 7392      2F423D04 
 7392      6645DDC0 
 7392      442E10E9 
 7393 01f2 80F54EF0 		.ascii	"\200\365N\360\357\215\"\255L\002\346\273\256\250\273"
 7393      EF8D22AD 
 7393      4C02E6BB 
 7393      AEA8BB
 7394 0201 CD430321 		.ascii	"\315C\003!\271f\301s_\236\215\253\204\355\2058Zc\003"
 7394      B966C173 
 7394      5F9E8DAB 
 7394      84ED8538 
 7394      5A6303
 7395 0214 32BE4C7A 		.ascii	"2\276Lz\3410\365\000\317\012\003\355\337\270r\252M\353"
 7395      E130F500 
 7395      CF0A03ED 
 7395      DFB872AA 
 7395      4DEB
 7396 0226 C8801FA1 		.ascii	"\310\200\037\241\0226[]8\0029N`\315\011l\214\004\234"
 7396      12365B5D 
 7396      3802394E 
 7396      60CD096C 
 7396      8C049C
 7397 0239 80DEE1A8 		.ascii	"\200\336\341\250\002\256\256\253:\021\213\300\245|\224"
 7397      02AEAEAB 
 7397      3A118BC0 
 7397      A57C94
 7398 0248 080D0C0C 		.ascii	"\010\015\014\014\004\334\310\300\007\303\300\322\011"
 7398      04DCC8C0 
 7398      07C3C0D2 
 7398      09
 7399 0255 9C381270 		.ascii	"\2348\022p\022z\207&\005\\\366\336\307!\211\300\305"
 7399      127A8726 
 7399      055CF6DE 
 7399      C72189C0 
 7399      C5
 7400 0266 38D3C9D0 		.ascii	"8\323\311\320\314\260\032\301\036c\330\242\215\253\300"
 7400      CCB01AC1 
 7400      1E63D8A2 
 7400      8DABC0
 7401 0275 C2D52DE8 		.ascii	"\302\325-\350mwV\277J\310n\270088\030\017\307\021\007"
 7401      6D7756BF 
 7401      4AC86EB8 
 7401      30383818 
 7401      0FC71107 
 7402 0289 BDB7ADE1 		.ascii	"\275\267\255\341k\243rvb\310\331I\310A\017\324\204\307"
 7402      6BA37276 
 7402      62C8D949 
 7402      C8410FD4 
ARM GAS  /tmp/ccQ4TWpz.s 			page 225


 7402      84C7
 7403 029b B903D427 		.ascii	"\271\003\324'\332oS\247Fi\366s[q$l<\254\323B:J\206S"
 7403      DA6F53A7 
 7403      4669F673 
 7403      5B71246C 
 7403      3CACD342 
 7404 02b3 436E4F0F 		.ascii	"CnO\017\313Q\241\355/9\331$\255$\001~B\230\313P|\365"
 7404      CB51A1ED 
 7404      2F39D924 
 7404      AD24017E 
 7404      4298CB50 
 7405 02c9 397505CF 		.ascii	"9u\005\317\217t_o\001\353\\@\213Z\377\265\322\275~\305"
 7405      8F745F6F 
 7405      01EB5C40 
 7405      8B5AFFB5 
 7405      D2BD7EC5 
 7406 02dd 9923D833 		.ascii	"\231#\3303\214]\357U3&\035\021\333\275w\217\252\331"
 7406      8C5DEF55 
 7406      33261D11 
 7406      DBBD778F 
 7406      AAD9
 7407 02ef 29F03347 		.ascii	")\3603GLc\004\255\326\024\365\207#\366 \232\023:jT\320"
 7407      4C6304AD 
 7407      D614F587 
 7407      23F6209A 
 7407      133A6A54 
 7408 0304 A97086A1 		.ascii	"\251p\206\241u\202\376\305*F\337J\005\035M\324x*\220"
 7408      7582FEC5 
 7408      2A46DF4A 
 7408      051D4DD4 
 7408      782A90
 7409 0317 4B89C6C0 		.ascii	"K\211\306\30048\013\231\350/\262\331\366\240\245\362"
 7409      34380B99 
 7409      E82FB2D9 
 7409      F6A0A5F2 
 7410 0327 A0B5BDBB 		.ascii	"\240\265\275\273\273\321K\236U\2551\0368G\236\341W\364"
 7410      BBD14B9E 
 7410      55AD311E 
 7410      38479EE1 
 7410      57F4
 7411 0339 8390C2D9 		.ascii	"\203\220\302\331\311\212\035\232\255^TkH}m0\254\000"
 7411      C98A1D9A 
 7411      AD5E546B 
 7411      487D6D30 
 7411      AC00
 7412 034b E287E552 		.ascii	"\342\207\345R\376\330\003:{\236\2231(\231\3370\231\020"
 7412      FED8033A 
 7412      7B9E9331 
 7412      2899DF30 
 7412      9910
 7413 035d F8CBD308 		.ascii	"\370\313\323\010\2128\003\341\330\321\025{\337\375c"
 7413      8A3803E1 
 7413      D8D1157B 
 7413      DFFD63
 7414 036c 55124E96 		.ascii	"U\022N\226>^\223\264\243\310|\321\346i\007\005\266A"
 7414      3E5E93B4 
 7414      A3C87CD1 
ARM GAS  /tmp/ccQ4TWpz.s 			page 226


 7414      E6690705 
 7414      B641
 7415 037e 1651750F 		.ascii	"\026Qu\017s\340\335K_\224\306(\016\014\365\313\315\212"
 7415      73E0DD4B 
 7415      5F94C628 
 7415      0E0CF5CB 
 7415      CD8A
 7416 0390 98FFC3EE 		.ascii	"\230\377\303\356d\305\353\337N!x)\204\355W6\215\261"
 7416      64C5EBDF 
 7416      4E217829 
 7416      84ED5736 
 7416      8DB1
 7417 03a2 89BA9886 		.ascii	"\211\272\230\206\274\234\202\302\013L\325[h\253\341"
 7417      BC9C82C2 
 7417      0B4CD55B 
 7417      68ABE1
 7418 03b1 82AACBB5 		.ascii	"\202\252\313\265t\007\247\3273\247\003\374N\033\342"
 7418      7407A7D7 
 7418      33A703FC 
 7418      4E1BE2
 7419 03c0 787E884C 		.ascii	"x~\210L\321\302:\200\016e{'\235U\232\216\206GI-\223"
 7419      D1C23A80 
 7419      0E657B27 
 7419      9D559A8E 
 7419      8647492D 
 7420 03d5 098E92C2 		.ascii	"\011\216\222\302}\271\313\013\027\271\232.+\026\270"
 7420      7DB9CB0B 
 7420      17B99A2E 
 7420      2B16B8
 7421 03e4 A4E8AB61 		.ascii	"\244\350\253a\202\205\224\350\354\2767\202f\0208\015"
 7421      828594E8 
 7421      ECBE3782 
 7421      6610380D 
 7422 03f4 5DC1E511 		.ascii	"]\301\345\021g.\035B\014\354V\300W\020\030\367\253\275"
 7422      672E1D42 
 7422      0CEC56C0 
 7422      571018F7 
 7422      ABBD
 7423 0406 7EF208C0 		.ascii	"~\362\010\300\031\270`W\325\202\225H\343j\305\236,\233"
 7423      19B86057 
 7423      D5829548 
 7423      E36AC59E 
 7423      2C9B
 7424 0418 B9ABB619 		.ascii	"\271\253\266\031*U\177\371B\322\250\016h\374\365\341"
 7424      2A557FF9 
 7424      42D2A80E 
 7424      68FCF5E1 
 7425 0428 0BE7E3C8 		.ascii	"\013\347\343\310X\207R\015\256\261u\211t\365\016\261"
 7425      5887520D 
 7425      AEB17589 
 7425      74F50EB1 
 7426 0438 BEC6AF89 		.ascii	"\276\306\257\2112\231\3128\273\266\311p\2356\340`s\020"
 7426      3299CA38 
 7426      BBB6C970 
 7426      9D36E060 
 7426      7310
 7427 044a 49F7A953 		.ascii	"I\367\251S\344\324=\002\235\234\216\307J\207^\217\347"
ARM GAS  /tmp/ccQ4TWpz.s 			page 227


 7427      E4D43D02 
 7427      9D9C8EC7 
 7427      4A875E8F 
 7427      E7
 7428 045b 6E74C516 		.ascii	"nt\305\026\203_\255_\034\374\0019V\252\177B1\204\267"
 7428      835FAD5F 
 7428      1CFC0139 
 7428      56AA7F42 
 7428      3184B7
 7429 046e 97DDE082 		.ascii	"\227\335\340\202$\205\027\252#\202=\341\001\243~\235"
 7429      248517AA 
 7429      23823DE1 
 7429      01A37E9D 
 7430 047e 9D46A91A 		.ascii	"\235F\251\032v\021}&s6\325\322\356\177\215\235\330\301"
 7430      76117D26 
 7430      7336D5D2 
 7430      EE7F8D9D 
 7430      D8C1
 7431 0490 1B9E51E2 		.ascii	"\033\236Q\342w\253U\262\360{0\003\342AB\035\320l\007"
 7431      77AB55B2 
 7431      F07B3003 
 7431      E241421D 
 7431      D06C07
 7432 04a3 B5439543 		.ascii	"\265C\225C\376\341\214R\036z\300t\350e\037\321\312\307"
 7432      FEE18C52 
 7432      1E7AC074 
 7432      E8651FD1 
 7432      CAC7
 7433 04b5 0D8B7E3E 		.ascii	"\015\213~>\010\327\006G(\205Z\364\277\312sSq\274\005"
 7433      08D70647 
 7433      28855AF4 
 7433      BFCA7353 
 7433      71BC05
 7434 04c8 FD179527 		.ascii	"\375\027\225'\215C\356\034*O\335Py\302\321\247?\214"
 7434      8D43EE1C 
 7434      2A4FDD50 
 7434      79C2D1A7 
 7434      3F8C
 7435 04da 0B7E77FD 		.ascii	"\013~w\375\035\341\340\326\260\3303\020\212\0136\272"
 7435      1DE1E0D6 
 7435      B0D83310 
 7435      8A0B36BA 
 7436 04ea E019F99F 		.ascii	"\340\031\371\237\010\344\333\024z\006\307[\241\331\343"
 7436      08E4DB14 
 7436      7A06C75B 
 7436      A1D9E3
 7437 04f9 AE488C39 		.ascii	"\256H\2149\303f2\246\001\276y]}\217\351\342\315\260"
 7437      C36632A6 
 7437      01BE795D 
 7437      7D8FE9E2 
 7437      CDB0
 7438 050b B81497E0 		.ascii	"\270\024\227\340\026\244\242\267\226]\003\371\326v\230"
 7438      16A4A2B7 
 7438      965D03F9 
 7438      D67698
 7439 051a 1ADC814C 		.ascii	"\032\334\201L\275\363\000\320\226\030;;\000_b\300{\342"
 7439      BDF300D0 
ARM GAS  /tmp/ccQ4TWpz.s 			page 228


 7439      96183B3B 
 7439      005F62C0 
 7439      7BE2
 7440 052c 0FD2C63D 		.ascii	"\017\322\306=\233\235\355\303\337y\363\027\274\266\240"
 7440      9B9DEDC3 
 7440      DF79F317 
 7440      BCB6A0
 7441 053b 6069EEB2 		.ascii	"`i\356\262%\313\363\337\364\025,\365\315\237\273\310"
 7441      25CBF3DF 
 7441      F4152CF5 
 7441      CD9FBBC8 
 7442 054b B7B860C9 		.ascii	"\267\270`\311\262\245\276\331s^zj\222o\326\254\347}"
 7442      B2A5BED9 
 7442      735E7A6A 
 7442      926FD6AC 
 7442      E77D
 7443 055d AFCC9EF1 		.ascii	"\257\314\236\361\362\234\267'\322Y\356\362\271K\226"
 7443      F29CB727 
 7443      D259EEF2 
 7443      B94B96
 7444 056c E52E5A94 		.ascii	"\345.Z\224\227=O\030\244/\316\210|\232\375\364\224I"
 7444      973D4F18 
 7444      A42FCE88 
 7444      7C9AFDF4 
 7444      9449
 7445 057e 3953F226 		.ascii	"9S\362&\347\010\310\327\337*\310{\375_\003\306\261\246"
 7445      E708C8D7 
 7445      DF2AC87B 
 7445      FD5F03C6 
 7445      B1A6
 7446              		.text
 7447              		.section	.gnu.lto_.symbol_nodes.8b963afdfd85344d,"e",%progbits
 7448 0000 789C75D3 		.ascii	"x\234u\323\317k\023A\024\007\360\367c\262\333$f7\246"
 7448      CF6B1341 
 7448      1407F0F7 
 7448      63B2DB24 
 7448      6637A6
 7449 0013 665B2354 		.ascii	"f[#T\021\244wO\036\025<\370wx\361\340\321?\340mCN\236"
 7449      11A4774F 
 7449      1E153CF8 
 7449      7778F1E0 
 7449      D13FE06D 
 7450 002a BCE4E041 		.ascii	"\274\344\340A\324\240 z,\025SD\024z\222 *\012zR\353"
 7450      D4A0207A 
 7450      2C155344 
 7450      147A9220 
 7450      2A0A7A52 
 7451 003f 9AD6DF51 		.ascii	"\232\326\337Q\033-Q\250\223L:\273\205\3319}y\237\367"
 7451      1B2D51A8 
 7451      934C3ABB 
 7451      85D9397D 
 7451      799FF7
 7452 0052 76671FEC 		.ascii	"vg\037\354\014 \234Q\000@\011\011\305\372(\274\364\004"
 7452      0C209C51 
 7452      00400909 
 7452      C5FA28BC 
 7452      F404
ARM GAS  /tmp/ccQ4TWpz.s 			page 229


 7453 0064 4000BAF1 		.ascii	"@\000\272\361\243\330\323<\306>\011\017F\267N\270l\203"
 7453      A3D8D33C 
 7453      C63E090F 
 7453      46B74EB8 
 7453      6C83
 7454 0076 44E50E7E 		.ascii	"D\345\016~\")\354\350\303.\374H\002\331\247\336\273"
 7454      2229ECE8 
 7454      C32EFC48 
 7454      02D9A7DE 
 7454      BB
 7455 0087 965ACCE2 		.ascii	"\226Z\314\342e\014\307sG\246\266I\202o\207\317\006\340"
 7455      650CC773 
 7455      47A6B649 
 7455      826F87CF 
 7455      06E0
 7456 0099 1A5C62F1 		.ascii	"\032\\b\361\263\327\301n\313N\026\336\023-\035\035w"
 7456      B3D7C16E 
 7456      CB4E16DE 
 7456      132D1D1D 
 7456      77
 7457 00aa 7D2699D9 		.ascii	"}&\231\331s\351\325\370\324\264\347\035\201\351\371"
 7457      73E9D5F8 
 7457      D4B4E71D 
 7457      81E9F9
 7458 00b9 4252CCE9 		.ascii	"BR\314\351Y'4=_IJ\356\036\372FR\316\241\357$\373\366"
 7458      5927343D 
 7458      5F494AEE 
 7458      1EFA4652 
 7458      CEA1EF24 
 7459 00cf 6C25A501 		.ascii	"l%\245\001I%g\352\007I\220C?I\302\354&S\371ERu\313\026"
 7459      492567EA 
 7459      07499043 
 7459      3F49C2EC 
 7459      2653F945 
 7460 00e7 C97EA7E0 		.ascii	"\311~\247\340\210\244\2663=\207'\014\020\307'\265\374"
 7460      88A4B633 
 7460      3D87270C 
 7460      10C727B5 
 7460      FC
 7461 00f8 239975CB 		.ascii	"#\231u\313\220\344\200[~\223\324\335\262M\022\271\345"
 7461      90E4805B 
 7461      7E93D4DD 
 7461      B24D12B9 
 7461      E5
 7462 0109 0FC99C5B 		.ascii	"\017\311\234[\376\222\314;\205\011\315r\326\221\031"
 7462      FE92CC3B 
 7462      8509CD72 
 7462      D69119
 7463 0118 FABDCBCB 		.ascii	"\372\275\313\313\210\315@\261I+\001(^\356\367^\353\233"
 7463      88CD40B1 
 7463      492B0128 
 7463      5EEEF75E 
 7463      EB9B
 7464 012a 4636B617 		.ascii	"F6\266\027\200U\375\376\350q\015[\236R\233\235\273\213"
 7464      8055FDFE 
 7464      E8710D5B 
 7464      9E529B9D 
ARM GAS  /tmp/ccQ4TWpz.s 			page 230


 7464      BB8B
 7465 013c B8320BAA 		.ascii	"\2702\013\2520I/C`\257\276\275\325>\246\225\275\302"
 7465      30492F43 
 7465      60AFBEBD 
 7465      D53EA695 
 7465      BDC2
 7466 014e 64599DB2 		.ascii	"dY\235\262\362&:,\001\373Q\367\342\225\343\330B.\262"
 7466      F2263A2C 
 7466      01FB51F7 
 7466      E295E3D8 
 7466      422EB2
 7467 0161 7979D3E3 		.ascii	"yy\323\343\342\234\211k>\227\323j9\255V\322j%\255\006"
 7467      E29C896B 
 7467      3E97D36A 
 7467      39AD56D2 
 7467      6A25AD06 
 7468 0175 F3269EB6 		.ascii	"\363&\236\266)S\\\0138l\274\372pg\001\023\334M7|\016"
 7468      29535C0B 
 7468      386CBCFA 
 7468      70670113 
 7468      DC4D377C 
 7469 018a 0F9A5A68 		.ascii	"\017\232Zh5\262\332\260z\326\3529\253\347\255^\340p"
 7469      35B2DAB0 
 7469      7AD6EA39 
 7469      ABE7AD5E 
 7469      E070
 7470 019c FADF776E 		.ascii	"\372\337wn#W\361\372\203\247\033\200\035\035\017\231"
 7470      2357F1FA 
 7470      83A71B80 
 7470      1D1D0F99 
 7471 01ac A8BF7D37 		.ascii	"\250\277}7&:F\017\257\266K\230\224tj\366\332ELj\\\365"
 7471      263A460F 
 7471      AFB64B98 
 7471      94746AF6 
 7471      DA454C6A 
 7472 01c2 DF3CBFF9 		.ascii	"\337<\277\371\002\260\331\200\377\026ke\""
 7472      02B0D980 
 7472      FF166B65 
 7472      22
 7473              		.text
 7474              		.section	.gnu.lto_.refs.8b963afdfd85344d,"e",%progbits
 7475 0000 789C0DCB 		.ascii	"x\234\015\313\335J\002\001\024\304\361\231a\335=\235"
 7475      DD4A0201 
 7475      14C4F199 
 7475      61DD3D9D 
 7476 0010 66571389 		.ascii	"fW\023\211\210\220\266\017D\354\306\336\3776D\"\354"
 7476      8890B60F 
 7476      44ECC6DE 
 7476      FF364422 
 7476      EC
 7477 0021 46DF4142 		.ascii	"F\337ABz\005\317\325\357\317\300\004\210=\000v\012\361"
 7477      7A05CFD5 
 7477      EFCFC004 
 7477      883D0076 
 7477      0AF1
 7478 0033 4619BC95 		.ascii	"F\031\274\225\203\275\"\346\203R\314\206\331\262\366"
 7478      83BD22E6 
ARM GAS  /tmp/ccQ4TWpz.s 			page 231


 7478      8352CC86 
 7478      D9B2F6
 7479 0042 4CA6E581 		.ascii	"L\246\345\201\236\321szA\337\323\017\212G\306\023c\311"
 7479      9ED1737A 
 7479      41DFD30F 
 7479      8A47C613 
 7479      63C9
 7480 0054 7866BC30 		.ascii	"xf\2740\336\306\251r\242\266Sv\365S\323+{\346\200\034"
 7480      DEC6A972 
 7480      A2B65376 
 7480      F553D32B 
 7480      7BE6801C 
 7481 0068 99AFC877 		.ascii	"\231\257\310w\346J^\253\335\310\033\372C\315V\336\322"
 7481      E64A5EAB 
 7481      DDC81BFA 
 7481      43CD56DE 
 7481      D2
 7482 0079 9FF017E8 		.ascii	"\237\360\027\350\035\340}\371\015\305\017\324\036\312"
 7482      1DE07DF9 
 7482      0DC50FD4 
 7482      1ECA
 7483 0087 0318BF50 		.ascii	"\003\030\277Ps\254>V\237\2008\227\177\345\245\374\207"
 7483      73AC3E56 
 7483      9F803897 
 7483      7FE5A5FC 
 7483      87
 7484 0098 66CA3B79 		.ascii	"f\312;y\304\025X\252\024\007"
 7484      C41558AA 
 7484      1407
 7485              		.text
 7486              		.section	.gnu.lto_.decls.8b963afdfd85344d,"e",%progbits
 7487 0000 789CCD5A 		.ascii	"x\234\315ZyXU\311\225\177\365\352=x\013H\017\332\235"
 7487      795855C9 
 7487      957FF5EA 
 7487      3D780B48 
 7487      0FDA9D
 7488 0013 4EEC9974 		.ascii	"N\354\231tzL\314\314\244\033Q{\371#\351D\261\273\355"
 7488      7A4CCCCC 
 7488      A41B517B 
 7488      F923E944 
 7488      B1BBED
 7489 0026 A4EDF4A0 		.ascii	"\244\355\364\240\335_z&\035b\343\263%#`\000\375L\276"
 7489      DD5F7A26 
 7489      1D62E3B3 
 7489      25236000 
 7489      FD4CBE
 7490 0039 C9378F4D 		.ascii	"\3117\217M\226V\004\025\225M\001QA6q\303\005\344\011"
 7490      96560415 
 7490      954D0151 
 7490      413671C3 
 7490      05E409
 7491 004c CAAA2CE2 		.ascii	"\312\252,\342\006\210\340S\331\224\035d\021eNU\335\373"
 7491      0688E053 
 7491      D9941D64 
 7491      11654E55 
 7491      DDFB
 7492 005e 5EDDB7A0 		.ascii	"^\335\267\240I\346\217yz\270\267\352\236\372\325\357"
ARM GAS  /tmp/ccQ4TWpz.s 			page 232


 7492      49E68F79 
 7492      7AB8B7EA 
 7492      9EFAD5EF 
 7493 006e 9C3A756E 		.ascii	"\234:un\335\272W%C\262\017\337\226\311\026;\312dAZ\231"
 7493      DDBA5725 
 7493      43B20FDF 
 7493      96C9163B 
 7493      CA64415A 
 7494 0083 6C1A7EB3 		.ascii	"l\032~\263e2Y\003\210\032\344\002\310\024H=\210\022"
 7494      65325903 
 7494      881AE402 
 7494      C814483D 
 7494      8812
 7495 0095 C9645A10 		.ascii	"\311dZ\020\027\020\037(\177\003\322#c\277\357\202\314"
 7495      17101F28 
 7495      7F03D223 
 7495      63BFEF82 
 7495      CC
 7496 00a6 86FA9741 		.ascii	"\206\372\227A\346\202|\037\344\007 \377\0142\037\344"
 7496      E6827C1F 
 7496      E40720FF 
 7496      0C321FE4 
 7497 00b6 4D900520 		.ascii	"M\220\005 \013A\026\203\274\003\362\036\310\277\202"
 7497      0B411683 
 7497      BC03F21E 
 7497      C8BF82
 7498 00c5 BC0FB214 		.ascii	"\274\017\262\024d9\310/A>\003Y\005\362\005\310o@\276"
 7498      6439C82F 
 7498      413E0359 
 7498      05F205C8 
 7498      6F40BE
 7499 00d8 02F90388 		.ascii	"\002\371\003\210\037\010\206~6\3001\000$\010\311$\277"
 7499      1F08867E 
 7499      36C03100 
 7499      2408C924 
 7499      BF
 7500 00e9 77E53299 		.ascii	"w\3452\231\003\034]A\346\020N\210\361\377\021\310|A"
 7500      031C5D41 
 7500      E6104E88 
 7500      F1FF11C8 
 7500      7C41
 7501 00fb 8734996B 		.ascii	"\2074\231k\321\216\374~.gm\326q\355\211\335[A7\031\261"
 7501      D18EFC7E 
 7501      2E676DD6 
 7501      71ED89DD 
 7501      5B413719 
 7502 0110 F6AF81FC 		.ascii	"\366\257\201\374\007\310_\240\374%\034\363\341\370\004"
 7502      07C85FA0 
 7502      FC251CF3 
 7502      E1F804
 7503 011f 8EDFC2F1 		.ascii	"\216\337\302\361(H\022\310\177\203\024\200\034\003\311"
 7503      284812C8 
 7503      7F831480 
 7503      1C03C9
 7504 012e 03D1C0F5 		.ascii	"\003\321\300\365\021\22008\337\005\022\001\022\0052"
 7504      11903038 
 7504      DF051201 
ARM GAS  /tmp/ccQ4TWpz.s 			page 233


 7504      120532
 7505 013d 01758320 		.ascii	"\001u\203 Yp~\030$\0231n\337\267\301\315\003\270\375"
 7505      59707E18 
 7505      2413316E 
 7505      DFB7C1CD 
 7505      03B8FD
 7506 0150 A30D6EF9 		.ascii	"\243\015n\371\202}dlZ\004\216\304\326V8/\007iCf\376"
 7506      827D646C 
 7506      5A048EC4 
 7506      D656382F 
 7506      07694366 
 7507 0165 84E76938 		.ascii	"\204\347i8\376\023H3H;\310]\201#\341l\004\271\007\322"
 7507      FE134833 
 7507      483BC85D 
 7507      8123E16C 
 7507      04B907D2 
 7508 0179 6F61CF1C 		.ascii	"oa\317\034\201\347\020H#\224\257\202\344\202\034\002"
 7508      81E71048 
 7508      2394AF82 
 7508      E4821C02 
 7509 0189 C9066910 		.ascii	"\311\006i\020\370\327\0136\020{n\201\214sv\357\006I"
 7509      F8D70B36 
 7509      107B6E81 
 7509      8C7376EF 
 7509      0649
 7510 019b 04199031 		.ascii	"\004\031\2201\037\2201$\261\361\000\331\266\367#\260"
 7510      1F903124 
 7510      B1F100D9 
 7510      B6F723B0 
 7511 01ab F7551BF6 		.ascii	"\367U\033\366\326s6\023[\277\024\354.A\3146b\243h\017"
 7511      D6733613 
 7511      5BBF14EC 
 7511      2E41CC36 
 7511      62A3680F 
 7512 01bf B1B103A4 		.ascii	"\261\261\003\244\023\244\013\344{ \347A\272Az\004?\250"
 7512      13A40BE4 
 7512      7B20E741 
 7512      BA417A04 
 7512      3FA8
 7513 01d1 B83110ED 		.ascii	"\2701\020\355!v\326\301\361\006\3105\020\240Bc\330V"
 7513      2176D6C1 
 7513      F106C835 
 7513      10A04263 
 7513      D856
 7514 01e3 CCCC878B 		.ascii	"\314\314\207\213\257\333\3419\237\213\035\313\270i\021"
 7514      AFDBE139 
 7514      9F8B1DCB 
 7514      B86911
 7515 01f2 F8DE87F3 		.ascii	"\370\336\207\363\025\210\315\253\207 \217@~\375\234"
 7515      1588CDAB 
 7515      87208F40 
 7515      7EFD9C
 7516 0201 98EA9031 		.ascii	"\230\352\2201\333,\355\230\260\021c\243\302\270\335"
 7516      DB2CED98 
 7516      B01163A3 
 7516      C2B8DD
 7517 0210 147C4EE6 		.ascii	"\024|N\346g\2370\277,\177\277\236\301\226\231\346\200"
ARM GAS  /tmp/ccQ4TWpz.s 			page 234


 7517      679F30BF 
 7517      2C7FBF9E 
 7517      C19699E6 
 7517      80
 7518 0221 684BBBCC 		.ascii	"hK\273\314\034s3\3617\332\340\317\307\236\263\314\366"
 7518      1C7333F1 
 7518      37DAE0CF 
 7518      C79EB3CC 
 7518      F6
 7519 0232 7C792CD8 		.ascii	"|y,\330\322\304\305\027\037W\304>\222{\346\013qEL,\266"
 7519      D2C4C517 
 7519      1F57C43E 
 7519      927BE60B 
 7519      71454C2C 
 7520 0247 B0F1DF66 		.ascii	"\260\361\337f\210+b[\273`\017\261\343G3\214\215h\003"
 7520      882B625B 
 7520      BB600FB1 
 7520      E347338C 
 7520      8D6803
 7521 025a CFFB1239 		.ascii	"\317\373\0229\222v \012\231\231\257\310U)\360\023\375"
 7521      9276200A 
 7521      9999AFC8 
 7521      5529F013 
 7521      FD
 7522 026b 3F13CFFF 		.ascii	"?\023\317\377\004\236N6x\022\216\244\377\001\3048\257"
 7522      049E4E36 
 7522      78128EA4 
 7522      FF01C438 
 7522      AF
 7523 027c 446CAE7C 		.ascii	"Dl\256|(g>&\261\272\010\376\274)g\376 \271\225\344\335"
 7523      28673E26 
 7523      B1BA08FE 
 7523      BC2967FE 
 7523      20B995E4 
 7524 0291 55423F96 		.ascii	"UB?\226\371r5\3509\012\375\2201\234\022\360\311\230"
 7524      F97235E8 
 7524      390AFD90 
 7524      319C12F0 
 7524      C998
 7525 02a3 2C876B6E 		.ascii	",\207kn\202>\301\"\271\233\314\203/\004\254\015\026"
 7525      823EC122 
 7525      B99BCC83 
 7525      2F04AC0D 
 7525      16
 7526 02b4 58BABF02 		.ascii	"X\272\277\002k\241\005V\200\005\226\317_\201\265\330"
 7526      6BA10556 
 7526      800596CF 
 7526      5F81B5D8 
 7527 02c4 02CBD246 		.ascii	"\002\313\322F_9\233\037\266\260\362\2219\276\311\370"
 7527      5F399B1F 
 7527      B6B0F291 
 7527      39BEC9F8 
 7528 02d4 905C4062 		.ascii	"\220\\@biL\306b\220\314)\342Sr\257\372\015\232\371\336"
 7528      694CC662 
 7528      90CC29E2 
 7528      5372AFFA 
 7528      0D9AF9DE 
ARM GAS  /tmp/ccQ4TWpz.s 			page 235


 7529 02e8 F347507C 		.ascii	"\363GP|\303\306\230u\011\370\342=\250E\350\367/\310"
 7529      C3C69875 
 7529      09F8E23D 
 7529      A845E8F7 
 7529      2FC8
 7530 02fa 9C97C93D 		.ascii	"\234\227\311=\364c9\343B\356\257>\026\343\372K8\376"
 7530      F46339E3 
 7530      42EEAF3E 
 7530      16E3FA4B 
 7530      38FE
 7531 030c 16B19813 		.ascii	"\026\261\230\023s6?\277H\374\221\230\354\220\231s<\341"
 7531      73363FBF 
 7531      48FC9198 
 7531      EC909973 
 7531      3CE1
 7532 031e 30CCD921 		.ascii	"0\314\331!\306\205h\037\271\337\221\371@b\224\344tb"
 7532      C685681F 
 7532      B9DF91F9 
 7532      406294E4 
 7532      7462
 7533 0330 3BC97F64 		.ascii	";\311\177d\336\355\025b\226\3040\311!\344\236J\356\325"
 7533      DEED1562 
 7533      96C430C9 
 7533      21E49E4A 
 7533      EED5
 7534 0342 E41E4C62 		.ascii	"\344\036Lb\230\344\021rO\376\301s|\3629\340\277<\203"
 7534      98E41172 
 7534      4FFEC173 
 7534      7CF239E0 
 7534      BF3C83
 7535 0355 4FC478EE 		.ascii	"O\304x\356\341x\377\012\332\370\"\3731\376\011\034\177"
 7535      E178FF0A 
 7535      DAF822FB 
 7535      31FE091C 
 7535      7F
 7536 0366 82587CD8 		.ascii	"\202X|\330\262O\264\213\214'\211\177r\177\361\023\346"
 7536      B24FB48B 
 7536      8C27897F 
 7536      727FF113 
 7536      E6
 7537 0377 C09BC21C 		.ascii	"\300\233\302\034\021\371\362\277\277\300\205Wlp\025"
 7537      11F9F2BF 
 7537      BFC08557 
 7537      6C7015
 7538 0386 D73A7C0E 		.ascii	"\327:|\016\024s\236\275\373?\341\315\34782^Z\2319G\213"
 7538      14739EBD 
 7538      FB3FE1CD 
 7538      E738325E 
 7538      5A993947 
 7539 039b 798B8C03 		.ascii	"y\213\214\003\311qd\014n\010c@\356CYB,\277o\301\221"
 7539      C971640C 
 7539      6E086340 
 7539      EE435942 
 7539      2CBF6FC1 
 7540 03b0 FCC2E58C 		.ascii	"\374\302\345\214\237\310\321\005=\177\2352S>v\220\331"
 7540      9FC8D105 
 7540      3D7F9D32 
ARM GAS  /tmp/ccQ4TWpz.s 			page 236


 7540      533E7690 
 7540      D9
 7541 03c1 BE77240A 		.ascii	"\276w$\012\034\226\332\340\020gg\\\011\227o\376\016"
 7541      1C96DAE0 
 7541      1067675C 
 7541      09976FFE 
 7541      0E
 7542 03d2 2EC46F2A 		.ascii	".\304o*\231\355\374\317\347zBi\271\015^\361\300\353"
 7542      99EDFCCF 
 7542      E77A4269 
 7542      B90D5EF1 
 7542      C0EB
 7543 03e4 7B367CF3 		.ascii	"{6|\363\"\367\260\027\271wY\346|\255\035\256\211H\232"
 7543      22F7B017 
 7543      B97759E6 
 7543      7CAD1DAE 
 7543      89489A
 7544 03f7 FB770BBC 		.ascii	"\373w\013\274I\354\221\365\355\003\033\334\367`t\340"
 7544      49EC91F5 
 7544      ED031BDC 
 7544      F76074E0 
 7545 0407 646EA64B 		.ascii	"dn\246K\014F?\322\240\351i\014\025\025\375\275\327\020"
 7545      0C463FD2 
 7545      A0E9690C 
 7545      1515FDBD 
 7545      D710
 7546 0419 AB20D74F 		.ascii	"\253 \327O\036<\232\240\306rz~\372\306p\267\263[\256"
 7546      1E3C9AA0 
 7546      C6727A7E 
 7546      FAC670B7 
 7546      B35BAE
 7547 042c 9EFD545B 		.ascii	"\236\375T[\261\014\025!L\221Vh\211\302\371\270\226\016"
 7547      B10C1521 
 7547      4C915668 
 7547      89C2F9B8 
 7547      960E
 7548 043e 0D5E4B95 		.ascii	"\015^K\225\267\\\212=\347\0148\256\032$\207b\332\365"
 7548      B75C8A3D 
 7548      E70C38AE 
 7548      1A248762 
 7548      DAF5
 7549 0450 FA10023B 		.ascii	"\372\020\002;G\203^\202bC\332h\244\213&R\257\017\321"
 7549      47835E82 
 7549      6243DA68 
 7549      A48B2652 
 7549      AF0FD1
 7550 0463 C786EA95 		.ascii	"\307\206\352\225?\226!\003\232\213J\320\\\031:\217h"
 7550      3F962103 
 7550      9A8B4AD0 
 7550      5C193A8F 
 7550      68
 7551 0474 E7C5C80D 		.ascii	"\347\305\310\015\235\203\272\263\244\356\002\322@\243"
 7551      9D83BAB3 
 7551      A4EE02D2 
 7551      40A3
 7552 0482 3B2129E3 		.ascii	";!)\343N\014R\001\305]\325'\2524\014\362u(\346\236\332"
 7552      4E0C5201 
ARM GAS  /tmp/ccQ4TWpz.s 			page 237


 7552      C55DD527 
 7552      AA340CF2 
 7552      7528E69E 
 7553 0497 9AE4C8AE 		.ascii	"\232\344\310\256\276J\310\206\266$#\354O\271\264\204"
 7553      BE4AC886 
 7553      B62423EC 
 7553      4FB9B484 
 7554 04a7 17C4A0D9 		.ascii	"\027\304\240\331q\002q=b\256@\345h6\351F\360\304\203"
 7554      7102713D 
 7554      62AE40E5 
 7554      6836E946 
 7554      F0C483
 7555 04ba ECEE142D 		.ascii	"\354\356\024-\336H\033$\037\232\372T\324\017\023\364"
 7555      DE481B24 
 7555      1F9AFA54 
 7555      D40F13F4 
 7556 04ca 51051093 		.ascii	"Q\005\020\2236\031\210\276\334\346\350\024M\254H\015"
 7556      361988BE 
 7556      DCE6E814 
 7556      4DAC480D 
 7557 04da D5AB97A3 		.ascii	"\325\253\227\243J\270\\\006\244K\201\264\014U!'\246"
 7557      4AB85C06 
 7557      A44B81B4 
 7557      0C552127 
 7557      A6
 7558 04eb 271AEFCA 		.ascii	"'\032\357\312\214O\317\212JQ\341H\304\374\224W\232\343"
 7558      8C4FCF8A 
 7558      4A51E148 
 7558      C4FC9457 
 7558      9AE3
 7559 04fd 806358A1 		.ascii	"\200cX\241h\313\323\363\304\206\371d4\246\247]\270\361"
 7559      68CBD3F3 
 7559      C486F964 
 7559      34A6A75D 
 7559      B8F1
 7560 050f 98CFC623 		.ascii	"\230\317\306#+#.\335\001\357e\352\211\355\331iN\314"
 7560      2B232EDD 
 7560      01EF65EA 
 7560      89EDD969 
 7560      4ECC
 7561 0521 8BB47F99 		.ascii	"\213\264\177\231\251sT\207h\023\342\305Z\250\273\002"
 7561      A9735487 
 7561      6813E2C5 
 7561      5AA8BB02 
 7562 0531 75D0A064 		.ascii	"u\320\240dzw\211\202\021QAq\254l\3520\302i\014,\347"
 7562      7A778982 
 7562      11514171 
 7562      AC6CEA30 
 7562      C2690C2C 
 7563 0546 716E0FC2 		.ascii	"qn\017\302\331h&\217]\223\230_\331Z\260\013\343\002"
 7563      D968268F 
 7563      5D93985F 
 7563      D95AB00B 
 7563      E302
 7564 0558 D6C258B4 		.ascii	"\326\302X\264\377\214\203e\013t\035hH\033\3456\215\356"
 7564      FF8C8365 
 7564      0B741D68 
ARM GAS  /tmp/ccQ4TWpz.s 			page 238


 7564      481BE536 
 7564      8DEE
 7565 056a D0F03EBB 		.ascii	"\320\360>\273!\361\331M\321g\335\317\362;\025\270dF"
 7565      21F1D94D 
 7565      D167DDCF 
 7565      F23B15B8 
 7565      6446
 7566 057c 3A4D12E4 		.ascii	":M\022\344\322\306\360I9.g-\306\243\014}\330j\010\233"
 7566      D2C6F049 
 7566      392E672D 
 7566      C6A30C7D 
 7566      D86A089B 
 7567 0590 818EB451 		.ascii	"\201\216\264Q\364\351\221,g\236N\213\204\316m\221N\373"
 7567      F4E9912C 
 7567      679E4E8B 
 7567      84CE6D91 
 7567      4EFB
 7568 05a2 C8919D1A 		.ascii	"\310\221\235\032\334\300\300\015\355\333&0\270\3615"
 7568      DCC0C00D 
 7568      EDDB2630 
 7568      B8F135
 7569 05b1 1826C48D 		.ascii	"\030&\304\215\321kl\214\272\015\327\037\252T[\010\246"
 7569      D16B6C8C 
 7569      BA0DD71F 
 7569      AA545B08 
 7569      A6
 7570 05c2 BE4C8F5F 		.ascii	"\276L\217_\225\241Es\321\002\002\327\216T\264o\324\006"
 7570      95A14573 
 7570      D10202D7 
 7570      8E54B46F 
 7570      D406
 7571 05d4 3DDC6163 		.ascii	"=\334ac\222\221\036:\02771\340\354k\017\236\272\330"
 7571      92911E3A 
 7571      173731E0 
 7571      EC6B0F9E 
 7571      BAD8
 7572 05e6 6889EE02 		.ascii	"h\211\356\002q[\215\213*'n)q'zN\277\367m4\215IJ\274"
 7572      715B8D8B 
 7572      2A276E29 
 7572      71277A4E 
 7572      BFF76D34 
 7573 05fe A6C6FDAC 		.ascii	"\246\306\375\254\351t\310\236,\215\255\216\037@\307"
 7573      E974C89E 
 7573      2C8DAD8E 
 7573      1F40C7
 7574 060d B65AB7A6 		.ascii	"\266Z\267\246\364\017+\360\323\347u\334e\243\351\265"
 7574      F40F2BF0 
 7574      D3E775DC 
 7574      65A3E9B5 
 7575 061d FBD1A55A 		.ascii	"\373\321\245Z\034\312r\312\236\302\203\013m\365\333"
 7575      1CCA72CA 
 7575      9EC2830B 
 7575      6DF5DB
 7576 062c 0DFDDA6A 		.ascii	"\015\375\332j|\325\230\221%\307\333Yc1\003\270\262\014"
 7576      7CD59891 
 7576      25C7DB59 
 7576      633103B8 
ARM GAS  /tmp/ccQ4TWpz.s 			page 239


 7576      B20C
 7577 063e 70E45CF7 		.ascii	"p\344\\\367^9K\010z\222sJ\352\267\207\253p\"\323\255"
 7577      5E394B08 
 7577      7A92734A 
 7577      EAB787AB 
 7577      7022D3AD 
 7578 0652 2CB9B991 		.ascii	",\271\271\221L\225\320\027I8{\260\366~qu\233\034\315"
 7578      4C95D017 
 7578      49387BB0 
 7578      F67E7175 
 7578      9B1CCD
 7579 0665 33FD66A7 		.ascii	"3\375f\247\023\222\206\212\313\363r\017l\337\246O\015"
 7579      1392868A 
 7579      CBF3720F 
 7579      6CDFA64F 
 7579      0D
 7580 0676 C1A81E69 		.ascii	"\301\250\036i\320Uh<)\011\231\006\372\267\214\374eM"
 7580      D055683C 
 7580      29099906 
 7580      FAB78CFC 
 7580      654D
 7581 0688 FA72F0F9 		.ascii	"\372r\360\371\023z}\224\023\011n\324h\247\201\273I\277"
 7581      137A7D94 
 7581      13096ED4 
 7581      68A781BB 
 7581      49BF
 7582 069a 3A0B27EA 		.ascii	":\013'\352\015a\016$\370\320-+u7K\370\375\270\370(\330"
 7582      0D610E24 
 7582      F8D02D2B 
 7582      75374BF8 
 7582      FDB8F828 
 7583 06af E5847AC0 		.ascii	"\345\204z\300_\235\202\2768\000nR\354\332<\221\013$"
 7583      5F9D82BE 
 7583      38006E52 
 7583      ECDA3C91 
 7583      0B24
 7584 06c1 27546305 		.ascii	"'Tc\005^mI\2766SD\357\000\364{\266\320\027\231\224{"
 7584      5E6D49BE 
 7584      365344EF 
 7584      00F47BB6 
 7584      D0179994 
 7585 06d6 32F15EBD 		.ascii	"2\361^\275!\330\001\031A\267\325\226\256\301\214\334"
 7585      21D80119 
 7585      41B7D596 
 7585      AEC18CDC 
 7586 06e6 932B9849 		.ascii	"\223+\230I\334x\331\016\023\306<,\024\274\222\217\023"
 7586      DC78D90E 
 7586      13C63C2C 
 7586      14BC928F 
 7586      13
 7587 06f7 F4861007 		.ascii	"\364\206\020\007\324\017\352}\202\2728\2062t\321\312"
 7587      D40FEA7D 
 7587      82BA3886 
 7587      3274D1CA 
 7588 0707 EB124B2F 		.ascii	"\353\022K/Y\341_4\341\323$\021K\322\212B\206zA\341\021"
 7588      59E15F34 
 7588      E1D32411 
ARM GAS  /tmp/ccQ4TWpz.s 			page 240


 7588      4BD28A42 
 7588      867A41E1 
 7589 071c 898A8742 		.ascii	"\211\212\207B\013\022\026\303h\036\032\005y\0142\004"
 7589      0B1216C3 
 7589      681E1A05 
 7589      790C3204 
 7590 072c 32083200 		.ascii	"2\0102\0002\0062\0022\0012\216\346\011)e$\2738\325q"
 7590      32063202 
 7590      3201328E 
 7590      E6092965 
 7590      24BB38D5 
 7591 0741 F6FF356A 		.ascii	"\366\3775j\\\315\304>%\237\250\236H\314\231\242\211"
 7591      5CCDC43E 
 7591      259FA89E 
 7591      48CC99A2 
 7591      89
 7592 0752 8A1C40B7 		.ascii	"\212\034@\267\246\2743\021\263y\241\205\342\243\350"
 7592      A6BC3311 
 7592      B379A185 
 7592      E2A3E8
 7593 0761 90278E24 		.ascii	"\220'\216$\366\365BS\2507\267|\2064dp\320S6\301\262"
 7593      F6F54253 
 7593      A837B77C 
 7593      86346470 
 7593      D05336C1 
 7594 0776 46639284 		.ascii	"Fc\222\2049E\240\316^\257I\237\305\346T;\271|}\274x"
 7594      3945A0CE 
 7594      5EAF499F 
 7594      C5E6543B 
 7594      B97C7DBC 
 7595 078b D209DFA3 		.ascii	"\322\011\337\243s\012\007GO6a\244\231\213\000\014\321"
 7595      730A0747 
 7595      4F3661A4 
 7595      998B000C 
 7595      D1
 7596 079c DB90FE00 		.ascii	"\333\220\376\000?\211\203\345\030\205\310\001>T>\027"
 7596      3F8983E5 
 7596      1885C801 
 7596      3E543E17 
 7597 07ac 85C9E7CA 		.ascii	"\205\311\347\312\022\364*Z\221\240\007\355\201\377\241"
 7597      12F42A5A 
 7597      91A007ED 
 7597      81FFA1
 7598 07bb E7009ADA 		.ascii	"\347\000\232\332\326\327\353\340\032+x\354\027\210\324"
 7598      D6D7EBE0 
 7598      1A2B78EC 
 7598      1788D4
 7599 07ca C3149E0B 		.ascii	"\303\024\236\013\331\225"
 7599      D995
 7600 07d0 300C97BB 		.ascii	"0\014\227\2732\232\354\034\032t\334\211iQ*`iC\203g\243"
 7600      329AEC1C 
 7600      1A74DC89 
 7600      69512A60 
 7600      69438367 
 7601 07e5 82808476 		.ascii	"\202\200\204vN]\262\272GP\207G\310\371\214o\030\036"
 7601      4E5DB2BA 
 7601      47508747 
ARM GAS  /tmp/ccQ4TWpz.s 			page 241


 7601      C8F98C6F 
 7601      181E
 7602 07f7 4F93DC80 		.ascii	"O\223\334\200\310e\263;\"\345B\306\357LM*R\321>\240"
 7602      C865B33B 
 7602      22E542C6 
 7602      EF4C4D2A 
 7602      52D13EA0 
 7603 080b 0A6D91D3 		.ascii	"\012m\221\323N\242\032&\267\271|'\2362\015\325\277$"
 7603      4EA21A26 
 7603      B7B97C27 
 7603      9E320DD5 
 7603      BF24
 7604 081d 47EB5EE1 		.ascii	"G\353^\341\2020Z\376\035\031\212\222+\030@QM\314=-\337"
 7604      82305AFE 
 7604      1D198A92 
 7604      2B184051 
 7604      4DCC3D2D 
 7605 0832 115CE63A 		.ascii	"\021\\\346:\372\226vD\016\334\215\377K\353\033\377\227"
 7605      FA967644 
 7605      0EDC8DFF 
 7605      4BEB1BFF 
 7605      97
 7606 0843 ECA69231 		.ascii	"\354\246\2221\321_\350\204\273X2\273\336\277'Bn\373"
 7606      D15FE884 
 7606      BB5832BB 
 7606      DEBF2742 
 7606      6EFB
 7607 0855 C61F23A7 		.ascii	"\306\037#\247MH\200m\003\017n\005\257\243\355r\262|"
 7607      4D48806D 
 7607      030F6E05 
 7607      AFA3ED72 
 7607      B27C
 7608 0867 CABB7FF2 		.ascii	"\312\273\177\362\017w!\227\222\025!Bm\360\320G\376\221"
 7608      0F772197 
 7608      92152142 
 7608      6DF0D047 
 7608      FE91
 7609 0879 3FCC55E4 		.ascii	"?\314U\344\210\3109\221i\361\207\310\217\352\311\005"
 7609      88C83991 
 7609      69F187C8 
 7609      8FEAC905 
 7610 0889 75A2C0EA 		.ascii	"u\242\300\352\330A\374\303\352\344\002\212\\Xc\"\326"
 7610      D841FCC3 
 7610      EAE4028A 
 7610      5C586322 
 7610      D6
 7611 089a 86A1D322 		.ascii	"\206\241\323\"\007\315\256#\341\272\010\302\032\210"
 7611      07CDAE23 
 7611      E1BA08C2 
 7611      1A88
 7612 08a8 3779B1A1 		.ascii	"7y\261\241P%\027\272\343[ +\306f@\231\011T #C\246\305"
 7612      502517BA 
 7612      E35B202B 
 7612      C6664099 
 7612      09542023 
 7613 08bf EF95822D 		.ascii	"\357\225\202-\221J#j\017\206\341<Z<\012w\232\227c_\227"
 7613      914A236A 
ARM GAS  /tmp/ccQ4TWpz.s 			page 242


 7613      0F86E13C 
 7613      5A3C0A77 
 7613      9A97635F 
 7614 08d4 510FC78F 		.ascii	"Q\017\307\217G\334\227\343HL\013W\367\264lwz#Uoh\327"
 7614      47DC97E3 
 7614      484C0B57 
 7614      F7B46C77 
 7614      7A23556F 
 7615 08ea 1B6E3EFA 		.ascii	"\033n>\372I\355\331.\275^\243\240\343\271\003\334-\304"
 7615      49EDD92E 
 7615      BD5EA3A0 
 7615      E3B903DC 
 7615      2DC4
 7616 08fc 163997A1 		.ascii	"\0269\227\2418\271\021\241X\371]\264\302\360\013\031"
 7616      38B911A1 
 7616      58F95DB4 
 7616      C2F00B19 
 7617 090c DA297F83 		.ascii	"\332)\177\203\334\326\373N\235\234\205\0370\260\366"
 7617      DCD6FB4E 
 7617      9D9C851F 
 7617      30B0F6
 7618 091b 96C45AA5 		.ascii	"\226\304Z\245\000\326\363KH\2010k\202\345\024l\227\011"
 7618      00D6F34B 
 7618      4881306B 
 7618      82E5146C 
 7618      9709
 7619 092d 0CC5CBDF 		.ascii	"\014\305\313\337 E\036\257\353\027\264\032 n\207Tv\252"
 7619      20451EAF 
 7619      EB17B41A 
 7619      206E8754 
 7619      76AA
 7620 093f F034C36B 		.ascii	"\3604\303k6\204\246hh\234^0\315\205\373wJ#48VA\025\252"
 7620      3684A668 
 7620      689C5E30 
 7620      CD85FB77 
 7620      4A233438 
 7621 0957 CF873C55 		.ascii	"\317\207<U\330\016\226\275r[\253\304\311\276\213er>"
 7621      D80E96BD 
 7621      725BABC4 
 7621      C9BE8B65 
 7621      723E
 7622 0969 C813603A 		.ascii	"\310\023`:\232\243<\221D\371\0361\312k\272'[U`N=\230"
 7622      9AA33C91 
 7622      44F91E31 
 7622      CA6BBA27 
 7622      5B55604E 
 7623 097f D391F36A 		.ascii	"\323\221\363jz\250>\023\332\275N\264\320n\3169\273\245"
 7623      7AA83E13 
 7623      DABD4EB4 
 7623      D06ECE39 
 7623      BBA5
 7624 0991 C6442D95 		.ascii	"\306D-\225\241$jLh\177q\206\006'3\256\231e\021=J\323"
 7624      A1246A4C 
 7624      687F7186 
 7624      062733AE 
 7624      9965113D 
 7625 09a7 A463C6C4 		.ascii	"\244c\306\304\236\034KAv\347\334>\302&Ed\263\243\263"
ARM GAS  /tmp/ccQ4TWpz.s 			page 243


 7625      9E1C4B41 
 7625      76E7DC3E 
 7625      C2264564 
 7625      B3A3B3
 7626 09ba 3E462538 		.ascii	">F%8\367\361\231\357\245\211l@\013%sl\222\245lj\226"
 7626      F7F199EF 
 7626      A5896C40 
 7626      0B25736C 
 7626      92A56C6A 
 7627 09cf C8D07ECA 		.ascii	"\310\320~\312\246'\361\3309%>\314\330\024\015\334{*"
 7627      A627F1D8 
 7627      39253ECC 
 7627      D8140DDC 
 7627      7B2A
 7628 09e1 0E55E94F 		.ascii	"\016U\351O\331P\351\345\024,\225\003K\225\202\305\002"
 7628      D950E9E5 
 7628      142C9503 
 7628      4B9582C5 
 7628      02
 7629 09f2 581A056B 		.ascii	"X\032\005k\314\273zT\213\2173\260\336\362\3763j\001"
 7629      CCBB7A54 
 7629      8B8F33B0 
 7629      DEF2FE33 
 7629      6A01
 7630 0a04 ACFA4B09 		.ascii	"\254\372K\011X:\007\226.\005\013\206A?@\301\206&&\313"
 7630      583A0796 
 7630      2E050B86 
 7630      413F40C1 
 7630      862626CB 
 7631 0a18 95B8EC6F 		.ascii	"\225\270\354o\365\323!\342\247\203\242\237\342;\016"
 7631      F5D321E2 
 7631      A783A29F 
 7631      E23B0E
 7632 0a27 A73A9883 		.ascii	"\247:\230\2030\225\222\301D\011eH\2030C\302\007*\017"
 7632      309592C1 
 7632      44096548 
 7632      833043C2 
 7632      072A0F
 7633 0a3a 5336A7A7 		.ascii	"S6\247\247\3633\035\360}\306\246\240-y\213\026O\260"
 7633      F3331DF0 
 7633      7DC6A6A0 
 7633      2D798B16 
 7633      4FB0
 7634 0a4c C2F8706D 		.ascii	"\302\370pm\037\201n\007\350gu\370\020\035\202X6\004"
 7634      1F816E07 
 7634      E86775F8 
 7634      101D8258 
 7634      3604
 7635 0a5e 5966EC23 		.ascii	"Yf\354#\200\235e\021\023?\377\333L\313!\246e\233L3\026"
 7635      809D6511 
 7635      133FFFDB 
 7635      4CCB21A6 
 7635      659B4C33 
 7636 0a73 558BA6D5 		.ascii	"U\213\246\325\007\313\311\370/ *(S\332y\246\245a\271"
 7636      07CBC9F8 
 7636      2F202A28 
 7636      53DA79A6 
ARM GAS  /tmp/ccQ4TWpz.s 			page 244


 7636      A561B9
 7637 0a86 D4B06725 		.ascii	"\324\260g%\3060-\216P\262,\220~\361\232\332n\277\371"
 7637      C6302D8E 
 7637      50B22C90 
 7637      7EF19ADA 
 7637      6EBFF9
 7638 0a99 A4DF8D42 		.ascii	"\244\337\215B\267S\321\027\036:\013f\337\271#7\215/"
 7638      B753D117 
 7638      1E3A0B66 
 7638      DFB92337 
 7638      8D2F
 7639 0aab 28A13C6E 		.ascii	"(\241<n|\363\2446\217\377\\\206\216\322\216\017T\235"
 7639      7CF3A436 
 7639      8FFF5C86 
 7639      8ED28E0F 
 7639      549D
 7640 0abd C8D4E258 		.ascii	"\310\324\342X\326\361`\343\340\200Z@\033Z'\001+\340"
 7640      D6F160E3 
 7640      E0805A40 
 7640      1B5A2701 
 7640      2BE0
 7641 0acf C00AA460 		.ascii	"\300\012\244`\375\000v\214\202\235\210\011\336\347\210"
 7641      FD00768C 
 7641      829D8809 
 7641      DEE788
 7642 0ade 1318D8BD 		.ascii	"\023\030\330\275m\225\215\342\210\\\375\263\004\354"
 7642      6D958DE2 
 7642      885CFDB3 
 7642      04EC
 7643 0aec 3807765C 		.ascii	"8\007v\\\012\326\001`'(XSje\266\032\037``q\333\013["
 7643      0AD60160 
 7643      27285853 
 7643      6A65B61A 
 7643      1F606071 
 7644 0b03 4D764609 		.ascii	"MvF\011\303\0133\214\240\235\344\320NJ\321Z\001\355"
 7644      C30B338C 
 7644      A09DE4D0 
 7644      4E4AD15A 
 7644      01ED
 7645 0b15 1445DB19 		.ascii	"\024E\333\031\261\345\262\013.`h\207\302Nu\311\005\264"
 7645      B1E5B20B 
 7645      2E606887 
 7645      C24E75C9 
 7645      05B4
 7646 0b27 9E242C99 		.ascii	"\236$,\231\025\205\034Z\241\024-\003\320N\263\324:\322"
 7646      15851C5A 
 7646      A1142D03 
 7646      D04EB3D4 
 7646      3AD2
 7647 0b39 D4ACC106 		.ascii	"\324\254\301\006\206\226\227\363\344(K\205>b\344\024"
 7647      869697F3 
 7647      E4284B85 
 7647      3E62E414 
 7648 0b49 44148E3B 		.ascii	"D\024\216;\322*\270\011\242\263\354.~\346ak\0122\205"
 7648      D22AB809 
 7648      A2B3EC2E 
 7648      7EE6616B 
ARM GAS  /tmp/ccQ4TWpz.s 			page 245


 7648      0A3285
 7649 0b5c D8395659 		.ascii	"\3309VY1zh\237\375\261.&c]$\306\230>\355T\222\211v\217"
 7649      317A689F 
 7649      FDB12E26 
 7649      635D24C6 
 7649      983EED54 
 7650 0b74 993668A1 		.ascii	"\2316h\2413\034\3553R\332u\357\303\323\006\245]c4\236"
 7650      331CED33 
 7650      52DA75EF 
 7650      C3D306A5 
 7650      5D63349E 
 7651 0b88 52E26B4A 		.ascii	"R\342kJ\273\223\271\365\310\261\343\263x6\333%9\370"
 7651      BB93B9F5 
 7651      C8B1E3B3 
 7651      7836DB25 
 7651      39F8
 7652 0b9a 02A16310 		.ascii	"\002\241c\020\351\344W\355z\242\024\350\224\367\343"
 7652      E9E457ED 
 7652      7AA214E8 
 7652      94F7E3
 7653 0ba9 BDB0EE0D 		.ascii	"\275\260\356\015\207\206\012\242\206J8>%R>G\201O)\345"
 7653      87860AA2 
 7653      864A383E 
 7653      25523E47 
 7653      814F29E5 
 7654 0bbd 733927AE 		.ascii	"s9'\256\314\031wZ\272\361\033\333n\274h\313\215\227"
 7654      CC19775A 
 7654      BAF11BDB 
 7654      6EBC68CB 
 7654      8D97
 7655 0bcf 5EC48D15 		.ascii	"^\304\215\025\204w\271\310{p[q\224\243\300\373\306\204"
 7655      8477B9C8 
 7655      7B705B71 
 7655      94A3C0FB 
 7655      C684
 7656 0be1 39962AC8 		.ascii	"9\226*\310B\211\243]&\245\375\364g2TIi\347\346\236\354"
 7656      4289A35D 
 7656      26A5FDF4 
 7656      67325449 
 7656      69E7E69E 
 7657 0bf6 74C1CF18 		.ascii	"t\301\317\030\355\302\232G\231N\002Z\307\224\205\027"
 7657      EDC29A47 
 7657      994E025A 
 7657      C7948517 
 7658 0c06 AA38B82A 		.ascii	"\2528\270*)\\#\300US8\303@\306^\214w9P\270\310\373\243"
 7658      295C23C0 
 7658      555338C3 
 7658      40C65E8C 
 7658      773950B8 
 7659 0c1d C55A8DB0 		.ascii	"\305Z\215\260\252\015\233iUKn\352}\245\261\230_\353"
 7659      AA0D9B69 
 7659      554B6EEA 
 7659      7DA5B198 
 7659      5FEB
 7660 0c2f 5D96F36B 		.ascii	"]\226\363k\354+\342\242\262\372\324\316\"g\352\262+"
 7660      EC2BE2A2 
 7660      B2FAD4CE 
ARM GAS  /tmp/ccQ4TWpz.s 			page 246


 7660      2267EAB2 
 7660      2B
 7661 0c40 A6A12E3F 		.ascii	"\246\241.?~\364\220\375\344VG<V+z,\253\276\276\201\216"
 7661      7EF490FD 
 7661      E456473C 
 7661      562B7A2C 
 7661      ABBEBE81 
 7662 0c55 B45E6F18 		.ascii	"\264^o\030\256\3015e[\014\237Q\035T\303\031\010\347"
 7662      AEC13565 
 7662      5B0C9F51 
 7662      1D54C319 
 7662      08E7
 7663 0c67 6CB9534F 		.ascii	"l\271SO\315\272~\247x\000\343rf\226\255\245\363\336"
 7663      CDBA7EA7 
 7663      7800E372 
 7663      6696ADA5 
 7663      F3DE
 7664 0c79 DE941EAD 		.ascii	"\336\224\036\255]\006\215\204\301U\221\301\205\336\255"
 7664      5D068D84 
 7664      C15591C1 
 7664      85DEAD
 7665 0c88 6F0A04CA 		.ascii	"o\012\004\312Zp&#\000*\250\201#\320 \022\270F\011\264"
 7665      5A702623 
 7665      002AA881 
 7665      23D02012 
 7665      B84609B4 
 7666 0c9c 0D0C5768 		.ascii	"\015\014Wh\361vGJ\240\246\366B\230\\@h|\204\317\036"
 7666      F176474A 
 7666      A0A6F642 
 7666      985C4068 
 7666      7C84CF1E 
 7667 0cb0 EFD2476A 		.ascii	"\357\322Gjh2E\3279\210\353\"\304\015\012\361x\2706\032"
 7667      683245D7 
 7667      3988EB22 
 7667      C40D0AF1 
 7667      78B8361A 
 7668 0cc4 E3164761 		.ascii	"\343\026GaEc\254R\210\020Oq\342\025J\202\344\214\233"
 7668      4563AC52 
 7668      88104F71 
 7668      E2154A82 
 7668      E48C9B
 7669 0cd7 1CC24D11 		.ascii	"\034\302M\021\341\026EH\272f< \307\011*\273^8\321\334"
 7669      E1164548 
 7669      BA663C20 
 7669      C7092ABB 
 7669      5E38D1DC 
 7670 0ceb 06334AAC 		.ascii	"\0063J\254kf\341\034<\376\355$\266\353\232\333\3045"
 7670      6B66E11C 
 7670      3CFEED24 
 7670      B6EB9ADB 
 7670      C435
 7671 0cfd 2DA26BC6 		.ascii	"-\242k\306\316\217$i\315\276\331\317|\003:\250\211\243"
 7671      CE8F2469 
 7671      CDBED9CF 
 7671      7C033AA8 
 7671      89A3
 7672 0d0f D524D26A 		.ascii	"\325$\322j\245\264RG\256\300B\363\210\312\336\314\263"
ARM GAS  /tmp/ccQ4TWpz.s 			page 247


 7672      A5B45247 
 7672      AEC042F3 
 7672      88CADECC 
 7672      B3
 7673 0d20 C5342AA5 		.ascii	"\3054*\245?a\226\250\326\316\210\356\036;_\343h\227"
 7673      3F6196A8 
 7673      D6CE88EE 
 7673      1E3B5FE3 
 7673      6897
 7674 0d32 A89110BD 		.ascii	"\250\221\020\275+\022\2554\224\035w\342\243\325(y2\271"
 7674      2B12AD34 
 7674      941D77E2 
 7674      A3D52879 
 7674      32B9
 7675 0d44 07A149D9 		.ascii	"\007\241I\331\022\233R\246\362T\370,\243W\362\240\370"
 7675      129B52A6 
 7675      F254F82C 
 7675      A357F2A0 
 7675      F8
 7676 0d55 8AC65E3B 		.ascii	"\212\306^;\004fH\232\356l+>\303\214y\000\265m\002\315"
 7676      0466489A 
 7676      EE6C2B3E 
 7676      C38C7900 
 7676      B56D02CD 
 7677 0d69 F883DB55 		.ascii	"\370\203\333U&s:X\345Y\243\276\307lc'\253l\317\355\013"
 7677      26733A58 
 7677      E559A3BE 
 7677      C76C6327 
 7677      AB6CCFED 
 7678 0d7e 57F00691 		.ascii	"W\360\006\221\347x\263E\335\304\242.\321\242\264\275"
 7678      E778B345 
 7678      DDC4A22E 
 7678      D1A2B4BD 
 7679 0d8e C9679D05 		.ascii	"\311g\235\005\327\327%(\363O\2164\004\307\316\241Z\350"
 7679      D7D72528 
 7679      F34F8E34 
 7679      04C7CEA1 
 7679      5AE8
 7680 0da0 0EE7FC3B 		.ascii	"\016\347\374;\242\363{\250\3633nGy\343\0105\333\002"
 7680      A2F37BA8 
 7680      F3336E47 
 7680      79E30835 
 7680      DB02
 7681 0db2 EB2B0D61 		.ascii	"\353+\015a$HG\314\321\327Bc\233\234\354:\265\227Px$"
 7681      244847CC 
 7681      D1D74263 
 7681      9B9CEC3A 
 7681      B5975078 
 7682 0dc7 52C8CE4C 		.ascii	"R\310\316L\375w\201\301\263l\222}\302\224D\003=\344"
 7682      FD7781C1 
 7682      B36C927D 
 7682      C2944403 
 7682      3DE4
 7683 0dd9 BA7F2876 		.ascii	"\272\177(v\337\307\356\322\206Z\2033\336\315\372\337"
 7683      DFC7EED2 
 7683      865A8333 
 7683      DECDFADF 
ARM GAS  /tmp/ccQ4TWpz.s 			page 248


 7684 0de9 F7E0EA43 		.ascii	"\367\340\352C\307\037\036\320\267\033\310C\306OSN\207"
 7684      C71F1ED0 
 7684      B71BC843 
 7684      C64F534E 
 7684      87
 7685 0dfa E9F5AEF4 		.ascii	"\351\365\256\364)\277\237!\230v\021d\244F\266\342\034"
 7685      29BF9F21 
 7685      98761164 
 7685      A446B6E2 
 7685      1C
 7686 0e0b E4AD01F9 		.ascii	"\344\255\001\371\017\241iXc\345oq\012\203\031\353\232"
 7686      0FA16958 
 7686      63E56F71 
 7686      0A8319EB 
 7686      9A
 7687 0e1c 78A61160 		.ascii	"x\246\021`\214\377\024\2547((\306\240\025\306 \301("
 7687      8CFF14AC 
 7687      372828C6 
 7687      A015C620 
 7687      C128
 7688 0e2e 038C218A 		.ascii	"\003\214!\212\221\022\236\272\337\005g0\220\210\246"
 7688      91129EBA 
 7688      DF056730 
 7688      9088A6
 7689 0e3d A6C30A01 		.ascii	"\246\303\012\001\244\364_L \303V \303\004\244\006@F"
 7689      A4F45F4C 
 7689      20C35620 
 7689      C304A406 
 7689      4046
 7690 0e4f 2888B807 		.ascii	"(\210\270\007?\207\355\301\247\357\236l\322\342l\206"
 7690      3F87EDC1 
 7690      A7EF9E6C 
 7690      D2E26C86 
 7691 0e5f 99B53FF3 		.ascii	"\231\265?\363\2423>\311\012\017\353\014\307M\311\225"
 7691      A2333EC9 
 7691      0A0FEB0C 
 7691      C74DC995 
 7692 0e6f DF321893 		.ascii	"\3372\030\223\323mT\322\013\267\353w\372\311T\247\023"
 7692      D36D54D2 
 7692      0BB7EB77 
 7692      FAC954A7 
 7692      13
 7693 0e80 2E666D9B 		.ascii	".fm\233G\"\012\264\270\214\025\236\036m|\246\306U\254"
 7693      47220AB4 
 7693      B88C159E 
 7693      1E6D7CA6 
 7693      C655AC
 7694 0e93 503575A9 		.ascii	"P5u\251\302\211m\362\275\330~x\362\267\005\225\222G"
 7694      C2896DF2 
 7694      BDD87E78 
 7694      F2B70595 
 7694      9247
 7695 0ea5 F42949DA 		.ascii	"\364)I\332~*\246\3553=\0176\341Z\365L{\321\323\222M"
 7695      7E2AA6ED 
 7695      333D0F36 
 7695      E15AF54C 
 7695      7BD1D392 
ARM GAS  /tmp/ccQ4TWpz.s 			page 249


 7696 0eba 8636436D 		.ascii	"\2066Cm\255\013\276\316Z\354y\0225h\2753\241\307\330"
 7696      AD0BBECE 
 7696      5AEC7912 
 7696      3568BD33 
 7696      A1C7D8
 7697 0ecd A2D168CF 		.ascii	"\242\321h\317\331\020\025\317&\030\363;\023!X`StkxR"
 7697      D91015CF 
 7697      2618F33B 
 7697      13215860 
 7697      53746B78 
 7698 0ee2 8DBB28B8 		.ascii	"\215\273(\270\343`NN\222\212\356S\316\2367\217m}\301"
 7698      E3604E4E 
 7698      928AEE53 
 7698      CE9E378F 
 7698      6D7DC1
 7699 0ef5 04A8B912 		.ascii	"\004\250\271\022\303\366(\241\021z\006>\215\304V{\210"
 7699      C3F628A1 
 7699      117A063E 
 7699      8DC4567B 
 7699      88
 7700 0f06 E65DC1F2 		.ascii	"\346]\301\362^\327\320P\375\336\337\243q0\177R\320\026"
 7700      5ED7D050 
 7700      FDDEDFA3 
 7700      71307F52 
 7700      D016
 7701 0f18 F7ED2CB7 		.ascii	"\367\355,\267'{|\331\036\037\321\015\305\266tG\345&"
 7701      277B7CD9 
 7701      1E1FD10D 
 7701      C5B67447 
 7701      E526
 7702 0f2a E5AB9CF2 		.ascii	"\345\253\234\362\204M\340E\226;p\346}\037\242L\006,"
 7702      844DE045 
 7702      963B70E6 
 7702      7D1FA24C 
 7702      062C
 7703 0f3c 0CCF4351 		.ascii	"\014\317CQ \341 \021 \321 [0\335\030c\275t<\232s T_"
 7703      20E12011 
 7703      20D1205B 
 7703      30DD1863 
 7703      BD743C9A 
 7704 0f54 F97B3260 		.ascii	"\371{2`\350\211mk\271\255\301\016\336\334\3076Y\321"
 7704      E8896D6B 
 7704      B9ADC10E 
 7704      DEDCC736 
 7704      59D1
 7705 0f66 7D4A72A7 		.ascii	"}Jr\247I1D8\213{ya\022~\364}\320\013P$\341\033\227q"
 7705      49314438 
 7705      8B7B7961 
 7705      127EF47D 
 7705      D00B5024 
 7706 0f7e DB851FD8 		.ascii	"\333\205\037\330o%\374\266\322\201%\007\362\350>ui\253"
 7706      6F25FCB6 
 7706      D2812507 
 7706      F2E83E75 
 7706      69AB
 7707 0f90 12F7B3C8 		.ascii	"\022\367\263\310\271[\324\225\254\306#\254\260\343\304"
 7707      B95BD495 
ARM GAS  /tmp/ccQ4TWpz.s 			page 250


 7707      ACC623AC 
 7707      B0E3C4
 7708 0f9f AD       		.ascii	"\255"
 7709 0fa0 4C473C21 		.ascii	"LG<!\304Tq\316\005\015~\312\012\365g\333\037\314\302"
 7709      C45471CE 
 7709      050D7ECA 
 7709      0AF567DB 
 7709      1FCCC2
 7710 0fb3 216CA3A8 		.ascii	"!l\243\250\272~h\300\211\315A\003y9\021\362\350J\227"
 7710      BA7E68C0 
 7710      89CD4103 
 7710      793911F2 
 7710      E84A97
 7711 0fc6 1287D38B 		.ascii	"\022\207\323\213\216G\203#\236\271\260]\355\331\363"
 7711      8E478323 
 7711      9EB9B05D 
 7711      EDD9F3
 7712 0fd5 D8C66A5D 		.ascii	"\330\306j]\225\262\371p4\213\026\022\376q0\246\011\366"
 7712      95B2F970 
 7712      348B1612 
 7712      FE7130A6 
 7712      09F6
 7713 0fe7 A2853498 		.ascii	"\242\2054\230\374\031\333\267%\312;\255\224%;\310D\275"
 7713      FC19DBB7 
 7713      25CA3BAD 
 7713      94253BC8 
 7713      44BD
 7714 0ff9 87538FB1 		.ascii	"\207S\217\261Ro\260"
 7714      526FB0
 7715 1000 541FE2D4 		.ascii	"T\037\342\324\267\331A7s1r\332\333\355\200[\355\361"
 7715      B7D94137 
 7715      733172DA 
 7715      DBED805B 
 7715      EDF1
 7716 1012 EEC07385 		.ascii	"\356\300s\205\355\337\004a\370v\301p%\202\354\005\331"
 7716      EDDF0461 
 7716      F876C170 
 7716      2582EC05 
 7716      D9
 7717 1023 0DB20724 		.ascii	"\015\262\007$^\2140\322O3\327O\254m\007\225\011!c\254"
 7717      5E8C30D2 
 7717      4F33D74F 
 7717      AC6D0795 
 7717      092163AC 
 7718 1037 4DCD57CE 		.ascii	"M\315W\316\266\331!\235\363/\320'y\234\214\312KP\360"
 7718      B6D9219D 
 7718      F32FD027 
 7718      799C8CCA 
 7718      4B50F0
 7719 104a 219324E9 		.ascii	"!\223$\3511\231\205L2\015\231\366\035;\316kq\005\033"
 7719      3199854C 
 7719      320D99F6 
 7719      1D3BCE6B 
 7719      71051B
 7720 105d FE6B67AE 		.ascii	"\376kg\256Gjq\015+D\026\024\354\325\342:V8v#\363\234"
 7720      476A710D 
 7720      2B441614 
ARM GAS  /tmp/ccQ4TWpz.s 			page 251


 7720      ECD5E23A 
 7720      56387623 
 7721 1073 0A37B242 		.ascii	"\0127\262B\337h\264Q\201o\262\302Pb\371C\015nf\205\316"
 7721      DF68B451 
 7721      816FB2C2 
 7721      5062F943 
 7721      0D6E6685 
 7722 1088 2D979F09 		.ascii	"-\227\237\011\357Q_#O\006S\027\316\013\341\324N\302"
 7722      EF515F23 
 7722      4F065317 
 7722      CE0BE1D4 
 7722      4EC2
 7723 109a E9467770 		.ascii	"\351Fwp\260\012\267R]\325Xx\312\265Y\302K\0221\236&"
 7723      B00AB752 
 7723      5DD55878 
 7723      CAB559C2 
 7723      4B12319E 
 7724 10af 23B1D957 		.ascii	"#\261\331W\351`p\316L\301\324\034\305i\357\263\322\266"
 7724      E96070CE 
 7724      4CC1D41C 
 7724      C569EFB3 
 7724      D2B6
 7725 10c1 1A6F5E3D 		.ascii	"\032o^=\305\216:\027MWy\375\375V\372V\321\327\303\353"
 7725      C58E3A17 
 7725      4D5779FD 
 7725      FD56FA56 
 7725      D1D7C3EB 
 7726 10d5 1FB4D2BF 		.ascii	"\037\264\322\277hA\247\224WO\263m+E\227\204C\006\204"
 7726      6841A794 
 7726      574FB36D 
 7726      2B459784 
 7726      430684
 7727 10e8 C3014C77 		.ascii	"\303\001Lw.\204X8\004c\237\015\222\013\222\005r\030"
 7727      2E845838 
 7727      04639F0D 
 7727      920B9205 
 7727      7218
 7728 10fa 2413E408 		.ascii	"$\023\344\010\037\203\325|g\251vlqgA\330\223<V\3424"
 7728      1F83D57C 
 7728      67A9766C 
 7728      716741D8 
 7728      933C56E2 
 7729 110f DB66AFF4 		.ascii	"\333f\257\364\235\354\013v\014H\2457\033\213%/H\363"
 7729      9DEC0B76 
 7729      0C48A537 
 7729      1B8B252F 
 7729      48F3
 7730 1121 24BDE6B3 		.ascii	"$\275\346\263@\314\247\201\030b<\224\342 \352\206\331"
 7730      40CCA781 
 7730      18623C94 
 7730      E220EA86 
 7730      D9
 7731 1132 0BDAA354 		.ascii	"\013\332\243T7+\243\354\262\315\307+\033+\000T\200\311"
 7731      372BA3EC 
 7731      B2CDC72B 
 7731      1B2B0054 
 7731      80C9
ARM GAS  /tmp/ccQ4TWpz.s 			page 252


 7732 1144 06F6B1DD 		.ascii	"\006\366\261\3351\343\032\036\336\326\335\032\035\243"
 7732      31E31A1E 
 7732      DED6DD1A 
 7732      1DA3
 7733 1152 F065852D 		.ascii	"\360e\205-\335\302\273\300\005P\014/\334>\215\261\221"
 7733      DDC2BBC0 
 7733      05500C2F 
 7733      DC3E8DB1 
 7733      91
 7734 1163 4578717C 		.ascii	"Exq|\363\023\005\356`\205\306\341\241)\214{X\341\326"
 7734      F31305EE 
 7734      6085C6E1 
 7734      A1298C7B 
 7734      58E1D6
 7735 1176 29FDB012 		.ascii	")\375\260\022\017\260\302\351\203\361\357\363\206\357"
 7735      0FB0C2E9 
 7735      83F1EFF3 
 7735      86EF
 7736 1184 932C924F 		.ascii	"\223,\222Oc\363J\367\331\355\370]Z\374\2045K\177\274"
 7736      63F34AF7 
 7736      D9EDF85D 
 7736      5AFC8435 
 7736      4B7FBC
 7737 1197 3B4D65AF 		.ascii	";Me\257\035:\003\343\3067\315\253\215\255p\302aZ\332"
 7737      1D3A03E3 
 7737      C637CDAB 
 7737      8DAD70C2 
 7737      615ADA
 7738 11aa 3421BE79 		.ascii	"4!\276y?{\240&;\256l\011\232w\275q\314\2749P\204i\345"
 7738      3F7BA026 
 7738      3BAE6C09 
 7738      9A77BD71 
 7738      CCBC3950 
 7739 11c1 A53B537B 		.ascii	"\245;S{\355\277\2068\217a]Z\214\205ui\346h\324!\311"
 7739      EDBF8638 
 7739      8F615D5A 
 7739      8C857569 
 7739      E668D421 
 7740 11d6 A3295CE6 		.ascii	"\243)\\\346\354(\341\310D\015\327\354\320\340m\214L"
 7740      EC28E1C8 
 7740      440DD7EC 
 7740      D0E06D8C 
 7740      4C
 7741 11e7 DDEDAC43 		.ascii	"\335\355\254C*{\355\220\001\354\340\233\016G'^P\340"
 7741      2A7BED90 
 7741      01ECE09B 
 7741      0E47275E 
 7741      50E0
 7742 11f9 3D5ABB5B 		.ascii	"=Z\273[\322\205\335\271;\325&;\312\230\035\375\221\265"
 7742      D285DDB9 
 7742      3BD5263B 
 7742      CA981DFD 
 7742      91B5
 7743 120b 0372BB76 		.ascii	"\003r\273v\\\"v\\\024\355\350\311\030\032\223|lqIbG"
 7743      5C22765C 
 7743      14EDE8C9 
 7743      181A937C 
ARM GAS  /tmp/ccQ4TWpz.s 			page 253


 7743      6C714962 
 7744 1220 3947A66A 		.ascii	"9G\246j05Y\205\323\030\231\235)9C\032{\355P\005\330"
 7744      30355985 
 7744      D318999D 
 7744      2939431A 
 7744      7BED5005 
 7745 1235 C1378D79 		.ascii	"\3017\215y\332k\3048\2335\015\335\235\276c\026>\301"
 7745      DA6BC438 
 7745      9B350DDD 
 7745      9DBE6316 
 7745      3EC1
 7746 1247 0AC6D0F1 		.ascii	"\012\306\320\3611\005>\317\012\323\351\373\032\\X\222"
 7746      31053ECF 
 7746      0AD3E9FB 
 7746      1A5C5892 
 7747 1257 9C478C2B 		.ascii	"\234G\214+~\232&\254{S\311\233\347\261\303'\267\310"
 7747      7E9A26AC 
 7747      7B53C99B 
 7747      E7B1C327 
 7747      B7C8
 7748 1269 7125D5D5 		.ascii	"q%\325\325v\026\356MP\231\222\344<q\225VqyA\222\370"
 7748      7616EE4D 
 7748      509992E4 
 7748      3C719556 
 7748      71794192 
 7749 127e 26F90230 		.ascii	"&\371\00208\007L\256\333M~\244E\363>\341\025(\361j\255"
 7749      38074CAE 
 7749      DB4D7EA4 
 7749      45F33EE1 
 7749      1528F16A 
 7750 1293 A06E76D7 		.ascii	"\240nv\327#\013\365\311\024N\375\204\225:\313e\307\261"
 7750      230BF5C9 
 7750      144EFD84 
 7750      953ACB65 
 7750      C7B1
 7751 12a5 199ED73F 		.ascii	"\031\236\327?iG\237[FM&s/pOY\261\277h\311^T?\013\306"
 7751      69479F5B 
 7751      464D2673 
 7751      2F704F59 
 7751      B1BF68C9 
 7752 12be 16DA31D6 		.ascii	"\026\3321\326:Y^\201\264u\231&\313\353B\316\272\011"
 7752      3A595E81 
 7752      B4759926 
 7752      CBEB42CE 
 7752      BA09
 7753 12d0 F9E90648 		.ascii	"\371\351\006H\023\310-\220:\220k \215 WA\032@\352\371"
 7753      13C82D90 
 7753      3A906B20 
 7753      8D205741 
 7753      1A40EAF9 
 7754 12e4 E5616922 		.ascii	"\345ai\"\327s\265U\317\226\313Cc\002\247^c[\335lVi\222"
 7754      D773B555 
 7754      CF96CB43 
 7754      6302A75E 
 7754      635BDD6C 
 7755 12fb A05D09DA 		.ascii	"\240]\011\332\245V\332V_\003\030y2Uv\364\205,~\254w"
 7755      A556DA56 
ARM GAS  /tmp/ccQ4TWpz.s 			page 254


 7755      5F031879 
 7755      325576F4 
 7755      852C7EAC 
 7756 1310 FC885ABA 		.ascii	"\374\210Z\272\372\024\335A?e\371\033<B\262\325\211\254"
 7756      FA14DD41 
 7756      3F65F91B 
 7756      3C42B2D5 
 7756      89AC
 7757 1322 22393F21 		.ascii	"\"9?!\232%\014ZX\226n!i\024\337l\215\203<9\027\321\227"
 7757      9A250C5A 
 7757      58966E21 
 7757      6914DF6C 
 7757      8D833C39 
 7758 1339 BCF4ADAD 		.ascii	"\274\364\255\255>.\375\247\250\025kd\221\302\254\345"
 7758      3E2EFDA7 
 7758      A8156B64 
 7758      91C2ACE5 
 7759 1349 BFA590D1 		.ascii	"\277\245\220\321+\3506\220\274\203\347\012\257y\247"
 7759      2BE83690 
 7759      BC83E70A 
 7759      AF79A7
 7760 1358 A71D5975 		.ascii	"\247\035Yu+\315\342\307\303\332\352%+\033\362B\337\334"
 7760      2BCDE2C7 
 7760      C3DAEA25 
 7760      2B1BF242 
 7760      DFDC
 7761 136a 7D1BEBBE 		.ascii	"}\033\353\276\215f\361\261\235]}Z\361\325U\330\363\036"
 7761      8D66F1B1 
 7761      9D5D7D5A 
 7761      F1D555D8 
 7761      F31E
 7762 137c E8503BED 		.ascii	"\350P;\355 *\353V2\022\277-\013{\356\267ewi\2433M}\025"
 7762      202AEB56 
 7762      3212BF2D 
 7762      0B7BEEB7 
 7762      657769A3 
 7763 1394 8EFCBDC5 		.ascii	"\216\374\275\305NvAFJ\254e\353P\210\334\236\2724\251"
 7763      4E764146 
 7763      4AAC65EB 
 7763      5088DC9E 
 7763      BA34A9
 7764 13a7 A07BB445 		.ascii	"\240{\264EF\334\261h%\276\314\322\307\355\201\202Xd"
 7764      46DCB168 
 7764      25BECCD2 
 7764      C7ED8182 
 7764      5864
 7765 13b9 7AA1382F 		.ascii	"z\2418/\237\274P\0040\205\202\336,\356c\323\213\212"
 7765      9FBC5004 
 7765      308582DE 
 7765      2CEE63D3 
 7765      8B8A
 7766 13cb 07F80D52 		.ascii	"\007\370\015R\344\267+\357/\241\325\344\031 *\246K\302"
 7766      E4B72BEF 
 7766      2FA1D5E4 
 7766      19202AA6 
 7766      4BC2
 7767 13dd D94E6647 		.ascii	"\331NfG\035\224Ao\343\335:'{\352\322\204\216:i\213o"
ARM GAS  /tmp/ccQ4TWpz.s 			page 255


 7767      1D94416F 
 7767      E3DD3A27 
 7767      7BEAD284 
 7767      8E3A698B 
 7768 13f2 CFC58622 		.ascii	"\317\305\206\"~\250\022%\267\300.6T]TwkV\303Eg\036\335"
 7768      7EA81225 
 7768      B7C02E36 
 7768      545D5477 
 7768      6B56C345 
 7769 1409 CEED1275 		.ascii	"\316\355\022uS\365\263e}\235Z{\352\322\273$\352a\017"
 7769      53F5B365 
 7769      7D9D5A7B 
 7769      EAD2BB24 
 7769      EA610F
 7770 141c 463753EB 		.ascii	"F7S\353$d\302\345\256\\\007\017\031\231\207T\367\340"
 7770      2464C2E5 
 7770      AE5C070F 
 7770      19998754 
 7770      F7E0
 7771 142e E383FA59 		.ascii	"\343\203\372Y\274n\235\204\314#\246\373\210\352\326"
 7771      BC6E9D84 
 7771      CC23A6FB 
 7771      88EAD6
 7772 143d 36C7E7B9 		.ascii	"6\307\347\271\340\373l`j&\343\252\264\302\300T<S\026"
 7772      E0FB6C60 
 7772      6A26E3AA 
 7772      B4C2C054 
 7772      3C5316
 7773 1450 171C6D08 		.ascii	"\027\034m\010\326\317\011SS\200^\363\270\364\301\270"
 7773      D6CF0953 
 7773      53805EF3 
 7773      B8F4C1B8 
 7774 1460 F44AC7A5 		.ascii	"\364J\307\245`)\255\266\261p8$\351\274\237u\336O;\337"
 7774      6029ADB6 
 7774      B1703824 
 7774      E9BC9F75 
 7774      DE4F3BDF 
 7775 1474 7EB8F813 		.ascii	"~\270\370\023^\265Q\242:\300T\007\250\352\235\352\222"
 7775      5EB551A2 
 7775      3AC05407 
 7775      A8EA9DEA 
 7775      92
 7776 1485 7BC2B77B 		.ascii	"{\302\267{\221d!>\225\331\361\012\336\357\304\266\276"
 7776      9164213E 
 7776      95D9F10A 
 7776      DEEFC4B6 
 7776      BE
 7777 1496 8B9BB7CF 		.ascii	"\213\233\267\317\262\373\205\3070f_x\270\321=\217\346"
 7777      B2FB85C7 
 7777      30665F78 
 7777      B8D13D8F 
 7777      E6
 7778 14a7 4B279AB4 		.ascii	"K'\232\264\354c\013\320\375\205\202\246o\263\362\010"
 7778      EC630BD0 
 7778      FD8582A6 
 7778      6FB3F208 
 7779 14b7 76652DD8 		.ascii	"ve-\330\327z\323\235I\302}NO:\3158\335>\205p\026\353"
ARM GAS  /tmp/ccQ4TWpz.s 			page 256


 7779      D77AD39D 
 7779      49C27D4E 
 7779      4F3ACD38 
 7779      DD3E8570 
 7780 14cd D550BEB5 		.ascii	"\325P\276\265\027\341\023\254\260u[\374\230\2409N_\235"
 7780      17E113AC 
 7780      B0755BFC 
 7780      98A0394E 
 7780      5F9D
 7781 14df 1DB93025 		.ascii	"\035\2710%>\206\322;f\351\330-g|\366E\370>\021\370."
 7781      3E86D23B 
 7781      66E9D82D 
 7781      677CF645 
 7781      F83E11F8 
 7782 14f4 A07C23FB 		.ascii	"\240|#\373\016\032\234\314\037\2070\276\023\220aX\252"
 7782      0E1A9CCC 
 7782      1F8730BE 
 7782      13906158 
 7782      AA
 7783 1505 9C227C9F 		.ascii	"\234\"|\237\210|\217m\355\030\022>\021\035\240\217\311"
 7783      887C8F6D 
 7783      ED18123E 
 7783      111DA08F 
 7783      C9
 7784 1516 678C03B3 		.ascii	"g\214\003\263\360E\326k\\\331\350\260\026W\262BY\254"
 7784      F045D66B 
 7784      5CD9E8B0 
 7784      1657B242 
 7784      59AC
 7785 1528 E18203D3 		.ascii	"\341\202\003\323\354\"\345\224\251\2510\005\276\302"
 7785      EC22E594 
 7785      A9A93005 
 7785      BEC2
 7786 1536 2E8A5FBD 		.ascii	".\212_\275\270\012_\275\\\015\331\231\341\200o\262\213"
 7786      B80A5FBD 
 7786      5C0DD999 
 7786      E1806FB2 
 7786      8B
 7787 1547 4FFA0E0F 		.ascii	"O\372\016\0178\340\273\254\360\264\2634O\3114oQ\330"
 7787      38E0BBAC 
 7787      F0B4B334 
 7787      4FC9346F 
 7787      51D8
 7788 1559 E1E44127 		.ascii	"\341\344A'\374\220]\014\317\270\266\325\021\217\262"
 7788      FC905D0C 
 7788      CFB8B6D5 
 7788      118FB2
 7789 1568 C2A9D8C2 		.ascii	"\302\251\330\302-\302\370\325\323\025S\313\266r'<\315"
 7789      2DC2F8D5 
 7789      D31553CB 
 7789      B672273C 
 7789      CD
 7790 1579 2E5EACBC 		.ascii	".^\254\274\327\250\302Q\316,\010\223\352\203\205Op*"
 7790      D7A8C251 
 7790      CE2C0893 
 7790      EA83854F 
 7790      702A
ARM GAS  /tmp/ccQ4TWpz.s 			page 257


 7791 158b E91E74D7 		.ascii	"\351\036t\327\321\010\214w\262\213\242_]\005\277\016"
 7791      D1088C77 
 7791      B28BA25F 
 7791      5D05BF0E 
 7792 159b D69745AB 		.ascii	"\326\227E\253q\012\273x%jG\274\034\037d\205\206\235"
 7792      710ABB78 
 7792      256A47BC 
 7792      1C1F6485 
 7792      869D
 7793 15ad CD6D6AA6 		.ascii	"\315mj\246\371\036\031\200\244\201\024'\234\313\256"
 7793      F91E1980 
 7793      A4811427 
 7793      9CCBAE
 7794 15bc 151D08CF 		.ascii	"\025\035\010\317R\341BV\020\327\312\256l\255\034V\273"
 7794      52E14256 
 7794      10D7CAAE 
 7794      6CAD1C56 
 7794      BB
 7795 15cd EDB6132E 		.ascii	"\355\266\023.a\327\362\272\"\014\216\270\202\025\036"
 7795      61D7F2BA 
 7795      220C8EB8 
 7795      82151E
 7796 15dc A43F7A99 		.ascii	"\244?z\231\351\375\230`\\\231\310\231\205\353\004\300"
 7796      E9FD9860 
 7796      5C99C899 
 7796      85EB04C0 
 7797 15ec 96936EB8 		.ascii	"\226\223n\270\211\235\247u\235\331\351\202\215\254p"
 7797      899DA775 
 7797      9DD9E982 
 7797      8DAC70
 7798 15fb B7B5337A 		.ascii	"\267\2653z\026~\310\012[J\342\213\325x\224\025.\266"
 7798      167EC80A 
 7798      5B4AE28B 
 7798      D5789415 
 7798      2EB6
 7799 160d DF41F819 		.ascii	"\337A\370\031;\177\030mh\222\343\210Yl\247\360\314\266"
 7799      3B7F186D 
 7799      6892E388 
 7799      596CA7F0 
 7799      CCB6
 7800 161f BB4A1CCB 		.ascii	"\273J\034\313\012\367\012\303\036+\360.V\310\236\332"
 7800      0AF70AC3 
 7800      1E2BF02E 
 7800      56C89EDA 
 7801 162f 57AFC609 		.ascii	"W\257\306\011\254pr_Z\271\360\205q,\211\315{\207\313"
 7801      AC70725F 
 7801      5AB9F085 
 7801      712C89CD 
 7801      7B87CB
 7802 1642 F6B9089F 		.ascii	"\366\271\010\237\377\251\241|\2501q\320\001\247Q\345"
 7802      FFA9A17C 
 7802      A83171D0 
 7802      01A751E5 
 7803 1652 1FC41847 		.ascii	"\037\304\030GZ\371\317\371\304\265\230\305/\235\204"
 7803      5AF9CFF9 
 7803      C4B598C5 
 7803      2F9D84
ARM GAS  /tmp/ccQ4TWpz.s 			page 258


 7804 1661 19D912E9 		.ascii	"\031\331\022\351\315\256\326\263-\021\354\212\266*0"
 7804      CDAED6B3 
 7804      2D11EC8A 
 7804      B62A30
 7805 1670 2A50CCE6 		.ascii	"*P\314\346\242\356[\205\305\203\340W\334c\251\240m\377"
 7805      A2EE5B85 
 7805      C583E057 
 7805      DC63A9A0 
 7805      6DFF
 7806 1682 29B6E7B7 		.ascii	")\266\347\267\334\203\234\2256\277\036\241\332\034\366"
 7806      DC839C95 
 7806      36BF1EA1 
 7806      DA1CF6
 7807 1691 5E2BED47 		.ascii	"^+\355GV\033(\2773\253G[\251GZ\0207rT\310\316\217\015"
 7807      561B28BF 
 7807      33AB475B 
 7807      A9475A10 
 7807      377254C8 
 7808 16a8 2ADCCE0F 		.ascii	"*\334\316\017\007\035e\007\232\177\370\3662\253\207"
 7808      071D6507 
 7808      9A7FF8F6 
 7808      32AB87
 7809 16b7 59A98758 		.ascii	"Y\251\207X0\351\341\264\247\255\230<\305\026\373\006"
 7809      30E9E1B4 
 7809      A7AD983C 
 7809      C516FB06 
 7810 16c7 9C76A81D 		.ascii	"\234v\250\035l\216\212\221\363a\202\035\037\012k:\030"
 7810      6C8E8A91 
 7810      F361821D 
 7810      1F0A6B3A 
 7810      18
 7811 16d8 FFA1AF82 		.ascii	"\377\241\257\202\2316\214\375\036\253\261\337m9\366"
 7811      99368CFD 
 7811      1EABB1DF 
 7811      6D39F6
 7812 16e7 EBCCD863 		.ascii	"\353\314\330cV\304GM\304%\313\332t\305\\\224F\201\210"
 7812      56C4474D 
 7812      C425CBDA 
 7812      74C55C94 
 7812      468188
 7813 16fa 3A599064 		.ascii	":Y\220d)\346\241C E \006\220\203 '@\312@.\200\344\201"
 7813      29E6A143 
 7813      20452006 
 7813      90832027 
 7813      40CA402E 
 7814 1711 1C06C907 		.ascii	"\034\006\311\007)\005)\0049\015r\006\244\004\3448H\006"
 7814      29052904 
 7814      390D7206 
 7814      A404E438 
 7814      4806
 7815 1723 4826C811 		.ascii	"H&\310\021\220\363 'A\262ArA\316\202\344\200\034\003"
 7815      90F32027 
 7815      41B24172 
 7815      41CE82E4 
 7815      801C03
 7816 1736 39057214 		.ascii	"9\005r\024\344\"H1\3109\005\267\3170\304\271\366\231"
 7816      E4224831 
ARM GAS  /tmp/ccQ4TWpz.s 			page 259


 7816      C83905B7 
 7816      CF30C4B9 
 7816      F699
 7817 1748 9D81E05D 		.ascii	"\235\201\340]\313\005E\214\225k\267Y\216D57\022\311"
 7817      CB05458C 
 7817      956BB759 
 7817      8E443537 
 7817      12C9
 7818 175a 76660AB7 		.ascii	"vf\012\267\\\256\3662?cl\261R\017\347\321\311\310Mz"
 7818      5CAEF632 
 7818      3F636CB1 
 7818      520FE7D1 
 7818      C9C84D7A 
 7819 176e 99476E12 		.ascii	"\231Gn\022[\216\334\270E\020\225r\324wY\201\357\264"
 7819      5B8EDCB8 
 7819      45109572 
 7819      D4775981 
 7819      EFB4
 7820 1780 A2CEA9EF 		.ascii	"\242\316\251\357\260R\217\345\302\202n}\377\316\314"
 7820      B0528FE5 
 7820      C2826E7D 
 7820      FFCECC
 7821 178f 3CCE8E36 		.ascii	"<\316\2166\307\334\3101\017\266\2129\275E\3145s1w\300"
 7821      C7DCC831 
 7821      0FB68A39 
 7821      BD45CC35 
 7821      733177C0 
 7822 17a3 0A7CD072 		.ascii	"\012|\320r\214\206\270Y\276\337J\275\301\"\374\257\012"
 7822      8C86B859 
 7822      BEDF4ABD 
 7822      C122FCAF 
 7822      0A
 7823 17b4 E0B01440 		.ascii	"\340\260\024@CV\0010h\351D.\\\"\354\214\020G\234\363"
 7823      43560130 
 7823      68E9442E 
 7823      5C22EC8C 
 7823      10479CF3 
 7824 17c8 E1763BD1 		.ascii	"\341v;\321\302%\034\216"
 7824      C2251C8E 
 7825 17d0 F73E3BBC 		.ascii	"\367>;\274\271`i\376\312\354\362D+u\311\003,E\347B1"
 7825      B96069FE 
 7825      CAECF244 
 7825      2B75C903 
 7825      2C45E742 
 7826 17e5 DECEF09B 		.ascii	"\336\316\360\233\271\\\345\264\223\354\200s\237+s\003"
 7826      B95CE5B4 
 7826      93EC8073 
 7826      9F2B7303 
 7827 17f5 F4D84E52 		.ascii	"\364\330NR\020w\214GsrZ\2658\213\335\325\272G\306\272"
 7827      10778C47 
 7827      73725AB5 
 7827      388BDDD5 
 7827      BA47C6BA 
 7828 1809 2D76EEC4 		.ascii	"-v\356\304\\\201.\011\335\376?I\027\344\236kl\037\224"
 7828      5C812E09 
 7828      DDFE3F49 
 7828      17E49E6B 
ARM GAS  /tmp/ccQ4TWpz.s 			page 260


 7828      6C1F94
 7829 181c 3C4B964B 		.ascii	"<K\226K\354\254P\320\005,\034\210\356\245\276a\311N"
 7829      ECAC50D0 
 7829      052C1C88 
 7829      EEA5BE61 
 7829      C94E
 7830 182e 62BE64B1 		.ascii	"b\276d\261[\311t+\251nX}\302V\311\327\316\335\022\335"
 7830      5BC9742B 
 7830      A96E587D 
 7830      C256C9D7 
 7830      CEDD12DD 
 7831 1842 2AA65B45 		.ascii	"*\246[EuS\363s\213%\033C\267%\272\325L\267\232\352\326"
 7831      7553F373 
 7831      8B251B43 
 7831      B725BAD5 
 7831      4CB79AEA 
 7832 1857 DE39162D 		.ascii	"\3369\026-\321\355\225\350\3260\335\032\252k\271\214"
 7832      D1ED95E8 
 7832      D630DD1A 
 7832      AA6BB98C 
 7833 1867 CF91A85E 		.ascii	"\317\221\250^f\252\344\260\344\255\267\334\340\277\367"
 7833      66AAE4B0 
 7833      E4ADB7DC 
 7833      E0BFF7
 7834 1876 3A9FAF7D 		.ascii	":\237\257}\374\003\275\202\0026\372\375\227\233\177"
 7834      FC03BD82 
 7834      0236FAFD 
 7834      979B7F
 7835 1885 A0DBBAD5 		.ascii	"\240\333\272\325\353\3356\370\007\004\005\272\255\\"
 7835      EBDD36F8 
 7835      070405BA 
 7835      AD5C
 7836 1893 B562D142 		.ascii	"\265b\321B\267O>Y\346\366\371\312%\236\2536\271\223"
 7836      B74F3E59 
 7836      E6F6F9CA 
 7836      259EAB36 
 7836      B993
 7837 18a5 6B5E1B57 		.ascii	"k^\033W\007\004y\255_\277\346-o\325G\237~\376\272\207"
 7837      070479AD 
 7837      5FBFE62D 
 7837      6FD5479F 
 7837      7EFEBA87 
 7838 18b9 FBBBB257 		.ascii	"\373\273\262W\245\365o\275\375\356\302\005\357\256Y"
 7838      A5F56FBD 
 7838      FDEEC205 
 7838      EFAE59
 7839 18c8 BC40A6DA 		.ascii	"\274@\246\332\350\343\027\344\376\216W\220r\215\357"
 7839      E8E317E4 
 7839      FE8E5790 
 7839      728DEF
 7840 18d7 EAA0CDAE 		.ascii	"\352\240\315\256\201A\276\213\026z\301\271W`P\200n\265"
 7840      8141BE8B 
 7840      167AC1B9 
 7840      57605080 
 7840      6EB5
 7841 18e9 2FBB10B0 		.ascii	"/\273\020\260YM/\373\372\257\321\321\026\240\023\244"
 7841      594D2FFB 
ARM GAS  /tmp/ccQ4TWpz.s 			page 261


 7841      FAAFD1D1 
 7841      16A013A4 
 7842 18f9 A6174895 		.ascii	"\246\027H\225rc @;S\016^\253\376\264A\267L\267\326\301"
 7842      72632040 
 7842      3B530E5E 
 7842      ABFEB441 
 7842      B74CB7D6 
 7843 190e DBDF6FAD 		.ascii	"\333\337o\255\3177\232\317\241\316\203\236:\006l\016"
 7843      CF379ACF 
 7843      A1CE839E 
 7843      3A066C0E 
 7844 191e 0C5A1DA4 		.ascii	"\014Z\035\244s&<\204s\257 \307 \2566H\254U\322\243\226"
 7844      73263C84 
 7844      73AF20C7 
 7844      20AE3648 
 7844      AC55D2A3 
 7845 1933 D4093514 		.ascii	"\324\0115\024hY\200\317&]\2002`\363\327\033\327.\375"
 7845      685980CF 
 7845      265D8032 
 7845      60F3D71B 
 7845      D72EFD
 7846 1946 7BBDB34E 		.ascii	"{\275\263N\246\360^\267:\300!\320\347\317\200\217\335"
 7846      A6F05EB7 
 7846      3AC021D0 
 7846      E7CF808F 
 7846      DD
 7847 1957 DF91A957 		.ascii	"\337\221\251W\007\370nzW\367\246\257L\343\015\010\272"
 7847      07F86E7A 
 7847      57F7A6AF 
 7847      4CE30D08 
 7847      BA
 7848 1968 CD6FFA2E 		.ascii	"\315o\372.\226}Wl\340\025\250\013\330\004\232\233\275"
 7848      967D576C 
 7848      E015A80B 
 7848      D8049A9B 
 7848      BD
 7849 1979 747E6BBC 		.ascii	"t~k\274|\002\376\370w3\360\266\002\0170\201\277\024"
 7849      7C02FEF8 
 7849      7733F0B6 
 7849      020F3081 
 7849      BF14
 7850 198b 14B0DA2F 		.ascii	"\024\260\332/p=\261]\027\020\340\037\020H\235\261v\375"
 7850      703DB15D 
 7850      1710E01F 
 7850      10489DB1 
 7850      76FD
 7851 199d EA6FA027 		.ascii	"\352o\240'\015u8\014\221\377\006\255x\012\177]\030\010"
 7851      0D75380C 
 7851      91FF06AD 
 7851      780A7F5D 
 7851      1808
 7852 19af AB018CD7 		.ascii	"\253\001\214\327\355\242\277\265\001\256\274\265`\216"
 7852      EDA2BFB5 
 7852      01AEBCB5 
 7852      608E
 7853 19bd 5901A084 		.ascii	"Y\001\240\204JgI\245\352\013\235w\220\177\300\262\305"
 7853      4A6749A5 
ARM GAS  /tmp/ccQ4TWpz.s 			page 262


 7853      EA0B9D77 
 7853      907FC0B2 
 7853      C5
 7854 19ce E2C97B6A 		.ascii	"\342\311{jv\342\376\266\207Y\323\307\317'h\026\327\016"
 7854      76E2FEB6 
 7854      8759D3C7 
 7854      CF276816 
 7854      D70E
 7855 19e0 CE664B8B 		.ascii	"\316fK\213@\301o\215\253\004\232V\275b\241\026\240\363"
 7855      40C16F8D 
 7855      AB049A56 
 7855      BD62A116 
 7855      A0F3
 7856 19f2 D6C120BF 		.ascii	"\326\301 \277,\325\024j\325\336\353V\376)p\371\352\365"
 7856      2CD5146A 
 7856      D5DEEB56 
 7856      FE2970F9 
 7856      EAF5
 7857 1a04 41F3EDF8 		.ascii	"A\363\355\370> \310\315\307\317{\375\3065:\270\006C"
 7857      3E20C8CD 
 7857      C7CF7BFD 
 7857      C6353AB8 
 7857      0643
 7858 1a16 FC0F7E9B 		.ascii	"\374\017~\233|\274\227\371\004\256\376z\275\216\361"
 7858      7CBC97F9 
 7858      04AEFE7A 
 7858      BD8EF1
 7859 1a25 7EE7B9A3 		.ascii	"~\347\271\243\346\355\357\353\353\357\347\266\304s\205"
 7859      E6EDEFEB 
 7859      EBEFE7B6 
 7859      C47385
 7860 1a34 C78ACD6E 		.ascii	"\307\212\315n\004\000\200\\\275\310E\342;/\335\006\237"
 7860      0400805C 
 7860      BDC845E2 
 7860      3B2FDD06 
 7860      9F
 7861 1a45 F5FEDF6C 		.ascii	"\365\376\337l\324\275g\007Ih\317\300\004\024\357u\020"
 7861      D4BD6707 
 7861      4968CFC0 
 7861      0414EF75 
 7861      10
 7862 1a56 513AAF4D 		.ascii	"Q:\257M\357\372\002\026\365\324\257\277\376\003\360"
 7862      EFFA0216 
 7862      F5D4AFBF 
 7862      FE03F0
 7863 1a65 F9181CF7 		.ascii	"\371\030\034\367\326\014\214Dc\304\270\201\326/\021"
 7863      D60C8C44 
 7863      63C4B881 
 7863      D62F11
 7864 1a74 461FF899 		.ascii	"F\037\370\231-r\201\211\270\222\316\326%\353\327\373"
 7864      2D728189 
 7864      B892CED6 
 7864      25EBD7FB 
 7865 1a84 7B7F3CCB 		.ascii	"{\177<\3134\211}\002\003\274\202~\366W\204\351\262\025"
 7865      34897D02 
 7865      03BC827E 
 7865      F65784E9 
ARM GAS  /tmp/ccQ4TWpz.s 			page 263


 7865      B215
 7866 1a96 4B362D74 		.ascii	"K6-t3\265'\\M\340\037\006\350t\037;\320i\350\316\016"
 7866      33B5275C 
 7866      4DE01F06 
 7866      E8741F3B 
 7866      D069E8CE 
 7867 1aab 0BD9E11D 		.ascii	"\013\331\341\035u\240n\375Z\037\2775\272\315\216$9\274"
 7867      75A06EFD 
 7867      5A1FBF35 
 7867      BACD8E24 
 7867      39BC
 7868 1abd 47E6EF3A 		.ascii	"G\346\357:\237\265\220:6\372\372\376I\341\263\326\033"
 7868      9FB5903A 
 7868      36FAFAFE 
 7868      49E1B3D6 
 7868      1B
 7869 1ace 6619C570 		.ascii	"f\031\305p\205\016\274\030\234)Ql\242F(V\270/\361T\254"
 7869      850EBC18 
 7869      9C29516C 
 7869      A2462856 
 7869      B82FF154 
 7870 1ae3 58B0C413 		.ascii	"X\260\304\023\177\006'\237.[\345)\367\360\304\037zx"
 7870      7F06279F 
 7870      2E5BE529 
 7870      F7F0C41F 
 7870      7A78
 7871 1af5 DAE32FB8 		.ascii	"\332\343/\270Y\2679\010\014`6|\270x\363f\306~\355\342"
 7871      59B73908 
 7871      0C60367C 
 7871      B878F366 
 7871      C67EEDE2 
 7872 1b09 05EE9B75 		.ascii	"\005\356\233u\300\037{x.\002Y\010\342\216\227zz\312"
 7872      C01F7B78 
 7872      2E025908 
 7872      E28E977A 
 7872      7ACA
 7873 1b1b 9779CA57 		.ascii	"\227y\312Wz*>Z\365\231'\366\016X\010\342\256\014\334"
 7873      7A2A3E5A 
 7873      F59927F6 
 7873      0E5808E2 
 7873      AE0CDC
 7874 1b2e A0D3ADD1 		.ascii	"\240\323\255\321\004\371\370\352\3747\006yy\177\255"
 7874      04F9F8EA 
 7874      FC370679 
 7874      797FAD
 7875 1b3d 229EF6FE 		.ascii	"\"\236\366\376\332+H\025\260\031&\037\324\250I\215\216"
 7875      DA2B4815 
 7875      B019261F 
 7875      D4A8498D 
 7875      8E
 7876 1b4e 54A90336 		.ascii	"T\251\0036\223\254!\326y\213j0\257\240*\210\234,4\235"
 7876      93AC21D6 
 7876      798B6A30 
 7876      AFA02A88 
 7876      9C2C349D 
 7877 1b62 B9C319F4 		.ascii	"\271\303\031\364\260\350;4\232u~A\272\0002\011}\326"
 7877      B0E83B34 
ARM GAS  /tmp/ccQ4TWpz.s 			page 264


 7877      9A757E41 
 7877      BA003209 
 7877      7DD6
 7878 1b74 ACD779AD 		.ascii	"\254\327y\255\367\207\311\353\037\270z\275\020\3213"
 7878      F787C9EB 
 7878      1FB87ABD 
 7878      10D133
 7879 1b83 45015183 		.ascii	"E\001Q\203\320~\323\317\207\235\203]j\317\017V~\340"
 7879      D07ED3CF 
 7879      879D835D 
 7879      6ACF0F56 
 7879      7EE0
 7880 1b95 F9C507CB 		.ascii	"\371\305\007\313\336\325|\366\311'\037/\\\351\361\341"
 7880      DED57CF6 
 7880      C9271F2F 
 7880      5CE9F1E1 
 7881 1ba5 479ECA95 		.ascii	"G\236\312\225+=>\3624]z\007{\200\251K\227y\230\253\336"
 7881      2B3D3EF2 
 7881      345D7A07 
 7881      7B80A94B 
 7881      977998AB 
 7882 1bba 562FF96C 		.ascii	"V/\371l\351\302O>\373\340SOr\346\316\316\304\253\213"
 7882      E9C24F3E 
 7882      FBE0534F 
 7882      72E6CECE 
 7882      C4AB8B
 7883 1bcd D54B962F 		.ascii	"\325K\226/]$\\]n\322[n\251\267\310\221\240@\0159\272"
 7883      5D245C5D 
 7883      6ED25B6E 
 7883      A9B7C891 
 7883      A0400D39 
 7884 1be2 F357163A 		.ascii	"\363W\026:\022\004ze\271\240\261\\\252\341\256\"m=W"
 7884      12047A65 
 7884      B9A0B15C 
 7884      AAE1AE22 
 7884      6D3D57
 7885 1bf5 AEF22427 		.ascii	"\256\362$'\356\344\304tm\201\212\264f\327\226\213J\313"
 7885      EEE4C474 
 7885      6D818AB4 
 7885      66D7968B 
 7885      4ACB
 7886 1c07 9912F6F8 		.ascii	"\231\022\366\370\330SA\214t\004{\351q\231\307\257\310"
 7886      D853418C 
 7886      74047BE9 
 7886      7199C7AF 
 7886      C8
 7887 1c18 51EBE9E1 		.ascii	"Q\353\351\341!\006\323\377\002\200\315\361\021"
 7887      2106D3FF 
 7887      0280CDF1 
 7887      11
 7888              		.text
 7889              		.section	.gnu.lto_.symtab.8b963afdfd85344d,"e",%progbits
 7890 0000 55415254 		.ascii	"UARTD6\000"
 7890      443600
 7891 0007 00       		.ascii	"\000"
 7892 0008 00       		.ascii	"\000"
 7893 0009 00       		.ascii	"\000"
ARM GAS  /tmp/ccQ4TWpz.s 			page 265


 7894 000a 00000000 		.ascii	"\000\000\000\000\000\000\000\000"
 7894      00000000 
 7895 0012 74010000 		.ascii	"t\001\000\000"
 7896 0016 56656374 		.ascii	"VectorD4\000"
 7896      6F724434 
 7896      00
 7897 001f 00       		.ascii	"\000"
 7898 0020 00       		.ascii	"\000"
 7899 0021 00       		.ascii	"\000"
 7900 0022 00000000 		.ascii	"\000\000\000\000\000\000\000\000"
 7900      00000000 
 7901 002a 30010000 		.ascii	"0\001\000\000"
 7902 002e 55415254 		.ascii	"UARTD1\000"
 7902      443100
 7903 0035 00       		.ascii	"\000"
 7904 0036 00       		.ascii	"\000"
 7905 0037 00       		.ascii	"\000"
 7906 0038 00000000 		.ascii	"\000\000\000\000\000\000\000\000"
 7906      00000000 
 7907 0040 70010000 		.ascii	"p\001\000\000"
 7908 0044 56656374 		.ascii	"VectorD8\000"
 7908      6F724438 
 7908      00
 7909 004d 00       		.ascii	"\000"
 7910 004e 00       		.ascii	"\000"
 7911 004f 00       		.ascii	"\000"
 7912 0050 00000000 		.ascii	"\000\000\000\000\000\000\000\000"
 7912      00000000 
 7913 0058 32010000 		.ascii	"2\001\000\000"
 7914 005c 55415254 		.ascii	"UARTD2\000"
 7914      443200
 7915 0063 00       		.ascii	"\000"
 7916 0064 00       		.ascii	"\000"
 7917 0065 00       		.ascii	"\000"
 7918 0066 00000000 		.ascii	"\000\000\000\000\000\000\000\000"
 7918      00000000 
 7919 006e 72010000 		.ascii	"r\001\000\000"
 7920 0072 56656374 		.ascii	"Vector15C\000"
 7920      6F723135 
 7920      4300
 7921 007c 00       		.ascii	"\000"
 7922 007d 00       		.ascii	"\000"
 7923 007e 00       		.ascii	"\000"
 7924 007f 00000000 		.ascii	"\000\000\000\000\000\000\000\000"
 7924      00000000 
 7925 0087 34010000 		.ascii	"4\001\000\000"
 7926 008b 75617274 		.ascii	"uart_lld_init\000"
 7926      5F6C6C64 
 7926      5F696E69 
 7926      7400
 7927 0099 00       		.ascii	"\000"
 7928 009a 00       		.ascii	"\000"
 7929 009b 00       		.ascii	"\000"
 7930 009c 00000000 		.ascii	"\000\000\000\000\000\000\000\000"
 7930      00000000 
 7931 00a4 36010000 		.ascii	"6\001\000\000"
 7932 00a8 75617274 		.ascii	"uart_lld_start\000"
ARM GAS  /tmp/ccQ4TWpz.s 			page 266


 7932      5F6C6C64 
 7932      5F737461 
 7932      727400
 7933 00b7 00       		.ascii	"\000"
 7934 00b8 00       		.ascii	"\000"
 7935 00b9 00       		.ascii	"\000"
 7936 00ba 00000000 		.ascii	"\000\000\000\000\000\000\000\000"
 7936      00000000 
 7937 00c2 38010000 		.ascii	"8\001\000\000"
 7938 00c6 75617274 		.ascii	"uart_lld_stop\000"
 7938      5F6C6C64 
 7938      5F73746F 
 7938      7000
 7939 00d4 00       		.ascii	"\000"
 7940 00d5 00       		.ascii	"\000"
 7941 00d6 00       		.ascii	"\000"
 7942 00d7 00000000 		.ascii	"\000\000\000\000\000\000\000\000"
 7942      00000000 
 7943 00df 2A010000 		.ascii	"*\001\000\000"
 7944 00e3 75617274 		.ascii	"uart_lld_start_send\000"
 7944      5F6C6C64 
 7944      5F737461 
 7944      72745F73 
 7944      656E6400 
 7945 00f7 00       		.ascii	"\000"
 7946 00f8 00       		.ascii	"\000"
 7947 00f9 00       		.ascii	"\000"
 7948 00fa 00000000 		.ascii	"\000\000\000\000\000\000\000\000"
 7948      00000000 
 7949 0102 3E010000 		.ascii	">\001\000\000"
 7950 0106 75617274 		.ascii	"uart_lld_stop_send\000"
 7950      5F6C6C64 
 7950      5F73746F 
 7950      705F7365 
 7950      6E6400
 7951 0119 00       		.ascii	"\000"
 7952 011a 00       		.ascii	"\000"
 7953 011b 00       		.ascii	"\000"
 7954 011c 00000000 		.ascii	"\000\000\000\000\000\000\000\000"
 7954      00000000 
 7955 0124 42010000 		.ascii	"B\001\000\000"
 7956 0128 75617274 		.ascii	"uart_lld_start_receive\000"
 7956      5F6C6C64 
 7956      5F737461 
 7956      72745F72 
 7956      65636569 
 7957 013f 00       		.ascii	"\000"
 7958 0140 00       		.ascii	"\000"
 7959 0141 00       		.ascii	"\000"
 7960 0142 00000000 		.ascii	"\000\000\000\000\000\000\000\000"
 7960      00000000 
 7961 014a 48010000 		.ascii	"H\001\000\000"
 7962 014e 75617274 		.ascii	"uart_lld_stop_receive\000"
 7962      5F6C6C64 
 7962      5F73746F 
 7962      705F7265 
 7962      63656976 
ARM GAS  /tmp/ccQ4TWpz.s 			page 267


 7963 0164 00       		.ascii	"\000"
 7964 0165 00       		.ascii	"\000"
 7965 0166 00       		.ascii	"\000"
 7966 0167 00000000 		.ascii	"\000\000\000\000\000\000\000\000"
 7966      00000000 
 7967 016f 4A010000 		.ascii	"J\001\000\000"
 7968 0173 63685379 		.ascii	"chSysHalt\000"
 7968      7348616C 
 7968      7400
 7969 017d 00       		.ascii	"\000"
 7970 017e 02       		.ascii	"\002"
 7971 017f 00       		.ascii	"\000"
 7972 0180 00000000 		.ascii	"\000\000\000\000\000\000\000\000"
 7972      00000000 
 7973 0188 50010000 		.ascii	"P\001\000\000"
 7974 018c 6E766963 		.ascii	"nvicDisableVector\000"
 7974      44697361 
 7974      626C6556 
 7974      6563746F 
 7974      7200
 7975 019e 00       		.ascii	"\000"
 7976 019f 02       		.ascii	"\002"
 7977 01a0 00       		.ascii	"\000"
 7978 01a1 00000000 		.ascii	"\000\000\000\000\000\000\000\000"
 7978      00000000 
 7979 01a9 54010000 		.ascii	"T\001\000\000"
 7980 01ad 5F706F72 		.ascii	"_port_irq_epilogue\000"
 7980      745F6972 
 7980      715F6570 
 7980      696C6F67 
 7980      756500
 7981 01c0 00       		.ascii	"\000"
 7982 01c1 02       		.ascii	"\002"
 7983 01c2 00       		.ascii	"\000"
 7984 01c3 00000000 		.ascii	"\000\000\000\000\000\000\000\000"
 7984      00000000 
 7985 01cb 56010000 		.ascii	"V\001\000\000"
 7986 01cf 75617274 		.ascii	"uartObjectInit\000"
 7986      4F626A65 
 7986      6374496E 
 7986      697400
 7987 01de 00       		.ascii	"\000"
 7988 01df 02       		.ascii	"\002"
 7989 01e0 00       		.ascii	"\000"
 7990 01e1 00000000 		.ascii	"\000\000\000\000\000\000\000\000"
 7990      00000000 
 7991 01e9 58010000 		.ascii	"X\001\000\000"
 7992 01ed 6E766963 		.ascii	"nvicEnableVector\000"
 7992      456E6162 
 7992      6C655665 
 7992      63746F72 
 7992      00
 7993 01fe 00       		.ascii	"\000"
 7994 01ff 02       		.ascii	"\002"
 7995 0200 00       		.ascii	"\000"
 7996 0201 00000000 		.ascii	"\000\000\000\000\000\000\000\000"
 7996      00000000 
ARM GAS  /tmp/ccQ4TWpz.s 			page 268


 7997 0209 5D010000 		.ascii	"]\001\000\000"
 7998 020d 646D6153 		.ascii	"dmaStreamAllocI\000"
 7998      74726561 
 7998      6D416C6C 
 7998      6F634900 
 7999 021d 00       		.ascii	"\000"
 8000 021e 02       		.ascii	"\002"
 8001 021f 00       		.ascii	"\000"
 8002 0220 00000000 		.ascii	"\000\000\000\000\000\000\000\000"
 8002      00000000 
 8003 0228 6A010000 		.ascii	"j\001\000\000"
 8004 022c 646D6153 		.ascii	"dmaStreamFreeI\000"
 8004      74726561 
 8004      6D467265 
 8004      654900
 8005 023b 00       		.ascii	"\000"
 8006 023c 02       		.ascii	"\002"
 8007 023d 00       		.ascii	"\000"
 8008 023e 00000000 		.ascii	"\000\000\000\000\000\000\000\000"
 8008      00000000 
 8009 0246 6E010000 		.ascii	"n\001\000\000"
 8010              		.text
 8011              		.section	.gnu.lto_.opts,"e",%progbits
 8012 0000 272D666E 		.ascii	"'-fno-openmp' '-fno-openacc' '-fno-pie' '-mcpu=cort"
 8012      6F2D6F70 
 8012      656E6D70 
 8012      2720272D 
 8012      666E6F2D 
 8013 0033 65782D6D 		.ascii	"ex-m4' '-mthumb' '-mfloat-abi=soft' '-march=armv7e-"
 8013      34272027 
 8013      2D6D7468 
 8013      756D6227 
 8013      20272D6D 
 8014 0066 6D272027 		.ascii	"m' '-O2' '-fomit-frame-pointer' '-falign-functions="
 8014      2D4F3227 
 8014      20272D66 
 8014      6F6D6974 
 8014      2D667261 
 8015 0099 31362720 		.ascii	"16' '-ffunction-sections' '-fdata-sections' '-fno-c"
 8015      272D6666 
 8015      756E6374 
 8015      696F6E2D 
 8015      73656374 
 8016 00cc 6F6D6D6F 		.ascii	"ommon' '-flto'\000"
 8016      6E272027 
 8016      2D666C74 
 8016      6F2700
 8017              		.text
 8018              		.comm	__gnu_lto_v1,1,1
 8019              		.comm	__gnu_lto_slim,1,1
 8020              		.ident	"GCC: (GNU Tools for Arm Embedded Processors 9-2019-q4-major) 9.2.1 20191025 (release) [ARM
ARM GAS  /tmp/ccQ4TWpz.s 			page 269


DEFINED SYMBOLS
                            *ABS*:0000000000000000 hal_uart_lld.c
     /tmp/ccQ4TWpz.s:49     .gnu.debuglto_.debug_info:0000000000000000 hal_uart_lld.c.57207d40
                            *COM*:0000000000000001 __gnu_lto_v1
                            *COM*:0000000000000001 __gnu_lto_slim

NO UNDEFINED SYMBOLS
