ARM GAS  /tmp/ccfgsisC.s 			page 1


   1              		.cpu cortex-m4
   2              		.eabi_attribute 20, 1
   3              		.eabi_attribute 21, 1
   4              		.eabi_attribute 23, 3
   5              		.eabi_attribute 24, 1
   6              		.eabi_attribute 25, 1
   7              		.eabi_attribute 26, 1
   8              		.eabi_attribute 30, 2
   9              		.eabi_attribute 34, 1
  10              		.eabi_attribute 18, 4
  11              		.file	"hal_pal.c"
  12              		.file 1 "/home/rob/Projects/ChibiStudio/ChibiStudio_20/tools/GNU Tools ARM Embedded/9.2.1 2019q4/l
  13              		.file 2 "/home/rob/Projects/ChibiStudio/ChibiStudio_20/tools/GNU Tools ARM Embedded/9.2.1 2019q4/a
  14              		.file 3 "/home/rob/Projects/ChibiStudio/ChibiStudio_20/tools/GNU Tools ARM Embedded/9.2.1 2019q4/a
  15              		.file 4 "/home/rob/Projects/ChibiStudio/ChibiStudio_20/tools/GNU Tools ARM Embedded/9.2.1 2019q4/a
  16              		.file 5 "../../chibios_trunk/os/common/ports/ARMCMx/compilers/GCC/chtypes.h"
  17              		.file 6 "../../chibios_trunk/os/rt/include/chsystypes.h"
  18              		.file 7 "../../chibios_trunk/os/rt/include/chschd.h"
  19              		.file 8 "../../chibios_trunk/os/rt/include/chtime.h"
  20              		.file 9 "../../chibios_trunk/os/common/ext/ARM/CMSIS/Core/Include/core_cm4.h"
  21              		.file 10 "../../chibios_trunk/os/common/ext/ST/STM32F4xx/system_stm32f4xx.h"
  22              		.file 11 "../../chibios_trunk/os/common/ext/ST/STM32F4xx/stm32f401xe.h"
  23              		.file 12 "../../chibios_trunk/os/common/ports/ARMCMx/chcore.h"
  24              		.file 13 "../../chibios_trunk/os/common/ports/ARMCMx/chcore_v7m.h"
  25              		.file 14 "../../chibios_trunk/os/rt/include/chtm.h"
  26              		.file 15 "../../chibios_trunk/os/rt/include/chsem.h"
  27              		.file 16 "../../chibios_trunk/os/rt/include/chmtx.h"
  28              		.file 17 "../../chibios_trunk/os/rt/include/chsys.h"
  29              		.file 18 "../../chibios_trunk/os/rt/include/chregistry.h"
  30              		.file 19 "../../chibios_trunk/os/oslib/include/chmemcore.h"
  31              		.file 20 "../../chibios_trunk/os/oslib/include/chmempools.h"
  32              		.file 21 "../../chibios_trunk/os/oslib/include/chfactory.h"
  33              		.file 22 "../../chibios_trunk/os/hal/ports/STM32/LLD/DMAv2/stm32_dma.h"
  34              		.file 23 "../../chibios_trunk/os/hal/ports/STM32/LLD/TIMv1/stm32_tim.h"
  35              		.file 24 "../../chibios_trunk/os/hal/include/hal_pal.h"
  36              		.file 25 "../../chibios_trunk/os/hal/ports/STM32/LLD/GPIOv2/stm32_gpio.h"
  37              		.file 26 "../../chibios_trunk/os/hal/ports/STM32/LLD/GPIOv2/hal_pal_lld.h"
  38              		.file 27 "../../chibios_trunk/os/hal/include/hal_icu.h"
  39              		.file 28 "../../chibios_trunk/os/hal/ports/STM32/LLD/TIMv1/hal_icu_lld.h"
  40              		.file 29 "../../chibios_trunk/os/hal/include/hal_uart.h"
  41              		.file 30 "../../chibios_trunk/os/hal/ports/STM32/LLD/USARTv1/hal_uart_lld.h"
  42              		.file 31 "../../chibios_trunk/os/hal/include/hal_usb.h"
  43              		.file 32 "../../chibios_trunk/os/hal/ports/STM32/LLD/OTGv1/hal_usb_lld.h"
  44              		.file 33 "../../chibios_trunk/os/hal/ports/STM32/LLD/OTGv1/stm32_otg.h"
  45              		.file 34 "../../chibios_trunk/os/hal/src/hal_pal.c"
  46              		.section	.gnu.debuglto_.debug_info,"e",%progbits
  47              	.Ldebug_info0:
  48              		.hidden	hal_pal.c.479a4ee9
  49              		.weak	hal_pal.c.479a4ee9
  50              	hal_pal.c.479a4ee9:
  51 0000 6A1F0000 		.4byte	0x1f6a
  52 0004 0400     		.2byte	0x4
  53 0006 00000000 		.4byte	.Ldebug_abbrev0
  54 000a 04       		.byte	0x4
  55 000b 01       		.uleb128 0x1
  56 000c A70F0000 		.4byte	.LASF415
  57 0010 0C       		.byte	0xc
ARM GAS  /tmp/ccfgsisC.s 			page 2


  58 0011 BD0B0000 		.4byte	.LASF416
  59 0015 CD090000 		.4byte	.LASF417
  60 0019 00000000 		.4byte	.Ldebug_line0
  61 001d 02       		.uleb128 0x2
  62 001e 04       		.byte	0x4
  63 001f 05       		.byte	0x5
  64 0020 696E7400 		.ascii	"int\000"
  65 0024 03       		.uleb128 0x3
  66 0025 20000000 		.4byte	.LASF4
  67 0029 01       		.byte	0x1
  68 002a D1       		.byte	0xd1
  69 002b 17       		.byte	0x17
  70 002c 30000000 		.4byte	0x30
  71 0030 04       		.uleb128 0x4
  72 0031 04       		.byte	0x4
  73 0032 07       		.byte	0x7
  74 0033 7F090000 		.4byte	.LASF0
  75 0037 04       		.uleb128 0x4
  76 0038 08       		.byte	0x8
  77 0039 05       		.byte	0x5
  78 003a 92080000 		.4byte	.LASF1
  79 003e 04       		.uleb128 0x4
  80 003f 08       		.byte	0x8
  81 0040 04       		.byte	0x4
  82 0041 FD0A0000 		.4byte	.LASF2
  83 0045 04       		.uleb128 0x4
  84 0046 01       		.byte	0x1
  85 0047 06       		.byte	0x6
  86 0048 BE020000 		.4byte	.LASF3
  87 004c 03       		.uleb128 0x3
  88 004d B1010000 		.4byte	.LASF5
  89 0051 02       		.byte	0x2
  90 0052 2B       		.byte	0x2b
  91 0053 18       		.byte	0x18
  92 0054 58000000 		.4byte	0x58
  93 0058 04       		.uleb128 0x4
  94 0059 01       		.byte	0x1
  95 005a 08       		.byte	0x8
  96 005b 2C030000 		.4byte	.LASF6
  97 005f 04       		.uleb128 0x4
  98 0060 02       		.byte	0x2
  99 0061 05       		.byte	0x5
 100 0062 0E0E0000 		.4byte	.LASF7
 101 0066 03       		.uleb128 0x3
 102 0067 21040000 		.4byte	.LASF8
 103 006b 02       		.byte	0x2
 104 006c 39       		.byte	0x39
 105 006d 19       		.byte	0x19
 106 006e 72000000 		.4byte	0x72
 107 0072 04       		.uleb128 0x4
 108 0073 02       		.byte	0x2
 109 0074 07       		.byte	0x7
 110 0075 D7100000 		.4byte	.LASF9
 111 0079 03       		.uleb128 0x3
 112 007a 54110000 		.4byte	.LASF10
 113 007e 02       		.byte	0x2
 114 007f 4D       		.byte	0x4d
ARM GAS  /tmp/ccfgsisC.s 			page 3


 115 0080 18       		.byte	0x18
 116 0081 85000000 		.4byte	0x85
 117 0085 04       		.uleb128 0x4
 118 0086 04       		.byte	0x4
 119 0087 05       		.byte	0x5
 120 0088 FA010000 		.4byte	.LASF11
 121 008c 03       		.uleb128 0x3
 122 008d 6E080000 		.4byte	.LASF12
 123 0091 02       		.byte	0x2
 124 0092 4F       		.byte	0x4f
 125 0093 19       		.byte	0x19
 126 0094 98000000 		.4byte	0x98
 127 0098 04       		.uleb128 0x4
 128 0099 04       		.byte	0x4
 129 009a 07       		.byte	0x7
 130 009b 64060000 		.4byte	.LASF13
 131 009f 03       		.uleb128 0x3
 132 00a0 3F060000 		.4byte	.LASF14
 133 00a4 02       		.byte	0x2
 134 00a5 69       		.byte	0x69
 135 00a6 19       		.byte	0x19
 136 00a7 AB000000 		.4byte	0xab
 137 00ab 04       		.uleb128 0x4
 138 00ac 08       		.byte	0x8
 139 00ad 07       		.byte	0x7
 140 00ae E60B0000 		.4byte	.LASF15
 141 00b2 03       		.uleb128 0x3
 142 00b3 D1020000 		.4byte	.LASF16
 143 00b7 03       		.byte	0x3
 144 00b8 18       		.byte	0x18
 145 00b9 13       		.byte	0x13
 146 00ba 4C000000 		.4byte	0x4c
 147 00be 05       		.uleb128 0x5
 148 00bf B2000000 		.4byte	0xb2
 149 00c3 03       		.uleb128 0x3
 150 00c4 060C0000 		.4byte	.LASF17
 151 00c8 03       		.byte	0x3
 152 00c9 24       		.byte	0x24
 153 00ca 14       		.byte	0x14
 154 00cb 66000000 		.4byte	0x66
 155 00cf 06       		.uleb128 0x6
 156 00d0 C3000000 		.4byte	0xc3
 157 00d4 03       		.uleb128 0x3
 158 00d5 83000000 		.4byte	.LASF18
 159 00d9 03       		.byte	0x3
 160 00da 2C       		.byte	0x2c
 161 00db 13       		.byte	0x13
 162 00dc 79000000 		.4byte	0x79
 163 00e0 06       		.uleb128 0x6
 164 00e1 D4000000 		.4byte	0xd4
 165 00e5 03       		.uleb128 0x3
 166 00e6 BF100000 		.4byte	.LASF19
 167 00ea 03       		.byte	0x3
 168 00eb 30       		.byte	0x30
 169 00ec 14       		.byte	0x14
 170 00ed 8C000000 		.4byte	0x8c
 171 00f1 06       		.uleb128 0x6
ARM GAS  /tmp/ccfgsisC.s 			page 4


 172 00f2 E5000000 		.4byte	0xe5
 173 00f6 03       		.uleb128 0x3
 174 00f7 200E0000 		.4byte	.LASF20
 175 00fb 03       		.byte	0x3
 176 00fc 3C       		.byte	0x3c
 177 00fd 14       		.byte	0x14
 178 00fe 9F000000 		.4byte	0x9f
 179 0102 03       		.uleb128 0x3
 180 0103 EE0D0000 		.4byte	.LASF21
 181 0107 04       		.byte	0x4
 182 0108 34       		.byte	0x34
 183 0109 1F       		.byte	0x1f
 184 010a 30000000 		.4byte	0x30
 185 010e 03       		.uleb128 0x3
 186 010f 9F090000 		.4byte	.LASF22
 187 0113 05       		.byte	0x5
 188 0114 27       		.byte	0x27
 189 0115 1D       		.byte	0x1d
 190 0116 E5000000 		.4byte	0xe5
 191 011a 03       		.uleb128 0x3
 192 011b 7E0D0000 		.4byte	.LASF23
 193 011f 05       		.byte	0x5
 194 0120 2A       		.byte	0x2a
 195 0121 1D       		.byte	0x1d
 196 0122 B2000000 		.4byte	0xb2
 197 0126 03       		.uleb128 0x3
 198 0127 13020000 		.4byte	.LASF24
 199 012b 05       		.byte	0x5
 200 012c 2B       		.byte	0x2b
 201 012d 1D       		.byte	0x1d
 202 012e B2000000 		.4byte	0xb2
 203 0132 03       		.uleb128 0x3
 204 0133 650F0000 		.4byte	.LASF25
 205 0137 05       		.byte	0x5
 206 0138 2C       		.byte	0x2c
 207 0139 1D       		.byte	0x1d
 208 013a B2000000 		.4byte	0xb2
 209 013e 03       		.uleb128 0x3
 210 013f 5C000000 		.4byte	.LASF26
 211 0143 05       		.byte	0x5
 212 0144 2E       		.byte	0x2e
 213 0145 1D       		.byte	0x1d
 214 0146 E5000000 		.4byte	0xe5
 215 014a 03       		.uleb128 0x3
 216 014b 2D0C0000 		.4byte	.LASF27
 217 014f 05       		.byte	0x5
 218 0150 2F       		.byte	0x2f
 219 0151 1D       		.byte	0x1d
 220 0152 D4000000 		.4byte	0xd4
 221 0156 03       		.uleb128 0x3
 222 0157 08030000 		.4byte	.LASF28
 223 015b 05       		.byte	0x5
 224 015c 31       		.byte	0x31
 225 015d 1D       		.byte	0x1d
 226 015e E5000000 		.4byte	0xe5
 227 0162 03       		.uleb128 0x3
 228 0163 48050000 		.4byte	.LASF29
ARM GAS  /tmp/ccfgsisC.s 			page 5


 229 0167 05       		.byte	0x5
 230 0168 33       		.byte	0x33
 231 0169 1D       		.byte	0x1d
 232 016a D4000000 		.4byte	0xd4
 233 016e 03       		.uleb128 0x3
 234 016f AF070000 		.4byte	.LASF30
 235 0173 05       		.byte	0x5
 236 0174 34       		.byte	0x34
 237 0175 1D       		.byte	0x1d
 238 0176 E5000000 		.4byte	0xe5
 239 017a 03       		.uleb128 0x3
 240 017b F40A0000 		.4byte	.LASF31
 241 017f 06       		.byte	0x6
 242 0180 34       		.byte	0x34
 243 0181 1A       		.byte	0x1a
 244 0182 86010000 		.4byte	0x186
 245 0186 07       		.uleb128 0x7
 246 0187 DB060000 		.4byte	.LASF49
 247 018b 44       		.byte	0x44
 248 018c 07       		.byte	0x7
 249 018d 8E       		.byte	0x8e
 250 018e 08       		.byte	0x8
 251 018f 76020000 		.4byte	0x276
 252 0193 08       		.uleb128 0x8
 253 0194 860C0000 		.4byte	.LASF32
 254 0198 07       		.byte	0x7
 255 0199 8F       		.byte	0x8f
 256 019a 19       		.byte	0x19
 257 019b AF020000 		.4byte	0x2af
 258 019f 00       		.byte	0
 259 01a0 08       		.uleb128 0x8
 260 01a1 8C010000 		.4byte	.LASF33
 261 01a5 07       		.byte	0x7
 262 01a6 90       		.byte	0x90
 263 01a7 19       		.byte	0x19
 264 01a8 3E010000 		.4byte	0x13e
 265 01ac 08       		.byte	0x8
 266 01ad 08       		.uleb128 0x8
 267 01ae B4100000 		.4byte	.LASF34
 268 01b2 07       		.byte	0x7
 269 01b3 92       		.byte	0x92
 270 01b4 1A       		.byte	0x1a
 271 01b5 82020000 		.4byte	0x282
 272 01b9 0C       		.byte	0xc
 273 01ba 08       		.uleb128 0x8
 274 01bb 86070000 		.4byte	.LASF35
 275 01bf 07       		.byte	0x7
 276 01c0 93       		.byte	0x93
 277 01c1 1A       		.byte	0x1a
 278 01c2 82020000 		.4byte	0x282
 279 01c6 10       		.byte	0x10
 280 01c7 09       		.uleb128 0x9
 281 01c8 63747800 		.ascii	"ctx\000"
 282 01cc 07       		.byte	0x7
 283 01cd 99       		.byte	0x99
 284 01ce 19       		.byte	0x19
 285 01cf BF060000 		.4byte	0x6bf
ARM GAS  /tmp/ccfgsisC.s 			page 6


 286 01d3 14       		.byte	0x14
 287 01d4 08       		.uleb128 0x8
 288 01d5 D60D0000 		.4byte	.LASF36
 289 01d9 07       		.byte	0x7
 290 01da 9E       		.byte	0x9e
 291 01db 1A       		.byte	0x1a
 292 01dc DE070000 		.4byte	0x7de
 293 01e0 18       		.byte	0x18
 294 01e1 08       		.uleb128 0x8
 295 01e2 0E0D0000 		.4byte	.LASF37
 296 01e6 07       		.byte	0x7
 297 01e7 A7       		.byte	0xa7
 298 01e8 1A       		.byte	0x1a
 299 01e9 F5070000 		.4byte	0x7f5
 300 01ed 1C       		.byte	0x1c
 301 01ee 08       		.uleb128 0x8
 302 01ef 17010000 		.4byte	.LASF38
 303 01f3 07       		.byte	0x7
 304 01f4 AC       		.byte	0xac
 305 01f5 19       		.byte	0x19
 306 01f6 26010000 		.4byte	0x126
 307 01fa 20       		.byte	0x20
 308 01fb 08       		.uleb128 0x8
 309 01fc 6F040000 		.4byte	.LASF39
 310 0200 07       		.byte	0x7
 311 0201 B0       		.byte	0xb0
 312 0202 19       		.byte	0x19
 313 0203 1A010000 		.4byte	0x11a
 314 0207 21       		.byte	0x21
 315 0208 08       		.uleb128 0x8
 316 0209 810C0000 		.4byte	.LASF40
 317 020d 07       		.byte	0x7
 318 020e B5       		.byte	0xb5
 319 020f 19       		.byte	0x19
 320 0210 32010000 		.4byte	0x132
 321 0214 22       		.byte	0x22
 322 0215 0A       		.uleb128 0xa
 323 0216 7500     		.ascii	"u\000"
 324 0218 07       		.byte	0x7
 325 0219 0601     		.2byte	0x106
 326 021b 19       		.byte	0x19
 327 021c 04070000 		.4byte	0x704
 328 0220 24       		.byte	0x24
 329 0221 0B       		.uleb128 0xb
 330 0222 090F0000 		.4byte	.LASF41
 331 0226 07       		.byte	0x7
 332 0227 0B01     		.2byte	0x10b
 333 0229 19       		.byte	0x19
 334 022a 88020000 		.4byte	0x288
 335 022e 28       		.byte	0x28
 336 022f 0B       		.uleb128 0xb
 337 0230 540E0000 		.4byte	.LASF42
 338 0234 07       		.byte	0x7
 339 0235 1101     		.2byte	0x111
 340 0237 19       		.byte	0x19
 341 0238 AF020000 		.4byte	0x2af
 342 023c 2C       		.byte	0x2c
ARM GAS  /tmp/ccfgsisC.s 			page 7


 343 023d 0B       		.uleb128 0xb
 344 023e 30020000 		.4byte	.LASF43
 345 0242 07       		.byte	0x7
 346 0243 1701     		.2byte	0x117
 347 0245 19       		.byte	0x19
 348 0246 56010000 		.4byte	0x156
 349 024a 34       		.byte	0x34
 350 024b 0B       		.uleb128 0xb
 351 024c 8A080000 		.4byte	.LASF44
 352 0250 07       		.byte	0x7
 353 0251 1E01     		.2byte	0x11e
 354 0253 1A       		.byte	0x1a
 355 0254 D8070000 		.4byte	0x7d8
 356 0258 38       		.byte	0x38
 357 0259 0B       		.uleb128 0xb
 358 025a 9A070000 		.4byte	.LASF45
 359 025e 07       		.byte	0x7
 360 025f 2201     		.2byte	0x122
 361 0261 19       		.byte	0x19
 362 0262 3E010000 		.4byte	0x13e
 363 0266 3C       		.byte	0x3c
 364 0267 0B       		.uleb128 0xb
 365 0268 9A040000 		.4byte	.LASF46
 366 026c 07       		.byte	0x7
 367 026d 2901     		.2byte	0x129
 368 026f 1A       		.byte	0x1a
 369 0270 61030000 		.4byte	0x361
 370 0274 40       		.byte	0x40
 371 0275 00       		.byte	0
 372 0276 03       		.uleb128 0x3
 373 0277 090B0000 		.4byte	.LASF47
 374 027b 06       		.byte	0x6
 375 027c 39       		.byte	0x39
 376 027d 14       		.byte	0x14
 377 027e 82020000 		.4byte	0x282
 378 0282 0C       		.uleb128 0xc
 379 0283 04       		.byte	0x4
 380 0284 7A010000 		.4byte	0x17a
 381 0288 03       		.uleb128 0x3
 382 0289 820F0000 		.4byte	.LASF48
 383 028d 06       		.byte	0x6
 384 028e 3E       		.byte	0x3e
 385 028f 20       		.byte	0x20
 386 0290 94020000 		.4byte	0x294
 387 0294 07       		.uleb128 0x7
 388 0295 EC070000 		.4byte	.LASF50
 389 0299 04       		.byte	0x4
 390 029a 07       		.byte	0x7
 391 029b 7C       		.byte	0x7c
 392 029c 08       		.byte	0x8
 393 029d AF020000 		.4byte	0x2af
 394 02a1 08       		.uleb128 0x8
 395 02a2 96110000 		.4byte	.LASF51
 396 02a6 07       		.byte	0x7
 397 02a7 7D       		.byte	0x7d
 398 02a8 1A       		.byte	0x1a
 399 02a9 82020000 		.4byte	0x282
ARM GAS  /tmp/ccfgsisC.s 			page 8


 400 02ad 00       		.byte	0
 401 02ae 00       		.byte	0
 402 02af 03       		.uleb128 0x3
 403 02b0 42020000 		.4byte	.LASF52
 404 02b4 06       		.byte	0x6
 405 02b5 45       		.byte	0x45
 406 02b6 21       		.byte	0x21
 407 02b7 BB020000 		.4byte	0x2bb
 408 02bb 07       		.uleb128 0x7
 409 02bc 380C0000 		.4byte	.LASF53
 410 02c0 08       		.byte	0x8
 411 02c1 07       		.byte	0x7
 412 02c2 83       		.byte	0x83
 413 02c3 08       		.byte	0x8
 414 02c4 E3020000 		.4byte	0x2e3
 415 02c8 08       		.uleb128 0x8
 416 02c9 96110000 		.4byte	.LASF51
 417 02cd 07       		.byte	0x7
 418 02ce 84       		.byte	0x84
 419 02cf 1A       		.byte	0x1a
 420 02d0 82020000 		.4byte	0x282
 421 02d4 00       		.byte	0
 422 02d5 08       		.uleb128 0x8
 423 02d6 A2110000 		.4byte	.LASF54
 424 02da 07       		.byte	0x7
 425 02db 85       		.byte	0x85
 426 02dc 1A       		.byte	0x1a
 427 02dd 82020000 		.4byte	0x282
 428 02e1 04       		.byte	0x4
 429 02e2 00       		.byte	0
 430 02e3 03       		.uleb128 0x3
 431 02e4 79070000 		.4byte	.LASF55
 432 02e8 06       		.byte	0x6
 433 02e9 4C       		.byte	0x4c
 434 02ea 1E       		.byte	0x1e
 435 02eb EF020000 		.4byte	0x2ef
 436 02ef 0D       		.uleb128 0xd
 437 02f0 C6050000 		.4byte	.LASF56
 438 02f4 18       		.byte	0x18
 439 02f5 07       		.byte	0x7
 440 02f6 6101     		.2byte	0x161
 441 02f8 08       		.byte	0x8
 442 02f9 44030000 		.4byte	0x344
 443 02fd 0B       		.uleb128 0xb
 444 02fe 860C0000 		.4byte	.LASF32
 445 0302 07       		.byte	0x7
 446 0303 6201     		.2byte	0x162
 447 0305 19       		.byte	0x19
 448 0306 AF020000 		.4byte	0x2af
 449 030a 00       		.byte	0
 450 030b 0B       		.uleb128 0xb
 451 030c 8C010000 		.4byte	.LASF33
 452 0310 07       		.byte	0x7
 453 0311 6301     		.2byte	0x163
 454 0313 19       		.byte	0x19
 455 0314 3E010000 		.4byte	0x13e
 456 0318 08       		.byte	0x8
ARM GAS  /tmp/ccfgsisC.s 			page 9


 457 0319 0B       		.uleb128 0xb
 458 031a B4100000 		.4byte	.LASF34
 459 031e 07       		.byte	0x7
 460 031f 6601     		.2byte	0x166
 461 0321 1A       		.byte	0x1a
 462 0322 82020000 		.4byte	0x282
 463 0326 0C       		.byte	0xc
 464 0327 0B       		.uleb128 0xb
 465 0328 86070000 		.4byte	.LASF35
 466 032c 07       		.byte	0x7
 467 032d 6701     		.2byte	0x167
 468 032f 1A       		.byte	0x1a
 469 0330 82020000 		.4byte	0x282
 470 0334 10       		.byte	0x10
 471 0335 0B       		.uleb128 0xb
 472 0336 580A0000 		.4byte	.LASF57
 473 033a 07       		.byte	0x7
 474 033b 6A01     		.2byte	0x16a
 475 033d 1A       		.byte	0x1a
 476 033e 82020000 		.4byte	0x282
 477 0342 14       		.byte	0x14
 478 0343 00       		.byte	0
 479 0344 03       		.uleb128 0x3
 480 0345 AE000000 		.4byte	.LASF58
 481 0349 06       		.byte	0x6
 482 034a 51       		.byte	0x51
 483 034b 10       		.byte	0x10
 484 034c 50030000 		.4byte	0x350
 485 0350 0C       		.uleb128 0xc
 486 0351 04       		.byte	0x4
 487 0352 56030000 		.4byte	0x356
 488 0356 0E       		.uleb128 0xe
 489 0357 61030000 		.4byte	0x361
 490 035b 0F       		.uleb128 0xf
 491 035c 61030000 		.4byte	0x361
 492 0360 00       		.byte	0
 493 0361 10       		.uleb128 0x10
 494 0362 04       		.byte	0x4
 495 0363 03       		.uleb128 0x3
 496 0364 69070000 		.4byte	.LASF59
 497 0368 06       		.byte	0x6
 498 0369 56       		.byte	0x56
 499 036a 21       		.byte	0x21
 500 036b 6F030000 		.4byte	0x36f
 501 036f 0D       		.uleb128 0xd
 502 0370 880B0000 		.4byte	.LASF60
 503 0374 14       		.byte	0x14
 504 0375 07       		.byte	0x7
 505 0376 3C01     		.2byte	0x13c
 506 0378 08       		.byte	0x8
 507 0379 C4030000 		.4byte	0x3c4
 508 037d 0B       		.uleb128 0xb
 509 037e 96110000 		.4byte	.LASF51
 510 0382 07       		.byte	0x7
 511 0383 3D01     		.2byte	0x13d
 512 0385 1A       		.byte	0x1a
 513 0386 FB070000 		.4byte	0x7fb
ARM GAS  /tmp/ccfgsisC.s 			page 10


 514 038a 00       		.byte	0
 515 038b 0B       		.uleb128 0xb
 516 038c A2110000 		.4byte	.LASF54
 517 0390 07       		.byte	0x7
 518 0391 3E01     		.2byte	0x13e
 519 0393 1A       		.byte	0x1a
 520 0394 FB070000 		.4byte	0x7fb
 521 0398 04       		.byte	0x4
 522 0399 0B       		.uleb128 0xb
 523 039a 630C0000 		.4byte	.LASF61
 524 039e 07       		.byte	0x7
 525 039f 3F01     		.2byte	0x13f
 526 03a1 19       		.byte	0x19
 527 03a2 AC040000 		.4byte	0x4ac
 528 03a6 08       		.byte	0x8
 529 03a7 0B       		.uleb128 0xb
 530 03a8 2E0E0000 		.4byte	.LASF62
 531 03ac 07       		.byte	0x7
 532 03ad 4001     		.2byte	0x140
 533 03af 19       		.byte	0x19
 534 03b0 44030000 		.4byte	0x344
 535 03b4 0C       		.byte	0xc
 536 03b5 0A       		.uleb128 0xa
 537 03b6 70617200 		.ascii	"par\000"
 538 03ba 07       		.byte	0x7
 539 03bb 4201     		.2byte	0x142
 540 03bd 1A       		.byte	0x1a
 541 03be 61030000 		.4byte	0x361
 542 03c2 10       		.byte	0x10
 543 03c3 00       		.byte	0
 544 03c4 03       		.uleb128 0x3
 545 03c5 ED060000 		.4byte	.LASF63
 546 03c9 06       		.byte	0x6
 547 03ca 5B       		.byte	0x5b
 548 03cb 28       		.byte	0x28
 549 03cc D0030000 		.4byte	0x3d0
 550 03d0 0D       		.uleb128 0xd
 551 03d1 C4000000 		.4byte	.LASF64
 552 03d5 10       		.byte	0x10
 553 03d6 07       		.byte	0x7
 554 03d7 4C01     		.2byte	0x14c
 555 03d9 08       		.byte	0x8
 556 03da 17040000 		.4byte	0x417
 557 03de 0B       		.uleb128 0xb
 558 03df 96110000 		.4byte	.LASF51
 559 03e3 07       		.byte	0x7
 560 03e4 4D01     		.2byte	0x14d
 561 03e6 1A       		.byte	0x1a
 562 03e7 FB070000 		.4byte	0x7fb
 563 03eb 00       		.byte	0
 564 03ec 0B       		.uleb128 0xb
 565 03ed A2110000 		.4byte	.LASF54
 566 03f1 07       		.byte	0x7
 567 03f2 4F01     		.2byte	0x14f
 568 03f4 1A       		.byte	0x1a
 569 03f5 FB070000 		.4byte	0x7fb
 570 03f9 04       		.byte	0x4
ARM GAS  /tmp/ccfgsisC.s 			page 11


 571 03fa 0B       		.uleb128 0xb
 572 03fb 630C0000 		.4byte	.LASF61
 573 03ff 07       		.byte	0x7
 574 0400 5101     		.2byte	0x151
 575 0402 19       		.byte	0x19
 576 0403 AC040000 		.4byte	0x4ac
 577 0407 08       		.byte	0x8
 578 0408 0B       		.uleb128 0xb
 579 0409 48030000 		.4byte	.LASF65
 580 040d 07       		.byte	0x7
 581 040e 5901     		.2byte	0x159
 582 0410 19       		.byte	0x19
 583 0411 A0040000 		.4byte	0x4a0
 584 0415 0C       		.byte	0xc
 585 0416 00       		.byte	0
 586 0417 03       		.uleb128 0x3
 587 0418 93030000 		.4byte	.LASF66
 588 041c 06       		.byte	0x6
 589 041d 60       		.byte	0x60
 590 041e 20       		.byte	0x20
 591 041f 23040000 		.4byte	0x423
 592 0423 0D       		.uleb128 0xd
 593 0424 940E0000 		.4byte	.LASF67
 594 0428 04       		.byte	0x4
 595 0429 07       		.byte	0x7
 596 042a 7101     		.2byte	0x171
 597 042c 08       		.byte	0x8
 598 042d 40040000 		.4byte	0x440
 599 0431 0B       		.uleb128 0xb
 600 0432 5E030000 		.4byte	.LASF68
 601 0436 07       		.byte	0x7
 602 0437 7901     		.2byte	0x179
 603 0439 24       		.byte	0x24
 604 043a E4070000 		.4byte	0x7e4
 605 043e 00       		.byte	0
 606 043f 00       		.byte	0
 607 0440 03       		.uleb128 0x3
 608 0441 01110000 		.4byte	.LASF69
 609 0445 06       		.byte	0x6
 610 0446 65       		.byte	0x65
 611 0447 1A       		.byte	0x1a
 612 0448 4C040000 		.4byte	0x44c
 613 044c 0D       		.uleb128 0xd
 614 044d A2100000 		.4byte	.LASF70
 615 0451 74       		.byte	0x74
 616 0452 07       		.byte	0x7
 617 0453 9101     		.2byte	0x191
 618 0455 08       		.byte	0x8
 619 0456 A0040000 		.4byte	0x4a0
 620 045a 0B       		.uleb128 0xb
 621 045b 610D0000 		.4byte	.LASF71
 622 045f 07       		.byte	0x7
 623 0460 9501     		.2byte	0x195
 624 0462 19       		.byte	0x19
 625 0463 E3020000 		.4byte	0x2e3
 626 0467 00       		.byte	0
 627 0468 0B       		.uleb128 0xb
ARM GAS  /tmp/ccfgsisC.s 			page 12


 628 0469 020F0000 		.4byte	.LASF72
 629 046d 07       		.byte	0x7
 630 046e 9901     		.2byte	0x199
 631 0470 19       		.byte	0x19
 632 0471 C4030000 		.4byte	0x3c4
 633 0475 18       		.byte	0x18
 634 0476 0A       		.uleb128 0xa
 635 0477 64626700 		.ascii	"dbg\000"
 636 047b 07       		.byte	0x7
 637 047c 9D01     		.2byte	0x19d
 638 047e 19       		.byte	0x19
 639 047f 17040000 		.4byte	0x417
 640 0483 28       		.byte	0x28
 641 0484 0B       		.uleb128 0xb
 642 0485 A70C0000 		.4byte	.LASF73
 643 0489 07       		.byte	0x7
 644 048a A101     		.2byte	0x1a1
 645 048c 19       		.byte	0x19
 646 048d 7A010000 		.4byte	0x17a
 647 0491 2C       		.byte	0x2c
 648 0492 0A       		.uleb128 0xa
 649 0493 746D00   		.ascii	"tm\000"
 650 0496 07       		.byte	0x7
 651 0497 A601     		.2byte	0x1a6
 652 0499 19       		.byte	0x19
 653 049a F8060000 		.4byte	0x6f8
 654 049e 70       		.byte	0x70
 655 049f 00       		.byte	0
 656 04a0 03       		.uleb128 0x3
 657 04a1 40000000 		.4byte	.LASF74
 658 04a5 08       		.byte	0x8
 659 04a6 6D       		.byte	0x6d
 660 04a7 12       		.byte	0x12
 661 04a8 E5000000 		.4byte	0xe5
 662 04ac 03       		.uleb128 0x3
 663 04ad B2080000 		.4byte	.LASF75
 664 04b1 08       		.byte	0x8
 665 04b2 79       		.byte	0x79
 666 04b3 12       		.byte	0x12
 667 04b4 E5000000 		.4byte	0xe5
 668 04b8 11       		.uleb128 0x11
 669 04b9 1C090000 		.4byte	.LASF76
 670 04bd 09       		.byte	0x9
 671 04be 0408     		.2byte	0x804
 672 04c0 19       		.byte	0x19
 673 04c1 E0000000 		.4byte	0xe0
 674 04c5 12       		.uleb128 0x12
 675 04c6 B0060000 		.4byte	.LASF77
 676 04ca 0A       		.byte	0xa
 677 04cb 4C       		.byte	0x4c
 678 04cc 11       		.byte	0x11
 679 04cd E5000000 		.4byte	0xe5
 680 04d1 13       		.uleb128 0x13
 681 04d2 BE000000 		.4byte	0xbe
 682 04d6 E1040000 		.4byte	0x4e1
 683 04da 14       		.uleb128 0x14
 684 04db 30000000 		.4byte	0x30
ARM GAS  /tmp/ccfgsisC.s 			page 13


 685 04df 0F       		.byte	0xf
 686 04e0 00       		.byte	0
 687 04e1 05       		.uleb128 0x5
 688 04e2 D1040000 		.4byte	0x4d1
 689 04e6 12       		.uleb128 0x12
 690 04e7 7A0B0000 		.4byte	.LASF78
 691 04eb 0A       		.byte	0xa
 692 04ec 4E       		.byte	0x4e
 693 04ed 17       		.byte	0x17
 694 04ee E1040000 		.4byte	0x4e1
 695 04f2 13       		.uleb128 0x13
 696 04f3 BE000000 		.4byte	0xbe
 697 04f7 02050000 		.4byte	0x502
 698 04fb 14       		.uleb128 0x14
 699 04fc 30000000 		.4byte	0x30
 700 0500 07       		.byte	0x7
 701 0501 00       		.byte	0
 702 0502 05       		.uleb128 0x5
 703 0503 F2040000 		.4byte	0x4f2
 704 0507 12       		.uleb128 0x12
 705 0508 E00D0000 		.4byte	.LASF79
 706 050c 0A       		.byte	0xa
 707 050d 4F       		.byte	0x4f
 708 050e 17       		.byte	0x17
 709 050f 02050000 		.4byte	0x502
 710 0513 15       		.uleb128 0x15
 711 0514 18       		.byte	0x18
 712 0515 0B       		.byte	0xb
 713 0516 E8       		.byte	0xe8
 714 0517 09       		.byte	0x9
 715 0518 6A050000 		.4byte	0x56a
 716 051c 09       		.uleb128 0x9
 717 051d 435200   		.ascii	"CR\000"
 718 0520 0B       		.byte	0xb
 719 0521 EA       		.byte	0xea
 720 0522 11       		.byte	0x11
 721 0523 F1000000 		.4byte	0xf1
 722 0527 00       		.byte	0
 723 0528 08       		.uleb128 0x8
 724 0529 5E110000 		.4byte	.LASF80
 725 052d 0B       		.byte	0xb
 726 052e EB       		.byte	0xeb
 727 052f 11       		.byte	0x11
 728 0530 F1000000 		.4byte	0xf1
 729 0534 04       		.byte	0x4
 730 0535 09       		.uleb128 0x9
 731 0536 50415200 		.ascii	"PAR\000"
 732 053a 0B       		.byte	0xb
 733 053b EC       		.byte	0xec
 734 053c 11       		.byte	0x11
 735 053d F1000000 		.4byte	0xf1
 736 0541 08       		.byte	0x8
 737 0542 08       		.uleb128 0x8
 738 0543 D10D0000 		.4byte	.LASF81
 739 0547 0B       		.byte	0xb
 740 0548 ED       		.byte	0xed
 741 0549 11       		.byte	0x11
ARM GAS  /tmp/ccfgsisC.s 			page 14


 742 054a F1000000 		.4byte	0xf1
 743 054e 0C       		.byte	0xc
 744 054f 08       		.uleb128 0x8
 745 0550 08000000 		.4byte	.LASF82
 746 0554 0B       		.byte	0xb
 747 0555 EE       		.byte	0xee
 748 0556 11       		.byte	0x11
 749 0557 F1000000 		.4byte	0xf1
 750 055b 10       		.byte	0x10
 751 055c 09       		.uleb128 0x9
 752 055d 46435200 		.ascii	"FCR\000"
 753 0561 0B       		.byte	0xb
 754 0562 EF       		.byte	0xef
 755 0563 11       		.byte	0x11
 756 0564 F1000000 		.4byte	0xf1
 757 0568 14       		.byte	0x14
 758 0569 00       		.byte	0
 759 056a 03       		.uleb128 0x3
 760 056b A30A0000 		.4byte	.LASF83
 761 056f 0B       		.byte	0xb
 762 0570 F0       		.byte	0xf0
 763 0571 03       		.byte	0x3
 764 0572 13050000 		.4byte	0x513
 765 0576 13       		.uleb128 0x13
 766 0577 F1000000 		.4byte	0xf1
 767 057b 86050000 		.4byte	0x586
 768 057f 14       		.uleb128 0x14
 769 0580 30000000 		.4byte	0x30
 770 0584 01       		.byte	0x1
 771 0585 00       		.byte	0
 772 0586 06       		.uleb128 0x6
 773 0587 76050000 		.4byte	0x576
 774 058b 13       		.uleb128 0x13
 775 058c F1000000 		.4byte	0xf1
 776 0590 9B050000 		.4byte	0x59b
 777 0594 14       		.uleb128 0x14
 778 0595 30000000 		.4byte	0x30
 779 0599 03       		.byte	0x3
 780 059a 00       		.byte	0
 781 059b 06       		.uleb128 0x6
 782 059c 8B050000 		.4byte	0x58b
 783 05a0 16       		.uleb128 0x16
 784 05a1 1C       		.byte	0x1c
 785 05a2 0B       		.byte	0xb
 786 05a3 0502     		.2byte	0x205
 787 05a5 09       		.byte	0x9
 788 05a6 0B060000 		.4byte	0x60b
 789 05aa 0A       		.uleb128 0xa
 790 05ab 535200   		.ascii	"SR\000"
 791 05ae 0B       		.byte	0xb
 792 05af 0702     		.2byte	0x207
 793 05b1 11       		.byte	0x11
 794 05b2 F1000000 		.4byte	0xf1
 795 05b6 00       		.byte	0
 796 05b7 0A       		.uleb128 0xa
 797 05b8 445200   		.ascii	"DR\000"
 798 05bb 0B       		.byte	0xb
ARM GAS  /tmp/ccfgsisC.s 			page 15


 799 05bc 0802     		.2byte	0x208
 800 05be 11       		.byte	0x11
 801 05bf F1000000 		.4byte	0xf1
 802 05c3 04       		.byte	0x4
 803 05c4 0A       		.uleb128 0xa
 804 05c5 42525200 		.ascii	"BRR\000"
 805 05c9 0B       		.byte	0xb
 806 05ca 0902     		.2byte	0x209
 807 05cc 11       		.byte	0x11
 808 05cd F1000000 		.4byte	0xf1
 809 05d1 08       		.byte	0x8
 810 05d2 0A       		.uleb128 0xa
 811 05d3 43523100 		.ascii	"CR1\000"
 812 05d7 0B       		.byte	0xb
 813 05d8 0A02     		.2byte	0x20a
 814 05da 11       		.byte	0x11
 815 05db F1000000 		.4byte	0xf1
 816 05df 0C       		.byte	0xc
 817 05e0 0A       		.uleb128 0xa
 818 05e1 43523200 		.ascii	"CR2\000"
 819 05e5 0B       		.byte	0xb
 820 05e6 0B02     		.2byte	0x20b
 821 05e8 11       		.byte	0x11
 822 05e9 F1000000 		.4byte	0xf1
 823 05ed 10       		.byte	0x10
 824 05ee 0A       		.uleb128 0xa
 825 05ef 43523300 		.ascii	"CR3\000"
 826 05f3 0B       		.byte	0xb
 827 05f4 0C02     		.2byte	0x20c
 828 05f6 11       		.byte	0x11
 829 05f7 F1000000 		.4byte	0xf1
 830 05fb 14       		.byte	0x14
 831 05fc 0B       		.uleb128 0xb
 832 05fd EA080000 		.4byte	.LASF84
 833 0601 0B       		.byte	0xb
 834 0602 0D02     		.2byte	0x20d
 835 0604 11       		.byte	0x11
 836 0605 F1000000 		.4byte	0xf1
 837 0609 18       		.byte	0x18
 838 060a 00       		.byte	0
 839 060b 17       		.uleb128 0x17
 840 060c 86040000 		.4byte	.LASF85
 841 0610 0B       		.byte	0xb
 842 0611 0E02     		.2byte	0x20e
 843 0613 03       		.byte	0x3
 844 0614 A0050000 		.4byte	0x5a0
 845 0618 13       		.uleb128 0x13
 846 0619 F1000000 		.4byte	0xf1
 847 061d 28060000 		.4byte	0x628
 848 0621 14       		.uleb128 0x14
 849 0622 30000000 		.4byte	0x30
 850 0626 0E       		.byte	0xe
 851 0627 00       		.byte	0
 852 0628 06       		.uleb128 0x6
 853 0629 18060000 		.4byte	0x618
 854 062d 03       		.uleb128 0x3
 855 062e 7B040000 		.4byte	.LASF86
ARM GAS  /tmp/ccfgsisC.s 			page 16


 856 0632 0C       		.byte	0xc
 857 0633 68       		.byte	0x68
 858 0634 12       		.byte	0x12
 859 0635 F6000000 		.4byte	0xf6
 860 0639 0D       		.uleb128 0xd
 861 063a 310B0000 		.4byte	.LASF87
 862 063e 24       		.byte	0x24
 863 063f 0D       		.byte	0xd
 864 0640 8501     		.2byte	0x185
 865 0642 08       		.byte	0x8
 866 0643 BF060000 		.4byte	0x6bf
 867 0647 0A       		.uleb128 0xa
 868 0648 723400   		.ascii	"r4\000"
 869 064b 0D       		.byte	0xd
 870 064c 9E01     		.2byte	0x19e
 871 064e 11       		.byte	0x11
 872 064f E5000000 		.4byte	0xe5
 873 0653 00       		.byte	0
 874 0654 0A       		.uleb128 0xa
 875 0655 723500   		.ascii	"r5\000"
 876 0658 0D       		.byte	0xd
 877 0659 9F01     		.2byte	0x19f
 878 065b 11       		.byte	0x11
 879 065c E5000000 		.4byte	0xe5
 880 0660 04       		.byte	0x4
 881 0661 0A       		.uleb128 0xa
 882 0662 723600   		.ascii	"r6\000"
 883 0665 0D       		.byte	0xd
 884 0666 A001     		.2byte	0x1a0
 885 0668 11       		.byte	0x11
 886 0669 E5000000 		.4byte	0xe5
 887 066d 08       		.byte	0x8
 888 066e 0A       		.uleb128 0xa
 889 066f 723700   		.ascii	"r7\000"
 890 0672 0D       		.byte	0xd
 891 0673 A101     		.2byte	0x1a1
 892 0675 11       		.byte	0x11
 893 0676 E5000000 		.4byte	0xe5
 894 067a 0C       		.byte	0xc
 895 067b 0A       		.uleb128 0xa
 896 067c 723800   		.ascii	"r8\000"
 897 067f 0D       		.byte	0xd
 898 0680 A201     		.2byte	0x1a2
 899 0682 11       		.byte	0x11
 900 0683 E5000000 		.4byte	0xe5
 901 0687 10       		.byte	0x10
 902 0688 0A       		.uleb128 0xa
 903 0689 723900   		.ascii	"r9\000"
 904 068c 0D       		.byte	0xd
 905 068d A301     		.2byte	0x1a3
 906 068f 11       		.byte	0x11
 907 0690 E5000000 		.4byte	0xe5
 908 0694 14       		.byte	0x14
 909 0695 0A       		.uleb128 0xa
 910 0696 72313000 		.ascii	"r10\000"
 911 069a 0D       		.byte	0xd
 912 069b A401     		.2byte	0x1a4
ARM GAS  /tmp/ccfgsisC.s 			page 17


 913 069d 11       		.byte	0x11
 914 069e E5000000 		.4byte	0xe5
 915 06a2 18       		.byte	0x18
 916 06a3 0A       		.uleb128 0xa
 917 06a4 72313100 		.ascii	"r11\000"
 918 06a8 0D       		.byte	0xd
 919 06a9 A501     		.2byte	0x1a5
 920 06ab 11       		.byte	0x11
 921 06ac E5000000 		.4byte	0xe5
 922 06b0 1C       		.byte	0x1c
 923 06b1 0A       		.uleb128 0xa
 924 06b2 6C7200   		.ascii	"lr\000"
 925 06b5 0D       		.byte	0xd
 926 06b6 A601     		.2byte	0x1a6
 927 06b8 11       		.byte	0x11
 928 06b9 E5000000 		.4byte	0xe5
 929 06bd 20       		.byte	0x20
 930 06be 00       		.byte	0
 931 06bf 0D       		.uleb128 0xd
 932 06c0 750F0000 		.4byte	.LASF88
 933 06c4 04       		.byte	0x4
 934 06c5 0D       		.byte	0xd
 935 06c6 A901     		.2byte	0x1a9
 936 06c8 08       		.byte	0x8
 937 06c9 DB060000 		.4byte	0x6db
 938 06cd 0A       		.uleb128 0xa
 939 06ce 737000   		.ascii	"sp\000"
 940 06d1 0D       		.byte	0xd
 941 06d2 AA01     		.2byte	0x1aa
 942 06d4 1A       		.byte	0x1a
 943 06d5 DB060000 		.4byte	0x6db
 944 06d9 00       		.byte	0
 945 06da 00       		.byte	0
 946 06db 0C       		.uleb128 0xc
 947 06dc 04       		.byte	0x4
 948 06dd 39060000 		.4byte	0x639
 949 06e1 15       		.uleb128 0x15
 950 06e2 04       		.byte	0x4
 951 06e3 0E       		.byte	0xe
 952 06e4 38       		.byte	0x38
 953 06e5 09       		.byte	0x9
 954 06e6 F8060000 		.4byte	0x6f8
 955 06ea 08       		.uleb128 0x8
 956 06eb 670A0000 		.4byte	.LASF89
 957 06ef 0E       		.byte	0xe
 958 06f0 3C       		.byte	0x3c
 959 06f1 19       		.byte	0x19
 960 06f2 0E010000 		.4byte	0x10e
 961 06f6 00       		.byte	0
 962 06f7 00       		.byte	0
 963 06f8 03       		.uleb128 0x3
 964 06f9 C00D0000 		.4byte	.LASF90
 965 06fd 0E       		.byte	0xe
 966 06fe 3D       		.byte	0x3d
 967 06ff 03       		.byte	0x3
 968 0700 E1060000 		.4byte	0x6e1
 969 0704 18       		.uleb128 0x18
ARM GAS  /tmp/ccfgsisC.s 			page 18


 970 0705 04       		.byte	0x4
 971 0706 07       		.byte	0x7
 972 0707 C9       		.byte	0xc9
 973 0708 03       		.byte	0x3
 974 0709 6F070000 		.4byte	0x76f
 975 070d 19       		.uleb128 0x19
 976 070e D0100000 		.4byte	.LASF91
 977 0712 07       		.byte	0x7
 978 0713 D0       		.byte	0xd0
 979 0714 19       		.byte	0x19
 980 0715 4A010000 		.4byte	0x14a
 981 0719 19       		.uleb128 0x19
 982 071a 9A010000 		.4byte	.LASF92
 983 071e 07       		.byte	0x7
 984 071f D7       		.byte	0xd7
 985 0720 19       		.byte	0x19
 986 0721 4A010000 		.4byte	0x14a
 987 0725 19       		.uleb128 0x19
 988 0726 36040000 		.4byte	.LASF93
 989 072a 07       		.byte	0x7
 990 072b DE       		.byte	0xde
 991 072c 1A       		.byte	0x1a
 992 072d 61030000 		.4byte	0x361
 993 0731 19       		.uleb128 0x19
 994 0732 1B030000 		.4byte	.LASF94
 995 0736 07       		.byte	0x7
 996 0737 E5       		.byte	0xe5
 997 0738 1A       		.byte	0x1a
 998 0739 6F070000 		.4byte	0x76f
 999 073d 19       		.uleb128 0x19
 1000 073e 290B0000 		.4byte	.LASF95
 1001 0742 07       		.byte	0x7
 1002 0743 EA       		.byte	0xea
 1003 0744 19       		.byte	0x19
 1004 0745 4A010000 		.4byte	0x14a
 1005 0749 19       		.uleb128 0x19
 1006 074a 39000000 		.4byte	.LASF96
 1007 074e 07       		.byte	0x7
 1008 074f F3       		.byte	0xf3
 1009 0750 1A       		.byte	0x1a
 1010 0751 9D070000 		.4byte	0x79d
 1011 0755 19       		.uleb128 0x19
 1012 0756 B4050000 		.4byte	.LASF97
 1013 075a 07       		.byte	0x7
 1014 075b FC       		.byte	0xfc
 1015 075c 1A       		.byte	0x1a
 1016 075d D8070000 		.4byte	0x7d8
 1017 0761 1A       		.uleb128 0x1a
 1018 0762 CA020000 		.4byte	.LASF98
 1019 0766 07       		.byte	0x7
 1020 0767 0401     		.2byte	0x104
 1021 0769 19       		.byte	0x19
 1022 076a 56010000 		.4byte	0x156
 1023 076e 00       		.byte	0
 1024 076f 0C       		.uleb128 0xc
 1025 0770 04       		.byte	0x4
 1026 0771 76020000 		.4byte	0x276
ARM GAS  /tmp/ccfgsisC.s 			page 19


 1027 0775 07       		.uleb128 0x7
 1028 0776 C0060000 		.4byte	.LASF99
 1029 077a 0C       		.byte	0xc
 1030 077b 0F       		.byte	0xf
 1031 077c 34       		.byte	0x34
 1032 077d 10       		.byte	0x10
 1033 077e 9D070000 		.4byte	0x79d
 1034 0782 08       		.uleb128 0x8
 1035 0783 860C0000 		.4byte	.LASF32
 1036 0787 0F       		.byte	0xf
 1037 0788 35       		.byte	0x35
 1038 0789 19       		.byte	0x19
 1039 078a AF020000 		.4byte	0x2af
 1040 078e 00       		.byte	0
 1041 078f 09       		.uleb128 0x9
 1042 0790 636E7400 		.ascii	"cnt\000"
 1043 0794 0F       		.byte	0xf
 1044 0795 37       		.byte	0x37
 1045 0796 19       		.byte	0x19
 1046 0797 62010000 		.4byte	0x162
 1047 079b 08       		.byte	0x8
 1048 079c 00       		.byte	0
 1049 079d 0C       		.uleb128 0xc
 1050 079e 04       		.byte	0x4
 1051 079f 75070000 		.4byte	0x775
 1052 07a3 07       		.uleb128 0x7
 1053 07a4 330E0000 		.4byte	.LASF100
 1054 07a8 10       		.byte	0x10
 1055 07a9 10       		.byte	0x10
 1056 07aa 39       		.byte	0x39
 1057 07ab 08       		.byte	0x8
 1058 07ac D8070000 		.4byte	0x7d8
 1059 07b0 08       		.uleb128 0x8
 1060 07b1 860C0000 		.4byte	.LASF32
 1061 07b5 10       		.byte	0x10
 1062 07b6 3A       		.byte	0x3a
 1063 07b7 19       		.byte	0x19
 1064 07b8 AF020000 		.4byte	0x2af
 1065 07bc 00       		.byte	0
 1066 07bd 08       		.uleb128 0x8
 1067 07be 56000000 		.4byte	.LASF101
 1068 07c2 10       		.byte	0x10
 1069 07c3 3C       		.byte	0x3c
 1070 07c4 1A       		.byte	0x1a
 1071 07c5 82020000 		.4byte	0x282
 1072 07c9 08       		.byte	0x8
 1073 07ca 08       		.uleb128 0x8
 1074 07cb 96110000 		.4byte	.LASF51
 1075 07cf 10       		.byte	0x10
 1076 07d0 3E       		.byte	0x3e
 1077 07d1 1A       		.byte	0x1a
 1078 07d2 52090000 		.4byte	0x952
 1079 07d6 0C       		.byte	0xc
 1080 07d7 00       		.byte	0
 1081 07d8 0C       		.uleb128 0xc
 1082 07d9 04       		.byte	0x4
 1083 07da A3070000 		.4byte	0x7a3
ARM GAS  /tmp/ccfgsisC.s 			page 20


 1084 07de 0C       		.uleb128 0xc
 1085 07df 04       		.byte	0x4
 1086 07e0 F0070000 		.4byte	0x7f0
 1087 07e4 06       		.uleb128 0x6
 1088 07e5 DE070000 		.4byte	0x7de
 1089 07e9 04       		.uleb128 0x4
 1090 07ea 01       		.byte	0x1
 1091 07eb 08       		.byte	0x8
 1092 07ec F3030000 		.4byte	.LASF102
 1093 07f0 05       		.uleb128 0x5
 1094 07f1 E9070000 		.4byte	0x7e9
 1095 07f5 0C       		.uleb128 0xc
 1096 07f6 04       		.byte	0x4
 1097 07f7 2D060000 		.4byte	0x62d
 1098 07fb 0C       		.uleb128 0xc
 1099 07fc 04       		.byte	0x4
 1100 07fd 63030000 		.4byte	0x363
 1101 0801 1B       		.uleb128 0x1b
 1102 0802 636800   		.ascii	"ch\000"
 1103 0805 07       		.byte	0x7
 1104 0806 C801     		.2byte	0x1c8
 1105 0808 14       		.byte	0x14
 1106 0809 40040000 		.4byte	0x440
 1107 080d 13       		.uleb128 0x13
 1108 080e 2D060000 		.4byte	0x62d
 1109 0812 18080000 		.4byte	0x818
 1110 0816 1C       		.uleb128 0x1c
 1111 0817 00       		.byte	0
 1112 0818 11       		.uleb128 0x11
 1113 0819 08070000 		.4byte	.LASF103
 1114 081d 11       		.byte	0x11
 1115 081e 1701     		.2byte	0x117
 1116 0820 13       		.byte	0x13
 1117 0821 0D080000 		.4byte	0x80d
 1118 0825 15       		.uleb128 0x15
 1119 0826 16       		.byte	0x16
 1120 0827 12       		.byte	0x12
 1121 0828 34       		.byte	0x34
 1122 0829 09       		.byte	0x9
 1123 082a 19090000 		.4byte	0x919
 1124 082e 08       		.uleb128 0x8
 1125 082f B3110000 		.4byte	.LASF104
 1126 0833 12       		.byte	0x12
 1127 0834 35       		.byte	0x35
 1128 0835 0D       		.byte	0xd
 1129 0836 19090000 		.4byte	0x919
 1130 083a 00       		.byte	0
 1131 083b 08       		.uleb128 0x8
 1132 083c 03020000 		.4byte	.LASF105
 1133 0840 12       		.byte	0x12
 1134 0841 36       		.byte	0x36
 1135 0842 0D       		.byte	0xd
 1136 0843 B2000000 		.4byte	0xb2
 1137 0847 04       		.byte	0x4
 1138 0848 08       		.uleb128 0x8
 1139 0849 B80B0000 		.4byte	.LASF106
 1140 084d 12       		.byte	0x12
ARM GAS  /tmp/ccfgsisC.s 			page 21


 1141 084e 37       		.byte	0x37
 1142 084f 0D       		.byte	0xd
 1143 0850 B2000000 		.4byte	0xb2
 1144 0854 05       		.byte	0x5
 1145 0855 08       		.uleb128 0x8
 1146 0856 C00C0000 		.4byte	.LASF107
 1147 085a 12       		.byte	0x12
 1148 085b 38       		.byte	0x38
 1149 085c 0D       		.byte	0xd
 1150 085d C3000000 		.4byte	0xc3
 1151 0861 06       		.byte	0x6
 1152 0862 08       		.uleb128 0x8
 1153 0863 D3040000 		.4byte	.LASF108
 1154 0867 12       		.byte	0x12
 1155 0868 39       		.byte	0x39
 1156 0869 0D       		.byte	0xd
 1157 086a B2000000 		.4byte	0xb2
 1158 086e 08       		.byte	0x8
 1159 086f 08       		.uleb128 0x8
 1160 0870 34110000 		.4byte	.LASF109
 1161 0874 12       		.byte	0x12
 1162 0875 3A       		.byte	0x3a
 1163 0876 0D       		.byte	0xd
 1164 0877 B2000000 		.4byte	0xb2
 1165 087b 09       		.byte	0x9
 1166 087c 08       		.uleb128 0x8
 1167 087d 76060000 		.4byte	.LASF110
 1168 0881 12       		.byte	0x12
 1169 0882 3B       		.byte	0x3b
 1170 0883 0D       		.byte	0xd
 1171 0884 B2000000 		.4byte	0xb2
 1172 0888 0A       		.byte	0xa
 1173 0889 08       		.uleb128 0x8
 1174 088a 27000000 		.4byte	.LASF111
 1175 088e 12       		.byte	0x12
 1176 088f 3C       		.byte	0x3c
 1177 0890 0D       		.byte	0xd
 1178 0891 B2000000 		.4byte	0xb2
 1179 0895 0B       		.byte	0xb
 1180 0896 08       		.uleb128 0x8
 1181 0897 00000000 		.4byte	.LASF112
 1182 089b 12       		.byte	0x12
 1183 089c 3D       		.byte	0x3d
 1184 089d 0D       		.byte	0xd
 1185 089e B2000000 		.4byte	0xb2
 1186 08a2 0C       		.byte	0xc
 1187 08a3 08       		.uleb128 0x8
 1188 08a4 62090000 		.4byte	.LASF113
 1189 08a8 12       		.byte	0x12
 1190 08a9 3E       		.byte	0x3e
 1191 08aa 0D       		.byte	0xd
 1192 08ab B2000000 		.4byte	0xb2
 1193 08af 0D       		.byte	0xd
 1194 08b0 08       		.uleb128 0x8
 1195 08b1 82010000 		.4byte	.LASF114
 1196 08b5 12       		.byte	0x12
 1197 08b6 3F       		.byte	0x3f
ARM GAS  /tmp/ccfgsisC.s 			page 22


 1198 08b7 0D       		.byte	0xd
 1199 08b8 B2000000 		.4byte	0xb2
 1200 08bc 0E       		.byte	0xe
 1201 08bd 08       		.uleb128 0x8
 1202 08be 1E0C0000 		.4byte	.LASF115
 1203 08c2 12       		.byte	0x12
 1204 08c3 40       		.byte	0x40
 1205 08c4 0D       		.byte	0xd
 1206 08c5 B2000000 		.4byte	0xb2
 1207 08c9 0F       		.byte	0xf
 1208 08ca 08       		.uleb128 0x8
 1209 08cb BC070000 		.4byte	.LASF116
 1210 08cf 12       		.byte	0x12
 1211 08d0 41       		.byte	0x41
 1212 08d1 0D       		.byte	0xd
 1213 08d2 B2000000 		.4byte	0xb2
 1214 08d6 10       		.byte	0x10
 1215 08d7 08       		.uleb128 0x8
 1216 08d8 52060000 		.4byte	.LASF117
 1217 08dc 12       		.byte	0x12
 1218 08dd 42       		.byte	0x42
 1219 08de 0D       		.byte	0xd
 1220 08df B2000000 		.4byte	0xb2
 1221 08e3 11       		.byte	0x11
 1222 08e4 08       		.uleb128 0x8
 1223 08e5 7B110000 		.4byte	.LASF118
 1224 08e9 12       		.byte	0x12
 1225 08ea 43       		.byte	0x43
 1226 08eb 0D       		.byte	0xd
 1227 08ec B2000000 		.4byte	0xb2
 1228 08f0 12       		.byte	0x12
 1229 08f1 08       		.uleb128 0x8
 1230 08f2 66040000 		.4byte	.LASF119
 1231 08f6 12       		.byte	0x12
 1232 08f7 44       		.byte	0x44
 1233 08f8 0D       		.byte	0xd
 1234 08f9 B2000000 		.4byte	0xb2
 1235 08fd 13       		.byte	0x13
 1236 08fe 08       		.uleb128 0x8
 1237 08ff 4A000000 		.4byte	.LASF120
 1238 0903 12       		.byte	0x12
 1239 0904 45       		.byte	0x45
 1240 0905 0D       		.byte	0xd
 1241 0906 B2000000 		.4byte	0xb2
 1242 090a 14       		.byte	0x14
 1243 090b 08       		.uleb128 0x8
 1244 090c 3F050000 		.4byte	.LASF121
 1245 0910 12       		.byte	0x12
 1246 0911 46       		.byte	0x46
 1247 0912 0D       		.byte	0xd
 1248 0913 B2000000 		.4byte	0xb2
 1249 0917 15       		.byte	0x15
 1250 0918 00       		.byte	0
 1251 0919 13       		.uleb128 0x13
 1252 091a E9070000 		.4byte	0x7e9
 1253 091e 29090000 		.4byte	0x929
 1254 0922 14       		.uleb128 0x14
ARM GAS  /tmp/ccfgsisC.s 			page 23


 1255 0923 30000000 		.4byte	0x30
 1256 0927 03       		.byte	0x3
 1257 0928 00       		.byte	0
 1258 0929 03       		.uleb128 0x3
 1259 092a 0D110000 		.4byte	.LASF122
 1260 092e 12       		.byte	0x12
 1261 092f 47       		.byte	0x47
 1262 0930 03       		.byte	0x3
 1263 0931 25080000 		.4byte	0x825
 1264 0935 05       		.uleb128 0x5
 1265 0936 29090000 		.4byte	0x929
 1266 093a 12       		.uleb128 0x12
 1267 093b 64000000 		.4byte	.LASF123
 1268 093f 12       		.byte	0x12
 1269 0940 6C       		.byte	0x6c
 1270 0941 1D       		.byte	0x1d
 1271 0942 35090000 		.4byte	0x935
 1272 0946 03       		.uleb128 0x3
 1273 0947 5D0F0000 		.4byte	.LASF124
 1274 094b 10       		.byte	0x10
 1275 094c 34       		.byte	0x34
 1276 094d 19       		.byte	0x19
 1277 094e A3070000 		.4byte	0x7a3
 1278 0952 0C       		.uleb128 0xc
 1279 0953 04       		.byte	0x4
 1280 0954 46090000 		.4byte	0x946
 1281 0958 04       		.uleb128 0x4
 1282 0959 01       		.byte	0x1
 1283 095a 02       		.byte	0x2
 1284 095b BC030000 		.4byte	.LASF125
 1285 095f 03       		.uleb128 0x3
 1286 0960 DB0A0000 		.4byte	.LASF126
 1287 0964 13       		.byte	0x13
 1288 0965 47       		.byte	0x47
 1289 0966 11       		.byte	0x11
 1290 0967 6B090000 		.4byte	0x96b
 1291 096b 0C       		.uleb128 0xc
 1292 096c 04       		.byte	0x4
 1293 096d 71090000 		.4byte	0x971
 1294 0971 1D       		.uleb128 0x1d
 1295 0972 61030000 		.4byte	0x361
 1296 0976 85090000 		.4byte	0x985
 1297 097a 0F       		.uleb128 0xf
 1298 097b 24000000 		.4byte	0x24
 1299 097f 0F       		.uleb128 0xf
 1300 0980 30000000 		.4byte	0x30
 1301 0984 00       		.byte	0
 1302 0985 15       		.uleb128 0x15
 1303 0986 08       		.byte	0x8
 1304 0987 13       		.byte	0x13
 1305 0988 51       		.byte	0x51
 1306 0989 09       		.byte	0x9
 1307 098a A9090000 		.4byte	0x9a9
 1308 098e 08       		.uleb128 0x8
 1309 098f 6D0F0000 		.4byte	.LASF127
 1310 0993 13       		.byte	0x13
 1311 0994 55       		.byte	0x55
ARM GAS  /tmp/ccfgsisC.s 			page 24


 1312 0995 0C       		.byte	0xc
 1313 0996 A9090000 		.4byte	0x9a9
 1314 099a 00       		.byte	0
 1315 099b 08       		.uleb128 0x8
 1316 099c 8C070000 		.4byte	.LASF128
 1317 09a0 13       		.byte	0x13
 1318 09a1 59       		.byte	0x59
 1319 09a2 0C       		.byte	0xc
 1320 09a3 A9090000 		.4byte	0x9a9
 1321 09a7 04       		.byte	0x4
 1322 09a8 00       		.byte	0
 1323 09a9 0C       		.uleb128 0xc
 1324 09aa 04       		.byte	0x4
 1325 09ab B2000000 		.4byte	0xb2
 1326 09af 03       		.uleb128 0x3
 1327 09b0 B4020000 		.4byte	.LASF129
 1328 09b4 13       		.byte	0x13
 1329 09b5 5A       		.byte	0x5a
 1330 09b6 03       		.byte	0x3
 1331 09b7 85090000 		.4byte	0x985
 1332 09bb 12       		.uleb128 0x12
 1333 09bc 70110000 		.4byte	.LASF130
 1334 09c0 13       		.byte	0x13
 1335 09c1 75       		.byte	0x75
 1336 09c2 12       		.byte	0x12
 1337 09c3 AF090000 		.4byte	0x9af
 1338 09c7 07       		.uleb128 0x7
 1339 09c8 C9070000 		.4byte	.LASF131
 1340 09cc 04       		.byte	0x4
 1341 09cd 14       		.byte	0x14
 1342 09ce 38       		.byte	0x38
 1343 09cf 08       		.byte	0x8
 1344 09d0 E2090000 		.4byte	0x9e2
 1345 09d4 08       		.uleb128 0x8
 1346 09d5 96110000 		.4byte	.LASF51
 1347 09d9 14       		.byte	0x14
 1348 09da 39       		.byte	0x39
 1349 09db 1A       		.byte	0x1a
 1350 09dc E2090000 		.4byte	0x9e2
 1351 09e0 00       		.byte	0
 1352 09e1 00       		.byte	0
 1353 09e2 0C       		.uleb128 0xc
 1354 09e3 04       		.byte	0x4
 1355 09e4 C7090000 		.4byte	0x9c7
 1356 09e8 15       		.uleb128 0x15
 1357 09e9 10       		.byte	0x10
 1358 09ea 14       		.byte	0x14
 1359 09eb 40       		.byte	0x40
 1360 09ec 09       		.byte	0x9
 1361 09ed 260A0000 		.4byte	0xa26
 1362 09f1 08       		.uleb128 0x8
 1363 09f2 96110000 		.4byte	.LASF51
 1364 09f6 14       		.byte	0x14
 1365 09f7 41       		.byte	0x41
 1366 09f8 1A       		.byte	0x1a
 1367 09f9 E2090000 		.4byte	0x9e2
 1368 09fd 00       		.byte	0
ARM GAS  /tmp/ccfgsisC.s 			page 25


 1369 09fe 08       		.uleb128 0x8
 1370 09ff EA0E0000 		.4byte	.LASF132
 1371 0a03 14       		.byte	0x14
 1372 0a04 42       		.byte	0x42
 1373 0a05 19       		.byte	0x19
 1374 0a06 24000000 		.4byte	0x24
 1375 0a0a 04       		.byte	0x4
 1376 0a0b 08       		.uleb128 0x8
 1377 0a0c 0D090000 		.4byte	.LASF133
 1378 0a10 14       		.byte	0x14
 1379 0a11 44       		.byte	0x44
 1380 0a12 19       		.byte	0x19
 1381 0a13 30000000 		.4byte	0x30
 1382 0a17 08       		.byte	0x8
 1383 0a18 08       		.uleb128 0x8
 1384 0a19 6D000000 		.4byte	.LASF134
 1385 0a1d 14       		.byte	0x14
 1386 0a1e 45       		.byte	0x45
 1387 0a1f 19       		.byte	0x19
 1388 0a20 5F090000 		.4byte	0x95f
 1389 0a24 0C       		.byte	0xc
 1390 0a25 00       		.byte	0
 1391 0a26 03       		.uleb128 0x3
 1392 0a27 340D0000 		.4byte	.LASF135
 1393 0a2b 14       		.byte	0x14
 1394 0a2c 47       		.byte	0x47
 1395 0a2d 03       		.byte	0x3
 1396 0a2e E8090000 		.4byte	0x9e8
 1397 0a32 07       		.uleb128 0x7
 1398 0a33 F8000000 		.4byte	.LASF136
 1399 0a37 10       		.byte	0x10
 1400 0a38 15       		.byte	0x15
 1401 0a39 A9       		.byte	0xa9
 1402 0a3a 10       		.byte	0x10
 1403 0a3b 670A0000 		.4byte	0xa67
 1404 0a3f 08       		.uleb128 0x8
 1405 0a40 96110000 		.4byte	.LASF51
 1406 0a44 15       		.byte	0x15
 1407 0a45 AD       		.byte	0xad
 1408 0a46 1A       		.byte	0x1a
 1409 0a47 670A0000 		.4byte	0xa67
 1410 0a4b 00       		.byte	0
 1411 0a4c 08       		.uleb128 0x8
 1412 0a4d 810C0000 		.4byte	.LASF40
 1413 0a51 15       		.byte	0x15
 1414 0a52 B1       		.byte	0xb1
 1415 0a53 19       		.byte	0x19
 1416 0a54 6E010000 		.4byte	0x16e
 1417 0a58 04       		.byte	0x4
 1418 0a59 08       		.uleb128 0x8
 1419 0a5a D60D0000 		.4byte	.LASF36
 1420 0a5e 15       		.byte	0x15
 1421 0a5f B3       		.byte	0xb3
 1422 0a60 19       		.byte	0x19
 1423 0a61 6D0A0000 		.4byte	0xa6d
 1424 0a65 08       		.byte	0x8
 1425 0a66 00       		.byte	0
ARM GAS  /tmp/ccfgsisC.s 			page 26


 1426 0a67 0C       		.uleb128 0xc
 1427 0a68 04       		.byte	0x4
 1428 0a69 320A0000 		.4byte	0xa32
 1429 0a6d 13       		.uleb128 0x13
 1430 0a6e E9070000 		.4byte	0x7e9
 1431 0a72 7D0A0000 		.4byte	0xa7d
 1432 0a76 14       		.uleb128 0x14
 1433 0a77 30000000 		.4byte	0x30
 1434 0a7b 07       		.byte	0x7
 1435 0a7c 00       		.byte	0
 1436 0a7d 03       		.uleb128 0x3
 1437 0a7e 4F0F0000 		.4byte	.LASF137
 1438 0a82 15       		.byte	0x15
 1439 0a83 B7       		.byte	0xb7
 1440 0a84 03       		.byte	0x3
 1441 0a85 320A0000 		.4byte	0xa32
 1442 0a89 07       		.uleb128 0x7
 1443 0a8a A7110000 		.4byte	.LASF138
 1444 0a8e 04       		.byte	0x4
 1445 0a8f 15       		.byte	0x15
 1446 0a90 BC       		.byte	0xbc
 1447 0a91 10       		.byte	0x10
 1448 0a92 A40A0000 		.4byte	0xaa4
 1449 0a96 08       		.uleb128 0x8
 1450 0a97 96110000 		.4byte	.LASF51
 1451 0a9b 15       		.byte	0x15
 1452 0a9c BD       		.byte	0xbd
 1453 0a9d 1A       		.byte	0x1a
 1454 0a9e A40A0000 		.4byte	0xaa4
 1455 0aa2 00       		.byte	0
 1456 0aa3 00       		.byte	0
 1457 0aa4 0C       		.uleb128 0xc
 1458 0aa5 04       		.byte	0x4
 1459 0aa6 7D0A0000 		.4byte	0xa7d
 1460 0aaa 03       		.uleb128 0x3
 1461 0aab A40E0000 		.4byte	.LASF139
 1462 0aaf 15       		.byte	0x15
 1463 0ab0 BE       		.byte	0xbe
 1464 0ab1 03       		.byte	0x3
 1465 0ab2 890A0000 		.4byte	0xa89
 1466 0ab6 0D       		.uleb128 0xd
 1467 0ab7 CF080000 		.4byte	.LASF140
 1468 0abb 48       		.byte	0x48
 1469 0abc 15       		.byte	0x15
 1470 0abd 2001     		.2byte	0x120
 1471 0abf 10       		.byte	0x10
 1472 0ac0 430B0000 		.4byte	0xb43
 1473 0ac4 0A       		.uleb128 0xa
 1474 0ac5 6D747800 		.ascii	"mtx\000"
 1475 0ac9 15       		.byte	0x15
 1476 0aca 2501     		.2byte	0x125
 1477 0acc 19       		.byte	0x19
 1478 0acd 46090000 		.4byte	0x946
 1479 0ad1 00       		.byte	0
 1480 0ad2 0B       		.uleb128 0xb
 1481 0ad3 58010000 		.4byte	.LASF141
 1482 0ad7 15       		.byte	0x15
ARM GAS  /tmp/ccfgsisC.s 			page 27


 1483 0ad8 2C01     		.2byte	0x12c
 1484 0ada 19       		.byte	0x19
 1485 0adb AA0A0000 		.4byte	0xaaa
 1486 0adf 10       		.byte	0x10
 1487 0ae0 0B       		.uleb128 0xb
 1488 0ae1 81020000 		.4byte	.LASF142
 1489 0ae5 15       		.byte	0x15
 1490 0ae6 3001     		.2byte	0x130
 1491 0ae8 19       		.byte	0x19
 1492 0ae9 260A0000 		.4byte	0xa26
 1493 0aed 14       		.byte	0x14
 1494 0aee 0B       		.uleb128 0xb
 1495 0aef 4F0B0000 		.4byte	.LASF143
 1496 0af3 15       		.byte	0x15
 1497 0af4 3501     		.2byte	0x135
 1498 0af6 19       		.byte	0x19
 1499 0af7 AA0A0000 		.4byte	0xaaa
 1500 0afb 24       		.byte	0x24
 1501 0afc 0B       		.uleb128 0xb
 1502 0afd 0E040000 		.4byte	.LASF144
 1503 0b01 15       		.byte	0x15
 1504 0b02 3B01     		.2byte	0x13b
 1505 0b04 19       		.byte	0x19
 1506 0b05 AA0A0000 		.4byte	0xaaa
 1507 0b09 28       		.byte	0x28
 1508 0b0a 0B       		.uleb128 0xb
 1509 0b0b E2050000 		.4byte	.LASF145
 1510 0b0f 15       		.byte	0x15
 1511 0b10 3F01     		.2byte	0x13f
 1512 0b12 19       		.byte	0x19
 1513 0b13 260A0000 		.4byte	0xa26
 1514 0b17 2C       		.byte	0x2c
 1515 0b18 0B       		.uleb128 0xb
 1516 0b19 9E0C0000 		.4byte	.LASF146
 1517 0b1d 15       		.byte	0x15
 1518 0b1e 4501     		.2byte	0x145
 1519 0b20 19       		.byte	0x19
 1520 0b21 AA0A0000 		.4byte	0xaaa
 1521 0b25 3C       		.byte	0x3c
 1522 0b26 0B       		.uleb128 0xb
 1523 0b27 53070000 		.4byte	.LASF147
 1524 0b2b 15       		.byte	0x15
 1525 0b2c 4B01     		.2byte	0x14b
 1526 0b2e 19       		.byte	0x19
 1527 0b2f AA0A0000 		.4byte	0xaaa
 1528 0b33 40       		.byte	0x40
 1529 0b34 0B       		.uleb128 0xb
 1530 0b35 4E050000 		.4byte	.LASF148
 1531 0b39 15       		.byte	0x15
 1532 0b3a 5101     		.2byte	0x151
 1533 0b3c 19       		.byte	0x19
 1534 0b3d AA0A0000 		.4byte	0xaaa
 1535 0b41 44       		.byte	0x44
 1536 0b42 00       		.byte	0
 1537 0b43 17       		.uleb128 0x17
 1538 0b44 3D0B0000 		.4byte	.LASF149
 1539 0b48 15       		.byte	0x15
ARM GAS  /tmp/ccfgsisC.s 			page 28


 1540 0b49 5301     		.2byte	0x153
 1541 0b4b 03       		.byte	0x3
 1542 0b4c B60A0000 		.4byte	0xab6
 1543 0b50 11       		.uleb128 0x11
 1544 0b51 930C0000 		.4byte	.LASF150
 1545 0b55 15       		.byte	0x15
 1546 0b56 5E01     		.2byte	0x15e
 1547 0b58 1A       		.byte	0x1a
 1548 0b59 430B0000 		.4byte	0xb43
 1549 0b5d 16       		.uleb128 0x16
 1550 0b5e 0C       		.byte	0xc
 1551 0b5f 16       		.byte	0x16
 1552 0b60 A201     		.2byte	0x1a2
 1553 0b62 09       		.byte	0x9
 1554 0b63 BC0B0000 		.4byte	0xbbc
 1555 0b67 0B       		.uleb128 0xb
 1556 0b68 B7040000 		.4byte	.LASF151
 1557 0b6c 16       		.byte	0x16
 1558 0b6d A301     		.2byte	0x1a3
 1559 0b6f 1A       		.byte	0x1a
 1560 0b70 BC0B0000 		.4byte	0xbbc
 1561 0b74 00       		.byte	0
 1562 0b75 0B       		.uleb128 0xb
 1563 0b76 63110000 		.4byte	.LASF152
 1564 0b7a 16       		.byte	0x16
 1565 0b7b A401     		.2byte	0x1a4
 1566 0b7d 1A       		.byte	0x1a
 1567 0b7e C20B0000 		.4byte	0xbc2
 1568 0b82 04       		.byte	0x4
 1569 0b83 0B       		.uleb128 0xb
 1570 0b84 860D0000 		.4byte	.LASF153
 1571 0b88 16       		.byte	0x16
 1572 0b89 A801     		.2byte	0x1a8
 1573 0b8b 19       		.byte	0x19
 1574 0b8c B2000000 		.4byte	0xb2
 1575 0b90 08       		.byte	0x8
 1576 0b91 0B       		.uleb128 0xb
 1577 0b92 CD060000 		.4byte	.LASF154
 1578 0b96 16       		.byte	0x16
 1579 0b97 AA01     		.2byte	0x1aa
 1580 0b99 19       		.byte	0x19
 1581 0b9a B2000000 		.4byte	0xb2
 1582 0b9e 09       		.byte	0x9
 1583 0b9f 0B       		.uleb128 0xb
 1584 0ba0 6C090000 		.4byte	.LASF155
 1585 0ba4 16       		.byte	0x16
 1586 0ba5 AC01     		.2byte	0x1ac
 1587 0ba7 19       		.byte	0x19
 1588 0ba8 B2000000 		.4byte	0xb2
 1589 0bac 0A       		.byte	0xa
 1590 0bad 0B       		.uleb128 0xb
 1591 0bae 8C0C0000 		.4byte	.LASF156
 1592 0bb2 16       		.byte	0x16
 1593 0bb3 AD01     		.2byte	0x1ad
 1594 0bb5 19       		.byte	0x19
 1595 0bb6 B2000000 		.4byte	0xb2
 1596 0bba 0B       		.byte	0xb
ARM GAS  /tmp/ccfgsisC.s 			page 29


 1597 0bbb 00       		.byte	0
 1598 0bbc 0C       		.uleb128 0xc
 1599 0bbd 04       		.byte	0x4
 1600 0bbe 6A050000 		.4byte	0x56a
 1601 0bc2 0C       		.uleb128 0xc
 1602 0bc3 04       		.byte	0x4
 1603 0bc4 F1000000 		.4byte	0xf1
 1604 0bc8 17       		.uleb128 0x17
 1605 0bc9 0D000000 		.4byte	.LASF157
 1606 0bcd 16       		.byte	0x16
 1607 0bce AE01     		.2byte	0x1ae
 1608 0bd0 03       		.byte	0x3
 1609 0bd1 5D0B0000 		.4byte	0xb5d
 1610 0bd5 05       		.uleb128 0x5
 1611 0bd6 C80B0000 		.4byte	0xbc8
 1612 0bda 13       		.uleb128 0x13
 1613 0bdb D50B0000 		.4byte	0xbd5
 1614 0bdf EA0B0000 		.4byte	0xbea
 1615 0be3 14       		.uleb128 0x14
 1616 0be4 30000000 		.4byte	0x30
 1617 0be8 0F       		.byte	0xf
 1618 0be9 00       		.byte	0
 1619 0bea 05       		.uleb128 0x5
 1620 0beb DA0B0000 		.4byte	0xbda
 1621 0bef 11       		.uleb128 0x11
 1622 0bf0 28070000 		.4byte	.LASF158
 1623 0bf4 16       		.byte	0x16
 1624 0bf5 9002     		.2byte	0x290
 1625 0bf7 21       		.byte	0x21
 1626 0bf8 EA0B0000 		.4byte	0xbea
 1627 0bfc 16       		.uleb128 0x16
 1628 0bfd 60       		.byte	0x60
 1629 0bfe 17       		.byte	0x17
 1630 0bff F601     		.2byte	0x1f6
 1631 0c01 09       		.byte	0x9
 1632 0c02 1D0D0000 		.4byte	0xd1d
 1633 0c06 0A       		.uleb128 0xa
 1634 0c07 43523100 		.ascii	"CR1\000"
 1635 0c0b 17       		.byte	0x17
 1636 0c0c F701     		.2byte	0x1f7
 1637 0c0e 19       		.byte	0x19
 1638 0c0f F1000000 		.4byte	0xf1
 1639 0c13 00       		.byte	0
 1640 0c14 0A       		.uleb128 0xa
 1641 0c15 43523200 		.ascii	"CR2\000"
 1642 0c19 17       		.byte	0x17
 1643 0c1a F801     		.2byte	0x1f8
 1644 0c1c 19       		.byte	0x19
 1645 0c1d F1000000 		.4byte	0xf1
 1646 0c21 04       		.byte	0x4
 1647 0c22 0B       		.uleb128 0xb
 1648 0c23 BB0C0000 		.4byte	.LASF159
 1649 0c27 17       		.byte	0x17
 1650 0c28 F901     		.2byte	0x1f9
 1651 0c2a 19       		.byte	0x19
 1652 0c2b F1000000 		.4byte	0xf1
 1653 0c2f 08       		.byte	0x8
ARM GAS  /tmp/ccfgsisC.s 			page 30


 1654 0c30 0B       		.uleb128 0xb
 1655 0c31 A3060000 		.4byte	.LASF160
 1656 0c35 17       		.byte	0x17
 1657 0c36 FA01     		.2byte	0x1fa
 1658 0c38 19       		.byte	0x19
 1659 0c39 F1000000 		.4byte	0xf1
 1660 0c3d 0C       		.byte	0xc
 1661 0c3e 0A       		.uleb128 0xa
 1662 0c3f 535200   		.ascii	"SR\000"
 1663 0c42 17       		.byte	0x17
 1664 0c43 FB01     		.2byte	0x1fb
 1665 0c45 19       		.byte	0x19
 1666 0c46 F1000000 		.4byte	0xf1
 1667 0c4a 10       		.byte	0x10
 1668 0c4b 0A       		.uleb128 0xa
 1669 0c4c 45475200 		.ascii	"EGR\000"
 1670 0c50 17       		.byte	0x17
 1671 0c51 FC01     		.2byte	0x1fc
 1672 0c53 19       		.byte	0x19
 1673 0c54 F1000000 		.4byte	0xf1
 1674 0c58 14       		.byte	0x14
 1675 0c59 0B       		.uleb128 0xb
 1676 0c5a CE030000 		.4byte	.LASF161
 1677 0c5e 17       		.byte	0x17
 1678 0c5f FD01     		.2byte	0x1fd
 1679 0c61 19       		.byte	0x19
 1680 0c62 F1000000 		.4byte	0xf1
 1681 0c66 18       		.byte	0x18
 1682 0c67 0B       		.uleb128 0xb
 1683 0c68 D4030000 		.4byte	.LASF162
 1684 0c6c 17       		.byte	0x17
 1685 0c6d FE01     		.2byte	0x1fe
 1686 0c6f 19       		.byte	0x19
 1687 0c70 F1000000 		.4byte	0xf1
 1688 0c74 1C       		.byte	0x1c
 1689 0c75 0B       		.uleb128 0xb
 1690 0c76 520C0000 		.4byte	.LASF163
 1691 0c7a 17       		.byte	0x17
 1692 0c7b FF01     		.2byte	0x1ff
 1693 0c7d 19       		.byte	0x19
 1694 0c7e F1000000 		.4byte	0xf1
 1695 0c82 20       		.byte	0x20
 1696 0c83 0A       		.uleb128 0xa
 1697 0c84 434E5400 		.ascii	"CNT\000"
 1698 0c88 17       		.byte	0x17
 1699 0c89 0002     		.2byte	0x200
 1700 0c8b 19       		.byte	0x19
 1701 0c8c F1000000 		.4byte	0xf1
 1702 0c90 24       		.byte	0x24
 1703 0c91 0A       		.uleb128 0xa
 1704 0c92 50534300 		.ascii	"PSC\000"
 1705 0c96 17       		.byte	0x17
 1706 0c97 0102     		.2byte	0x201
 1707 0c99 19       		.byte	0x19
 1708 0c9a F1000000 		.4byte	0xf1
 1709 0c9e 28       		.byte	0x28
 1710 0c9f 0A       		.uleb128 0xa
ARM GAS  /tmp/ccfgsisC.s 			page 31


 1711 0ca0 41525200 		.ascii	"ARR\000"
 1712 0ca4 17       		.byte	0x17
 1713 0ca5 0202     		.2byte	0x202
 1714 0ca7 19       		.byte	0x19
 1715 0ca8 F1000000 		.4byte	0xf1
 1716 0cac 2C       		.byte	0x2c
 1717 0cad 0A       		.uleb128 0xa
 1718 0cae 52435200 		.ascii	"RCR\000"
 1719 0cb2 17       		.byte	0x17
 1720 0cb3 0302     		.2byte	0x203
 1721 0cb5 19       		.byte	0x19
 1722 0cb6 F1000000 		.4byte	0xf1
 1723 0cba 30       		.byte	0x30
 1724 0cbb 0A       		.uleb128 0xa
 1725 0cbc 43435200 		.ascii	"CCR\000"
 1726 0cc0 17       		.byte	0x17
 1727 0cc1 0402     		.2byte	0x204
 1728 0cc3 19       		.byte	0x19
 1729 0cc4 9B050000 		.4byte	0x59b
 1730 0cc8 34       		.byte	0x34
 1731 0cc9 0B       		.uleb128 0xb
 1732 0cca BA100000 		.4byte	.LASF164
 1733 0cce 17       		.byte	0x17
 1734 0ccf 0502     		.2byte	0x205
 1735 0cd1 19       		.byte	0x19
 1736 0cd2 F1000000 		.4byte	0xf1
 1737 0cd6 44       		.byte	0x44
 1738 0cd7 0A       		.uleb128 0xa
 1739 0cd8 44435200 		.ascii	"DCR\000"
 1740 0cdc 17       		.byte	0x17
 1741 0cdd 0602     		.2byte	0x206
 1742 0cdf 19       		.byte	0x19
 1743 0ce0 F1000000 		.4byte	0xf1
 1744 0ce4 48       		.byte	0x48
 1745 0ce5 0B       		.uleb128 0xb
 1746 0ce6 6F010000 		.4byte	.LASF165
 1747 0cea 17       		.byte	0x17
 1748 0ceb 0702     		.2byte	0x207
 1749 0ced 19       		.byte	0x19
 1750 0cee F1000000 		.4byte	0xf1
 1751 0cf2 4C       		.byte	0x4c
 1752 0cf3 0A       		.uleb128 0xa
 1753 0cf4 4F5200   		.ascii	"OR\000"
 1754 0cf7 17       		.byte	0x17
 1755 0cf8 0802     		.2byte	0x208
 1756 0cfa 19       		.byte	0x19
 1757 0cfb F1000000 		.4byte	0xf1
 1758 0cff 50       		.byte	0x50
 1759 0d00 0B       		.uleb128 0xb
 1760 0d01 DA030000 		.4byte	.LASF166
 1761 0d05 17       		.byte	0x17
 1762 0d06 0902     		.2byte	0x209
 1763 0d08 19       		.byte	0x19
 1764 0d09 F1000000 		.4byte	0xf1
 1765 0d0d 54       		.byte	0x54
 1766 0d0e 0B       		.uleb128 0xb
 1767 0d0f E8040000 		.4byte	.LASF167
ARM GAS  /tmp/ccfgsisC.s 			page 32


 1768 0d13 17       		.byte	0x17
 1769 0d14 0A02     		.2byte	0x20a
 1770 0d16 19       		.byte	0x19
 1771 0d17 86050000 		.4byte	0x586
 1772 0d1b 58       		.byte	0x58
 1773 0d1c 00       		.byte	0
 1774 0d1d 17       		.uleb128 0x17
 1775 0d1e A3070000 		.4byte	.LASF168
 1776 0d22 17       		.byte	0x17
 1777 0d23 0B02     		.2byte	0x20b
 1778 0d25 03       		.byte	0x3
 1779 0d26 FC0B0000 		.4byte	0xbfc
 1780 0d2a 0C       		.uleb128 0xc
 1781 0d2b 04       		.byte	0x4
 1782 0d2c BE000000 		.4byte	0xbe
 1783 0d30 03       		.uleb128 0x3
 1784 0d31 31060000 		.4byte	.LASF169
 1785 0d35 18       		.byte	0x18
 1786 0d36 94       		.byte	0x94
 1787 0d37 10       		.byte	0x10
 1788 0d38 50030000 		.4byte	0x350
 1789 0d3c 15       		.uleb128 0x15
 1790 0d3d 08       		.byte	0x8
 1791 0d3e 18       		.byte	0x18
 1792 0d3f 9A       		.byte	0x9a
 1793 0d40 09       		.byte	0x9
 1794 0d41 5F0D0000 		.4byte	0xd5f
 1795 0d45 09       		.uleb128 0x9
 1796 0d46 636200   		.ascii	"cb\000"
 1797 0d49 18       		.byte	0x18
 1798 0d4a A5       		.byte	0xa5
 1799 0d4b 19       		.byte	0x19
 1800 0d4c 300D0000 		.4byte	0xd30
 1801 0d50 00       		.byte	0
 1802 0d51 09       		.uleb128 0x9
 1803 0d52 61726700 		.ascii	"arg\000"
 1804 0d56 18       		.byte	0x18
 1805 0d57 A9       		.byte	0xa9
 1806 0d58 1A       		.byte	0x1a
 1807 0d59 61030000 		.4byte	0x361
 1808 0d5d 04       		.byte	0x4
 1809 0d5e 00       		.byte	0
 1810 0d5f 03       		.uleb128 0x3
 1811 0d60 48040000 		.4byte	.LASF170
 1812 0d64 18       		.byte	0x18
 1813 0d65 AB       		.byte	0xab
 1814 0d66 03       		.byte	0x3
 1815 0d67 3C0D0000 		.4byte	0xd3c
 1816 0d6b 15       		.uleb128 0x15
 1817 0d6c 04       		.byte	0x4
 1818 0d6d 19       		.byte	0x19
 1819 0d6e 5B       		.byte	0x5b
 1820 0d6f 05       		.byte	0x5
 1821 0d70 8F0D0000 		.4byte	0xd8f
 1822 0d74 09       		.uleb128 0x9
 1823 0d75 73657400 		.ascii	"set\000"
 1824 0d79 19       		.byte	0x19
ARM GAS  /tmp/ccfgsisC.s 			page 33


 1825 0d7a 5C       		.byte	0x5c
 1826 0d7b 19       		.byte	0x19
 1827 0d7c C3000000 		.4byte	0xc3
 1828 0d80 00       		.byte	0
 1829 0d81 08       		.uleb128 0x8
 1830 0d82 F3050000 		.4byte	.LASF171
 1831 0d86 19       		.byte	0x19
 1832 0d87 5D       		.byte	0x5d
 1833 0d88 19       		.byte	0x19
 1834 0d89 C3000000 		.4byte	0xc3
 1835 0d8d 02       		.byte	0x2
 1836 0d8e 00       		.byte	0
 1837 0d8f 18       		.uleb128 0x18
 1838 0d90 04       		.byte	0x4
 1839 0d91 19       		.byte	0x19
 1840 0d92 59       		.byte	0x59
 1841 0d93 0C       		.byte	0xc
 1842 0d94 AD0D0000 		.4byte	0xdad
 1843 0d98 1E       		.uleb128 0x1e
 1844 0d99 5700     		.ascii	"W\000"
 1845 0d9b 19       		.byte	0x19
 1846 0d9c 5A       		.byte	0x5a
 1847 0d9d 19       		.byte	0x19
 1848 0d9e E5000000 		.4byte	0xe5
 1849 0da2 1E       		.uleb128 0x1e
 1850 0da3 4800     		.ascii	"H\000"
 1851 0da5 19       		.byte	0x19
 1852 0da6 5E       		.byte	0x5e
 1853 0da7 07       		.byte	0x7
 1854 0da8 6B0D0000 		.4byte	0xd6b
 1855 0dac 00       		.byte	0
 1856 0dad 06       		.uleb128 0x6
 1857 0dae 8F0D0000 		.4byte	0xd8f
 1858 0db2 15       		.uleb128 0x15
 1859 0db3 28       		.byte	0x28
 1860 0db4 19       		.byte	0x19
 1861 0db5 51       		.byte	0x51
 1862 0db6 09       		.byte	0x9
 1863 0db7 3E0E0000 		.4byte	0xe3e
 1864 0dbb 08       		.uleb128 0x8
 1865 0dbc 4E090000 		.4byte	.LASF172
 1866 0dc0 19       		.byte	0x19
 1867 0dc1 53       		.byte	0x53
 1868 0dc2 19       		.byte	0x19
 1869 0dc3 F1000000 		.4byte	0xf1
 1870 0dc7 00       		.byte	0
 1871 0dc8 08       		.uleb128 0x8
 1872 0dc9 420D0000 		.4byte	.LASF173
 1873 0dcd 19       		.byte	0x19
 1874 0dce 54       		.byte	0x54
 1875 0dcf 19       		.byte	0x19
 1876 0dd0 F1000000 		.4byte	0xf1
 1877 0dd4 04       		.byte	0x4
 1878 0dd5 08       		.uleb128 0x8
 1879 0dd6 21080000 		.4byte	.LASF174
 1880 0dda 19       		.byte	0x19
 1881 0ddb 55       		.byte	0x55
ARM GAS  /tmp/ccfgsisC.s 			page 34


 1882 0ddc 19       		.byte	0x19
 1883 0ddd F1000000 		.4byte	0xf1
 1884 0de1 08       		.byte	0x8
 1885 0de2 08       		.uleb128 0x8
 1886 0de3 C0080000 		.4byte	.LASF175
 1887 0de7 19       		.byte	0x19
 1888 0de8 56       		.byte	0x56
 1889 0de9 19       		.byte	0x19
 1890 0dea F1000000 		.4byte	0xf1
 1891 0dee 0C       		.byte	0xc
 1892 0def 09       		.uleb128 0x9
 1893 0df0 49445200 		.ascii	"IDR\000"
 1894 0df4 19       		.byte	0x19
 1895 0df5 57       		.byte	0x57
 1896 0df6 19       		.byte	0x19
 1897 0df7 F1000000 		.4byte	0xf1
 1898 0dfb 10       		.byte	0x10
 1899 0dfc 09       		.uleb128 0x9
 1900 0dfd 4F445200 		.ascii	"ODR\000"
 1901 0e01 19       		.byte	0x19
 1902 0e02 58       		.byte	0x58
 1903 0e03 19       		.byte	0x19
 1904 0e04 F1000000 		.4byte	0xf1
 1905 0e08 14       		.byte	0x14
 1906 0e09 08       		.uleb128 0x8
 1907 0e0a C70E0000 		.4byte	.LASF176
 1908 0e0e 19       		.byte	0x19
 1909 0e0f 5F       		.byte	0x5f
 1910 0e10 05       		.byte	0x5
 1911 0e11 AD0D0000 		.4byte	0xdad
 1912 0e15 18       		.byte	0x18
 1913 0e16 08       		.uleb128 0x8
 1914 0e17 270C0000 		.4byte	.LASF177
 1915 0e1b 19       		.byte	0x19
 1916 0e1c 60       		.byte	0x60
 1917 0e1d 19       		.byte	0x19
 1918 0e1e F1000000 		.4byte	0xf1
 1919 0e22 1C       		.byte	0x1c
 1920 0e23 08       		.uleb128 0x8
 1921 0e24 5D090000 		.4byte	.LASF178
 1922 0e28 19       		.byte	0x19
 1923 0e29 61       		.byte	0x61
 1924 0e2a 19       		.byte	0x19
 1925 0e2b F1000000 		.4byte	0xf1
 1926 0e2f 20       		.byte	0x20
 1927 0e30 08       		.uleb128 0x8
 1928 0e31 7C0C0000 		.4byte	.LASF179
 1929 0e35 19       		.byte	0x19
 1930 0e36 62       		.byte	0x62
 1931 0e37 19       		.byte	0x19
 1932 0e38 F1000000 		.4byte	0xf1
 1933 0e3c 24       		.byte	0x24
 1934 0e3d 00       		.byte	0
 1935 0e3e 03       		.uleb128 0x3
 1936 0e3f 51030000 		.4byte	.LASF180
 1937 0e43 19       		.byte	0x19
 1938 0e44 63       		.byte	0x63
ARM GAS  /tmp/ccfgsisC.s 			page 35


 1939 0e45 03       		.byte	0x3
 1940 0e46 B20D0000 		.4byte	0xdb2
 1941 0e4a 03       		.uleb128 0x3
 1942 0e4b 07050000 		.4byte	.LASF181
 1943 0e4f 1A       		.byte	0x1a
 1944 0e50 C2       		.byte	0xc2
 1945 0e51 12       		.byte	0x12
 1946 0e52 E5000000 		.4byte	0xe5
 1947 0e56 03       		.uleb128 0x3
 1948 0e57 91010000 		.4byte	.LASF182
 1949 0e5b 1A       		.byte	0x1a
 1950 0e5c C7       		.byte	0xc7
 1951 0e5d 12       		.byte	0x12
 1952 0e5e E5000000 		.4byte	0xe5
 1953 0e62 03       		.uleb128 0x3
 1954 0e63 31080000 		.4byte	.LASF183
 1955 0e67 1A       		.byte	0x1a
 1956 0e68 CC       		.byte	0xcc
 1957 0e69 12       		.byte	0x12
 1958 0e6a E5000000 		.4byte	0xe5
 1959 0e6e 03       		.uleb128 0x3
 1960 0e6f 08020000 		.4byte	.LASF184
 1961 0e73 1A       		.byte	0x1a
 1962 0e74 D9       		.byte	0xd9
 1963 0e75 18       		.byte	0x18
 1964 0e76 7A0E0000 		.4byte	0xe7a
 1965 0e7a 0C       		.uleb128 0xc
 1966 0e7b 04       		.byte	0x4
 1967 0e7c 3E0E0000 		.4byte	0xe3e
 1968 0e80 03       		.uleb128 0x3
 1969 0e81 450F0000 		.4byte	.LASF185
 1970 0e85 1A       		.byte	0x1a
 1971 0e86 DE       		.byte	0xde
 1972 0e87 12       		.byte	0x12
 1973 0e88 E5000000 		.4byte	0xe5
 1974 0e8c 13       		.uleb128 0x13
 1975 0e8d 5F0D0000 		.4byte	0xd5f
 1976 0e91 9C0E0000 		.4byte	0xe9c
 1977 0e95 14       		.uleb128 0x14
 1978 0e96 30000000 		.4byte	0x30
 1979 0e9a 0F       		.byte	0xf
 1980 0e9b 00       		.byte	0
 1981 0e9c 11       		.uleb128 0x11
 1982 0e9d E80A0000 		.4byte	.LASF186
 1983 0ea1 1A       		.byte	0x1a
 1984 0ea2 EB01     		.2byte	0x1eb
 1985 0ea4 13       		.byte	0x13
 1986 0ea5 8C0E0000 		.4byte	0xe8c
 1987 0ea9 15       		.uleb128 0x15
 1988 0eaa 0C       		.byte	0xc
 1989 0eab 18       		.byte	0x18
 1990 0eac B7       		.byte	0xb7
 1991 0ead 09       		.byte	0x9
 1992 0eae DA0E0000 		.4byte	0xeda
 1993 0eb2 08       		.uleb128 0x8
 1994 0eb3 F9020000 		.4byte	.LASF187
 1995 0eb7 18       		.byte	0x18
ARM GAS  /tmp/ccfgsisC.s 			page 36


 1996 0eb8 BB       		.byte	0xbb
 1997 0eb9 19       		.byte	0x19
 1998 0eba 6E0E0000 		.4byte	0xe6e
 1999 0ebe 00       		.byte	0
 2000 0ebf 08       		.uleb128 0x8
 2001 0ec0 F8080000 		.4byte	.LASF188
 2002 0ec4 18       		.byte	0x18
 2003 0ec5 C1       		.byte	0xc1
 2004 0ec6 19       		.byte	0x19
 2005 0ec7 4A0E0000 		.4byte	0xe4a
 2006 0ecb 04       		.byte	0x4
 2007 0ecc 08       		.uleb128 0x8
 2008 0ecd 670A0000 		.4byte	.LASF89
 2009 0ed1 18       		.byte	0x18
 2010 0ed2 C5       		.byte	0xc5
 2011 0ed3 19       		.byte	0x19
 2012 0ed4 02010000 		.4byte	0x102
 2013 0ed8 08       		.byte	0x8
 2014 0ed9 00       		.byte	0
 2015 0eda 03       		.uleb128 0x3
 2016 0edb 85050000 		.4byte	.LASF189
 2017 0edf 18       		.byte	0x18
 2018 0ee0 C6       		.byte	0xc6
 2019 0ee1 03       		.byte	0x3
 2020 0ee2 A90E0000 		.4byte	0xea9
 2021 0ee6 05       		.uleb128 0x5
 2022 0ee7 DA0E0000 		.4byte	0xeda
 2023 0eeb 1F       		.uleb128 0x1f
 2024 0eec 07       		.byte	0x7
 2025 0eed 01       		.byte	0x1
 2026 0eee 58000000 		.4byte	0x58
 2027 0ef2 1B       		.byte	0x1b
 2028 0ef3 31       		.byte	0x31
 2029 0ef4 0E       		.byte	0xe
 2030 0ef5 180F0000 		.4byte	0xf18
 2031 0ef9 20       		.uleb128 0x20
 2032 0efa AD0B0000 		.4byte	.LASF190
 2033 0efe 00       		.byte	0
 2034 0eff 20       		.uleb128 0x20
 2035 0f00 39020000 		.4byte	.LASF191
 2036 0f04 01       		.byte	0x1
 2037 0f05 20       		.uleb128 0x20
 2038 0f06 770A0000 		.4byte	.LASF192
 2039 0f0a 02       		.byte	0x2
 2040 0f0b 20       		.uleb128 0x20
 2041 0f0c F60E0000 		.4byte	.LASF193
 2042 0f10 03       		.byte	0x3
 2043 0f11 20       		.uleb128 0x20
 2044 0f12 21030000 		.4byte	.LASF194
 2045 0f16 04       		.byte	0x4
 2046 0f17 00       		.byte	0
 2047 0f18 03       		.uleb128 0x3
 2048 0f19 0D080000 		.4byte	.LASF195
 2049 0f1d 1B       		.byte	0x1b
 2050 0f1e 37       		.byte	0x37
 2051 0f1f 03       		.byte	0x3
 2052 0f20 EB0E0000 		.4byte	0xeeb
ARM GAS  /tmp/ccfgsisC.s 			page 37


 2053 0f24 03       		.uleb128 0x3
 2054 0f25 25010000 		.4byte	.LASF196
 2055 0f29 1B       		.byte	0x1b
 2056 0f2a 3C       		.byte	0x3c
 2057 0f2b 1A       		.byte	0x1a
 2058 0f2c 300F0000 		.4byte	0xf30
 2059 0f30 0D       		.uleb128 0xd
 2060 0f31 25010000 		.4byte	.LASF196
 2061 0f35 18       		.byte	0x18
 2062 0f36 1C       		.byte	0x1c
 2063 0f37 2803     		.2byte	0x328
 2064 0f39 08       		.byte	0x8
 2065 0f3a 930F0000 		.4byte	0xf93
 2066 0f3e 0B       		.uleb128 0xb
 2067 0f3f 17010000 		.4byte	.LASF38
 2068 0f43 1C       		.byte	0x1c
 2069 0f44 2C03     		.2byte	0x32c
 2070 0f46 1D       		.byte	0x1d
 2071 0f47 180F0000 		.4byte	0xf18
 2072 0f4b 00       		.byte	0
 2073 0f4c 0B       		.uleb128 0xb
 2074 0f4d 10010000 		.4byte	.LASF197
 2075 0f51 1C       		.byte	0x1c
 2076 0f52 3003     		.2byte	0x330
 2077 0f54 1E       		.byte	0x1e
 2078 0f55 A2100000 		.4byte	0x10a2
 2079 0f59 04       		.byte	0x4
 2080 0f5a 0B       		.uleb128 0xb
 2081 0f5b B6070000 		.4byte	.LASF198
 2082 0f5f 1C       		.byte	0x1c
 2083 0f60 3803     		.2byte	0x338
 2084 0f62 1D       		.byte	0x1d
 2085 0f63 E5000000 		.4byte	0xe5
 2086 0f67 08       		.byte	0x8
 2087 0f68 0A       		.uleb128 0xa
 2088 0f69 74696D00 		.ascii	"tim\000"
 2089 0f6d 1C       		.byte	0x1c
 2090 0f6e 3C03     		.2byte	0x33c
 2091 0f70 1E       		.byte	0x1e
 2092 0f71 A8100000 		.4byte	0x10a8
 2093 0f75 0C       		.byte	0xc
 2094 0f76 0B       		.uleb128 0xb
 2095 0f77 F3020000 		.4byte	.LASF199
 2096 0f7b 1C       		.byte	0x1c
 2097 0f7c 4003     		.2byte	0x340
 2098 0f7e 1E       		.byte	0x1e
 2099 0f7f C20B0000 		.4byte	0xbc2
 2100 0f83 10       		.byte	0x10
 2101 0f84 0B       		.uleb128 0xb
 2102 0f85 90110000 		.4byte	.LASF200
 2103 0f89 1C       		.byte	0x1c
 2104 0f8a 4403     		.2byte	0x344
 2105 0f8c 1E       		.byte	0x1e
 2106 0f8d C20B0000 		.4byte	0xbc2
 2107 0f91 14       		.byte	0x14
 2108 0f92 00       		.byte	0
 2109 0f93 03       		.uleb128 0x3
ARM GAS  /tmp/ccfgsisC.s 			page 38


 2110 0f94 CE110000 		.4byte	.LASF201
 2111 0f98 1B       		.byte	0x1b
 2112 0f99 43       		.byte	0x43
 2113 0f9a 10       		.byte	0x10
 2114 0f9b 9F0F0000 		.4byte	0xf9f
 2115 0f9f 0C       		.uleb128 0xc
 2116 0fa0 04       		.byte	0x4
 2117 0fa1 A50F0000 		.4byte	0xfa5
 2118 0fa5 0E       		.uleb128 0xe
 2119 0fa6 B00F0000 		.4byte	0xfb0
 2120 0faa 0F       		.uleb128 0xf
 2121 0fab B00F0000 		.4byte	0xfb0
 2122 0faf 00       		.byte	0
 2123 0fb0 0C       		.uleb128 0xc
 2124 0fb1 04       		.byte	0x4
 2125 0fb2 240F0000 		.4byte	0xf24
 2126 0fb6 21       		.uleb128 0x21
 2127 0fb7 07       		.byte	0x7
 2128 0fb8 01       		.byte	0x1
 2129 0fb9 58000000 		.4byte	0x58
 2130 0fbd 1C       		.byte	0x1c
 2131 0fbe E002     		.2byte	0x2e0
 2132 0fc0 0E       		.byte	0xe
 2133 0fc1 D20F0000 		.4byte	0xfd2
 2134 0fc5 20       		.uleb128 0x20
 2135 0fc6 42010000 		.4byte	.LASF202
 2136 0fca 00       		.byte	0
 2137 0fcb 20       		.uleb128 0x20
 2138 0fcc 92000000 		.4byte	.LASF203
 2139 0fd0 01       		.byte	0x1
 2140 0fd1 00       		.byte	0
 2141 0fd2 17       		.uleb128 0x17
 2142 0fd3 C70A0000 		.4byte	.LASF204
 2143 0fd7 1C       		.byte	0x1c
 2144 0fd8 E302     		.2byte	0x2e3
 2145 0fda 03       		.byte	0x3
 2146 0fdb B60F0000 		.4byte	0xfb6
 2147 0fdf 17       		.uleb128 0x17
 2148 0fe0 AD040000 		.4byte	.LASF205
 2149 0fe4 1C       		.byte	0x1c
 2150 0fe5 E802     		.2byte	0x2e8
 2151 0fe7 12       		.byte	0x12
 2152 0fe8 E5000000 		.4byte	0xe5
 2153 0fec 21       		.uleb128 0x21
 2154 0fed 07       		.byte	0x7
 2155 0fee 01       		.byte	0x1
 2156 0fef 58000000 		.4byte	0x58
 2157 0ff3 1C       		.byte	0x1c
 2158 0ff4 ED02     		.2byte	0x2ed
 2159 0ff6 0E       		.byte	0xe
 2160 0ff7 08100000 		.4byte	0x1008
 2161 0ffb 20       		.uleb128 0x20
 2162 0ffc 61010000 		.4byte	.LASF206
 2163 1000 00       		.byte	0
 2164 1001 20       		.uleb128 0x20
 2165 1002 68030000 		.4byte	.LASF207
 2166 1006 01       		.byte	0x1
ARM GAS  /tmp/ccfgsisC.s 			page 39


 2167 1007 00       		.byte	0
 2168 1008 17       		.uleb128 0x17
 2169 1009 6B020000 		.4byte	.LASF208
 2170 100d 1C       		.byte	0x1c
 2171 100e F002     		.2byte	0x2f0
 2172 1010 03       		.byte	0x3
 2173 1011 EC0F0000 		.4byte	0xfec
 2174 1015 16       		.uleb128 0x16
 2175 1016 20       		.byte	0x20
 2176 1017 1C       		.byte	0x1c
 2177 1018 FB02     		.2byte	0x2fb
 2178 101a 09       		.byte	0x9
 2179 101b 90100000 		.4byte	0x1090
 2180 101f 0B       		.uleb128 0xb
 2181 1020 290E0000 		.4byte	.LASF209
 2182 1024 1C       		.byte	0x1c
 2183 1025 FF02     		.2byte	0x2ff
 2184 1027 1D       		.byte	0x1d
 2185 1028 D20F0000 		.4byte	0xfd2
 2186 102c 00       		.byte	0
 2187 102d 0B       		.uleb128 0xb
 2188 102e 32090000 		.4byte	.LASF210
 2189 1032 1C       		.byte	0x1c
 2190 1033 0503     		.2byte	0x305
 2191 1035 1D       		.byte	0x1d
 2192 1036 DF0F0000 		.4byte	0xfdf
 2193 103a 04       		.byte	0x4
 2194 103b 0B       		.uleb128 0xb
 2195 103c 30000000 		.4byte	.LASF211
 2196 1040 1C       		.byte	0x1c
 2197 1041 0903     		.2byte	0x309
 2198 1043 1D       		.byte	0x1d
 2199 1044 930F0000 		.4byte	0xf93
 2200 1048 08       		.byte	0x8
 2201 1049 0B       		.uleb128 0xb
 2202 104a BD0A0000 		.4byte	.LASF212
 2203 104e 1C       		.byte	0x1c
 2204 104f 0D03     		.2byte	0x30d
 2205 1051 1D       		.byte	0x1d
 2206 1052 930F0000 		.4byte	0xf93
 2207 1056 0C       		.byte	0xc
 2208 1057 0B       		.uleb128 0xb
 2209 1058 5D070000 		.4byte	.LASF213
 2210 105c 1C       		.byte	0x1c
 2211 105d 1103     		.2byte	0x311
 2212 105f 1D       		.byte	0x1d
 2213 1060 930F0000 		.4byte	0xf93
 2214 1064 10       		.byte	0x10
 2215 1065 0B       		.uleb128 0xb
 2216 1066 D3060000 		.4byte	.LASF214
 2217 106a 1C       		.byte	0x1c
 2218 106b 1703     		.2byte	0x317
 2219 106d 1D       		.byte	0x1d
 2220 106e 08100000 		.4byte	0x1008
 2221 1072 14       		.byte	0x14
 2222 1073 0B       		.uleb128 0xb
 2223 1074 74010000 		.4byte	.LASF215
ARM GAS  /tmp/ccfgsisC.s 			page 40


 2224 1078 1C       		.byte	0x1c
 2225 1079 1D03     		.2byte	0x31d
 2226 107b 1D       		.byte	0x1d
 2227 107c E5000000 		.4byte	0xe5
 2228 1080 18       		.byte	0x18
 2229 1081 0A       		.uleb128 0xa
 2230 1082 61727200 		.ascii	"arr\000"
 2231 1086 1C       		.byte	0x1c
 2232 1087 2203     		.2byte	0x322
 2233 1089 1D       		.byte	0x1d
 2234 108a E5000000 		.4byte	0xe5
 2235 108e 1C       		.byte	0x1c
 2236 108f 00       		.byte	0
 2237 1090 17       		.uleb128 0x17
 2238 1091 58050000 		.4byte	.LASF216
 2239 1095 1C       		.byte	0x1c
 2240 1096 2303     		.2byte	0x323
 2241 1098 03       		.byte	0x3
 2242 1099 15100000 		.4byte	0x1015
 2243 109d 05       		.uleb128 0x5
 2244 109e 90100000 		.4byte	0x1090
 2245 10a2 0C       		.uleb128 0xc
 2246 10a3 04       		.byte	0x4
 2247 10a4 9D100000 		.4byte	0x109d
 2248 10a8 0C       		.uleb128 0xc
 2249 10a9 04       		.byte	0x4
 2250 10aa 1D0D0000 		.4byte	0xd1d
 2251 10ae 11       		.uleb128 0x11
 2252 10af B7000000 		.4byte	.LASF217
 2253 10b3 1C       		.byte	0x1c
 2254 10b4 7503     		.2byte	0x375
 2255 10b6 12       		.byte	0x12
 2256 10b7 240F0000 		.4byte	0xf24
 2257 10bb 11       		.uleb128 0x11
 2258 10bc 68080000 		.4byte	.LASF218
 2259 10c0 1C       		.byte	0x1c
 2260 10c1 7903     		.2byte	0x379
 2261 10c3 12       		.byte	0x12
 2262 10c4 240F0000 		.4byte	0xf24
 2263 10c8 1F       		.uleb128 0x1f
 2264 10c9 07       		.byte	0x7
 2265 10ca 01       		.byte	0x1
 2266 10cb 58000000 		.4byte	0x58
 2267 10cf 1D       		.byte	0x1d
 2268 10d0 59       		.byte	0x59
 2269 10d1 0E       		.byte	0xe
 2270 10d2 E9100000 		.4byte	0x10e9
 2271 10d6 20       		.uleb128 0x20
 2272 10d7 D5070000 		.4byte	.LASF219
 2273 10db 00       		.byte	0
 2274 10dc 20       		.uleb128 0x20
 2275 10dd E4000000 		.4byte	.LASF220
 2276 10e1 01       		.byte	0x1
 2277 10e2 20       		.uleb128 0x20
 2278 10e3 85110000 		.4byte	.LASF221
 2279 10e7 02       		.byte	0x2
 2280 10e8 00       		.byte	0
ARM GAS  /tmp/ccfgsisC.s 			page 41


 2281 10e9 03       		.uleb128 0x3
 2282 10ea 880E0000 		.4byte	.LASF222
 2283 10ee 1D       		.byte	0x1d
 2284 10ef 5D       		.byte	0x5d
 2285 10f0 03       		.byte	0x3
 2286 10f1 C8100000 		.4byte	0x10c8
 2287 10f5 1F       		.uleb128 0x1f
 2288 10f6 07       		.byte	0x7
 2289 10f7 01       		.byte	0x1
 2290 10f8 58000000 		.4byte	0x58
 2291 10fc 1D       		.byte	0x1d
 2292 10fd 62       		.byte	0x62
 2293 10fe 0E       		.byte	0xe
 2294 10ff 16110000 		.4byte	0x1116
 2295 1103 20       		.uleb128 0x20
 2296 1104 910F0000 		.4byte	.LASF223
 2297 1108 00       		.byte	0
 2298 1109 20       		.uleb128 0x20
 2299 110a E0010000 		.4byte	.LASF224
 2300 110e 01       		.byte	0x1
 2301 110f 20       		.uleb128 0x20
 2302 1110 E30C0000 		.4byte	.LASF225
 2303 1114 02       		.byte	0x2
 2304 1115 00       		.byte	0
 2305 1116 03       		.uleb128 0x3
 2306 1117 98020000 		.4byte	.LASF226
 2307 111b 1D       		.byte	0x1d
 2308 111c 66       		.byte	0x66
 2309 111d 03       		.byte	0x3
 2310 111e F5100000 		.4byte	0x10f5
 2311 1122 1F       		.uleb128 0x1f
 2312 1123 07       		.byte	0x7
 2313 1124 01       		.byte	0x1
 2314 1125 58000000 		.4byte	0x58
 2315 1129 1D       		.byte	0x1d
 2316 112a 6B       		.byte	0x6b
 2317 112b 0E       		.byte	0xe
 2318 112c 43110000 		.4byte	0x1143
 2319 1130 20       		.uleb128 0x20
 2320 1131 A90D0000 		.4byte	.LASF227
 2321 1135 00       		.byte	0
 2322 1136 20       		.uleb128 0x20
 2323 1137 0F0C0000 		.4byte	.LASF228
 2324 113b 01       		.byte	0x1
 2325 113c 20       		.uleb128 0x20
 2326 113d FC070000 		.4byte	.LASF229
 2327 1141 02       		.byte	0x2
 2328 1142 00       		.byte	0
 2329 1143 03       		.uleb128 0x3
 2330 1144 F40C0000 		.4byte	.LASF230
 2331 1148 1D       		.byte	0x1d
 2332 1149 6F       		.byte	0x6f
 2333 114a 03       		.byte	0x3
 2334 114b 22110000 		.4byte	0x1122
 2335 114f 17       		.uleb128 0x17
 2336 1150 3C090000 		.4byte	.LASF231
 2337 1154 1E       		.byte	0x1e
ARM GAS  /tmp/ccfgsisC.s 			page 42


 2338 1155 2602     		.2byte	0x226
 2339 1157 12       		.byte	0x12
 2340 1158 E5000000 		.4byte	0xe5
 2341 115c 17       		.uleb128 0x17
 2342 115d EF010000 		.4byte	.LASF232
 2343 1161 1E       		.byte	0x1e
 2344 1162 2B02     		.2byte	0x22b
 2345 1164 1B       		.byte	0x1b
 2346 1165 69110000 		.4byte	0x1169
 2347 1169 0D       		.uleb128 0xd
 2348 116a EF010000 		.4byte	.LASF232
 2349 116e 20       		.byte	0x20
 2350 116f 1E       		.byte	0x1e
 2351 1170 7902     		.2byte	0x279
 2352 1172 08       		.byte	0x8
 2353 1173 04120000 		.4byte	0x1204
 2354 1177 0B       		.uleb128 0xb
 2355 1178 17010000 		.4byte	.LASF38
 2356 117c 1E       		.byte	0x1e
 2357 117d 7D02     		.2byte	0x27d
 2358 117f 1D       		.byte	0x1d
 2359 1180 E9100000 		.4byte	0x10e9
 2360 1184 00       		.byte	0
 2361 1185 0B       		.uleb128 0xb
 2362 1186 D9020000 		.4byte	.LASF233
 2363 118a 1E       		.byte	0x1e
 2364 118b 8102     		.2byte	0x281
 2365 118d 1D       		.byte	0x1d
 2366 118e 16110000 		.4byte	0x1116
 2367 1192 01       		.byte	0x1
 2368 1193 0B       		.uleb128 0xb
 2369 1194 2F010000 		.4byte	.LASF234
 2370 1198 1E       		.byte	0x1e
 2371 1199 8502     		.2byte	0x285
 2372 119b 1D       		.byte	0x1d
 2373 119c 43110000 		.4byte	0x1143
 2374 11a0 02       		.byte	0x2
 2375 11a1 0B       		.uleb128 0xb
 2376 11a2 10010000 		.4byte	.LASF197
 2377 11a6 1E       		.byte	0x1e
 2378 11a7 8902     		.2byte	0x289
 2379 11a9 1E       		.byte	0x1e
 2380 11aa 17130000 		.4byte	0x1317
 2381 11ae 04       		.byte	0x4
 2382 11af 0B       		.uleb128 0xb
 2383 11b0 AE020000 		.4byte	.LASF235
 2384 11b4 1E       		.byte	0x1e
 2385 11b5 A502     		.2byte	0x2a5
 2386 11b7 1E       		.byte	0x1e
 2387 11b8 1D130000 		.4byte	0x131d
 2388 11bc 08       		.byte	0x8
 2389 11bd 0B       		.uleb128 0xb
 2390 11be FB0D0000 		.4byte	.LASF236
 2391 11c2 1E       		.byte	0x1e
 2392 11c3 A902     		.2byte	0x2a9
 2393 11c5 1D       		.byte	0x1d
 2394 11c6 E5000000 		.4byte	0xe5
ARM GAS  /tmp/ccfgsisC.s 			page 43


 2395 11ca 0C       		.byte	0xc
 2396 11cb 0B       		.uleb128 0xb
 2397 11cc A4050000 		.4byte	.LASF237
 2398 11d0 1E       		.byte	0x1e
 2399 11d1 AD02     		.2byte	0x2ad
 2400 11d3 1D       		.byte	0x1d
 2401 11d4 E5000000 		.4byte	0xe5
 2402 11d8 10       		.byte	0x10
 2403 11d9 0B       		.uleb128 0xb
 2404 11da 40080000 		.4byte	.LASF238
 2405 11de 1E       		.byte	0x1e
 2406 11df B102     		.2byte	0x2b1
 2407 11e1 1E       		.byte	0x1e
 2408 11e2 23130000 		.4byte	0x1323
 2409 11e6 14       		.byte	0x14
 2410 11e7 0B       		.uleb128 0xb
 2411 11e8 48090000 		.4byte	.LASF239
 2412 11ec 1E       		.byte	0x1e
 2413 11ed B502     		.2byte	0x2b5
 2414 11ef 1E       		.byte	0x1e
 2415 11f0 23130000 		.4byte	0x1323
 2416 11f4 18       		.byte	0x18
 2417 11f5 0B       		.uleb128 0xb
 2418 11f6 3A080000 		.4byte	.LASF240
 2419 11fa 1E       		.byte	0x1e
 2420 11fb B902     		.2byte	0x2b9
 2421 11fd 1D       		.byte	0x1d
 2422 11fe CF000000 		.4byte	0xcf
 2423 1202 1C       		.byte	0x1c
 2424 1203 00       		.byte	0
 2425 1204 17       		.uleb128 0x17
 2426 1205 9E0F0000 		.4byte	.LASF241
 2427 1209 1E       		.byte	0x1e
 2428 120a 3202     		.2byte	0x232
 2429 120c 10       		.byte	0x10
 2430 120d 11120000 		.4byte	0x1211
 2431 1211 0C       		.uleb128 0xc
 2432 1212 04       		.byte	0x4
 2433 1213 17120000 		.4byte	0x1217
 2434 1217 0E       		.uleb128 0xe
 2435 1218 22120000 		.4byte	0x1222
 2436 121c 0F       		.uleb128 0xf
 2437 121d 22120000 		.4byte	0x1222
 2438 1221 00       		.byte	0
 2439 1222 0C       		.uleb128 0xc
 2440 1223 04       		.byte	0x4
 2441 1224 5C110000 		.4byte	0x115c
 2442 1228 17       		.uleb128 0x17
 2443 1229 2A0D0000 		.4byte	.LASF242
 2444 122d 1E       		.byte	0x1e
 2445 122e 3A02     		.2byte	0x23a
 2446 1230 10       		.byte	0x10
 2447 1231 35120000 		.4byte	0x1235
 2448 1235 0C       		.uleb128 0xc
 2449 1236 04       		.byte	0x4
 2450 1237 3B120000 		.4byte	0x123b
 2451 123b 0E       		.uleb128 0xe
ARM GAS  /tmp/ccfgsisC.s 			page 44


 2452 123c 4B120000 		.4byte	0x124b
 2453 1240 0F       		.uleb128 0xf
 2454 1241 22120000 		.4byte	0x1222
 2455 1245 0F       		.uleb128 0xf
 2456 1246 C3000000 		.4byte	0xc3
 2457 124a 00       		.byte	0
 2458 124b 17       		.uleb128 0x17
 2459 124c BB010000 		.4byte	.LASF243
 2460 1250 1E       		.byte	0x1e
 2461 1251 4202     		.2byte	0x242
 2462 1253 10       		.byte	0x10
 2463 1254 58120000 		.4byte	0x1258
 2464 1258 0C       		.uleb128 0xc
 2465 1259 04       		.byte	0x4
 2466 125a 5E120000 		.4byte	0x125e
 2467 125e 0E       		.uleb128 0xe
 2468 125f 6E120000 		.4byte	0x126e
 2469 1263 0F       		.uleb128 0xf
 2470 1264 22120000 		.4byte	0x1222
 2471 1268 0F       		.uleb128 0xf
 2472 1269 4F110000 		.4byte	0x114f
 2473 126d 00       		.byte	0
 2474 126e 16       		.uleb128 0x16
 2475 126f 24       		.byte	0x24
 2476 1270 1E       		.byte	0x1e
 2477 1271 4802     		.2byte	0x248
 2478 1273 09       		.byte	0x9
 2479 1274 05130000 		.4byte	0x1305
 2480 1278 0B       		.uleb128 0xb
 2481 1279 9F0D0000 		.4byte	.LASF244
 2482 127d 1E       		.byte	0x1e
 2483 127e 4C02     		.2byte	0x24c
 2484 1280 1D       		.byte	0x1d
 2485 1281 04120000 		.4byte	0x1204
 2486 1285 00       		.byte	0
 2487 1286 0B       		.uleb128 0xb
 2488 1287 3B070000 		.4byte	.LASF245
 2489 128b 1E       		.byte	0x1e
 2490 128c 5002     		.2byte	0x250
 2491 128e 1D       		.byte	0x1d
 2492 128f 04120000 		.4byte	0x1204
 2493 1293 04       		.byte	0x4
 2494 1294 0B       		.uleb128 0xb
 2495 1295 79010000 		.4byte	.LASF246
 2496 1299 1E       		.byte	0x1e
 2497 129a 5402     		.2byte	0x254
 2498 129c 1D       		.byte	0x1d
 2499 129d 04120000 		.4byte	0x1204
 2500 12a1 08       		.byte	0x8
 2501 12a2 0B       		.uleb128 0xb
 2502 12a3 62050000 		.4byte	.LASF247
 2503 12a7 1E       		.byte	0x1e
 2504 12a8 5802     		.2byte	0x258
 2505 12aa 1D       		.byte	0x1d
 2506 12ab 28120000 		.4byte	0x1228
 2507 12af 0C       		.byte	0xc
 2508 12b0 0B       		.uleb128 0xb
ARM GAS  /tmp/ccfgsisC.s 			page 45


 2509 12b1 76090000 		.4byte	.LASF248
 2510 12b5 1E       		.byte	0x1e
 2511 12b6 5C02     		.2byte	0x25c
 2512 12b8 1D       		.byte	0x1d
 2513 12b9 4B120000 		.4byte	0x124b
 2514 12bd 10       		.byte	0x10
 2515 12be 0B       		.uleb128 0xb
 2516 12bf 3D040000 		.4byte	.LASF249
 2517 12c3 1E       		.byte	0x1e
 2518 12c4 6302     		.2byte	0x263
 2519 12c6 1D       		.byte	0x1d
 2520 12c7 04120000 		.4byte	0x1204
 2521 12cb 14       		.byte	0x14
 2522 12cc 0B       		.uleb128 0xb
 2523 12cd AE050000 		.4byte	.LASF250
 2524 12d1 1E       		.byte	0x1e
 2525 12d2 6702     		.2byte	0x267
 2526 12d4 1D       		.byte	0x1d
 2527 12d5 E5000000 		.4byte	0xe5
 2528 12d9 18       		.byte	0x18
 2529 12da 0A       		.uleb128 0xa
 2530 12db 63723100 		.ascii	"cr1\000"
 2531 12df 1E       		.byte	0x1e
 2532 12e0 6B02     		.2byte	0x26b
 2533 12e2 1D       		.byte	0x1d
 2534 12e3 C3000000 		.4byte	0xc3
 2535 12e7 1C       		.byte	0x1c
 2536 12e8 0A       		.uleb128 0xa
 2537 12e9 63723200 		.ascii	"cr2\000"
 2538 12ed 1E       		.byte	0x1e
 2539 12ee 6F02     		.2byte	0x26f
 2540 12f0 1D       		.byte	0x1d
 2541 12f1 C3000000 		.4byte	0xc3
 2542 12f5 1E       		.byte	0x1e
 2543 12f6 0A       		.uleb128 0xa
 2544 12f7 63723300 		.ascii	"cr3\000"
 2545 12fb 1E       		.byte	0x1e
 2546 12fc 7302     		.2byte	0x273
 2547 12fe 1D       		.byte	0x1d
 2548 12ff C3000000 		.4byte	0xc3
 2549 1303 20       		.byte	0x20
 2550 1304 00       		.byte	0
 2551 1305 17       		.uleb128 0x17
 2552 1306 89060000 		.4byte	.LASF251
 2553 130a 1E       		.byte	0x1e
 2554 130b 7402     		.2byte	0x274
 2555 130d 03       		.byte	0x3
 2556 130e 6E120000 		.4byte	0x126e
 2557 1312 05       		.uleb128 0x5
 2558 1313 05130000 		.4byte	0x1305
 2559 1317 0C       		.uleb128 0xc
 2560 1318 04       		.byte	0x4
 2561 1319 12130000 		.4byte	0x1312
 2562 131d 0C       		.uleb128 0xc
 2563 131e 04       		.byte	0x4
 2564 131f 0B060000 		.4byte	0x60b
 2565 1323 0C       		.uleb128 0xc
ARM GAS  /tmp/ccfgsisC.s 			page 46


 2566 1324 04       		.byte	0x4
 2567 1325 D50B0000 		.4byte	0xbd5
 2568 1329 11       		.uleb128 0x11
 2569 132a 46110000 		.4byte	.LASF252
 2570 132e 1E       		.byte	0x1e
 2571 132f C502     		.2byte	0x2c5
 2572 1331 13       		.byte	0x13
 2573 1332 5C110000 		.4byte	0x115c
 2574 1336 11       		.uleb128 0x11
 2575 1337 4D110000 		.4byte	.LASF253
 2576 133b 1E       		.byte	0x1e
 2577 133c C902     		.2byte	0x2c9
 2578 133e 13       		.byte	0x13
 2579 133f 5C110000 		.4byte	0x115c
 2580 1343 11       		.uleb128 0x11
 2581 1344 B60A0000 		.4byte	.LASF254
 2582 1348 1E       		.byte	0x1e
 2583 1349 D902     		.2byte	0x2d9
 2584 134b 13       		.byte	0x13
 2585 134c 5C110000 		.4byte	0x115c
 2586 1350 17       		.uleb128 0x17
 2587 1351 2C040000 		.4byte	.LASF255
 2588 1355 1F       		.byte	0x1f
 2589 1356 0301     		.2byte	0x103
 2590 1358 1A       		.byte	0x1a
 2591 1359 5D130000 		.4byte	0x135d
 2592 135d 0D       		.uleb128 0xd
 2593 135e 2C040000 		.4byte	.LASF255
 2594 1362 60       		.byte	0x60
 2595 1363 20       		.byte	0x20
 2596 1364 A501     		.2byte	0x1a5
 2597 1366 08       		.byte	0x8
 2598 1367 76140000 		.4byte	0x1476
 2599 136b 0B       		.uleb128 0xb
 2600 136c 17010000 		.4byte	.LASF38
 2601 1370 20       		.byte	0x20
 2602 1371 A901     		.2byte	0x1a9
 2603 1373 21       		.byte	0x21
 2604 1374 B7140000 		.4byte	0x14b7
 2605 1378 00       		.byte	0
 2606 1379 0B       		.uleb128 0xb
 2607 137a 10010000 		.4byte	.LASF197
 2608 137e 20       		.byte	0x20
 2609 137f AD01     		.2byte	0x1ad
 2610 1381 22       		.byte	0x22
 2611 1382 BB1D0000 		.4byte	0x1dbb
 2612 1386 04       		.byte	0x4
 2613 1387 0B       		.uleb128 0xb
 2614 1388 DB040000 		.4byte	.LASF256
 2615 138c 20       		.byte	0x20
 2616 138d B101     		.2byte	0x1b1
 2617 138f 21       		.byte	0x21
 2618 1390 C3000000 		.4byte	0xc3
 2619 1394 08       		.byte	0x8
 2620 1395 0B       		.uleb128 0xb
 2621 1396 17040000 		.4byte	.LASF257
 2622 139a 20       		.byte	0x20
ARM GAS  /tmp/ccfgsisC.s 			page 47


 2623 139b B501     		.2byte	0x1b5
 2624 139d 21       		.byte	0x21
 2625 139e C3000000 		.4byte	0xc3
 2626 13a2 0A       		.byte	0xa
 2627 13a3 0A       		.uleb128 0xa
 2628 13a4 65706300 		.ascii	"epc\000"
 2629 13a8 20       		.byte	0x20
 2630 13a9 B901     		.2byte	0x1b9
 2631 13ab 22       		.byte	0x22
 2632 13ac C11D0000 		.4byte	0x1dc1
 2633 13b0 0C       		.byte	0xc
 2634 13b1 0B       		.uleb128 0xb
 2635 13b2 B60D0000 		.4byte	.LASF258
 2636 13b6 20       		.byte	0x20
 2637 13b7 C001     		.2byte	0x1c0
 2638 13b9 22       		.byte	0x22
 2639 13ba D71D0000 		.4byte	0x1dd7
 2640 13be 1C       		.byte	0x1c
 2641 13bf 0B       		.uleb128 0xb
 2642 13c0 29110000 		.4byte	.LASF259
 2643 13c4 20       		.byte	0x20
 2644 13c5 C701     		.2byte	0x1c7
 2645 13c7 22       		.byte	0x22
 2646 13c8 D71D0000 		.4byte	0x1dd7
 2647 13cc 28       		.byte	0x28
 2648 13cd 0B       		.uleb128 0xb
 2649 13ce 8A030000 		.4byte	.LASF260
 2650 13d2 20       		.byte	0x20
 2651 13d3 CB01     		.2byte	0x1cb
 2652 13d5 21       		.byte	0x21
 2653 13d6 FE140000 		.4byte	0x14fe
 2654 13da 34       		.byte	0x34
 2655 13db 0B       		.uleb128 0xb
 2656 13dc E2080000 		.4byte	.LASF261
 2657 13e0 20       		.byte	0x20
 2658 13e1 CF01     		.2byte	0x1cf
 2659 13e3 22       		.byte	0x22
 2660 13e4 A9090000 		.4byte	0x9a9
 2661 13e8 38       		.byte	0x38
 2662 13e9 0B       		.uleb128 0xb
 2663 13ea 00040000 		.4byte	.LASF262
 2664 13ee 20       		.byte	0x20
 2665 13ef D301     		.2byte	0x1d3
 2666 13f1 21       		.byte	0x21
 2667 13f2 24000000 		.4byte	0x24
 2668 13f6 3C       		.byte	0x3c
 2669 13f7 0B       		.uleb128 0xb
 2670 13f8 3D110000 		.4byte	.LASF263
 2671 13fc 20       		.byte	0x20
 2672 13fd D701     		.2byte	0x1d7
 2673 13ff 21       		.byte	0x21
 2674 1400 8B150000 		.4byte	0x158b
 2675 1404 40       		.byte	0x40
 2676 1405 0B       		.uleb128 0xb
 2677 1406 9E050000 		.4byte	.LASF264
 2678 140a 20       		.byte	0x20
 2679 140b DB01     		.2byte	0x1db
ARM GAS  /tmp/ccfgsisC.s 			page 48


 2680 140d 21       		.byte	0x21
 2681 140e E71D0000 		.4byte	0x1de7
 2682 1412 44       		.byte	0x44
 2683 1413 0B       		.uleb128 0xb
 2684 1414 9C060000 		.4byte	.LASF265
 2685 1418 20       		.byte	0x20
 2686 1419 DF01     		.2byte	0x1df
 2687 141b 21       		.byte	0x21
 2688 141c C3000000 		.4byte	0xc3
 2689 1420 4C       		.byte	0x4c
 2690 1421 0B       		.uleb128 0xb
 2691 1422 A8060000 		.4byte	.LASF266
 2692 1426 20       		.byte	0x20
 2693 1427 E301     		.2byte	0x1e3
 2694 1429 21       		.byte	0x21
 2695 142a B2000000 		.4byte	0xb2
 2696 142e 4E       		.byte	0x4e
 2697 142f 0B       		.uleb128 0xb
 2698 1430 06060000 		.4byte	.LASF267
 2699 1434 20       		.byte	0x20
 2700 1435 E701     		.2byte	0x1e7
 2701 1437 21       		.byte	0x21
 2702 1438 B2000000 		.4byte	0xb2
 2703 143c 4F       		.byte	0x4f
 2704 143d 0B       		.uleb128 0xb
 2705 143e 570C0000 		.4byte	.LASF268
 2706 1442 20       		.byte	0x20
 2707 1443 EB01     		.2byte	0x1eb
 2708 1445 21       		.byte	0x21
 2709 1446 B7140000 		.4byte	0x14b7
 2710 144a 50       		.byte	0x50
 2711 144b 0A       		.uleb128 0xa
 2712 144c 6F746700 		.ascii	"otg\000"
 2713 1450 20       		.byte	0x20
 2714 1451 F301     		.2byte	0x1f3
 2715 1453 22       		.byte	0x22
 2716 1454 F71D0000 		.4byte	0x1df7
 2717 1458 54       		.byte	0x54
 2718 1459 0B       		.uleb128 0xb
 2719 145a C3090000 		.4byte	.LASF269
 2720 145e 20       		.byte	0x20
 2721 145f F701     		.2byte	0x1f7
 2722 1461 22       		.byte	0x22
 2723 1462 FD1D0000 		.4byte	0x1dfd
 2724 1466 58       		.byte	0x58
 2725 1467 0B       		.uleb128 0xb
 2726 1468 9B110000 		.4byte	.LASF270
 2727 146c 20       		.byte	0x20
 2728 146d FB01     		.2byte	0x1fb
 2729 146f 21       		.byte	0x21
 2730 1470 E5000000 		.4byte	0xe5
 2731 1474 5C       		.byte	0x5c
 2732 1475 00       		.byte	0
 2733 1476 17       		.uleb128 0x17
 2734 1477 C8100000 		.4byte	.LASF271
 2735 147b 1F       		.byte	0x1f
 2736 147c 0801     		.2byte	0x108
ARM GAS  /tmp/ccfgsisC.s 			page 49


 2737 147e 11       		.byte	0x11
 2738 147f B2000000 		.4byte	0xb2
 2739 1483 21       		.uleb128 0x21
 2740 1484 07       		.byte	0x7
 2741 1485 01       		.byte	0x1
 2742 1486 58000000 		.4byte	0x58
 2743 148a 1F       		.byte	0x1f
 2744 148b 0D01     		.2byte	0x10d
 2745 148d 0E       		.byte	0xe
 2746 148e B7140000 		.4byte	0x14b7
 2747 1492 20       		.uleb128 0x20
 2748 1493 6F0B0000 		.4byte	.LASF272
 2749 1497 00       		.byte	0
 2750 1498 20       		.uleb128 0x20
 2751 1499 810A0000 		.4byte	.LASF273
 2752 149d 01       		.byte	0x1
 2753 149e 20       		.uleb128 0x20
 2754 149f A0080000 		.4byte	.LASF274
 2755 14a3 02       		.byte	0x2
 2756 14a4 20       		.uleb128 0x20
 2757 14a5 F9050000 		.4byte	.LASF275
 2758 14a9 03       		.byte	0x3
 2759 14aa 20       		.uleb128 0x20
 2760 14ab 37010000 		.4byte	.LASF276
 2761 14af 04       		.byte	0x4
 2762 14b0 20       		.uleb128 0x20
 2763 14b1 8A020000 		.4byte	.LASF277
 2764 14b5 05       		.byte	0x5
 2765 14b6 00       		.byte	0
 2766 14b7 17       		.uleb128 0x17
 2767 14b8 E1070000 		.4byte	.LASF278
 2768 14bc 1F       		.byte	0x1f
 2769 14bd 1401     		.2byte	0x114
 2770 14bf 03       		.byte	0x3
 2771 14c0 83140000 		.4byte	0x1483
 2772 14c4 21       		.uleb128 0x21
 2773 14c5 07       		.byte	0x7
 2774 14c6 01       		.byte	0x1
 2775 14c7 58000000 		.4byte	0x58
 2776 14cb 1F       		.byte	0x1f
 2777 14cc 2201     		.2byte	0x122
 2778 14ce 0E       		.byte	0xe
 2779 14cf FE140000 		.4byte	0x14fe
 2780 14d3 20       		.uleb128 0x20
 2781 14d4 1C020000 		.4byte	.LASF279
 2782 14d8 00       		.byte	0
 2783 14d9 20       		.uleb128 0x20
 2784 14da D4050000 		.4byte	.LASF280
 2785 14de 09       		.byte	0x9
 2786 14df 20       		.uleb128 0x20
 2787 14e0 670D0000 		.4byte	.LASF281
 2788 14e4 0A       		.byte	0xa
 2789 14e5 20       		.uleb128 0x20
 2790 14e6 28050000 		.4byte	.LASF282
 2791 14ea 0B       		.byte	0xb
 2792 14eb 20       		.uleb128 0x20
 2793 14ec 2E0A0000 		.4byte	.LASF283
ARM GAS  /tmp/ccfgsisC.s 			page 50


 2794 14f0 14       		.byte	0x14
 2795 14f1 20       		.uleb128 0x20
 2796 14f2 360F0000 		.4byte	.LASF284
 2797 14f6 15       		.byte	0x15
 2798 14f7 20       		.uleb128 0x20
 2799 14f8 3A030000 		.4byte	.LASF285
 2800 14fc 06       		.byte	0x6
 2801 14fd 00       		.byte	0
 2802 14fe 17       		.uleb128 0x17
 2803 14ff A3010000 		.4byte	.LASF286
 2804 1503 1F       		.byte	0x1f
 2805 1504 2A01     		.2byte	0x12a
 2806 1506 03       		.byte	0x3
 2807 1507 C4140000 		.4byte	0x14c4
 2808 150b 21       		.uleb128 0x21
 2809 150c 07       		.byte	0x7
 2810 150d 01       		.byte	0x1
 2811 150e 58000000 		.4byte	0x58
 2812 1512 1F       		.byte	0x1f
 2813 1513 2F01     		.2byte	0x12f
 2814 1515 0E       		.byte	0xe
 2815 1516 45150000 		.4byte	0x1545
 2816 151a 20       		.uleb128 0x20
 2817 151b 3C0E0000 		.4byte	.LASF287
 2818 151f 00       		.byte	0
 2819 1520 20       		.uleb128 0x20
 2820 1521 C5010000 		.4byte	.LASF288
 2821 1525 01       		.byte	0x1
 2822 1526 20       		.uleb128 0x20
 2823 1527 150D0000 		.4byte	.LASF289
 2824 152b 02       		.byte	0x2
 2825 152c 20       		.uleb128 0x20
 2826 152d 580B0000 		.4byte	.LASF290
 2827 1531 03       		.byte	0x3
 2828 1532 20       		.uleb128 0x20
 2829 1533 17110000 		.4byte	.LASF291
 2830 1537 04       		.byte	0x4
 2831 1538 20       		.uleb128 0x20
 2832 1539 57080000 		.4byte	.LASF292
 2833 153d 05       		.byte	0x5
 2834 153e 20       		.uleb128 0x20
 2835 153f E1020000 		.4byte	.LASF293
 2836 1543 06       		.byte	0x6
 2837 1544 00       		.byte	0
 2838 1545 17       		.uleb128 0x17
 2839 1546 BB050000 		.4byte	.LASF294
 2840 154a 1F       		.byte	0x1f
 2841 154b 3701     		.2byte	0x137
 2842 154d 03       		.byte	0x3
 2843 154e 0B150000 		.4byte	0x150b
 2844 1552 16       		.uleb128 0x16
 2845 1553 08       		.byte	0x8
 2846 1554 1F       		.byte	0x1f
 2847 1555 3C01     		.2byte	0x13c
 2848 1557 09       		.byte	0x9
 2849 1558 79150000 		.4byte	0x1579
 2850 155c 0B       		.uleb128 0xb
ARM GAS  /tmp/ccfgsisC.s 			page 51


 2851 155d EB050000 		.4byte	.LASF295
 2852 1561 1F       		.byte	0x1f
 2853 1562 4001     		.2byte	0x140
 2854 1564 21       		.byte	0x21
 2855 1565 24000000 		.4byte	0x24
 2856 1569 00       		.byte	0
 2857 156a 0B       		.uleb128 0xb
 2858 156b 5C040000 		.4byte	.LASF296
 2859 156f 1F       		.byte	0x1f
 2860 1570 4401     		.2byte	0x144
 2861 1572 22       		.byte	0x22
 2862 1573 2A0D0000 		.4byte	0xd2a
 2863 1577 04       		.byte	0x4
 2864 1578 00       		.byte	0
 2865 1579 17       		.uleb128 0x17
 2866 157a 77050000 		.4byte	.LASF297
 2867 157e 1F       		.byte	0x1f
 2868 157f 4501     		.2byte	0x145
 2869 1581 03       		.byte	0x3
 2870 1582 52150000 		.4byte	0x1552
 2871 1586 05       		.uleb128 0x5
 2872 1587 79150000 		.4byte	0x1579
 2873 158b 17       		.uleb128 0x17
 2874 158c CC0E0000 		.4byte	.LASF298
 2875 1590 1F       		.byte	0x1f
 2876 1591 4D01     		.2byte	0x14d
 2877 1593 10       		.byte	0x10
 2878 1594 98150000 		.4byte	0x1598
 2879 1598 0C       		.uleb128 0xc
 2880 1599 04       		.byte	0x4
 2881 159a 9E150000 		.4byte	0x159e
 2882 159e 0E       		.uleb128 0xe
 2883 159f A9150000 		.4byte	0x15a9
 2884 15a3 0F       		.uleb128 0xf
 2885 15a4 A9150000 		.4byte	0x15a9
 2886 15a8 00       		.byte	0
 2887 15a9 0C       		.uleb128 0xc
 2888 15aa 04       		.byte	0x4
 2889 15ab 50130000 		.4byte	0x1350
 2890 15af 17       		.uleb128 0x17
 2891 15b0 FD080000 		.4byte	.LASF299
 2892 15b4 1F       		.byte	0x1f
 2893 15b5 5601     		.2byte	0x156
 2894 15b7 10       		.byte	0x10
 2895 15b8 BC150000 		.4byte	0x15bc
 2896 15bc 0C       		.uleb128 0xc
 2897 15bd 04       		.byte	0x4
 2898 15be C2150000 		.4byte	0x15c2
 2899 15c2 0E       		.uleb128 0xe
 2900 15c3 D2150000 		.4byte	0x15d2
 2901 15c7 0F       		.uleb128 0xf
 2902 15c8 A9150000 		.4byte	0x15a9
 2903 15cc 0F       		.uleb128 0xf
 2904 15cd 76140000 		.4byte	0x1476
 2905 15d1 00       		.byte	0
 2906 15d2 17       		.uleb128 0x17
 2907 15d3 A0040000 		.4byte	.LASF300
ARM GAS  /tmp/ccfgsisC.s 			page 52


 2908 15d7 1F       		.byte	0x1f
 2909 15d8 5F01     		.2byte	0x15f
 2910 15da 10       		.byte	0x10
 2911 15db DF150000 		.4byte	0x15df
 2912 15df 0C       		.uleb128 0xc
 2913 15e0 04       		.byte	0x4
 2914 15e1 E5150000 		.4byte	0x15e5
 2915 15e5 0E       		.uleb128 0xe
 2916 15e6 F5150000 		.4byte	0x15f5
 2917 15ea 0F       		.uleb128 0xf
 2918 15eb A9150000 		.4byte	0x15a9
 2919 15ef 0F       		.uleb128 0xf
 2920 15f0 45150000 		.4byte	0x1545
 2921 15f4 00       		.byte	0
 2922 15f5 17       		.uleb128 0x17
 2923 15f6 B70E0000 		.4byte	.LASF301
 2924 15fa 1F       		.byte	0x1f
 2925 15fb 6B01     		.2byte	0x16b
 2926 15fd 10       		.byte	0x10
 2927 15fe 02160000 		.4byte	0x1602
 2928 1602 0C       		.uleb128 0xc
 2929 1603 04       		.byte	0x4
 2930 1604 08160000 		.4byte	0x1608
 2931 1608 1D       		.uleb128 0x1d
 2932 1609 58090000 		.4byte	0x958
 2933 160d 17160000 		.4byte	0x1617
 2934 1611 0F       		.uleb128 0xf
 2935 1612 A9150000 		.4byte	0x15a9
 2936 1616 00       		.byte	0
 2937 1617 17       		.uleb128 0x17
 2938 1618 8C0D0000 		.4byte	.LASF302
 2939 161c 1F       		.byte	0x1f
 2940 161d 7001     		.2byte	0x170
 2941 161f 21       		.byte	0x21
 2942 1620 24160000 		.4byte	0x1624
 2943 1624 0C       		.uleb128 0xc
 2944 1625 04       		.byte	0x4
 2945 1626 2A160000 		.4byte	0x162a
 2946 162a 1D       		.uleb128 0x1d
 2947 162b 48160000 		.4byte	0x1648
 2948 162f 48160000 		.4byte	0x1648
 2949 1633 0F       		.uleb128 0xf
 2950 1634 A9150000 		.4byte	0x15a9
 2951 1638 0F       		.uleb128 0xf
 2952 1639 B2000000 		.4byte	0xb2
 2953 163d 0F       		.uleb128 0xf
 2954 163e B2000000 		.4byte	0xb2
 2955 1642 0F       		.uleb128 0xf
 2956 1643 C3000000 		.4byte	0xc3
 2957 1647 00       		.byte	0
 2958 1648 0C       		.uleb128 0xc
 2959 1649 04       		.byte	0x4
 2960 164a 86150000 		.4byte	0x1586
 2961 164e 15       		.uleb128 0x15
 2962 164f 20       		.byte	0x20
 2963 1650 21       		.byte	0x21
 2964 1651 29       		.byte	0x29
ARM GAS  /tmp/ccfgsisC.s 			page 53


 2965 1652 09       		.byte	0x9
 2966 1653 C0160000 		.4byte	0x16c0
 2967 1657 08       		.uleb128 0x8
 2968 1658 C7030000 		.4byte	.LASF303
 2969 165c 21       		.byte	0x21
 2970 165d 2A       		.byte	0x2a
 2971 165e 15       		.byte	0x15
 2972 165f F1000000 		.4byte	0xf1
 2973 1663 00       		.byte	0
 2974 1664 08       		.uleb128 0x8
 2975 1665 A7000000 		.4byte	.LASF304
 2976 1669 21       		.byte	0x21
 2977 166a 2C       		.byte	0x2c
 2978 166b 15       		.byte	0x15
 2979 166c F1000000 		.4byte	0xf1
 2980 1670 04       		.byte	0x4
 2981 1671 08       		.uleb128 0x8
 2982 1672 A7090000 		.4byte	.LASF305
 2983 1676 21       		.byte	0x21
 2984 1677 2D       		.byte	0x2d
 2985 1678 15       		.byte	0x15
 2986 1679 F1000000 		.4byte	0xf1
 2987 167d 08       		.byte	0x8
 2988 167e 08       		.uleb128 0x8
 2989 167f 490C0000 		.4byte	.LASF306
 2990 1683 21       		.byte	0x21
 2991 1684 2E       		.byte	0x2e
 2992 1685 15       		.byte	0x15
 2993 1686 F1000000 		.4byte	0xf1
 2994 168a 0C       		.byte	0xc
 2995 168b 08       		.uleb128 0x8
 2996 168c ED040000 		.4byte	.LASF307
 2997 1690 21       		.byte	0x21
 2998 1691 30       		.byte	0x30
 2999 1692 15       		.byte	0x15
 3000 1693 F1000000 		.4byte	0xf1
 3001 1697 10       		.byte	0x10
 3002 1698 08       		.uleb128 0x8
 3003 1699 4C0E0000 		.4byte	.LASF308
 3004 169d 21       		.byte	0x21
 3005 169e 32       		.byte	0x32
 3006 169f 15       		.byte	0x15
 3007 16a0 F1000000 		.4byte	0xf1
 3008 16a4 14       		.byte	0x14
 3009 16a5 08       		.uleb128 0x8
 3010 16a6 5D0E0000 		.4byte	.LASF309
 3011 16aa 21       		.byte	0x21
 3012 16ab 33       		.byte	0x33
 3013 16ac 15       		.byte	0x15
 3014 16ad F1000000 		.4byte	0xf1
 3015 16b1 18       		.byte	0x18
 3016 16b2 08       		.uleb128 0x8
 3017 16b3 AF0E0000 		.4byte	.LASF310
 3018 16b7 21       		.byte	0x21
 3019 16b8 34       		.byte	0x34
 3020 16b9 15       		.byte	0x15
 3021 16ba F1000000 		.4byte	0xf1
ARM GAS  /tmp/ccfgsisC.s 			page 54


 3022 16be 1C       		.byte	0x1c
 3023 16bf 00       		.byte	0
 3024 16c0 03       		.uleb128 0x3
 3025 16c1 BE040000 		.4byte	.LASF311
 3026 16c5 21       		.byte	0x21
 3027 16c6 35       		.byte	0x35
 3028 16c7 03       		.byte	0x3
 3029 16c8 4E160000 		.4byte	0x164e
 3030 16cc 15       		.uleb128 0x15
 3031 16cd 20       		.byte	0x20
 3032 16ce 21       		.byte	0x21
 3033 16cf 3A       		.byte	0x3a
 3034 16d0 09       		.byte	0x9
 3035 16d1 3E170000 		.4byte	0x173e
 3036 16d5 08       		.uleb128 0x8
 3037 16d6 F8030000 		.4byte	.LASF312
 3038 16da 21       		.byte	0x21
 3039 16db 3B       		.byte	0x3b
 3040 16dc 15       		.byte	0x15
 3041 16dd F1000000 		.4byte	0xf1
 3042 16e1 00       		.byte	0
 3043 16e2 08       		.uleb128 0x8
 3044 16e3 8B000000 		.4byte	.LASF313
 3045 16e7 21       		.byte	0x21
 3046 16e8 3D       		.byte	0x3d
 3047 16e9 15       		.byte	0x15
 3048 16ea F1000000 		.4byte	0xf1
 3049 16ee 04       		.byte	0x4
 3050 16ef 08       		.uleb128 0x8
 3051 16f0 250F0000 		.4byte	.LASF314
 3052 16f4 21       		.byte	0x21
 3053 16f5 3E       		.byte	0x3e
 3054 16f6 15       		.byte	0x15
 3055 16f7 F1000000 		.4byte	0xf1
 3056 16fb 08       		.byte	0x8
 3057 16fc 08       		.uleb128 0x8
 3058 16fd BD000000 		.4byte	.LASF315
 3059 1701 21       		.byte	0x21
 3060 1702 40       		.byte	0x40
 3061 1703 15       		.byte	0x15
 3062 1704 F1000000 		.4byte	0xf1
 3063 1708 0C       		.byte	0xc
 3064 1709 08       		.uleb128 0x8
 3065 170a A2030000 		.4byte	.LASF316
 3066 170e 21       		.byte	0x21
 3067 170f 41       		.byte	0x41
 3068 1710 15       		.byte	0x15
 3069 1711 F1000000 		.4byte	0xf1
 3070 1715 10       		.byte	0x10
 3071 1716 08       		.uleb128 0x8
 3072 1717 4C0E0000 		.4byte	.LASF308
 3073 171b 21       		.byte	0x21
 3074 171c 43       		.byte	0x43
 3075 171d 15       		.byte	0x15
 3076 171e F1000000 		.4byte	0xf1
 3077 1722 14       		.byte	0x14
 3078 1723 08       		.uleb128 0x8
ARM GAS  /tmp/ccfgsisC.s 			page 55


 3079 1724 700E0000 		.4byte	.LASF317
 3080 1728 21       		.byte	0x21
 3081 1729 44       		.byte	0x44
 3082 172a 15       		.byte	0x15
 3083 172b F1000000 		.4byte	0xf1
 3084 172f 18       		.byte	0x18
 3085 1730 08       		.uleb128 0x8
 3086 1731 780E0000 		.4byte	.LASF318
 3087 1735 21       		.byte	0x21
 3088 1736 46       		.byte	0x46
 3089 1737 15       		.byte	0x15
 3090 1738 F1000000 		.4byte	0xf1
 3091 173c 1C       		.byte	0x1c
 3092 173d 00       		.byte	0
 3093 173e 03       		.uleb128 0x3
 3094 173f D10C0000 		.4byte	.LASF319
 3095 1743 21       		.byte	0x21
 3096 1744 47       		.byte	0x47
 3097 1745 03       		.byte	0x3
 3098 1746 CC160000 		.4byte	0x16cc
 3099 174a 15       		.uleb128 0x15
 3100 174b 20       		.byte	0x20
 3101 174c 21       		.byte	0x21
 3102 174d 4C       		.byte	0x4c
 3103 174e 09       		.byte	0x9
 3104 174f BC170000 		.4byte	0x17bc
 3105 1753 08       		.uleb128 0x8
 3106 1754 A6020000 		.4byte	.LASF320
 3107 1758 21       		.byte	0x21
 3108 1759 4D       		.byte	0x4d
 3109 175a 15       		.byte	0x15
 3110 175b F1000000 		.4byte	0xf1
 3111 175f 00       		.byte	0
 3112 1760 08       		.uleb128 0x8
 3113 1761 8B000000 		.4byte	.LASF313
 3114 1765 21       		.byte	0x21
 3115 1766 4F       		.byte	0x4f
 3116 1767 15       		.byte	0x15
 3117 1768 F1000000 		.4byte	0xf1
 3118 176c 04       		.byte	0x4
 3119 176d 08       		.uleb128 0x8
 3120 176e 00030000 		.4byte	.LASF321
 3121 1772 21       		.byte	0x21
 3122 1773 50       		.byte	0x50
 3123 1774 15       		.byte	0x15
 3124 1775 F1000000 		.4byte	0xf1
 3125 1779 08       		.byte	0x8
 3126 177a 08       		.uleb128 0x8
 3127 177b BD000000 		.4byte	.LASF315
 3128 177f 21       		.byte	0x21
 3129 1780 52       		.byte	0x52
 3130 1781 15       		.byte	0x15
 3131 1782 F1000000 		.4byte	0xf1
 3132 1786 0C       		.byte	0xc
 3133 1787 08       		.uleb128 0x8
 3134 1788 54090000 		.4byte	.LASF322
 3135 178c 21       		.byte	0x21
ARM GAS  /tmp/ccfgsisC.s 			page 56


 3136 178d 53       		.byte	0x53
 3137 178e 15       		.byte	0x15
 3138 178f F1000000 		.4byte	0xf1
 3139 1793 10       		.byte	0x10
 3140 1794 08       		.uleb128 0x8
 3141 1795 4C0E0000 		.4byte	.LASF308
 3142 1799 21       		.byte	0x21
 3143 179a 55       		.byte	0x55
 3144 179b 15       		.byte	0x15
 3145 179c F1000000 		.4byte	0xf1
 3146 17a0 14       		.byte	0x14
 3147 17a1 08       		.uleb128 0x8
 3148 17a2 5D0E0000 		.4byte	.LASF309
 3149 17a6 21       		.byte	0x21
 3150 17a7 56       		.byte	0x56
 3151 17a8 15       		.byte	0x15
 3152 17a9 F1000000 		.4byte	0xf1
 3153 17ad 18       		.byte	0x18
 3154 17ae 08       		.uleb128 0x8
 3155 17af 780E0000 		.4byte	.LASF318
 3156 17b3 21       		.byte	0x21
 3157 17b4 57       		.byte	0x57
 3158 17b5 15       		.byte	0x15
 3159 17b6 F1000000 		.4byte	0xf1
 3160 17ba 1C       		.byte	0x1c
 3161 17bb 00       		.byte	0
 3162 17bc 03       		.uleb128 0x3
 3163 17bd E0030000 		.4byte	.LASF323
 3164 17c1 21       		.byte	0x21
 3165 17c2 58       		.byte	0x58
 3166 17c3 03       		.byte	0x3
 3167 17c4 4A170000 		.4byte	0x174a
 3168 17c8 22       		.uleb128 0x22
 3169 17c9 00100100 		.4byte	0x11000
 3170 17cd 21       		.byte	0x21
 3171 17ce 5D       		.byte	0x5d
 3172 17cf 09       		.byte	0x9
 3173 17d0 DF1A0000 		.4byte	0x1adf
 3174 17d4 08       		.uleb128 0x8
 3175 17d5 29080000 		.4byte	.LASF324
 3176 17d9 21       		.byte	0x21
 3177 17da 5E       		.byte	0x5e
 3178 17db 15       		.byte	0x15
 3179 17dc F1000000 		.4byte	0xf1
 3180 17e0 00       		.byte	0
 3181 17e1 08       		.uleb128 0x8
 3182 17e2 82080000 		.4byte	.LASF325
 3183 17e6 21       		.byte	0x21
 3184 17e7 5F       		.byte	0x5f
 3185 17e8 15       		.byte	0x15
 3186 17e9 F1000000 		.4byte	0xf1
 3187 17ed 04       		.byte	0x4
 3188 17ee 08       		.uleb128 0x8
 3189 17ef E5060000 		.4byte	.LASF326
 3190 17f3 21       		.byte	0x21
 3191 17f4 60       		.byte	0x60
 3192 17f5 15       		.byte	0x15
ARM GAS  /tmp/ccfgsisC.s 			page 57


 3193 17f6 F1000000 		.4byte	0xf1
 3194 17fa 08       		.byte	0x8
 3195 17fb 08       		.uleb128 0x8
 3196 17fc 94060000 		.4byte	.LASF327
 3197 1800 21       		.byte	0x21
 3198 1801 61       		.byte	0x61
 3199 1802 15       		.byte	0x15
 3200 1803 F1000000 		.4byte	0xf1
 3201 1807 0C       		.byte	0xc
 3202 1808 08       		.uleb128 0x8
 3203 1809 DA0E0000 		.4byte	.LASF328
 3204 180d 21       		.byte	0x21
 3205 180e 62       		.byte	0x62
 3206 180f 15       		.byte	0x15
 3207 1810 F1000000 		.4byte	0xf1
 3208 1814 10       		.byte	0x10
 3209 1815 08       		.uleb128 0x8
 3210 1816 E20E0000 		.4byte	.LASF329
 3211 181a 21       		.byte	0x21
 3212 181b 63       		.byte	0x63
 3213 181c 15       		.byte	0x15
 3214 181d F1000000 		.4byte	0xf1
 3215 1821 14       		.byte	0x14
 3216 1822 08       		.uleb128 0x8
 3217 1823 9B0A0000 		.4byte	.LASF330
 3218 1827 21       		.byte	0x21
 3219 1828 64       		.byte	0x64
 3220 1829 15       		.byte	0x15
 3221 182a F1000000 		.4byte	0xf1
 3222 182e 18       		.byte	0x18
 3223 182f 08       		.uleb128 0x8
 3224 1830 4F080000 		.4byte	.LASF331
 3225 1834 21       		.byte	0x21
 3226 1835 65       		.byte	0x65
 3227 1836 15       		.byte	0x15
 3228 1837 F1000000 		.4byte	0xf1
 3229 183b 1C       		.byte	0x1c
 3230 183c 08       		.uleb128 0x8
 3231 183d AA080000 		.4byte	.LASF332
 3232 1841 21       		.byte	0x21
 3233 1842 67       		.byte	0x67
 3234 1843 15       		.byte	0x15
 3235 1844 F1000000 		.4byte	0xf1
 3236 1848 20       		.byte	0x20
 3237 1849 08       		.uleb128 0x8
 3238 184a 1A060000 		.4byte	.LASF333
 3239 184e 21       		.byte	0x21
 3240 184f 69       		.byte	0x69
 3241 1850 15       		.byte	0x15
 3242 1851 F1000000 		.4byte	0xf1
 3243 1855 24       		.byte	0x24
 3244 1856 08       		.uleb128 0x8
 3245 1857 D7010000 		.4byte	.LASF334
 3246 185b 21       		.byte	0x21
 3247 185c 6A       		.byte	0x6a
 3248 185d 15       		.byte	0x15
 3249 185e F1000000 		.4byte	0xf1
ARM GAS  /tmp/ccfgsisC.s 			page 58


 3250 1862 28       		.byte	0x28
 3251 1863 08       		.uleb128 0x8
 3252 1864 2D0F0000 		.4byte	.LASF335
 3253 1868 21       		.byte	0x21
 3254 1869 6C       		.byte	0x6c
 3255 186a 15       		.byte	0x15
 3256 186b F1000000 		.4byte	0xf1
 3257 186f 2C       		.byte	0x2c
 3258 1870 08       		.uleb128 0x8
 3259 1871 8E100000 		.4byte	.LASF336
 3260 1875 21       		.byte	0x21
 3261 1876 6E       		.byte	0x6e
 3262 1877 15       		.byte	0x15
 3263 1878 F1000000 		.4byte	0xf1
 3264 187c 30       		.byte	0x30
 3265 187d 08       		.uleb128 0x8
 3266 187e AC100000 		.4byte	.LASF337
 3267 1882 21       		.byte	0x21
 3268 1883 6F       		.byte	0x6f
 3269 1884 15       		.byte	0x15
 3270 1885 F1000000 		.4byte	0xf1
 3271 1889 34       		.byte	0x34
 3272 188a 08       		.uleb128 0x8
 3273 188b 84030000 		.4byte	.LASF338
 3274 188f 21       		.byte	0x21
 3275 1890 70       		.byte	0x70
 3276 1891 15       		.byte	0x15
 3277 1892 F1000000 		.4byte	0xf1
 3278 1896 38       		.byte	0x38
 3279 1897 09       		.uleb128 0x9
 3280 1898 43494400 		.ascii	"CID\000"
 3281 189c 21       		.byte	0x21
 3282 189d 71       		.byte	0x71
 3283 189e 15       		.byte	0x15
 3284 189f F1000000 		.4byte	0xf1
 3285 18a3 3C       		.byte	0x3c
 3286 18a4 08       		.uleb128 0x8
 3287 18a5 68110000 		.4byte	.LASF339
 3288 18a9 21       		.byte	0x21
 3289 18aa 72       		.byte	0x72
 3290 18ab 15       		.byte	0x15
 3291 18ac EF1A0000 		.4byte	0x1aef
 3292 18b0 40       		.byte	0x40
 3293 18b1 23       		.uleb128 0x23
 3294 18b2 FD0B0000 		.4byte	.LASF340
 3295 18b6 21       		.byte	0x21
 3296 18b7 73       		.byte	0x73
 3297 18b8 15       		.byte	0x15
 3298 18b9 F1000000 		.4byte	0xf1
 3299 18bd 0001     		.2byte	0x100
 3300 18bf 23       		.uleb128 0x23
 3301 18c0 4A060000 		.4byte	.LASF341
 3302 18c4 21       		.byte	0x21
 3303 18c5 75       		.byte	0x75
 3304 18c6 15       		.byte	0x15
 3305 18c7 28060000 		.4byte	0x628
 3306 18cb 0401     		.2byte	0x104
ARM GAS  /tmp/ccfgsisC.s 			page 59


 3307 18cd 23       		.uleb128 0x23
 3308 18ce C5110000 		.4byte	.LASF342
 3309 18d2 21       		.byte	0x21
 3310 18d3 77       		.byte	0x77
 3311 18d4 15       		.byte	0x15
 3312 18d5 041B0000 		.4byte	0x1b04
 3313 18d9 4001     		.2byte	0x140
 3314 18db 23       		.uleb128 0x23
 3315 18dc C2030000 		.4byte	.LASF343
 3316 18e0 21       		.byte	0x21
 3317 18e1 78       		.byte	0x78
 3318 18e2 15       		.byte	0x15
 3319 18e3 F1000000 		.4byte	0xf1
 3320 18e7 0004     		.2byte	0x400
 3321 18e9 23       		.uleb128 0x23
 3322 18ea EE000000 		.4byte	.LASF344
 3323 18ee 21       		.byte	0x21
 3324 18ef 79       		.byte	0x79
 3325 18f0 15       		.byte	0x15
 3326 18f1 F1000000 		.4byte	0xf1
 3327 18f5 0404     		.2byte	0x404
 3328 18f7 23       		.uleb128 0x23
 3329 18f8 94040000 		.4byte	.LASF345
 3330 18fc 21       		.byte	0x21
 3331 18fd 7A       		.byte	0x7a
 3332 18fe 15       		.byte	0x15
 3333 18ff F1000000 		.4byte	0xf1
 3334 1903 0804     		.2byte	0x408
 3335 1905 23       		.uleb128 0x23
 3336 1906 18080000 		.4byte	.LASF346
 3337 190a 21       		.byte	0x21
 3338 190b 7C       		.byte	0x7c
 3339 190c 15       		.byte	0x15
 3340 190d F1000000 		.4byte	0xf1
 3341 1911 0C04     		.2byte	0x40c
 3342 1913 23       		.uleb128 0x23
 3343 1914 5C060000 		.4byte	.LASF347
 3344 1918 21       		.byte	0x21
 3345 1919 7D       		.byte	0x7d
 3346 191a 15       		.byte	0x15
 3347 191b F1000000 		.4byte	0xf1
 3348 191f 1004     		.2byte	0x410
 3349 1921 23       		.uleb128 0x23
 3350 1922 14060000 		.4byte	.LASF348
 3351 1926 21       		.byte	0x21
 3352 1927 7F       		.byte	0x7f
 3353 1928 15       		.byte	0x15
 3354 1929 F1000000 		.4byte	0xf1
 3355 192d 1404     		.2byte	0x414
 3356 192f 23       		.uleb128 0x23
 3357 1930 6E0A0000 		.4byte	.LASF349
 3358 1934 21       		.byte	0x21
 3359 1935 81       		.byte	0x81
 3360 1936 15       		.byte	0x15
 3361 1937 F1000000 		.4byte	0xf1
 3362 193b 1804     		.2byte	0x418
 3363 193d 23       		.uleb128 0x23
ARM GAS  /tmp/ccfgsisC.s 			page 60


 3364 193e C6080000 		.4byte	.LASF350
 3365 1942 21       		.byte	0x21
 3366 1943 83       		.byte	0x83
 3367 1944 15       		.byte	0x15
 3368 1945 191B0000 		.4byte	0x1b19
 3369 1949 1C04     		.2byte	0x41c
 3370 194b 23       		.uleb128 0x23
 3371 194c 330C0000 		.4byte	.LASF351
 3372 1950 21       		.byte	0x21
 3373 1951 84       		.byte	0x84
 3374 1952 15       		.byte	0x15
 3375 1953 F1000000 		.4byte	0xf1
 3376 1957 4004     		.2byte	0x440
 3377 1959 23       		.uleb128 0x23
 3378 195a 4F0A0000 		.4byte	.LASF352
 3379 195e 21       		.byte	0x21
 3380 195f 86       		.byte	0x86
 3381 1960 15       		.byte	0x15
 3382 1961 2E1B0000 		.4byte	0x1b2e
 3383 1965 4404     		.2byte	0x444
 3384 1967 24       		.uleb128 0x24
 3385 1968 686300   		.ascii	"hc\000"
 3386 196b 21       		.byte	0x21
 3387 196c 87       		.byte	0x87
 3388 196d 18       		.byte	0x18
 3389 196e 331B0000 		.4byte	0x1b33
 3390 1972 0005     		.2byte	0x500
 3391 1974 23       		.uleb128 0x23
 3392 1975 07010000 		.4byte	.LASF353
 3393 1979 21       		.byte	0x21
 3394 197a 88       		.byte	0x88
 3395 197b 15       		.byte	0x15
 3396 197c 531B0000 		.4byte	0x1b53
 3397 1980 0007     		.2byte	0x700
 3398 1982 23       		.uleb128 0x23
 3399 1983 76030000 		.4byte	.LASF354
 3400 1987 21       		.byte	0x21
 3401 1988 89       		.byte	0x89
 3402 1989 15       		.byte	0x15
 3403 198a F1000000 		.4byte	0xf1
 3404 198e 0008     		.2byte	0x800
 3405 1990 23       		.uleb128 0x23
 3406 1991 52020000 		.4byte	.LASF355
 3407 1995 21       		.byte	0x21
 3408 1996 8A       		.byte	0x8a
 3409 1997 15       		.byte	0x15
 3410 1998 F1000000 		.4byte	0xf1
 3411 199c 0408     		.2byte	0x804
 3412 199e 23       		.uleb128 0x23
 3413 199f EA100000 		.4byte	.LASF356
 3414 19a3 21       		.byte	0x21
 3415 19a4 8B       		.byte	0x8b
 3416 19a5 15       		.byte	0x15
 3417 19a6 F1000000 		.4byte	0xf1
 3418 19aa 0808     		.2byte	0x808
 3419 19ac 23       		.uleb128 0x23
 3420 19ad 05040000 		.4byte	.LASF357
ARM GAS  /tmp/ccfgsisC.s 			page 61


 3421 19b1 21       		.byte	0x21
 3422 19b2 8C       		.byte	0x8c
 3423 19b3 15       		.byte	0x15
 3424 19b4 F1000000 		.4byte	0xf1
 3425 19b8 0C08     		.2byte	0x80c
 3426 19ba 23       		.uleb128 0x23
 3427 19bb 800E0000 		.4byte	.LASF358
 3428 19bf 21       		.byte	0x21
 3429 19c0 8D       		.byte	0x8d
 3430 19c1 15       		.byte	0x15
 3431 19c2 F1000000 		.4byte	0xf1
 3432 19c6 1008     		.2byte	0x810
 3433 19c8 23       		.uleb128 0x23
 3434 19c9 63020000 		.4byte	.LASF359
 3435 19cd 21       		.byte	0x21
 3436 19ce 8F       		.byte	0x8f
 3437 19cf 15       		.byte	0x15
 3438 19d0 F1000000 		.4byte	0xf1
 3439 19d4 1408     		.2byte	0x814
 3440 19d6 23       		.uleb128 0x23
 3441 19d7 5D020000 		.4byte	.LASF360
 3442 19db 21       		.byte	0x21
 3443 19dc 91       		.byte	0x91
 3444 19dd 15       		.byte	0x15
 3445 19de F1000000 		.4byte	0xf1
 3446 19e2 1808     		.2byte	0x818
 3447 19e4 23       		.uleb128 0x23
 3448 19e5 B20C0000 		.4byte	.LASF361
 3449 19e9 21       		.byte	0x21
 3450 19ea 93       		.byte	0x93
 3451 19eb 15       		.byte	0x15
 3452 19ec F1000000 		.4byte	0xf1
 3453 19f0 1C08     		.2byte	0x81c
 3454 19f2 23       		.uleb128 0x23
 3455 19f3 96090000 		.4byte	.LASF362
 3456 19f7 21       		.byte	0x21
 3457 19f8 95       		.byte	0x95
 3458 19f9 15       		.byte	0x15
 3459 19fa F1000000 		.4byte	0xf1
 3460 19fe 2008     		.2byte	0x820
 3461 1a00 23       		.uleb128 0x23
 3462 1a01 14050000 		.4byte	.LASF363
 3463 1a05 21       		.byte	0x21
 3464 1a06 96       		.byte	0x96
 3465 1a07 15       		.byte	0x15
 3466 1a08 F1000000 		.4byte	0xf1
 3467 1a0c 2408     		.2byte	0x824
 3468 1a0e 23       		.uleb128 0x23
 3469 1a0f C80C0000 		.4byte	.LASF364
 3470 1a13 21       		.byte	0x21
 3471 1a14 97       		.byte	0x97
 3472 1a15 15       		.byte	0x15
 3473 1a16 F1000000 		.4byte	0xf1
 3474 1a1a 2808     		.2byte	0x828
 3475 1a1c 23       		.uleb128 0x23
 3476 1a1d 1D050000 		.4byte	.LASF365
 3477 1a21 21       		.byte	0x21
ARM GAS  /tmp/ccfgsisC.s 			page 62


 3478 1a22 99       		.byte	0x99
 3479 1a23 15       		.byte	0x15
 3480 1a24 F1000000 		.4byte	0xf1
 3481 1a28 2C08     		.2byte	0x82c
 3482 1a2a 23       		.uleb128 0x23
 3483 1a2b 050E0000 		.4byte	.LASF366
 3484 1a2f 21       		.byte	0x21
 3485 1a30 9B       		.byte	0x9b
 3486 1a31 15       		.byte	0x15
 3487 1a32 F1000000 		.4byte	0xf1
 3488 1a36 3008     		.2byte	0x830
 3489 1a38 23       		.uleb128 0x23
 3490 1a39 6C050000 		.4byte	.LASF367
 3491 1a3d 21       		.byte	0x21
 3492 1a3e 9C       		.byte	0x9c
 3493 1a3f 15       		.byte	0x15
 3494 1a40 F1000000 		.4byte	0xf1
 3495 1a44 3408     		.2byte	0x834
 3496 1a46 23       		.uleb128 0x23
 3497 1a47 EF080000 		.4byte	.LASF368
 3498 1a4b 21       		.byte	0x21
 3499 1a4c 9E       		.byte	0x9e
 3500 1a4d 15       		.byte	0x15
 3501 1a4e F1000000 		.4byte	0xf1
 3502 1a52 3808     		.2byte	0x838
 3503 1a54 23       		.uleb128 0x23
 3504 1a55 29090000 		.4byte	.LASF369
 3505 1a59 21       		.byte	0x21
 3506 1a5a 9F       		.byte	0x9f
 3507 1a5b 15       		.byte	0x15
 3508 1a5c F1000000 		.4byte	0xf1
 3509 1a60 3C08     		.2byte	0x83c
 3510 1a62 23       		.uleb128 0x23
 3511 1a63 28060000 		.4byte	.LASF370
 3512 1a67 21       		.byte	0x21
 3513 1a68 A0       		.byte	0xa0
 3514 1a69 15       		.byte	0x15
 3515 1a6a 681B0000 		.4byte	0x1b68
 3516 1a6e 4008     		.2byte	0x840
 3517 1a70 23       		.uleb128 0x23
 3518 1a71 13090000 		.4byte	.LASF371
 3519 1a75 21       		.byte	0x21
 3520 1a76 A1       		.byte	0xa1
 3521 1a77 15       		.byte	0x15
 3522 1a78 681B0000 		.4byte	0x1b68
 3523 1a7c 8008     		.2byte	0x880
 3524 1a7e 23       		.uleb128 0x23
 3525 1a7f 7B030000 		.4byte	.LASF372
 3526 1a83 21       		.byte	0x21
 3527 1a84 A2       		.byte	0xa2
 3528 1a85 15       		.byte	0x15
 3529 1a86 681B0000 		.4byte	0x1b68
 3530 1a8a C008     		.2byte	0x8c0
 3531 1a8c 24       		.uleb128 0x24
 3532 1a8d 696500   		.ascii	"ie\000"
 3533 1a90 21       		.byte	0x21
 3534 1a91 A3       		.byte	0xa3
ARM GAS  /tmp/ccfgsisC.s 			page 63


 3535 1a92 15       		.byte	0x15
 3536 1a93 6D1B0000 		.4byte	0x1b6d
 3537 1a97 0009     		.2byte	0x900
 3538 1a99 24       		.uleb128 0x24
 3539 1a9a 6F6500   		.ascii	"oe\000"
 3540 1a9d 21       		.byte	0x21
 3541 1a9e A4       		.byte	0xa4
 3542 1a9f 16       		.byte	0x16
 3543 1aa0 7D1B0000 		.4byte	0x1b7d
 3544 1aa4 000B     		.2byte	0xb00
 3545 1aa6 23       		.uleb128 0x23
 3546 1aa7 78020000 		.4byte	.LASF373
 3547 1aab 21       		.byte	0x21
 3548 1aac A5       		.byte	0xa5
 3549 1aad 15       		.byte	0x15
 3550 1aae 531B0000 		.4byte	0x1b53
 3551 1ab2 000D     		.2byte	0xd00
 3552 1ab4 23       		.uleb128 0x23
 3553 1ab5 81060000 		.4byte	.LASF374
 3554 1ab9 21       		.byte	0x21
 3555 1aba A6       		.byte	0xa6
 3556 1abb 15       		.byte	0x15
 3557 1abc F1000000 		.4byte	0xf1
 3558 1ac0 000E     		.2byte	0xe00
 3559 1ac2 23       		.uleb128 0x23
 3560 1ac3 460A0000 		.4byte	.LASF375
 3561 1ac7 21       		.byte	0x21
 3562 1ac8 A8       		.byte	0xa8
 3563 1ac9 15       		.byte	0x15
 3564 1aca 9D1B0000 		.4byte	0x1b9d
 3565 1ace 040E     		.2byte	0xe04
 3566 1ad0 23       		.uleb128 0x23
 3567 1ad1 F3000000 		.4byte	.LASF376
 3568 1ad5 21       		.byte	0x21
 3569 1ad6 A9       		.byte	0xa9
 3570 1ad7 15       		.byte	0x15
 3571 1ad8 B91B0000 		.4byte	0x1bb9
 3572 1adc 0010     		.2byte	0x1000
 3573 1ade 00       		.byte	0
 3574 1adf 13       		.uleb128 0x13
 3575 1ae0 F1000000 		.4byte	0xf1
 3576 1ae4 EF1A0000 		.4byte	0x1aef
 3577 1ae8 14       		.uleb128 0x14
 3578 1ae9 30000000 		.4byte	0x30
 3579 1aed 2F       		.byte	0x2f
 3580 1aee 00       		.byte	0
 3581 1aef 06       		.uleb128 0x6
 3582 1af0 DF1A0000 		.4byte	0x1adf
 3583 1af4 13       		.uleb128 0x13
 3584 1af5 F1000000 		.4byte	0xf1
 3585 1af9 041B0000 		.4byte	0x1b04
 3586 1afd 14       		.uleb128 0x14
 3587 1afe 30000000 		.4byte	0x30
 3588 1b02 AF       		.byte	0xaf
 3589 1b03 00       		.byte	0
 3590 1b04 06       		.uleb128 0x6
 3591 1b05 F41A0000 		.4byte	0x1af4
ARM GAS  /tmp/ccfgsisC.s 			page 64


 3592 1b09 13       		.uleb128 0x13
 3593 1b0a F1000000 		.4byte	0xf1
 3594 1b0e 191B0000 		.4byte	0x1b19
 3595 1b12 14       		.uleb128 0x14
 3596 1b13 30000000 		.4byte	0x30
 3597 1b17 08       		.byte	0x8
 3598 1b18 00       		.byte	0
 3599 1b19 06       		.uleb128 0x6
 3600 1b1a 091B0000 		.4byte	0x1b09
 3601 1b1e 13       		.uleb128 0x13
 3602 1b1f F1000000 		.4byte	0xf1
 3603 1b23 2E1B0000 		.4byte	0x1b2e
 3604 1b27 14       		.uleb128 0x14
 3605 1b28 30000000 		.4byte	0x30
 3606 1b2c 2E       		.byte	0x2e
 3607 1b2d 00       		.byte	0
 3608 1b2e 06       		.uleb128 0x6
 3609 1b2f 1E1B0000 		.4byte	0x1b1e
 3610 1b33 13       		.uleb128 0x13
 3611 1b34 C0160000 		.4byte	0x16c0
 3612 1b38 431B0000 		.4byte	0x1b43
 3613 1b3c 14       		.uleb128 0x14
 3614 1b3d 30000000 		.4byte	0x30
 3615 1b41 0F       		.byte	0xf
 3616 1b42 00       		.byte	0
 3617 1b43 13       		.uleb128 0x13
 3618 1b44 F1000000 		.4byte	0xf1
 3619 1b48 531B0000 		.4byte	0x1b53
 3620 1b4c 14       		.uleb128 0x14
 3621 1b4d 30000000 		.4byte	0x30
 3622 1b51 3F       		.byte	0x3f
 3623 1b52 00       		.byte	0
 3624 1b53 06       		.uleb128 0x6
 3625 1b54 431B0000 		.4byte	0x1b43
 3626 1b58 13       		.uleb128 0x13
 3627 1b59 F1000000 		.4byte	0xf1
 3628 1b5d 681B0000 		.4byte	0x1b68
 3629 1b61 14       		.uleb128 0x14
 3630 1b62 30000000 		.4byte	0x30
 3631 1b66 0F       		.byte	0xf
 3632 1b67 00       		.byte	0
 3633 1b68 06       		.uleb128 0x6
 3634 1b69 581B0000 		.4byte	0x1b58
 3635 1b6d 13       		.uleb128 0x13
 3636 1b6e 3E170000 		.4byte	0x173e
 3637 1b72 7D1B0000 		.4byte	0x1b7d
 3638 1b76 14       		.uleb128 0x14
 3639 1b77 30000000 		.4byte	0x30
 3640 1b7b 0F       		.byte	0xf
 3641 1b7c 00       		.byte	0
 3642 1b7d 13       		.uleb128 0x13
 3643 1b7e BC170000 		.4byte	0x17bc
 3644 1b82 8D1B0000 		.4byte	0x1b8d
 3645 1b86 14       		.uleb128 0x14
 3646 1b87 30000000 		.4byte	0x30
 3647 1b8b 0F       		.byte	0xf
 3648 1b8c 00       		.byte	0
ARM GAS  /tmp/ccfgsisC.s 			page 65


 3649 1b8d 13       		.uleb128 0x13
 3650 1b8e F1000000 		.4byte	0xf1
 3651 1b92 9D1B0000 		.4byte	0x1b9d
 3652 1b96 14       		.uleb128 0x14
 3653 1b97 30000000 		.4byte	0x30
 3654 1b9b 7E       		.byte	0x7e
 3655 1b9c 00       		.byte	0
 3656 1b9d 06       		.uleb128 0x6
 3657 1b9e 8D1B0000 		.4byte	0x1b8d
 3658 1ba2 13       		.uleb128 0x13
 3659 1ba3 F1000000 		.4byte	0xf1
 3660 1ba7 B91B0000 		.4byte	0x1bb9
 3661 1bab 14       		.uleb128 0x14
 3662 1bac 30000000 		.4byte	0x30
 3663 1bb0 0F       		.byte	0xf
 3664 1bb1 25       		.uleb128 0x25
 3665 1bb2 30000000 		.4byte	0x30
 3666 1bb6 FF03     		.2byte	0x3ff
 3667 1bb8 00       		.byte	0
 3668 1bb9 06       		.uleb128 0x6
 3669 1bba A21B0000 		.4byte	0x1ba2
 3670 1bbe 03       		.uleb128 0x3
 3671 1bbf AD090000 		.4byte	.LASF377
 3672 1bc3 21       		.byte	0x21
 3673 1bc4 AA       		.byte	0xaa
 3674 1bc5 03       		.byte	0x3
 3675 1bc6 C8170000 		.4byte	0x17c8
 3676 1bca 16       		.uleb128 0x16
 3677 1bcb 0C       		.byte	0xc
 3678 1bcc 20       		.byte	0x20
 3679 1bcd 0401     		.2byte	0x104
 3680 1bcf 09       		.byte	0x9
 3681 1bd0 FF1B0000 		.4byte	0x1bff
 3682 1bd4 0B       		.uleb128 0xb
 3683 1bd5 76000000 		.4byte	.LASF378
 3684 1bd9 20       		.byte	0x20
 3685 1bda 0501     		.2byte	0x105
 3686 1bdc 21       		.byte	0x21
 3687 1bdd E5000000 		.4byte	0xe5
 3688 1be1 00       		.byte	0
 3689 1be2 0B       		.uleb128 0xb
 3690 1be3 1C0B0000 		.4byte	.LASF379
 3691 1be7 20       		.byte	0x20
 3692 1be8 0601     		.2byte	0x106
 3693 1bea 21       		.byte	0x21
 3694 1beb E5000000 		.4byte	0xe5
 3695 1bef 04       		.byte	0x4
 3696 1bf0 0B       		.uleb128 0xb
 3697 1bf1 45070000 		.4byte	.LASF380
 3698 1bf5 20       		.byte	0x20
 3699 1bf6 0701     		.2byte	0x107
 3700 1bf8 21       		.byte	0x21
 3701 1bf9 E5000000 		.4byte	0xe5
 3702 1bfd 08       		.byte	0x8
 3703 1bfe 00       		.byte	0
 3704 1bff 17       		.uleb128 0x17
 3705 1c00 8B050000 		.4byte	.LASF381
ARM GAS  /tmp/ccfgsisC.s 			page 66


 3706 1c04 20       		.byte	0x20
 3707 1c05 0801     		.2byte	0x108
 3708 1c07 03       		.byte	0x3
 3709 1c08 CA1B0000 		.4byte	0x1bca
 3710 1c0c 05       		.uleb128 0x5
 3711 1c0d FF1B0000 		.4byte	0x1bff
 3712 1c11 16       		.uleb128 0x16
 3713 1c12 10       		.byte	0x10
 3714 1c13 20       		.byte	0x20
 3715 1c14 0D01     		.2byte	0x10d
 3716 1c16 09       		.byte	0x9
 3717 1c17 541C0000 		.4byte	0x1c54
 3718 1c1b 0B       		.uleb128 0xb
 3719 1c1c 93070000 		.4byte	.LASF382
 3720 1c20 20       		.byte	0x20
 3721 1c21 1101     		.2byte	0x111
 3722 1c23 21       		.byte	0x21
 3723 1c24 24000000 		.4byte	0x24
 3724 1c28 00       		.byte	0
 3725 1c29 0B       		.uleb128 0xb
 3726 1c2a 22060000 		.4byte	.LASF383
 3727 1c2e 20       		.byte	0x20
 3728 1c2f 1501     		.2byte	0x115
 3729 1c31 21       		.byte	0x21
 3730 1c32 24000000 		.4byte	0x24
 3731 1c36 04       		.byte	0x4
 3732 1c37 0B       		.uleb128 0xb
 3733 1c38 57020000 		.4byte	.LASF384
 3734 1c3c 20       		.byte	0x20
 3735 1c3d 1901     		.2byte	0x119
 3736 1c3f 22       		.byte	0x22
 3737 1c40 2A0D0000 		.4byte	0xd2a
 3738 1c44 08       		.byte	0x8
 3739 1c45 0B       		.uleb128 0xb
 3740 1c46 180E0000 		.4byte	.LASF385
 3741 1c4a 20       		.byte	0x20
 3742 1c4b 2401     		.2byte	0x124
 3743 1c4d 21       		.byte	0x21
 3744 1c4e 24000000 		.4byte	0x24
 3745 1c52 0C       		.byte	0xc
 3746 1c53 00       		.byte	0
 3747 1c54 17       		.uleb128 0x17
 3748 1c55 F4040000 		.4byte	.LASF386
 3749 1c59 20       		.byte	0x20
 3750 1c5a 2501     		.2byte	0x125
 3751 1c5c 03       		.byte	0x3
 3752 1c5d 111C0000 		.4byte	0x1c11
 3753 1c61 16       		.uleb128 0x16
 3754 1c62 10       		.byte	0x10
 3755 1c63 20       		.byte	0x20
 3756 1c64 2A01     		.2byte	0x12a
 3757 1c66 09       		.byte	0x9
 3758 1c67 A41C0000 		.4byte	0x1ca4
 3759 1c6b 0B       		.uleb128 0xb
 3760 1c6c 14030000 		.4byte	.LASF387
 3761 1c70 20       		.byte	0x20
 3762 1c71 2E01     		.2byte	0x12e
ARM GAS  /tmp/ccfgsisC.s 			page 67


 3763 1c73 21       		.byte	0x21
 3764 1c74 24000000 		.4byte	0x24
 3765 1c78 00       		.byte	0
 3766 1c79 0B       		.uleb128 0xb
 3767 1c7a 8A0A0000 		.4byte	.LASF388
 3768 1c7e 20       		.byte	0x20
 3769 1c7f 3201     		.2byte	0x132
 3770 1c81 21       		.byte	0x21
 3771 1c82 24000000 		.4byte	0x24
 3772 1c86 04       		.byte	0x4
 3773 1c87 0B       		.uleb128 0xb
 3774 1c88 3A080000 		.4byte	.LASF240
 3775 1c8c 20       		.byte	0x20
 3776 1c8d 3601     		.2byte	0x136
 3777 1c8f 22       		.byte	0x22
 3778 1c90 A9090000 		.4byte	0x9a9
 3779 1c94 08       		.byte	0x8
 3780 1c95 0B       		.uleb128 0xb
 3781 1c96 180E0000 		.4byte	.LASF385
 3782 1c9a 20       		.byte	0x20
 3783 1c9b 4101     		.2byte	0x141
 3784 1c9d 21       		.byte	0x21
 3785 1c9e 24000000 		.4byte	0x24
 3786 1ca2 0C       		.byte	0xc
 3787 1ca3 00       		.byte	0
 3788 1ca4 17       		.uleb128 0x17
 3789 1ca5 990B0000 		.4byte	.LASF389
 3790 1ca9 20       		.byte	0x20
 3791 1caa 4201     		.2byte	0x142
 3792 1cac 03       		.byte	0x3
 3793 1cad 611C0000 		.4byte	0x1c61
 3794 1cb1 16       		.uleb128 0x16
 3795 1cb2 24       		.byte	0x24
 3796 1cb3 20       		.byte	0x20
 3797 1cb4 4801     		.2byte	0x148
 3798 1cb6 09       		.byte	0x9
 3799 1cb7 481D0000 		.4byte	0x1d48
 3800 1cbb 0B       		.uleb128 0xb
 3801 1cbc 1D010000 		.4byte	.LASF390
 3802 1cc0 20       		.byte	0x20
 3803 1cc1 4C01     		.2byte	0x14c
 3804 1cc3 21       		.byte	0x21
 3805 1cc4 E5000000 		.4byte	0xe5
 3806 1cc8 00       		.byte	0
 3807 1cc9 0B       		.uleb128 0xb
 3808 1cca 53040000 		.4byte	.LASF391
 3809 1cce 20       		.byte	0x20
 3810 1ccf 5701     		.2byte	0x157
 3811 1cd1 21       		.byte	0x21
 3812 1cd2 AF150000 		.4byte	0x15af
 3813 1cd6 04       		.byte	0x4
 3814 1cd7 0B       		.uleb128 0xb
 3815 1cd8 75040000 		.4byte	.LASF392
 3816 1cdc 20       		.byte	0x20
 3817 1cdd 5C01     		.2byte	0x15c
 3818 1cdf 21       		.byte	0x21
 3819 1ce0 AF150000 		.4byte	0x15af
ARM GAS  /tmp/ccfgsisC.s 			page 68


 3820 1ce4 08       		.byte	0x8
 3821 1ce5 0B       		.uleb128 0xb
 3822 1ce6 600A0000 		.4byte	.LASF393
 3823 1cea 20       		.byte	0x20
 3824 1ceb 6101     		.2byte	0x161
 3825 1ced 21       		.byte	0x21
 3826 1cee AF150000 		.4byte	0x15af
 3827 1cf2 0C       		.byte	0xc
 3828 1cf3 0B       		.uleb128 0xb
 3829 1cf4 900A0000 		.4byte	.LASF394
 3830 1cf8 20       		.byte	0x20
 3831 1cf9 6601     		.2byte	0x166
 3832 1cfb 21       		.byte	0x21
 3833 1cfc C3000000 		.4byte	0xc3
 3834 1d00 10       		.byte	0x10
 3835 1d01 0B       		.uleb128 0xb
 3836 1d02 020D0000 		.4byte	.LASF395
 3837 1d06 20       		.byte	0x20
 3838 1d07 6B01     		.2byte	0x16b
 3839 1d09 21       		.byte	0x21
 3840 1d0a C3000000 		.4byte	0xc3
 3841 1d0e 12       		.byte	0x12
 3842 1d0f 0B       		.uleb128 0xb
 3843 1d10 46080000 		.4byte	.LASF396
 3844 1d14 20       		.byte	0x20
 3845 1d15 7101     		.2byte	0x171
 3846 1d17 22       		.byte	0x22
 3847 1d18 481D0000 		.4byte	0x1d48
 3848 1d1c 14       		.byte	0x14
 3849 1d1d 0B       		.uleb128 0xb
 3850 1d1e D10A0000 		.4byte	.LASF397
 3851 1d22 20       		.byte	0x20
 3852 1d23 7701     		.2byte	0x177
 3853 1d25 22       		.byte	0x22
 3854 1d26 4E1D0000 		.4byte	0x1d4e
 3855 1d2a 18       		.byte	0x18
 3856 1d2b 0B       		.uleb128 0xb
 3857 1d2c 1A070000 		.4byte	.LASF398
 3858 1d30 20       		.byte	0x20
 3859 1d31 7E01     		.2byte	0x17e
 3860 1d33 21       		.byte	0x21
 3861 1d34 C3000000 		.4byte	0xc3
 3862 1d38 1C       		.byte	0x1c
 3863 1d39 0B       		.uleb128 0xb
 3864 1d3a B9090000 		.4byte	.LASF399
 3865 1d3e 20       		.byte	0x20
 3866 1d3f 8401     		.2byte	0x184
 3867 1d41 22       		.byte	0x22
 3868 1d42 A9090000 		.4byte	0x9a9
 3869 1d46 20       		.byte	0x20
 3870 1d47 00       		.byte	0
 3871 1d48 0C       		.uleb128 0xc
 3872 1d49 04       		.byte	0x4
 3873 1d4a 541C0000 		.4byte	0x1c54
 3874 1d4e 0C       		.uleb128 0xc
 3875 1d4f 04       		.byte	0x4
 3876 1d50 A41C0000 		.4byte	0x1ca4
ARM GAS  /tmp/ccfgsisC.s 			page 69


 3877 1d54 17       		.uleb128 0x17
 3878 1d55 4F0D0000 		.4byte	.LASF400
 3879 1d59 20       		.byte	0x20
 3880 1d5a 8501     		.2byte	0x185
 3881 1d5c 03       		.byte	0x3
 3882 1d5d B11C0000 		.4byte	0x1cb1
 3883 1d61 05       		.uleb128 0x5
 3884 1d62 541D0000 		.4byte	0x1d54
 3885 1d66 16       		.uleb128 0x16
 3886 1d67 10       		.byte	0x10
 3887 1d68 20       		.byte	0x20
 3888 1d69 8A01     		.2byte	0x18a
 3889 1d6b 09       		.byte	0x9
 3890 1d6c A91D0000 		.4byte	0x1da9
 3891 1d70 0B       		.uleb128 0xb
 3892 1d71 79080000 		.4byte	.LASF401
 3893 1d75 20       		.byte	0x20
 3894 1d76 8F01     		.2byte	0x18f
 3895 1d78 21       		.byte	0x21
 3896 1d79 D2150000 		.4byte	0x15d2
 3897 1d7d 00       		.byte	0
 3898 1d7e 0B       		.uleb128 0xb
 3899 1d7f EF100000 		.4byte	.LASF402
 3900 1d83 20       		.byte	0x20
 3901 1d84 9401     		.2byte	0x194
 3902 1d86 21       		.byte	0x21
 3903 1d87 17160000 		.4byte	0x1617
 3904 1d8b 04       		.byte	0x4
 3905 1d8c 0B       		.uleb128 0xb
 3906 1d8d AB030000 		.4byte	.LASF403
 3907 1d91 20       		.byte	0x20
 3908 1d92 9A01     		.2byte	0x19a
 3909 1d94 21       		.byte	0x21
 3910 1d95 F5150000 		.4byte	0x15f5
 3911 1d99 08       		.byte	0x8
 3912 1d9a 0B       		.uleb128 0xb
 3913 1d9b BE110000 		.4byte	.LASF404
 3914 1d9f 20       		.byte	0x20
 3915 1da0 9E01     		.2byte	0x19e
 3916 1da2 21       		.byte	0x21
 3917 1da3 8B150000 		.4byte	0x158b
 3918 1da7 0C       		.byte	0xc
 3919 1da8 00       		.byte	0
 3920 1da9 17       		.uleb128 0x17
 3921 1daa 8C090000 		.4byte	.LASF405
 3922 1dae 20       		.byte	0x20
 3923 1daf A001     		.2byte	0x1a0
 3924 1db1 03       		.byte	0x3
 3925 1db2 661D0000 		.4byte	0x1d66
 3926 1db6 05       		.uleb128 0x5
 3927 1db7 A91D0000 		.4byte	0x1da9
 3928 1dbb 0C       		.uleb128 0xc
 3929 1dbc 04       		.byte	0x4
 3930 1dbd B61D0000 		.4byte	0x1db6
 3931 1dc1 13       		.uleb128 0x13
 3932 1dc2 D11D0000 		.4byte	0x1dd1
 3933 1dc6 D11D0000 		.4byte	0x1dd1
ARM GAS  /tmp/ccfgsisC.s 			page 70


 3934 1dca 14       		.uleb128 0x14
 3935 1dcb 30000000 		.4byte	0x30
 3936 1dcf 03       		.byte	0x3
 3937 1dd0 00       		.byte	0
 3938 1dd1 0C       		.uleb128 0xc
 3939 1dd2 04       		.byte	0x4
 3940 1dd3 611D0000 		.4byte	0x1d61
 3941 1dd7 13       		.uleb128 0x13
 3942 1dd8 61030000 		.4byte	0x361
 3943 1ddc E71D0000 		.4byte	0x1de7
 3944 1de0 14       		.uleb128 0x14
 3945 1de1 30000000 		.4byte	0x30
 3946 1de5 02       		.byte	0x2
 3947 1de6 00       		.byte	0
 3948 1de7 13       		.uleb128 0x13
 3949 1de8 B2000000 		.4byte	0xb2
 3950 1dec F71D0000 		.4byte	0x1df7
 3951 1df0 14       		.uleb128 0x14
 3952 1df1 30000000 		.4byte	0x30
 3953 1df5 07       		.byte	0x7
 3954 1df6 00       		.byte	0
 3955 1df7 0C       		.uleb128 0xc
 3956 1df8 04       		.byte	0x4
 3957 1df9 BE1B0000 		.4byte	0x1bbe
 3958 1dfd 0C       		.uleb128 0xc
 3959 1dfe 04       		.byte	0x4
 3960 1dff 0C1C0000 		.4byte	0x1c0c
 3961 1e03 11       		.uleb128 0x11
 3962 1e04 490D0000 		.4byte	.LASF406
 3963 1e08 20       		.byte	0x20
 3964 1e09 3A02     		.2byte	0x23a
 3965 1e0b 12       		.byte	0x12
 3966 1e0c 50130000 		.4byte	0x1350
 3967 1e10 26       		.uleb128 0x26
 3968 1e11 110F0000 		.4byte	.LASF408
 3969 1e15 22       		.byte	0x22
 3970 1e16 94       		.byte	0x94
 3971 1e17 06       		.byte	0x6
 3972 1e18 4C1E0000 		.4byte	0x1e4c
 3973 1e1c 27       		.uleb128 0x27
 3974 1e1d 03070000 		.4byte	.LASF407
 3975 1e21 22       		.byte	0x22
 3976 1e22 94       		.byte	0x94
 3977 1e23 23       		.byte	0x23
 3978 1e24 620E0000 		.4byte	0xe62
 3979 1e28 28       		.uleb128 0x28
 3980 1e29 636200   		.ascii	"cb\000"
 3981 1e2c 22       		.byte	0x22
 3982 1e2d 94       		.byte	0x94
 3983 1e2e 37       		.byte	0x37
 3984 1e2f 300D0000 		.4byte	0xd30
 3985 1e33 28       		.uleb128 0x28
 3986 1e34 61726700 		.ascii	"arg\000"
 3987 1e38 22       		.byte	0x22
 3988 1e39 94       		.byte	0x94
 3989 1e3a 41       		.byte	0x41
 3990 1e3b 61030000 		.4byte	0x361
ARM GAS  /tmp/ccfgsisC.s 			page 71


 3991 1e3f 29       		.uleb128 0x29
 3992 1e40 70657000 		.ascii	"pep\000"
 3993 1e44 22       		.byte	0x22
 3994 1e45 96       		.byte	0x96
 3995 1e46 0F       		.byte	0xf
 3996 1e47 4C1E0000 		.4byte	0x1e4c
 3997 1e4b 00       		.byte	0
 3998 1e4c 0C       		.uleb128 0xc
 3999 1e4d 04       		.byte	0x4
 4000 1e4e 5F0D0000 		.4byte	0xd5f
 4001 1e52 26       		.uleb128 0x26
 4002 1e53 690C0000 		.4byte	.LASF409
 4003 1e57 22       		.byte	0x22
 4004 1e58 83       		.byte	0x83
 4005 1e59 06       		.byte	0x6
 4006 1e5a 9A1E0000 		.4byte	0x1e9a
 4007 1e5e 27       		.uleb128 0x27
 4008 1e5f DB0D0000 		.4byte	.LASF410
 4009 1e63 22       		.byte	0x22
 4010 1e64 83       		.byte	0x83
 4011 1e65 24       		.byte	0x24
 4012 1e66 6E0E0000 		.4byte	0xe6e
 4013 1e6a 28       		.uleb128 0x28
 4014 1e6b 70616400 		.ascii	"pad\000"
 4015 1e6f 22       		.byte	0x22
 4016 1e70 83       		.byte	0x83
 4017 1e71 34       		.byte	0x34
 4018 1e72 800E0000 		.4byte	0xe80
 4019 1e76 28       		.uleb128 0x28
 4020 1e77 636200   		.ascii	"cb\000"
 4021 1e7a 22       		.byte	0x22
 4022 1e7b 84       		.byte	0x84
 4023 1e7c 27       		.byte	0x27
 4024 1e7d 300D0000 		.4byte	0xd30
 4025 1e81 28       		.uleb128 0x28
 4026 1e82 61726700 		.ascii	"arg\000"
 4027 1e86 22       		.byte	0x22
 4028 1e87 84       		.byte	0x84
 4029 1e88 31       		.byte	0x31
 4030 1e89 61030000 		.4byte	0x361
 4031 1e8d 29       		.uleb128 0x29
 4032 1e8e 70657000 		.ascii	"pep\000"
 4033 1e92 22       		.byte	0x22
 4034 1e93 86       		.byte	0x86
 4035 1e94 0F       		.byte	0xf
 4036 1e95 4C1E0000 		.4byte	0x1e4c
 4037 1e99 00       		.byte	0
 4038 1e9a 26       		.uleb128 0x26
 4039 1e9b DC110000 		.4byte	.LASF411
 4040 1e9f 22       		.byte	0x22
 4041 1ea0 71       		.byte	0x71
 4042 1ea1 06       		.byte	0x6
 4043 1ea2 C81E0000 		.4byte	0x1ec8
 4044 1ea6 28       		.uleb128 0x28
 4045 1ea7 62757300 		.ascii	"bus\000"
 4046 1eab 22       		.byte	0x22
 4047 1eac 71       		.byte	0x71
ARM GAS  /tmp/ccfgsisC.s 			page 72


 4048 1ead 21       		.byte	0x21
 4049 1eae C81E0000 		.4byte	0x1ec8
 4050 1eb2 27       		.uleb128 0x27
 4051 1eb3 290E0000 		.4byte	.LASF209
 4052 1eb7 22       		.byte	0x22
 4053 1eb8 71       		.byte	0x71
 4054 1eb9 2F       		.byte	0x2f
 4055 1eba 560E0000 		.4byte	0xe56
 4056 1ebe 2A       		.uleb128 0x2a
 4057 1ebf DB000000 		.4byte	.LASF414
 4058 1ec3 DE1E0000 		.4byte	0x1ede
 4059 1ec7 00       		.byte	0
 4060 1ec8 0C       		.uleb128 0xc
 4061 1ec9 04       		.byte	0x4
 4062 1eca E60E0000 		.4byte	0xee6
 4063 1ece 13       		.uleb128 0x13
 4064 1ecf F0070000 		.4byte	0x7f0
 4065 1ed3 DE1E0000 		.4byte	0x1ede
 4066 1ed7 14       		.uleb128 0x14
 4067 1ed8 30000000 		.4byte	0x30
 4068 1edc 0D       		.byte	0xd
 4069 1edd 00       		.byte	0
 4070 1ede 05       		.uleb128 0x5
 4071 1edf CE1E0000 		.4byte	0x1ece
 4072 1ee3 26       		.uleb128 0x26
 4073 1ee4 96100000 		.4byte	.LASF412
 4074 1ee8 22       		.byte	0x22
 4075 1ee9 5A       		.byte	0x5a
 4076 1eea 06       		.byte	0x6
 4077 1eeb 1D1F0000 		.4byte	0x1f1d
 4078 1eef 28       		.uleb128 0x28
 4079 1ef0 62757300 		.ascii	"bus\000"
 4080 1ef4 22       		.byte	0x22
 4081 1ef5 5A       		.byte	0x5a
 4082 1ef6 1F       		.byte	0x1f
 4083 1ef7 C81E0000 		.4byte	0x1ec8
 4084 1efb 27       		.uleb128 0x27
 4085 1efc 290A0000 		.4byte	.LASF413
 4086 1f00 22       		.byte	0x22
 4087 1f01 5A       		.byte	0x5a
 4088 1f02 31       		.byte	0x31
 4089 1f03 4A0E0000 		.4byte	0xe4a
 4090 1f07 2A       		.uleb128 0x2a
 4091 1f08 DB000000 		.4byte	.LASF414
 4092 1f0c 2D1F0000 		.4byte	0x1f2d
 4093 1f10 2B       		.uleb128 0x2b
 4094 1f11 29       		.uleb128 0x29
 4095 1f12 7700     		.ascii	"w\000"
 4096 1f14 22       		.byte	0x22
 4097 1f15 5E       		.byte	0x5e
 4098 1f16 03       		.byte	0x3
 4099 1f17 E5000000 		.4byte	0xe5
 4100 1f1b 00       		.byte	0
 4101 1f1c 00       		.byte	0
 4102 1f1d 13       		.uleb128 0x13
 4103 1f1e F0070000 		.4byte	0x7f0
 4104 1f22 2D1F0000 		.4byte	0x1f2d
ARM GAS  /tmp/ccfgsisC.s 			page 73


 4105 1f26 14       		.uleb128 0x14
 4106 1f27 30000000 		.4byte	0x30
 4107 1f2b 0B       		.byte	0xb
 4108 1f2c 00       		.byte	0
 4109 1f2d 05       		.uleb128 0x5
 4110 1f2e 1D1F0000 		.4byte	0x1f1d
 4111 1f32 2C       		.uleb128 0x2c
 4112 1f33 650E0000 		.4byte	.LASF418
 4113 1f37 22       		.byte	0x22
 4114 1f38 41       		.byte	0x41
 4115 1f39 0E       		.byte	0xe
 4116 1f3a 4A0E0000 		.4byte	0xe4a
 4117 1f3e 581F0000 		.4byte	0x1f58
 4118 1f42 28       		.uleb128 0x28
 4119 1f43 62757300 		.ascii	"bus\000"
 4120 1f47 22       		.byte	0x22
 4121 1f48 41       		.byte	0x41
 4122 1f49 26       		.byte	0x26
 4123 1f4a C81E0000 		.4byte	0x1ec8
 4124 1f4e 2A       		.uleb128 0x2a
 4125 1f4f DB000000 		.4byte	.LASF414
 4126 1f53 681F0000 		.4byte	0x1f68
 4127 1f57 00       		.byte	0
 4128 1f58 13       		.uleb128 0x13
 4129 1f59 F0070000 		.4byte	0x7f0
 4130 1f5d 681F0000 		.4byte	0x1f68
 4131 1f61 14       		.uleb128 0x14
 4132 1f62 30000000 		.4byte	0x30
 4133 1f66 0A       		.byte	0xa
 4134 1f67 00       		.byte	0
 4135 1f68 05       		.uleb128 0x5
 4136 1f69 581F0000 		.4byte	0x1f58
 4137 1f6d 00       		.byte	0
 4138              		.section	.gnu.debuglto_.debug_abbrev,"e",%progbits
 4139              	.Ldebug_abbrev0:
 4140 0000 01       		.uleb128 0x1
 4141 0001 11       		.uleb128 0x11
 4142 0002 01       		.byte	0x1
 4143 0003 25       		.uleb128 0x25
 4144 0004 0E       		.uleb128 0xe
 4145 0005 13       		.uleb128 0x13
 4146 0006 0B       		.uleb128 0xb
 4147 0007 03       		.uleb128 0x3
 4148 0008 0E       		.uleb128 0xe
 4149 0009 1B       		.uleb128 0x1b
 4150 000a 0E       		.uleb128 0xe
 4151 000b 10       		.uleb128 0x10
 4152 000c 17       		.uleb128 0x17
 4153 000d 00       		.byte	0
 4154 000e 00       		.byte	0
 4155 000f 02       		.uleb128 0x2
 4156 0010 24       		.uleb128 0x24
 4157 0011 00       		.byte	0
 4158 0012 0B       		.uleb128 0xb
 4159 0013 0B       		.uleb128 0xb
 4160 0014 3E       		.uleb128 0x3e
 4161 0015 0B       		.uleb128 0xb
ARM GAS  /tmp/ccfgsisC.s 			page 74


 4162 0016 03       		.uleb128 0x3
 4163 0017 08       		.uleb128 0x8
 4164 0018 00       		.byte	0
 4165 0019 00       		.byte	0
 4166 001a 03       		.uleb128 0x3
 4167 001b 16       		.uleb128 0x16
 4168 001c 00       		.byte	0
 4169 001d 03       		.uleb128 0x3
 4170 001e 0E       		.uleb128 0xe
 4171 001f 3A       		.uleb128 0x3a
 4172 0020 0B       		.uleb128 0xb
 4173 0021 3B       		.uleb128 0x3b
 4174 0022 0B       		.uleb128 0xb
 4175 0023 39       		.uleb128 0x39
 4176 0024 0B       		.uleb128 0xb
 4177 0025 49       		.uleb128 0x49
 4178 0026 13       		.uleb128 0x13
 4179 0027 00       		.byte	0
 4180 0028 00       		.byte	0
 4181 0029 04       		.uleb128 0x4
 4182 002a 24       		.uleb128 0x24
 4183 002b 00       		.byte	0
 4184 002c 0B       		.uleb128 0xb
 4185 002d 0B       		.uleb128 0xb
 4186 002e 3E       		.uleb128 0x3e
 4187 002f 0B       		.uleb128 0xb
 4188 0030 03       		.uleb128 0x3
 4189 0031 0E       		.uleb128 0xe
 4190 0032 00       		.byte	0
 4191 0033 00       		.byte	0
 4192 0034 05       		.uleb128 0x5
 4193 0035 26       		.uleb128 0x26
 4194 0036 00       		.byte	0
 4195 0037 49       		.uleb128 0x49
 4196 0038 13       		.uleb128 0x13
 4197 0039 00       		.byte	0
 4198 003a 00       		.byte	0
 4199 003b 06       		.uleb128 0x6
 4200 003c 35       		.uleb128 0x35
 4201 003d 00       		.byte	0
 4202 003e 49       		.uleb128 0x49
 4203 003f 13       		.uleb128 0x13
 4204 0040 00       		.byte	0
 4205 0041 00       		.byte	0
 4206 0042 07       		.uleb128 0x7
 4207 0043 13       		.uleb128 0x13
 4208 0044 01       		.byte	0x1
 4209 0045 03       		.uleb128 0x3
 4210 0046 0E       		.uleb128 0xe
 4211 0047 0B       		.uleb128 0xb
 4212 0048 0B       		.uleb128 0xb
 4213 0049 3A       		.uleb128 0x3a
 4214 004a 0B       		.uleb128 0xb
 4215 004b 3B       		.uleb128 0x3b
 4216 004c 0B       		.uleb128 0xb
 4217 004d 39       		.uleb128 0x39
 4218 004e 0B       		.uleb128 0xb
ARM GAS  /tmp/ccfgsisC.s 			page 75


 4219 004f 01       		.uleb128 0x1
 4220 0050 13       		.uleb128 0x13
 4221 0051 00       		.byte	0
 4222 0052 00       		.byte	0
 4223 0053 08       		.uleb128 0x8
 4224 0054 0D       		.uleb128 0xd
 4225 0055 00       		.byte	0
 4226 0056 03       		.uleb128 0x3
 4227 0057 0E       		.uleb128 0xe
 4228 0058 3A       		.uleb128 0x3a
 4229 0059 0B       		.uleb128 0xb
 4230 005a 3B       		.uleb128 0x3b
 4231 005b 0B       		.uleb128 0xb
 4232 005c 39       		.uleb128 0x39
 4233 005d 0B       		.uleb128 0xb
 4234 005e 49       		.uleb128 0x49
 4235 005f 13       		.uleb128 0x13
 4236 0060 38       		.uleb128 0x38
 4237 0061 0B       		.uleb128 0xb
 4238 0062 00       		.byte	0
 4239 0063 00       		.byte	0
 4240 0064 09       		.uleb128 0x9
 4241 0065 0D       		.uleb128 0xd
 4242 0066 00       		.byte	0
 4243 0067 03       		.uleb128 0x3
 4244 0068 08       		.uleb128 0x8
 4245 0069 3A       		.uleb128 0x3a
 4246 006a 0B       		.uleb128 0xb
 4247 006b 3B       		.uleb128 0x3b
 4248 006c 0B       		.uleb128 0xb
 4249 006d 39       		.uleb128 0x39
 4250 006e 0B       		.uleb128 0xb
 4251 006f 49       		.uleb128 0x49
 4252 0070 13       		.uleb128 0x13
 4253 0071 38       		.uleb128 0x38
 4254 0072 0B       		.uleb128 0xb
 4255 0073 00       		.byte	0
 4256 0074 00       		.byte	0
 4257 0075 0A       		.uleb128 0xa
 4258 0076 0D       		.uleb128 0xd
 4259 0077 00       		.byte	0
 4260 0078 03       		.uleb128 0x3
 4261 0079 08       		.uleb128 0x8
 4262 007a 3A       		.uleb128 0x3a
 4263 007b 0B       		.uleb128 0xb
 4264 007c 3B       		.uleb128 0x3b
 4265 007d 05       		.uleb128 0x5
 4266 007e 39       		.uleb128 0x39
 4267 007f 0B       		.uleb128 0xb
 4268 0080 49       		.uleb128 0x49
 4269 0081 13       		.uleb128 0x13
 4270 0082 38       		.uleb128 0x38
 4271 0083 0B       		.uleb128 0xb
 4272 0084 00       		.byte	0
 4273 0085 00       		.byte	0
 4274 0086 0B       		.uleb128 0xb
 4275 0087 0D       		.uleb128 0xd
ARM GAS  /tmp/ccfgsisC.s 			page 76


 4276 0088 00       		.byte	0
 4277 0089 03       		.uleb128 0x3
 4278 008a 0E       		.uleb128 0xe
 4279 008b 3A       		.uleb128 0x3a
 4280 008c 0B       		.uleb128 0xb
 4281 008d 3B       		.uleb128 0x3b
 4282 008e 05       		.uleb128 0x5
 4283 008f 39       		.uleb128 0x39
 4284 0090 0B       		.uleb128 0xb
 4285 0091 49       		.uleb128 0x49
 4286 0092 13       		.uleb128 0x13
 4287 0093 38       		.uleb128 0x38
 4288 0094 0B       		.uleb128 0xb
 4289 0095 00       		.byte	0
 4290 0096 00       		.byte	0
 4291 0097 0C       		.uleb128 0xc
 4292 0098 0F       		.uleb128 0xf
 4293 0099 00       		.byte	0
 4294 009a 0B       		.uleb128 0xb
 4295 009b 0B       		.uleb128 0xb
 4296 009c 49       		.uleb128 0x49
 4297 009d 13       		.uleb128 0x13
 4298 009e 00       		.byte	0
 4299 009f 00       		.byte	0
 4300 00a0 0D       		.uleb128 0xd
 4301 00a1 13       		.uleb128 0x13
 4302 00a2 01       		.byte	0x1
 4303 00a3 03       		.uleb128 0x3
 4304 00a4 0E       		.uleb128 0xe
 4305 00a5 0B       		.uleb128 0xb
 4306 00a6 0B       		.uleb128 0xb
 4307 00a7 3A       		.uleb128 0x3a
 4308 00a8 0B       		.uleb128 0xb
 4309 00a9 3B       		.uleb128 0x3b
 4310 00aa 05       		.uleb128 0x5
 4311 00ab 39       		.uleb128 0x39
 4312 00ac 0B       		.uleb128 0xb
 4313 00ad 01       		.uleb128 0x1
 4314 00ae 13       		.uleb128 0x13
 4315 00af 00       		.byte	0
 4316 00b0 00       		.byte	0
 4317 00b1 0E       		.uleb128 0xe
 4318 00b2 15       		.uleb128 0x15
 4319 00b3 01       		.byte	0x1
 4320 00b4 27       		.uleb128 0x27
 4321 00b5 19       		.uleb128 0x19
 4322 00b6 01       		.uleb128 0x1
 4323 00b7 13       		.uleb128 0x13
 4324 00b8 00       		.byte	0
 4325 00b9 00       		.byte	0
 4326 00ba 0F       		.uleb128 0xf
 4327 00bb 05       		.uleb128 0x5
 4328 00bc 00       		.byte	0
 4329 00bd 49       		.uleb128 0x49
 4330 00be 13       		.uleb128 0x13
 4331 00bf 00       		.byte	0
 4332 00c0 00       		.byte	0
ARM GAS  /tmp/ccfgsisC.s 			page 77


 4333 00c1 10       		.uleb128 0x10
 4334 00c2 0F       		.uleb128 0xf
 4335 00c3 00       		.byte	0
 4336 00c4 0B       		.uleb128 0xb
 4337 00c5 0B       		.uleb128 0xb
 4338 00c6 00       		.byte	0
 4339 00c7 00       		.byte	0
 4340 00c8 11       		.uleb128 0x11
 4341 00c9 34       		.uleb128 0x34
 4342 00ca 00       		.byte	0
 4343 00cb 03       		.uleb128 0x3
 4344 00cc 0E       		.uleb128 0xe
 4345 00cd 3A       		.uleb128 0x3a
 4346 00ce 0B       		.uleb128 0xb
 4347 00cf 3B       		.uleb128 0x3b
 4348 00d0 05       		.uleb128 0x5
 4349 00d1 39       		.uleb128 0x39
 4350 00d2 0B       		.uleb128 0xb
 4351 00d3 49       		.uleb128 0x49
 4352 00d4 13       		.uleb128 0x13
 4353 00d5 3F       		.uleb128 0x3f
 4354 00d6 19       		.uleb128 0x19
 4355 00d7 3C       		.uleb128 0x3c
 4356 00d8 19       		.uleb128 0x19
 4357 00d9 00       		.byte	0
 4358 00da 00       		.byte	0
 4359 00db 12       		.uleb128 0x12
 4360 00dc 34       		.uleb128 0x34
 4361 00dd 00       		.byte	0
 4362 00de 03       		.uleb128 0x3
 4363 00df 0E       		.uleb128 0xe
 4364 00e0 3A       		.uleb128 0x3a
 4365 00e1 0B       		.uleb128 0xb
 4366 00e2 3B       		.uleb128 0x3b
 4367 00e3 0B       		.uleb128 0xb
 4368 00e4 39       		.uleb128 0x39
 4369 00e5 0B       		.uleb128 0xb
 4370 00e6 49       		.uleb128 0x49
 4371 00e7 13       		.uleb128 0x13
 4372 00e8 3F       		.uleb128 0x3f
 4373 00e9 19       		.uleb128 0x19
 4374 00ea 3C       		.uleb128 0x3c
 4375 00eb 19       		.uleb128 0x19
 4376 00ec 00       		.byte	0
 4377 00ed 00       		.byte	0
 4378 00ee 13       		.uleb128 0x13
 4379 00ef 01       		.uleb128 0x1
 4380 00f0 01       		.byte	0x1
 4381 00f1 49       		.uleb128 0x49
 4382 00f2 13       		.uleb128 0x13
 4383 00f3 01       		.uleb128 0x1
 4384 00f4 13       		.uleb128 0x13
 4385 00f5 00       		.byte	0
 4386 00f6 00       		.byte	0
 4387 00f7 14       		.uleb128 0x14
 4388 00f8 21       		.uleb128 0x21
 4389 00f9 00       		.byte	0
ARM GAS  /tmp/ccfgsisC.s 			page 78


 4390 00fa 49       		.uleb128 0x49
 4391 00fb 13       		.uleb128 0x13
 4392 00fc 2F       		.uleb128 0x2f
 4393 00fd 0B       		.uleb128 0xb
 4394 00fe 00       		.byte	0
 4395 00ff 00       		.byte	0
 4396 0100 15       		.uleb128 0x15
 4397 0101 13       		.uleb128 0x13
 4398 0102 01       		.byte	0x1
 4399 0103 0B       		.uleb128 0xb
 4400 0104 0B       		.uleb128 0xb
 4401 0105 3A       		.uleb128 0x3a
 4402 0106 0B       		.uleb128 0xb
 4403 0107 3B       		.uleb128 0x3b
 4404 0108 0B       		.uleb128 0xb
 4405 0109 39       		.uleb128 0x39
 4406 010a 0B       		.uleb128 0xb
 4407 010b 01       		.uleb128 0x1
 4408 010c 13       		.uleb128 0x13
 4409 010d 00       		.byte	0
 4410 010e 00       		.byte	0
 4411 010f 16       		.uleb128 0x16
 4412 0110 13       		.uleb128 0x13
 4413 0111 01       		.byte	0x1
 4414 0112 0B       		.uleb128 0xb
 4415 0113 0B       		.uleb128 0xb
 4416 0114 3A       		.uleb128 0x3a
 4417 0115 0B       		.uleb128 0xb
 4418 0116 3B       		.uleb128 0x3b
 4419 0117 05       		.uleb128 0x5
 4420 0118 39       		.uleb128 0x39
 4421 0119 0B       		.uleb128 0xb
 4422 011a 01       		.uleb128 0x1
 4423 011b 13       		.uleb128 0x13
 4424 011c 00       		.byte	0
 4425 011d 00       		.byte	0
 4426 011e 17       		.uleb128 0x17
 4427 011f 16       		.uleb128 0x16
 4428 0120 00       		.byte	0
 4429 0121 03       		.uleb128 0x3
 4430 0122 0E       		.uleb128 0xe
 4431 0123 3A       		.uleb128 0x3a
 4432 0124 0B       		.uleb128 0xb
 4433 0125 3B       		.uleb128 0x3b
 4434 0126 05       		.uleb128 0x5
 4435 0127 39       		.uleb128 0x39
 4436 0128 0B       		.uleb128 0xb
 4437 0129 49       		.uleb128 0x49
 4438 012a 13       		.uleb128 0x13
 4439 012b 00       		.byte	0
 4440 012c 00       		.byte	0
 4441 012d 18       		.uleb128 0x18
 4442 012e 17       		.uleb128 0x17
 4443 012f 01       		.byte	0x1
 4444 0130 0B       		.uleb128 0xb
 4445 0131 0B       		.uleb128 0xb
 4446 0132 3A       		.uleb128 0x3a
ARM GAS  /tmp/ccfgsisC.s 			page 79


 4447 0133 0B       		.uleb128 0xb
 4448 0134 3B       		.uleb128 0x3b
 4449 0135 0B       		.uleb128 0xb
 4450 0136 39       		.uleb128 0x39
 4451 0137 0B       		.uleb128 0xb
 4452 0138 01       		.uleb128 0x1
 4453 0139 13       		.uleb128 0x13
 4454 013a 00       		.byte	0
 4455 013b 00       		.byte	0
 4456 013c 19       		.uleb128 0x19
 4457 013d 0D       		.uleb128 0xd
 4458 013e 00       		.byte	0
 4459 013f 03       		.uleb128 0x3
 4460 0140 0E       		.uleb128 0xe
 4461 0141 3A       		.uleb128 0x3a
 4462 0142 0B       		.uleb128 0xb
 4463 0143 3B       		.uleb128 0x3b
 4464 0144 0B       		.uleb128 0xb
 4465 0145 39       		.uleb128 0x39
 4466 0146 0B       		.uleb128 0xb
 4467 0147 49       		.uleb128 0x49
 4468 0148 13       		.uleb128 0x13
 4469 0149 00       		.byte	0
 4470 014a 00       		.byte	0
 4471 014b 1A       		.uleb128 0x1a
 4472 014c 0D       		.uleb128 0xd
 4473 014d 00       		.byte	0
 4474 014e 03       		.uleb128 0x3
 4475 014f 0E       		.uleb128 0xe
 4476 0150 3A       		.uleb128 0x3a
 4477 0151 0B       		.uleb128 0xb
 4478 0152 3B       		.uleb128 0x3b
 4479 0153 05       		.uleb128 0x5
 4480 0154 39       		.uleb128 0x39
 4481 0155 0B       		.uleb128 0xb
 4482 0156 49       		.uleb128 0x49
 4483 0157 13       		.uleb128 0x13
 4484 0158 00       		.byte	0
 4485 0159 00       		.byte	0
 4486 015a 1B       		.uleb128 0x1b
 4487 015b 34       		.uleb128 0x34
 4488 015c 00       		.byte	0
 4489 015d 03       		.uleb128 0x3
 4490 015e 08       		.uleb128 0x8
 4491 015f 3A       		.uleb128 0x3a
 4492 0160 0B       		.uleb128 0xb
 4493 0161 3B       		.uleb128 0x3b
 4494 0162 05       		.uleb128 0x5
 4495 0163 39       		.uleb128 0x39
 4496 0164 0B       		.uleb128 0xb
 4497 0165 49       		.uleb128 0x49
 4498 0166 13       		.uleb128 0x13
 4499 0167 3F       		.uleb128 0x3f
 4500 0168 19       		.uleb128 0x19
 4501 0169 3C       		.uleb128 0x3c
 4502 016a 19       		.uleb128 0x19
 4503 016b 00       		.byte	0
ARM GAS  /tmp/ccfgsisC.s 			page 80


 4504 016c 00       		.byte	0
 4505 016d 1C       		.uleb128 0x1c
 4506 016e 21       		.uleb128 0x21
 4507 016f 00       		.byte	0
 4508 0170 00       		.byte	0
 4509 0171 00       		.byte	0
 4510 0172 1D       		.uleb128 0x1d
 4511 0173 15       		.uleb128 0x15
 4512 0174 01       		.byte	0x1
 4513 0175 27       		.uleb128 0x27
 4514 0176 19       		.uleb128 0x19
 4515 0177 49       		.uleb128 0x49
 4516 0178 13       		.uleb128 0x13
 4517 0179 01       		.uleb128 0x1
 4518 017a 13       		.uleb128 0x13
 4519 017b 00       		.byte	0
 4520 017c 00       		.byte	0
 4521 017d 1E       		.uleb128 0x1e
 4522 017e 0D       		.uleb128 0xd
 4523 017f 00       		.byte	0
 4524 0180 03       		.uleb128 0x3
 4525 0181 08       		.uleb128 0x8
 4526 0182 3A       		.uleb128 0x3a
 4527 0183 0B       		.uleb128 0xb
 4528 0184 3B       		.uleb128 0x3b
 4529 0185 0B       		.uleb128 0xb
 4530 0186 39       		.uleb128 0x39
 4531 0187 0B       		.uleb128 0xb
 4532 0188 49       		.uleb128 0x49
 4533 0189 13       		.uleb128 0x13
 4534 018a 00       		.byte	0
 4535 018b 00       		.byte	0
 4536 018c 1F       		.uleb128 0x1f
 4537 018d 04       		.uleb128 0x4
 4538 018e 01       		.byte	0x1
 4539 018f 3E       		.uleb128 0x3e
 4540 0190 0B       		.uleb128 0xb
 4541 0191 0B       		.uleb128 0xb
 4542 0192 0B       		.uleb128 0xb
 4543 0193 49       		.uleb128 0x49
 4544 0194 13       		.uleb128 0x13
 4545 0195 3A       		.uleb128 0x3a
 4546 0196 0B       		.uleb128 0xb
 4547 0197 3B       		.uleb128 0x3b
 4548 0198 0B       		.uleb128 0xb
 4549 0199 39       		.uleb128 0x39
 4550 019a 0B       		.uleb128 0xb
 4551 019b 01       		.uleb128 0x1
 4552 019c 13       		.uleb128 0x13
 4553 019d 00       		.byte	0
 4554 019e 00       		.byte	0
 4555 019f 20       		.uleb128 0x20
 4556 01a0 28       		.uleb128 0x28
 4557 01a1 00       		.byte	0
 4558 01a2 03       		.uleb128 0x3
 4559 01a3 0E       		.uleb128 0xe
 4560 01a4 1C       		.uleb128 0x1c
ARM GAS  /tmp/ccfgsisC.s 			page 81


 4561 01a5 0B       		.uleb128 0xb
 4562 01a6 00       		.byte	0
 4563 01a7 00       		.byte	0
 4564 01a8 21       		.uleb128 0x21
 4565 01a9 04       		.uleb128 0x4
 4566 01aa 01       		.byte	0x1
 4567 01ab 3E       		.uleb128 0x3e
 4568 01ac 0B       		.uleb128 0xb
 4569 01ad 0B       		.uleb128 0xb
 4570 01ae 0B       		.uleb128 0xb
 4571 01af 49       		.uleb128 0x49
 4572 01b0 13       		.uleb128 0x13
 4573 01b1 3A       		.uleb128 0x3a
 4574 01b2 0B       		.uleb128 0xb
 4575 01b3 3B       		.uleb128 0x3b
 4576 01b4 05       		.uleb128 0x5
 4577 01b5 39       		.uleb128 0x39
 4578 01b6 0B       		.uleb128 0xb
 4579 01b7 01       		.uleb128 0x1
 4580 01b8 13       		.uleb128 0x13
 4581 01b9 00       		.byte	0
 4582 01ba 00       		.byte	0
 4583 01bb 22       		.uleb128 0x22
 4584 01bc 13       		.uleb128 0x13
 4585 01bd 01       		.byte	0x1
 4586 01be 0B       		.uleb128 0xb
 4587 01bf 06       		.uleb128 0x6
 4588 01c0 3A       		.uleb128 0x3a
 4589 01c1 0B       		.uleb128 0xb
 4590 01c2 3B       		.uleb128 0x3b
 4591 01c3 0B       		.uleb128 0xb
 4592 01c4 39       		.uleb128 0x39
 4593 01c5 0B       		.uleb128 0xb
 4594 01c6 01       		.uleb128 0x1
 4595 01c7 13       		.uleb128 0x13
 4596 01c8 00       		.byte	0
 4597 01c9 00       		.byte	0
 4598 01ca 23       		.uleb128 0x23
 4599 01cb 0D       		.uleb128 0xd
 4600 01cc 00       		.byte	0
 4601 01cd 03       		.uleb128 0x3
 4602 01ce 0E       		.uleb128 0xe
 4603 01cf 3A       		.uleb128 0x3a
 4604 01d0 0B       		.uleb128 0xb
 4605 01d1 3B       		.uleb128 0x3b
 4606 01d2 0B       		.uleb128 0xb
 4607 01d3 39       		.uleb128 0x39
 4608 01d4 0B       		.uleb128 0xb
 4609 01d5 49       		.uleb128 0x49
 4610 01d6 13       		.uleb128 0x13
 4611 01d7 38       		.uleb128 0x38
 4612 01d8 05       		.uleb128 0x5
 4613 01d9 00       		.byte	0
 4614 01da 00       		.byte	0
 4615 01db 24       		.uleb128 0x24
 4616 01dc 0D       		.uleb128 0xd
 4617 01dd 00       		.byte	0
ARM GAS  /tmp/ccfgsisC.s 			page 82


 4618 01de 03       		.uleb128 0x3
 4619 01df 08       		.uleb128 0x8
 4620 01e0 3A       		.uleb128 0x3a
 4621 01e1 0B       		.uleb128 0xb
 4622 01e2 3B       		.uleb128 0x3b
 4623 01e3 0B       		.uleb128 0xb
 4624 01e4 39       		.uleb128 0x39
 4625 01e5 0B       		.uleb128 0xb
 4626 01e6 49       		.uleb128 0x49
 4627 01e7 13       		.uleb128 0x13
 4628 01e8 38       		.uleb128 0x38
 4629 01e9 05       		.uleb128 0x5
 4630 01ea 00       		.byte	0
 4631 01eb 00       		.byte	0
 4632 01ec 25       		.uleb128 0x25
 4633 01ed 21       		.uleb128 0x21
 4634 01ee 00       		.byte	0
 4635 01ef 49       		.uleb128 0x49
 4636 01f0 13       		.uleb128 0x13
 4637 01f1 2F       		.uleb128 0x2f
 4638 01f2 05       		.uleb128 0x5
 4639 01f3 00       		.byte	0
 4640 01f4 00       		.byte	0
 4641 01f5 26       		.uleb128 0x26
 4642 01f6 2E       		.uleb128 0x2e
 4643 01f7 01       		.byte	0x1
 4644 01f8 3F       		.uleb128 0x3f
 4645 01f9 19       		.uleb128 0x19
 4646 01fa 03       		.uleb128 0x3
 4647 01fb 0E       		.uleb128 0xe
 4648 01fc 3A       		.uleb128 0x3a
 4649 01fd 0B       		.uleb128 0xb
 4650 01fe 3B       		.uleb128 0x3b
 4651 01ff 0B       		.uleb128 0xb
 4652 0200 39       		.uleb128 0x39
 4653 0201 0B       		.uleb128 0xb
 4654 0202 27       		.uleb128 0x27
 4655 0203 19       		.uleb128 0x19
 4656 0204 01       		.uleb128 0x1
 4657 0205 13       		.uleb128 0x13
 4658 0206 00       		.byte	0
 4659 0207 00       		.byte	0
 4660 0208 27       		.uleb128 0x27
 4661 0209 05       		.uleb128 0x5
 4662 020a 00       		.byte	0
 4663 020b 03       		.uleb128 0x3
 4664 020c 0E       		.uleb128 0xe
 4665 020d 3A       		.uleb128 0x3a
 4666 020e 0B       		.uleb128 0xb
 4667 020f 3B       		.uleb128 0x3b
 4668 0210 0B       		.uleb128 0xb
 4669 0211 39       		.uleb128 0x39
 4670 0212 0B       		.uleb128 0xb
 4671 0213 49       		.uleb128 0x49
 4672 0214 13       		.uleb128 0x13
 4673 0215 00       		.byte	0
 4674 0216 00       		.byte	0
ARM GAS  /tmp/ccfgsisC.s 			page 83


 4675 0217 28       		.uleb128 0x28
 4676 0218 05       		.uleb128 0x5
 4677 0219 00       		.byte	0
 4678 021a 03       		.uleb128 0x3
 4679 021b 08       		.uleb128 0x8
 4680 021c 3A       		.uleb128 0x3a
 4681 021d 0B       		.uleb128 0xb
 4682 021e 3B       		.uleb128 0x3b
 4683 021f 0B       		.uleb128 0xb
 4684 0220 39       		.uleb128 0x39
 4685 0221 0B       		.uleb128 0xb
 4686 0222 49       		.uleb128 0x49
 4687 0223 13       		.uleb128 0x13
 4688 0224 00       		.byte	0
 4689 0225 00       		.byte	0
 4690 0226 29       		.uleb128 0x29
 4691 0227 34       		.uleb128 0x34
 4692 0228 00       		.byte	0
 4693 0229 03       		.uleb128 0x3
 4694 022a 08       		.uleb128 0x8
 4695 022b 3A       		.uleb128 0x3a
 4696 022c 0B       		.uleb128 0xb
 4697 022d 3B       		.uleb128 0x3b
 4698 022e 0B       		.uleb128 0xb
 4699 022f 39       		.uleb128 0x39
 4700 0230 0B       		.uleb128 0xb
 4701 0231 49       		.uleb128 0x49
 4702 0232 13       		.uleb128 0x13
 4703 0233 00       		.byte	0
 4704 0234 00       		.byte	0
 4705 0235 2A       		.uleb128 0x2a
 4706 0236 34       		.uleb128 0x34
 4707 0237 00       		.byte	0
 4708 0238 03       		.uleb128 0x3
 4709 0239 0E       		.uleb128 0xe
 4710 023a 49       		.uleb128 0x49
 4711 023b 13       		.uleb128 0x13
 4712 023c 34       		.uleb128 0x34
 4713 023d 19       		.uleb128 0x19
 4714 023e 00       		.byte	0
 4715 023f 00       		.byte	0
 4716 0240 2B       		.uleb128 0x2b
 4717 0241 0B       		.uleb128 0xb
 4718 0242 01       		.byte	0x1
 4719 0243 00       		.byte	0
 4720 0244 00       		.byte	0
 4721 0245 2C       		.uleb128 0x2c
 4722 0246 2E       		.uleb128 0x2e
 4723 0247 01       		.byte	0x1
 4724 0248 3F       		.uleb128 0x3f
 4725 0249 19       		.uleb128 0x19
 4726 024a 03       		.uleb128 0x3
 4727 024b 0E       		.uleb128 0xe
 4728 024c 3A       		.uleb128 0x3a
 4729 024d 0B       		.uleb128 0xb
 4730 024e 3B       		.uleb128 0x3b
 4731 024f 0B       		.uleb128 0xb
ARM GAS  /tmp/ccfgsisC.s 			page 84


 4732 0250 39       		.uleb128 0x39
 4733 0251 0B       		.uleb128 0xb
 4734 0252 27       		.uleb128 0x27
 4735 0253 19       		.uleb128 0x19
 4736 0254 49       		.uleb128 0x49
 4737 0255 13       		.uleb128 0x13
 4738 0256 01       		.uleb128 0x1
 4739 0257 13       		.uleb128 0x13
 4740 0258 00       		.byte	0
 4741 0259 00       		.byte	0
 4742 025a 00       		.byte	0
 4743              		.section	.gnu.debuglto_.debug_line,"e",%progbits
 4744              	.Ldebug_line0:
 4745 0000 25060000 		.4byte	.LELT0-.LSLT0
 4746              	.LSLT0:
 4747 0004 0400     		.2byte	0x4
 4748 0006 1F060000 		.4byte	.LELTP0-.LASLTP0
 4749              	.LASLTP0:
 4750 000a 01       		.byte	0x1
 4751 000b 01       		.byte	0x1
 4752 000c 01       		.byte	0x1
 4753 000d F6       		.byte	0xf6
 4754 000e F2       		.byte	0xf2
 4755 000f 0D       		.byte	0xd
 4756 0010 00       		.byte	0
 4757 0011 01       		.byte	0x1
 4758 0012 01       		.byte	0x1
 4759 0013 01       		.byte	0x1
 4760 0014 01       		.byte	0x1
 4761 0015 00       		.byte	0
 4762 0016 00       		.byte	0
 4763 0017 00       		.byte	0
 4764 0018 01       		.byte	0x1
 4765 0019 00       		.byte	0
 4766 001a 00       		.byte	0
 4767 001b 01       		.byte	0x1
 4768 001c 2E2E2F2E 		.ascii	"../../chibios_trunk/os/common/ext/ARM/CMSIS/Core/In"
 4768      2E2F6368 
 4768      6962696F 
 4768      735F7472 
 4768      756E6B2F 
 4769 004f 636C7564 		.ascii	"clude"
 4769      65
 4770 0054 00       		.byte	0
 4771 0055 2E2E2F2E 		.ascii	"../../chibios_trunk/os/common/ext/ST/STM32F4xx"
 4771      2E2F6368 
 4771      6962696F 
 4771      735F7472 
 4771      756E6B2F 
 4772 0083 00       		.byte	0
 4773 0084 2E2E2F2E 		.ascii	"../../chibios_trunk/os/common/ports/ARMCMx/compiler"
 4773      2E2F6368 
 4773      6962696F 
 4773      735F7472 
 4773      756E6B2F 
 4774 00b7 732F4743 		.ascii	"s/GCC"
 4774      43
ARM GAS  /tmp/ccfgsisC.s 			page 85


 4775 00bc 00       		.byte	0
 4776 00bd 2E2E2F2E 		.ascii	"../../chibios_trunk/os/common/ports/ARMCMx"
 4776      2E2F6368 
 4776      6962696F 
 4776      735F7472 
 4776      756E6B2F 
 4777 00e7 00       		.byte	0
 4778 00e8 2E2E2F2E 		.ascii	"../../chibios_trunk/os/hal/include"
 4778      2E2F6368 
 4778      6962696F 
 4778      735F7472 
 4778      756E6B2F 
 4779 010a 00       		.byte	0
 4780 010b 2E2E2F2E 		.ascii	"../../chibios_trunk/os/hal/ports/STM32/LLD/DMAv2"
 4780      2E2F6368 
 4780      6962696F 
 4780      735F7472 
 4780      756E6B2F 
 4781 013b 00       		.byte	0
 4782 013c 2E2E2F2E 		.ascii	"../../chibios_trunk/os/hal/ports/STM32/LLD/GPIOv2"
 4782      2E2F6368 
 4782      6962696F 
 4782      735F7472 
 4782      756E6B2F 
 4783 016d 00       		.byte	0
 4784 016e 2E2E2F2E 		.ascii	"../../chibios_trunk/os/hal/ports/STM32/LLD/OTGv1"
 4784      2E2F6368 
 4784      6962696F 
 4784      735F7472 
 4784      756E6B2F 
 4785 019e 00       		.byte	0
 4786 019f 2E2E2F2E 		.ascii	"../../chibios_trunk/os/hal/ports/STM32/LLD/TIMv1"
 4786      2E2F6368 
 4786      6962696F 
 4786      735F7472 
 4786      756E6B2F 
 4787 01cf 00       		.byte	0
 4788 01d0 2E2E2F2E 		.ascii	"../../chibios_trunk/os/hal/ports/STM32/LLD/USARTv1"
 4788      2E2F6368 
 4788      6962696F 
 4788      735F7472 
 4788      756E6B2F 
 4789 0202 00       		.byte	0
 4790 0203 2E2E2F2E 		.ascii	"../../chibios_trunk/os/hal/src"
 4790      2E2F6368 
 4790      6962696F 
 4790      735F7472 
 4790      756E6B2F 
 4791 0221 00       		.byte	0
 4792 0222 2E2E2F2E 		.ascii	"../../chibios_trunk/os/oslib/include"
 4792      2E2F6368 
 4792      6962696F 
 4792      735F7472 
 4792      756E6B2F 
 4793 0246 00       		.byte	0
 4794 0247 2E2E2F2E 		.ascii	"../../chibios_trunk/os/rt/include"
 4794      2E2F6368 
ARM GAS  /tmp/ccfgsisC.s 			page 86


 4794      6962696F 
 4794      735F7472 
 4794      756E6B2F 
 4795 0268 00       		.byte	0
 4796 0269 2F686F6D 		.ascii	"/home/rob/Projects/ChibiStudio/ChibiStudio_20/tools"
 4796      652F726F 
 4796      622F5072 
 4796      6F6A6563 
 4796      74732F43 
 4797 029c 2F474E55 		.ascii	"/GNU Tools ARM Embedded/9.2.1 2019q4/arm-none-eabi/"
 4797      20546F6F 
 4797      6C732041 
 4797      524D2045 
 4797      6D626564 
 4798 02cf 696E636C 		.ascii	"include/machine"
 4798      7564652F 
 4798      6D616368 
 4798      696E65
 4799 02de 00       		.byte	0
 4800 02df 2F686F6D 		.ascii	"/home/rob/Projects/ChibiStudio/ChibiStudio_20/tools"
 4800      652F726F 
 4800      622F5072 
 4800      6F6A6563 
 4800      74732F43 
 4801 0312 2F474E55 		.ascii	"/GNU Tools ARM Embedded/9.2.1 2019q4/arm-none-eabi/"
 4801      20546F6F 
 4801      6C732041 
 4801      524D2045 
 4801      6D626564 
 4802 0345 696E636C 		.ascii	"include/sys"
 4802      7564652F 
 4802      737973
 4803 0350 00       		.byte	0
 4804 0351 2F686F6D 		.ascii	"/home/rob/Projects/ChibiStudio/ChibiStudio_20/tools"
 4804      652F726F 
 4804      622F5072 
 4804      6F6A6563 
 4804      74732F43 
 4805 0384 2F474E55 		.ascii	"/GNU Tools ARM Embedded/9.2.1 2019q4/arm-none-eabi/"
 4805      20546F6F 
 4805      6C732041 
 4805      524D2045 
 4805      6D626564 
 4806 03b7 696E636C 		.ascii	"include"
 4806      756465
 4807 03be 00       		.byte	0
 4808 03bf 2F686F6D 		.ascii	"/home/rob/Projects/ChibiStudio/ChibiStudio_20/tools"
 4808      652F726F 
 4808      622F5072 
 4808      6F6A6563 
 4808      74732F43 
 4809 03f2 2F474E55 		.ascii	"/GNU Tools ARM Embedded/9.2.1 2019q4/lib/gcc/arm-no"
 4809      20546F6F 
 4809      6C732041 
 4809      524D2045 
 4809      6D626564 
 4810 0425 6E652D65 		.ascii	"ne-eabi/9.2.1/include"
ARM GAS  /tmp/ccfgsisC.s 			page 87


 4810      6162692F 
 4810      392E322E 
 4810      312F696E 
 4810      636C7564 
 4811 043a 00       		.byte	0
 4812 043b 00       		.byte	0
 4813 043c 73746464 		.ascii	"stddef.h\000"
 4813      65662E68 
 4813      00
 4814 0445 11       		.uleb128 0x11
 4815 0446 00       		.uleb128 0
 4816 0447 00       		.uleb128 0
 4817 0448 5F646566 		.ascii	"_default_types.h\000"
 4817      61756C74 
 4817      5F747970 
 4817      65732E68 
 4817      00
 4818 0459 0E       		.uleb128 0xe
 4819 045a 00       		.uleb128 0
 4820 045b 00       		.uleb128 0
 4821 045c 5F737464 		.ascii	"_stdint.h\000"
 4821      696E742E 
 4821      6800
 4822 0466 0F       		.uleb128 0xf
 4823 0467 00       		.uleb128 0
 4824 0468 00       		.uleb128 0
 4825 0469 73746469 		.ascii	"stdint.h\000"
 4825      6E742E68 
 4825      00
 4826 0472 10       		.uleb128 0x10
 4827 0473 00       		.uleb128 0
 4828 0474 00       		.uleb128 0
 4829 0475 63687479 		.ascii	"chtypes.h\000"
 4829      7065732E 
 4829      6800
 4830 047f 03       		.uleb128 0x3
 4831 0480 00       		.uleb128 0
 4832 0481 00       		.uleb128 0
 4833 0482 63687379 		.ascii	"chsystypes.h\000"
 4833      73747970 
 4833      65732E68 
 4833      00
 4834 048f 0D       		.uleb128 0xd
 4835 0490 00       		.uleb128 0
 4836 0491 00       		.uleb128 0
 4837 0492 63687363 		.ascii	"chschd.h\000"
 4837      68642E68 
 4837      00
 4838 049b 0D       		.uleb128 0xd
 4839 049c 00       		.uleb128 0
 4840 049d 00       		.uleb128 0
 4841 049e 63687469 		.ascii	"chtime.h\000"
 4841      6D652E68 
 4841      00
 4842 04a7 0D       		.uleb128 0xd
 4843 04a8 00       		.uleb128 0
 4844 04a9 00       		.uleb128 0
ARM GAS  /tmp/ccfgsisC.s 			page 88


 4845 04aa 636F7265 		.ascii	"core_cm4.h\000"
 4845      5F636D34 
 4845      2E6800
 4846 04b5 01       		.uleb128 0x1
 4847 04b6 00       		.uleb128 0
 4848 04b7 00       		.uleb128 0
 4849 04b8 73797374 		.ascii	"system_stm32f4xx.h\000"
 4849      656D5F73 
 4849      746D3332 
 4849      66347878 
 4849      2E6800
 4850 04cb 02       		.uleb128 0x2
 4851 04cc 00       		.uleb128 0
 4852 04cd 00       		.uleb128 0
 4853 04ce 73746D33 		.ascii	"stm32f401xe.h\000"
 4853      32663430 
 4853      3178652E 
 4853      6800
 4854 04dc 02       		.uleb128 0x2
 4855 04dd 00       		.uleb128 0
 4856 04de 00       		.uleb128 0
 4857 04df 6368636F 		.ascii	"chcore.h\000"
 4857      72652E68 
 4857      00
 4858 04e8 04       		.uleb128 0x4
 4859 04e9 00       		.uleb128 0
 4860 04ea 00       		.uleb128 0
 4861 04eb 6368636F 		.ascii	"chcore_v7m.h\000"
 4861      72655F76 
 4861      376D2E68 
 4861      00
 4862 04f8 04       		.uleb128 0x4
 4863 04f9 00       		.uleb128 0
 4864 04fa 00       		.uleb128 0
 4865 04fb 6368746D 		.ascii	"chtm.h\000"
 4865      2E6800
 4866 0502 0D       		.uleb128 0xd
 4867 0503 00       		.uleb128 0
 4868 0504 00       		.uleb128 0
 4869 0505 63687365 		.ascii	"chsem.h\000"
 4869      6D2E6800 
 4870 050d 0D       		.uleb128 0xd
 4871 050e 00       		.uleb128 0
 4872 050f 00       		.uleb128 0
 4873 0510 63686D74 		.ascii	"chmtx.h\000"
 4873      782E6800 
 4874 0518 0D       		.uleb128 0xd
 4875 0519 00       		.uleb128 0
 4876 051a 00       		.uleb128 0
 4877 051b 63687379 		.ascii	"chsys.h\000"
 4877      732E6800 
 4878 0523 0D       		.uleb128 0xd
 4879 0524 00       		.uleb128 0
 4880 0525 00       		.uleb128 0
 4881 0526 63687265 		.ascii	"chregistry.h\000"
 4881      67697374 
 4881      72792E68 
ARM GAS  /tmp/ccfgsisC.s 			page 89


 4881      00
 4882 0533 0D       		.uleb128 0xd
 4883 0534 00       		.uleb128 0
 4884 0535 00       		.uleb128 0
 4885 0536 63686D65 		.ascii	"chmemcore.h\000"
 4885      6D636F72 
 4885      652E6800 
 4886 0542 0C       		.uleb128 0xc
 4887 0543 00       		.uleb128 0
 4888 0544 00       		.uleb128 0
 4889 0545 63686D65 		.ascii	"chmempools.h\000"
 4889      6D706F6F 
 4889      6C732E68 
 4889      00
 4890 0552 0C       		.uleb128 0xc
 4891 0553 00       		.uleb128 0
 4892 0554 00       		.uleb128 0
 4893 0555 63686661 		.ascii	"chfactory.h\000"
 4893      63746F72 
 4893      792E6800 
 4894 0561 0C       		.uleb128 0xc
 4895 0562 00       		.uleb128 0
 4896 0563 00       		.uleb128 0
 4897 0564 73746D33 		.ascii	"stm32_dma.h\000"
 4897      325F646D 
 4897      612E6800 
 4898 0570 06       		.uleb128 0x6
 4899 0571 00       		.uleb128 0
 4900 0572 00       		.uleb128 0
 4901 0573 73746D33 		.ascii	"stm32_tim.h\000"
 4901      325F7469 
 4901      6D2E6800 
 4902 057f 09       		.uleb128 0x9
 4903 0580 00       		.uleb128 0
 4904 0581 00       		.uleb128 0
 4905 0582 68616C5F 		.ascii	"hal_pal.h\000"
 4905      70616C2E 
 4905      6800
 4906 058c 05       		.uleb128 0x5
 4907 058d 00       		.uleb128 0
 4908 058e 00       		.uleb128 0
 4909 058f 73746D33 		.ascii	"stm32_gpio.h\000"
 4909      325F6770 
 4909      696F2E68 
 4909      00
 4910 059c 07       		.uleb128 0x7
 4911 059d 00       		.uleb128 0
 4912 059e 00       		.uleb128 0
 4913 059f 68616C5F 		.ascii	"hal_pal_lld.h\000"
 4913      70616C5F 
 4913      6C6C642E 
 4913      6800
 4914 05ad 07       		.uleb128 0x7
 4915 05ae 00       		.uleb128 0
 4916 05af 00       		.uleb128 0
 4917 05b0 68616C5F 		.ascii	"hal_icu.h\000"
 4917      6963752E 
ARM GAS  /tmp/ccfgsisC.s 			page 90


 4917      6800
 4918 05ba 05       		.uleb128 0x5
 4919 05bb 00       		.uleb128 0
 4920 05bc 00       		.uleb128 0
 4921 05bd 68616C5F 		.ascii	"hal_icu_lld.h\000"
 4921      6963755F 
 4921      6C6C642E 
 4921      6800
 4922 05cb 09       		.uleb128 0x9
 4923 05cc 00       		.uleb128 0
 4924 05cd 00       		.uleb128 0
 4925 05ce 68616C5F 		.ascii	"hal_uart.h\000"
 4925      75617274 
 4925      2E6800
 4926 05d9 05       		.uleb128 0x5
 4927 05da 00       		.uleb128 0
 4928 05db 00       		.uleb128 0
 4929 05dc 68616C5F 		.ascii	"hal_uart_lld.h\000"
 4929      75617274 
 4929      5F6C6C64 
 4929      2E6800
 4930 05eb 0A       		.uleb128 0xa
 4931 05ec 00       		.uleb128 0
 4932 05ed 00       		.uleb128 0
 4933 05ee 68616C5F 		.ascii	"hal_usb.h\000"
 4933      7573622E 
 4933      6800
 4934 05f8 05       		.uleb128 0x5
 4935 05f9 00       		.uleb128 0
 4936 05fa 00       		.uleb128 0
 4937 05fb 68616C5F 		.ascii	"hal_usb_lld.h\000"
 4937      7573625F 
 4937      6C6C642E 
 4937      6800
 4938 0609 08       		.uleb128 0x8
 4939 060a 00       		.uleb128 0
 4940 060b 00       		.uleb128 0
 4941 060c 73746D33 		.ascii	"stm32_otg.h\000"
 4941      325F6F74 
 4941      672E6800 
 4942 0618 08       		.uleb128 0x8
 4943 0619 00       		.uleb128 0
 4944 061a 00       		.uleb128 0
 4945 061b 68616C5F 		.ascii	"hal_pal.c\000"
 4945      70616C2E 
 4945      6300
 4946 0625 0B       		.uleb128 0xb
 4947 0626 00       		.uleb128 0
 4948 0627 00       		.uleb128 0
 4949 0628 00       		.byte	0
 4950              	.LELTP0:
 4951              	.LELT0:
 4952              		.section	.gnu.debuglto_.debug_str,"eMS",%progbits,1
 4953              	.LASF112:
 4954 0000 6F66665F 		.ascii	"off_ctx\000"
 4954      63747800 
 4955              	.LASF82:
ARM GAS  /tmp/ccfgsisC.s 			page 91


 4956 0008 4D314152 		.ascii	"M1AR\000"
 4956      00
 4957              	.LASF157:
 4958 000d 73746D33 		.ascii	"stm32_dma_stream_t\000"
 4958      325F646D 
 4958      615F7374 
 4958      7265616D 
 4958      5F7400
 4959              	.LASF4:
 4960 0020 73697A65 		.ascii	"size_t\000"
 4960      5F7400
 4961              	.LASF111:
 4962 0027 6F66665F 		.ascii	"off_prio\000"
 4962      7072696F 
 4962      00
 4963              	.LASF211:
 4964 0030 77696474 		.ascii	"width_cb\000"
 4964      685F6362 
 4964      00
 4965              	.LASF96:
 4966 0039 77747365 		.ascii	"wtsemp\000"
 4966      6D7000
 4967              	.LASF74:
 4968 0040 73797374 		.ascii	"systime_t\000"
 4968      696D655F 
 4968      7400
 4969              	.LASF120:
 4970 004a 6F66665F 		.ascii	"off_preempt\000"
 4970      70726565 
 4970      6D707400 
 4971              	.LASF101:
 4972 0056 6F776E65 		.ascii	"owner\000"
 4972      7200
 4973              	.LASF26:
 4974 005c 74707269 		.ascii	"tprio_t\000"
 4974      6F5F7400 
 4975              	.LASF123:
 4976 0064 63685F64 		.ascii	"ch_debug\000"
 4976      65627567 
 4976      00
 4977              	.LASF134:
 4978 006d 70726F76 		.ascii	"provider\000"
 4978      69646572 
 4978      00
 4979              	.LASF378:
 4980 0076 72785F66 		.ascii	"rx_fifo_size\000"
 4980      69666F5F 
 4980      73697A65 
 4980      00
 4981              	.LASF18:
 4982 0083 696E7433 		.ascii	"int32_t\000"
 4982      325F7400 
 4983              	.LASF313:
 4984 008b 72657376 		.ascii	"resvd4\000"
 4984      643400
 4985              	.LASF203:
 4986 0092 4943555F 		.ascii	"ICU_INPUT_ACTIVE_LOW\000"
ARM GAS  /tmp/ccfgsisC.s 			page 92


 4986      494E5055 
 4986      545F4143 
 4986      54495645 
 4986      5F4C4F57 
 4987              	.LASF304:
 4988 00a7 72657376 		.ascii	"resvd8\000"
 4988      643800
 4989              	.LASF58:
 4990 00ae 76746675 		.ascii	"vtfunc_t\000"
 4990      6E635F74 
 4990      00
 4991              	.LASF217:
 4992 00b7 49435544 		.ascii	"ICUD1\000"
 4992      3100
 4993              	.LASF315:
 4994 00bd 72657376 		.ascii	"resvdC\000"
 4994      644300
 4995              	.LASF64:
 4996 00c4 63685F76 		.ascii	"ch_virtual_timers_list\000"
 4996      69727475 
 4996      616C5F74 
 4996      696D6572 
 4996      735F6C69 
 4997              	.LASF414:
 4998 00db 5F5F6675 		.ascii	"__func__\000"
 4998      6E635F5F 
 4998      00
 4999              	.LASF220:
 5000 00e4 55415254 		.ascii	"UART_STOP\000"
 5000      5F53544F 
 5000      5000
 5001              	.LASF344:
 5002 00ee 48464952 		.ascii	"HFIR\000"
 5002      00
 5003              	.LASF376:
 5004 00f3 4649464F 		.ascii	"FIFO\000"
 5004      00
 5005              	.LASF136:
 5006 00f8 63685F64 		.ascii	"ch_dyn_element\000"
 5006      796E5F65 
 5006      6C656D65 
 5006      6E7400
 5007              	.LASF353:
 5008 0107 72657376 		.ascii	"resvd700\000"
 5008      64373030 
 5008      00
 5009              	.LASF197:
 5010 0110 636F6E66 		.ascii	"config\000"
 5010      696700
 5011              	.LASF38:
 5012 0117 73746174 		.ascii	"state\000"
 5012      6500
 5013              	.LASF390:
 5014 011d 65705F6D 		.ascii	"ep_mode\000"
 5014      6F646500 
 5015              	.LASF196:
 5016 0125 49435544 		.ascii	"ICUDriver\000"
ARM GAS  /tmp/ccfgsisC.s 			page 93


 5016      72697665 
 5016      7200
 5017              	.LASF234:
 5018 012f 72787374 		.ascii	"rxstate\000"
 5018      61746500 
 5019              	.LASF276:
 5020 0137 5553425F 		.ascii	"USB_ACTIVE\000"
 5020      41435449 
 5020      564500
 5021              	.LASF202:
 5022 0142 4943555F 		.ascii	"ICU_INPUT_ACTIVE_HIGH\000"
 5022      494E5055 
 5022      545F4143 
 5022      54495645 
 5022      5F484947 
 5023              	.LASF141:
 5024 0158 6F626A5F 		.ascii	"obj_list\000"
 5024      6C697374 
 5024      00
 5025              	.LASF206:
 5026 0161 4943555F 		.ascii	"ICU_CHANNEL_1\000"
 5026      4348414E 
 5026      4E454C5F 
 5026      3100
 5027              	.LASF165:
 5028 016f 444D4152 		.ascii	"DMAR\000"
 5028      00
 5029              	.LASF215:
 5030 0174 64696572 		.ascii	"dier\000"
 5030      00
 5031              	.LASF246:
 5032 0179 7278656E 		.ascii	"rxend_cb\000"
 5032      645F6362 
 5032      00
 5033              	.LASF114:
 5034 0182 6F66665F 		.ascii	"off_older\000"
 5034      6F6C6465 
 5034      7200
 5035              	.LASF33:
 5036 018c 7072696F 		.ascii	"prio\000"
 5036      00
 5037              	.LASF182:
 5038 0191 696F6D6F 		.ascii	"iomode_t\000"
 5038      64655F74 
 5038      00
 5039              	.LASF92:
 5040 019a 65786974 		.ascii	"exitcode\000"
 5040      636F6465 
 5040      00
 5041              	.LASF286:
 5042 01a3 75736265 		.ascii	"usbep0state_t\000"
 5042      70307374 
 5042      6174655F 
 5042      7400
 5043              	.LASF5:
 5044 01b1 5F5F7569 		.ascii	"__uint8_t\000"
 5044      6E74385F 
ARM GAS  /tmp/ccfgsisC.s 			page 94


 5044      7400
 5045              	.LASF243:
 5046 01bb 75617274 		.ascii	"uartecb_t\000"
 5046      6563625F 
 5046      7400
 5047              	.LASF288:
 5048 01c5 5553425F 		.ascii	"USB_EVENT_ADDRESS\000"
 5048      4556454E 
 5048      545F4144 
 5048      44524553 
 5048      5300
 5049              	.LASF334:
 5050 01d7 44494550 		.ascii	"DIEPTXF0\000"
 5050      54584630 
 5050      00
 5051              	.LASF224:
 5052 01e0 55415254 		.ascii	"UART_TX_ACTIVE\000"
 5052      5F54585F 
 5052      41435449 
 5052      564500
 5053              	.LASF232:
 5054 01ef 55415254 		.ascii	"UARTDriver\000"
 5054      44726976 
 5054      657200
 5055              	.LASF11:
 5056 01fa 6C6F6E67 		.ascii	"long int\000"
 5056      20696E74 
 5056      00
 5057              	.LASF105:
 5058 0203 7A65726F 		.ascii	"zero\000"
 5058      00
 5059              	.LASF184:
 5060 0208 696F706F 		.ascii	"ioportid_t\000"
 5060      72746964 
 5060      5F7400
 5061              	.LASF24:
 5062 0213 74737461 		.ascii	"tstate_t\000"
 5062      74655F74 
 5062      00
 5063              	.LASF279:
 5064 021c 5553425F 		.ascii	"USB_EP0_STP_WAITING\000"
 5064      4550305F 
 5064      5354505F 
 5064      57414954 
 5064      494E4700 
 5065              	.LASF43:
 5066 0230 6570656E 		.ascii	"epending\000"
 5066      64696E67 
 5066      00
 5067              	.LASF191:
 5068 0239 4943555F 		.ascii	"ICU_STOP\000"
 5068      53544F50 
 5068      00
 5069              	.LASF52:
 5070 0242 74687265 		.ascii	"threads_queue_t\000"
 5070      6164735F 
 5070      71756575 
ARM GAS  /tmp/ccfgsisC.s 			page 95


 5070      655F7400 
 5071              	.LASF355:
 5072 0252 4443544C 		.ascii	"DCTL\000"
 5072      00
 5073              	.LASF384:
 5074 0257 74786275 		.ascii	"txbuf\000"
 5074      6600
 5075              	.LASF360:
 5076 025d 4441494E 		.ascii	"DAINT\000"
 5076      5400
 5077              	.LASF359:
 5078 0263 444F4550 		.ascii	"DOEPMSK\000"
 5078      4D534B00 
 5079              	.LASF208:
 5080 026b 69637563 		.ascii	"icuchannel_t\000"
 5080      68616E6E 
 5080      656C5F74 
 5080      00
 5081              	.LASF373:
 5082 0278 72657376 		.ascii	"resvdD00\000"
 5082      64443030 
 5082      00
 5083              	.LASF142:
 5084 0281 6F626A5F 		.ascii	"obj_pool\000"
 5084      706F6F6C 
 5084      00
 5085              	.LASF277:
 5086 028a 5553425F 		.ascii	"USB_SUSPENDED\000"
 5086      53555350 
 5086      454E4445 
 5086      4400
 5087              	.LASF226:
 5088 0298 75617274 		.ascii	"uarttxstate_t\000"
 5088      74787374 
 5088      6174655F 
 5088      7400
 5089              	.LASF320:
 5090 02a6 444F4550 		.ascii	"DOEPCTL\000"
 5090      43544C00 
 5091              	.LASF235:
 5092 02ae 75736172 		.ascii	"usart\000"
 5092      7400
 5093              	.LASF129:
 5094 02b4 6D656D63 		.ascii	"memcore_t\000"
 5094      6F72655F 
 5094      7400
 5095              	.LASF3:
 5096 02be 7369676E 		.ascii	"signed char\000"
 5096      65642063 
 5096      68617200 
 5097              	.LASF98:
 5098 02ca 65776D61 		.ascii	"ewmask\000"
 5098      736B00
 5099              	.LASF16:
 5100 02d1 75696E74 		.ascii	"uint8_t\000"
 5100      385F7400 
 5101              	.LASF233:
ARM GAS  /tmp/ccfgsisC.s 			page 96


 5102 02d9 74787374 		.ascii	"txstate\000"
 5102      61746500 
 5103              	.LASF293:
 5104 02e1 5553425F 		.ascii	"USB_EVENT_STALLED\000"
 5104      4556454E 
 5104      545F5354 
 5104      414C4C45 
 5104      4400
 5105              	.LASF199:
 5106 02f3 77636372 		.ascii	"wccrp\000"
 5106      7000
 5107              	.LASF187:
 5108 02f9 706F7274 		.ascii	"portid\000"
 5108      696400
 5109              	.LASF321:
 5110 0300 444F4550 		.ascii	"DOEPINT\000"
 5110      494E5400 
 5111              	.LASF28:
 5112 0308 6576656E 		.ascii	"eventmask_t\000"
 5112      746D6173 
 5112      6B5F7400 
 5113              	.LASF387:
 5114 0314 72787369 		.ascii	"rxsize\000"
 5114      7A6500
 5115              	.LASF94:
 5116 031b 77747472 		.ascii	"wttrp\000"
 5116      7000
 5117              	.LASF194:
 5118 0321 4943555F 		.ascii	"ICU_ACTIVE\000"
 5118      41435449 
 5118      564500
 5119              	.LASF6:
 5120 032c 756E7369 		.ascii	"unsigned char\000"
 5120      676E6564 
 5120      20636861 
 5120      7200
 5121              	.LASF285:
 5122 033a 5553425F 		.ascii	"USB_EP0_ERROR\000"
 5122      4550305F 
 5122      4552524F 
 5122      5200
 5123              	.LASF65:
 5124 0348 6C617374 		.ascii	"lasttime\000"
 5124      74696D65 
 5124      00
 5125              	.LASF180:
 5126 0351 73746D33 		.ascii	"stm32_gpio_t\000"
 5126      325F6770 
 5126      696F5F74 
 5126      00
 5127              	.LASF68:
 5128 035e 70616E69 		.ascii	"panic_msg\000"
 5128      635F6D73 
 5128      6700
 5129              	.LASF207:
 5130 0368 4943555F 		.ascii	"ICU_CHANNEL_2\000"
 5130      4348414E 
ARM GAS  /tmp/ccfgsisC.s 			page 97


 5130      4E454C5F 
 5130      3200
 5131              	.LASF354:
 5132 0376 44434647 		.ascii	"DCFG\000"
 5132      00
 5133              	.LASF372:
 5134 037b 72657376 		.ascii	"resvd8C0\000"
 5134      64384330 
 5134      00
 5135              	.LASF338:
 5136 0384 47434346 		.ascii	"GCCFG\000"
 5136      4700
 5137              	.LASF260:
 5138 038a 65703073 		.ascii	"ep0state\000"
 5138      74617465 
 5138      00
 5139              	.LASF66:
 5140 0393 73797374 		.ascii	"system_debug_t\000"
 5140      656D5F64 
 5140      65627567 
 5140      5F7400
 5141              	.LASF316:
 5142 03a2 44494550 		.ascii	"DIEPTSIZ\000"
 5142      5453495A 
 5142      00
 5143              	.LASF403:
 5144 03ab 72657175 		.ascii	"requests_hook_cb\000"
 5144      65737473 
 5144      5F686F6F 
 5144      6B5F6362 
 5144      00
 5145              	.LASF125:
 5146 03bc 5F426F6F 		.ascii	"_Bool\000"
 5146      6C00
 5147              	.LASF343:
 5148 03c2 48434647 		.ascii	"HCFG\000"
 5148      00
 5149              	.LASF303:
 5150 03c7 48434348 		.ascii	"HCCHAR\000"
 5150      415200
 5151              	.LASF161:
 5152 03ce 43434D52 		.ascii	"CCMR1\000"
 5152      3100
 5153              	.LASF162:
 5154 03d4 43434D52 		.ascii	"CCMR2\000"
 5154      3200
 5155              	.LASF166:
 5156 03da 43434D52 		.ascii	"CCMR3\000"
 5156      3300
 5157              	.LASF323:
 5158 03e0 73746D33 		.ascii	"stm32_otg_out_ep_t\000"
 5158      325F6F74 
 5158      675F6F75 
 5158      745F6570 
 5158      5F7400
 5159              	.LASF102:
 5160 03f3 63686172 		.ascii	"char\000"
ARM GAS  /tmp/ccfgsisC.s 			page 98


 5160      00
 5161              	.LASF312:
 5162 03f8 44494550 		.ascii	"DIEPCTL\000"
 5162      43544C00 
 5163              	.LASF262:
 5164 0400 6570306E 		.ascii	"ep0n\000"
 5164      00
 5165              	.LASF357:
 5166 0405 72657376 		.ascii	"resvd80C\000"
 5166      64383043 
 5166      00
 5167              	.LASF144:
 5168 040e 73656D5F 		.ascii	"sem_list\000"
 5168      6C697374 
 5168      00
 5169              	.LASF257:
 5170 0417 72656365 		.ascii	"receiving\000"
 5170      6976696E 
 5170      6700
 5171              	.LASF8:
 5172 0421 5F5F7569 		.ascii	"__uint16_t\000"
 5172      6E743136 
 5172      5F7400
 5173              	.LASF255:
 5174 042c 55534244 		.ascii	"USBDriver\000"
 5174      72697665 
 5174      7200
 5175              	.LASF93:
 5176 0436 77746F62 		.ascii	"wtobjp\000"
 5176      6A7000
 5177              	.LASF249:
 5178 043d 74696D65 		.ascii	"timeout_cb\000"
 5178      6F75745F 
 5178      636200
 5179              	.LASF170:
 5180 0448 70616C65 		.ascii	"palevent_t\000"
 5180      76656E74 
 5180      5F7400
 5181              	.LASF391:
 5182 0453 73657475 		.ascii	"setup_cb\000"
 5182      705F6362 
 5182      00
 5183              	.LASF296:
 5184 045c 75645F73 		.ascii	"ud_string\000"
 5184      7472696E 
 5184      6700
 5185              	.LASF119:
 5186 0466 6F66665F 		.ascii	"off_refs\000"
 5186      72656673 
 5186      00
 5187              	.LASF39:
 5188 046f 666C6167 		.ascii	"flags\000"
 5188      7300
 5189              	.LASF392:
 5190 0475 696E5F63 		.ascii	"in_cb\000"
 5190      6200
 5191              	.LASF86:
ARM GAS  /tmp/ccfgsisC.s 			page 99


 5192 047b 73746B61 		.ascii	"stkalign_t\000"
 5192      6C69676E 
 5192      5F7400
 5193              	.LASF85:
 5194 0486 55534152 		.ascii	"USART_TypeDef\000"
 5194      545F5479 
 5194      70654465 
 5194      6600
 5195              	.LASF345:
 5196 0494 48464E55 		.ascii	"HFNUM\000"
 5196      4D00
 5197              	.LASF46:
 5198 049a 6D706F6F 		.ascii	"mpool\000"
 5198      6C00
 5199              	.LASF300:
 5200 04a0 75736265 		.ascii	"usbeventcb_t\000"
 5200      76656E74 
 5200      63625F74 
 5200      00
 5201              	.LASF205:
 5202 04ad 69637566 		.ascii	"icufreq_t\000"
 5202      7265715F 
 5202      7400
 5203              	.LASF151:
 5204 04b7 73747265 		.ascii	"stream\000"
 5204      616D00
 5205              	.LASF311:
 5206 04be 73746D33 		.ascii	"stm32_otg_host_chn_t\000"
 5206      325F6F74 
 5206      675F686F 
 5206      73745F63 
 5206      686E5F74 
 5207              	.LASF108:
 5208 04d3 70747273 		.ascii	"ptrsize\000"
 5208      697A6500 
 5209              	.LASF256:
 5210 04db 7472616E 		.ascii	"transmitting\000"
 5210      736D6974 
 5210      74696E67 
 5210      00
 5211              	.LASF167:
 5212 04e8 43435852 		.ascii	"CCXR\000"
 5212      00
 5213              	.LASF307:
 5214 04ed 48435453 		.ascii	"HCTSIZ\000"
 5214      495A00
 5215              	.LASF386:
 5216 04f4 55534249 		.ascii	"USBInEndpointState\000"
 5216      6E456E64 
 5216      706F696E 
 5216      74537461 
 5216      746500
 5217              	.LASF181:
 5218 0507 696F706F 		.ascii	"ioportmask_t\000"
 5218      72746D61 
 5218      736B5F74 
 5218      00
ARM GAS  /tmp/ccfgsisC.s 			page 100


 5219              	.LASF363:
 5220 0514 72657376 		.ascii	"resvd824\000"
 5220      64383234 
 5220      00
 5221              	.LASF365:
 5222 051d 44564255 		.ascii	"DVBUSPULSE\000"
 5222      5350554C 
 5222      534500
 5223              	.LASF282:
 5224 0528 5553425F 		.ascii	"USB_EP0_IN_SENDING_STS\000"
 5224      4550305F 
 5224      494E5F53 
 5224      454E4449 
 5224      4E475F53 
 5225              	.LASF121:
 5226 053f 6F66665F 		.ascii	"off_time\000"
 5226      74696D65 
 5226      00
 5227              	.LASF29:
 5228 0548 636E745F 		.ascii	"cnt_t\000"
 5228      7400
 5229              	.LASF148:
 5230 054e 70697065 		.ascii	"pipe_list\000"
 5230      5F6C6973 
 5230      7400
 5231              	.LASF216:
 5232 0558 49435543 		.ascii	"ICUConfig\000"
 5232      6F6E6669 
 5232      6700
 5233              	.LASF247:
 5234 0562 72786368 		.ascii	"rxchar_cb\000"
 5234      61725F63 
 5234      6200
 5235              	.LASF367:
 5236 056c 44494550 		.ascii	"DIEPEMPMSK\000"
 5236      454D504D 
 5236      534B00
 5237              	.LASF297:
 5238 0577 55534244 		.ascii	"USBDescriptor\000"
 5238      65736372 
 5238      6970746F 
 5238      7200
 5239              	.LASF189:
 5240 0585 494F4275 		.ascii	"IOBus\000"
 5240      7300
 5241              	.LASF381:
 5242 058b 73746D33 		.ascii	"stm32_otg_params_t\000"
 5242      325F6F74 
 5242      675F7061 
 5242      72616D73 
 5242      5F7400
 5243              	.LASF264:
 5244 059e 73657475 		.ascii	"setup\000"
 5244      7000
 5245              	.LASF237:
 5246 05a4 646D6174 		.ascii	"dmatxmode\000"
 5246      786D6F64 
ARM GAS  /tmp/ccfgsisC.s 			page 101


 5246      6500
 5247              	.LASF250:
 5248 05ae 73706565 		.ascii	"speed\000"
 5248      6400
 5249              	.LASF97:
 5250 05b4 77746D74 		.ascii	"wtmtxp\000"
 5250      787000
 5251              	.LASF294:
 5252 05bb 75736265 		.ascii	"usbevent_t\000"
 5252      76656E74 
 5252      5F7400
 5253              	.LASF56:
 5254 05c6 63685F72 		.ascii	"ch_ready_list\000"
 5254      65616479 
 5254      5F6C6973 
 5254      7400
 5255              	.LASF280:
 5256 05d4 5553425F 		.ascii	"USB_EP0_IN_TX\000"
 5256      4550305F 
 5256      494E5F54 
 5256      5800
 5257              	.LASF145:
 5258 05e2 73656D5F 		.ascii	"sem_pool\000"
 5258      706F6F6C 
 5258      00
 5259              	.LASF295:
 5260 05eb 75645F73 		.ascii	"ud_size\000"
 5260      697A6500 
 5261              	.LASF171:
 5262 05f3 636C6561 		.ascii	"clear\000"
 5262      7200
 5263              	.LASF275:
 5264 05f9 5553425F 		.ascii	"USB_SELECTED\000"
 5264      53454C45 
 5264      43544544 
 5264      00
 5265              	.LASF267:
 5266 0606 636F6E66 		.ascii	"configuration\000"
 5266      69677572 
 5266      6174696F 
 5266      6E00
 5267              	.LASF348:
 5268 0614 4841494E 		.ascii	"HAINT\000"
 5268      5400
 5269              	.LASF333:
 5270 061a 47525846 		.ascii	"GRXFSIZ\000"
 5270      53495A00 
 5271              	.LASF383:
 5272 0622 7478636E 		.ascii	"txcnt\000"
 5272      7400
 5273              	.LASF370:
 5274 0628 72657376 		.ascii	"resvd840\000"
 5274      64383430 
 5274      00
 5275              	.LASF169:
 5276 0631 70616C63 		.ascii	"palcallback_t\000"
 5276      616C6C62 
ARM GAS  /tmp/ccfgsisC.s 			page 102


 5276      61636B5F 
 5276      7400
 5277              	.LASF14:
 5278 063f 5F5F7569 		.ascii	"__uint64_t\000"
 5278      6E743634 
 5278      5F7400
 5279              	.LASF341:
 5280 064a 44494550 		.ascii	"DIEPTXF\000"
 5280      54584600 
 5281              	.LASF117:
 5282 0652 6F66665F 		.ascii	"off_state\000"
 5282      73746174 
 5282      6500
 5283              	.LASF347:
 5284 065c 48505458 		.ascii	"HPTXSTS\000"
 5284      53545300 
 5285              	.LASF13:
 5286 0664 6C6F6E67 		.ascii	"long unsigned int\000"
 5286      20756E73 
 5286      69676E65 
 5286      6420696E 
 5286      7400
 5287              	.LASF110:
 5288 0676 74687265 		.ascii	"threadsize\000"
 5288      61647369 
 5288      7A6500
 5289              	.LASF374:
 5290 0681 50434743 		.ascii	"PCGCCTL\000"
 5290      43544C00 
 5291              	.LASF251:
 5292 0689 55415254 		.ascii	"UARTConfig\000"
 5292      436F6E66 
 5292      696700
 5293              	.LASF327:
 5294 0694 47555342 		.ascii	"GUSBCFG\000"
 5294      43464700 
 5295              	.LASF265:
 5296 069c 73746174 		.ascii	"status\000"
 5296      757300
 5297              	.LASF160:
 5298 06a3 44494552 		.ascii	"DIER\000"
 5298      00
 5299              	.LASF266:
 5300 06a8 61646472 		.ascii	"address\000"
 5300      65737300 
 5301              	.LASF77:
 5302 06b0 53797374 		.ascii	"SystemCoreClock\000"
 5302      656D436F 
 5302      7265436C 
 5302      6F636B00 
 5303              	.LASF99:
 5304 06c0 63685F73 		.ascii	"ch_semaphore\000"
 5304      656D6170 
 5304      686F7265 
 5304      00
 5305              	.LASF154:
 5306 06cd 73686966 		.ascii	"shift\000"
ARM GAS  /tmp/ccfgsisC.s 			page 103


 5306      7400
 5307              	.LASF214:
 5308 06d3 6368616E 		.ascii	"channel\000"
 5308      6E656C00 
 5309              	.LASF49:
 5310 06db 63685F74 		.ascii	"ch_thread\000"
 5310      68726561 
 5310      6400
 5311              	.LASF326:
 5312 06e5 47414842 		.ascii	"GAHBCFG\000"
 5312      43464700 
 5313              	.LASF63:
 5314 06ed 76697274 		.ascii	"virtual_timers_list_t\000"
 5314      75616C5F 
 5314      74696D65 
 5314      72735F6C 
 5314      6973745F 
 5315              	.LASF407:
 5316 0703 6C696E65 		.ascii	"line\000"
 5316      00
 5317              	.LASF103:
 5318 0708 63685F69 		.ascii	"ch_idle_thread_wa\000"
 5318      646C655F 
 5318      74687265 
 5318      61645F77 
 5318      6100
 5319              	.LASF398:
 5320 071a 696E5F6D 		.ascii	"in_multiplier\000"
 5320      756C7469 
 5320      706C6965 
 5320      7200
 5321              	.LASF158:
 5322 0728 5F73746D 		.ascii	"_stm32_dma_streams\000"
 5322      33325F64 
 5322      6D615F73 
 5322      74726561 
 5322      6D7300
 5323              	.LASF245:
 5324 073b 7478656E 		.ascii	"txend2_cb\000"
 5324      64325F63 
 5324      6200
 5325              	.LASF380:
 5326 0745 6E756D5F 		.ascii	"num_endpoints\000"
 5326      656E6470 
 5326      6F696E74 
 5326      7300
 5327              	.LASF147:
 5328 0753 6669666F 		.ascii	"fifo_list\000"
 5328      5F6C6973 
 5328      7400
 5329              	.LASF213:
 5330 075d 6F766572 		.ascii	"overflow_cb\000"
 5330      666C6F77 
 5330      5F636200 
 5331              	.LASF59:
 5332 0769 76697274 		.ascii	"virtual_timer_t\000"
 5332      75616C5F 
ARM GAS  /tmp/ccfgsisC.s 			page 104


 5332      74696D65 
 5332      725F7400 
 5333              	.LASF55:
 5334 0779 72656164 		.ascii	"ready_list_t\000"
 5334      795F6C69 
 5334      73745F74 
 5334      00
 5335              	.LASF35:
 5336 0786 6F6C6465 		.ascii	"older\000"
 5336      7200
 5337              	.LASF128:
 5338 078c 746F706D 		.ascii	"topmem\000"
 5338      656D00
 5339              	.LASF382:
 5340 0793 74787369 		.ascii	"txsize\000"
 5340      7A6500
 5341              	.LASF45:
 5342 079a 7265616C 		.ascii	"realprio\000"
 5342      7072696F 
 5342      00
 5343              	.LASF168:
 5344 07a3 73746D33 		.ascii	"stm32_tim_t\000"
 5344      325F7469 
 5344      6D5F7400 
 5345              	.LASF30:
 5346 07af 75636E74 		.ascii	"ucnt_t\000"
 5346      5F7400
 5347              	.LASF198:
 5348 07b6 636C6F63 		.ascii	"clock\000"
 5348      6B00
 5349              	.LASF116:
 5350 07bc 6F66665F 		.ascii	"off_stklimit\000"
 5350      73746B6C 
 5350      696D6974 
 5350      00
 5351              	.LASF131:
 5352 07c9 706F6F6C 		.ascii	"pool_header\000"
 5352      5F686561 
 5352      64657200 
 5353              	.LASF219:
 5354 07d5 55415254 		.ascii	"UART_UNINIT\000"
 5354      5F554E49 
 5354      4E495400 
 5355              	.LASF278:
 5356 07e1 75736273 		.ascii	"usbstate_t\000"
 5356      74617465 
 5356      5F7400
 5357              	.LASF50:
 5358 07ec 63685F74 		.ascii	"ch_threads_list\000"
 5358      68726561 
 5358      64735F6C 
 5358      69737400 
 5359              	.LASF229:
 5360 07fc 55415254 		.ascii	"UART_RX_COMPLETE\000"
 5360      5F52585F 
 5360      434F4D50 
 5360      4C455445 
ARM GAS  /tmp/ccfgsisC.s 			page 105


 5360      00
 5361              	.LASF195:
 5362 080d 69637573 		.ascii	"icustate_t\000"
 5362      74617465 
 5362      5F7400
 5363              	.LASF346:
 5364 0818 72657376 		.ascii	"resvd40C\000"
 5364      64343043 
 5364      00
 5365              	.LASF174:
 5366 0821 4F535045 		.ascii	"OSPEEDR\000"
 5366      45445200 
 5367              	.LASF324:
 5368 0829 474F5447 		.ascii	"GOTGCTL\000"
 5368      43544C00 
 5369              	.LASF183:
 5370 0831 696F6C69 		.ascii	"ioline_t\000"
 5370      6E655F74 
 5370      00
 5371              	.LASF240:
 5372 083a 72786275 		.ascii	"rxbuf\000"
 5372      6600
 5373              	.LASF238:
 5374 0840 646D6172 		.ascii	"dmarx\000"
 5374      7800
 5375              	.LASF396:
 5376 0846 696E5F73 		.ascii	"in_state\000"
 5376      74617465 
 5376      00
 5377              	.LASF331:
 5378 084f 47525853 		.ascii	"GRXSTSR\000"
 5378      54535200 
 5379              	.LASF292:
 5380 0857 5553425F 		.ascii	"USB_EVENT_WAKEUP\000"
 5380      4556454E 
 5380      545F5741 
 5380      4B455550 
 5380      00
 5381              	.LASF218:
 5382 0868 49435544 		.ascii	"ICUD2\000"
 5382      3200
 5383              	.LASF12:
 5384 086e 5F5F7569 		.ascii	"__uint32_t\000"
 5384      6E743332 
 5384      5F7400
 5385              	.LASF401:
 5386 0879 6576656E 		.ascii	"event_cb\000"
 5386      745F6362 
 5386      00
 5387              	.LASF325:
 5388 0882 474F5447 		.ascii	"GOTGINT\000"
 5388      494E5400 
 5389              	.LASF44:
 5390 088a 6D74786C 		.ascii	"mtxlist\000"
 5390      69737400 
 5391              	.LASF1:
 5392 0892 6C6F6E67 		.ascii	"long long int\000"
ARM GAS  /tmp/ccfgsisC.s 			page 106


 5392      206C6F6E 
 5392      6720696E 
 5392      7400
 5393              	.LASF274:
 5394 08a0 5553425F 		.ascii	"USB_READY\000"
 5394      52454144 
 5394      5900
 5395              	.LASF332:
 5396 08aa 47525853 		.ascii	"GRXSTSP\000"
 5396      54535000 
 5397              	.LASF75:
 5398 08b2 73797369 		.ascii	"sysinterval_t\000"
 5398      6E746572 
 5398      76616C5F 
 5398      7400
 5399              	.LASF175:
 5400 08c0 50555044 		.ascii	"PUPDR\000"
 5400      5200
 5401              	.LASF350:
 5402 08c6 72657376 		.ascii	"resvd41C\000"
 5402      64343143 
 5402      00
 5403              	.LASF140:
 5404 08cf 63685F6F 		.ascii	"ch_objects_factory\000"
 5404      626A6563 
 5404      74735F66 
 5404      6163746F 
 5404      727900
 5405              	.LASF261:
 5406 08e2 6570306E 		.ascii	"ep0next\000"
 5406      65787400 
 5407              	.LASF84:
 5408 08ea 47545052 		.ascii	"GTPR\000"
 5408      00
 5409              	.LASF368:
 5410 08ef 72657376 		.ascii	"resvd838\000"
 5410      64383338 
 5410      00
 5411              	.LASF188:
 5412 08f8 6D61736B 		.ascii	"mask\000"
 5412      00
 5413              	.LASF299:
 5414 08fd 75736265 		.ascii	"usbepcallback_t\000"
 5414      7063616C 
 5414      6C626163 
 5414      6B5F7400 
 5415              	.LASF133:
 5416 090d 616C6967 		.ascii	"align\000"
 5416      6E00
 5417              	.LASF371:
 5418 0913 72657376 		.ascii	"resvd880\000"
 5418      64383830 
 5418      00
 5419              	.LASF76:
 5420 091c 49544D5F 		.ascii	"ITM_RxBuffer\000"
 5420      52784275 
 5420      66666572 
ARM GAS  /tmp/ccfgsisC.s 			page 107


 5420      00
 5421              	.LASF369:
 5422 0929 72657376 		.ascii	"resvd83C\000"
 5422      64383343 
 5422      00
 5423              	.LASF210:
 5424 0932 66726571 		.ascii	"frequency\000"
 5424      75656E63 
 5424      7900
 5425              	.LASF231:
 5426 093c 75617274 		.ascii	"uartflags_t\000"
 5426      666C6167 
 5426      735F7400 
 5427              	.LASF239:
 5428 0948 646D6174 		.ascii	"dmatx\000"
 5428      7800
 5429              	.LASF172:
 5430 094e 4D4F4445 		.ascii	"MODER\000"
 5430      5200
 5431              	.LASF322:
 5432 0954 444F4550 		.ascii	"DOEPTSIZ\000"
 5432      5453495A 
 5432      00
 5433              	.LASF178:
 5434 095d 4146524C 		.ascii	"AFRL\000"
 5434      00
 5435              	.LASF113:
 5436 0962 6F66665F 		.ascii	"off_newer\000"
 5436      6E657765 
 5436      7200
 5437              	.LASF155:
 5438 096c 73656C66 		.ascii	"selfindex\000"
 5438      696E6465 
 5438      7800
 5439              	.LASF248:
 5440 0976 72786572 		.ascii	"rxerr_cb\000"
 5440      725F6362 
 5440      00
 5441              	.LASF0:
 5442 097f 756E7369 		.ascii	"unsigned int\000"
 5442      676E6564 
 5442      20696E74 
 5442      00
 5443              	.LASF405:
 5444 098c 55534243 		.ascii	"USBConfig\000"
 5444      6F6E6669 
 5444      6700
 5445              	.LASF362:
 5446 0996 72657376 		.ascii	"resvd820\000"
 5446      64383230 
 5446      00
 5447              	.LASF22:
 5448 099f 7274636E 		.ascii	"rtcnt_t\000"
 5448      745F7400 
 5449              	.LASF305:
 5450 09a7 4843494E 		.ascii	"HCINT\000"
 5450      5400
ARM GAS  /tmp/ccfgsisC.s 			page 108


 5451              	.LASF377:
 5452 09ad 73746D33 		.ascii	"stm32_otg_t\000"
 5452      325F6F74 
 5452      675F7400 
 5453              	.LASF399:
 5454 09b9 73657475 		.ascii	"setup_buf\000"
 5454      705F6275 
 5454      6600
 5455              	.LASF269:
 5456 09c3 6F746770 		.ascii	"otgparams\000"
 5456      6172616D 
 5456      7300
 5457              	.LASF417:
 5458 09cd 2F686F6D 		.ascii	"/home/rob/Projects/ChibiStudio/ChibiStudio_20/works"
 5458      652F726F 
 5458      622F5072 
 5458      6F6A6563 
 5458      74732F43 
 5459 0a00 70616365 		.ascii	"pace_trunk/F401_blackpill_SerialSniffer/\000"
 5459      5F747275 
 5459      6E6B2F46 
 5459      3430315F 
 5459      626C6163 
 5460              	.LASF413:
 5461 0a29 62697473 		.ascii	"bits\000"
 5461      00
 5462              	.LASF283:
 5463 0a2e 5553425F 		.ascii	"USB_EP0_OUT_WAITING_STS\000"
 5463      4550305F 
 5463      4F55545F 
 5463      57414954 
 5463      494E475F 
 5464              	.LASF375:
 5465 0a46 72657376 		.ascii	"resvdE04\000"
 5465      64453034 
 5465      00
 5466              	.LASF352:
 5467 0a4f 72657376 		.ascii	"resvd444\000"
 5467      64343434 
 5467      00
 5468              	.LASF57:
 5469 0a58 63757272 		.ascii	"current\000"
 5469      656E7400 
 5470              	.LASF393:
 5471 0a60 6F75745F 		.ascii	"out_cb\000"
 5471      636200
 5472              	.LASF89:
 5473 0a67 6F666673 		.ascii	"offset\000"
 5473      657400
 5474              	.LASF349:
 5475 0a6e 4841494E 		.ascii	"HAINTMSK\000"
 5475      544D534B 
 5475      00
 5476              	.LASF192:
 5477 0a77 4943555F 		.ascii	"ICU_READY\000"
 5477      52454144 
 5477      5900
ARM GAS  /tmp/ccfgsisC.s 			page 109


 5478              	.LASF273:
 5479 0a81 5553425F 		.ascii	"USB_STOP\000"
 5479      53544F50 
 5479      00
 5480              	.LASF388:
 5481 0a8a 7278636E 		.ascii	"rxcnt\000"
 5481      7400
 5482              	.LASF394:
 5483 0a90 696E5F6D 		.ascii	"in_maxsize\000"
 5483      61787369 
 5483      7A6500
 5484              	.LASF330:
 5485 0a9b 47494E54 		.ascii	"GINTMSK\000"
 5485      4D534B00 
 5486              	.LASF83:
 5487 0aa3 444D415F 		.ascii	"DMA_Stream_TypeDef\000"
 5487      53747265 
 5487      616D5F54 
 5487      79706544 
 5487      656600
 5488              	.LASF254:
 5489 0ab6 55415254 		.ascii	"UARTD6\000"
 5489      443600
 5490              	.LASF212:
 5491 0abd 70657269 		.ascii	"period_cb\000"
 5491      6F645F63 
 5491      6200
 5492              	.LASF204:
 5493 0ac7 6963756D 		.ascii	"icumode_t\000"
 5493      6F64655F 
 5493      7400
 5494              	.LASF397:
 5495 0ad1 6F75745F 		.ascii	"out_state\000"
 5495      73746174 
 5495      6500
 5496              	.LASF126:
 5497 0adb 6D656D67 		.ascii	"memgetfunc_t\000"
 5497      65746675 
 5497      6E635F74 
 5497      00
 5498              	.LASF186:
 5499 0ae8 5F70616C 		.ascii	"_pal_events\000"
 5499      5F657665 
 5499      6E747300 
 5500              	.LASF31:
 5501 0af4 74687265 		.ascii	"thread_t\000"
 5501      61645F74 
 5501      00
 5502              	.LASF2:
 5503 0afd 6C6F6E67 		.ascii	"long double\000"
 5503      20646F75 
 5503      626C6500 
 5504              	.LASF47:
 5505 0b09 74687265 		.ascii	"thread_reference_t\000"
 5505      61645F72 
 5505      65666572 
 5505      656E6365 
ARM GAS  /tmp/ccfgsisC.s 			page 110


 5505      5F7400
 5506              	.LASF379:
 5507 0b1c 6F74675F 		.ascii	"otg_ram_size\000"
 5507      72616D5F 
 5507      73697A65 
 5507      00
 5508              	.LASF95:
 5509 0b29 73656E74 		.ascii	"sentmsg\000"
 5509      6D736700 
 5510              	.LASF87:
 5511 0b31 706F7274 		.ascii	"port_intctx\000"
 5511      5F696E74 
 5511      63747800 
 5512              	.LASF149:
 5513 0b3d 6F626A65 		.ascii	"objects_factory_t\000"
 5513      6374735F 
 5513      66616374 
 5513      6F72795F 
 5513      7400
 5514              	.LASF143:
 5515 0b4f 6275665F 		.ascii	"buf_list\000"
 5515      6C697374 
 5515      00
 5516              	.LASF290:
 5517 0b58 5553425F 		.ascii	"USB_EVENT_UNCONFIGURED\000"
 5517      4556454E 
 5517      545F554E 
 5517      434F4E46 
 5517      49475552 
 5518              	.LASF272:
 5519 0b6f 5553425F 		.ascii	"USB_UNINIT\000"
 5519      554E494E 
 5519      495400
 5520              	.LASF78:
 5521 0b7a 41484250 		.ascii	"AHBPrescTable\000"
 5521      72657363 
 5521      5461626C 
 5521      6500
 5522              	.LASF60:
 5523 0b88 63685F76 		.ascii	"ch_virtual_timer\000"
 5523      69727475 
 5523      616C5F74 
 5523      696D6572 
 5523      00
 5524              	.LASF389:
 5525 0b99 5553424F 		.ascii	"USBOutEndpointState\000"
 5525      7574456E 
 5525      64706F69 
 5525      6E745374 
 5525      61746500 
 5526              	.LASF190:
 5527 0bad 4943555F 		.ascii	"ICU_UNINIT\000"
 5527      554E494E 
 5527      495400
 5528              	.LASF106:
 5529 0bb8 73697A65 		.ascii	"size\000"
 5529      00
ARM GAS  /tmp/ccfgsisC.s 			page 111


 5530              	.LASF416:
 5531 0bbd 2E2E2F2E 		.ascii	"../../chibios_trunk/os/hal/src/hal_pal.c\000"
 5531      2E2F6368 
 5531      6962696F 
 5531      735F7472 
 5531      756E6B2F 
 5532              	.LASF15:
 5533 0be6 6C6F6E67 		.ascii	"long long unsigned int\000"
 5533      206C6F6E 
 5533      6720756E 
 5533      7369676E 
 5533      65642069 
 5534              	.LASF340:
 5535 0bfd 48505458 		.ascii	"HPTXFSIZ\000"
 5535      4653495A 
 5535      00
 5536              	.LASF17:
 5537 0c06 75696E74 		.ascii	"uint16_t\000"
 5537      31365F74 
 5537      00
 5538              	.LASF228:
 5539 0c0f 55415254 		.ascii	"UART_RX_ACTIVE\000"
 5539      5F52585F 
 5539      41435449 
 5539      564500
 5540              	.LASF115:
 5541 0c1e 6F66665F 		.ascii	"off_name\000"
 5541      6E616D65 
 5541      00
 5542              	.LASF177:
 5543 0c27 4C4F434B 		.ascii	"LOCKR\000"
 5543      5200
 5544              	.LASF27:
 5545 0c2d 6D73675F 		.ascii	"msg_t\000"
 5545      7400
 5546              	.LASF351:
 5547 0c33 48505254 		.ascii	"HPRT\000"
 5547      00
 5548              	.LASF53:
 5549 0c38 63685F74 		.ascii	"ch_threads_queue\000"
 5549      68726561 
 5549      64735F71 
 5549      75657565 
 5549      00
 5550              	.LASF306:
 5551 0c49 4843494E 		.ascii	"HCINTMSK\000"
 5551      544D534B 
 5551      00
 5552              	.LASF163:
 5553 0c52 43434552 		.ascii	"CCER\000"
 5553      00
 5554              	.LASF268:
 5555 0c57 73617665 		.ascii	"saved_state\000"
 5555      645F7374 
 5555      61746500 
 5556              	.LASF61:
 5557 0c63 64656C74 		.ascii	"delta\000"
ARM GAS  /tmp/ccfgsisC.s 			page 112


 5557      6100
 5558              	.LASF409:
 5559 0c69 70616C53 		.ascii	"palSetPadCallbackI\000"
 5559      65745061 
 5559      6443616C 
 5559      6C626163 
 5559      6B4900
 5560              	.LASF179:
 5561 0c7c 41465248 		.ascii	"AFRH\000"
 5561      00
 5562              	.LASF40:
 5563 0c81 72656673 		.ascii	"refs\000"
 5563      00
 5564              	.LASF32:
 5565 0c86 71756575 		.ascii	"queue\000"
 5565      6500
 5566              	.LASF156:
 5567 0c8c 76656374 		.ascii	"vector\000"
 5567      6F7200
 5568              	.LASF150:
 5569 0c93 63685F66 		.ascii	"ch_factory\000"
 5569      6163746F 
 5569      727900
 5570              	.LASF146:
 5571 0c9e 6D62785F 		.ascii	"mbx_list\000"
 5571      6C697374 
 5571      00
 5572              	.LASF73:
 5573 0ca7 6D61696E 		.ascii	"mainthread\000"
 5573      74687265 
 5573      616400
 5574              	.LASF361:
 5575 0cb2 4441494E 		.ascii	"DAINTMSK\000"
 5575      544D534B 
 5575      00
 5576              	.LASF159:
 5577 0cbb 534D4352 		.ascii	"SMCR\000"
 5577      00
 5578              	.LASF107:
 5579 0cc0 76657273 		.ascii	"version\000"
 5579      696F6E00 
 5580              	.LASF364:
 5581 0cc8 44564255 		.ascii	"DVBUSDIS\000"
 5581      53444953 
 5581      00
 5582              	.LASF319:
 5583 0cd1 73746D33 		.ascii	"stm32_otg_in_ep_t\000"
 5583      325F6F74 
 5583      675F696E 
 5583      5F65705F 
 5583      7400
 5584              	.LASF225:
 5585 0ce3 55415254 		.ascii	"UART_TX_COMPLETE\000"
 5585      5F54585F 
 5585      434F4D50 
 5585      4C455445 
 5585      00
ARM GAS  /tmp/ccfgsisC.s 			page 113


 5586              	.LASF230:
 5587 0cf4 75617274 		.ascii	"uartrxstate_t\000"
 5587      72787374 
 5587      6174655F 
 5587      7400
 5588              	.LASF395:
 5589 0d02 6F75745F 		.ascii	"out_maxsize\000"
 5589      6D617873 
 5589      697A6500 
 5590              	.LASF37:
 5591 0d0e 77616261 		.ascii	"wabase\000"
 5591      736500
 5592              	.LASF289:
 5593 0d15 5553425F 		.ascii	"USB_EVENT_CONFIGURED\000"
 5593      4556454E 
 5593      545F434F 
 5593      4E464947 
 5593      55524544 
 5594              	.LASF242:
 5595 0d2a 75617274 		.ascii	"uartccb_t\000"
 5595      6363625F 
 5595      7400
 5596              	.LASF135:
 5597 0d34 6D656D6F 		.ascii	"memory_pool_t\000"
 5597      72795F70 
 5597      6F6F6C5F 
 5597      7400
 5598              	.LASF173:
 5599 0d42 4F545950 		.ascii	"OTYPER\000"
 5599      455200
 5600              	.LASF406:
 5601 0d49 55534244 		.ascii	"USBD1\000"
 5601      3100
 5602              	.LASF400:
 5603 0d4f 55534245 		.ascii	"USBEndpointConfig\000"
 5603      6E64706F 
 5603      696E7443 
 5603      6F6E6669 
 5603      6700
 5604              	.LASF71:
 5605 0d61 726C6973 		.ascii	"rlist\000"
 5605      7400
 5606              	.LASF281:
 5607 0d67 5553425F 		.ascii	"USB_EP0_IN_WAITING_TX0\000"
 5607      4550305F 
 5607      494E5F57 
 5607      41495449 
 5607      4E475F54 
 5608              	.LASF23:
 5609 0d7e 746D6F64 		.ascii	"tmode_t\000"
 5609      655F7400 
 5610              	.LASF153:
 5611 0d86 64756D6D 		.ascii	"dummy\000"
 5611      7900
 5612              	.LASF302:
 5613 0d8c 75736267 		.ascii	"usbgetdescriptor_t\000"
 5613      65746465 
ARM GAS  /tmp/ccfgsisC.s 			page 114


 5613      73637269 
 5613      70746F72 
 5613      5F7400
 5614              	.LASF244:
 5615 0d9f 7478656E 		.ascii	"txend1_cb\000"
 5615      64315F63 
 5615      6200
 5616              	.LASF227:
 5617 0da9 55415254 		.ascii	"UART_RX_IDLE\000"
 5617      5F52585F 
 5617      49444C45 
 5617      00
 5618              	.LASF258:
 5619 0db6 696E5F70 		.ascii	"in_params\000"
 5619      6172616D 
 5619      7300
 5620              	.LASF90:
 5621 0dc0 746D5F63 		.ascii	"tm_calibration_t\000"
 5621      616C6962 
 5621      72617469 
 5621      6F6E5F74 
 5621      00
 5622              	.LASF81:
 5623 0dd1 4D304152 		.ascii	"M0AR\000"
 5623      00
 5624              	.LASF36:
 5625 0dd6 6E616D65 		.ascii	"name\000"
 5625      00
 5626              	.LASF410:
 5627 0ddb 706F7274 		.ascii	"port\000"
 5627      00
 5628              	.LASF79:
 5629 0de0 41504250 		.ascii	"APBPrescTable\000"
 5629      72657363 
 5629      5461626C 
 5629      6500
 5630              	.LASF21:
 5631 0dee 75696E74 		.ascii	"uint_fast8_t\000"
 5631      5F666173 
 5631      74385F74 
 5631      00
 5632              	.LASF236:
 5633 0dfb 646D6172 		.ascii	"dmarxmode\000"
 5633      786D6F64 
 5633      6500
 5634              	.LASF366:
 5635 0e05 72657376 		.ascii	"resvd830\000"
 5635      64383330 
 5635      00
 5636              	.LASF7:
 5637 0e0e 73686F72 		.ascii	"short int\000"
 5637      7420696E 
 5637      7400
 5638              	.LASF385:
 5639 0e18 746F7473 		.ascii	"totsize\000"
 5639      697A6500 
 5640              	.LASF20:
ARM GAS  /tmp/ccfgsisC.s 			page 115


 5641 0e20 75696E74 		.ascii	"uint64_t\000"
 5641      36345F74 
 5641      00
 5642              	.LASF209:
 5643 0e29 6D6F6465 		.ascii	"mode\000"
 5643      00
 5644              	.LASF62:
 5645 0e2e 66756E63 		.ascii	"func\000"
 5645      00
 5646              	.LASF100:
 5647 0e33 63685F6D 		.ascii	"ch_mutex\000"
 5647      75746578 
 5647      00
 5648              	.LASF287:
 5649 0e3c 5553425F 		.ascii	"USB_EVENT_RESET\000"
 5649      4556454E 
 5649      545F5245 
 5649      53455400 
 5650              	.LASF308:
 5651 0e4c 72657376 		.ascii	"resvd14\000"
 5651      64313400 
 5652              	.LASF42:
 5653 0e54 6D736771 		.ascii	"msgqueue\000"
 5653      75657565 
 5653      00
 5654              	.LASF309:
 5655 0e5d 72657376 		.ascii	"resvd18\000"
 5655      64313800 
 5656              	.LASF418:
 5657 0e65 70616C52 		.ascii	"palReadBus\000"
 5657      65616442 
 5657      757300
 5658              	.LASF317:
 5659 0e70 44545846 		.ascii	"DTXFSTS\000"
 5659      53545300 
 5660              	.LASF318:
 5661 0e78 72657376 		.ascii	"resvd1C\000"
 5661      64314300 
 5662              	.LASF358:
 5663 0e80 44494550 		.ascii	"DIEPMSK\000"
 5663      4D534B00 
 5664              	.LASF222:
 5665 0e88 75617274 		.ascii	"uartstate_t\000"
 5665      73746174 
 5665      655F7400 
 5666              	.LASF67:
 5667 0e94 63685F73 		.ascii	"ch_system_debug\000"
 5667      79737465 
 5667      6D5F6465 
 5667      62756700 
 5668              	.LASF139:
 5669 0ea4 64796E5F 		.ascii	"dyn_list_t\000"
 5669      6C697374 
 5669      5F7400
 5670              	.LASF310:
 5671 0eaf 72657376 		.ascii	"resvd1c\000"
 5671      64316300 
ARM GAS  /tmp/ccfgsisC.s 			page 116


 5672              	.LASF301:
 5673 0eb7 75736272 		.ascii	"usbreqhandler_t\000"
 5673      65716861 
 5673      6E646C65 
 5673      725F7400 
 5674              	.LASF176:
 5675 0ec7 42535252 		.ascii	"BSRR\000"
 5675      00
 5676              	.LASF298:
 5677 0ecc 75736263 		.ascii	"usbcallback_t\000"
 5677      616C6C62 
 5677      61636B5F 
 5677      7400
 5678              	.LASF328:
 5679 0eda 47525354 		.ascii	"GRSTCTL\000"
 5679      43544C00 
 5680              	.LASF329:
 5681 0ee2 47494E54 		.ascii	"GINTSTS\000"
 5681      53545300 
 5682              	.LASF132:
 5683 0eea 6F626A65 		.ascii	"object_size\000"
 5683      63745F73 
 5683      697A6500 
 5684              	.LASF193:
 5685 0ef6 4943555F 		.ascii	"ICU_WAITING\000"
 5685      57414954 
 5685      494E4700 
 5686              	.LASF72:
 5687 0f02 76746C69 		.ascii	"vtlist\000"
 5687      737400
 5688              	.LASF41:
 5689 0f09 77616974 		.ascii	"waiting\000"
 5689      696E6700 
 5690              	.LASF408:
 5691 0f11 70616C53 		.ascii	"palSetLineCallbackI\000"
 5691      65744C69 
 5691      6E654361 
 5691      6C6C6261 
 5691      636B4900 
 5692              	.LASF314:
 5693 0f25 44494550 		.ascii	"DIEPINT\000"
 5693      494E5400 
 5694              	.LASF335:
 5695 0f2d 484E5054 		.ascii	"HNPTXSTS\000"
 5695      58535453 
 5695      00
 5696              	.LASF284:
 5697 0f36 5553425F 		.ascii	"USB_EP0_OUT_RX\000"
 5697      4550305F 
 5697      4F55545F 
 5697      525800
 5698              	.LASF185:
 5699 0f45 696F7061 		.ascii	"iopadid_t\000"
 5699      6469645F 
 5699      7400
 5700              	.LASF137:
 5701 0f4f 64796E5F 		.ascii	"dyn_element_t\000"
ARM GAS  /tmp/ccfgsisC.s 			page 117


 5701      656C656D 
 5701      656E745F 
 5701      7400
 5702              	.LASF124:
 5703 0f5d 6D757465 		.ascii	"mutex_t\000"
 5703      785F7400 
 5704              	.LASF25:
 5705 0f65 74726566 		.ascii	"trefs_t\000"
 5705      735F7400 
 5706              	.LASF127:
 5707 0f6d 62617365 		.ascii	"basemem\000"
 5707      6D656D00 
 5708              	.LASF88:
 5709 0f75 706F7274 		.ascii	"port_context\000"
 5709      5F636F6E 
 5709      74657874 
 5709      00
 5710              	.LASF48:
 5711 0f82 74687265 		.ascii	"threads_list_t\000"
 5711      6164735F 
 5711      6C697374 
 5711      5F7400
 5712              	.LASF223:
 5713 0f91 55415254 		.ascii	"UART_TX_IDLE\000"
 5713      5F54585F 
 5713      49444C45 
 5713      00
 5714              	.LASF241:
 5715 0f9e 75617274 		.ascii	"uartcb_t\000"
 5715      63625F74 
 5715      00
 5716              	.LASF415:
 5717 0fa7 474E5520 		.ascii	"GNU C17 9.2.1 20191025 (release) [ARM/arm-9-branch "
 5717      43313720 
 5717      392E322E 
 5717      31203230 
 5717      31393130 
 5718 0fda 72657669 		.ascii	"revision 277599] -mcpu=cortex-m4 -mthumb -mfloat-ab"
 5718      73696F6E 
 5718      20323737 
 5718      3539395D 
 5718      202D6D63 
 5719 100d 693D736F 		.ascii	"i=soft -march=armv7e-m -ggdb -O2 -fomit-frame-point"
 5719      6674202D 
 5719      6D617263 
 5719      683D6172 
 5719      6D763765 
 5720 1040 6572202D 		.ascii	"er -falign-functions=16 -ffunction-sections -fdata-"
 5720      66616C69 
 5720      676E2D66 
 5720      756E6374 
 5720      696F6E73 
 5721 1073 73656374 		.ascii	"sections -fno-common -flto\000"
 5721      696F6E73 
 5721      202D666E 
 5721      6F2D636F 
 5721      6D6D6F6E 
ARM GAS  /tmp/ccfgsisC.s 			page 118


 5722              	.LASF336:
 5723 108e 72657376 		.ascii	"resvd30\000"
 5723      64333000 
 5724              	.LASF412:
 5725 1096 70616C57 		.ascii	"palWriteBus\000"
 5725      72697465 
 5725      42757300 
 5726              	.LASF70:
 5727 10a2 63685F73 		.ascii	"ch_system\000"
 5727      79737465 
 5727      6D00
 5728              	.LASF337:
 5729 10ac 72657376 		.ascii	"resvd34\000"
 5729      64333400 
 5730              	.LASF34:
 5731 10b4 6E657765 		.ascii	"newer\000"
 5731      7200
 5732              	.LASF164:
 5733 10ba 42445452 		.ascii	"BDTR\000"
 5733      00
 5734              	.LASF19:
 5735 10bf 75696E74 		.ascii	"uint32_t\000"
 5735      33325F74 
 5735      00
 5736              	.LASF271:
 5737 10c8 75736265 		.ascii	"usbep_t\000"
 5737      705F7400 
 5738              	.LASF91:
 5739 10d0 7264796D 		.ascii	"rdymsg\000"
 5739      736700
 5740              	.LASF9:
 5741 10d7 73686F72 		.ascii	"short unsigned int\000"
 5741      7420756E 
 5741      7369676E 
 5741      65642069 
 5741      6E7400
 5742              	.LASF356:
 5743 10ea 44535453 		.ascii	"DSTS\000"
 5743      00
 5744              	.LASF402:
 5745 10ef 6765745F 		.ascii	"get_descriptor_cb\000"
 5745      64657363 
 5745      72697074 
 5745      6F725F63 
 5745      6200
 5746              	.LASF69:
 5747 1101 63685F73 		.ascii	"ch_system_t\000"
 5747      79737465 
 5747      6D5F7400 
 5748              	.LASF122:
 5749 110d 63686465 		.ascii	"chdebug_t\000"
 5749      6275675F 
 5749      7400
 5750              	.LASF291:
 5751 1117 5553425F 		.ascii	"USB_EVENT_SUSPEND\000"
 5751      4556454E 
 5751      545F5355 
ARM GAS  /tmp/ccfgsisC.s 			page 119


 5751      5350454E 
 5751      4400
 5752              	.LASF259:
 5753 1129 6F75745F 		.ascii	"out_params\000"
 5753      70617261 
 5753      6D7300
 5754              	.LASF109:
 5755 1134 74696D65 		.ascii	"timesize\000"
 5755      73697A65 
 5755      00
 5756              	.LASF263:
 5757 113d 65703065 		.ascii	"ep0endcb\000"
 5757      6E646362 
 5757      00
 5758              	.LASF252:
 5759 1146 55415254 		.ascii	"UARTD1\000"
 5759      443100
 5760              	.LASF253:
 5761 114d 55415254 		.ascii	"UARTD2\000"
 5761      443200
 5762              	.LASF10:
 5763 1154 5F5F696E 		.ascii	"__int32_t\000"
 5763      7433325F 
 5763      7400
 5764              	.LASF80:
 5765 115e 4E445452 		.ascii	"NDTR\000"
 5765      00
 5766              	.LASF152:
 5767 1163 69666372 		.ascii	"ifcr\000"
 5767      00
 5768              	.LASF339:
 5769 1168 72657376 		.ascii	"resvd58\000"
 5769      64353800 
 5770              	.LASF130:
 5771 1170 63685F6D 		.ascii	"ch_memcore\000"
 5771      656D636F 
 5771      726500
 5772              	.LASF118:
 5773 117b 6F66665F 		.ascii	"off_flags\000"
 5773      666C6167 
 5773      7300
 5774              	.LASF221:
 5775 1185 55415254 		.ascii	"UART_READY\000"
 5775      5F524541 
 5775      445900
 5776              	.LASF200:
 5777 1190 70636372 		.ascii	"pccrp\000"
 5777      7000
 5778              	.LASF51:
 5779 1196 6E657874 		.ascii	"next\000"
 5779      00
 5780              	.LASF270:
 5781 119b 706D6E65 		.ascii	"pmnext\000"
 5781      787400
 5782              	.LASF54:
 5783 11a2 70726576 		.ascii	"prev\000"
 5783      00
ARM GAS  /tmp/ccfgsisC.s 			page 120


 5784              	.LASF138:
 5785 11a7 63685F64 		.ascii	"ch_dyn_list\000"
 5785      796E5F6C 
 5785      69737400 
 5786              	.LASF104:
 5787 11b3 6964656E 		.ascii	"identifier\000"
 5787      74696669 
 5787      657200
 5788              	.LASF404:
 5789 11be 736F665F 		.ascii	"sof_cb\000"
 5789      636200
 5790              	.LASF342:
 5791 11c5 72657376 		.ascii	"resvd140\000"
 5791      64313430 
 5791      00
 5792              	.LASF201:
 5793 11ce 69637563 		.ascii	"icucallback_t\000"
 5793      616C6C62 
 5793      61636B5F 
 5793      7400
 5794              	.LASF411:
 5795 11dc 70616C53 		.ascii	"palSetBusMode\000"
 5795      65744275 
 5795      734D6F64 
 5795      6500
 5796              		.text
 5797              		.section	.gnu.lto_.profile.c62bf18edf2af8e,"e",%progbits
 5798 0000 789CE360 		.ascii	"x\234\343``\004B \000\000\000]\000\013"
 5798      60044220 
 5798      0000005D 
 5798      000B
 5799              		.text
 5800              		.section	.gnu.lto_.icf.c62bf18edf2af8e,"e",%progbits
 5801 0000 789CE360 		.ascii	"x\234\343``dP`@\000V\206)\217\366w\2623v\257Z<\237\215"
 5801      60645060 
 5801      40005686 
 5801      298FF677 
 5801      B23376AF 
 5802 0018 E9C0A3D6 		.ascii	"\351\300\243\326\005\374\3143\273W\355\341`]\335\371"
 5802      05FCCC33 
 5802      BB57EDE1 
 5802      605DDDF9 
 5803 0028 752B3303 		.ascii	"u+3\003\000\345\252\015\305"
 5803      00E5AA0D 
 5803      C5
 5804              		.text
 5805              		.section	.gnu.lto_.jmpfuncs.c62bf18edf2af8e,"e",%progbits
 5806 0000 789C5D8C 		.ascii	"x\234]\214K\012\2000\020C\223\371\264\256\364\306\212"
 5806      4B0A8030 
 5806      104393F9 
 5806      B4AEF4C6 
 5806      8A
 5807 0011 2799AB78 		.ascii	"'\231\253x3M\027Eh\340A\362\026\331@\334\370\223 y\225"
 5807      334D1745 
 5807      68E041F2 
 5807      16D940DC 
 5807      F8932079 
ARM GAS  /tmp/ccfgsisC.s 			page 121


 5808 0026 8346FA28 		.ascii	"\203F\372(\2026\007\313\255\001|\202\020\257r`\335q"
 5808      823607CB 
 5808      AD017C82 
 5808      10AF7260 
 5808      DD71
 5809 0038 72551EBA 		.ascii	"rU\036\272\345\216\362q\023\"EK\227\355j}\032|\235\006"
 5809      E58EF271 
 5809      1322454B 
 5809      97ED6A7D 
 5809      1A7C9D06 
 5810 004c 1ED0     		.ascii	"\036\320"
 5811              		.text
 5812              		.section	.gnu.lto_.inline.c62bf18edf2af8e,"e",%progbits
 5813 0000 789CAD51 		.ascii	"x\234\255Q\301\015\3020\014<\333)JU@<y\360\310(L\300"
 5813      C10DC230 
 5813      0C3CDB29 
 5813      4A55403C 
 5813      79F0C828 
 5814 0016 10B4942D 		.ascii	"\020\264\224-\020l\300\010\214\300\010L\305\033\333"
 5814      106CC008 
 5814      8CC0084C 
 5814      C51BDB
 5815 0025 90A695E0 		.ascii	"\220\246\225\340\207\243X\366\331\321\235\235\010\302"
 5815      87A358F6 
 5815      D9D19D9D 
 5815      08C2
 5816 0033 93305805 		.ascii	"\2230X\005\324g5\356I\220\010\002\367[\367)\316\254"
 5816      D46735EE 
 5816      49900802 
 5816      F75BF729 
 5816      CEAC
 5817 0045 261DE001 		.ascii	"&\035\340\001w\014\006y\270g\204!F(h,h,\350\252\240"
 5817      770C0679 
 5817      B8678421 
 5817      4628682C 
 5817      682CE8AA 
 5818 005a 2BE3252C 		.ascii	"+\343%,5\273IO\201\222\351q\276\0217\032\366\376v\302"
 5818      35BB494F 
 5818      8192E971 
 5818      BE11371A 
 5818      F6FE76C2 
 5819 006e 9DB15F7C 		.ascii	"\235\261_|\341\335\212\371\204Y|\212V\231\363<\233R"
 5819      E1DD8AF9 
 5819      84597C8A 
 5819      5699F33C 
 5819      9B52
 5820 0080 4FE57D32 		.ascii	"O\345}2e\214F\263;\037'\013\371H\253\201\213VO\177^"
 5820      658C46B3 
 5820      3B1F270B 
 5820      F948AB81 
 5820      8B564F7F 
 5821 0095 481E6B6D 		.ascii	"H\036km\002\302B\235\\wv\004\225\227\016\004\316\263"
 5821      02C2429D 
 5821      5C777604 
 5821      95970E04 
 5821      CEB3
 5822 00a7 8DA9FD07 		.ascii	"\215\251\375\007-\177h\013\231F\310\267\276\2627\330"
ARM GAS  /tmp/ccfgsisC.s 			page 122


 5822      2D7F680B 
 5822      9946C8B7 
 5822      BEB237D8 
 5823 00b7 7D017F41 		.ascii	"}\001\177Ad-"
 5823      642D
 5824              		.text
 5825              		.section	.gnu.lto_.pureconst.c62bf18edf2af8e,"e",%progbits
 5826 0000 789CE360 		.ascii	"x\234\343``d\020````e\230\305\3028\213\205i&\013\363"
 5826      60641060 
 5826      60606065 
 5826      98C5C238 
 5826      8B856926 
 5827 0016 2C16D659 		.ascii	",\026\326Y,\000\033Q\003?"
 5827      2C001B51 
 5827      033F
 5828              		.text
 5829              		.section	.gnu.lto_palReadBus.c62bf18edf2af8e,"e",%progbits
 5830 0000 789C9591 		.ascii	"x\234\225\221\317k\023Q\020\307\347\373f\263\331\264"
 5830      CF6B1351 
 5830      10C7E7FB 
 5830      66B3D9B4 
 5831 0010 8997DE2C 		.ascii	"\211\227\336,B\020\241\004$\311\241 \275\210 \370o\224"
 5831      4210A104 
 5831      24C9A120 
 5831      BD8820F8 
 5831      6F94
 5832 0022 34145A2C 		.ascii	"4\024Z,V\032{\356\313\246\266\207\326*R\033E6\201j\250"
 5832      561A7BEE 
 5832      CBA6B687 
 5832      D62A521B 
 5832      4536816A 
 5833 0037 A746A122 		.ascii	"\247F\241\"j\3245\376\214\027\177\034\004Ez\360\320"
 5833      6AD435FE 
 5833      8C177F1C 
 5833      04457AF0 
 5833      D0
 5834 0048 8307BD78 		.ascii	"\203\007\275x\360 \325yo\243V\364\322e\367\355w\336"
 5834      F020D579 
 5834      6FA356F4 
 5834      D265F7ED 
 5834      77DE
 5835 005a CC7CDECC 		.ascii	"\314|\336\314<\217@MEt\224\210\366\311\007&(\255\365"
 5835      3C8F404D 
 5835      45749488 
 5835      F6C90726 
 5835      28ADF5
 5836 006d 9178D953 		.ascii	"\221x\331S\200U\332\003\315(\314\340,W\031\233~\360"
 5836      8055DA03 
 5836      CD28CCE0 
 5836      2C57199B 
 5836      7EF0
 5837 007f 2DB9C475 		.ascii	"-\271\304u\011t\304\\~\261\321\3511&\220\026s\366m\355"
 5837      0974C45C 
 5837      7EB1D1E9 
 5837      31269016 
 5837      73F66DED 
 5838 0093 B69359D3 		.ascii	"\266\223Y\323\332\327a\365\274[\333x\245\023uVtI\302"
ARM GAS  /tmp/ccfgsisC.s 			page 123


 5838      DAD761F5 
 5838      BC5BDB78 
 5838      A5137556 
 5838      7449C2
 5839 00a6 EFA21F77 		.ascii	"\357\242\037w\320O\346A\013\031\011?\375\272:\307|\020"
 5839      D04FE641 
 5839      0B19093F 
 5839      FDBA3AC7 
 5839      7C10
 5840 00b8 24BA525B 		.ascii	"$\272R[\271\326;\320\260\251_\257\262>Pg\306=\360_\251"
 5840      B9D63BD0 
 5840      B0A95FAF 
 5840      B23E5067 
 5840      C63DF05F 
 5841 00cd B2976F1F 		.ascii	"\262\227o\037&\334\307\000\231\244\2177\266/\244\\\307"
 5841      26DCC700 
 5841      99A48F37 
 5841      B62FA45C 
 5841      C7
 5842 00de F00DF501 		.ascii	"\360\015\365\001\\i\210\250\371&\026\352\355\037\363"
 5842      5C6988A8 
 5842      F92616EA 
 5842      ED1FF3
 5843 00ed 3AFCD040 		.ascii	":\374\320@p,\241$\321aYb\216,n\314(\327,q\030\224G\246"
 5843      702CA124 
 5843      D1615962 
 5843      8E2C6ECC 
 5843      28D72C71 
 5844 0105 465A6092 		.ascii	"FZ`\222\206\265\003\035\022-\262\212\214\262\030[\320"
 5844      86B5031D 
 5844      122DB28A 
 5844      8CB2185B 
 5844      D0
 5845 0116 ABCD45B6 		.ascii	"\253\315E\266|\321\373\377\021\2537\223V~\202\337\352"
 5845      7CD1FBFF 
 5845      11AB3793 
 5845      567E82DF 
 5845      EA
 5846 0127 EC353260 		.ascii	"\35452`%\365-U\276lzf<l{\014\337_\177\267\247\201+e"
 5846      25F52D55 
 5846      BE6C7A66 
 5846      3C6C7B0C 
 5846      DF5F7FB7 
 5847 013f 21A7EB1C 		.ascii	"!\247\353\034\0178\216\320\364%\276\365[k/S\371u}\316"
 5847      0F388ED0 
 5847      F425BEF5 
 5847      5B6B2F53 
 5847      F9757DCE 
 5848 0153 BA3C3C44 		.ascii	"\272<<D\003\027\243\266\332\310\013\271\335JD`\336\011"
 5848      0317A3B6 
 5848      DAC80BB9 
 5848      DD4A4460 
 5848      DE09
 5849 0165 4EFC0FDC 		.ascii	"N\374\017\334#\247\343Q\027\034\234\271\274\305\002"
 5849      23A7E351 
 5849      171C9CB9 
 5849      BCC502
ARM GAS  /tmp/ccfgsisC.s 			page 124


 5850 0174 9E2D1B57 		.ascii	"\236-\033W/\036[\260\031\023\236X\260\377\013\354\354"
 5850      2F1E5BB0 
 5850      19139E58 
 5850      B0FF0BEC 
 5850      EC
 5851 0185 AAC4249E 		.ascii	"\252\304$\236Z\2222\244g\226T\371>\207\010\025\2232"
 5851      5A9232A4 
 5851      679654F9 
 5851      3E870815 
 5851      9332
 5852 0197 05B893EE 		.ascii	"\005\270\223\356\356\212\236\302sK7\023@'\242\257\314"
 5852      EE8A9EC2 
 5852      734B3713 
 5852      4027A2AF 
 5852      CC
 5853 01a8 77E99E3D 		.ascii	"w\351\236=\300\245\317\360\323\335\0353\250\005\306"
 5853      C0A5CFF0 
 5853      D3DD1D33 
 5853      A805C6
 5854 01b7 9F0B24CA 		.ascii	"\237\013$\312d\2639y\213c\343#\343\223\245\341SS\323"
 5854      64B33979 
 5854      8B63E323 
 5854      E393A5E1 
 5854      5353D3
 5855 01ca 278EE726 		.ascii	"'\216\347&K\271\261\302D\2564U4\377\341\223\205\211"
 5855      4BB9B1C2 
 5855      44AE3455 
 5855      34FFE193 
 5855      8589
 5856 01dc 6C917864 		.ascii	"l\221xd\272\324\367\333\314\016\036\032*\014\216\216"
 5856      BAD4F7DB 
 5856      CC0E1E1A 
 5856      2A0C8E8E 
 5857 01ec 0ED14FBE 		.ascii	"\016\321O\276i\347\206"
 5857      69E786
 5858              		.text
 5859              		.section	.gnu.lto_palWriteBus.c62bf18edf2af8e,"e",%progbits
 5860 0000 789C9552 		.ascii	"x\234\225R\313KTa\024?\277\373\335y\317\370\240M \201"
 5860      CB4B5461 
 5860      143FBFFB 
 5860      DD79CFF8 
 5860      A04D2081 
 5861 0014 442242CC 		.ascii	"D\"B\314\334\205\020.\222\026m\352\237\020\025AI2\034"
 5861      DC85102E 
 5861      92166DEA 
 5861      9F101541 
 5861      49321C
 5862 0027 A5A5DF8C 		.ascii	"\245\245\337\214\257\205\217,J\247l\234\0321k\243\006"
 5862      AF858F2C 
 5862      4AA76C9C 
 5862      1A316BA3 
 5862      06
 5863 0038 41945693 		.ascii	"A\224V\223=L\263\264\240\300\002\243\026.\"\234E\022"
 5863      3D4CB3B4 
 5863      A0C002A3 
 5863      162E229C 
 5863      4512
ARM GAS  /tmp/ccfgsisC.s 			page 125


 5864 004a BDD0CEF7 		.ascii	"\275\320\316\367\335\031\265l\343e\356\231\363\374\235"
 5864      DD19B56C 
 5864      E365EE99 
 5864      F3FC9D
 5865 0059 DF39E7BA 		.ascii	"\3379\347\272\011\224o\022\035'\242}\374B\020\014)\345"
 5865      09946F12 
 5865      1D27A27D 
 5865      FC42100C 
 5865      29E5
 5866 006b 1157C46D 		.ascii	"\021W\304m\000Z\223nP\213\201\026\234\021\003\002\323"
 5866      005A936E 
 5866      508B8116 
 5866      9C110302 
 5866      D3
 5867 007c 9D2B778C 		.ascii	"\235+w\214\222Q\216\310\324\300\232\263C\266\357M\010"
 5867      92518EC8 
 5867      D4C09AB3 
 5867      43B6EF4D 
 5867      08
 5868 008d A28BFCDA 		.ascii	"\242\213\374\332\017\356\242\204\363\226\243\361\357"
 5868      0FEEA284 
 5868      F396A3F1 
 5868      EF
 5869 009a FE5E9110 		.ascii	"\376^\221\020\200\311\346\371\271[\263^e\032(d\263\375"
 5869      80C9E6F9 
 5869      B95BB35E 
 5869      651A2864 
 5869      B3FD
 5870 00ac D5408710 		.ascii	"\325@\207\020\007A\254\267\016\365_\367\025\217H\031"
 5870      0741ACB7 
 5870      0EF55FF7 
 5870      158F4819 
 5871 00bc 95A9DFC3 		.ascii	"\225\251\337\303B\036H\010\201{\020\014\211)\024`\022"
 5871      421E4808 
 5871      817B100C 
 5871      89291460 
 5871      12
 5872 00cd 0544ECB3 		.ascii	"\005D\354\263\322\207\011\367Q\314%\361\365\344\214"
 5872      D28709F7 
 5872      51CC25F1 
 5872      F5E48C
 5873 00dc 4F1CD5E5 		.ascii	"O\034\325\345\351\217\261\033\310\224\317_\323\345&"
 5873      E98FB11B 
 5873      C894CF5F 
 5873      D3E526
 5874 00eb 1EEC2837 		.ascii	"\036\354(7\255_\\\236B1\251\242O7\327/\004\234f\206"
 5874      AD5F5C9E 
 5874      4231A9A2 
 5874      4F37D72F 
 5874      049C6686 
 5875 00ff 361EC209 		.ascii	"6\036\302\011\366.-Nt\345\210c\032v\\N\016y\212\206"
 5875      F62E2D4E 
 5875      74E58863 
 5875      1A765C4E 
 5875      0E798A86 
 5876 0113 35ECB741 		.ascii	"5\354\267A\347%\231j+L\010\007\246\377A&\262\316\226"
 5876      E725996A 
ARM GAS  /tmp/ccfgsisC.s 			page 126


 5876      2B4C0807 
 5876      A6FF4126 
 5876      B2CE96
 5877 0126 6F83C423 		.ascii	"o\203\304#\024i@\262\372\312\011\217\031\231\033(\357"
 5877      146940B2 
 5877      FACA098F 
 5877      19991B28 
 5877      EF
 5878 0137 F86B474A 		.ascii	"\370kGJ\256ot\312\324\333\202\364\332\207\374\\@\361"
 5878      AE6F74CA 
 5878      D4DB82F4 
 5878      DA87FC5C 
 5878      40F1
 5879 0149 31989C53 		.ascii	"1\230\234S(a*\341`\341r*\341R\246[\011\217\022^\026"
 5879      28612AE1 
 5879      60E1722A 
 5879      E152A65B 
 5879      098F125E 
 5880 015e 6E3FD406 		.ascii	"n?\324\006\002\244\273P\227 u\007\0232E\324-\014\333"
 5880      02A4BB50 
 5880      97207507 
 5880      133245D4 
 5880      2D0CDB
 5881 0171 88B0B102 		.ascii	"\210\260\261\002\231\374\332#4\017\326\367\357P\222"
 5881      99FCDA23 
 5881      340FD6F7 
 5881      EF5092
 5882 0180 3F028A1B 		.ascii	"?\002\212\033}F4\326\011\245\306\205\021\027P\216)\217"
 5882      7D4634D6 
 5882      09A5C685 
 5882      1117508E 
 5882      298F
 5883 0192 6DAB73F7 		.ascii	"m\253s\367\266\246\227\335\352nBo%\365nb)g\004\303\021"
 5883      B6A697DD 
 5883      EA6E426F 
 5883      25F56E62 
 5883      296704C3 
 5884 01a7 EEC4EBF0 		.ascii	"\356\304\353\360\304\205\037O\324\03286v{t!`\215\311"
 5884      C4851F4F 
 5884      D41A3836 
 5884      767B7421 
 5884      608DC9
 5885 01ba 3E1DF2E2 		.ascii	">\035\362\342)F\020\263\367;\003\213\201[\373\263\235"
 5885      294610B3 
 5885      F73B038B 
 5885      815BFBB3 
 5885      9D
 5886 01cb 4CDD4C6C 		.ascii	"L\335Llo\346\330\025\272\017\3174:\024\372\254\215~"
 5886      6FE6D815 
 5886      BA0FCF34 
 5886      3A14FAAC 
 5886      8D7E
 5887 01dd B923839E 		.ascii	"\271#\203\236A\273\372f1\012E\335\205<\3141\014\347"
 5887      41BBFA66 
 5887      310A45DD 
 5887      853CCC31 
 5887      0CE7
ARM GAS  /tmp/ccfgsisC.s 			page 127


 5888 01ef FCCCE6B8 		.ascii	"\374\314\346\2704\011\347_\254\334<\277\315j+\317\243"
 5888      3409E75F 
 5888      ACDC3CBF 
 5888      CD6A2BCF 
 5888      A3
 5889 0200 DD0EE53B 		.ascii	"\335\016\345;\227\315\013\350r\017\2571Z\250\017\314"
 5889      97CD0BE8 
 5889      720FAF31 
 5889      5AA80FCC 
 5890 0210 C760AFBD 		.ascii	"\307`\257\275\337\314R\263cyw5\226\037\317\365X\206"
 5890      DFCC52B3 
 5890      63797735 
 5890      961FCFF5 
 5890      5886
 5891 0222 1A6B5E8F 		.ascii	"\032k^\2175\335\257\221\266\237\"\360\277S\344p/\274"
 5891      35DDAF91 
 5891      B69F22F0 
 5891      BF53E470 
 5891      2FBC
 5892 0234 C8A0C67B 		.ascii	"\310\240\306{\006W\004\243\266ET(\027/5\252\272\005"
 5892      065704A3 
 5892      B6455428 
 5892      172F35AA 
 5892      BA05
 5893 0246 07BBBFBC 		.ascii	"\007\273\277\274\237\362m\006\363\260\000+&L\325q\021"
 5893      9FF26D06 
 5893      F3B0002B 
 5893      264CD571 
 5893      11
 5894 0257 56668EE4 		.ascii	"Vf\216\344\252\375\355\254\"ze\243\007ZWO\227\300\326"
 5894      AAFDEDAC 
 5894      227A65A3 
 5894      075A574F 
 5894      97C0D6
 5895 026a 17475412 		.ascii	"\027GT\022\014\206\370W][WU\327\020\256hjl>y\"\324\020"
 5895      0C86F857 
 5895      5D5B5755 
 5895      D710AE68 
 5895      6A6C3E79 
 5896 0281 0ED556D6 		.ascii	"\016\325V\326\207\302\215\325\352\277\342Te}\260\232"
 5896      87C28DD5 
 5896      EABFE254 
 5896      657DB09A 
 5897 0291 44557378 		.ascii	"DUsx\317\246\031,=TVYZSSFfU]S\030\247\377\000\370WO"
 5897      CFA6192C 
 5897      3D545659 
 5897      5A535346 
 5897      66555D53 
 5898 02ac FC       		.ascii	"\374"
 5899              		.text
 5900              		.section	.gnu.lto_palSetBusMode.c62bf18edf2af8e,"e",%progbits
 5901 0000 789C9592 		.ascii	"x\234\225\222\313k\023Q\024\306\3177g\222\2314\215."
 5901      CB6B1351 
 5901      14C6CF37 
 5901      67929934 
 5901      8D2E
 5902 0012 DC084508 		.ascii	"\334\010E\010\"\204\200$Y\024\244\013\241\013A\377\213"
ARM GAS  /tmp/ccfgsisC.s 			page 128


 5902      22848024 
 5902      5914A40B 
 5902      A10B41FF 
 5902      8B
 5903 0023 92C6408B 		.ascii	"\222\306@\213\325Hc\327\275\231\264\351\242\322\024"
 5903      D54863D7 
 5903      BD99B4E9 
 5903      A2D214
 5904 0032 7CC42EE2 		.ascii	"|\304.\342H5MW\255OD[u\254\317JA\354N\301.\\t!E\027"
 5904      48354D57 
 5904      AD4F445B 
 5904      75ACCF4A 
 5904      41EC4EC1 
 5905 004c 6EA448EB 		.ascii	"n\244H\353\2717\305\007]u\230;\363\2359\367\373q\316"
 5905      B937C507 
 5905      5D75983B 
 5905      F39D39F7 
 5905      FB71CE
 5906 005f B9E312A8 		.ascii	"\271\343\022\250i\021\235\"\242C\262\300\004K)\325\355"
 5906      69119D22 
 5906      A243B2C0 
 5906      044B29D5 
 5906      ED
 5907 0070 945C0B30 		.ascii	"\224\\\0130J\271\240a\013\303\250r\215\2614\266\376"
 5907      4AB9A061 
 5907      0BC3A872 
 5907      8DB134B6 
 5907      FE
 5908 0081 C84A3625 		.ascii	"\310J6%\243\202\332\252SQ\243\007}&\232\222\325\272"
 5908      A382DAAA 
 5908      5351A307 
 5908      7D269A92 
 5908      D5BA
 5909 0093 F01849D9 		.ascii	"\360\030I\331\267\346\325\177\266O\260\317\200-\341"
 5909      B7E6D57F 
 5909      B64FB0CF 
 5909      802DE1
 5910 00a2 E577F797 		.ascii	"\345w\367\227\333th!.\341\350\207Z\205\371(Ht\371\372"
 5910      DB746821 
 5910      2EE1E887 
 5910      5A85F928 
 5910      4874F9FA 
 5911 00b6 D5D968A2 		.ascii	"\325\331h\242\241\224\247\202\225[\254\216\370\314x"
 5911      A194A782 
 5911      955BAC8E 
 5911      F8CC78
 5912 00c5 02162416 		.ascii	"\002\026$\026\321\201\005t\020\311\267\314\314q\302"
 5912      D1810574 
 5912      10C9B7CC 
 5912      CC71C2
 5913 00d4 5324C4F2 		.ascii	"S$\304\362\343^\343R\224O\030{}\263Yuv\354\277\032\306"
 5913      E35EE352 
 5913      944F187B 
 5913      7DB35975 
 5913      76ECBF1A 
 5914 00e9 6EE3D92E 		.ascii	"n\343\331.\273\235\271+\366\000\011\322\246/w\266\256"
 5914      BB9DB92B 
ARM GAS  /tmp/ccfgsisC.s 			page 129


 5914      F60009D2 
 5914      A62F77B6 
 5914      AE
 5915 00fa C4C2F64E 		.ascii	"\304\302\366N\331x\216\260\014\202h~5\024\250\255\355"
 5915      D9788EB0 
 5915      0C82687E 
 5915      3514A8AD 
 5915      ED
 5916 010b 31156CCC 		.ascii	"1\025l\314\340\363\311\210%\306\020\313C\266\372\354"
 5916      E0F3C988 
 5916      25C610CB 
 5916      43B6FAEC 
 5917 011b 84B40A43 		.ascii	"\204\264\012C\027\341\240\305\032g\322\243\260\241\002"
 5917      17E1A0C5 
 5917      1A67D2A3 
 5917      B0A102
 5918 012a A28B6CB5 		.ascii	"\242\213l\265\202\222\004\353P\323\363U6l\321\207w\211"
 5918      829204EB 
 5918      50D3F355 
 5918      366CD187 
 5918      7789
 5919 013c E907FB8D 		.ascii	"\351\007\373\215\374\012o1\242U\235-)m\242\374}\315"
 5919      FC0A6F31 
 5919      A2559D2D 
 5919      296DA2FC 
 5919      7DCD
 5920 014e D59362D3 		.ascii	"\325\223b\323^\360\351\366\307}\015\334,\0118\356\263"
 5920      5EF0E9F6 
 5920      C77D0DDC 
 5920      2C0938EE 
 5920      B3
 5921 015f 5BE73096 		.ascii	"[\3470\226tK\222\233{\330|\037\313\314\251I\223\212"
 5921      744B929B 
 5921      7BD87C1F 
 5921      CBCCA949 
 5921      938A
 5922 0171 E0051AB8 		.ascii	"\340\005\032\270\326\352\350%2\377\202yO\2446\2742$"
 5922      D6EAE825 
 5922      32FF8279 
 5922      4FA436BC 
 5922      3224
 5923 0183 3D12BCFE 		.ascii	"=\022\274\376\237d\357\211\024\305\033C\2624\351\255"
 5923      9F64EF89 
 5923      14C51B43 
 5923      B234E9AD 
 5924 0193 2195372B 		.ascii	"!\2257+h\241BR\227\000i\003\225\270\231\204>\315\331"
 5924      68A14252 
 5924      97006903 
 5924      95B89984 
 5924      3ECDD9
 5925 01a6 95EDC808 		.ascii	"\225\355\310\010\274\222\353s\373\224\256\000\313\030"
 5925      BC92EB73 
 5925      FB94AE00 
 5925      CB18
 5926 01b4 01C96C8C 		.ascii	"\001\311l\214\301\3619F\337\340\335X\250\032\212\371"
 5926      C1F13946 
 5926      DFE0DD58 
ARM GAS  /tmp/ccfgsisC.s 			page 130


 5926      A81A8AF9 
 5927 01c4 E5C6197F 		.ascii	"\345\306\031\177\017\201(\231J\245\345\316\365\365\367"
 5927      0F812899 
 5927      4AA5E5CE 
 5927      F5F5F7
 5928 01d3 F6178A3D 		.ascii	"\366\027\212=\027\006\207\316\235I\027\212\351\276\354"
 5928      170687CE 
 5928      9D49178A 
 5928      E9BEEC
 5929 01e2 40BA3898 		.ascii	"@\2728\230\323\357\236\363\331\201T\216\270w\250x\340"
 5929      D3EF9EF3 
 5929      D981548E 
 5929      B877A878 
 5929      E0
 5930 01f3 4F98EA3C 		.ascii	"O\230\352<\326\225\355\314\347\273\310>[8\235\377\015"
 5930      D695EDCC 
 5930      E7BBC83E 
 5930      5B389DFF 
 5930      0D
 5931 0204 E1BFE602 		.ascii	"\341\277\346\002"
 5932              		.text
 5933              		.section	.gnu.lto_palSetPadCallbackI.c62bf18edf2af8e,"e",%progbits
 5934 0000 789C8D92 		.ascii	"x\234\215\222\337K\223Q\034\306\317\363\236w?\234\232"
 5934      DF4B9351 
 5934      1CC6CFF3 
 5934      9E773F9C 
 5934      9A
 5935 0011 60378125 		.ascii	"`7\201%^$\246\324\346D\010!\241\233\240\240\213\240"
 5935      5E24A6D4 
 5935      E6440821 
 5935      A19BA0A0 
 5935      8BA0
 5936 0023 3F40E692 		.ascii	"?@\346\222\224$\307\264[=\316\245\306\312n\226\2320"
 5936      9424C7B4 
 5936      5B3DCEA5 
 5936      C6CA6E96 
 5936      9A30
 5937 0035 E6CF3528 		.ascii	"\346\3175(\255@\302\262r\251\251\323\345\257\312\213"
 5937      AD40C2B2 
 5937      72A9A9D3 
 5937      E5AFCA8B 
 5938 0045 022F3216 		.ascii	"\002/2\026i\031\204J\005i\347\234\275Z&a/{y\317w\347"
 5938      6919844A 
 5938      0569E79C 
 5938      BD5A2661 
 5938      2F7B79CF 
 5939 005b FB3CEFE7 		.ascii	"\373<\357\3479\337\327H@\024\225\220\263\204\220\003"
 5939      39DFD748 
 5939      40149590 
 5939      B3849003 
 5940 006b FC062550 		.ascii	"\374\006%P\030c\307\015\325F\005\220+f\004\251RP\205"
 5940      1863C70D 
 5940      D5460590 
 5940      2B6604A9 
 5940      525085
 5941 007e EBB48962 		.ascii	"\353\264\211b\260.\372P\311\274\305wX\250\251\321T\313"
 5941      B02EFA50 
ARM GAS  /tmp/ccfgsisC.s 			page 131


 5941      C9BCC577 
 5941      58A8A9D1 
 5941      54CB
 5942 0090 2EEFF353 		.ascii	".\357\363SBn\362;v\341\0212y\337\274\313\367-\241\201"
 5942      426EF23B 
 5942      76E11132 
 5942      79DFBCCB 
 5942      F72DA181 
 5943 00a4 FA29A0F2 		.ascii	"\372)\240\362\322;\336\0336\211RA\032/\207&7\372L\364"
 5943      D23BDE1B 
 5943      36895241 
 5943      1A2F8726 
 5943      37FA4CF4 
 5944 00b8 30085F2F 		.ascii	"0\010_/\365\004\276\356\311\350b\314\305B\357;);\350"
 5944      F504BEEE 
 5944      C9E862CC 
 5944      C542EF3B 
 5944      293BE8
 5945 00cb A7144F40 		.ascii	"\247\024O@\271%\036#\005\375H!\204\377g\235?F\360\024"
 5945      B9251E23 
 5945      05FD4821 
 5945      84FF679D 
 5945      3F46F014 
 5946 00df 19C2EDF3 		.ascii	"\031\302\355\363D2=!\325?{\247F\3437\325\001\251V1\260"
 5946      44323D21 
 5946      D53F7BA7 
 5946      46E337D5 
 5946      01A95631 
 5947 00f4 43AD5A17 		.ascii	"C\255Z\027\271:$\325\203\323W\032\223\350))\357|s\307"
 5947      B93A24D5 
 5947      83D3571A 
 5947      93E82929 
 5947      EF7C73C7 
 5948 0108 93A8C9A3 		.ascii	"\223\250\311\243\301\324\316\032v\322Oux\266\303@g]"
 5948      C1D4CE1A 
 5948      76D24F75 
 5948      78B6C340 
 5948      675D
 5949 011a E30683D2 		.ascii	"\343\006\203\322`\211y8\337ii\020\361\272?B3\210\304"
 5949      60897938 
 5949      DF696910 
 5949      F1BA3F42 
 5949      3388C4
 5950 012d DEAFC7D0 		.ascii	"\336\257\307\320\016\271\336Z\235O0\214\014\"D\365\201"
 5950      0EB9DE5A 
 5950      9D4F308C 
 5950      0C2244F5 
 5950      81
 5951 013e BEE6387A 		.ascii	"\276\3468zF\032t\377Xq\253\351\035\322`-\230\332V\303"
 5951      461A74FF 
 5951      5871ABE9 
 5951      1DD2602D 
 5951      98DA56C3 
 5952 0152 C698EAA7 		.ascii	"\306\230\352\247\006<\377\313\204\020\353\265|\241x"
 5952      063CFFCB 
 5952      8410EBB5 
 5952      7CA178
ARM GAS  /tmp/ccfgsisC.s 			page 132


 5953 0161 777FFD46 		.ascii	"w\177\375F\242^\305\010\322\265s\307(\364|\222\204\334"
 5953      A25EC508 
 5953      D2B573C7 
 5953      28F47C92 
 5953      84DC
 5954 0173 9DD585D8 		.ascii	"\235\325\205\330\372F\035\017shy%\222l\000Dh>\004N\256"
 5954      FA461D0F 
 5954      73687925 
 5954      926C0044 
 5954      683E044E 
 5955 0188 430CC043 		.ascii	"C\014\300C\211\030\237\012\026\"\344*UbE5/\242`\355"
 5955      89189F0A 
 5955      1622E42A 
 5955      55624535 
 5955      2FA260ED 
 5956 019c FD5E2AED 		.ascii	"\375^*\355\242p\265V\212\2258\357h\375jRVP\016}\362"
 5956      A270B556 
 5956      8A9538EF 
 5956      68FD6A52 
 5956      56500E7D 
 5957 01b1 B6D2D26A 		.ascii	"\266\322\322j\344\200\244}s\346\030C\026\357j\250\371"
 5957      E480A47D 
 5957      73E61843 
 5957      16EF6AA8 
 5957      F9
 5958 01c2 326F1433 		.ascii	"2o\02436\312`\276`d#\316\015W5o6vP\310\344soG\246\321"
 5958      36CA60BE 
 5958      606423CE 
 5958      0D57356F 
 5958      367650C8 
 5959 01dc 850EF869 		.ascii	"\205\016\370i\034\306\341\006\302\"\033\337\371>;3\234"
 5959      1CC6E106 
 5959      C2221BDF 
 5959      F93E3B33 
 5959      9C
 5960 01ed 90734FBC 		.ascii	"\220sO\274\243\265\337{\304OM\230\340\235>!\224\015"
 5960      A3B5DF7B 
 5960      C44F4D98 
 5960      E09D3E21 
 5960      940D
 5961 01ff 7DDDAB91 		.ascii	"}\335\253\221x\341':*\305\011E\220\023K\376\202\033"
 5961      78E1273A 
 5961      2AC50945 
 5961      90134BFE 
 5961      821B
 5962 0211 09E03451 		.ascii	"\011\3404Q\212s\021D2\315\003haX\373\200\026l\021\256"
 5962      8A731144 
 5962      32CD0368 
 5962      6158FB80 
 5962      166C11AE 
 5963 0225 96708A96 		.ascii	"\226p\212\226l\213\331\360\237\314S\202y\362\337\314"
 5963      6C8BD9F0 
 5963      9FCC5382 
 5963      79F2DFCC 
 5964 0235 D3DB98EB 		.ascii	"\323\333\230\353?\261\200!\273G6\014x\365\342\323\232"
 5964      3FB18021 
 5964      BB47360C 
ARM GAS  /tmp/ccfgsisC.s 			page 133


 5964      78F5E2D3 
 5964      9A
 5965 0246 414E736C 		.ascii	"ANslh\263\310\366Q*\331\026\376d\333\257\261\355\016"
 5965      68B3C8F6 
 5965      512AD916 
 5965      FE64DBAF 
 5965      B1ED0E
 5966 0259 F3721798 		.ascii	"\363r\027\230W\333`j\335m\341x\015fA\300\350\361Z\300"
 5966      57DB606A 
 5966      DD6DE178 
 5966      0D6641C0 
 5966      E8F15AC0 
 5967 026d 887DCC09 		.ascii	"\210}\314\011\030\035Y\346S\377\340\215\035\232\270"
 5967      181D59E6 
 5967      53FFE08D 
 5967      1D9AB8
 5968 027c 3C14BFBF 		.ascii	"<\024\277\277\025B2\315f\013\377\331\213K\012K\312\312"
 5968      154232CD 
 5968      660BFFD9 
 5968      8B4B0A4B 
 5968      CACA
 5969 028e 0B2A9C97 		.ascii	"\013*\234\227.^\260\224\225[\212m\245\226r\247]<\013"
 5969      2E5EB094 
 5969      955B8A6D 
 5969      A59672A7 
 5969      5D3C0B
 5970 02a1 1CB652B3 		.ascii	"\034\266R\263\235\250\2162g\305\336\255\332\234{4\317"
 5970      9DA88E32 
 5970      67C5DEAD 
 5970      DA9C7B34 
 5970      CF
 5971 02b2 965B5494 		.ascii	"\226[T\224G\250\303vN\261\027R\233\363<u\0249~\001\003"
 5971      47A8C376 
 5971      4EB11752 
 5971      9BF33C75 
 5971      14397E01 
 5972 02c7 4A65F1   		.ascii	"Je\361"
 5973              		.text
 5974              		.section	.gnu.lto_palSetLineCallbackI.c62bf18edf2af8e,"e",%progbits
 5975 0000 789C8D92 		.ascii	"x\234\215\222\333KTQ\024\306\367w\366\231\231\343\015"
 5975      DB4B5451 
 5975      14C6F777 
 5975      F69999E3 
 5975      0D
 5976 0011 1F7A11AC 		.ascii	"\037z\021\254\360!\021\245FG\204\020|\350%\350!\350"
 5976      F02111A5 
 5976      46478410 
 5976      7CE825E8 
 5976      21E8
 5977 0023 4F907118 		.ascii	"O\220q\030R\022\025\255W\335\216\223\032\023\366\220"
 5977      521215AD 
 5977      57DD8E93 
 5977      1A13F690 
 5978 0033 A3660DE3 		.ascii	"\243f\015\343=\251,\243\036,\2539\251\231S\223y\251"
 5978      3DA92CA3 
 5978      1E2CAB39 
 5978      A9995393 
ARM GAS  /tmp/ccfgsisC.s 			page 134


 5978      79A9
 5979 0045 E8860F19 		.ascii	"\350\206\017\031\023](\210\214\222\320\326\3363Y&a\207"
 5979      135D2888 
 5979      8C92D0D6 
 5979      DE335926 
 5979      6187
 5980 0057 73387B9D 		.ascii	"s8{\235\275\276o\377\326Z\307``\213\234\261\003\214"
 5980      BDBE6FFF 
 5980      D65AC760 
 5980      608B9CB1 
 5980      038C
 5981 0069 B16DF480 		.ascii	"\261m\364\2003hB\210=\266zC\003\324J\030`u\032\352p"
 5981      33684288 
 5981      3DB67A43 
 5981      03D44A18 
 5981      60751AEA 
 5982 007e 82B7738C 		.ascii	"\202\267s\2145E\257i\331giG\230\355O\023\033\305\321"
 5982      3545AF69 
 5982      D9676947 
 5982      98ED4F13 
 5982      1BC5D1
 5983 0091 B420199C 		.ascii	"\264 \031\234\242'v\341:\262)o\301\023\370\226\334\302"
 5983      A22776E1 
 5983      3AB2296F 
 5983      C113F896 
 5983      DCC2
 5984 00a3 831CD029 		.ascii	"\203\034\320)l\275w5\234(C\015\031\024\236^\371\334"
 5984      6CBD7735 
 5984      9C28430D 
 5984      19149E5E 
 5984      F9DC
 5985 00b5 08BE138C 		.ascii	"\010\276\023\214\326}#\313\257\215\254~!<\302|\331\307"
 5985      D67D23CB 
 5985      AF8DAC7E 
 5985      213CC27C 
 5985      D9C7
 5986 00c7 C58E20E7 		.ascii	"\305\216 \347\270\011N\226\270\201t\214\"\2351\372\346"
 5986      B8094E96 
 5986      B881748C 
 5986      229D31FA 
 5986      E6
 5987 00d8 3853C470 		.ascii	"8S\304p\013Y\022b\346X[*\337\033\223?\277\340K\211\313"
 5987      0B591262 
 5987      E6585B2A 
 5987      DF1B933F 
 5987      BFE04B89 
 5988 00ed 7F0C28B9 		.ascii	"\177\014(\271\216\320\006\271\356\030$\271\251\344\357"
 5988      8ED006B9 
 5988      EE1824B9 
 5988      A9E4EF
 5989 00fc 858FFCF7 		.ascii	"\205\217\374\367)y\244\325\373\026qy$\255S\230z\220"
 5989      2979A4D5 
 5989      FB167179 
 5989      24AD5398 
 5989      7A90
 5990 010e 5B707B83 		.ascii	"[p{\203\336\342\270B\3721d1\251j\036\030\351H\340\373"
 5990      DEE2B842 
ARM GAS  /tmp/ccfgsisC.s 			page 135


 5990      FA316431 
 5990      A96A1E18 
 5990      E948E0FB 
 5991 0122 95C3D0F2 		.ascii	"\225\303\320\362\027\257\236\331\253\034\276\236\333"
 5991      17AF9ED9 
 5991      AB1CBE9E 
 5991      DB
 5992 012f DEDD20A6 		.ascii	"\336\335 \246\004\231X1\376\227\011c\216P\221T\274\272"
 5992      04995831 
 5992      FE970963 
 5992      8E509154 
 5992      BCBA
 5993 0141 BCE24FB1 		.ascii	"\274\342O\261\352\230@f\274q\270\003+\215\202\261Ks"
 5993      EA984066 
 5993      BC71B803 
 5993      2B8D82B1 
 5993      4B73
 5994 0153 1653ACAC 		.ascii	"\026S\254\2546\0113\232\3232>}^\243\346\007\271\215"
 5994      3609339A 
 5994      D3323E7D 
 5994      5EA3E607 
 5994      B98D
 5995 0165 664195EB 		.ascii	"fA\225\353\220\005X\021\303\360q&\247\240C\230\214\035"
 5995      90055811 
 5995      C3F07126 
 5995      A7A04398 
 5995      8C1D
 5996 0177 E75A2CA8 		.ascii	"\347Z,\250\247 \012\3213\352\347\312\364\035\032\332"
 5996      A7200AD1 
 5996      33EAE7CA 
 5996      F41D1ADA 
 5997 0187 9A9E59E4 		.ascii	"\232\236Y\344:\300\021\340\032\235o\016\237\234\267"
 5997      3AC011E0 
 5997      1A9D6F0E 
 5997      9F9CB7
 5998 0196 C961D890 		.ascii	"\311a\330\220\212IB\213\302\323U+S\344\244\242\315K"
 5998      8A49428B 
 5998      C2D3552B 
 5998      53E4A4A2 
 5998      CD4B
 5999 01a8 A939836A 		.ascii	"\2519\203j\300t~g\227A\265\260\236_\363\305]\344PVK"
 5999      C0747E67 
 5999      9741B5B0 
 5999      9E5FF3C5 
 5999      5DE45056 
 6000 01bd C3A70543 		.ascii	"\303\247\005CZ\030\252\007\201\301\310j\202\027\236"
 6000      5A18AA07 
 6000      81C1C86A 
 6000      82179E
 6001 01cc 7A4A367A 		.ascii	"zJ6z9T\223\236\274\230\234A?z\021\344\011\010\303\013"
 6001      3954939E 
 6001      BC989C41 
 6001      3F7A11E4 
 6001      0908C30B 
 6002 01e0 4CC936D0 		.ascii	"L\3116\320\316\367\271\331\211\344\374ayF\327\250\177"
 6002      CEF7B9D9 
 6002      89E4FC61 
ARM GAS  /tmp/ccfgsisC.s 			page 136


 6002      7946D7A8 
 6002      7F
 6003 01f1 579027E2 		.ascii	"W\220'\342\036e\006\244P%\214\014-E\222\244\237\314"
 6003      1E6506A4 
 6003      50258C0C 
 6003      2D4592A4 
 6003      9FCC
 6004 0203 A895CDBC 		.ascii	"\250\225\315\274\217\374X\223\"d$\2013d([(\211T\311"
 6004      8FFC5893 
 6004      22642481 
 6004      3364285B 
 6004      288954C9 
 6005 0217 A1B5923D 		.ascii	"\241\265\222=\235\341\364x9k\240\326\377\004\235\226"
 6005      9DE1F478 
 6005      396BA0D6 
 6005      FF049D96 
 6006 0227 A00FFE0D 		.ascii	"\240\017\376\015\372p\035h\363\0071`\313\273\250\022"
 6006      FA701D68 
 6006      F3073160 
 6006      CBBBA812 
 6007 0237 427EABFC 		.ascii	"B~\253\374\367f\220\337\021\033\352,\362\002\\Wl\213"
 6007      F76690DF 
 6007      111BEA2C 
 6007      F2025C57 
 6007      6C8B
 6008 0249 7FB26D8D 		.ascii	"\177\262m\215\263m\0163\267\011\314\374:\230Fow8)\016"
 6008      B36D0E33 
 6008      B709CCFC 
 6008      3A98466F 
 6008      7738290E 
 6009 025d B328612C 		.ascii	"\263(a,x$a\344>\036K\030+\373H\243~\343\207\202\221"
 6009      782461E4 
 6009      3E1E4B18 
 6009      2BFB48A3 
 6009      7EE38782 
 6010 0272 978FE3F7 		.ascii	"\227\217\343\367_\304X\266\335\236K\267\253\264\254"
 6010      5FC458B6 
 6010      DD9E4BB7 
 6010      ABB4AC
 6011 0281 A4ACB2A6 		.ascii	"\244\254\262\246\370p\365\221\212C\271\2255\271\245"
 6011      F870F591 
 6011      8A43B995 
 6011      35B9A5
 6012 0290 CEF2DC9A 		.ascii	"\316\362\334\232j\227|\027W9\313\355.\246\227\227U\270"
 6012      6A977C17 
 6012      5739CBED 
 6012      2EA69797 
 6012      55B8
 6013 02a2 B7ACC5F6 		.ascii	"\267\254\305\366\202\335\205\316\002\267\273\220i\256"
 6013      82DD85CE 
 6013      02B7BB90 
 6013      69AE
 6014 02b0 12EEAC3E 		.ascii	"\022\356\254>\310\253\334U?\001\350^Y\034"
 6014      C8ABDC55 
 6014      3F01E85E 
 6014      591C
 6015              		.text
ARM GAS  /tmp/ccfgsisC.s 			page 137


 6016              		.section	.gnu.lto_.symbol_nodes.c62bf18edf2af8e,"e",%progbits
 6017 0000 789CE360 		.ascii	"x\234\343``d\330\306\000\004L\017\231\352\031\032\200"
 6017      6064D8C6 
 6017      00044C0F 
 6017      99EA191A 
 6017      80
 6018 0011 808571C2 		.ascii	"\200\205q\3029\006\206z\006\206]\015\216@I\220\324#"
 6018      3906867A 
 6018      06865D0D 
 6018      8E404990 
 6018      D423
 6019 0023 A67A461C 		.ascii	"\246zF\034R\217\231\352\231pH=a\252g\306.\305\372\212"
 6019      528F99EA 
 6019      9970483D 
 6019      61AA67C6 
 6019      2EC5FA8A 
 6020 0037 894101A4 		.ascii	"\211A\001\244\344)S=\013v%\214/\230\352Y\377C\201<X"
 6020      E429533D 
 6020      0B76258C 
 6020      2F98EA59 
 6020      FF43813C 
 6021 004c 9A01E83C 		.ascii	"\232\001\350<\007\006\006f&6\210\226%l\014\000\207;"
 6021      07060666 
 6021      26368896 
 6021      256C0C00 
 6021      873B
 6022 005e 328E     		.ascii	"2\216"
 6023              		.text
 6024              		.section	.gnu.lto_.refs.c62bf18edf2af8e,"e",%progbits
 6025 0000 789CE360 		.ascii	"x\234\343``d\020d```bfdacd\341`b\205\320\014\000\004"
 6025      60641064 
 6025      60606062 
 6025      66646163 
 6025      64E16062 
 6026 0019 630057   		.ascii	"c\000W"
 6027              		.text
 6028              		.section	.gnu.lto_.decls.c62bf18edf2af8e,"e",%progbits
 6029 0000 789C9D58 		.ascii	"x\234\235XkP\024\331\025\356\323w\200af\200\015`v+\306"
 6029      6B5014D9 
 6029      15EED377 
 6029      80616680 
 6029      0D60762B 
 6030 0015 9465B1BB 		.ascii	"\224e\261\273&\025%\272f]7\233d\263b\324,\012\205\273"
 6030      261525BA 
 6030      665D379B 
 6030      64B362D4 
 6030      2C0A85BB 
 6031 0029 B565AA52 		.ascii	"\265e\252Rd\204Q\310\242X0Z\311\277\226A|+ >\361\301"
 6031      648451C8 
 6031      A258305A 
 6031      C9BF9641 
 6031      7C2B203E 
 6032 003f 435D5011 		.ascii	"C]P\021t\325\215\242\362\022A\024y\013\242\"\242\370"
 6032      74D58DA2 
 6032      F2124114 
 6032      790BA222 
 6032      A2F8
ARM GAS  /tmp/ccfgsisC.s 			page 138


 6033 0051 04511416 		.ascii	"\004Q\024\026\037H\316\275\267{\350\201\036c\322z\271"
 6033      1F48CEBD 
 6033      B77BE881 
 6033      1E63D27A 
 6033      B9
 6034 0062 7DEFFDCE 		.ascii	"}\357\375\3169\3379\367\364\355\323\243\027@\310\360"
 6034      39DF39F7 
 6034      F4EDD3A3 
 6034      1740C8F0 
 6035 0072 11840451 		.ascii	"\021\204\004Q\020\254\330\006\360r\025\004\241\006\233"
 6035      10ACD806 
 6035      F0721504 
 6035      A1069B
 6036 0081 1E5B13B6 		.ascii	"\036[\023\266\022l\315\330\214 \010\036\330\274\261"
 6036      126CCDD8 
 6036      8C20081E 
 6036      D8BCB1
 6037 0090 2DC0B12F 		.ascii	"-\300\261/\366\364\242\370Qx?\006\333\207\330\306c\233"
 6037      F6F4A2F8 
 6037      51783F06 
 6037      DB87D8C6 
 6037      639B
 6038 00a2 84ED536C 		.ascii	"\204\355Sl\0242S\306)\327\357\320\216'\366\336T\207"
 6038      143253C6 
 6038      29D7EFD0 
 6038      8E27F6DE 
 6038      5487
 6039 00b4 AC9FDA31 		.ascii	"\254\237\3321Py\354\347bk\304\366\027\034\177\211\315"
 6039      5079ECE7 
 6039      626BC4F6 
 6039      171C7F89 
 6039      CD
 6040 00c5 1D5B0B8E 		.ascii	"\035[\013\216\003\261\237\205M\207\367\265\330tx_\217"
 6040      03B19F85 
 6040      4D87F7B5 
 6040      D874785F 
 6040      8F
 6041 00d6 7D83C0ED 		.ascii	"}\203\300\355\214\032b\207^\323\320\326O\260\217P\331"
 6041      8C1A6287 
 6041      5ED3D0D6 
 6041      4FB08F50 
 6041      D9
 6042 00e7 537CBA25 		.ascii	"S|\272%\014\332\243\266\251M\252\237\332Q\333~*p\373"
 6042      0CDAA3B6 
 6042      A94DAA9F 
 6042      DA51DB7E 
 6042      2A70FB
 6043 00fa 2EB2AD7A 		.ascii	".\262\255z\331>\301\265n\331\366\030\015\333A\262\237"
 6043      D93EC1B5 
 6043      6ED9F618 
 6043      0DDB41B2 
 6043      9F
 6044 010b 436D373B 		.ascii	"Cm7;\361U\261=\033\333\024lD\266\243\330\024\005\036"
 6044      F155B13D 
 6044      1BDB146C 
 6044      44B6A3D8 
 6044      14051E
ARM GAS  /tmp/ccfgsisC.s 			page 139


 6045 011e DF4F356C 		.ascii	"\337O5l\375\015\027\215Cl\015\335\257 \354\203\261\315"
 6045      FD0D178D 
 6045      436C0DDD 
 6045      AF20EC83 
 6045      B1CD
 6046 0130 C0361DB8 		.ascii	"\3006\035\270\276\000\354\247\311\3734^\236+\322\330"
 6046      BE00ECA7 
 6046      C9FB345E 
 6046      9E2BD2D8 
 6047 0140 B3480DFD 		.ascii	"\263H\015\375\276CtS\177\336\244\177\322\033\364o!\320"
 6047      BE437453 
 6047      7FDEA47F 
 6047      D21BF46F 
 6047      21D0
 6048 0152 12B7B3CF 		.ascii	"\022\267\263\317\264\236\200\267\001t8L\2518z\336\200"
 6048      B49E80B7 
 6048      0174384C 
 6048      A9387ADE 
 6048      80
 6049 0163 435F038C 		.ascii	"C_\003\214\306a\301\300\346\002\035_\325\343p`_\336"
 6049      C661C1C0 
 6049      E6021D5F 
 6049      D5E37060 
 6049      5FDE
 6050 0175 2A3D1181 		.ascii	"*=\021\201\012\236J\350?\343\206K\037\032\200\246\257"
 6050      0A9E4AE8 
 6050      3FE3864B 
 6050      1F1A80A6 
 6050      AF
 6051 0186 174E9575 		.ascii	"\027N\225uu\326\003\237\242\210\214\274\265\215\236"
 6051      75D6039F 
 6051      A2888CBC 
 6051      B58D9E
 6052 0195 C48DDDAF 		.ascii	"\304\215\335\257L=\233i\360\317\221\370\245\217\020"
 6052      4C3D9B69 
 6052      F0CF91F8 
 6052      A58F10
 6053 01a4 A01008E3 		.ascii	"\240\020\010\3430\305H\327\343\317\366&y\220Y\014\233"
 6053      30C548D7 
 6053      E3CFF626 
 6053      7990590C 
 6053      9B
 6054 01b5 7EF1FA72 		.ascii	"~\361\372r/\303JI\212\223\322l\222\373\014\001\362a"
 6054      2FC34A49 
 6054      8A93D26C 
 6054      92FB0C01 
 6054      F261
 6055 01c7 249C8491 		.ascii	"$\234\204\221\002\024\003\323^\004\376P\200sgp\016\005"
 6055      021403D3 
 6055      5E04FE50 
 6055      80736770 
 6055      0E05
 6056 01d9 1A9E746F 		.ascii	"\032\236to\366$\177e\302W\227\037^\017>I\262!\011\270"
 6056      F6247F65 
 6056      C257971F 
 6056      5E0F3E49 
 6056      B22109B8 
ARM GAS  /tmp/ccfgsisC.s 			page 140


 6057 01ed C7500A3E 		.ascii	"\307P\012>TJv\272\260\262\357\250\01313\201\206\246"
 6057      544A76BA 
 6057      B0B2EFA8 
 6057      0B313381 
 6057      86A6
 6058 01ff F2F55E43 		.ascii	"\362\365^C\005\340\034\032r\224\331P\237\177\316\325"
 6058      05E01C1A 
 6058      7294D950 
 6058      9F7FCED5 
 6059 020f B4DACE0A 		.ascii	"\264\332\316\012\312pY!&@9\2308\356\207U[\357z\220E"
 6059      CA705921 
 6059      26403998 
 6059      38EE8755 
 6059      5BEF7A90 
 6060 0224 4C77E6E9 		.ascii	"Lw\346\351\313%&g2p\036m\330\305\262{\326\247\032x\244"
 6060      CB252667 
 6060      32701E6D 
 6060      D8C5B27B 
 6060      D6A71A78 
 6061 0239 4D383CD9 		.ascii	"M8<\331p!\303\223\357C+]~\266\261\371\206'\371\227C"
 6061      7021C393 
 6061      EF432B5D 
 6061      7EB6B1F9 
 6061      8627F997 
 6062 024e E4E70E8F 		.ascii	"\344\347\016\217\374\\\036\371\216\352\252: \324\027"
 6062      FC5C1EF9 
 6062      8EEAAA3A 
 6062      20D417
 6063 025d 1C6C3BBB 		.ascii	"\034l;\273\245\306\240\035\316j`\"4\234U8w\211\205S"
 6063      A5C6A01D 
 6063      CE6A6022 
 6063      349C5538 
 6063      77898553 
 6064 0271 D7511B77 		.ascii	"\327Q\033w\326\000~>~~\031T\250\260+\373\327\271\335"
 6064      D6007E3E 
 6064      7E7E1954 
 6064      A8B02BFB 
 6064      D7B9DD
 6065 0284 F72429F9 		.ascii	"\367$)\371=\250\000\023\234E\241:\007\337\375\351\237"
 6065      3DA80013 
 6065      9C45A13A 
 6065      07DFFDE9 
 6065      9F
 6066 0295 09F88745 		.ascii	"\011\370\207E1\221FQ'\300E\\\277\300\326\353x \241\026"
 6066      31914651 
 6066      27C0455C 
 6066      BFC0D6EB 
 6066      7820A116 
 6067 02a9 FCA0015B 		.ascii	"\374\240\001[=\370\321\240r\355\017>\331.\025\306\273"
 6067      3DF8D1A0 
 6067      72ED0F3E 
 6067      D92E15C6 
 6067      BB
 6068 02ba 420D18A0 		.ascii	"B\015\030\240r\230\352S\240\350\346\350\012\031]\202"
 6068      7298EA53 
 6068      A0E8E6E8 
 6068      0A195D82 
ARM GAS  /tmp/ccfgsisC.s 			page 141


 6069 02ca E8D3DA44 		.ascii	"\350\323\332D\362\351-\372\375<\373\3513B\362y\020\356"
 6069      F2E92DFA 
 6069      FD3CFBE9 
 6069      3342F279 
 6069      10EE
 6070 02dc DDCA3C26 		.ascii	"\335\312<&\247E\242\024\357\300\017.\313z4(\242d\362"
 6070      A745A214 
 6070      EFC00F2E 
 6070      CB7A3428 
 6070      A264F2
 6071 02ef A66A9BC3 		.ascii	"\246j\233\303\0366:\230lb\033H;\304\356\257\314~\245"
 6071      1E363A98 
 6071      6C621B48 
 6071      3BC4EEAF 
 6071      CC7EA5
 6072 0302 2345DC64 		.ascii	"#E\334doBU\237\233v\334\257\014Och\006\203\352\371\363"
 6072      6F42559F 
 6072      9B76DCAF 
 6072      0C4F6368 
 6072      0683EAF9 
 6073 0317 E6CF5FDE 		.ascii	"\346\317_\336@J\253\007\251\340\012\263\367$e\270\222"
 6073      404AAB07 
 6073      A9E00AB3 
 6073      F72465B8 
 6073      92
 6074 0328 2A3E38FF 		.ascii	"*>8\377\252\264\314D\265\333\206i\277\256\371\220\344"
 6074      AAB4CC44 
 6074      B5DB8669 
 6074      BFAEF990 
 6074      E4
 6075 0339 1C5F9BEA 		.ascii	"\034_\233\352\3065\277\207\303\266\270\243\345\036\244"
 6075      C635BF87 
 6075      C3B6B8A3 
 6075      E51EA4
 6076 0348 892B5B97 		.ascii	"\211+[\227R\\\254#-|\220\271-i\205\013\271\305\007\333"
 6076      525CAC23 
 6076      2D7C90B9 
 6076      2D69850B 
 6076      B9C507DB 
 6077 035c 5B0FA49B 		.ascii	"[\017\244\233\264\235\3206\223\235\234\230g \355\\:"
 6077      B49DD036 
 6077      939D9C98 
 6077      6720ED5C 
 6077      3A
 6078 036d BDA13A0E 		.ascii	"\275\241:\016x\026\277\203\303\204\322\304|\017NA\304"
 6078      7816BF83 
 6078      C384D2C4 
 6078      7C0F4E41 
 6078      C4
 6079 037e E1D6FD8D 		.ascii	"\341\326\375\215/\334\311]\331\352\261\234,/\\\373\200"
 6079      2FDCC95D 
 6079      D9EAB19C 
 6079      2C2F5CFB 
 6079      80
 6080 038f 263551A5 		.ascii	"&5Q\245\364\007<\245\317$]\275c \235\034\\\223\336\263"
 6080      F4073CA5 
 6080      CF245DBD 
ARM GAS  /tmp/ccfgsisC.s 			page 142


 6080      63209D1C 
 6080      5C93DEB3 
 6081 03a3 523E2112 		.ascii	"R>!\022m\222\313X\001\332\221\301\035\312\352\0010\021"
 6081      6D92CB58 
 6081      01DA91C1 
 6081      1DCAEA01 
 6081      3011
 6082 03b5 CAEA3ECE 		.ascii	"\312\352>\316\335\343\254\342\3722N\351I/\223&7\323"
 6082      DDE3ACE2 
 6082      FA324EE9 
 6082      492F9326 
 6082      37D3
 6083 03c7 5EF6B3FC 		.ascii	"^\366\263\374\346)UW\360\233\324#\222\264\334\004\017"
 6083      E6295557 
 6083      F09BD423 
 6083      92B4DC04 
 6083      0F
 6084 03d8 31A93A50 		.ascii	"1\251:P\376\021\356\260\242P3\273EA\225\001\217\344"
 6084      FE11EEB0 
 6084      A25033BB 
 6084      45419501 
 6084      8FE4
 6085 03ea D4E9C4B4 		.ascii	"\324\351\304\264\351r\310\354\221\333\244\3028W\246"
 6085      E972C8EC 
 6085      91DBA4C2 
 6085      3857A6
 6086 03f9 F6AEB6DA 		.ascii	"\366\256\266\332v\236\253\244\252\341b\211\027\370\372"
 6086      769EABA4 
 6086      AAE16289 
 6086      17F8FA
 6087 0408 F925531B 		.ascii	"\371%S\033\030i\226\241\2036\036\203/\263\321\2156\236"
 6087      186996A1 
 6087      83361E83 
 6087      2FB3D18D 
 6087      369E
 6088 041a D86D4852 		.ascii	"\330mHRao\252\3472f\204*\277\215F(R\343\311\344\214"
 6088      616FAAE7 
 6088      3266842A 
 6088      BF8D4628 
 6088      52E3C9E4 
 6089 042f 2EA77A67 		.ascii	".\247zg\332\244\362\277\303-\244\324\346\034\215\021"
 6089      DAA4F2BF 
 6089      C32DA4D4 
 6089      E61C8D11 
 6090 043f 3BD09655 		.ascii	";\320\226Ub\362E:\313\336\216\216j\267\275\371n\307"
 6090      62F2453A 
 6090      CBDE8E8E 
 6090      6AB7BDF9 
 6090      6EC7
 6091 0451 97341C33 		.ascii	"\2274\0343\221\223\374m\321~!7NO\316\360\301\256\312"
 6091      9193FC6D 
 6091      D17E2137 
 6091      4E4FCEF0 
 6091      C1AECA
 6092 0464 43175C48 		.ascii	"C\027\\H1\037\344\0378T+\222r>8x\342\361\032 \325|\360"
 6092      311FE41F 
 6092      38542B92 
ARM GAS  /tmp/ccfgsisC.s 			page 143


 6092      723E3878 
 6092      E2F11A20 
 6093 047b 6445AE95 		.ascii	"dE\256\2254\312\362\031\035#\270\352\2618z\364d\335"
 6093      34CAF219 
 6093      1D23B8EA 
 6093      B1387AF4 
 6093      64DD
 6094 048d 3EF92D55 		.ascii	">\371-UH3\251/\375v\262H\2563\250\261\347\330\217\225"
 6094      4833A92F 
 6094      FD76B248 
 6094      AE33A8B1 
 6094      E7D88F95 
 6095 04a1 B8BDF6CB 		.ascii	"\270\275\366\313'C\212\267\341\311\361s~r\264\240\353"
 6095      27438AB7 
 6095      E1C9F173 
 6095      7E72B4A0 
 6095      EB
 6096 04b2 D7D0F595 		.ascii	"\327\320\365\225\242\3721\276\252:g(\272\373g\203\350"
 6096      A2FA31BE 
 6096      AA3A6728 
 6096      BAFB6783 
 6096      E8
 6097 04c3 1F87A1F9 		.ascii	"\037\207\241\371\251\304\016\032\016\177\240\202\367"
 6097      A9C40E1A 
 6097      0E7FA082 
 6097      F7
 6098 04d0 39810F2A 		.ascii	"9\201\017*/VQi\035\206\2761Ty\255\012\336\357\204\271"
 6098      2F565169 
 6098      1D86BE31 
 6098      5479AD0A 
 6098      DEEF84B9 
 6099 04e4 02C76478 		.ascii	"\002\307dx\235j\340\370\247\270K7\235\250\037$\363z"
 6099      9D6AE0F8 
 6099      A7B84B37 
 6099      9DA81F24 
 6099      F37A
 6100 04f6 BB9C1354 		.ascii	"\273\234\023T}\3570\370\263!\3606\225\247\317\207\241"
 6100      7DEF30F8 
 6100      B321F036 
 6100      95A7CF87 
 6100      A1
 6101 0507 FD87502F 		.ascii	"\375\207P/\0369\210\356q\242[\005oV)\177\241\255|\330"
 6101      1E3988EE 
 6101      71A25B05 
 6101      6F56297F 
 6101      A1AD7CD8 
 6102 051b 6BE615AE 		.ascii	"k\346\025\256\277d\353\024M\263r\205\350\007\313\261"
 6102      BF64EB14 
 6102      4DB37285 
 6102      E807CBB1 
 6103 052b 49D80630 		.ascii	"I\330\0060C\343\261O\300f\303\266\014\333k\234\213\023"
 6103      43E3B14F 
 6103      C066C3B6 
 6103      0CDB6B9C 
 6103      8B13
 6104 053d 95ACBD5C 		.ascii	"\225\254\275\\{=\320GS#+\002\376?\245\307\257\275^\355"
 6104      7B3DD047 
ARM GAS  /tmp/ccfgsisC.s 			page 144


 6104      53232B02 
 6104      FE3FA5C7 
 6104      AFBD5EED 
 6105 0551 A57E69AC 		.ascii	"\245~i\254r\360d\265h\342\225\005}W/;\\\355\351\014"
 6105      72F064B5 
 6105      68E29505 
 6105      7D572F3B 
 6105      5CEDE90C 
 6106 0565 CA6A043B 		.ascii	"\312j\004;\032\326\210\364-s\375R\326l\322\306\237\213"
 6106      1AD688F4 
 6106      2D73FD52 
 6106      D66CD2C6 
 6106      9F8B
 6107 0577 5529873E 		.ascii	"U)\207>\323>\236\327\212\303\3371\353D\372\2169t\360"
 6107      D33E9ED7 
 6107      8AC3DF31 
 6107      EB44FA8E 
 6107      3974F0
 6108 058a 659E4187 		.ascii	"e\236A\2075!,0\301\022\035US[R\236\343\365\356&\026"
 6108      35212C30 
 6108      C1121D55 
 6108      535B529E 
 6108      E3F5EE26 
 6109 059f 059BF48E 		.ascii	"\005\233\364\216\010\021?U\035U\033\304w\005X/\352\270"
 6109      08113F55 
 6109      1D551BC4 
 6109      7705582F 
 6109      EAB8
 6110 05b1 6FC5F587 		.ascii	"o\305\365\207z\215j\302\270\254\362-Q\345\333\341\324"
 6110      7A8D6AC2 
 6110      B8ACF22D 
 6110      51E5DBE1 
 6110      D4
 6111 05c2 9D591EA4 		.ascii	"\235Y\036\244\203S\275r$\3071&j9HB\272vQHf\216n.\355"
 6111      8353BD72 
 6111      24C73126 
 6111      6A394842 
 6111      BA765148 
 6112 05db 2FD69317 		.ascii	"/\326\223\027\\\374\334\313\244\027\356\332\256n\324"
 6112      5CFCDCCB 
 6112      A417EEDA 
 6112      AE6ED4
 6113 05ea 703585BB 		.ascii	"p5\205\273z\373\330?nb\312\323\002\030`\015\326\345"
 6113      7AFBD83F 
 6113      6E62CAD3 
 6113      0218600D 
 6113      D6E5
 6114 05fc F41FFDC3 		.ascii	"\364\037\375\303\313<\332\003\275\247m@\271\200^\014"
 6114      CB3CDA03 
 6114      BDA76D40 
 6114      B9805E0C 
 6115 060c 27CA700A 		.ascii	"'\312p\012\340s\274S\376\3609Q\326\"\312e5p\031\256"
 6115      E073BC53 
 6115      FEF03951 
 6115      D622CA65 
 6115      357019AE 
 6116 0620 9D0D55AA 		.ascii	"\235\015U\252\371:\310\353\212\022.\240T\253\212\240"
ARM GAS  /tmp/ccfgsisC.s 			page 145


 6116      F93AC8EB 
 6116      8A122EA0 
 6116      54AB8AA0 
 6117 0630 3C25CAE6 		.ascii	"<%\312\346\324\0220\214\361\240B\301\256T&#\200\275"
 6117      D412308C 
 6117      F1A042C1 
 6117      AE542623 
 6117      80BD
 6118 0642 DEAF3C9C 		.ascii	"\336\257<\234\260\322\245\015Z\227\341V?\256\331\373"
 6118      B0D2A50D 
 6118      5A97E156 
 6118      3FAED9FB 
 6119 0652 5B014624 		.ascii	"[\001F$\216\026X\204o\326\236\352\327\223\035\344Mu"
 6119      8E165884 
 6119      6FD69EEA 
 6119      D7931DE4 
 6119      4D75
 6120 0664 F456515D 		.ascii	"\364VQ]\023\357\314\330u\336E\001\305+\2653\255\247"
 6120      13EFCCD8 
 6120      75DE4501 
 6120      C52BB533 
 6120      ADA7
 6121 0676 1C719B0A 		.ascii	"\034q\233\012\256u\352\325[\277\315\341q\330.\312Ep"
 6121      AE75EAD5 
 6121      5BBFCDE1 
 6121      71D82ECA 
 6121      4570
 6122 0688 D5A51B1B 		.ascii	"\325\245\033\033\364,3qJN\315\272\242+\255Fuj\322\322"
 6122      F42C3371 
 6122      4A4ECDBA 
 6122      A22BAD46 
 6122      756AD2D2 
 6123 069c 6F303777 		.ascii	"o07w\320\334LUr\263\260\254\367\2018&Mjm\225\012\007"
 6123      D0DC4C55 
 6123      72B3B0AC 
 6123      F7813826 
 6123      4D6A6D95 
 6124 06b2 3AFCB69E 		.ascii	":\374\266\236\302\262\325\240\243 \330\202I\"3\242\367"
 6124      C2B2D5A0 
 6124      A320D882 
 6124      492233A2 
 6124      F7
 6125 06c3 026C16DB 		.ascii	"\002l\026\333\0006\2117a\312\221?\010\260S\034\203\362"
 6125      00368937 
 6125      61CA913F 
 6125      08B0531C 
 6125      83F2
 6126 06d5 DF6DB55D 		.ascii	"\337m\265]0\222\032\036\202\0359i\273=\030\033j\222"
 6126      30921A1E 
 6126      821D3969 
 6126      BB3D181B 
 6126      6A92
 6127 06e7 B3E97B51 		.ascii	"\263\351{Qs|\220\341n\221M\236\336\332\325,:}z\322)"
 6127      737C90E1 
 6127      6E914D9E 
 6127      DEDAD52C 
 6127      3A7D7AD2 
ARM GAS  /tmp/ccfgsisC.s 			page 146


 6128 06fc C3348561 		.ascii	"\3034\205a\371\336]\355\012\303\313\251&<\357\342PL"
 6128      F9DE5DED 
 6128      0AC3CBA9 
 6128      263CEFE2 
 6128      504C
 6129 070e A428D8A5 		.ascii	"\244(\330\245\242\270\313\221\342\255\337\013\220\301"
 6129      A2B8CB91 
 6129      E2ADDF0B 
 6129      90C1
 6130 071c 28F6B7DC 		.ascii	"(\366\267\334\352\306w\035\247h;\261\342\214\221\321"
 6130      EAC6771D 
 6130      A7683BB1 
 6130      E28C91D1 
 6131 072c 69B6531C 		.ascii	"i\266S\034\350\351\267\021;\305=\234\342\276\214k\007"
 6131      E8E9B711 
 6131      3BC53D9C 
 6131      E2BE8C6B 
 6131      07
 6132 073d DC9C52DC 		.ascii	"\334\234R\334G)\356U(>\275\233\336i\222)V\374\302\316"
 6132      4729EE55 
 6132      283EBD9B 
 6132      DE699229 
 6132      56FCC2CE 
 6133 0751 104190A9 		.ascii	"\020A\220\251b\230\351\310p;2\374\2161,\332\223;\222"
 6133      6298E9C8 
 6133      703B32FC 
 6133      8E312CDA 
 6133      933B92
 6134 0764 3CE40435 		.ascii	"<\344\0045\316\232\335w\232Z\334\330\024>\345\220\315"
 6134      CE9ADD77 
 6134      9A5ADCD8 
 6134      143EE590 
 6134      CD
 6135 0775 F9ED48CE 		.ascii	"\371\355H\316\307`\322I<\243`?\237L\274w\257\235{G\277"
 6135      C760D249 
 6135      3CA3603F 
 6135      9F4CBC77 
 6135      AF9D7B47 
 6136 078a 3B0EF0C9 		.ascii	";\016\360\311\235\215\367#\234:\222C\0359\2508R\337"
 6136      9D8DF723 
 6136      9C3A9243 
 6136      1D39A838 
 6136      52DF
 6137 079c 5750E92E 		.ascii	"WP\351.;\322<\326\356\010\202 K\345H\226\243#\265\237"
 6137      3BD23CD6 
 6137      EE088220 
 6137      4BE54896 
 6137      A323B59F 
 6138 07b0 09708839 		.ascii	"\011p\2109\262\272C\372\336\215\274~KO\3628\277\252"
 6138      B2BA43FA 
 6138      DE8DBC7E 
 6138      4B4FF238 
 6138      BFAA
 6139 07c2 CBDB2A38 		.ascii	"\313\333*8i<\202\3400\237|\034\227\373"
 6139      693C82E0 
 6139      309F7C1C 
 6139      97FB
ARM GAS  /tmp/ccfgsisC.s 			page 147


 6140 07d0 DCF9F9FA 		.ascii	"\334\371\371\372=e}Da\335[u\340\251Qf\335\366+;k\004"
 6140      3D657D44 
 6140      61DD5B75 
 6140      E0A95166 
 6140      DDF62B3B 
 6141 07e6 41AE8A75 		.ascii	"A\256\212u\256#\353Dd}\224\261\356\334k\333\350E\222"
 6141      AE23EB44 
 6141      647D94B1 
 6141      EEDC6BDB 
 6141      E84592
 6142 07f9 754E13A4 		.ascii	"uN\023\244i\355\235:\235=\257\217s\206\371\253\272*"
 6142      69ED9D3A 
 6142      9D3DAF8F 
 6142      7386F9AB 
 6142      BA2A
 6143 080b 5DEDB1FE 		.ascii	"]\355\261\376\201O\2464\264\357uuJ\373\004\245\375o"
 6143      814FA634 
 6143      B4EF7575 
 6143      4AFB04A5 
 6143      FD6F
 6144 081d 85767E7A 		.ascii	"\205v~z\305sBicUZ\266\216<\334\220\260NJ\007\206\202"
 6144      C5734269 
 6144      63555AB6 
 6144      8E3CDC90 
 6144      B04E4A07 
 6145 0833 632ADE78 		.ascii	"c*\336x\317\217\222\223\214mZ\303\365\333&r\237\263"
 6145      CF8F9293 
 6145      8C6D5AC3 
 6145      F5DB2672 
 6145      9FB3
 6146 0845 CD19B89B 		.ascii	"\315\031\270\233\352\305\313<\011\350\342\301\346\012"
 6146      EAC5CB3C 
 6146      09E8E2C1 
 6146      E60A
 6147 0853 B9CE93E8 		.ascii	"\271\316\223\350\357\017\205y\033\353\344o\030\372\325"
 6147      EF0F8579 
 6147      1BEBE46F 
 6147      18FAD5
 6148 0862 9BDED4D3 		.ascii	"\233\336\324\323\354I_\011\222|\254\340\374\340\251"
 6148      EC495F09 
 6148      927CACE0 
 6148      FCE0A9
 6149 0871 52201A68 		.ascii	"R \032h\315\000gD\366\011P\\\275j\263\027\351\341\206"
 6149      CD006744 
 6149      F609505C 
 6149      BD6AB317 
 6149      E9E186
 6150 0884 36ED2F7A 		.ascii	"6\355/ze\222\013H:~(\255\301\257\311>\266H\212\357v"
 6150      65920B48 
 6150      3A7E28AD 
 6150      C1AFC93E 
 6150      B6488AEF 
 6151 0899 DB0C809F 		.ascii	"\333\014\200\237\277\016UA\2218R.\344J\344\222\340,"
 6151      BF0E5541 
 6151      9138522E 
 6151      E44AE492 
 6151      E02C
ARM GAS  /tmp/ccfgsisC.s 			page 148


 6152 08ab BEF64B45 		.ascii	"\276\366KEU\301\337\225=\351\240\374\241L\023\242\020"
 6152      55C1DF95 
 6152      3DE9A0FC 
 6152      A14C13A2 
 6152      10
 6153 08bc BD2ED1AE 		.ascii	"\275.\321\256`8\376R\216//\2750\243\212\265\301\312"
 6153      6038FE52 
 6153      8E2F2FBD 
 6153      30A38AB5 
 6153      C1CA
 6154 08ce C7ECA994 		.ascii	"\307\354\251\224\266\025F\362\212\263\217k^\223\350"
 6154      B61546F2 
 6154      8AB38F6B 
 6154      5E93E8
 6155 08dd E1A3C90E 		.ascii	"\341\243\311\016\316\311z\206\020\244\217XKR\275\207"
 6155      CEC97A86 
 6155      10A48F58 
 6155      4B52BD87 
 6156 08ed 77A22CF5 		.ascii	"w\242,\365\271\016\312\020v\232\312\211\354\007\014"
 6156      B90ECA10 
 6156      769ACA89 
 6156      EC070C
 6157 08fc D19BC78C 		.ascii	"\321\233\307\214\377\034\221vi7y?S\331\315\253]\025"
 6157      FF1C9176 
 6157      6937793F 
 6157      53D9CDAB 
 6157      5D15
 6158 090e 92942E52 		.ascii	"\222\224.R\020\344\363\315T\211\342\2140e\307(\254V"
 6158      10E4F3CD 
 6158      5489E28C 
 6158      3065C728 
 6158      AC56
 6159 0920 C4F7E92E 		.ascii	"\304\367\351.\035\314j\263\027\010\361\316\213\037\250"
 6159      1DCC6AB3 
 6159      1708F1CE 
 6159      8B1FA8
 6160 092f 606FF92D 		.ascii	"`o\371-\033r\213L\316\340C\012\240\013L\242\177\367"
 6160      1B728B4C 
 6160      CEE0430A 
 6160      A00B4CA2 
 6160      7FF7
 6161 0941 F646A352 		.ascii	"\366F\243R\012\304\377\267_4\340\"+\005\356d\357i'\332"
 6161      0AC4FFB7 
 6161      5F34E022 
 6161      2B05EE64 
 6161      EF6927DA 
 6162 0955 421ABF2A 		.ascii	"B\032\277*A%\023*=\337\364\024\324/\256\023\016\265"
 6162      4125132A 
 6162      3DDFF414 
 6162      D42FAE13 
 6162      0EB5
 6163 0967 CE25F6E2 		.ascii	"\316%\366\342\242\035\255\241\332\363:\035\260e\016"
 6163      A21DADA1 
 6163      DAF33A1D 
 6163      B0650E
 6164 0976 6E57716C 		.ascii	"nWql\025\303\2266'n\360PcY`\355\330j\216\245\235n\241"
 6164      15C39636 
ARM GAS  /tmp/ccfgsisC.s 			page 149


 6164      276EF050 
 6164      635960ED 
 6164      D86A8EA5 
 6165 098d 39F6DBB1 		.ascii	"9\366\333\261\343\307\373\343\377\260\210\310y\221\321"
 6165      E3C7FBE3 
 6165      FFB088C8 
 6165      7991D1
 6166 099c B1A1D698 		.ascii	"\261\241\326\230%\213\276\365\217\216\365\2170G\371"
 6166      258BBEF5 
 6166      8F8EF58F 
 6166      3047F9
 6167 09ab C7C684D1 		.ascii	"\307\306\204\321>t\2619j|\230~\372\354\257GO\2350Y\360"
 6167      3E74B139 
 6167      6A7C987E 
 6167      FAECAF47 
 6167      4F9D3059 
 6168 09c0 B14F8D9F 		.ascii	"\261O\215\2374y\212y\222\3052E0EF/\216\216\261R\205"
 6168      34798A79 
 6168      92C53245 
 6168      3045462F 
 6168      8E8EB152 
 6169 09d5 A156577A 		.ascii	"\241VWz\033\031n\212\265.\374hb\350\202\305\221\321"
 6169      1B196E8A 
 6169      B52EFC68 
 6169      62E882C5 
 6169      91D1
 6170 09e7 A1560307 		.ascii	"\241V\003\007D\206\343r\364\374\371\261\026\253iI\344"
 6170      4486E372 
 6170      F4FCF9B1 
 6170      16AB6949 
 6170      E4
 6171 09f8 226BE87C 		.ascii	"\"k\350|s\254\365\223P\353\2707\260\210\\\024\026\265"
 6171      73ACF593 
 6171      50EBB837 
 6171      B0885C14 
 6171      16B5
 6172 0a0a 24DC6267 		.ascii	"$\334bg\022!\270\314\014\372bI\254>2zat\270%\324\252"
 6172      1221B8CC 
 6172      0CFA6249 
 6172      AC3E327A 
 6172      6174B825 
 6173 0a20 FBD39F43 		.ascii	"\373\323\237C\002\365T\035\232\263\272\004\006M\375"
 6173      02F5541D 
 6173      9AB3BA04 
 6173      064DFD
 6174 0a2f 3244F7C5 		.ascii	"2D\367\305\234\220\020\370\006f\270\204EY\3141lu\302"
 6174      9C9010F8 
 6174      0666B884 
 6174      4559CC31 
 6174      6C75C2
 6175 0a42 C7A15682 		.ascii	"\307\241V\202\226\377\370\006c\224d\254\377\234\257"
 6175      96FFF806 
 6175      639464AC 
 6175      FF9CAF
 6176 0a51 667D34D1 		.ascii	"f}4\321?00\300\177z\360\314\240\245\023\375\007]A\363"
 6176      3F3030C0 
 6176      7F7AF0CC 
ARM GAS  /tmp/ccfgsisC.s 			page 150


 6176      A0A513FD 
 6176      075D41F3 
 6177 0a65 24282084 		.ascii	"$( \204\314\014\010q\011\376:8 \304-hN\360\264i\001"
 6177      CC0C0871 
 6177      09FE3A38 
 6177      20C42D68 
 6177      4EF0B469 
 6178 0a7a 21AE415F 		.ascii	"!\256A_\315\015\236\026\3422+(`Z\010\2454\303\035}6"
 6178      CD0D9E16 
 6178      E2322B28 
 6178      605A08A5 
 6178      34C31D7D 
 6179 0a8f 8753973D 		.ascii	"\207S\227=\220w\2309*j\2369\014\343\203\304\243\"\027"
 6179      90779839 
 6179      2A6A9E39 
 6179      0CE383C4 
 6179      A32217
 6180 0aa2 217132E1 		.ascii	"!q2\341c\301\335\034\263p\351d\313\270\205\202!\014"
 6180      63C1DD1C 
 6180      B370E964 
 6180      CBB88582 
 6180      210C
 6181 0ab4 6D5BFE39 		.ascii	"m[\3769n\341$\301\200\370\020\2139\034\275\374\345\333"
 6181      6EE124C1 
 6181      80F8108B 
 6181      391CBDFC 
 6181      E5DB
 6182 0ac6 EE8F60C4 		.ascii	"\356\217`\304\356\233\230H\253\005\245\250\3019\026"
 6182      EE9B9848 
 6182      AB05A5A8 
 6182      C13916
 6183 0ad5 2BDECDC2 		.ascii	"+\336\315\302\020y\363Q\2609|\252Lb\246\017\237\012"
 6183      1079F351 
 6183      B0397CAA 
 6183      4C62A60F 
 6183      9F0A
 6184 0ae7 441EF6B9 		.ascii	"D\036\366\271\021TQhTTx(\006iAL\364\222\3054\276\237"
 6184      11545168 
 6184      54547828 
 6184      0669414C 
 6184      F492C534 
 6185 0afd FFEFD192 		.ascii	"\377\357\321\2229QU\030.#\273\267,\265,\262\306\212"
 6185      39515518 
 6185      2E23BBB7 
 6185      2CB52CB2 
 6185      C68A
 6186 0b0f 61F38839 		.ascii	"a\363\2109f\001\365\217M\204Z\377\003\265Cs\267"
 6186      6601F58F 
 6186      4D845AFF 
 6186      03B54373 
 6186      B7
 6187              		.text
 6188              		.section	.gnu.lto_.symtab.c62bf18edf2af8e,"e",%progbits
 6189 0000 70616C52 		.ascii	"palReadBus\000"
 6189      65616442 
 6189      757300
 6190 000b 00       		.ascii	"\000"
ARM GAS  /tmp/ccfgsisC.s 			page 151


 6191 000c 00       		.ascii	"\000"
 6192 000d 00       		.ascii	"\000"
 6193 000e 00000000 		.ascii	"\000\000\000\000\000\000\000\000"
 6193      00000000 
 6194 0016 1D010000 		.ascii	"\035\001\000\000"
 6195 001a 70616C57 		.ascii	"palWriteBus\000"
 6195      72697465 
 6195      42757300 
 6196 0026 00       		.ascii	"\000"
 6197 0027 00       		.ascii	"\000"
 6198 0028 00       		.ascii	"\000"
 6199 0029 00000000 		.ascii	"\000\000\000\000\000\000\000\000"
 6199      00000000 
 6200 0031 22010000 		.ascii	"\"\001\000\000"
 6201 0035 70616C53 		.ascii	"palSetBusMode\000"
 6201      65744275 
 6201      734D6F64 
 6201      6500
 6202 0043 00       		.ascii	"\000"
 6203 0044 00       		.ascii	"\000"
 6204 0045 00       		.ascii	"\000"
 6205 0046 00000000 		.ascii	"\000\000\000\000\000\000\000\000"
 6205      00000000 
 6206 004e 27010000 		.ascii	"'\001\000\000"
 6207 0052 70616C53 		.ascii	"palSetPadCallbackI\000"
 6207      65745061 
 6207      6443616C 
 6207      6C626163 
 6207      6B4900
 6208 0065 00       		.ascii	"\000"
 6209 0066 00       		.ascii	"\000"
 6210 0067 00       		.ascii	"\000"
 6211 0068 00000000 		.ascii	"\000\000\000\000\000\000\000\000"
 6211      00000000 
 6212 0070 2E010000 		.ascii	".\001\000\000"
 6213 0074 70616C53 		.ascii	"palSetLineCallbackI\000"
 6213      65744C69 
 6213      6E654361 
 6213      6C6C6261 
 6213      636B4900 
 6214 0088 00       		.ascii	"\000"
 6215 0089 00       		.ascii	"\000"
 6216 008a 00       		.ascii	"\000"
 6217 008b 00000000 		.ascii	"\000\000\000\000\000\000\000\000"
 6217      00000000 
 6218 0093 34010000 		.ascii	"4\001\000\000"
 6219 0097 5F70616C 		.ascii	"_pal_events\000"
 6219      5F657665 
 6219      6E747300 
 6220 00a3 00       		.ascii	"\000"
 6221 00a4 02       		.ascii	"\002"
 6222 00a5 00       		.ascii	"\000"
 6223 00a6 00000000 		.ascii	"\000\000\000\000\000\000\000\000"
 6223      00000000 
 6224 00ae 49010000 		.ascii	"I\001\000\000"
 6225 00b2 5F70616C 		.ascii	"_pal_lld_setgroupmode\000"
 6225      5F6C6C64 
ARM GAS  /tmp/ccfgsisC.s 			page 152


 6225      5F736574 
 6225      67726F75 
 6225      706D6F64 
 6226 00c8 00       		.ascii	"\000"
 6227 00c9 02       		.ascii	"\002"
 6228 00ca 00       		.ascii	"\000"
 6229 00cb 00000000 		.ascii	"\000\000\000\000\000\000\000\000"
 6229      00000000 
 6230 00d3 3A010000 		.ascii	":\001\000\000"
 6231              		.text
 6232              		.section	.gnu.lto_.opts,"e",%progbits
 6233 0000 272D666E 		.ascii	"'-fno-openmp' '-fno-openacc' '-fno-pie' '-mcpu=cort"
 6233      6F2D6F70 
 6233      656E6D70 
 6233      2720272D 
 6233      666E6F2D 
 6234 0033 65782D6D 		.ascii	"ex-m4' '-mthumb' '-mfloat-abi=soft' '-march=armv7e-"
 6234      34272027 
 6234      2D6D7468 
 6234      756D6227 
 6234      20272D6D 
 6235 0066 6D272027 		.ascii	"m' '-O2' '-fomit-frame-pointer' '-falign-functions="
 6235      2D4F3227 
 6235      20272D66 
 6235      6F6D6974 
 6235      2D667261 
 6236 0099 31362720 		.ascii	"16' '-ffunction-sections' '-fdata-sections' '-fno-c"
 6236      272D6666 
 6236      756E6374 
 6236      696F6E2D 
 6236      73656374 
 6237 00cc 6F6D6D6F 		.ascii	"ommon' '-flto'\000"
 6237      6E272027 
 6237      2D666C74 
 6237      6F2700
 6238              		.text
 6239              		.comm	__gnu_lto_v1,1,1
 6240              		.comm	__gnu_lto_slim,1,1
 6241              		.ident	"GCC: (GNU Tools for Arm Embedded Processors 9-2019-q4-major) 9.2.1 20191025 (release) [ARM
ARM GAS  /tmp/ccfgsisC.s 			page 153


DEFINED SYMBOLS
                            *ABS*:0000000000000000 hal_pal.c
     /tmp/ccfgsisC.s:50     .gnu.debuglto_.debug_info:0000000000000000 hal_pal.c.479a4ee9
                            *COM*:0000000000000001 __gnu_lto_v1
                            *COM*:0000000000000001 __gnu_lto_slim

NO UNDEFINED SYMBOLS
