ARM GAS  /tmp/cc0F93am.s 			page 1


   1              		.cpu cortex-m4
   2              		.eabi_attribute 20, 1
   3              		.eabi_attribute 21, 1
   4              		.eabi_attribute 23, 3
   5              		.eabi_attribute 24, 1
   6              		.eabi_attribute 25, 1
   7              		.eabi_attribute 26, 1
   8              		.eabi_attribute 30, 2
   9              		.eabi_attribute 34, 1
  10              		.eabi_attribute 18, 4
  11              		.file	"hal_buffers.c"
  12              		.file 1 "/home/rob/Projects/ChibiStudio/ChibiStudio_20/tools/GNU Tools ARM Embedded/9.2.1 2019q4/l
  13              		.file 2 "/home/rob/Projects/ChibiStudio/ChibiStudio_20/tools/GNU Tools ARM Embedded/9.2.1 2019q4/a
  14              		.file 3 "/home/rob/Projects/ChibiStudio/ChibiStudio_20/tools/GNU Tools ARM Embedded/9.2.1 2019q4/a
  15              		.file 4 "/home/rob/Projects/ChibiStudio/ChibiStudio_20/tools/GNU Tools ARM Embedded/9.2.1 2019q4/a
  16              		.file 5 "/home/rob/Projects/ChibiStudio/ChibiStudio_20/tools/GNU Tools ARM Embedded/9.2.1 2019q4/a
  17              		.file 6 "/home/rob/Projects/ChibiStudio/ChibiStudio_20/tools/GNU Tools ARM Embedded/9.2.1 2019q4/a
  18              		.file 7 "../../chibios_trunk/os/common/ports/ARMCMx/compilers/GCC/chtypes.h"
  19              		.file 8 "../../chibios_trunk/os/rt/include/chsystypes.h"
  20              		.file 9 "../../chibios_trunk/os/rt/include/chschd.h"
  21              		.file 10 "../../chibios_trunk/os/rt/include/chtime.h"
  22              		.file 11 "../../chibios_trunk/os/common/ext/ARM/CMSIS/Core/Include/core_cm4.h"
  23              		.file 12 "../../chibios_trunk/os/common/ext/ST/STM32F4xx/system_stm32f4xx.h"
  24              		.file 13 "../../chibios_trunk/os/common/ext/ST/STM32F4xx/stm32f401xe.h"
  25              		.file 14 "../../chibios_trunk/os/common/ports/ARMCMx/chcore.h"
  26              		.file 15 "../../chibios_trunk/os/common/ports/ARMCMx/chcore_v7m.h"
  27              		.file 16 "../../chibios_trunk/os/rt/include/chtm.h"
  28              		.file 17 "../../chibios_trunk/os/rt/include/chsem.h"
  29              		.file 18 "../../chibios_trunk/os/rt/include/chmtx.h"
  30              		.file 19 "../../chibios_trunk/os/rt/include/chsys.h"
  31              		.file 20 "../../chibios_trunk/os/rt/include/chregistry.h"
  32              		.file 21 "../../chibios_trunk/os/oslib/include/chmemcore.h"
  33              		.file 22 "../../chibios_trunk/os/oslib/include/chmempools.h"
  34              		.file 23 "../../chibios_trunk/os/oslib/include/chfactory.h"
  35              		.file 24 "../../chibios_trunk/os/hal/ports/STM32/LLD/DMAv2/stm32_dma.h"
  36              		.file 25 "../../chibios_trunk/os/hal/ports/STM32/LLD/TIMv1/stm32_tim.h"
  37              		.file 26 "../../chibios_trunk/os/hal/include/hal_buffers.h"
  38              		.file 27 "../../chibios_trunk/os/hal/include/hal_pal.h"
  39              		.file 28 "../../chibios_trunk/os/hal/ports/STM32/LLD/GPIOv2/hal_pal_lld.h"
  40              		.file 29 "../../chibios_trunk/os/hal/include/hal_icu.h"
  41              		.file 30 "../../chibios_trunk/os/hal/ports/STM32/LLD/TIMv1/hal_icu_lld.h"
  42              		.file 31 "../../chibios_trunk/os/hal/include/hal_uart.h"
  43              		.file 32 "../../chibios_trunk/os/hal/ports/STM32/LLD/USARTv1/hal_uart_lld.h"
  44              		.file 33 "../../chibios_trunk/os/hal/include/hal_usb.h"
  45              		.file 34 "../../chibios_trunk/os/hal/ports/STM32/LLD/OTGv1/hal_usb_lld.h"
  46              		.file 35 "../../chibios_trunk/os/hal/ports/STM32/LLD/OTGv1/stm32_otg.h"
  47              		.file 36 "../../chibios_trunk/os/hal/src/hal_buffers.c"
  48              		.file 37 "../../chibios_trunk/os/hal/osal/rt-nil/osal.h"
  49              		.file 38 "../../chibios_trunk/os/rt/include/chthreads.h"
  50              		.file 39 "../../chibios_trunk/os/common/ext/ARM/CMSIS/Core/Include/cmsis_gcc.h"
  51              		.section	.gnu.debuglto_.debug_info,"e",%progbits
  52              	.Ldebug_info0:
  53              		.hidden	hal_buffers.c.d7e8c0f6
  54              		.weak	hal_buffers.c.d7e8c0f6
  55              	hal_buffers.c.d7e8c0f6:
  56 0000 F22C0000 		.4byte	0x2cf2
  57 0004 0400     		.2byte	0x4
ARM GAS  /tmp/cc0F93am.s 			page 2


  58 0006 00000000 		.4byte	.Ldebug_abbrev0
  59 000a 04       		.byte	0x4
  60 000b 01       		.uleb128 0x1
  61 000c 17150000 		.4byte	.LASF553
  62 0010 0C       		.byte	0xc
  63 0011 690F0000 		.4byte	.LASF554
  64 0015 0A0D0000 		.4byte	.LASF555
  65 0019 00000000 		.4byte	.Ldebug_line0
  66 001d 02       		.uleb128 0x2
  67 001e 04       		.byte	0x4
  68 001f 05       		.byte	0x5
  69 0020 696E7400 		.ascii	"int\000"
  70 0024 03       		.uleb128 0x3
  71 0025 20000000 		.4byte	.LASF4
  72 0029 01       		.byte	0x1
  73 002a D1       		.byte	0xd1
  74 002b 17       		.byte	0x17
  75 002c 35000000 		.4byte	0x35
  76 0030 04       		.uleb128 0x4
  77 0031 24000000 		.4byte	0x24
  78 0035 05       		.uleb128 0x5
  79 0036 04       		.byte	0x4
  80 0037 07       		.byte	0x7
  81 0038 740C0000 		.4byte	.LASF0
  82 003c 05       		.uleb128 0x5
  83 003d 08       		.byte	0x8
  84 003e 05       		.byte	0x5
  85 003f 170B0000 		.4byte	.LASF1
  86 0043 05       		.uleb128 0x5
  87 0044 08       		.byte	0x8
  88 0045 04       		.byte	0x4
  89 0046 FE0E0000 		.4byte	.LASF2
  90 004a 05       		.uleb128 0x5
  91 004b 01       		.byte	0x1
  92 004c 06       		.byte	0x6
  93 004d 25040000 		.4byte	.LASF3
  94 0051 03       		.uleb128 0x3
  95 0052 66020000 		.4byte	.LASF5
  96 0056 02       		.byte	0x2
  97 0057 2B       		.byte	0x2b
  98 0058 18       		.byte	0x18
  99 0059 5D000000 		.4byte	0x5d
 100 005d 05       		.uleb128 0x5
 101 005e 01       		.byte	0x1
 102 005f 08       		.byte	0x8
 103 0060 90040000 		.4byte	.LASF6
 104 0064 05       		.uleb128 0x5
 105 0065 02       		.byte	0x2
 106 0066 05       		.byte	0x5
 107 0067 29130000 		.4byte	.LASF7
 108 006b 03       		.uleb128 0x3
 109 006c CA050000 		.4byte	.LASF8
 110 0070 02       		.byte	0x2
 111 0071 39       		.byte	0x39
 112 0072 19       		.byte	0x19
 113 0073 77000000 		.4byte	0x77
 114 0077 05       		.uleb128 0x5
ARM GAS  /tmp/cc0F93am.s 			page 3


 115 0078 02       		.byte	0x2
 116 0079 07       		.byte	0x7
 117 007a 7B160000 		.4byte	.LASF9
 118 007e 03       		.uleb128 0x3
 119 007f 24170000 		.4byte	.LASF10
 120 0083 02       		.byte	0x2
 121 0084 4D       		.byte	0x4d
 122 0085 18       		.byte	0x18
 123 0086 8A000000 		.4byte	0x8a
 124 008a 05       		.uleb128 0x5
 125 008b 04       		.byte	0x4
 126 008c 05       		.byte	0x5
 127 008d 08030000 		.4byte	.LASF11
 128 0091 03       		.uleb128 0x3
 129 0092 E80A0000 		.4byte	.LASF12
 130 0096 02       		.byte	0x2
 131 0097 4F       		.byte	0x4f
 132 0098 19       		.byte	0x19
 133 0099 9D000000 		.4byte	0x9d
 134 009d 05       		.uleb128 0x5
 135 009e 04       		.byte	0x4
 136 009f 07       		.byte	0x7
 137 00a0 80080000 		.4byte	.LASF13
 138 00a4 03       		.uleb128 0x3
 139 00a5 56080000 		.4byte	.LASF14
 140 00a9 02       		.byte	0x2
 141 00aa 69       		.byte	0x69
 142 00ab 19       		.byte	0x19
 143 00ac B0000000 		.4byte	0xb0
 144 00b0 05       		.uleb128 0x5
 145 00b1 08       		.byte	0x8
 146 00b2 07       		.byte	0x7
 147 00b3 3A100000 		.4byte	.LASF15
 148 00b7 03       		.uleb128 0x3
 149 00b8 AF140000 		.4byte	.LASF16
 150 00bc 03       		.byte	0x3
 151 00bd 22       		.byte	0x22
 152 00be 19       		.byte	0x19
 153 00bf C3000000 		.4byte	0xc3
 154 00c3 06       		.uleb128 0x6
 155 00c4 04       		.byte	0x4
 156 00c5 C9000000 		.4byte	0xc9
 157 00c9 07       		.uleb128 0x7
 158 00ca C8070000 		.4byte	.LASF123
 159 00ce 03       		.uleb128 0x3
 160 00cf 68160000 		.4byte	.LASF17
 161 00d3 04       		.byte	0x4
 162 00d4 2C       		.byte	0x2c
 163 00d5 0E       		.byte	0xe
 164 00d6 8A000000 		.4byte	0x8a
 165 00da 03       		.uleb128 0x3
 166 00db D30F0000 		.4byte	.LASF18
 167 00df 04       		.byte	0x4
 168 00e0 72       		.byte	0x72
 169 00e1 0E       		.byte	0xe
 170 00e2 8A000000 		.4byte	0x8a
 171 00e6 08       		.uleb128 0x8
ARM GAS  /tmp/cc0F93am.s 			page 4


 172 00e7 02120000 		.4byte	.LASF19
 173 00eb 01       		.byte	0x1
 174 00ec 5E01     		.2byte	0x15e
 175 00ee 17       		.byte	0x17
 176 00ef 35000000 		.4byte	0x35
 177 00f3 09       		.uleb128 0x9
 178 00f4 04       		.byte	0x4
 179 00f5 04       		.byte	0x4
 180 00f6 A6       		.byte	0xa6
 181 00f7 03       		.byte	0x3
 182 00f8 15010000 		.4byte	0x115
 183 00fc 0A       		.uleb128 0xa
 184 00fd 49020000 		.4byte	.LASF20
 185 0101 04       		.byte	0x4
 186 0102 A8       		.byte	0xa8
 187 0103 0C       		.byte	0xc
 188 0104 E6000000 		.4byte	0xe6
 189 0108 0A       		.uleb128 0xa
 190 0109 DB0F0000 		.4byte	.LASF21
 191 010d 04       		.byte	0x4
 192 010e A9       		.byte	0xa9
 193 010f 13       		.byte	0x13
 194 0110 15010000 		.4byte	0x115
 195 0114 00       		.byte	0
 196 0115 0B       		.uleb128 0xb
 197 0116 5D000000 		.4byte	0x5d
 198 011a 25010000 		.4byte	0x125
 199 011e 0C       		.uleb128 0xc
 200 011f 35000000 		.4byte	0x35
 201 0123 03       		.byte	0x3
 202 0124 00       		.byte	0
 203 0125 0D       		.uleb128 0xd
 204 0126 08       		.byte	0x8
 205 0127 04       		.byte	0x4
 206 0128 A3       		.byte	0xa3
 207 0129 09       		.byte	0x9
 208 012a 49010000 		.4byte	0x149
 209 012e 0E       		.uleb128 0xe
 210 012f A30E0000 		.4byte	.LASF22
 211 0133 04       		.byte	0x4
 212 0134 A5       		.byte	0xa5
 213 0135 07       		.byte	0x7
 214 0136 1D000000 		.4byte	0x1d
 215 013a 00       		.byte	0
 216 013b 0E       		.uleb128 0xe
 217 013c 59000000 		.4byte	.LASF23
 218 0140 04       		.byte	0x4
 219 0141 AA       		.byte	0xaa
 220 0142 05       		.byte	0x5
 221 0143 F3000000 		.4byte	0xf3
 222 0147 04       		.byte	0x4
 223 0148 00       		.byte	0
 224 0149 03       		.uleb128 0x3
 225 014a CA110000 		.4byte	.LASF24
 226 014e 04       		.byte	0x4
 227 014f AB       		.byte	0xab
 228 0150 03       		.byte	0x3
ARM GAS  /tmp/cc0F93am.s 			page 5


 229 0151 25010000 		.4byte	0x125
 230 0155 03       		.uleb128 0x3
 231 0156 6A110000 		.4byte	.LASF25
 232 015a 04       		.byte	0x4
 233 015b AF       		.byte	0xaf
 234 015c 1B       		.byte	0x1b
 235 015d B7000000 		.4byte	0xb7
 236 0161 0F       		.uleb128 0xf
 237 0162 04       		.byte	0x4
 238 0163 06       		.uleb128 0x6
 239 0164 04       		.byte	0x4
 240 0165 69010000 		.4byte	0x169
 241 0169 05       		.uleb128 0x5
 242 016a 01       		.byte	0x1
 243 016b 08       		.byte	0x8
 244 016c 85050000 		.4byte	.LASF26
 245 0170 10       		.uleb128 0x10
 246 0171 69010000 		.4byte	0x169
 247 0175 03       		.uleb128 0x3
 248 0176 20160000 		.4byte	.LASF27
 249 017a 05       		.byte	0x5
 250 017b 16       		.byte	0x16
 251 017c 19       		.byte	0x19
 252 017d 9D000000 		.4byte	0x9d
 253 0181 11       		.uleb128 0x11
 254 0182 410A0000 		.4byte	.LASF32
 255 0186 18       		.byte	0x18
 256 0187 05       		.byte	0x5
 257 0188 2F       		.byte	0x2f
 258 0189 08       		.byte	0x8
 259 018a DB010000 		.4byte	0x1db
 260 018e 0E       		.uleb128 0xe
 261 018f 36120000 		.4byte	.LASF28
 262 0193 05       		.byte	0x5
 263 0194 31       		.byte	0x31
 264 0195 13       		.byte	0x13
 265 0196 DB010000 		.4byte	0x1db
 266 019a 00       		.byte	0
 267 019b 12       		.uleb128 0x12
 268 019c 5F6B00   		.ascii	"_k\000"
 269 019f 05       		.byte	0x5
 270 01a0 32       		.byte	0x32
 271 01a1 07       		.byte	0x7
 272 01a2 1D000000 		.4byte	0x1d
 273 01a6 04       		.byte	0x4
 274 01a7 0E       		.uleb128 0xe
 275 01a8 750A0000 		.4byte	.LASF29
 276 01ac 05       		.byte	0x5
 277 01ad 32       		.byte	0x32
 278 01ae 0B       		.byte	0xb
 279 01af 1D000000 		.4byte	0x1d
 280 01b3 08       		.byte	0x8
 281 01b4 0E       		.uleb128 0xe
 282 01b5 060C0000 		.4byte	.LASF30
 283 01b9 05       		.byte	0x5
 284 01ba 32       		.byte	0x32
 285 01bb 14       		.byte	0x14
ARM GAS  /tmp/cc0F93am.s 			page 6


 286 01bc 1D000000 		.4byte	0x1d
 287 01c0 0C       		.byte	0xc
 288 01c1 0E       		.uleb128 0xe
 289 01c2 AA070000 		.4byte	.LASF31
 290 01c6 05       		.byte	0x5
 291 01c7 32       		.byte	0x32
 292 01c8 1B       		.byte	0x1b
 293 01c9 1D000000 		.4byte	0x1d
 294 01cd 10       		.byte	0x10
 295 01ce 12       		.uleb128 0x12
 296 01cf 5F7800   		.ascii	"_x\000"
 297 01d2 05       		.byte	0x5
 298 01d3 33       		.byte	0x33
 299 01d4 0B       		.byte	0xb
 300 01d5 E1010000 		.4byte	0x1e1
 301 01d9 14       		.byte	0x14
 302 01da 00       		.byte	0
 303 01db 06       		.uleb128 0x6
 304 01dc 04       		.byte	0x4
 305 01dd 81010000 		.4byte	0x181
 306 01e1 0B       		.uleb128 0xb
 307 01e2 75010000 		.4byte	0x175
 308 01e6 F1010000 		.4byte	0x1f1
 309 01ea 0C       		.uleb128 0xc
 310 01eb 35000000 		.4byte	0x35
 311 01ef 00       		.byte	0
 312 01f0 00       		.byte	0
 313 01f1 11       		.uleb128 0x11
 314 01f2 2D010000 		.4byte	.LASF33
 315 01f6 24       		.byte	0x24
 316 01f7 05       		.byte	0x5
 317 01f8 37       		.byte	0x37
 318 01f9 08       		.byte	0x8
 319 01fa 74020000 		.4byte	0x274
 320 01fe 0E       		.uleb128 0xe
 321 01ff 49010000 		.4byte	.LASF34
 322 0203 05       		.byte	0x5
 323 0204 39       		.byte	0x39
 324 0205 09       		.byte	0x9
 325 0206 1D000000 		.4byte	0x1d
 326 020a 00       		.byte	0
 327 020b 0E       		.uleb128 0xe
 328 020c B6170000 		.4byte	.LASF35
 329 0210 05       		.byte	0x5
 330 0211 3A       		.byte	0x3a
 331 0212 09       		.byte	0x9
 332 0213 1D000000 		.4byte	0x1d
 333 0217 04       		.byte	0x4
 334 0218 0E       		.uleb128 0xe
 335 0219 8E160000 		.4byte	.LASF36
 336 021d 05       		.byte	0x5
 337 021e 3B       		.byte	0x3b
 338 021f 09       		.byte	0x9
 339 0220 1D000000 		.4byte	0x1d
 340 0224 08       		.byte	0x8
 341 0225 0E       		.uleb128 0xe
 342 0226 000D0000 		.4byte	.LASF37
ARM GAS  /tmp/cc0F93am.s 			page 7


 343 022a 05       		.byte	0x5
 344 022b 3C       		.byte	0x3c
 345 022c 09       		.byte	0x9
 346 022d 1D000000 		.4byte	0x1d
 347 0231 0C       		.byte	0xc
 348 0232 0E       		.uleb128 0xe
 349 0233 B3030000 		.4byte	.LASF38
 350 0237 05       		.byte	0x5
 351 0238 3D       		.byte	0x3d
 352 0239 09       		.byte	0x9
 353 023a 1D000000 		.4byte	0x1d
 354 023e 10       		.byte	0x10
 355 023f 0E       		.uleb128 0xe
 356 0240 C6130000 		.4byte	.LASF39
 357 0244 05       		.byte	0x5
 358 0245 3E       		.byte	0x3e
 359 0246 09       		.byte	0x9
 360 0247 1D000000 		.4byte	0x1d
 361 024b 14       		.byte	0x14
 362 024c 0E       		.uleb128 0xe
 363 024d CA0E0000 		.4byte	.LASF40
 364 0251 05       		.byte	0x5
 365 0252 3F       		.byte	0x3f
 366 0253 09       		.byte	0x9
 367 0254 1D000000 		.4byte	0x1d
 368 0258 18       		.byte	0x18
 369 0259 0E       		.uleb128 0xe
 370 025a 170F0000 		.4byte	.LASF41
 371 025e 05       		.byte	0x5
 372 025f 40       		.byte	0x40
 373 0260 09       		.byte	0x9
 374 0261 1D000000 		.4byte	0x1d
 375 0265 1C       		.byte	0x1c
 376 0266 0E       		.uleb128 0xe
 377 0267 99170000 		.4byte	.LASF42
 378 026b 05       		.byte	0x5
 379 026c 41       		.byte	0x41
 380 026d 09       		.byte	0x9
 381 026e 1D000000 		.4byte	0x1d
 382 0272 20       		.byte	0x20
 383 0273 00       		.byte	0
 384 0274 13       		.uleb128 0x13
 385 0275 80020000 		.4byte	.LASF43
 386 0279 0801     		.2byte	0x108
 387 027b 05       		.byte	0x5
 388 027c 4A       		.byte	0x4a
 389 027d 08       		.byte	0x8
 390 027e B9020000 		.4byte	0x2b9
 391 0282 0E       		.uleb128 0xe
 392 0283 86170000 		.4byte	.LASF44
 393 0287 05       		.byte	0x5
 394 0288 4B       		.byte	0x4b
 395 0289 0A       		.byte	0xa
 396 028a B9020000 		.4byte	0x2b9
 397 028e 00       		.byte	0
 398 028f 0E       		.uleb128 0xe
 399 0290 8A100000 		.4byte	.LASF45
ARM GAS  /tmp/cc0F93am.s 			page 8


 400 0294 05       		.byte	0x5
 401 0295 4C       		.byte	0x4c
 402 0296 09       		.byte	0x9
 403 0297 B9020000 		.4byte	0x2b9
 404 029b 80       		.byte	0x80
 405 029c 14       		.uleb128 0x14
 406 029d 96130000 		.4byte	.LASF46
 407 02a1 05       		.byte	0x5
 408 02a2 4E       		.byte	0x4e
 409 02a3 0A       		.byte	0xa
 410 02a4 75010000 		.4byte	0x175
 411 02a8 0001     		.2byte	0x100
 412 02aa 14       		.uleb128 0x14
 413 02ab A7140000 		.4byte	.LASF47
 414 02af 05       		.byte	0x5
 415 02b0 51       		.byte	0x51
 416 02b1 0A       		.byte	0xa
 417 02b2 75010000 		.4byte	0x175
 418 02b6 0401     		.2byte	0x104
 419 02b8 00       		.byte	0
 420 02b9 0B       		.uleb128 0xb
 421 02ba 61010000 		.4byte	0x161
 422 02be C9020000 		.4byte	0x2c9
 423 02c2 0C       		.uleb128 0xc
 424 02c3 35000000 		.4byte	0x35
 425 02c7 1F       		.byte	0x1f
 426 02c8 00       		.byte	0
 427 02c9 13       		.uleb128 0x13
 428 02ca 260E0000 		.4byte	.LASF48
 429 02ce 9001     		.2byte	0x190
 430 02d0 05       		.byte	0x5
 431 02d1 5D       		.byte	0x5d
 432 02d2 08       		.byte	0x8
 433 02d3 0C030000 		.4byte	0x30c
 434 02d7 0E       		.uleb128 0xe
 435 02d8 36120000 		.4byte	.LASF28
 436 02dc 05       		.byte	0x5
 437 02dd 5E       		.byte	0x5e
 438 02de 12       		.byte	0x12
 439 02df 0C030000 		.4byte	0x30c
 440 02e3 00       		.byte	0
 441 02e4 0E       		.uleb128 0xe
 442 02e5 65140000 		.4byte	.LASF49
 443 02e9 05       		.byte	0x5
 444 02ea 5F       		.byte	0x5f
 445 02eb 06       		.byte	0x6
 446 02ec 1D000000 		.4byte	0x1d
 447 02f0 04       		.byte	0x4
 448 02f1 0E       		.uleb128 0xe
 449 02f2 8A050000 		.4byte	.LASF50
 450 02f6 05       		.byte	0x5
 451 02f7 61       		.byte	0x61
 452 02f8 09       		.byte	0x9
 453 02f9 12030000 		.4byte	0x312
 454 02fd 08       		.byte	0x8
 455 02fe 0E       		.uleb128 0xe
 456 02ff 80020000 		.4byte	.LASF43
ARM GAS  /tmp/cc0F93am.s 			page 9


 457 0303 05       		.byte	0x5
 458 0304 62       		.byte	0x62
 459 0305 1E       		.byte	0x1e
 460 0306 74020000 		.4byte	0x274
 461 030a 88       		.byte	0x88
 462 030b 00       		.byte	0
 463 030c 06       		.uleb128 0x6
 464 030d 04       		.byte	0x4
 465 030e C9020000 		.4byte	0x2c9
 466 0312 0B       		.uleb128 0xb
 467 0313 22030000 		.4byte	0x322
 468 0317 22030000 		.4byte	0x322
 469 031b 0C       		.uleb128 0xc
 470 031c 35000000 		.4byte	0x35
 471 0320 1F       		.byte	0x1f
 472 0321 00       		.byte	0
 473 0322 06       		.uleb128 0x6
 474 0323 04       		.byte	0x4
 475 0324 28030000 		.4byte	0x328
 476 0328 15       		.uleb128 0x15
 477 0329 11       		.uleb128 0x11
 478 032a 92140000 		.4byte	.LASF51
 479 032e 08       		.byte	0x8
 480 032f 05       		.byte	0x5
 481 0330 75       		.byte	0x75
 482 0331 08       		.byte	0x8
 483 0332 51030000 		.4byte	0x351
 484 0336 0E       		.uleb128 0xe
 485 0337 FC100000 		.4byte	.LASF52
 486 033b 05       		.byte	0x5
 487 033c 76       		.byte	0x76
 488 033d 11       		.byte	0x11
 489 033e 51030000 		.4byte	0x351
 490 0342 00       		.byte	0
 491 0343 0E       		.uleb128 0xe
 492 0344 41030000 		.4byte	.LASF53
 493 0348 05       		.byte	0x5
 494 0349 77       		.byte	0x77
 495 034a 06       		.byte	0x6
 496 034b 1D000000 		.4byte	0x1d
 497 034f 04       		.byte	0x4
 498 0350 00       		.byte	0
 499 0351 06       		.uleb128 0x6
 500 0352 04       		.byte	0x4
 501 0353 5D000000 		.4byte	0x5d
 502 0357 11       		.uleb128 0x11
 503 0358 DC080000 		.4byte	.LASF54
 504 035c 68       		.byte	0x68
 505 035d 05       		.byte	0x5
 506 035e B5       		.byte	0xb5
 507 035f 08       		.byte	0x8
 508 0360 9A040000 		.4byte	0x49a
 509 0364 12       		.uleb128 0x12
 510 0365 5F7000   		.ascii	"_p\000"
 511 0368 05       		.byte	0x5
 512 0369 B6       		.byte	0xb6
 513 036a 12       		.byte	0x12
ARM GAS  /tmp/cc0F93am.s 			page 10


 514 036b 51030000 		.4byte	0x351
 515 036f 00       		.byte	0
 516 0370 12       		.uleb128 0x12
 517 0371 5F7200   		.ascii	"_r\000"
 518 0374 05       		.byte	0x5
 519 0375 B7       		.byte	0xb7
 520 0376 07       		.byte	0x7
 521 0377 1D000000 		.4byte	0x1d
 522 037b 04       		.byte	0x4
 523 037c 12       		.uleb128 0x12
 524 037d 5F7700   		.ascii	"_w\000"
 525 0380 05       		.byte	0x5
 526 0381 B8       		.byte	0xb8
 527 0382 07       		.byte	0x7
 528 0383 1D000000 		.4byte	0x1d
 529 0387 08       		.byte	0x8
 530 0388 0E       		.uleb128 0xe
 531 0389 F20D0000 		.4byte	.LASF55
 532 038d 05       		.byte	0x5
 533 038e B9       		.byte	0xb9
 534 038f 09       		.byte	0x9
 535 0390 64000000 		.4byte	0x64
 536 0394 0C       		.byte	0xc
 537 0395 0E       		.uleb128 0xe
 538 0396 70020000 		.4byte	.LASF56
 539 039a 05       		.byte	0x5
 540 039b BA       		.byte	0xba
 541 039c 09       		.byte	0x9
 542 039d 64000000 		.4byte	0x64
 543 03a1 0E       		.byte	0xe
 544 03a2 12       		.uleb128 0x12
 545 03a3 5F626600 		.ascii	"_bf\000"
 546 03a7 05       		.byte	0x5
 547 03a8 BB       		.byte	0xbb
 548 03a9 11       		.byte	0x11
 549 03aa 29030000 		.4byte	0x329
 550 03ae 10       		.byte	0x10
 551 03af 0E       		.uleb128 0xe
 552 03b0 50140000 		.4byte	.LASF57
 553 03b4 05       		.byte	0x5
 554 03b5 BC       		.byte	0xbc
 555 03b6 07       		.byte	0x7
 556 03b7 1D000000 		.4byte	0x1d
 557 03bb 18       		.byte	0x18
 558 03bc 0E       		.uleb128 0xe
 559 03bd 6F070000 		.4byte	.LASF58
 560 03c1 05       		.byte	0x5
 561 03c2 C3       		.byte	0xc3
 562 03c3 0A       		.byte	0xa
 563 03c4 61010000 		.4byte	0x161
 564 03c8 1C       		.byte	0x1c
 565 03c9 0E       		.uleb128 0xe
 566 03ca 82000000 		.4byte	.LASF59
 567 03ce 05       		.byte	0x5
 568 03cf C5       		.byte	0xc5
 569 03d0 1D       		.byte	0x1d
 570 03d1 0C060000 		.4byte	0x60c
ARM GAS  /tmp/cc0F93am.s 			page 11


 571 03d5 20       		.byte	0x20
 572 03d6 0E       		.uleb128 0xe
 573 03d7 A2000000 		.4byte	.LASF60
 574 03db 05       		.byte	0x5
 575 03dc C7       		.byte	0xc7
 576 03dd 1D       		.byte	0x1d
 577 03de 3B060000 		.4byte	0x63b
 578 03e2 24       		.byte	0x24
 579 03e3 0E       		.uleb128 0xe
 580 03e4 9F0F0000 		.4byte	.LASF61
 581 03e8 05       		.byte	0x5
 582 03e9 CA       		.byte	0xca
 583 03ea 0D       		.byte	0xd
 584 03eb 5F060000 		.4byte	0x65f
 585 03ef 28       		.byte	0x28
 586 03f0 0E       		.uleb128 0xe
 587 03f1 A2050000 		.4byte	.LASF62
 588 03f5 05       		.byte	0x5
 589 03f6 CB       		.byte	0xcb
 590 03f7 09       		.byte	0x9
 591 03f8 79060000 		.4byte	0x679
 592 03fc 2C       		.byte	0x2c
 593 03fd 12       		.uleb128 0x12
 594 03fe 5F756200 		.ascii	"_ub\000"
 595 0402 05       		.byte	0x5
 596 0403 CE       		.byte	0xce
 597 0404 11       		.byte	0x11
 598 0405 29030000 		.4byte	0x329
 599 0409 30       		.byte	0x30
 600 040a 12       		.uleb128 0x12
 601 040b 5F757000 		.ascii	"_up\000"
 602 040f 05       		.byte	0x5
 603 0410 CF       		.byte	0xcf
 604 0411 12       		.byte	0x12
 605 0412 51030000 		.4byte	0x351
 606 0416 38       		.byte	0x38
 607 0417 12       		.uleb128 0x12
 608 0418 5F757200 		.ascii	"_ur\000"
 609 041c 05       		.byte	0x5
 610 041d D0       		.byte	0xd0
 611 041e 07       		.byte	0x7
 612 041f 1D000000 		.4byte	0x1d
 613 0423 3C       		.byte	0x3c
 614 0424 0E       		.uleb128 0xe
 615 0425 9C0D0000 		.4byte	.LASF63
 616 0429 05       		.byte	0x5
 617 042a D3       		.byte	0xd3
 618 042b 11       		.byte	0x11
 619 042c 7F060000 		.4byte	0x67f
 620 0430 40       		.byte	0x40
 621 0431 0E       		.uleb128 0xe
 622 0432 43010000 		.4byte	.LASF64
 623 0436 05       		.byte	0x5
 624 0437 D4       		.byte	0xd4
 625 0438 11       		.byte	0x11
 626 0439 8F060000 		.4byte	0x68f
 627 043d 43       		.byte	0x43
ARM GAS  /tmp/cc0F93am.s 			page 12


 628 043e 12       		.uleb128 0x12
 629 043f 5F6C6200 		.ascii	"_lb\000"
 630 0443 05       		.byte	0x5
 631 0444 D7       		.byte	0xd7
 632 0445 11       		.byte	0x11
 633 0446 29030000 		.4byte	0x329
 634 044a 44       		.byte	0x44
 635 044b 0E       		.uleb128 0xe
 636 044c F3100000 		.4byte	.LASF65
 637 0450 05       		.byte	0x5
 638 0451 DA       		.byte	0xda
 639 0452 07       		.byte	0x7
 640 0453 1D000000 		.4byte	0x1d
 641 0457 4C       		.byte	0x4c
 642 0458 0E       		.uleb128 0xe
 643 0459 01080000 		.4byte	.LASF66
 644 045d 05       		.byte	0x5
 645 045e DB       		.byte	0xdb
 646 045f 0A       		.byte	0xa
 647 0460 CE000000 		.4byte	0xce
 648 0464 50       		.byte	0x50
 649 0465 0E       		.uleb128 0xe
 650 0466 42120000 		.4byte	.LASF67
 651 046a 05       		.byte	0x5
 652 046b DE       		.byte	0xde
 653 046c 12       		.byte	0x12
 654 046d B8040000 		.4byte	0x4b8
 655 0471 54       		.byte	0x54
 656 0472 0E       		.uleb128 0xe
 657 0473 B2010000 		.4byte	.LASF68
 658 0477 05       		.byte	0x5
 659 0478 E2       		.byte	0xe2
 660 0479 0C       		.byte	0xc
 661 047a 55010000 		.4byte	0x155
 662 047e 58       		.byte	0x58
 663 047f 0E       		.uleb128 0xe
 664 0480 CF0D0000 		.4byte	.LASF69
 665 0484 05       		.byte	0x5
 666 0485 E4       		.byte	0xe4
 667 0486 0E       		.byte	0xe
 668 0487 49010000 		.4byte	0x149
 669 048b 5C       		.byte	0x5c
 670 048c 0E       		.uleb128 0xe
 671 048d EF080000 		.4byte	.LASF70
 672 0491 05       		.byte	0x5
 673 0492 E5       		.byte	0xe5
 674 0493 09       		.byte	0x9
 675 0494 1D000000 		.4byte	0x1d
 676 0498 64       		.byte	0x64
 677 0499 00       		.byte	0
 678 049a 16       		.uleb128 0x16
 679 049b 1D000000 		.4byte	0x1d
 680 049f B8040000 		.4byte	0x4b8
 681 04a3 17       		.uleb128 0x17
 682 04a4 B8040000 		.4byte	0x4b8
 683 04a8 17       		.uleb128 0x17
 684 04a9 61010000 		.4byte	0x161
ARM GAS  /tmp/cc0F93am.s 			page 13


 685 04ad 17       		.uleb128 0x17
 686 04ae 63010000 		.4byte	0x163
 687 04b2 17       		.uleb128 0x17
 688 04b3 1D000000 		.4byte	0x1d
 689 04b7 00       		.byte	0
 690 04b8 06       		.uleb128 0x6
 691 04b9 04       		.byte	0x4
 692 04ba C3040000 		.4byte	0x4c3
 693 04be 10       		.uleb128 0x10
 694 04bf B8040000 		.4byte	0x4b8
 695 04c3 18       		.uleb128 0x18
 696 04c4 EB040000 		.4byte	.LASF71
 697 04c8 2804     		.2byte	0x428
 698 04ca 05       		.byte	0x5
 699 04cb 6002     		.2byte	0x260
 700 04cd 08       		.byte	0x8
 701 04ce 0C060000 		.4byte	0x60c
 702 04d2 19       		.uleb128 0x19
 703 04d3 90090000 		.4byte	.LASF72
 704 04d7 05       		.byte	0x5
 705 04d8 6202     		.2byte	0x262
 706 04da 07       		.byte	0x7
 707 04db 1D000000 		.4byte	0x1d
 708 04df 00       		.byte	0
 709 04e0 19       		.uleb128 0x19
 710 04e1 FF050000 		.4byte	.LASF73
 711 04e5 05       		.byte	0x5
 712 04e6 6702     		.2byte	0x267
 713 04e8 0B       		.byte	0xb
 714 04e9 EB060000 		.4byte	0x6eb
 715 04ed 04       		.byte	0x4
 716 04ee 19       		.uleb128 0x19
 717 04ef D2100000 		.4byte	.LASF74
 718 04f3 05       		.byte	0x5
 719 04f4 6702     		.2byte	0x267
 720 04f6 14       		.byte	0x14
 721 04f7 EB060000 		.4byte	0x6eb
 722 04fb 08       		.byte	0x8
 723 04fc 19       		.uleb128 0x19
 724 04fd AB0D0000 		.4byte	.LASF75
 725 0501 05       		.byte	0x5
 726 0502 6702     		.2byte	0x267
 727 0504 1E       		.byte	0x1e
 728 0505 EB060000 		.4byte	0x6eb
 729 0509 0C       		.byte	0xc
 730 050a 19       		.uleb128 0x19
 731 050b 60140000 		.4byte	.LASF76
 732 050f 05       		.byte	0x5
 733 0510 6902     		.2byte	0x269
 734 0512 08       		.byte	0x8
 735 0513 1D000000 		.4byte	0x1d
 736 0517 10       		.byte	0x10
 737 0518 19       		.uleb128 0x19
 738 0519 F30A0000 		.4byte	.LASF77
 739 051d 05       		.byte	0x5
 740 051e 6A02     		.2byte	0x26a
 741 0520 08       		.byte	0x8
ARM GAS  /tmp/cc0F93am.s 			page 14


 742 0521 EB080000 		.4byte	0x8eb
 743 0525 14       		.byte	0x14
 744 0526 19       		.uleb128 0x19
 745 0527 CD040000 		.4byte	.LASF78
 746 052b 05       		.byte	0x5
 747 052c 6D02     		.2byte	0x26d
 748 052e 07       		.byte	0x7
 749 052f 1D000000 		.4byte	0x1d
 750 0533 30       		.byte	0x30
 751 0534 19       		.uleb128 0x19
 752 0535 18160000 		.4byte	.LASF79
 753 0539 05       		.byte	0x5
 754 053a 6E02     		.2byte	0x26e
 755 053c 16       		.byte	0x16
 756 053d 00090000 		.4byte	0x900
 757 0541 34       		.byte	0x34
 758 0542 19       		.uleb128 0x19
 759 0543 E4080000 		.4byte	.LASF80
 760 0547 05       		.byte	0x5
 761 0548 7002     		.2byte	0x270
 762 054a 07       		.byte	0x7
 763 054b 1D000000 		.4byte	0x1d
 764 054f 38       		.byte	0x38
 765 0550 19       		.uleb128 0x19
 766 0551 910A0000 		.4byte	.LASF81
 767 0555 05       		.byte	0x5
 768 0556 7202     		.2byte	0x272
 769 0558 0A       		.byte	0xa
 770 0559 11090000 		.4byte	0x911
 771 055d 3C       		.byte	0x3c
 772 055e 19       		.uleb128 0x19
 773 055f 57160000 		.4byte	.LASF82
 774 0563 05       		.byte	0x5
 775 0564 7502     		.2byte	0x275
 776 0566 13       		.byte	0x13
 777 0567 DB010000 		.4byte	0x1db
 778 056b 40       		.byte	0x40
 779 056c 19       		.uleb128 0x19
 780 056d 29030000 		.4byte	.LASF83
 781 0571 05       		.byte	0x5
 782 0572 7602     		.2byte	0x276
 783 0574 07       		.byte	0x7
 784 0575 1D000000 		.4byte	0x1d
 785 0579 44       		.byte	0x44
 786 057a 19       		.uleb128 0x19
 787 057b 7B080000 		.4byte	.LASF84
 788 057f 05       		.byte	0x5
 789 0580 7702     		.2byte	0x277
 790 0582 13       		.byte	0x13
 791 0583 DB010000 		.4byte	0x1db
 792 0587 48       		.byte	0x48
 793 0588 19       		.uleb128 0x19
 794 0589 D40B0000 		.4byte	.LASF85
 795 058d 05       		.byte	0x5
 796 058e 7802     		.2byte	0x278
 797 0590 14       		.byte	0x14
 798 0591 17090000 		.4byte	0x917
ARM GAS  /tmp/cc0F93am.s 			page 15


 799 0595 4C       		.byte	0x4c
 800 0596 19       		.uleb128 0x19
 801 0597 CB000000 		.4byte	.LASF86
 802 059b 05       		.byte	0x5
 803 059c 7B02     		.2byte	0x27b
 804 059e 07       		.byte	0x7
 805 059f 1D000000 		.4byte	0x1d
 806 05a3 50       		.byte	0x50
 807 05a4 19       		.uleb128 0x19
 808 05a5 16080000 		.4byte	.LASF87
 809 05a9 05       		.byte	0x5
 810 05aa 7C02     		.2byte	0x27c
 811 05ac 09       		.byte	0x9
 812 05ad 63010000 		.4byte	0x163
 813 05b1 54       		.byte	0x54
 814 05b2 19       		.uleb128 0x19
 815 05b3 7E0D0000 		.4byte	.LASF88
 816 05b7 05       		.byte	0x5
 817 05b8 9F02     		.2byte	0x29f
 818 05ba 07       		.byte	0x7
 819 05bb C6080000 		.4byte	0x8c6
 820 05bf 58       		.byte	0x58
 821 05c0 1A       		.uleb128 0x1a
 822 05c1 260E0000 		.4byte	.LASF48
 823 05c5 05       		.byte	0x5
 824 05c6 A302     		.2byte	0x2a3
 825 05c8 13       		.byte	0x13
 826 05c9 0C030000 		.4byte	0x30c
 827 05cd 4801     		.2byte	0x148
 828 05cf 1A       		.uleb128 0x1a
 829 05d0 A30A0000 		.4byte	.LASF89
 830 05d4 05       		.byte	0x5
 831 05d5 A402     		.2byte	0x2a4
 832 05d7 12       		.byte	0x12
 833 05d8 C9020000 		.4byte	0x2c9
 834 05dc 4C01     		.2byte	0x14c
 835 05de 1A       		.uleb128 0x1a
 836 05df DD070000 		.4byte	.LASF90
 837 05e3 05       		.byte	0x5
 838 05e4 A802     		.2byte	0x2a8
 839 05e6 0C       		.byte	0xc
 840 05e7 28090000 		.4byte	0x928
 841 05eb DC02     		.2byte	0x2dc
 842 05ed 1A       		.uleb128 0x1a
 843 05ee 680B0000 		.4byte	.LASF91
 844 05f2 05       		.byte	0x5
 845 05f3 AD02     		.2byte	0x2ad
 846 05f5 10       		.byte	0x10
 847 05f6 AC060000 		.4byte	0x6ac
 848 05fa E002     		.2byte	0x2e0
 849 05fc 1A       		.uleb128 0x1a
 850 05fd 77000000 		.4byte	.LASF92
 851 0601 05       		.byte	0x5
 852 0602 AF02     		.2byte	0x2af
 853 0604 0A       		.byte	0xa
 854 0605 34090000 		.4byte	0x934
 855 0609 EC02     		.2byte	0x2ec
ARM GAS  /tmp/cc0F93am.s 			page 16


 856 060b 00       		.byte	0
 857 060c 06       		.uleb128 0x6
 858 060d 04       		.byte	0x4
 859 060e 9A040000 		.4byte	0x49a
 860 0612 16       		.uleb128 0x16
 861 0613 1D000000 		.4byte	0x1d
 862 0617 30060000 		.4byte	0x630
 863 061b 17       		.uleb128 0x17
 864 061c B8040000 		.4byte	0x4b8
 865 0620 17       		.uleb128 0x17
 866 0621 61010000 		.4byte	0x161
 867 0625 17       		.uleb128 0x17
 868 0626 30060000 		.4byte	0x630
 869 062a 17       		.uleb128 0x17
 870 062b 1D000000 		.4byte	0x1d
 871 062f 00       		.byte	0
 872 0630 06       		.uleb128 0x6
 873 0631 04       		.byte	0x4
 874 0632 70010000 		.4byte	0x170
 875 0636 04       		.uleb128 0x4
 876 0637 30060000 		.4byte	0x630
 877 063b 06       		.uleb128 0x6
 878 063c 04       		.byte	0x4
 879 063d 12060000 		.4byte	0x612
 880 0641 16       		.uleb128 0x16
 881 0642 DA000000 		.4byte	0xda
 882 0646 5F060000 		.4byte	0x65f
 883 064a 17       		.uleb128 0x17
 884 064b B8040000 		.4byte	0x4b8
 885 064f 17       		.uleb128 0x17
 886 0650 61010000 		.4byte	0x161
 887 0654 17       		.uleb128 0x17
 888 0655 DA000000 		.4byte	0xda
 889 0659 17       		.uleb128 0x17
 890 065a 1D000000 		.4byte	0x1d
 891 065e 00       		.byte	0
 892 065f 06       		.uleb128 0x6
 893 0660 04       		.byte	0x4
 894 0661 41060000 		.4byte	0x641
 895 0665 16       		.uleb128 0x16
 896 0666 1D000000 		.4byte	0x1d
 897 066a 79060000 		.4byte	0x679
 898 066e 17       		.uleb128 0x17
 899 066f B8040000 		.4byte	0x4b8
 900 0673 17       		.uleb128 0x17
 901 0674 61010000 		.4byte	0x161
 902 0678 00       		.byte	0
 903 0679 06       		.uleb128 0x6
 904 067a 04       		.byte	0x4
 905 067b 65060000 		.4byte	0x665
 906 067f 0B       		.uleb128 0xb
 907 0680 5D000000 		.4byte	0x5d
 908 0684 8F060000 		.4byte	0x68f
 909 0688 0C       		.uleb128 0xc
 910 0689 35000000 		.4byte	0x35
 911 068d 02       		.byte	0x2
 912 068e 00       		.byte	0
ARM GAS  /tmp/cc0F93am.s 			page 17


 913 068f 0B       		.uleb128 0xb
 914 0690 5D000000 		.4byte	0x5d
 915 0694 9F060000 		.4byte	0x69f
 916 0698 0C       		.uleb128 0xc
 917 0699 35000000 		.4byte	0x35
 918 069d 00       		.byte	0
 919 069e 00       		.byte	0
 920 069f 08       		.uleb128 0x8
 921 06a0 7B110000 		.4byte	.LASF93
 922 06a4 05       		.byte	0x5
 923 06a5 1F01     		.2byte	0x11f
 924 06a7 1A       		.byte	0x1a
 925 06a8 57030000 		.4byte	0x357
 926 06ac 1B       		.uleb128 0x1b
 927 06ad F30B0000 		.4byte	.LASF94
 928 06b1 0C       		.byte	0xc
 929 06b2 05       		.byte	0x5
 930 06b3 2301     		.2byte	0x123
 931 06b5 08       		.byte	0x8
 932 06b6 E5060000 		.4byte	0x6e5
 933 06ba 19       		.uleb128 0x19
 934 06bb 36120000 		.4byte	.LASF28
 935 06bf 05       		.byte	0x5
 936 06c0 2501     		.2byte	0x125
 937 06c2 11       		.byte	0x11
 938 06c3 E5060000 		.4byte	0x6e5
 939 06c7 00       		.byte	0
 940 06c8 19       		.uleb128 0x19
 941 06c9 450B0000 		.4byte	.LASF95
 942 06cd 05       		.byte	0x5
 943 06ce 2601     		.2byte	0x126
 944 06d0 07       		.byte	0x7
 945 06d1 1D000000 		.4byte	0x1d
 946 06d5 04       		.byte	0x4
 947 06d6 19       		.uleb128 0x19
 948 06d7 DE0B0000 		.4byte	.LASF96
 949 06db 05       		.byte	0x5
 950 06dc 2701     		.2byte	0x127
 951 06de 0B       		.byte	0xb
 952 06df EB060000 		.4byte	0x6eb
 953 06e3 08       		.byte	0x8
 954 06e4 00       		.byte	0
 955 06e5 06       		.uleb128 0x6
 956 06e6 04       		.byte	0x4
 957 06e7 AC060000 		.4byte	0x6ac
 958 06eb 06       		.uleb128 0x6
 959 06ec 04       		.byte	0x4
 960 06ed 9F060000 		.4byte	0x69f
 961 06f1 1B       		.uleb128 0x1b
 962 06f2 B2100000 		.4byte	.LASF97
 963 06f6 0E       		.byte	0xe
 964 06f7 05       		.byte	0x5
 965 06f8 3F01     		.2byte	0x13f
 966 06fa 08       		.byte	0x8
 967 06fb 2A070000 		.4byte	0x72a
 968 06ff 19       		.uleb128 0x19
 969 0700 630F0000 		.4byte	.LASF98
ARM GAS  /tmp/cc0F93am.s 			page 18


 970 0704 05       		.byte	0x5
 971 0705 4001     		.2byte	0x140
 972 0707 12       		.byte	0x12
 973 0708 2A070000 		.4byte	0x72a
 974 070c 00       		.byte	0
 975 070d 19       		.uleb128 0x19
 976 070e D2010000 		.4byte	.LASF99
 977 0712 05       		.byte	0x5
 978 0713 4101     		.2byte	0x141
 979 0715 12       		.byte	0x12
 980 0716 2A070000 		.4byte	0x72a
 981 071a 06       		.byte	0x6
 982 071b 19       		.uleb128 0x19
 983 071c 76160000 		.4byte	.LASF100
 984 0720 05       		.byte	0x5
 985 0721 4201     		.2byte	0x142
 986 0723 12       		.byte	0x12
 987 0724 77000000 		.4byte	0x77
 988 0728 0C       		.byte	0xc
 989 0729 00       		.byte	0
 990 072a 0B       		.uleb128 0xb
 991 072b 77000000 		.4byte	0x77
 992 072f 3A070000 		.4byte	0x73a
 993 0733 0C       		.uleb128 0xc
 994 0734 35000000 		.4byte	0x35
 995 0738 02       		.byte	0x2
 996 0739 00       		.byte	0
 997 073a 1C       		.uleb128 0x1c
 998 073b D0       		.byte	0xd0
 999 073c 05       		.byte	0x5
 1000 073d 8002     		.2byte	0x280
 1001 073f 07       		.byte	0x7
 1002 0740 4F080000 		.4byte	0x84f
 1003 0744 19       		.uleb128 0x19
 1004 0745 0E040000 		.4byte	.LASF101
 1005 0749 05       		.byte	0x5
 1006 074a 8202     		.2byte	0x282
 1007 074c 18       		.byte	0x18
 1008 074d 35000000 		.4byte	0x35
 1009 0751 00       		.byte	0
 1010 0752 19       		.uleb128 0x19
 1011 0753 0F110000 		.4byte	.LASF102
 1012 0757 05       		.byte	0x5
 1013 0758 8302     		.2byte	0x283
 1014 075a 12       		.byte	0x12
 1015 075b 63010000 		.4byte	0x163
 1016 075f 04       		.byte	0x4
 1017 0760 19       		.uleb128 0x19
 1018 0761 BE000000 		.4byte	.LASF103
 1019 0765 05       		.byte	0x5
 1020 0766 8402     		.2byte	0x284
 1021 0768 10       		.byte	0x10
 1022 0769 4F080000 		.4byte	0x84f
 1023 076d 08       		.byte	0x8
 1024 076e 19       		.uleb128 0x19
 1025 076f 4C030000 		.4byte	.LASF104
 1026 0773 05       		.byte	0x5
ARM GAS  /tmp/cc0F93am.s 			page 19


 1027 0774 8502     		.2byte	0x285
 1028 0776 17       		.byte	0x17
 1029 0777 F1010000 		.4byte	0x1f1
 1030 077b 24       		.byte	0x24
 1031 077c 19       		.uleb128 0x19
 1032 077d 9D0B0000 		.4byte	.LASF105
 1033 0781 05       		.byte	0x5
 1034 0782 8602     		.2byte	0x286
 1035 0784 0F       		.byte	0xf
 1036 0785 1D000000 		.4byte	0x1d
 1037 0789 48       		.byte	0x48
 1038 078a 19       		.uleb128 0x19
 1039 078b E00D0000 		.4byte	.LASF106
 1040 078f 05       		.byte	0x5
 1041 0790 8702     		.2byte	0x287
 1042 0792 2C       		.byte	0x2c
 1043 0793 B0000000 		.4byte	0xb0
 1044 0797 50       		.byte	0x50
 1045 0798 19       		.uleb128 0x19
 1046 0799 D5110000 		.4byte	.LASF107
 1047 079d 05       		.byte	0x5
 1048 079e 8802     		.2byte	0x288
 1049 07a0 1A       		.byte	0x1a
 1050 07a1 F1060000 		.4byte	0x6f1
 1051 07a5 58       		.byte	0x58
 1052 07a6 19       		.uleb128 0x19
 1053 07a7 1C130000 		.4byte	.LASF108
 1054 07ab 05       		.byte	0x5
 1055 07ac 8902     		.2byte	0x289
 1056 07ae 16       		.byte	0x16
 1057 07af 49010000 		.4byte	0x149
 1058 07b3 68       		.byte	0x68
 1059 07b4 19       		.uleb128 0x19
 1060 07b5 0C100000 		.4byte	.LASF109
 1061 07b9 05       		.byte	0x5
 1062 07ba 8A02     		.2byte	0x28a
 1063 07bc 16       		.byte	0x16
 1064 07bd 49010000 		.4byte	0x149
 1065 07c1 70       		.byte	0x70
 1066 07c2 19       		.uleb128 0x19
 1067 07c3 C10D0000 		.4byte	.LASF110
 1068 07c7 05       		.byte	0x5
 1069 07c8 8B02     		.2byte	0x28b
 1070 07ca 16       		.byte	0x16
 1071 07cb 49010000 		.4byte	0x149
 1072 07cf 78       		.byte	0x78
 1073 07d0 19       		.uleb128 0x19
 1074 07d1 68010000 		.4byte	.LASF111
 1075 07d5 05       		.byte	0x5
 1076 07d6 8C02     		.2byte	0x28c
 1077 07d8 10       		.byte	0x10
 1078 07d9 5F080000 		.4byte	0x85f
 1079 07dd 80       		.byte	0x80
 1080 07de 19       		.uleb128 0x19
 1081 07df F3090000 		.4byte	.LASF112
 1082 07e3 05       		.byte	0x5
 1083 07e4 8D02     		.2byte	0x28d
ARM GAS  /tmp/cc0F93am.s 			page 20


 1084 07e6 10       		.byte	0x10
 1085 07e7 6F080000 		.4byte	0x86f
 1086 07eb 88       		.byte	0x88
 1087 07ec 19       		.uleb128 0x19
 1088 07ed D6170000 		.4byte	.LASF113
 1089 07f1 05       		.byte	0x5
 1090 07f2 8E02     		.2byte	0x28e
 1091 07f4 0F       		.byte	0xf
 1092 07f5 1D000000 		.4byte	0x1d
 1093 07f9 A0       		.byte	0xa0
 1094 07fa 19       		.uleb128 0x19
 1095 07fb FA020000 		.4byte	.LASF114
 1096 07ff 05       		.byte	0x5
 1097 0800 8F02     		.2byte	0x28f
 1098 0802 16       		.byte	0x16
 1099 0803 49010000 		.4byte	0x149
 1100 0807 A4       		.byte	0xa4
 1101 0808 19       		.uleb128 0x19
 1102 0809 27110000 		.4byte	.LASF115
 1103 080d 05       		.byte	0x5
 1104 080e 9002     		.2byte	0x290
 1105 0810 16       		.byte	0x16
 1106 0811 49010000 		.4byte	0x149
 1107 0815 AC       		.byte	0xac
 1108 0816 19       		.uleb128 0x19
 1109 0817 EE160000 		.4byte	.LASF116
 1110 081b 05       		.byte	0x5
 1111 081c 9102     		.2byte	0x291
 1112 081e 16       		.byte	0x16
 1113 081f 49010000 		.4byte	0x149
 1114 0823 B4       		.byte	0xb4
 1115 0824 19       		.uleb128 0x19
 1116 0825 E70C0000 		.4byte	.LASF117
 1117 0829 05       		.byte	0x5
 1118 082a 9202     		.2byte	0x292
 1119 082c 16       		.byte	0x16
 1120 082d 49010000 		.4byte	0x149
 1121 0831 BC       		.byte	0xbc
 1122 0832 19       		.uleb128 0x19
 1123 0833 32010000 		.4byte	.LASF118
 1124 0837 05       		.byte	0x5
 1125 0838 9302     		.2byte	0x293
 1126 083a 16       		.byte	0x16
 1127 083b 49010000 		.4byte	0x149
 1128 083f C4       		.byte	0xc4
 1129 0840 19       		.uleb128 0x19
 1130 0841 BD0C0000 		.4byte	.LASF119
 1131 0845 05       		.byte	0x5
 1132 0846 9402     		.2byte	0x294
 1133 0848 08       		.byte	0x8
 1134 0849 1D000000 		.4byte	0x1d
 1135 084d CC       		.byte	0xcc
 1136 084e 00       		.byte	0
 1137 084f 0B       		.uleb128 0xb
 1138 0850 69010000 		.4byte	0x169
 1139 0854 5F080000 		.4byte	0x85f
 1140 0858 0C       		.uleb128 0xc
ARM GAS  /tmp/cc0F93am.s 			page 21


 1141 0859 35000000 		.4byte	0x35
 1142 085d 19       		.byte	0x19
 1143 085e 00       		.byte	0
 1144 085f 0B       		.uleb128 0xb
 1145 0860 69010000 		.4byte	0x169
 1146 0864 6F080000 		.4byte	0x86f
 1147 0868 0C       		.uleb128 0xc
 1148 0869 35000000 		.4byte	0x35
 1149 086d 07       		.byte	0x7
 1150 086e 00       		.byte	0
 1151 086f 0B       		.uleb128 0xb
 1152 0870 69010000 		.4byte	0x169
 1153 0874 7F080000 		.4byte	0x87f
 1154 0878 0C       		.uleb128 0xc
 1155 0879 35000000 		.4byte	0x35
 1156 087d 17       		.byte	0x17
 1157 087e 00       		.byte	0
 1158 087f 1C       		.uleb128 0x1c
 1159 0880 F0       		.byte	0xf0
 1160 0881 05       		.byte	0x5
 1161 0882 9902     		.2byte	0x299
 1162 0884 07       		.byte	0x7
 1163 0885 A6080000 		.4byte	0x8a6
 1164 0889 19       		.uleb128 0x19
 1165 088a C7140000 		.4byte	.LASF120
 1166 088e 05       		.byte	0x5
 1167 088f 9C02     		.2byte	0x29c
 1168 0891 1B       		.byte	0x1b
 1169 0892 A6080000 		.4byte	0x8a6
 1170 0896 00       		.byte	0
 1171 0897 19       		.uleb128 0x19
 1172 0898 780B0000 		.4byte	.LASF121
 1173 089c 05       		.byte	0x5
 1174 089d 9D02     		.2byte	0x29d
 1175 089f 18       		.byte	0x18
 1176 08a0 B6080000 		.4byte	0x8b6
 1177 08a4 78       		.byte	0x78
 1178 08a5 00       		.byte	0
 1179 08a6 0B       		.uleb128 0xb
 1180 08a7 51030000 		.4byte	0x351
 1181 08ab B6080000 		.4byte	0x8b6
 1182 08af 0C       		.uleb128 0xc
 1183 08b0 35000000 		.4byte	0x35
 1184 08b4 1D       		.byte	0x1d
 1185 08b5 00       		.byte	0
 1186 08b6 0B       		.uleb128 0xb
 1187 08b7 35000000 		.4byte	0x35
 1188 08bb C6080000 		.4byte	0x8c6
 1189 08bf 0C       		.uleb128 0xc
 1190 08c0 35000000 		.4byte	0x35
 1191 08c4 1D       		.byte	0x1d
 1192 08c5 00       		.byte	0
 1193 08c6 1D       		.uleb128 0x1d
 1194 08c7 F0       		.byte	0xf0
 1195 08c8 05       		.byte	0x5
 1196 08c9 7E02     		.2byte	0x27e
 1197 08cb 03       		.byte	0x3
ARM GAS  /tmp/cc0F93am.s 			page 22


 1198 08cc EB080000 		.4byte	0x8eb
 1199 08d0 1E       		.uleb128 0x1e
 1200 08d1 EB040000 		.4byte	.LASF71
 1201 08d5 05       		.byte	0x5
 1202 08d6 9502     		.2byte	0x295
 1203 08d8 0B       		.byte	0xb
 1204 08d9 3A070000 		.4byte	0x73a
 1205 08dd 1E       		.uleb128 0x1e
 1206 08de 25010000 		.4byte	.LASF122
 1207 08e2 05       		.byte	0x5
 1208 08e3 9E02     		.2byte	0x29e
 1209 08e5 0B       		.byte	0xb
 1210 08e6 7F080000 		.4byte	0x87f
 1211 08ea 00       		.byte	0
 1212 08eb 0B       		.uleb128 0xb
 1213 08ec 69010000 		.4byte	0x169
 1214 08f0 FB080000 		.4byte	0x8fb
 1215 08f4 0C       		.uleb128 0xc
 1216 08f5 35000000 		.4byte	0x35
 1217 08f9 18       		.byte	0x18
 1218 08fa 00       		.byte	0
 1219 08fb 07       		.uleb128 0x7
 1220 08fc 39000000 		.4byte	.LASF124
 1221 0900 06       		.uleb128 0x6
 1222 0901 04       		.byte	0x4
 1223 0902 FB080000 		.4byte	0x8fb
 1224 0906 1F       		.uleb128 0x1f
 1225 0907 11090000 		.4byte	0x911
 1226 090b 17       		.uleb128 0x17
 1227 090c B8040000 		.4byte	0x4b8
 1228 0910 00       		.byte	0
 1229 0911 06       		.uleb128 0x6
 1230 0912 04       		.byte	0x4
 1231 0913 06090000 		.4byte	0x906
 1232 0917 06       		.uleb128 0x6
 1233 0918 04       		.byte	0x4
 1234 0919 DB010000 		.4byte	0x1db
 1235 091d 1F       		.uleb128 0x1f
 1236 091e 28090000 		.4byte	0x928
 1237 0922 17       		.uleb128 0x17
 1238 0923 1D000000 		.4byte	0x1d
 1239 0927 00       		.byte	0
 1240 0928 06       		.uleb128 0x6
 1241 0929 04       		.byte	0x4
 1242 092a 2E090000 		.4byte	0x92e
 1243 092e 06       		.uleb128 0x6
 1244 092f 04       		.byte	0x4
 1245 0930 1D090000 		.4byte	0x91d
 1246 0934 0B       		.uleb128 0xb
 1247 0935 9F060000 		.4byte	0x69f
 1248 0939 44090000 		.4byte	0x944
 1249 093d 0C       		.uleb128 0xc
 1250 093e 35000000 		.4byte	0x35
 1251 0942 02       		.byte	0x2
 1252 0943 00       		.byte	0
 1253 0944 20       		.uleb128 0x20
 1254 0945 1D030000 		.4byte	.LASF125
ARM GAS  /tmp/cc0F93am.s 			page 23


 1255 0949 05       		.byte	0x5
 1256 094a 2E03     		.2byte	0x32e
 1257 094c 17       		.byte	0x17
 1258 094d B8040000 		.4byte	0x4b8
 1259 0951 20       		.uleb128 0x20
 1260 0952 F2040000 		.4byte	.LASF126
 1261 0956 05       		.byte	0x5
 1262 0957 2F03     		.2byte	0x32f
 1263 0959 1D       		.byte	0x1d
 1264 095a BE040000 		.4byte	0x4be
 1265 095e 03       		.uleb128 0x3
 1266 095f 38040000 		.4byte	.LASF127
 1267 0963 06       		.byte	0x6
 1268 0964 18       		.byte	0x18
 1269 0965 13       		.byte	0x13
 1270 0966 51000000 		.4byte	0x51
 1271 096a 10       		.uleb128 0x10
 1272 096b 5E090000 		.4byte	0x95e
 1273 096f 03       		.uleb128 0x3
 1274 0970 69100000 		.4byte	.LASF128
 1275 0974 06       		.byte	0x6
 1276 0975 24       		.byte	0x24
 1277 0976 14       		.byte	0x14
 1278 0977 6B000000 		.4byte	0x6b
 1279 097b 04       		.uleb128 0x4
 1280 097c 6F090000 		.4byte	0x96f
 1281 0980 03       		.uleb128 0x3
 1282 0981 B6000000 		.4byte	.LASF129
 1283 0985 06       		.byte	0x6
 1284 0986 2C       		.byte	0x2c
 1285 0987 13       		.byte	0x13
 1286 0988 7E000000 		.4byte	0x7e
 1287 098c 04       		.uleb128 0x4
 1288 098d 80090000 		.4byte	0x980
 1289 0991 03       		.uleb128 0x3
 1290 0992 46160000 		.4byte	.LASF130
 1291 0996 06       		.byte	0x6
 1292 0997 30       		.byte	0x30
 1293 0998 14       		.byte	0x14
 1294 0999 91000000 		.4byte	0x91
 1295 099d 04       		.uleb128 0x4
 1296 099e 91090000 		.4byte	0x991
 1297 09a2 03       		.uleb128 0x3
 1298 09a3 3B130000 		.4byte	.LASF131
 1299 09a7 06       		.byte	0x6
 1300 09a8 3C       		.byte	0x3c
 1301 09a9 14       		.byte	0x14
 1302 09aa A4000000 		.4byte	0xa4
 1303 09ae 03       		.uleb128 0x3
 1304 09af AA0C0000 		.4byte	.LASF132
 1305 09b3 07       		.byte	0x7
 1306 09b4 27       		.byte	0x27
 1307 09b5 1D       		.byte	0x1d
 1308 09b6 91090000 		.4byte	0x991
 1309 09ba 03       		.uleb128 0x3
 1310 09bb 77120000 		.4byte	.LASF133
 1311 09bf 07       		.byte	0x7
ARM GAS  /tmp/cc0F93am.s 			page 24


 1312 09c0 2A       		.byte	0x2a
 1313 09c1 1D       		.byte	0x1d
 1314 09c2 5E090000 		.4byte	0x95e
 1315 09c6 03       		.uleb128 0x3
 1316 09c7 5B030000 		.4byte	.LASF134
 1317 09cb 07       		.byte	0x7
 1318 09cc 2B       		.byte	0x2b
 1319 09cd 1D       		.byte	0x1d
 1320 09ce 5E090000 		.4byte	0x95e
 1321 09d2 03       		.uleb128 0x3
 1322 09d3 BF140000 		.4byte	.LASF135
 1323 09d7 07       		.byte	0x7
 1324 09d8 2C       		.byte	0x2c
 1325 09d9 1D       		.byte	0x1d
 1326 09da 5E090000 		.4byte	0x95e
 1327 09de 03       		.uleb128 0x3
 1328 09df 88000000 		.4byte	.LASF136
 1329 09e3 07       		.byte	0x7
 1330 09e4 2E       		.byte	0x2e
 1331 09e5 1D       		.byte	0x1d
 1332 09e6 91090000 		.4byte	0x991
 1333 09ea 03       		.uleb128 0x3
 1334 09eb 96100000 		.4byte	.LASF137
 1335 09ef 07       		.byte	0x7
 1336 09f0 2F       		.byte	0x2f
 1337 09f1 1D       		.byte	0x1d
 1338 09f2 80090000 		.4byte	0x980
 1339 09f6 03       		.uleb128 0x3
 1340 09f7 6D040000 		.4byte	.LASF138
 1341 09fb 07       		.byte	0x7
 1342 09fc 31       		.byte	0x31
 1343 09fd 1D       		.byte	0x1d
 1344 09fe 91090000 		.4byte	0x991
 1345 0a02 03       		.uleb128 0x3
 1346 0a03 35070000 		.4byte	.LASF139
 1347 0a07 07       		.byte	0x7
 1348 0a08 33       		.byte	0x33
 1349 0a09 1D       		.byte	0x1d
 1350 0a0a 80090000 		.4byte	0x980
 1351 0a0e 03       		.uleb128 0x3
 1352 0a0f 1B0A0000 		.4byte	.LASF140
 1353 0a13 07       		.byte	0x7
 1354 0a14 34       		.byte	0x34
 1355 0a15 1D       		.byte	0x1d
 1356 0a16 91090000 		.4byte	0x991
 1357 0a1a 03       		.uleb128 0x3
 1358 0a1b F00E0000 		.4byte	.LASF141
 1359 0a1f 08       		.byte	0x8
 1360 0a20 34       		.byte	0x34
 1361 0a21 1A       		.byte	0x1a
 1362 0a22 260A0000 		.4byte	0xa26
 1363 0a26 11       		.uleb128 0x11
 1364 0a27 33090000 		.4byte	.LASF142
 1365 0a2b 44       		.byte	0x44
 1366 0a2c 09       		.byte	0x9
 1367 0a2d 8E       		.byte	0x8e
 1368 0a2e 08       		.byte	0x8
ARM GAS  /tmp/cc0F93am.s 			page 25


 1369 0a2f 160B0000 		.4byte	0xb16
 1370 0a33 0E       		.uleb128 0xe
 1371 0a34 02110000 		.4byte	.LASF143
 1372 0a38 09       		.byte	0x9
 1373 0a39 8F       		.byte	0x8f
 1374 0a3a 19       		.byte	0x19
 1375 0a3b 4F0B0000 		.4byte	0xb4f
 1376 0a3f 00       		.byte	0
 1377 0a40 0E       		.uleb128 0xe
 1378 0a41 36020000 		.4byte	.LASF144
 1379 0a45 09       		.byte	0x9
 1380 0a46 90       		.byte	0x90
 1381 0a47 19       		.byte	0x19
 1382 0a48 DE090000 		.4byte	0x9de
 1383 0a4c 08       		.byte	0x8
 1384 0a4d 0E       		.uleb128 0xe
 1385 0a4e 28160000 		.4byte	.LASF145
 1386 0a52 09       		.byte	0x9
 1387 0a53 92       		.byte	0x92
 1388 0a54 1A       		.byte	0x1a
 1389 0a55 220B0000 		.4byte	0xb22
 1390 0a59 0C       		.byte	0xc
 1391 0a5a 0E       		.uleb128 0xe
 1392 0a5b ED090000 		.4byte	.LASF146
 1393 0a5f 09       		.byte	0x9
 1394 0a60 93       		.byte	0x93
 1395 0a61 1A       		.byte	0x1a
 1396 0a62 220B0000 		.4byte	0xb22
 1397 0a66 10       		.byte	0x10
 1398 0a67 12       		.uleb128 0x12
 1399 0a68 63747800 		.ascii	"ctx\000"
 1400 0a6c 09       		.byte	0x9
 1401 0a6d 99       		.byte	0x99
 1402 0a6e 19       		.byte	0x19
 1403 0a6f 5D0F0000 		.4byte	0xf5d
 1404 0a73 14       		.byte	0x14
 1405 0a74 0E       		.uleb128 0xe
 1406 0a75 F5120000 		.4byte	.LASF147
 1407 0a79 09       		.byte	0x9
 1408 0a7a 9E       		.byte	0x9e
 1409 0a7b 1A       		.byte	0x1a
 1410 0a7c 30060000 		.4byte	0x630
 1411 0a80 18       		.byte	0x18
 1412 0a81 0E       		.uleb128 0xe
 1413 0a82 DA110000 		.4byte	.LASF148
 1414 0a86 09       		.byte	0x9
 1415 0a87 A7       		.byte	0xa7
 1416 0a88 1A       		.byte	0x1a
 1417 0a89 7C100000 		.4byte	0x107c
 1418 0a8d 1C       		.byte	0x1c
 1419 0a8e 0E       		.uleb128 0xe
 1420 0a8f 9C010000 		.4byte	.LASF149
 1421 0a93 09       		.byte	0x9
 1422 0a94 AC       		.byte	0xac
 1423 0a95 19       		.byte	0x19
 1424 0a96 C6090000 		.4byte	0x9c6
 1425 0a9a 20       		.byte	0x20
ARM GAS  /tmp/cc0F93am.s 			page 26


 1426 0a9b 0E       		.uleb128 0xe
 1427 0a9c 2D060000 		.4byte	.LASF150
 1428 0aa0 09       		.byte	0x9
 1429 0aa1 B0       		.byte	0xb0
 1430 0aa2 19       		.byte	0x19
 1431 0aa3 BA090000 		.4byte	0x9ba
 1432 0aa7 21       		.byte	0x21
 1433 0aa8 0E       		.uleb128 0xe
 1434 0aa9 B80C0000 		.4byte	.LASF151
 1435 0aad 09       		.byte	0x9
 1436 0aae B5       		.byte	0xb5
 1437 0aaf 19       		.byte	0x19
 1438 0ab0 D2090000 		.4byte	0x9d2
 1439 0ab4 22       		.byte	0x22
 1440 0ab5 21       		.uleb128 0x21
 1441 0ab6 7500     		.ascii	"u\000"
 1442 0ab8 09       		.byte	0x9
 1443 0ab9 0601     		.2byte	0x106
 1444 0abb 19       		.byte	0x19
 1445 0abc A20F0000 		.4byte	0xfa2
 1446 0ac0 24       		.byte	0x24
 1447 0ac1 19       		.uleb128 0x19
 1448 0ac2 6A140000 		.4byte	.LASF152
 1449 0ac6 09       		.byte	0x9
 1450 0ac7 0B01     		.2byte	0x10b
 1451 0ac9 19       		.byte	0x19
 1452 0aca 280B0000 		.4byte	0xb28
 1453 0ace 28       		.byte	0x28
 1454 0acf 19       		.uleb128 0x19
 1455 0ad0 75130000 		.4byte	.LASF153
 1456 0ad4 09       		.byte	0x9
 1457 0ad5 1101     		.2byte	0x111
 1458 0ad7 19       		.byte	0x19
 1459 0ad8 4F0B0000 		.4byte	0xb4f
 1460 0adc 2C       		.byte	0x2c
 1461 0add 19       		.uleb128 0x19
 1462 0ade 78030000 		.4byte	.LASF154
 1463 0ae2 09       		.byte	0x9
 1464 0ae3 1701     		.2byte	0x117
 1465 0ae5 19       		.byte	0x19
 1466 0ae6 F6090000 		.4byte	0x9f6
 1467 0aea 34       		.byte	0x34
 1468 0aeb 19       		.uleb128 0x19
 1469 0aec 0F0B0000 		.4byte	.LASF155
 1470 0af0 09       		.byte	0x9
 1471 0af1 1E01     		.2byte	0x11e
 1472 0af3 1A       		.byte	0x1a
 1473 0af4 76100000 		.4byte	0x1076
 1474 0af8 38       		.byte	0x38
 1475 0af9 19       		.uleb128 0x19
 1476 0afa 060A0000 		.4byte	.LASF156
 1477 0afe 09       		.byte	0x9
 1478 0aff 2201     		.2byte	0x122
 1479 0b01 19       		.byte	0x19
 1480 0b02 DE090000 		.4byte	0x9de
 1481 0b06 3C       		.byte	0x3c
 1482 0b07 19       		.uleb128 0x19
ARM GAS  /tmp/cc0F93am.s 			page 27


 1483 0b08 6B060000 		.4byte	.LASF157
 1484 0b0c 09       		.byte	0x9
 1485 0b0d 2901     		.2byte	0x129
 1486 0b0f 1A       		.byte	0x1a
 1487 0b10 61010000 		.4byte	0x161
 1488 0b14 40       		.byte	0x40
 1489 0b15 00       		.byte	0
 1490 0b16 03       		.uleb128 0x3
 1491 0b17 130E0000 		.4byte	.LASF158
 1492 0b1b 08       		.byte	0x8
 1493 0b1c 39       		.byte	0x39
 1494 0b1d 14       		.byte	0x14
 1495 0b1e 220B0000 		.4byte	0xb22
 1496 0b22 06       		.uleb128 0x6
 1497 0b23 04       		.byte	0x4
 1498 0b24 1A0A0000 		.4byte	0xa1a
 1499 0b28 03       		.uleb128 0x3
 1500 0b29 E3140000 		.4byte	.LASF159
 1501 0b2d 08       		.byte	0x8
 1502 0b2e 3E       		.byte	0x3e
 1503 0b2f 20       		.byte	0x20
 1504 0b30 340B0000 		.4byte	0xb34
 1505 0b34 11       		.uleb128 0x11
 1506 0b35 540A0000 		.4byte	.LASF160
 1507 0b39 04       		.byte	0x4
 1508 0b3a 09       		.byte	0x9
 1509 0b3b 7C       		.byte	0x7c
 1510 0b3c 08       		.byte	0x8
 1511 0b3d 4F0B0000 		.4byte	0xb4f
 1512 0b41 0E       		.uleb128 0xe
 1513 0b42 AA170000 		.4byte	.LASF161
 1514 0b46 09       		.byte	0x9
 1515 0b47 7D       		.byte	0x7d
 1516 0b48 1A       		.byte	0x1a
 1517 0b49 220B0000 		.4byte	0xb22
 1518 0b4d 00       		.byte	0
 1519 0b4e 00       		.byte	0
 1520 0b4f 03       		.uleb128 0x3
 1521 0b50 8A030000 		.4byte	.LASF162
 1522 0b54 08       		.byte	0x8
 1523 0b55 45       		.byte	0x45
 1524 0b56 21       		.byte	0x21
 1525 0b57 5B0B0000 		.4byte	0xb5b
 1526 0b5b 11       		.uleb128 0x11
 1527 0b5c A1100000 		.4byte	.LASF163
 1528 0b60 08       		.byte	0x8
 1529 0b61 09       		.byte	0x9
 1530 0b62 83       		.byte	0x83
 1531 0b63 08       		.byte	0x8
 1532 0b64 830B0000 		.4byte	0xb83
 1533 0b68 0E       		.uleb128 0xe
 1534 0b69 AA170000 		.4byte	.LASF161
 1535 0b6d 09       		.byte	0x9
 1536 0b6e 84       		.byte	0x84
 1537 0b6f 1A       		.byte	0x1a
 1538 0b70 220B0000 		.4byte	0xb22
 1539 0b74 00       		.byte	0
ARM GAS  /tmp/cc0F93am.s 			page 28


 1540 0b75 0E       		.uleb128 0xe
 1541 0b76 FF160000 		.4byte	.LASF164
 1542 0b7a 09       		.byte	0x9
 1543 0b7b 85       		.byte	0x85
 1544 0b7c 1A       		.byte	0x1a
 1545 0b7d 220B0000 		.4byte	0xb22
 1546 0b81 04       		.byte	0x4
 1547 0b82 00       		.byte	0
 1548 0b83 03       		.uleb128 0x3
 1549 0b84 E0090000 		.4byte	.LASF165
 1550 0b88 08       		.byte	0x8
 1551 0b89 4C       		.byte	0x4c
 1552 0b8a 1E       		.byte	0x1e
 1553 0b8b 8F0B0000 		.4byte	0xb8f
 1554 0b8f 1B       		.uleb128 0x1b
 1555 0b90 BA070000 		.4byte	.LASF166
 1556 0b94 18       		.byte	0x18
 1557 0b95 09       		.byte	0x9
 1558 0b96 6101     		.2byte	0x161
 1559 0b98 08       		.byte	0x8
 1560 0b99 E40B0000 		.4byte	0xbe4
 1561 0b9d 19       		.uleb128 0x19
 1562 0b9e 02110000 		.4byte	.LASF143
 1563 0ba2 09       		.byte	0x9
 1564 0ba3 6201     		.2byte	0x162
 1565 0ba5 19       		.byte	0x19
 1566 0ba6 4F0B0000 		.4byte	0xb4f
 1567 0baa 00       		.byte	0
 1568 0bab 19       		.uleb128 0x19
 1569 0bac 36020000 		.4byte	.LASF144
 1570 0bb0 09       		.byte	0x9
 1571 0bb1 6301     		.2byte	0x163
 1572 0bb3 19       		.byte	0x19
 1573 0bb4 DE090000 		.4byte	0x9de
 1574 0bb8 08       		.byte	0x8
 1575 0bb9 19       		.uleb128 0x19
 1576 0bba 28160000 		.4byte	.LASF145
 1577 0bbe 09       		.byte	0x9
 1578 0bbf 6601     		.2byte	0x166
 1579 0bc1 1A       		.byte	0x1a
 1580 0bc2 220B0000 		.4byte	0xb22
 1581 0bc6 0C       		.byte	0xc
 1582 0bc7 19       		.uleb128 0x19
 1583 0bc8 ED090000 		.4byte	.LASF146
 1584 0bcc 09       		.byte	0x9
 1585 0bcd 6701     		.2byte	0x167
 1586 0bcf 1A       		.byte	0x1a
 1587 0bd0 220B0000 		.4byte	0xb22
 1588 0bd4 10       		.byte	0x10
 1589 0bd5 19       		.uleb128 0x19
 1590 0bd6 D80D0000 		.4byte	.LASF167
 1591 0bda 09       		.byte	0x9
 1592 0bdb 6A01     		.2byte	0x16a
 1593 0bdd 1A       		.byte	0x1a
 1594 0bde 220B0000 		.4byte	0xb22
 1595 0be2 14       		.byte	0x14
 1596 0be3 00       		.byte	0
ARM GAS  /tmp/cc0F93am.s 			page 29


 1597 0be4 03       		.uleb128 0x3
 1598 0be5 EF000000 		.4byte	.LASF168
 1599 0be9 08       		.byte	0x8
 1600 0bea 51       		.byte	0x51
 1601 0beb 10       		.byte	0x10
 1602 0bec F00B0000 		.4byte	0xbf0
 1603 0bf0 06       		.uleb128 0x6
 1604 0bf1 04       		.byte	0x4
 1605 0bf2 F60B0000 		.4byte	0xbf6
 1606 0bf6 1F       		.uleb128 0x1f
 1607 0bf7 010C0000 		.4byte	0xc01
 1608 0bfb 17       		.uleb128 0x17
 1609 0bfc 61010000 		.4byte	0x161
 1610 0c00 00       		.byte	0
 1611 0c01 03       		.uleb128 0x3
 1612 0c02 D0090000 		.4byte	.LASF169
 1613 0c06 08       		.byte	0x8
 1614 0c07 56       		.byte	0x56
 1615 0c08 21       		.byte	0x21
 1616 0c09 0D0C0000 		.4byte	0xc0d
 1617 0c0d 1B       		.uleb128 0x1b
 1618 0c0e FB0F0000 		.4byte	.LASF170
 1619 0c12 14       		.byte	0x14
 1620 0c13 09       		.byte	0x9
 1621 0c14 3C01     		.2byte	0x13c
 1622 0c16 08       		.byte	0x8
 1623 0c17 620C0000 		.4byte	0xc62
 1624 0c1b 19       		.uleb128 0x19
 1625 0c1c AA170000 		.4byte	.LASF161
 1626 0c20 09       		.byte	0x9
 1627 0c21 3D01     		.2byte	0x13d
 1628 0c23 1A       		.byte	0x1a
 1629 0c24 82100000 		.4byte	0x1082
 1630 0c28 00       		.byte	0
 1631 0c29 19       		.uleb128 0x19
 1632 0c2a FF160000 		.4byte	.LASF164
 1633 0c2e 09       		.byte	0x9
 1634 0c2f 3E01     		.2byte	0x13e
 1635 0c31 1A       		.byte	0x1a
 1636 0c32 82100000 		.4byte	0x1082
 1637 0c36 04       		.byte	0x4
 1638 0c37 19       		.uleb128 0x19
 1639 0c38 ED100000 		.4byte	.LASF171
 1640 0c3c 09       		.byte	0x9
 1641 0c3d 3F01     		.2byte	0x13f
 1642 0c3f 19       		.byte	0x19
 1643 0c40 4A0D0000 		.4byte	0xd4a
 1644 0c44 08       		.byte	0x8
 1645 0c45 19       		.uleb128 0x19
 1646 0c46 49130000 		.4byte	.LASF172
 1647 0c4a 09       		.byte	0x9
 1648 0c4b 4001     		.2byte	0x140
 1649 0c4d 19       		.byte	0x19
 1650 0c4e E40B0000 		.4byte	0xbe4
 1651 0c52 0C       		.byte	0xc
 1652 0c53 21       		.uleb128 0x21
 1653 0c54 70617200 		.ascii	"par\000"
ARM GAS  /tmp/cc0F93am.s 			page 30


 1654 0c58 09       		.byte	0x9
 1655 0c59 4201     		.2byte	0x142
 1656 0c5b 1A       		.byte	0x1a
 1657 0c5c 61010000 		.4byte	0x161
 1658 0c60 10       		.byte	0x10
 1659 0c61 00       		.byte	0
 1660 0c62 03       		.uleb128 0x3
 1661 0c63 50090000 		.4byte	.LASF173
 1662 0c67 08       		.byte	0x8
 1663 0c68 5B       		.byte	0x5b
 1664 0c69 28       		.byte	0x28
 1665 0c6a 6E0C0000 		.4byte	0xc6e
 1666 0c6e 1B       		.uleb128 0x1b
 1667 0c6f 0E010000 		.4byte	.LASF174
 1668 0c73 10       		.byte	0x10
 1669 0c74 09       		.byte	0x9
 1670 0c75 4C01     		.2byte	0x14c
 1671 0c77 08       		.byte	0x8
 1672 0c78 B50C0000 		.4byte	0xcb5
 1673 0c7c 19       		.uleb128 0x19
 1674 0c7d AA170000 		.4byte	.LASF161
 1675 0c81 09       		.byte	0x9
 1676 0c82 4D01     		.2byte	0x14d
 1677 0c84 1A       		.byte	0x1a
 1678 0c85 82100000 		.4byte	0x1082
 1679 0c89 00       		.byte	0
 1680 0c8a 19       		.uleb128 0x19
 1681 0c8b FF160000 		.4byte	.LASF164
 1682 0c8f 09       		.byte	0x9
 1683 0c90 4F01     		.2byte	0x14f
 1684 0c92 1A       		.byte	0x1a
 1685 0c93 82100000 		.4byte	0x1082
 1686 0c97 04       		.byte	0x4
 1687 0c98 19       		.uleb128 0x19
 1688 0c99 ED100000 		.4byte	.LASF171
 1689 0c9d 09       		.byte	0x9
 1690 0c9e 5101     		.2byte	0x151
 1691 0ca0 19       		.byte	0x19
 1692 0ca1 4A0D0000 		.4byte	0xd4a
 1693 0ca5 08       		.byte	0x8
 1694 0ca6 19       		.uleb128 0x19
 1695 0ca7 AC040000 		.4byte	.LASF175
 1696 0cab 09       		.byte	0x9
 1697 0cac 5901     		.2byte	0x159
 1698 0cae 19       		.byte	0x19
 1699 0caf 3E0D0000 		.4byte	0xd3e
 1700 0cb3 0C       		.byte	0xc
 1701 0cb4 00       		.byte	0
 1702 0cb5 03       		.uleb128 0x3
 1703 0cb6 18050000 		.4byte	.LASF176
 1704 0cba 08       		.byte	0x8
 1705 0cbb 60       		.byte	0x60
 1706 0cbc 20       		.byte	0x20
 1707 0cbd C10C0000 		.4byte	0xcc1
 1708 0cc1 1B       		.uleb128 0x1b
 1709 0cc2 AB130000 		.4byte	.LASF177
 1710 0cc6 04       		.byte	0x4
ARM GAS  /tmp/cc0F93am.s 			page 31


 1711 0cc7 09       		.byte	0x9
 1712 0cc8 7101     		.2byte	0x171
 1713 0cca 08       		.byte	0x8
 1714 0ccb DE0C0000 		.4byte	0xcde
 1715 0ccf 19       		.uleb128 0x19
 1716 0cd0 B5040000 		.4byte	.LASF178
 1717 0cd4 09       		.byte	0x9
 1718 0cd5 7901     		.2byte	0x179
 1719 0cd7 24       		.byte	0x24
 1720 0cd8 36060000 		.4byte	0x636
 1721 0cdc 00       		.byte	0
 1722 0cdd 00       		.byte	0
 1723 0cde 03       		.uleb128 0x3
 1724 0cdf C6160000 		.4byte	.LASF179
 1725 0ce3 08       		.byte	0x8
 1726 0ce4 65       		.byte	0x65
 1727 0ce5 1A       		.byte	0x1a
 1728 0ce6 EA0C0000 		.4byte	0xcea
 1729 0cea 1B       		.uleb128 0x1b
 1730 0ceb 06160000 		.4byte	.LASF180
 1731 0cef 74       		.byte	0x74
 1732 0cf0 09       		.byte	0x9
 1733 0cf1 9101     		.2byte	0x191
 1734 0cf3 08       		.byte	0x8
 1735 0cf4 3E0D0000 		.4byte	0xd3e
 1736 0cf8 19       		.uleb128 0x19
 1737 0cf9 5A120000 		.4byte	.LASF181
 1738 0cfd 09       		.byte	0x9
 1739 0cfe 9501     		.2byte	0x195
 1740 0d00 19       		.byte	0x19
 1741 0d01 830B0000 		.4byte	0xb83
 1742 0d05 00       		.byte	0
 1743 0d06 19       		.uleb128 0x19
 1744 0d07 59140000 		.4byte	.LASF182
 1745 0d0b 09       		.byte	0x9
 1746 0d0c 9901     		.2byte	0x199
 1747 0d0e 19       		.byte	0x19
 1748 0d0f 620C0000 		.4byte	0xc62
 1749 0d13 18       		.byte	0x18
 1750 0d14 21       		.uleb128 0x21
 1751 0d15 64626700 		.ascii	"dbg\000"
 1752 0d19 09       		.byte	0x9
 1753 0d1a 9D01     		.2byte	0x19d
 1754 0d1c 19       		.byte	0x19
 1755 0d1d B50C0000 		.4byte	0xcb5
 1756 0d21 28       		.byte	0x28
 1757 0d22 19       		.uleb128 0x19
 1758 0d23 56110000 		.4byte	.LASF183
 1759 0d27 09       		.byte	0x9
 1760 0d28 A101     		.2byte	0x1a1
 1761 0d2a 19       		.byte	0x19
 1762 0d2b 1A0A0000 		.4byte	0xa1a
 1763 0d2f 2C       		.byte	0x2c
 1764 0d30 21       		.uleb128 0x21
 1765 0d31 746D00   		.ascii	"tm\000"
 1766 0d34 09       		.byte	0x9
 1767 0d35 A601     		.2byte	0x1a6
ARM GAS  /tmp/cc0F93am.s 			page 32


 1768 0d37 19       		.byte	0x19
 1769 0d38 960F0000 		.4byte	0xf96
 1770 0d3c 70       		.byte	0x70
 1771 0d3d 00       		.byte	0
 1772 0d3e 03       		.uleb128 0x3
 1773 0d3f 61000000 		.4byte	.LASF184
 1774 0d43 0A       		.byte	0xa
 1775 0d44 6D       		.byte	0x6d
 1776 0d45 12       		.byte	0x12
 1777 0d46 91090000 		.4byte	0x991
 1778 0d4a 03       		.uleb128 0x3
 1779 0d4b 370B0000 		.4byte	.LASF185
 1780 0d4f 0A       		.byte	0xa
 1781 0d50 79       		.byte	0x79
 1782 0d51 12       		.byte	0x12
 1783 0d52 91090000 		.4byte	0x991
 1784 0d56 20       		.uleb128 0x20
 1785 0d57 F90B0000 		.4byte	.LASF186
 1786 0d5b 0B       		.byte	0xb
 1787 0d5c 0408     		.2byte	0x804
 1788 0d5e 19       		.byte	0x19
 1789 0d5f 8C090000 		.4byte	0x98c
 1790 0d63 22       		.uleb128 0x22
 1791 0d64 08090000 		.4byte	.LASF187
 1792 0d68 0C       		.byte	0xc
 1793 0d69 4C       		.byte	0x4c
 1794 0d6a 11       		.byte	0x11
 1795 0d6b 91090000 		.4byte	0x991
 1796 0d6f 0B       		.uleb128 0xb
 1797 0d70 6A090000 		.4byte	0x96a
 1798 0d74 7F0D0000 		.4byte	0xd7f
 1799 0d78 0C       		.uleb128 0xc
 1800 0d79 35000000 		.4byte	0x35
 1801 0d7d 0F       		.byte	0xf
 1802 0d7e 00       		.byte	0
 1803 0d7f 10       		.uleb128 0x10
 1804 0d80 6F0D0000 		.4byte	0xd6f
 1805 0d84 22       		.uleb128 0x22
 1806 0d85 ED0F0000 		.4byte	.LASF188
 1807 0d89 0C       		.byte	0xc
 1808 0d8a 4E       		.byte	0x4e
 1809 0d8b 17       		.byte	0x17
 1810 0d8c 7F0D0000 		.4byte	0xd7f
 1811 0d90 0B       		.uleb128 0xb
 1812 0d91 6A090000 		.4byte	0x96a
 1813 0d95 A00D0000 		.4byte	0xda0
 1814 0d99 0C       		.uleb128 0xc
 1815 0d9a 35000000 		.4byte	0x35
 1816 0d9e 07       		.byte	0x7
 1817 0d9f 00       		.byte	0
 1818 0da0 10       		.uleb128 0x10
 1819 0da1 900D0000 		.4byte	0xd90
 1820 0da5 22       		.uleb128 0x22
 1821 0da6 04130000 		.4byte	.LASF189
 1822 0daa 0C       		.byte	0xc
 1823 0dab 4F       		.byte	0x4f
 1824 0dac 17       		.byte	0x17
ARM GAS  /tmp/cc0F93am.s 			page 33


 1825 0dad A00D0000 		.4byte	0xda0
 1826 0db1 0D       		.uleb128 0xd
 1827 0db2 18       		.byte	0x18
 1828 0db3 0D       		.byte	0xd
 1829 0db4 E8       		.byte	0xe8
 1830 0db5 09       		.byte	0x9
 1831 0db6 080E0000 		.4byte	0xe08
 1832 0dba 12       		.uleb128 0x12
 1833 0dbb 435200   		.ascii	"CR\000"
 1834 0dbe 0D       		.byte	0xd
 1835 0dbf EA       		.byte	0xea
 1836 0dc0 11       		.byte	0x11
 1837 0dc1 9D090000 		.4byte	0x99d
 1838 0dc5 00       		.byte	0
 1839 0dc6 0E       		.uleb128 0xe
 1840 0dc7 2E170000 		.4byte	.LASF190
 1841 0dcb 0D       		.byte	0xd
 1842 0dcc EB       		.byte	0xeb
 1843 0dcd 11       		.byte	0x11
 1844 0dce 9D090000 		.4byte	0x99d
 1845 0dd2 04       		.byte	0x4
 1846 0dd3 12       		.uleb128 0x12
 1847 0dd4 50415200 		.ascii	"PAR\000"
 1848 0dd8 0D       		.byte	0xd
 1849 0dd9 EC       		.byte	0xec
 1850 0dda 11       		.byte	0x11
 1851 0ddb 9D090000 		.4byte	0x99d
 1852 0ddf 08       		.byte	0x8
 1853 0de0 0E       		.uleb128 0xe
 1854 0de1 F0120000 		.4byte	.LASF191
 1855 0de5 0D       		.byte	0xd
 1856 0de6 ED       		.byte	0xed
 1857 0de7 11       		.byte	0x11
 1858 0de8 9D090000 		.4byte	0x99d
 1859 0dec 0C       		.byte	0xc
 1860 0ded 0E       		.uleb128 0xe
 1861 0dee 08000000 		.4byte	.LASF192
 1862 0df2 0D       		.byte	0xd
 1863 0df3 EE       		.byte	0xee
 1864 0df4 11       		.byte	0x11
 1865 0df5 9D090000 		.4byte	0x99d
 1866 0df9 10       		.byte	0x10
 1867 0dfa 12       		.uleb128 0x12
 1868 0dfb 46435200 		.ascii	"FCR\000"
 1869 0dff 0D       		.byte	0xd
 1870 0e00 EF       		.byte	0xef
 1871 0e01 11       		.byte	0x11
 1872 0e02 9D090000 		.4byte	0x99d
 1873 0e06 14       		.byte	0x14
 1874 0e07 00       		.byte	0
 1875 0e08 03       		.uleb128 0x3
 1876 0e09 550E0000 		.4byte	.LASF193
 1877 0e0d 0D       		.byte	0xd
 1878 0e0e F0       		.byte	0xf0
 1879 0e0f 03       		.byte	0x3
 1880 0e10 B10D0000 		.4byte	0xdb1
 1881 0e14 0B       		.uleb128 0xb
ARM GAS  /tmp/cc0F93am.s 			page 34


 1882 0e15 9D090000 		.4byte	0x99d
 1883 0e19 240E0000 		.4byte	0xe24
 1884 0e1d 0C       		.uleb128 0xc
 1885 0e1e 35000000 		.4byte	0x35
 1886 0e22 01       		.byte	0x1
 1887 0e23 00       		.byte	0
 1888 0e24 04       		.uleb128 0x4
 1889 0e25 140E0000 		.4byte	0xe14
 1890 0e29 0B       		.uleb128 0xb
 1891 0e2a 9D090000 		.4byte	0x99d
 1892 0e2e 390E0000 		.4byte	0xe39
 1893 0e32 0C       		.uleb128 0xc
 1894 0e33 35000000 		.4byte	0x35
 1895 0e37 03       		.byte	0x3
 1896 0e38 00       		.byte	0
 1897 0e39 04       		.uleb128 0x4
 1898 0e3a 290E0000 		.4byte	0xe29
 1899 0e3e 1C       		.uleb128 0x1c
 1900 0e3f 1C       		.byte	0x1c
 1901 0e40 0D       		.byte	0xd
 1902 0e41 0502     		.2byte	0x205
 1903 0e43 09       		.byte	0x9
 1904 0e44 A90E0000 		.4byte	0xea9
 1905 0e48 21       		.uleb128 0x21
 1906 0e49 535200   		.ascii	"SR\000"
 1907 0e4c 0D       		.byte	0xd
 1908 0e4d 0702     		.2byte	0x207
 1909 0e4f 11       		.byte	0x11
 1910 0e50 9D090000 		.4byte	0x99d
 1911 0e54 00       		.byte	0
 1912 0e55 21       		.uleb128 0x21
 1913 0e56 445200   		.ascii	"DR\000"
 1914 0e59 0D       		.byte	0xd
 1915 0e5a 0802     		.2byte	0x208
 1916 0e5c 11       		.byte	0x11
 1917 0e5d 9D090000 		.4byte	0x99d
 1918 0e61 04       		.byte	0x4
 1919 0e62 21       		.uleb128 0x21
 1920 0e63 42525200 		.ascii	"BRR\000"
 1921 0e67 0D       		.byte	0xd
 1922 0e68 0902     		.2byte	0x209
 1923 0e6a 11       		.byte	0x11
 1924 0e6b 9D090000 		.4byte	0x99d
 1925 0e6f 08       		.byte	0x8
 1926 0e70 21       		.uleb128 0x21
 1927 0e71 43523100 		.ascii	"CR1\000"
 1928 0e75 0D       		.byte	0xd
 1929 0e76 0A02     		.2byte	0x20a
 1930 0e78 11       		.byte	0x11
 1931 0e79 9D090000 		.4byte	0x99d
 1932 0e7d 0C       		.byte	0xc
 1933 0e7e 21       		.uleb128 0x21
 1934 0e7f 43523200 		.ascii	"CR2\000"
 1935 0e83 0D       		.byte	0xd
 1936 0e84 0B02     		.2byte	0x20b
 1937 0e86 11       		.byte	0x11
 1938 0e87 9D090000 		.4byte	0x99d
ARM GAS  /tmp/cc0F93am.s 			page 35


 1939 0e8b 10       		.byte	0x10
 1940 0e8c 21       		.uleb128 0x21
 1941 0e8d 43523300 		.ascii	"CR3\000"
 1942 0e91 0D       		.byte	0xd
 1943 0e92 0C02     		.2byte	0x20c
 1944 0e94 11       		.byte	0x11
 1945 0e95 9D090000 		.4byte	0x99d
 1946 0e99 14       		.byte	0x14
 1947 0e9a 19       		.uleb128 0x19
 1948 0e9b 980B0000 		.4byte	.LASF194
 1949 0e9f 0D       		.byte	0xd
 1950 0ea0 0D02     		.2byte	0x20d
 1951 0ea2 11       		.byte	0x11
 1952 0ea3 9D090000 		.4byte	0x99d
 1953 0ea7 18       		.byte	0x18
 1954 0ea8 00       		.byte	0
 1955 0ea9 08       		.uleb128 0x8
 1956 0eaa 57060000 		.4byte	.LASF195
 1957 0eae 0D       		.byte	0xd
 1958 0eaf 0E02     		.2byte	0x20e
 1959 0eb1 03       		.byte	0x3
 1960 0eb2 3E0E0000 		.4byte	0xe3e
 1961 0eb6 0B       		.uleb128 0xb
 1962 0eb7 9D090000 		.4byte	0x99d
 1963 0ebb C60E0000 		.4byte	0xec6
 1964 0ebf 0C       		.uleb128 0xc
 1965 0ec0 35000000 		.4byte	0x35
 1966 0ec4 0E       		.byte	0xe
 1967 0ec5 00       		.byte	0
 1968 0ec6 04       		.uleb128 0x4
 1969 0ec7 B60E0000 		.4byte	0xeb6
 1970 0ecb 03       		.uleb128 0x3
 1971 0ecc 4C060000 		.4byte	.LASF196
 1972 0ed0 0E       		.byte	0xe
 1973 0ed1 68       		.byte	0x68
 1974 0ed2 12       		.byte	0x12
 1975 0ed3 A2090000 		.4byte	0x9a2
 1976 0ed7 1B       		.uleb128 0x1b
 1977 0ed8 3B0F0000 		.4byte	.LASF197
 1978 0edc 24       		.byte	0x24
 1979 0edd 0F       		.byte	0xf
 1980 0ede 8501     		.2byte	0x185
 1981 0ee0 08       		.byte	0x8
 1982 0ee1 5D0F0000 		.4byte	0xf5d
 1983 0ee5 21       		.uleb128 0x21
 1984 0ee6 723400   		.ascii	"r4\000"
 1985 0ee9 0F       		.byte	0xf
 1986 0eea 9E01     		.2byte	0x19e
 1987 0eec 11       		.byte	0x11
 1988 0eed 91090000 		.4byte	0x991
 1989 0ef1 00       		.byte	0
 1990 0ef2 21       		.uleb128 0x21
 1991 0ef3 723500   		.ascii	"r5\000"
 1992 0ef6 0F       		.byte	0xf
 1993 0ef7 9F01     		.2byte	0x19f
 1994 0ef9 11       		.byte	0x11
 1995 0efa 91090000 		.4byte	0x991
ARM GAS  /tmp/cc0F93am.s 			page 36


 1996 0efe 04       		.byte	0x4
 1997 0eff 21       		.uleb128 0x21
 1998 0f00 723600   		.ascii	"r6\000"
 1999 0f03 0F       		.byte	0xf
 2000 0f04 A001     		.2byte	0x1a0
 2001 0f06 11       		.byte	0x11
 2002 0f07 91090000 		.4byte	0x991
 2003 0f0b 08       		.byte	0x8
 2004 0f0c 21       		.uleb128 0x21
 2005 0f0d 723700   		.ascii	"r7\000"
 2006 0f10 0F       		.byte	0xf
 2007 0f11 A101     		.2byte	0x1a1
 2008 0f13 11       		.byte	0x11
 2009 0f14 91090000 		.4byte	0x991
 2010 0f18 0C       		.byte	0xc
 2011 0f19 21       		.uleb128 0x21
 2012 0f1a 723800   		.ascii	"r8\000"
 2013 0f1d 0F       		.byte	0xf
 2014 0f1e A201     		.2byte	0x1a2
 2015 0f20 11       		.byte	0x11
 2016 0f21 91090000 		.4byte	0x991
 2017 0f25 10       		.byte	0x10
 2018 0f26 21       		.uleb128 0x21
 2019 0f27 723900   		.ascii	"r9\000"
 2020 0f2a 0F       		.byte	0xf
 2021 0f2b A301     		.2byte	0x1a3
 2022 0f2d 11       		.byte	0x11
 2023 0f2e 91090000 		.4byte	0x991
 2024 0f32 14       		.byte	0x14
 2025 0f33 21       		.uleb128 0x21
 2026 0f34 72313000 		.ascii	"r10\000"
 2027 0f38 0F       		.byte	0xf
 2028 0f39 A401     		.2byte	0x1a4
 2029 0f3b 11       		.byte	0x11
 2030 0f3c 91090000 		.4byte	0x991
 2031 0f40 18       		.byte	0x18
 2032 0f41 21       		.uleb128 0x21
 2033 0f42 72313100 		.ascii	"r11\000"
 2034 0f46 0F       		.byte	0xf
 2035 0f47 A501     		.2byte	0x1a5
 2036 0f49 11       		.byte	0x11
 2037 0f4a 91090000 		.4byte	0x991
 2038 0f4e 1C       		.byte	0x1c
 2039 0f4f 21       		.uleb128 0x21
 2040 0f50 6C7200   		.ascii	"lr\000"
 2041 0f53 0F       		.byte	0xf
 2042 0f54 A601     		.2byte	0x1a6
 2043 0f56 11       		.byte	0x11
 2044 0f57 91090000 		.4byte	0x991
 2045 0f5b 20       		.byte	0x20
 2046 0f5c 00       		.byte	0
 2047 0f5d 1B       		.uleb128 0x1b
 2048 0f5e D6140000 		.4byte	.LASF198
 2049 0f62 04       		.byte	0x4
 2050 0f63 0F       		.byte	0xf
 2051 0f64 A901     		.2byte	0x1a9
 2052 0f66 08       		.byte	0x8
ARM GAS  /tmp/cc0F93am.s 			page 37


 2053 0f67 790F0000 		.4byte	0xf79
 2054 0f6b 21       		.uleb128 0x21
 2055 0f6c 737000   		.ascii	"sp\000"
 2056 0f6f 0F       		.byte	0xf
 2057 0f70 AA01     		.2byte	0x1aa
 2058 0f72 1A       		.byte	0x1a
 2059 0f73 790F0000 		.4byte	0xf79
 2060 0f77 00       		.byte	0
 2061 0f78 00       		.byte	0
 2062 0f79 06       		.uleb128 0x6
 2063 0f7a 04       		.byte	0x4
 2064 0f7b D70E0000 		.4byte	0xed7
 2065 0f7f 0D       		.uleb128 0xd
 2066 0f80 04       		.byte	0x4
 2067 0f81 10       		.byte	0x10
 2068 0f82 38       		.byte	0x38
 2069 0f83 09       		.byte	0x9
 2070 0f84 960F0000 		.4byte	0xf96
 2071 0f88 0E       		.uleb128 0xe
 2072 0f89 F90D0000 		.4byte	.LASF199
 2073 0f8d 10       		.byte	0x10
 2074 0f8e 3C       		.byte	0x3c
 2075 0f8f 19       		.byte	0x19
 2076 0f90 AE090000 		.4byte	0x9ae
 2077 0f94 00       		.byte	0
 2078 0f95 00       		.byte	0
 2079 0f96 03       		.uleb128 0x3
 2080 0f97 DF120000 		.4byte	.LASF200
 2081 0f9b 10       		.byte	0x10
 2082 0f9c 3D       		.byte	0x3d
 2083 0f9d 03       		.byte	0x3
 2084 0f9e 7F0F0000 		.4byte	0xf7f
 2085 0fa2 09       		.uleb128 0x9
 2086 0fa3 04       		.byte	0x4
 2087 0fa4 09       		.byte	0x9
 2088 0fa5 C9       		.byte	0xc9
 2089 0fa6 03       		.byte	0x3
 2090 0fa7 0D100000 		.4byte	0x100d
 2091 0fab 0A       		.uleb128 0xa
 2092 0fac 6F160000 		.4byte	.LASF201
 2093 0fb0 09       		.byte	0x9
 2094 0fb1 D0       		.byte	0xd0
 2095 0fb2 19       		.byte	0x19
 2096 0fb3 EA090000 		.4byte	0x9ea
 2097 0fb7 0A       		.uleb128 0xa
 2098 0fb8 4F020000 		.4byte	.LASF202
 2099 0fbc 09       		.byte	0x9
 2100 0fbd D7       		.byte	0xd7
 2101 0fbe 19       		.byte	0x19
 2102 0fbf EA090000 		.4byte	0x9ea
 2103 0fc3 0A       		.uleb128 0xa
 2104 0fc4 DF050000 		.4byte	.LASF203
 2105 0fc8 09       		.byte	0x9
 2106 0fc9 DE       		.byte	0xde
 2107 0fca 1A       		.byte	0x1a
 2108 0fcb 61010000 		.4byte	0x161
 2109 0fcf 0A       		.uleb128 0xa
ARM GAS  /tmp/cc0F93am.s 			page 38


 2110 0fd0 7F040000 		.4byte	.LASF204
 2111 0fd4 09       		.byte	0x9
 2112 0fd5 E5       		.byte	0xe5
 2113 0fd6 1A       		.byte	0x1a
 2114 0fd7 0D100000 		.4byte	0x100d
 2115 0fdb 0A       		.uleb128 0xa
 2116 0fdc 330F0000 		.4byte	.LASF205
 2117 0fe0 09       		.byte	0x9
 2118 0fe1 EA       		.byte	0xea
 2119 0fe2 19       		.byte	0x19
 2120 0fe3 EA090000 		.4byte	0x9ea
 2121 0fe7 0A       		.uleb128 0xa
 2122 0fe8 F3170000 		.4byte	.LASF206
 2123 0fec 09       		.byte	0x9
 2124 0fed F3       		.byte	0xf3
 2125 0fee 1A       		.byte	0x1a
 2126 0fef 3B100000 		.4byte	0x103b
 2127 0ff3 0A       		.uleb128 0xa
 2128 0ff4 A3070000 		.4byte	.LASF207
 2129 0ff8 09       		.byte	0x9
 2130 0ff9 FC       		.byte	0xfc
 2131 0ffa 1A       		.byte	0x1a
 2132 0ffb 76100000 		.4byte	0x1076
 2133 0fff 1E       		.uleb128 0x1e
 2134 1000 31040000 		.4byte	.LASF208
 2135 1004 09       		.byte	0x9
 2136 1005 0401     		.2byte	0x104
 2137 1007 19       		.byte	0x19
 2138 1008 F6090000 		.4byte	0x9f6
 2139 100c 00       		.byte	0
 2140 100d 06       		.uleb128 0x6
 2141 100e 04       		.byte	0x4
 2142 100f 160B0000 		.4byte	0xb16
 2143 1013 11       		.uleb128 0x11
 2144 1014 18090000 		.4byte	.LASF209
 2145 1018 0C       		.byte	0xc
 2146 1019 11       		.byte	0x11
 2147 101a 34       		.byte	0x34
 2148 101b 10       		.byte	0x10
 2149 101c 3B100000 		.4byte	0x103b
 2150 1020 0E       		.uleb128 0xe
 2151 1021 02110000 		.4byte	.LASF143
 2152 1025 11       		.byte	0x11
 2153 1026 35       		.byte	0x35
 2154 1027 19       		.byte	0x19
 2155 1028 4F0B0000 		.4byte	0xb4f
 2156 102c 00       		.byte	0
 2157 102d 12       		.uleb128 0x12
 2158 102e 636E7400 		.ascii	"cnt\000"
 2159 1032 11       		.byte	0x11
 2160 1033 37       		.byte	0x37
 2161 1034 19       		.byte	0x19
 2162 1035 020A0000 		.4byte	0xa02
 2163 1039 08       		.byte	0x8
 2164 103a 00       		.byte	0
 2165 103b 06       		.uleb128 0x6
 2166 103c 04       		.byte	0x4
ARM GAS  /tmp/cc0F93am.s 			page 39


 2167 103d 13100000 		.4byte	0x1013
 2168 1041 11       		.uleb128 0x11
 2169 1042 4E130000 		.4byte	.LASF210
 2170 1046 10       		.byte	0x10
 2171 1047 12       		.byte	0x12
 2172 1048 39       		.byte	0x39
 2173 1049 08       		.byte	0x8
 2174 104a 76100000 		.4byte	0x1076
 2175 104e 0E       		.uleb128 0xe
 2176 104f 02110000 		.4byte	.LASF143
 2177 1053 12       		.byte	0x12
 2178 1054 3A       		.byte	0x3a
 2179 1055 19       		.byte	0x19
 2180 1056 4F0B0000 		.4byte	0xb4f
 2181 105a 00       		.byte	0
 2182 105b 0E       		.uleb128 0xe
 2183 105c 7C000000 		.4byte	.LASF211
 2184 1060 12       		.byte	0x12
 2185 1061 3C       		.byte	0x3c
 2186 1062 1A       		.byte	0x1a
 2187 1063 220B0000 		.4byte	0xb22
 2188 1067 08       		.byte	0x8
 2189 1068 0E       		.uleb128 0xe
 2190 1069 AA170000 		.4byte	.LASF161
 2191 106d 12       		.byte	0x12
 2192 106e 3E       		.byte	0x3e
 2193 106f 1A       		.byte	0x1a
 2194 1070 D9110000 		.4byte	0x11d9
 2195 1074 0C       		.byte	0xc
 2196 1075 00       		.byte	0
 2197 1076 06       		.uleb128 0x6
 2198 1077 04       		.byte	0x4
 2199 1078 41100000 		.4byte	0x1041
 2200 107c 06       		.uleb128 0x6
 2201 107d 04       		.byte	0x4
 2202 107e CB0E0000 		.4byte	0xecb
 2203 1082 06       		.uleb128 0x6
 2204 1083 04       		.byte	0x4
 2205 1084 010C0000 		.4byte	0xc01
 2206 1088 23       		.uleb128 0x23
 2207 1089 636800   		.ascii	"ch\000"
 2208 108c 09       		.byte	0x9
 2209 108d C801     		.2byte	0x1c8
 2210 108f 14       		.byte	0x14
 2211 1090 DE0C0000 		.4byte	0xcde
 2212 1094 0B       		.uleb128 0xb
 2213 1095 CB0E0000 		.4byte	0xecb
 2214 1099 9F100000 		.4byte	0x109f
 2215 109d 24       		.uleb128 0x24
 2216 109e 00       		.byte	0
 2217 109f 20       		.uleb128 0x20
 2218 10a0 66090000 		.4byte	.LASF212
 2219 10a4 13       		.byte	0x13
 2220 10a5 1701     		.2byte	0x117
 2221 10a7 13       		.byte	0x13
 2222 10a8 94100000 		.4byte	0x1094
 2223 10ac 0D       		.uleb128 0xd
ARM GAS  /tmp/cc0F93am.s 			page 40


 2224 10ad 16       		.byte	0x16
 2225 10ae 14       		.byte	0x14
 2226 10af 34       		.byte	0x34
 2227 10b0 09       		.byte	0x9
 2228 10b1 A0110000 		.4byte	0x11a0
 2229 10b5 0E       		.uleb128 0xe
 2230 10b6 CB170000 		.4byte	.LASF213
 2231 10ba 14       		.byte	0x14
 2232 10bb 35       		.byte	0x35
 2233 10bc 0D       		.byte	0xd
 2234 10bd A0110000 		.4byte	0x11a0
 2235 10c1 00       		.byte	0
 2236 10c2 0E       		.uleb128 0xe
 2237 10c3 47030000 		.4byte	.LASF214
 2238 10c7 14       		.byte	0x14
 2239 10c8 36       		.byte	0x36
 2240 10c9 0D       		.byte	0xd
 2241 10ca 5E090000 		.4byte	0x95e
 2242 10ce 04       		.byte	0x4
 2243 10cf 0E       		.uleb128 0xe
 2244 10d0 2C100000 		.4byte	.LASF215
 2245 10d4 14       		.byte	0x14
 2246 10d5 37       		.byte	0x37
 2247 10d6 0D       		.byte	0xd
 2248 10d7 5E090000 		.4byte	0x95e
 2249 10db 05       		.byte	0x5
 2250 10dc 0E       		.uleb128 0xe
 2251 10dd 73110000 		.4byte	.LASF216
 2252 10e1 14       		.byte	0x14
 2253 10e2 38       		.byte	0x38
 2254 10e3 0D       		.byte	0xd
 2255 10e4 6F090000 		.4byte	0x96f
 2256 10e8 06       		.byte	0x6
 2257 10e9 0E       		.uleb128 0xe
 2258 10ea B0060000 		.4byte	.LASF217
 2259 10ee 14       		.byte	0x14
 2260 10ef 39       		.byte	0x39
 2261 10f0 0D       		.byte	0xd
 2262 10f1 5E090000 		.4byte	0x95e
 2263 10f5 08       		.byte	0x8
 2264 10f6 0E       		.uleb128 0xe
 2265 10f7 04170000 		.4byte	.LASF218
 2266 10fb 14       		.byte	0x14
 2267 10fc 3A       		.byte	0x3a
 2268 10fd 0D       		.byte	0xd
 2269 10fe 5E090000 		.4byte	0x95e
 2270 1102 09       		.byte	0x9
 2271 1103 0E       		.uleb128 0xe
 2272 1104 92080000 		.4byte	.LASF219
 2273 1108 14       		.byte	0x14
 2274 1109 3B       		.byte	0x3b
 2275 110a 0D       		.byte	0xd
 2276 110b 5E090000 		.4byte	0x95e
 2277 110f 0A       		.byte	0xa
 2278 1110 0E       		.uleb128 0xe
 2279 1111 27000000 		.4byte	.LASF220
 2280 1115 14       		.byte	0x14
ARM GAS  /tmp/cc0F93am.s 			page 41


 2281 1116 3C       		.byte	0x3c
 2282 1117 0D       		.byte	0xd
 2283 1118 5E090000 		.4byte	0x95e
 2284 111c 0B       		.byte	0xb
 2285 111d 0E       		.uleb128 0xe
 2286 111e 00000000 		.4byte	.LASF221
 2287 1122 14       		.byte	0x14
 2288 1123 3D       		.byte	0x3d
 2289 1124 0D       		.byte	0xd
 2290 1125 5E090000 		.4byte	0x95e
 2291 1129 0C       		.byte	0xc
 2292 112a 0E       		.uleb128 0xe
 2293 112b 570C0000 		.4byte	.LASF222
 2294 112f 14       		.byte	0x14
 2295 1130 3E       		.byte	0x3e
 2296 1131 0D       		.byte	0xd
 2297 1132 5E090000 		.4byte	0x95e
 2298 1136 0D       		.byte	0xd
 2299 1137 0E       		.uleb128 0xe
 2300 1138 2C020000 		.4byte	.LASF223
 2301 113c 14       		.byte	0x14
 2302 113d 3F       		.byte	0x3f
 2303 113e 0D       		.byte	0xd
 2304 113f 5E090000 		.4byte	0x95e
 2305 1143 0E       		.byte	0xe
 2306 1144 0E       		.uleb128 0xe
 2307 1145 81100000 		.4byte	.LASF224
 2308 1149 14       		.byte	0x14
 2309 114a 40       		.byte	0x40
 2310 114b 0D       		.byte	0xd
 2311 114c 5E090000 		.4byte	0x95e
 2312 1150 0F       		.byte	0xf
 2313 1151 0E       		.uleb128 0xe
 2314 1152 280A0000 		.4byte	.LASF225
 2315 1156 14       		.byte	0x14
 2316 1157 41       		.byte	0x41
 2317 1158 0D       		.byte	0xd
 2318 1159 5E090000 		.4byte	0x95e
 2319 115d 10       		.byte	0x10
 2320 115e 0E       		.uleb128 0xe
 2321 115f 69080000 		.4byte	.LASF226
 2322 1163 14       		.byte	0x14
 2323 1164 42       		.byte	0x42
 2324 1165 0D       		.byte	0xd
 2325 1166 5E090000 		.4byte	0x95e
 2326 116a 11       		.byte	0x11
 2327 116b 0E       		.uleb128 0xe
 2328 116c 73170000 		.4byte	.LASF227
 2329 1170 14       		.byte	0x14
 2330 1171 43       		.byte	0x43
 2331 1172 0D       		.byte	0xd
 2332 1173 5E090000 		.4byte	0x95e
 2333 1177 12       		.byte	0x12
 2334 1178 0E       		.uleb128 0xe
 2335 1179 24060000 		.4byte	.LASF228
 2336 117d 14       		.byte	0x14
 2337 117e 44       		.byte	0x44
ARM GAS  /tmp/cc0F93am.s 			page 42


 2338 117f 0D       		.byte	0xd
 2339 1180 5E090000 		.4byte	0x95e
 2340 1184 13       		.byte	0x13
 2341 1185 0E       		.uleb128 0xe
 2342 1186 6B000000 		.4byte	.LASF229
 2343 118a 14       		.byte	0x14
 2344 118b 45       		.byte	0x45
 2345 118c 0D       		.byte	0xd
 2346 118d 5E090000 		.4byte	0x95e
 2347 1191 14       		.byte	0x14
 2348 1192 0E       		.uleb128 0xe
 2349 1193 2C070000 		.4byte	.LASF230
 2350 1197 14       		.byte	0x14
 2351 1198 46       		.byte	0x46
 2352 1199 0D       		.byte	0xd
 2353 119a 5E090000 		.4byte	0x95e
 2354 119e 15       		.byte	0x15
 2355 119f 00       		.byte	0
 2356 11a0 0B       		.uleb128 0xb
 2357 11a1 69010000 		.4byte	0x169
 2358 11a5 B0110000 		.4byte	0x11b0
 2359 11a9 0C       		.uleb128 0xc
 2360 11aa 35000000 		.4byte	0x35
 2361 11ae 03       		.byte	0x3
 2362 11af 00       		.byte	0
 2363 11b0 03       		.uleb128 0x3
 2364 11b1 D2160000 		.4byte	.LASF231
 2365 11b5 14       		.byte	0x14
 2366 11b6 47       		.byte	0x47
 2367 11b7 03       		.byte	0x3
 2368 11b8 AC100000 		.4byte	0x10ac
 2369 11bc 10       		.uleb128 0x10
 2370 11bd B0110000 		.4byte	0x11b0
 2371 11c1 22       		.uleb128 0x22
 2372 11c2 90000000 		.4byte	.LASF232
 2373 11c6 14       		.byte	0x14
 2374 11c7 6C       		.byte	0x6c
 2375 11c8 1D       		.byte	0x1d
 2376 11c9 BC110000 		.4byte	0x11bc
 2377 11cd 03       		.uleb128 0x3
 2378 11ce B7140000 		.4byte	.LASF233
 2379 11d2 12       		.byte	0x12
 2380 11d3 34       		.byte	0x34
 2381 11d4 19       		.byte	0x19
 2382 11d5 41100000 		.4byte	0x1041
 2383 11d9 06       		.uleb128 0x6
 2384 11da 04       		.byte	0x4
 2385 11db CD110000 		.4byte	0x11cd
 2386 11df 05       		.uleb128 0x5
 2387 11e0 01       		.byte	0x1
 2388 11e1 02       		.byte	0x2
 2389 11e2 41050000 		.4byte	.LASF234
 2390 11e6 03       		.uleb128 0x3
 2391 11e7 BD0E0000 		.4byte	.LASF235
 2392 11eb 15       		.byte	0x15
 2393 11ec 47       		.byte	0x47
 2394 11ed 11       		.byte	0x11
ARM GAS  /tmp/cc0F93am.s 			page 43


 2395 11ee F2110000 		.4byte	0x11f2
 2396 11f2 06       		.uleb128 0x6
 2397 11f3 04       		.byte	0x4
 2398 11f4 F8110000 		.4byte	0x11f8
 2399 11f8 16       		.uleb128 0x16
 2400 11f9 61010000 		.4byte	0x161
 2401 11fd 0C120000 		.4byte	0x120c
 2402 1201 17       		.uleb128 0x17
 2403 1202 24000000 		.4byte	0x24
 2404 1206 17       		.uleb128 0x17
 2405 1207 35000000 		.4byte	0x35
 2406 120b 00       		.byte	0
 2407 120c 0D       		.uleb128 0xd
 2408 120d 08       		.byte	0x8
 2409 120e 15       		.byte	0x15
 2410 120f 51       		.byte	0x51
 2411 1210 09       		.byte	0x9
 2412 1211 30120000 		.4byte	0x1230
 2413 1215 0E       		.uleb128 0xe
 2414 1216 CE140000 		.4byte	.LASF236
 2415 121a 15       		.byte	0x15
 2416 121b 55       		.byte	0x55
 2417 121c 0C       		.byte	0xc
 2418 121d 30120000 		.4byte	0x1230
 2419 1221 00       		.byte	0
 2420 1222 0E       		.uleb128 0xe
 2421 1223 DA100000 		.4byte	.LASF237
 2422 1227 15       		.byte	0x15
 2423 1228 59       		.byte	0x59
 2424 1229 0C       		.byte	0xc
 2425 122a 30120000 		.4byte	0x1230
 2426 122e 04       		.byte	0x4
 2427 122f 00       		.byte	0
 2428 1230 06       		.uleb128 0x6
 2429 1231 04       		.byte	0x4
 2430 1232 5E090000 		.4byte	0x95e
 2431 1236 03       		.uleb128 0x3
 2432 1237 1B040000 		.4byte	.LASF238
 2433 123b 15       		.byte	0x15
 2434 123c 5A       		.byte	0x5a
 2435 123d 03       		.byte	0x3
 2436 123e 0C120000 		.4byte	0x120c
 2437 1242 22       		.uleb128 0x22
 2438 1243 68170000 		.4byte	.LASF239
 2439 1247 15       		.byte	0x15
 2440 1248 75       		.byte	0x75
 2441 1249 12       		.byte	0x12
 2442 124a 36120000 		.4byte	0x1236
 2443 124e 11       		.uleb128 0x11
 2444 124f 350A0000 		.4byte	.LASF240
 2445 1253 04       		.byte	0x4
 2446 1254 16       		.byte	0x16
 2447 1255 38       		.byte	0x38
 2448 1256 08       		.byte	0x8
 2449 1257 69120000 		.4byte	0x1269
 2450 125b 0E       		.uleb128 0xe
 2451 125c AA170000 		.4byte	.LASF161
ARM GAS  /tmp/cc0F93am.s 			page 44


 2452 1260 16       		.byte	0x16
 2453 1261 39       		.byte	0x39
 2454 1262 1A       		.byte	0x1a
 2455 1263 69120000 		.4byte	0x1269
 2456 1267 00       		.byte	0
 2457 1268 00       		.byte	0
 2458 1269 06       		.uleb128 0x6
 2459 126a 04       		.byte	0x4
 2460 126b 4E120000 		.4byte	0x124e
 2461 126f 0D       		.uleb128 0xd
 2462 1270 10       		.byte	0x10
 2463 1271 16       		.byte	0x16
 2464 1272 40       		.byte	0x40
 2465 1273 09       		.byte	0x9
 2466 1274 AD120000 		.4byte	0x12ad
 2467 1278 0E       		.uleb128 0xe
 2468 1279 AA170000 		.4byte	.LASF161
 2469 127d 16       		.byte	0x16
 2470 127e 41       		.byte	0x41
 2471 127f 1A       		.byte	0x1a
 2472 1280 69120000 		.4byte	0x1269
 2473 1284 00       		.byte	0
 2474 1285 0E       		.uleb128 0xe
 2475 1286 38140000 		.4byte	.LASF241
 2476 128a 16       		.byte	0x16
 2477 128b 42       		.byte	0x42
 2478 128c 19       		.byte	0x19
 2479 128d 24000000 		.4byte	0x24
 2480 1291 04       		.byte	0x4
 2481 1292 0E       		.uleb128 0xe
 2482 1293 E40B0000 		.4byte	.LASF242
 2483 1297 16       		.byte	0x16
 2484 1298 44       		.byte	0x44
 2485 1299 19       		.byte	0x19
 2486 129a 35000000 		.4byte	0x35
 2487 129e 08       		.byte	0x8
 2488 129f 0E       		.uleb128 0xe
 2489 12a0 99000000 		.4byte	.LASF243
 2490 12a4 16       		.byte	0x16
 2491 12a5 45       		.byte	0x45
 2492 12a6 19       		.byte	0x19
 2493 12a7 E6110000 		.4byte	0x11e6
 2494 12ab 0C       		.byte	0xc
 2495 12ac 00       		.byte	0
 2496 12ad 03       		.uleb128 0x3
 2497 12ae 28120000 		.4byte	.LASF244
 2498 12b2 16       		.byte	0x16
 2499 12b3 47       		.byte	0x47
 2500 12b4 03       		.byte	0x3
 2501 12b5 6F120000 		.4byte	0x126f
 2502 12b9 11       		.uleb128 0x11
 2503 12ba 77010000 		.4byte	.LASF245
 2504 12be 10       		.byte	0x10
 2505 12bf 17       		.byte	0x17
 2506 12c0 A9       		.byte	0xa9
 2507 12c1 10       		.byte	0x10
 2508 12c2 EE120000 		.4byte	0x12ee
ARM GAS  /tmp/cc0F93am.s 			page 45


 2509 12c6 0E       		.uleb128 0xe
 2510 12c7 AA170000 		.4byte	.LASF161
 2511 12cb 17       		.byte	0x17
 2512 12cc AD       		.byte	0xad
 2513 12cd 1A       		.byte	0x1a
 2514 12ce EE120000 		.4byte	0x12ee
 2515 12d2 00       		.byte	0
 2516 12d3 0E       		.uleb128 0xe
 2517 12d4 B80C0000 		.4byte	.LASF151
 2518 12d8 17       		.byte	0x17
 2519 12d9 B1       		.byte	0xb1
 2520 12da 19       		.byte	0x19
 2521 12db 0E0A0000 		.4byte	0xa0e
 2522 12df 04       		.byte	0x4
 2523 12e0 0E       		.uleb128 0xe
 2524 12e1 F5120000 		.4byte	.LASF147
 2525 12e5 17       		.byte	0x17
 2526 12e6 B3       		.byte	0xb3
 2527 12e7 19       		.byte	0x19
 2528 12e8 5F080000 		.4byte	0x85f
 2529 12ec 08       		.byte	0x8
 2530 12ed 00       		.byte	0
 2531 12ee 06       		.uleb128 0x6
 2532 12ef 04       		.byte	0x4
 2533 12f0 B9120000 		.4byte	0x12b9
 2534 12f4 03       		.uleb128 0x3
 2535 12f5 99140000 		.4byte	.LASF246
 2536 12f9 17       		.byte	0x17
 2537 12fa B7       		.byte	0xb7
 2538 12fb 03       		.byte	0x3
 2539 12fc B9120000 		.4byte	0x12b9
 2540 1300 11       		.uleb128 0x11
 2541 1301 BF170000 		.4byte	.LASF247
 2542 1305 04       		.byte	0x4
 2543 1306 17       		.byte	0x17
 2544 1307 BC       		.byte	0xbc
 2545 1308 10       		.byte	0x10
 2546 1309 1B130000 		.4byte	0x131b
 2547 130d 0E       		.uleb128 0xe
 2548 130e AA170000 		.4byte	.LASF161
 2549 1312 17       		.byte	0x17
 2550 1313 BD       		.byte	0xbd
 2551 1314 1A       		.byte	0x1a
 2552 1315 1B130000 		.4byte	0x131b
 2553 1319 00       		.byte	0
 2554 131a 00       		.byte	0
 2555 131b 06       		.uleb128 0x6
 2556 131c 04       		.byte	0x4
 2557 131d F4120000 		.4byte	0x12f4
 2558 1321 03       		.uleb128 0x3
 2559 1322 BB130000 		.4byte	.LASF248
 2560 1326 17       		.byte	0x17
 2561 1327 BE       		.byte	0xbe
 2562 1328 03       		.byte	0x3
 2563 1329 00130000 		.4byte	0x1300
 2564 132d 1B       		.uleb128 0x1b
 2565 132e 550B0000 		.4byte	.LASF249
ARM GAS  /tmp/cc0F93am.s 			page 46


 2566 1332 48       		.byte	0x48
 2567 1333 17       		.byte	0x17
 2568 1334 2001     		.2byte	0x120
 2569 1336 10       		.byte	0x10
 2570 1337 BA130000 		.4byte	0x13ba
 2571 133b 21       		.uleb128 0x21
 2572 133c 6D747800 		.ascii	"mtx\000"
 2573 1340 17       		.byte	0x17
 2574 1341 2501     		.2byte	0x125
 2575 1343 19       		.byte	0x19
 2576 1344 CD110000 		.4byte	0x11cd
 2577 1348 00       		.byte	0
 2578 1349 19       		.uleb128 0x19
 2579 134a EE010000 		.4byte	.LASF250
 2580 134e 17       		.byte	0x17
 2581 134f 2C01     		.2byte	0x12c
 2582 1351 19       		.byte	0x19
 2583 1352 21130000 		.4byte	0x1321
 2584 1356 10       		.byte	0x10
 2585 1357 19       		.uleb128 0x19
 2586 1358 C9030000 		.4byte	.LASF251
 2587 135c 17       		.byte	0x17
 2588 135d 3001     		.2byte	0x130
 2589 135f 19       		.byte	0x19
 2590 1360 AD120000 		.4byte	0x12ad
 2591 1364 14       		.byte	0x14
 2592 1365 19       		.uleb128 0x19
 2593 1366 960F0000 		.4byte	.LASF252
 2594 136a 17       		.byte	0x17
 2595 136b 3501     		.2byte	0x135
 2596 136d 19       		.byte	0x19
 2597 136e 21130000 		.4byte	0x1321
 2598 1372 24       		.byte	0x24
 2599 1373 19       		.uleb128 0x19
 2600 1374 B7050000 		.4byte	.LASF253
 2601 1378 17       		.byte	0x17
 2602 1379 3B01     		.2byte	0x13b
 2603 137b 19       		.byte	0x19
 2604 137c 21130000 		.4byte	0x1321
 2605 1380 28       		.byte	0x28
 2606 1381 19       		.uleb128 0x19
 2607 1382 E7070000 		.4byte	.LASF254
 2608 1386 17       		.byte	0x17
 2609 1387 3F01     		.2byte	0x13f
 2610 1389 19       		.byte	0x19
 2611 138a AD120000 		.4byte	0x12ad
 2612 138e 2C       		.byte	0x2c
 2613 138f 19       		.uleb128 0x19
 2614 1390 4D110000 		.4byte	.LASF255
 2615 1394 17       		.byte	0x17
 2616 1395 4501     		.2byte	0x145
 2617 1397 19       		.byte	0x19
 2618 1398 21130000 		.4byte	0x1321
 2619 139c 3C       		.byte	0x3c
 2620 139d 19       		.uleb128 0x19
 2621 139e BA090000 		.4byte	.LASF256
 2622 13a2 17       		.byte	0x17
ARM GAS  /tmp/cc0F93am.s 			page 47


 2623 13a3 4B01     		.2byte	0x14b
 2624 13a5 19       		.byte	0x19
 2625 13a6 21130000 		.4byte	0x1321
 2626 13aa 40       		.byte	0x40
 2627 13ab 19       		.uleb128 0x19
 2628 13ac 3B070000 		.4byte	.LASF257
 2629 13b0 17       		.byte	0x17
 2630 13b1 5101     		.2byte	0x151
 2631 13b3 19       		.byte	0x19
 2632 13b4 21130000 		.4byte	0x1321
 2633 13b8 44       		.byte	0x44
 2634 13b9 00       		.byte	0
 2635 13ba 08       		.uleb128 0x8
 2636 13bb 470F0000 		.4byte	.LASF258
 2637 13bf 17       		.byte	0x17
 2638 13c0 5301     		.2byte	0x153
 2639 13c2 03       		.byte	0x3
 2640 13c3 2D130000 		.4byte	0x132d
 2641 13c7 20       		.uleb128 0x20
 2642 13c8 1C110000 		.4byte	.LASF259
 2643 13cc 17       		.byte	0x17
 2644 13cd 5E01     		.2byte	0x15e
 2645 13cf 1A       		.byte	0x1a
 2646 13d0 BA130000 		.4byte	0x13ba
 2647 13d4 1C       		.uleb128 0x1c
 2648 13d5 0C       		.byte	0xc
 2649 13d6 18       		.byte	0x18
 2650 13d7 A201     		.2byte	0x1a2
 2651 13d9 09       		.byte	0x9
 2652 13da 33140000 		.4byte	0x1433
 2653 13de 19       		.uleb128 0x19
 2654 13df 88060000 		.4byte	.LASF260
 2655 13e3 18       		.byte	0x18
 2656 13e4 A301     		.2byte	0x1a3
 2657 13e6 1A       		.byte	0x1a
 2658 13e7 33140000 		.4byte	0x1433
 2659 13eb 00       		.byte	0
 2660 13ec 19       		.uleb128 0x19
 2661 13ed 33170000 		.4byte	.LASF261
 2662 13f1 18       		.byte	0x18
 2663 13f2 A401     		.2byte	0x1a4
 2664 13f4 1A       		.byte	0x1a
 2665 13f5 39140000 		.4byte	0x1439
 2666 13f9 04       		.byte	0x4
 2667 13fa 19       		.uleb128 0x19
 2668 13fb 7F120000 		.4byte	.LASF262
 2669 13ff 18       		.byte	0x18
 2670 1400 A801     		.2byte	0x1a8
 2671 1402 19       		.byte	0x19
 2672 1403 5E090000 		.4byte	0x95e
 2673 1407 08       		.byte	0x8
 2674 1408 19       		.uleb128 0x19
 2675 1409 25090000 		.4byte	.LASF263
 2676 140d 18       		.byte	0x18
 2677 140e AA01     		.2byte	0x1aa
 2678 1410 19       		.byte	0x19
 2679 1411 5E090000 		.4byte	0x95e
ARM GAS  /tmp/cc0F93am.s 			page 48


 2680 1415 09       		.byte	0x9
 2681 1416 19       		.uleb128 0x19
 2682 1417 610C0000 		.4byte	.LASF264
 2683 141b 18       		.byte	0x18
 2684 141c AC01     		.2byte	0x1ac
 2685 141e 19       		.byte	0x19
 2686 141f 5E090000 		.4byte	0x95e
 2687 1423 0A       		.byte	0xa
 2688 1424 19       		.uleb128 0x19
 2689 1425 08110000 		.4byte	.LASF265
 2690 1429 18       		.byte	0x18
 2691 142a AD01     		.2byte	0x1ad
 2692 142c 19       		.byte	0x19
 2693 142d 5E090000 		.4byte	0x95e
 2694 1431 0B       		.byte	0xb
 2695 1432 00       		.byte	0
 2696 1433 06       		.uleb128 0x6
 2697 1434 04       		.byte	0x4
 2698 1435 080E0000 		.4byte	0xe08
 2699 1439 06       		.uleb128 0x6
 2700 143a 04       		.byte	0x4
 2701 143b 9D090000 		.4byte	0x99d
 2702 143f 08       		.uleb128 0x8
 2703 1440 0D000000 		.4byte	.LASF266
 2704 1444 18       		.byte	0x18
 2705 1445 AE01     		.2byte	0x1ae
 2706 1447 03       		.byte	0x3
 2707 1448 D4130000 		.4byte	0x13d4
 2708 144c 10       		.uleb128 0x10
 2709 144d 3F140000 		.4byte	0x143f
 2710 1451 0B       		.uleb128 0xb
 2711 1452 4C140000 		.4byte	0x144c
 2712 1456 61140000 		.4byte	0x1461
 2713 145a 0C       		.uleb128 0xc
 2714 145b 35000000 		.4byte	0x35
 2715 145f 0F       		.byte	0xf
 2716 1460 00       		.byte	0
 2717 1461 10       		.uleb128 0x10
 2718 1462 51140000 		.4byte	0x1451
 2719 1466 20       		.uleb128 0x20
 2720 1467 7D090000 		.4byte	.LASF267
 2721 146b 18       		.byte	0x18
 2722 146c 9002     		.2byte	0x290
 2723 146e 21       		.byte	0x21
 2724 146f 61140000 		.4byte	0x1461
 2725 1473 1C       		.uleb128 0x1c
 2726 1474 60       		.byte	0x60
 2727 1475 19       		.byte	0x19
 2728 1476 F601     		.2byte	0x1f6
 2729 1478 09       		.byte	0x9
 2730 1479 94150000 		.4byte	0x1594
 2731 147d 21       		.uleb128 0x21
 2732 147e 43523100 		.ascii	"CR1\000"
 2733 1482 19       		.byte	0x19
 2734 1483 F701     		.2byte	0x1f7
 2735 1485 19       		.byte	0x19
 2736 1486 9D090000 		.4byte	0x99d
ARM GAS  /tmp/cc0F93am.s 			page 49


 2737 148a 00       		.byte	0
 2738 148b 21       		.uleb128 0x21
 2739 148c 43523200 		.ascii	"CR2\000"
 2740 1490 19       		.byte	0x19
 2741 1491 F801     		.2byte	0x1f8
 2742 1493 19       		.byte	0x19
 2743 1494 9D090000 		.4byte	0x99d
 2744 1498 04       		.byte	0x4
 2745 1499 19       		.uleb128 0x19
 2746 149a 40040000 		.4byte	.LASF268
 2747 149e 19       		.byte	0x19
 2748 149f F901     		.2byte	0x1f9
 2749 14a1 19       		.byte	0x19
 2750 14a2 9D090000 		.4byte	0x99d
 2751 14a6 08       		.byte	0x8
 2752 14a7 19       		.uleb128 0x19
 2753 14a8 2C080000 		.4byte	.LASF269
 2754 14ac 19       		.byte	0x19
 2755 14ad FA01     		.2byte	0x1fa
 2756 14af 19       		.byte	0x19
 2757 14b0 9D090000 		.4byte	0x99d
 2758 14b4 0C       		.byte	0xc
 2759 14b5 21       		.uleb128 0x21
 2760 14b6 535200   		.ascii	"SR\000"
 2761 14b9 19       		.byte	0x19
 2762 14ba FB01     		.2byte	0x1fb
 2763 14bc 19       		.byte	0x19
 2764 14bd 9D090000 		.4byte	0x99d
 2765 14c1 10       		.byte	0x10
 2766 14c2 21       		.uleb128 0x21
 2767 14c3 45475200 		.ascii	"EGR\000"
 2768 14c7 19       		.byte	0x19
 2769 14c8 FC01     		.2byte	0x1fc
 2770 14ca 19       		.byte	0x19
 2771 14cb 9D090000 		.4byte	0x99d
 2772 14cf 14       		.byte	0x14
 2773 14d0 19       		.uleb128 0x19
 2774 14d1 60050000 		.4byte	.LASF270
 2775 14d5 19       		.byte	0x19
 2776 14d6 FD01     		.2byte	0x1fd
 2777 14d8 19       		.byte	0x19
 2778 14d9 9D090000 		.4byte	0x99d
 2779 14dd 18       		.byte	0x18
 2780 14de 19       		.uleb128 0x19
 2781 14df 66050000 		.4byte	.LASF271
 2782 14e3 19       		.byte	0x19
 2783 14e4 FE01     		.2byte	0x1fe
 2784 14e6 19       		.byte	0x19
 2785 14e7 9D090000 		.4byte	0x99d
 2786 14eb 1C       		.byte	0x1c
 2787 14ec 19       		.uleb128 0x19
 2788 14ed CD100000 		.4byte	.LASF272
 2789 14f1 19       		.byte	0x19
 2790 14f2 FF01     		.2byte	0x1ff
 2791 14f4 19       		.byte	0x19
 2792 14f5 9D090000 		.4byte	0x99d
 2793 14f9 20       		.byte	0x20
ARM GAS  /tmp/cc0F93am.s 			page 50


 2794 14fa 21       		.uleb128 0x21
 2795 14fb 434E5400 		.ascii	"CNT\000"
 2796 14ff 19       		.byte	0x19
 2797 1500 0002     		.2byte	0x200
 2798 1502 19       		.byte	0x19
 2799 1503 9D090000 		.4byte	0x99d
 2800 1507 24       		.byte	0x24
 2801 1508 21       		.uleb128 0x21
 2802 1509 50534300 		.ascii	"PSC\000"
 2803 150d 19       		.byte	0x19
 2804 150e 0102     		.2byte	0x201
 2805 1510 19       		.byte	0x19
 2806 1511 9D090000 		.4byte	0x99d
 2807 1515 28       		.byte	0x28
 2808 1516 21       		.uleb128 0x21
 2809 1517 41525200 		.ascii	"ARR\000"
 2810 151b 19       		.byte	0x19
 2811 151c 0202     		.2byte	0x202
 2812 151e 19       		.byte	0x19
 2813 151f 9D090000 		.4byte	0x99d
 2814 1523 2C       		.byte	0x2c
 2815 1524 21       		.uleb128 0x21
 2816 1525 52435200 		.ascii	"RCR\000"
 2817 1529 19       		.byte	0x19
 2818 152a 0302     		.2byte	0x203
 2819 152c 19       		.byte	0x19
 2820 152d 9D090000 		.4byte	0x99d
 2821 1531 30       		.byte	0x30
 2822 1532 21       		.uleb128 0x21
 2823 1533 43435200 		.ascii	"CCR\000"
 2824 1537 19       		.byte	0x19
 2825 1538 0402     		.2byte	0x204
 2826 153a 19       		.byte	0x19
 2827 153b 390E0000 		.4byte	0xe39
 2828 153f 34       		.byte	0x34
 2829 1540 19       		.uleb128 0x19
 2830 1541 2E160000 		.4byte	.LASF273
 2831 1545 19       		.byte	0x19
 2832 1546 0502     		.2byte	0x205
 2833 1548 19       		.byte	0x19
 2834 1549 9D090000 		.4byte	0x99d
 2835 154d 44       		.byte	0x44
 2836 154e 21       		.uleb128 0x21
 2837 154f 44435200 		.ascii	"DCR\000"
 2838 1553 19       		.byte	0x19
 2839 1554 0602     		.2byte	0x206
 2840 1556 19       		.byte	0x19
 2841 1557 9D090000 		.4byte	0x99d
 2842 155b 48       		.byte	0x48
 2843 155c 19       		.uleb128 0x19
 2844 155d 05020000 		.4byte	.LASF274
 2845 1561 19       		.byte	0x19
 2846 1562 0702     		.2byte	0x207
 2847 1564 19       		.byte	0x19
 2848 1565 9D090000 		.4byte	0x99d
 2849 1569 4C       		.byte	0x4c
 2850 156a 21       		.uleb128 0x21
ARM GAS  /tmp/cc0F93am.s 			page 51


 2851 156b 4F5200   		.ascii	"OR\000"
 2852 156e 19       		.byte	0x19
 2853 156f 0802     		.2byte	0x208
 2854 1571 19       		.byte	0x19
 2855 1572 9D090000 		.4byte	0x99d
 2856 1576 50       		.byte	0x50
 2857 1577 19       		.uleb128 0x19
 2858 1578 6C050000 		.4byte	.LASF275
 2859 157c 19       		.byte	0x19
 2860 157d 0902     		.2byte	0x209
 2861 157f 19       		.byte	0x19
 2862 1580 9D090000 		.4byte	0x99d
 2863 1584 54       		.byte	0x54
 2864 1585 19       		.uleb128 0x19
 2865 1586 C5060000 		.4byte	.LASF276
 2866 158a 19       		.byte	0x19
 2867 158b 0A02     		.2byte	0x20a
 2868 158d 19       		.byte	0x19
 2869 158e 240E0000 		.4byte	0xe24
 2870 1592 58       		.byte	0x58
 2871 1593 00       		.byte	0
 2872 1594 08       		.uleb128 0x8
 2873 1595 0F0A0000 		.4byte	.LASF277
 2874 1599 19       		.byte	0x19
 2875 159a 0B02     		.2byte	0x20b
 2876 159c 03       		.byte	0x3
 2877 159d 73140000 		.4byte	0x1473
 2878 15a1 06       		.uleb128 0x6
 2879 15a2 04       		.byte	0x4
 2880 15a3 6A090000 		.4byte	0x96a
 2881 15a7 03       		.uleb128 0x3
 2882 15a8 BA100000 		.4byte	.LASF278
 2883 15ac 1A       		.byte	0x1a
 2884 15ad 3F       		.byte	0x3f
 2885 15ae 21       		.byte	0x21
 2886 15af B3150000 		.4byte	0x15b3
 2887 15b3 11       		.uleb128 0x11
 2888 15b4 FF140000 		.4byte	.LASF279
 2889 15b8 38       		.byte	0x38
 2890 15b9 1A       		.byte	0x1a
 2891 15ba 4B       		.byte	0x4b
 2892 15bb 08       		.byte	0x8
 2893 15bc 69160000 		.4byte	0x1669
 2894 15c0 0E       		.uleb128 0xe
 2895 15c1 6A140000 		.4byte	.LASF152
 2896 15c5 1A       		.byte	0x1a
 2897 15c6 4F       		.byte	0x4f
 2898 15c7 19       		.byte	0x19
 2899 15c8 4F0B0000 		.4byte	0xb4f
 2900 15cc 00       		.byte	0
 2901 15cd 0E       		.uleb128 0xe
 2902 15ce D5120000 		.4byte	.LASF280
 2903 15d2 1A       		.byte	0x1a
 2904 15d3 53       		.byte	0x53
 2905 15d4 19       		.byte	0x19
 2906 15d5 DF110000 		.4byte	0x11df
 2907 15d9 08       		.byte	0x8
ARM GAS  /tmp/cc0F93am.s 			page 52


 2908 15da 0E       		.uleb128 0xe
 2909 15db 43060000 		.4byte	.LASF281
 2910 15df 1A       		.byte	0x1a
 2911 15e0 57       		.byte	0x57
 2912 15e1 19       		.byte	0x19
 2913 15e2 30000000 		.4byte	0x30
 2914 15e6 0C       		.byte	0xc
 2915 15e7 0E       		.uleb128 0xe
 2916 15e8 6F0E0000 		.4byte	.LASF282
 2917 15ec 1A       		.byte	0x1a
 2918 15ed 5B       		.byte	0x5b
 2919 15ee 1A       		.byte	0x1a
 2920 15ef 30120000 		.4byte	0x1230
 2921 15f3 10       		.byte	0x10
 2922 15f4 0E       		.uleb128 0xe
 2923 15f5 45070000 		.4byte	.LASF283
 2924 15f9 1A       		.byte	0x1a
 2925 15fa 5F       		.byte	0x5f
 2926 15fb 1A       		.byte	0x1a
 2927 15fc 30120000 		.4byte	0x1230
 2928 1600 14       		.byte	0x14
 2929 1601 0E       		.uleb128 0xe
 2930 1602 E00E0000 		.4byte	.LASF284
 2931 1606 1A       		.byte	0x1a
 2932 1607 63       		.byte	0x63
 2933 1608 1A       		.byte	0x1a
 2934 1609 30120000 		.4byte	0x1230
 2935 160d 18       		.byte	0x18
 2936 160e 0E       		.uleb128 0xe
 2937 160f 5A100000 		.4byte	.LASF285
 2938 1613 1A       		.byte	0x1a
 2939 1614 6A       		.byte	0x6a
 2940 1615 19       		.byte	0x19
 2941 1616 24000000 		.4byte	0x24
 2942 161a 1C       		.byte	0x1c
 2943 161b 12       		.uleb128 0x12
 2944 161c 626E00   		.ascii	"bn\000"
 2945 161f 1A       		.byte	0x1a
 2946 1620 6E       		.byte	0x6e
 2947 1621 19       		.byte	0x19
 2948 1622 24000000 		.4byte	0x24
 2949 1626 20       		.byte	0x20
 2950 1627 0E       		.uleb128 0xe
 2951 1628 AC0A0000 		.4byte	.LASF286
 2952 162c 1A       		.byte	0x1a
 2953 162d 72       		.byte	0x72
 2954 162e 1A       		.byte	0x1a
 2955 162f 30120000 		.4byte	0x1230
 2956 1633 24       		.byte	0x24
 2957 1634 12       		.uleb128 0x12
 2958 1635 70747200 		.ascii	"ptr\000"
 2959 1639 1A       		.byte	0x1a
 2960 163a 77       		.byte	0x77
 2961 163b 1A       		.byte	0x1a
 2962 163c 30120000 		.4byte	0x1230
 2963 1640 28       		.byte	0x28
 2964 1641 12       		.uleb128 0x12
ARM GAS  /tmp/cc0F93am.s 			page 53


 2965 1642 746F7000 		.ascii	"top\000"
 2966 1646 1A       		.byte	0x1a
 2967 1647 7B       		.byte	0x7b
 2968 1648 1A       		.byte	0x1a
 2969 1649 30120000 		.4byte	0x1230
 2970 164d 2C       		.byte	0x2c
 2971 164e 0E       		.uleb128 0xe
 2972 164f 25100000 		.4byte	.LASF287
 2973 1653 1A       		.byte	0x1a
 2974 1654 7F       		.byte	0x7f
 2975 1655 19       		.byte	0x19
 2976 1656 69160000 		.4byte	0x1669
 2977 165a 30       		.byte	0x30
 2978 165b 0E       		.uleb128 0xe
 2979 165c 78090000 		.4byte	.LASF288
 2980 1660 1A       		.byte	0x1a
 2981 1661 83       		.byte	0x83
 2982 1662 1A       		.byte	0x1a
 2983 1663 61010000 		.4byte	0x161
 2984 1667 34       		.byte	0x34
 2985 1668 00       		.byte	0
 2986 1669 03       		.uleb128 0x3
 2987 166a D00C0000 		.4byte	.LASF289
 2988 166e 1A       		.byte	0x1a
 2989 166f 46       		.byte	0x46
 2990 1670 10       		.byte	0x10
 2991 1671 75160000 		.4byte	0x1675
 2992 1675 06       		.uleb128 0x6
 2993 1676 04       		.byte	0x4
 2994 1677 7B160000 		.4byte	0x167b
 2995 167b 1F       		.uleb128 0x1f
 2996 167c 86160000 		.4byte	0x1686
 2997 1680 17       		.uleb128 0x17
 2998 1681 86160000 		.4byte	0x1686
 2999 1685 00       		.byte	0
 3000 1686 06       		.uleb128 0x6
 3001 1687 04       		.byte	0x4
 3002 1688 A7150000 		.4byte	0x15a7
 3003 168c 03       		.uleb128 0x3
 3004 168d 8B0C0000 		.4byte	.LASF290
 3005 1691 1A       		.byte	0x1a
 3006 1692 89       		.byte	0x89
 3007 1693 1C       		.byte	0x1c
 3008 1694 A7150000 		.4byte	0x15a7
 3009 1698 03       		.uleb128 0x3
 3010 1699 9D160000 		.4byte	.LASF291
 3011 169d 1A       		.byte	0x1a
 3012 169e 8E       		.byte	0x8e
 3013 169f 1C       		.byte	0x1c
 3014 16a0 A7150000 		.4byte	0x15a7
 3015 16a4 03       		.uleb128 0x3
 3016 16a5 48080000 		.4byte	.LASF292
 3017 16a9 1B       		.byte	0x1b
 3018 16aa 94       		.byte	0x94
 3019 16ab 10       		.byte	0x10
 3020 16ac F00B0000 		.4byte	0xbf0
 3021 16b0 0D       		.uleb128 0xd
ARM GAS  /tmp/cc0F93am.s 			page 54


 3022 16b1 08       		.byte	0x8
 3023 16b2 1B       		.byte	0x1b
 3024 16b3 9A       		.byte	0x9a
 3025 16b4 09       		.byte	0x9
 3026 16b5 D3160000 		.4byte	0x16d3
 3027 16b9 12       		.uleb128 0x12
 3028 16ba 636200   		.ascii	"cb\000"
 3029 16bd 1B       		.byte	0x1b
 3030 16be A5       		.byte	0xa5
 3031 16bf 19       		.byte	0x19
 3032 16c0 A4160000 		.4byte	0x16a4
 3033 16c4 00       		.byte	0
 3034 16c5 12       		.uleb128 0x12
 3035 16c6 61726700 		.ascii	"arg\000"
 3036 16ca 1B       		.byte	0x1b
 3037 16cb A9       		.byte	0xa9
 3038 16cc 1A       		.byte	0x1a
 3039 16cd 61010000 		.4byte	0x161
 3040 16d1 04       		.byte	0x4
 3041 16d2 00       		.byte	0
 3042 16d3 03       		.uleb128 0x3
 3043 16d4 06060000 		.4byte	.LASF293
 3044 16d8 1B       		.byte	0x1b
 3045 16d9 AB       		.byte	0xab
 3046 16da 03       		.byte	0x3
 3047 16db B0160000 		.4byte	0x16b0
 3048 16df 0B       		.uleb128 0xb
 3049 16e0 D3160000 		.4byte	0x16d3
 3050 16e4 EF160000 		.4byte	0x16ef
 3051 16e8 0C       		.uleb128 0xc
 3052 16e9 35000000 		.4byte	0x35
 3053 16ed 0F       		.byte	0xf
 3054 16ee 00       		.byte	0
 3055 16ef 20       		.uleb128 0x20
 3056 16f0 D40E0000 		.4byte	.LASF294
 3057 16f4 1C       		.byte	0x1c
 3058 16f5 EB01     		.2byte	0x1eb
 3059 16f7 13       		.byte	0x13
 3060 16f8 DF160000 		.4byte	0x16df
 3061 16fc 25       		.uleb128 0x25
 3062 16fd 07       		.byte	0x7
 3063 16fe 01       		.byte	0x1
 3064 16ff 5D000000 		.4byte	0x5d
 3065 1703 1D       		.byte	0x1d
 3066 1704 31       		.byte	0x31
 3067 1705 0E       		.byte	0xe
 3068 1706 29170000 		.4byte	0x1729
 3069 170a 26       		.uleb128 0x26
 3070 170b 1A100000 		.4byte	.LASF295
 3071 170f 00       		.byte	0
 3072 1710 26       		.uleb128 0x26
 3073 1711 81030000 		.4byte	.LASF296
 3074 1715 01       		.byte	0x1
 3075 1716 26       		.uleb128 0x26
 3076 1717 090E0000 		.4byte	.LASF297
 3077 171b 02       		.byte	0x2
 3078 171c 26       		.uleb128 0x26
ARM GAS  /tmp/cc0F93am.s 			page 55


 3079 171d 44140000 		.4byte	.LASF298
 3080 1721 03       		.byte	0x3
 3081 1722 26       		.uleb128 0x26
 3082 1723 85040000 		.4byte	.LASF299
 3083 1727 04       		.byte	0x4
 3084 1728 00       		.byte	0
 3085 1729 03       		.uleb128 0x3
 3086 172a 7D0A0000 		.4byte	.LASF300
 3087 172e 1D       		.byte	0x1d
 3088 172f 37       		.byte	0x37
 3089 1730 03       		.byte	0x3
 3090 1731 FC160000 		.4byte	0x16fc
 3091 1735 03       		.uleb128 0x3
 3092 1736 B8010000 		.4byte	.LASF301
 3093 173a 1D       		.byte	0x1d
 3094 173b 3C       		.byte	0x3c
 3095 173c 1A       		.byte	0x1a
 3096 173d 41170000 		.4byte	0x1741
 3097 1741 1B       		.uleb128 0x1b
 3098 1742 B8010000 		.4byte	.LASF301
 3099 1746 18       		.byte	0x18
 3100 1747 1E       		.byte	0x1e
 3101 1748 2803     		.2byte	0x328
 3102 174a 08       		.byte	0x8
 3103 174b A4170000 		.4byte	0x17a4
 3104 174f 19       		.uleb128 0x19
 3105 1750 9C010000 		.4byte	.LASF149
 3106 1754 1E       		.byte	0x1e
 3107 1755 2C03     		.2byte	0x32c
 3108 1757 1D       		.byte	0x1d
 3109 1758 29170000 		.4byte	0x1729
 3110 175c 00       		.byte	0
 3111 175d 19       		.uleb128 0x19
 3112 175e 95010000 		.4byte	.LASF302
 3113 1762 1E       		.byte	0x1e
 3114 1763 3003     		.2byte	0x330
 3115 1765 1E       		.byte	0x1e
 3116 1766 B3180000 		.4byte	0x18b3
 3117 176a 04       		.byte	0x4
 3118 176b 19       		.uleb128 0x19
 3119 176c 220A0000 		.4byte	.LASF303
 3120 1770 1E       		.byte	0x1e
 3121 1771 3803     		.2byte	0x338
 3122 1773 1D       		.byte	0x1d
 3123 1774 91090000 		.4byte	0x991
 3124 1778 08       		.byte	0x8
 3125 1779 21       		.uleb128 0x21
 3126 177a 74696D00 		.ascii	"tim\000"
 3127 177e 1E       		.byte	0x1e
 3128 177f 3C03     		.2byte	0x33c
 3129 1781 1E       		.byte	0x1e
 3130 1782 B9180000 		.4byte	0x18b9
 3131 1786 0C       		.byte	0xc
 3132 1787 19       		.uleb128 0x19
 3133 1788 5F040000 		.4byte	.LASF304
 3134 178c 1E       		.byte	0x1e
 3135 178d 4003     		.2byte	0x340
ARM GAS  /tmp/cc0F93am.s 			page 56


 3136 178f 1E       		.byte	0x1e
 3137 1790 39140000 		.4byte	0x1439
 3138 1794 10       		.byte	0x10
 3139 1795 19       		.uleb128 0x19
 3140 1796 A4170000 		.4byte	.LASF305
 3141 179a 1E       		.byte	0x1e
 3142 179b 4403     		.2byte	0x344
 3143 179d 1E       		.byte	0x1e
 3144 179e 39140000 		.4byte	0x1439
 3145 17a2 14       		.byte	0x14
 3146 17a3 00       		.byte	0
 3147 17a4 03       		.uleb128 0x3
 3148 17a5 67130000 		.4byte	.LASF306
 3149 17a9 1D       		.byte	0x1d
 3150 17aa 43       		.byte	0x43
 3151 17ab 10       		.byte	0x10
 3152 17ac B0170000 		.4byte	0x17b0
 3153 17b0 06       		.uleb128 0x6
 3154 17b1 04       		.byte	0x4
 3155 17b2 B6170000 		.4byte	0x17b6
 3156 17b6 1F       		.uleb128 0x1f
 3157 17b7 C1170000 		.4byte	0x17c1
 3158 17bb 17       		.uleb128 0x17
 3159 17bc C1170000 		.4byte	0x17c1
 3160 17c0 00       		.byte	0
 3161 17c1 06       		.uleb128 0x6
 3162 17c2 04       		.byte	0x4
 3163 17c3 35170000 		.4byte	0x1735
 3164 17c7 27       		.uleb128 0x27
 3165 17c8 07       		.byte	0x7
 3166 17c9 01       		.byte	0x1
 3167 17ca 5D000000 		.4byte	0x5d
 3168 17ce 1E       		.byte	0x1e
 3169 17cf E002     		.2byte	0x2e0
 3170 17d1 0E       		.byte	0xe
 3171 17d2 E3170000 		.4byte	0x17e3
 3172 17d6 26       		.uleb128 0x26
 3173 17d7 D8010000 		.4byte	.LASF307
 3174 17db 00       		.byte	0
 3175 17dc 26       		.uleb128 0x26
 3176 17dd D3000000 		.4byte	.LASF308
 3177 17e1 01       		.byte	0x1
 3178 17e2 00       		.byte	0
 3179 17e3 08       		.uleb128 0x8
 3180 17e4 990E0000 		.4byte	.LASF309
 3181 17e8 1E       		.byte	0x1e
 3182 17e9 E302     		.2byte	0x2e3
 3183 17eb 03       		.byte	0x3
 3184 17ec C7170000 		.4byte	0x17c7
 3185 17f0 08       		.uleb128 0x8
 3186 17f1 7E060000 		.4byte	.LASF310
 3187 17f5 1E       		.byte	0x1e
 3188 17f6 E802     		.2byte	0x2e8
 3189 17f8 12       		.byte	0x12
 3190 17f9 91090000 		.4byte	0x991
 3191 17fd 27       		.uleb128 0x27
 3192 17fe 07       		.byte	0x7
ARM GAS  /tmp/cc0F93am.s 			page 57


 3193 17ff 01       		.byte	0x1
 3194 1800 5D000000 		.4byte	0x5d
 3195 1804 1E       		.byte	0x1e
 3196 1805 ED02     		.2byte	0x2ed
 3197 1807 0E       		.byte	0xe
 3198 1808 19180000 		.4byte	0x1819
 3199 180c 26       		.uleb128 0x26
 3200 180d F7010000 		.4byte	.LASF311
 3201 1811 00       		.byte	0
 3202 1812 26       		.uleb128 0x26
 3203 1813 BF040000 		.4byte	.LASF312
 3204 1817 01       		.byte	0x1
 3205 1818 00       		.byte	0
 3206 1819 08       		.uleb128 0x8
 3207 181a BC030000 		.4byte	.LASF313
 3208 181e 1E       		.byte	0x1e
 3209 181f F002     		.2byte	0x2f0
 3210 1821 03       		.byte	0x3
 3211 1822 FD170000 		.4byte	0x17fd
 3212 1826 1C       		.uleb128 0x1c
 3213 1827 20       		.byte	0x20
 3214 1828 1E       		.byte	0x1e
 3215 1829 FB02     		.2byte	0x2fb
 3216 182b 09       		.byte	0x9
 3217 182c A1180000 		.4byte	0x18a1
 3218 1830 19       		.uleb128 0x19
 3219 1831 44130000 		.4byte	.LASF314
 3220 1835 1E       		.byte	0x1e
 3221 1836 FF02     		.2byte	0x2ff
 3222 1838 1D       		.byte	0x1d
 3223 1839 E3170000 		.4byte	0x17e3
 3224 183d 00       		.byte	0
 3225 183e 19       		.uleb128 0x19
 3226 183f 0C0C0000 		.4byte	.LASF315
 3227 1843 1E       		.byte	0x1e
 3228 1844 0503     		.2byte	0x305
 3229 1846 1D       		.byte	0x1d
 3230 1847 F0170000 		.4byte	0x17f0
 3231 184b 04       		.byte	0x4
 3232 184c 19       		.uleb128 0x19
 3233 184d 30000000 		.4byte	.LASF316
 3234 1851 1E       		.byte	0x1e
 3235 1852 0903     		.2byte	0x309
 3236 1854 1D       		.byte	0x1d
 3237 1855 A4170000 		.4byte	0x17a4
 3238 1859 08       		.byte	0x8
 3239 185a 19       		.uleb128 0x19
 3240 185b 760E0000 		.4byte	.LASF317
 3241 185f 1E       		.byte	0x1e
 3242 1860 0D03     		.2byte	0x30d
 3243 1862 1D       		.byte	0x1d
 3244 1863 A4170000 		.4byte	0x17a4
 3245 1867 0C       		.byte	0xc
 3246 1868 19       		.uleb128 0x19
 3247 1869 C4090000 		.4byte	.LASF318
 3248 186d 1E       		.byte	0x1e
 3249 186e 1103     		.2byte	0x311
ARM GAS  /tmp/cc0F93am.s 			page 58


 3250 1870 1D       		.byte	0x1d
 3251 1871 A4170000 		.4byte	0x17a4
 3252 1875 10       		.byte	0x10
 3253 1876 19       		.uleb128 0x19
 3254 1877 2B090000 		.4byte	.LASF319
 3255 187b 1E       		.byte	0x1e
 3256 187c 1703     		.2byte	0x317
 3257 187e 1D       		.byte	0x1d
 3258 187f 19180000 		.4byte	0x1819
 3259 1883 14       		.byte	0x14
 3260 1884 19       		.uleb128 0x19
 3261 1885 1E020000 		.4byte	.LASF320
 3262 1889 1E       		.byte	0x1e
 3263 188a 1D03     		.2byte	0x31d
 3264 188c 1D       		.byte	0x1d
 3265 188d 91090000 		.4byte	0x991
 3266 1891 18       		.byte	0x18
 3267 1892 21       		.uleb128 0x21
 3268 1893 61727200 		.ascii	"arr\000"
 3269 1897 1E       		.byte	0x1e
 3270 1898 2203     		.2byte	0x322
 3271 189a 1D       		.byte	0x1d
 3272 189b 91090000 		.4byte	0x991
 3273 189f 1C       		.byte	0x1c
 3274 18a0 00       		.byte	0
 3275 18a1 08       		.uleb128 0x8
 3276 18a2 33060000 		.4byte	.LASF321
 3277 18a6 1E       		.byte	0x1e
 3278 18a7 2303     		.2byte	0x323
 3279 18a9 03       		.byte	0x3
 3280 18aa 26180000 		.4byte	0x1826
 3281 18ae 10       		.uleb128 0x10
 3282 18af A1180000 		.4byte	0x18a1
 3283 18b3 06       		.uleb128 0x6
 3284 18b4 04       		.byte	0x4
 3285 18b5 AE180000 		.4byte	0x18ae
 3286 18b9 06       		.uleb128 0x6
 3287 18ba 04       		.byte	0x4
 3288 18bb 94150000 		.4byte	0x1594
 3289 18bf 20       		.uleb128 0x20
 3290 18c0 F8000000 		.4byte	.LASF322
 3291 18c4 1E       		.byte	0x1e
 3292 18c5 7503     		.2byte	0x375
 3293 18c7 12       		.byte	0x12
 3294 18c8 35170000 		.4byte	0x1735
 3295 18cc 20       		.uleb128 0x20
 3296 18cd E20A0000 		.4byte	.LASF323
 3297 18d1 1E       		.byte	0x1e
 3298 18d2 7903     		.2byte	0x379
 3299 18d4 12       		.byte	0x12
 3300 18d5 35170000 		.4byte	0x1735
 3301 18d9 25       		.uleb128 0x25
 3302 18da 07       		.byte	0x7
 3303 18db 01       		.byte	0x1
 3304 18dc 5D000000 		.4byte	0x5d
 3305 18e0 1F       		.byte	0x1f
 3306 18e1 59       		.byte	0x59
ARM GAS  /tmp/cc0F93am.s 			page 59


 3307 18e2 0E       		.byte	0xe
 3308 18e3 FA180000 		.4byte	0x18fa
 3309 18e7 26       		.uleb128 0x26
 3310 18e8 95120000 		.4byte	.LASF324
 3311 18ec 00       		.byte	0
 3312 18ed 26       		.uleb128 0x26
 3313 18ee 52010000 		.4byte	.LASF325
 3314 18f2 01       		.byte	0x1
 3315 18f3 26       		.uleb128 0x26
 3316 18f4 8E170000 		.4byte	.LASF326
 3317 18f8 02       		.byte	0x2
 3318 18f9 00       		.byte	0
 3319 18fa 03       		.uleb128 0x3
 3320 18fb 9F130000 		.4byte	.LASF327
 3321 18ff 1F       		.byte	0x1f
 3322 1900 5D       		.byte	0x5d
 3323 1901 03       		.byte	0x3
 3324 1902 D9180000 		.4byte	0x18d9
 3325 1906 25       		.uleb128 0x25
 3326 1907 07       		.byte	0x7
 3327 1908 01       		.byte	0x1
 3328 1909 5D000000 		.4byte	0x5d
 3329 190d 1F       		.byte	0x1f
 3330 190e 62       		.byte	0x62
 3331 190f 0E       		.byte	0xe
 3332 1910 27190000 		.4byte	0x1927
 3333 1914 26       		.uleb128 0x26
 3334 1915 F2140000 		.4byte	.LASF328
 3335 1919 00       		.byte	0
 3336 191a 26       		.uleb128 0x26
 3337 191b B5020000 		.4byte	.LASF329
 3338 191f 01       		.byte	0x1
 3339 1920 26       		.uleb128 0x26
 3340 1921 AB110000 		.4byte	.LASF330
 3341 1925 02       		.byte	0x2
 3342 1926 00       		.byte	0
 3343 1927 03       		.uleb128 0x3
 3344 1928 E0030000 		.4byte	.LASF331
 3345 192c 1F       		.byte	0x1f
 3346 192d 66       		.byte	0x66
 3347 192e 03       		.byte	0x3
 3348 192f 06190000 		.4byte	0x1906
 3349 1933 25       		.uleb128 0x25
 3350 1934 07       		.byte	0x7
 3351 1935 01       		.byte	0x1
 3352 1936 5D000000 		.4byte	0x5d
 3353 193a 1F       		.byte	0x1f
 3354 193b 6B       		.byte	0x6b
 3355 193c 0E       		.byte	0xe
 3356 193d 54190000 		.4byte	0x1954
 3357 1941 26       		.uleb128 0x26
 3358 1942 BE120000 		.4byte	.LASF332
 3359 1946 00       		.byte	0
 3360 1947 26       		.uleb128 0x26
 3361 1948 72100000 		.4byte	.LASF333
 3362 194c 01       		.byte	0x1
 3363 194d 26       		.uleb128 0x26
ARM GAS  /tmp/cc0F93am.s 			page 60


 3364 194e 640A0000 		.4byte	.LASF334
 3365 1952 02       		.byte	0x2
 3366 1953 00       		.byte	0
 3367 1954 03       		.uleb128 0x3
 3368 1955 BC110000 		.4byte	.LASF335
 3369 1959 1F       		.byte	0x1f
 3370 195a 6F       		.byte	0x6f
 3371 195b 03       		.byte	0x3
 3372 195c 33190000 		.4byte	0x1933
 3373 1960 08       		.uleb128 0x8
 3374 1961 3C0C0000 		.4byte	.LASF336
 3375 1965 20       		.byte	0x20
 3376 1966 2602     		.2byte	0x226
 3377 1968 12       		.byte	0x12
 3378 1969 91090000 		.4byte	0x991
 3379 196d 08       		.uleb128 0x8
 3380 196e DC020000 		.4byte	.LASF337
 3381 1972 20       		.byte	0x20
 3382 1973 2B02     		.2byte	0x22b
 3383 1975 1B       		.byte	0x1b
 3384 1976 7A190000 		.4byte	0x197a
 3385 197a 1B       		.uleb128 0x1b
 3386 197b DC020000 		.4byte	.LASF337
 3387 197f 20       		.byte	0x20
 3388 1980 20       		.byte	0x20
 3389 1981 7902     		.2byte	0x279
 3390 1983 08       		.byte	0x8
 3391 1984 151A0000 		.4byte	0x1a15
 3392 1988 19       		.uleb128 0x19
 3393 1989 9C010000 		.4byte	.LASF149
 3394 198d 20       		.byte	0x20
 3395 198e 7D02     		.2byte	0x27d
 3396 1990 1D       		.byte	0x1d
 3397 1991 FA180000 		.4byte	0x18fa
 3398 1995 00       		.byte	0
 3399 1996 19       		.uleb128 0x19
 3400 1997 45040000 		.4byte	.LASF338
 3401 199b 20       		.byte	0x20
 3402 199c 8102     		.2byte	0x281
 3403 199e 1D       		.byte	0x1d
 3404 199f 27190000 		.4byte	0x1927
 3405 19a3 01       		.byte	0x1
 3406 19a4 19       		.uleb128 0x19
 3407 19a5 C2010000 		.4byte	.LASF339
 3408 19a9 20       		.byte	0x20
 3409 19aa 8502     		.2byte	0x285
 3410 19ac 1D       		.byte	0x1d
 3411 19ad 54190000 		.4byte	0x1954
 3412 19b1 02       		.byte	0x2
 3413 19b2 19       		.uleb128 0x19
 3414 19b3 95010000 		.4byte	.LASF302
 3415 19b7 20       		.byte	0x20
 3416 19b8 8902     		.2byte	0x289
 3417 19ba 1E       		.byte	0x1e
 3418 19bb 281B0000 		.4byte	0x1b28
 3419 19bf 04       		.byte	0x4
 3420 19c0 19       		.uleb128 0x19
ARM GAS  /tmp/cc0F93am.s 			page 61


 3421 19c1 08040000 		.4byte	.LASF340
 3422 19c5 20       		.byte	0x20
 3423 19c6 A502     		.2byte	0x2a5
 3424 19c8 1E       		.byte	0x1e
 3425 19c9 2E1B0000 		.4byte	0x1b2e
 3426 19cd 08       		.byte	0x8
 3427 19ce 19       		.uleb128 0x19
 3428 19cf 12130000 		.4byte	.LASF341
 3429 19d3 20       		.byte	0x20
 3430 19d4 A902     		.2byte	0x2a9
 3431 19d6 1D       		.byte	0x1d
 3432 19d7 91090000 		.4byte	0x991
 3433 19db 0C       		.byte	0xc
 3434 19dc 19       		.uleb128 0x19
 3435 19dd 7D070000 		.4byte	.LASF342
 3436 19e1 20       		.byte	0x20
 3437 19e2 AD02     		.2byte	0x2ad
 3438 19e4 1D       		.byte	0x1d
 3439 19e5 91090000 		.4byte	0x991
 3440 19e9 10       		.byte	0x10
 3441 19ea 19       		.uleb128 0x19
 3442 19eb BA0A0000 		.4byte	.LASF343
 3443 19ef 20       		.byte	0x20
 3444 19f0 B102     		.2byte	0x2b1
 3445 19f2 1E       		.byte	0x1e
 3446 19f3 341B0000 		.4byte	0x1b34
 3447 19f7 14       		.byte	0x14
 3448 19f8 19       		.uleb128 0x19
 3449 19f9 480C0000 		.4byte	.LASF344
 3450 19fd 20       		.byte	0x20
 3451 19fe B502     		.2byte	0x2b5
 3452 1a00 1E       		.byte	0x1e
 3453 1a01 341B0000 		.4byte	0x1b34
 3454 1a05 18       		.byte	0x18
 3455 1a06 19       		.uleb128 0x19
 3456 1a07 B40A0000 		.4byte	.LASF345
 3457 1a0b 20       		.byte	0x20
 3458 1a0c B902     		.2byte	0x2b9
 3459 1a0e 1D       		.byte	0x1d
 3460 1a0f 7B090000 		.4byte	0x97b
 3461 1a13 1C       		.byte	0x1c
 3462 1a14 00       		.byte	0
 3463 1a15 08       		.uleb128 0x8
 3464 1a16 E6130000 		.4byte	.LASF346
 3465 1a1a 20       		.byte	0x20
 3466 1a1b 3202     		.2byte	0x232
 3467 1a1d 10       		.byte	0x10
 3468 1a1e 221A0000 		.4byte	0x1a22
 3469 1a22 06       		.uleb128 0x6
 3470 1a23 04       		.byte	0x4
 3471 1a24 281A0000 		.4byte	0x1a28
 3472 1a28 1F       		.uleb128 0x1f
 3473 1a29 331A0000 		.4byte	0x1a33
 3474 1a2d 17       		.uleb128 0x17
 3475 1a2e 331A0000 		.4byte	0x1a33
 3476 1a32 00       		.byte	0
 3477 1a33 06       		.uleb128 0x6
ARM GAS  /tmp/cc0F93am.s 			page 62


 3478 1a34 04       		.byte	0x4
 3479 1a35 6D190000 		.4byte	0x196d
 3480 1a39 08       		.uleb128 0x8
 3481 1a3a 1E120000 		.4byte	.LASF347
 3482 1a3e 20       		.byte	0x20
 3483 1a3f 3A02     		.2byte	0x23a
 3484 1a41 10       		.byte	0x10
 3485 1a42 461A0000 		.4byte	0x1a46
 3486 1a46 06       		.uleb128 0x6
 3487 1a47 04       		.byte	0x4
 3488 1a48 4C1A0000 		.4byte	0x1a4c
 3489 1a4c 1F       		.uleb128 0x1f
 3490 1a4d 5C1A0000 		.4byte	0x1a5c
 3491 1a51 17       		.uleb128 0x17
 3492 1a52 331A0000 		.4byte	0x1a33
 3493 1a56 17       		.uleb128 0x17
 3494 1a57 6F090000 		.4byte	0x96f
 3495 1a5b 00       		.byte	0
 3496 1a5c 08       		.uleb128 0x8
 3497 1a5d 76020000 		.4byte	.LASF348
 3498 1a61 20       		.byte	0x20
 3499 1a62 4202     		.2byte	0x242
 3500 1a64 10       		.byte	0x10
 3501 1a65 691A0000 		.4byte	0x1a69
 3502 1a69 06       		.uleb128 0x6
 3503 1a6a 04       		.byte	0x4
 3504 1a6b 6F1A0000 		.4byte	0x1a6f
 3505 1a6f 1F       		.uleb128 0x1f
 3506 1a70 7F1A0000 		.4byte	0x1a7f
 3507 1a74 17       		.uleb128 0x17
 3508 1a75 331A0000 		.4byte	0x1a33
 3509 1a79 17       		.uleb128 0x17
 3510 1a7a 60190000 		.4byte	0x1960
 3511 1a7e 00       		.byte	0
 3512 1a7f 1C       		.uleb128 0x1c
 3513 1a80 24       		.byte	0x24
 3514 1a81 20       		.byte	0x20
 3515 1a82 4802     		.2byte	0x248
 3516 1a84 09       		.byte	0x9
 3517 1a85 161B0000 		.4byte	0x1b16
 3518 1a89 19       		.uleb128 0x19
 3519 1a8a B4120000 		.4byte	.LASF349
 3520 1a8e 20       		.byte	0x20
 3521 1a8f 4C02     		.2byte	0x24c
 3522 1a91 1D       		.byte	0x1d
 3523 1a92 151A0000 		.4byte	0x1a15
 3524 1a96 00       		.byte	0
 3525 1a97 19       		.uleb128 0x19
 3526 1a98 97090000 		.4byte	.LASF350
 3527 1a9c 20       		.byte	0x20
 3528 1a9d 5002     		.2byte	0x250
 3529 1a9f 1D       		.byte	0x1d
 3530 1aa0 151A0000 		.4byte	0x1a15
 3531 1aa4 04       		.byte	0x4
 3532 1aa5 19       		.uleb128 0x19
 3533 1aa6 23020000 		.4byte	.LASF351
 3534 1aaa 20       		.byte	0x20
ARM GAS  /tmp/cc0F93am.s 			page 63


 3535 1aab 5402     		.2byte	0x254
 3536 1aad 1D       		.byte	0x1d
 3537 1aae 151A0000 		.4byte	0x1a15
 3538 1ab2 08       		.byte	0x8
 3539 1ab3 19       		.uleb128 0x19
 3540 1ab4 4C070000 		.4byte	.LASF352
 3541 1ab8 20       		.byte	0x20
 3542 1ab9 5802     		.2byte	0x258
 3543 1abb 1D       		.byte	0x1d
 3544 1abc 391A0000 		.4byte	0x1a39
 3545 1ac0 0C       		.byte	0xc
 3546 1ac1 19       		.uleb128 0x19
 3547 1ac2 6B0C0000 		.4byte	.LASF353
 3548 1ac6 20       		.byte	0x20
 3549 1ac7 5C02     		.2byte	0x25c
 3550 1ac9 1D       		.byte	0x1d
 3551 1aca 5C1A0000 		.4byte	0x1a5c
 3552 1ace 10       		.byte	0x10
 3553 1acf 19       		.uleb128 0x19
 3554 1ad0 E6050000 		.4byte	.LASF354
 3555 1ad4 20       		.byte	0x20
 3556 1ad5 6302     		.2byte	0x263
 3557 1ad7 1D       		.byte	0x1d
 3558 1ad8 151A0000 		.4byte	0x1a15
 3559 1adc 14       		.byte	0x14
 3560 1add 19       		.uleb128 0x19
 3561 1ade 87070000 		.4byte	.LASF355
 3562 1ae2 20       		.byte	0x20
 3563 1ae3 6702     		.2byte	0x267
 3564 1ae5 1D       		.byte	0x1d
 3565 1ae6 91090000 		.4byte	0x991
 3566 1aea 18       		.byte	0x18
 3567 1aeb 21       		.uleb128 0x21
 3568 1aec 63723100 		.ascii	"cr1\000"
 3569 1af0 20       		.byte	0x20
 3570 1af1 6B02     		.2byte	0x26b
 3571 1af3 1D       		.byte	0x1d
 3572 1af4 6F090000 		.4byte	0x96f
 3573 1af8 1C       		.byte	0x1c
 3574 1af9 21       		.uleb128 0x21
 3575 1afa 63723200 		.ascii	"cr2\000"
 3576 1afe 20       		.byte	0x20
 3577 1aff 6F02     		.2byte	0x26f
 3578 1b01 1D       		.byte	0x1d
 3579 1b02 6F090000 		.4byte	0x96f
 3580 1b06 1E       		.byte	0x1e
 3581 1b07 21       		.uleb128 0x21
 3582 1b08 63723300 		.ascii	"cr3\000"
 3583 1b0c 20       		.byte	0x20
 3584 1b0d 7302     		.2byte	0x273
 3585 1b0f 1D       		.byte	0x1d
 3586 1b10 6F090000 		.4byte	0x96f
 3587 1b14 20       		.byte	0x20
 3588 1b15 00       		.byte	0
 3589 1b16 08       		.uleb128 0x8
 3590 1b17 C9080000 		.4byte	.LASF356
 3591 1b1b 20       		.byte	0x20
ARM GAS  /tmp/cc0F93am.s 			page 64


 3592 1b1c 7402     		.2byte	0x274
 3593 1b1e 03       		.byte	0x3
 3594 1b1f 7F1A0000 		.4byte	0x1a7f
 3595 1b23 10       		.uleb128 0x10
 3596 1b24 161B0000 		.4byte	0x1b16
 3597 1b28 06       		.uleb128 0x6
 3598 1b29 04       		.byte	0x4
 3599 1b2a 231B0000 		.4byte	0x1b23
 3600 1b2e 06       		.uleb128 0x6
 3601 1b2f 04       		.byte	0x4
 3602 1b30 A90E0000 		.4byte	0xea9
 3603 1b34 06       		.uleb128 0x6
 3604 1b35 04       		.byte	0x4
 3605 1b36 4C140000 		.4byte	0x144c
 3606 1b3a 20       		.uleb128 0x20
 3607 1b3b 16170000 		.4byte	.LASF357
 3608 1b3f 20       		.byte	0x20
 3609 1b40 C502     		.2byte	0x2c5
 3610 1b42 13       		.byte	0x13
 3611 1b43 6D190000 		.4byte	0x196d
 3612 1b47 20       		.uleb128 0x20
 3613 1b48 1D170000 		.4byte	.LASF358
 3614 1b4c 20       		.byte	0x20
 3615 1b4d C902     		.2byte	0x2c9
 3616 1b4f 13       		.byte	0x13
 3617 1b50 6D190000 		.4byte	0x196d
 3618 1b54 20       		.uleb128 0x20
 3619 1b55 680E0000 		.4byte	.LASF359
 3620 1b59 20       		.byte	0x20
 3621 1b5a D902     		.2byte	0x2d9
 3622 1b5c 13       		.byte	0x13
 3623 1b5d 6D190000 		.4byte	0x196d
 3624 1b61 08       		.uleb128 0x8
 3625 1b62 D5050000 		.4byte	.LASF360
 3626 1b66 21       		.byte	0x21
 3627 1b67 0301     		.2byte	0x103
 3628 1b69 1A       		.byte	0x1a
 3629 1b6a 6E1B0000 		.4byte	0x1b6e
 3630 1b6e 1B       		.uleb128 0x1b
 3631 1b6f D5050000 		.4byte	.LASF360
 3632 1b73 60       		.byte	0x60
 3633 1b74 22       		.byte	0x22
 3634 1b75 A501     		.2byte	0x1a5
 3635 1b77 08       		.byte	0x8
 3636 1b78 871C0000 		.4byte	0x1c87
 3637 1b7c 19       		.uleb128 0x19
 3638 1b7d 9C010000 		.4byte	.LASF149
 3639 1b81 22       		.byte	0x22
 3640 1b82 A901     		.2byte	0x1a9
 3641 1b84 21       		.byte	0x21
 3642 1b85 C81C0000 		.4byte	0x1cc8
 3643 1b89 00       		.byte	0
 3644 1b8a 19       		.uleb128 0x19
 3645 1b8b 95010000 		.4byte	.LASF302
 3646 1b8f 22       		.byte	0x22
 3647 1b90 AD01     		.2byte	0x1ad
 3648 1b92 22       		.byte	0x22
ARM GAS  /tmp/cc0F93am.s 			page 65


 3649 1b93 CC250000 		.4byte	0x25cc
 3650 1b97 04       		.byte	0x4
 3651 1b98 19       		.uleb128 0x19
 3652 1b99 B8060000 		.4byte	.LASF361
 3653 1b9d 22       		.byte	0x22
 3654 1b9e B101     		.2byte	0x1b1
 3655 1ba0 21       		.byte	0x21
 3656 1ba1 6F090000 		.4byte	0x96f
 3657 1ba5 08       		.byte	0x8
 3658 1ba6 19       		.uleb128 0x19
 3659 1ba7 C0050000 		.4byte	.LASF362
 3660 1bab 22       		.byte	0x22
 3661 1bac B501     		.2byte	0x1b5
 3662 1bae 21       		.byte	0x21
 3663 1baf 6F090000 		.4byte	0x96f
 3664 1bb3 0A       		.byte	0xa
 3665 1bb4 21       		.uleb128 0x21
 3666 1bb5 65706300 		.ascii	"epc\000"
 3667 1bb9 22       		.byte	0x22
 3668 1bba B901     		.2byte	0x1b9
 3669 1bbc 22       		.byte	0x22
 3670 1bbd D2250000 		.4byte	0x25d2
 3671 1bc1 0C       		.byte	0xc
 3672 1bc2 19       		.uleb128 0x19
 3673 1bc3 CB120000 		.4byte	.LASF363
 3674 1bc7 22       		.byte	0x22
 3675 1bc8 C001     		.2byte	0x1c0
 3676 1bca 22       		.byte	0x22
 3677 1bcb E8250000 		.4byte	0x25e8
 3678 1bcf 1C       		.byte	0x1c
 3679 1bd0 19       		.uleb128 0x19
 3680 1bd1 45090000 		.4byte	.LASF364
 3681 1bd5 22       		.byte	0x22
 3682 1bd6 C701     		.2byte	0x1c7
 3683 1bd8 22       		.byte	0x22
 3684 1bd9 E8250000 		.4byte	0x25e8
 3685 1bdd 28       		.byte	0x28
 3686 1bde 19       		.uleb128 0x19
 3687 1bdf 05050000 		.4byte	.LASF365
 3688 1be3 22       		.byte	0x22
 3689 1be4 CB01     		.2byte	0x1cb
 3690 1be6 21       		.byte	0x21
 3691 1be7 0F1D0000 		.4byte	0x1d0f
 3692 1beb 34       		.byte	0x34
 3693 1bec 19       		.uleb128 0x19
 3694 1bed 700B0000 		.4byte	.LASF366
 3695 1bf1 22       		.byte	0x22
 3696 1bf2 CF01     		.2byte	0x1cf
 3697 1bf4 22       		.byte	0x22
 3698 1bf5 30120000 		.4byte	0x1230
 3699 1bf9 38       		.byte	0x38
 3700 1bfa 19       		.uleb128 0x19
 3701 1bfb A9050000 		.4byte	.LASF367
 3702 1bff 22       		.byte	0x22
 3703 1c00 D301     		.2byte	0x1d3
 3704 1c02 21       		.byte	0x21
 3705 1c03 24000000 		.4byte	0x24
ARM GAS  /tmp/cc0F93am.s 			page 66


 3706 1c07 3C       		.byte	0x3c
 3707 1c08 19       		.uleb128 0x19
 3708 1c09 0D170000 		.4byte	.LASF368
 3709 1c0d 22       		.byte	0x22
 3710 1c0e D701     		.2byte	0x1d7
 3711 1c10 21       		.byte	0x21
 3712 1c11 9C1D0000 		.4byte	0x1d9c
 3713 1c15 40       		.byte	0x40
 3714 1c16 19       		.uleb128 0x19
 3715 1c17 77070000 		.4byte	.LASF369
 3716 1c1b 22       		.byte	0x22
 3717 1c1c DB01     		.2byte	0x1db
 3718 1c1e 21       		.byte	0x21
 3719 1c1f F8250000 		.4byte	0x25f8
 3720 1c23 44       		.byte	0x44
 3721 1c24 19       		.uleb128 0x19
 3722 1c25 10150000 		.4byte	.LASF370
 3723 1c29 22       		.byte	0x22
 3724 1c2a DF01     		.2byte	0x1df
 3725 1c2c 21       		.byte	0x21
 3726 1c2d 6F090000 		.4byte	0x96f
 3727 1c31 4C       		.byte	0x4c
 3728 1c32 19       		.uleb128 0x19
 3729 1c33 F7080000 		.4byte	.LASF371
 3730 1c37 22       		.byte	0x22
 3731 1c38 E301     		.2byte	0x1e3
 3732 1c3a 21       		.byte	0x21
 3733 1c3b 5E090000 		.4byte	0x95e
 3734 1c3f 4E       		.byte	0x4e
 3735 1c40 19       		.uleb128 0x19
 3736 1c41 1E080000 		.4byte	.LASF372
 3737 1c45 22       		.byte	0x22
 3738 1c46 E701     		.2byte	0x1e7
 3739 1c48 21       		.byte	0x21
 3740 1c49 5E090000 		.4byte	0x95e
 3741 1c4d 4F       		.byte	0x4f
 3742 1c4e 19       		.uleb128 0x19
 3743 1c4f E1100000 		.4byte	.LASF373
 3744 1c53 22       		.byte	0x22
 3745 1c54 EB01     		.2byte	0x1eb
 3746 1c56 21       		.byte	0x21
 3747 1c57 C81C0000 		.4byte	0x1cc8
 3748 1c5b 50       		.byte	0x50
 3749 1c5c 21       		.uleb128 0x21
 3750 1c5d 6F746700 		.ascii	"otg\000"
 3751 1c61 22       		.byte	0x22
 3752 1c62 F301     		.2byte	0x1f3
 3753 1c64 22       		.byte	0x22
 3754 1c65 08260000 		.4byte	0x2608
 3755 1c69 54       		.byte	0x54
 3756 1c6a 19       		.uleb128 0x19
 3757 1c6b 590F0000 		.4byte	.LASF374
 3758 1c6f 22       		.byte	0x22
 3759 1c70 F701     		.2byte	0x1f7
 3760 1c72 22       		.byte	0x22
 3761 1c73 0E260000 		.4byte	0x260e
 3762 1c77 58       		.byte	0x58
ARM GAS  /tmp/cc0F93am.s 			page 67


 3763 1c78 19       		.uleb128 0x19
 3764 1c79 AF170000 		.4byte	.LASF375
 3765 1c7d 22       		.byte	0x22
 3766 1c7e FB01     		.2byte	0x1fb
 3767 1c80 21       		.byte	0x21
 3768 1c81 91090000 		.4byte	0x991
 3769 1c85 5C       		.byte	0x5c
 3770 1c86 00       		.byte	0
 3771 1c87 08       		.uleb128 0x8
 3772 1c88 4F160000 		.4byte	.LASF376
 3773 1c8c 21       		.byte	0x21
 3774 1c8d 0801     		.2byte	0x108
 3775 1c8f 11       		.byte	0x11
 3776 1c90 5E090000 		.4byte	0x95e
 3777 1c94 27       		.uleb128 0x27
 3778 1c95 07       		.byte	0x7
 3779 1c96 01       		.byte	0x1
 3780 1c97 5D000000 		.4byte	0x5d
 3781 1c9b 21       		.byte	0x21
 3782 1c9c 0D01     		.2byte	0x10d
 3783 1c9e 0E       		.byte	0xe
 3784 1c9f C81C0000 		.4byte	0x1cc8
 3785 1ca3 26       		.uleb128 0x26
 3786 1ca4 E20F0000 		.4byte	.LASF377
 3787 1ca8 00       		.byte	0
 3788 1ca9 26       		.uleb128 0x26
 3789 1caa 2E0E0000 		.4byte	.LASF378
 3790 1cae 01       		.byte	0x1
 3791 1caf 26       		.uleb128 0x26
 3792 1cb0 250B0000 		.4byte	.LASF379
 3793 1cb4 02       		.byte	0x2
 3794 1cb5 26       		.uleb128 0x26
 3795 1cb6 09080000 		.4byte	.LASF380
 3796 1cba 03       		.byte	0x3
 3797 1cbb 26       		.uleb128 0x26
 3798 1cbc A1090000 		.4byte	.LASF381
 3799 1cc0 04       		.byte	0x4
 3800 1cc1 26       		.uleb128 0x26
 3801 1cc2 D2030000 		.4byte	.LASF382
 3802 1cc6 05       		.byte	0x5
 3803 1cc7 00       		.byte	0
 3804 1cc8 08       		.uleb128 0x8
 3805 1cc9 490A0000 		.4byte	.LASF383
 3806 1ccd 21       		.byte	0x21
 3807 1cce 1401     		.2byte	0x114
 3808 1cd0 03       		.byte	0x3
 3809 1cd1 941C0000 		.4byte	0x1c94
 3810 1cd5 27       		.uleb128 0x27
 3811 1cd6 07       		.byte	0x7
 3812 1cd7 01       		.byte	0x1
 3813 1cd8 5D000000 		.4byte	0x5d
 3814 1cdc 21       		.byte	0x21
 3815 1cdd 2201     		.2byte	0x122
 3816 1cdf 0E       		.byte	0xe
 3817 1ce0 0F1D0000 		.4byte	0x1d0f
 3818 1ce4 26       		.uleb128 0x26
 3819 1ce5 64030000 		.4byte	.LASF384
ARM GAS  /tmp/cc0F93am.s 			page 68


 3820 1ce9 00       		.byte	0
 3821 1cea 26       		.uleb128 0x26
 3822 1ceb CF070000 		.4byte	.LASF385
 3823 1cef 09       		.byte	0x9
 3824 1cf0 26       		.uleb128 0x26
 3825 1cf1 60120000 		.4byte	.LASF386
 3826 1cf5 0A       		.byte	0xa
 3827 1cf6 26       		.uleb128 0x26
 3828 1cf7 15070000 		.4byte	.LASF387
 3829 1cfb 0B       		.byte	0xb
 3830 1cfc 26       		.uleb128 0x26
 3831 1cfd 660D0000 		.4byte	.LASF388
 3832 1d01 14       		.byte	0x14
 3833 1d02 26       		.uleb128 0x26
 3834 1d03 83140000 		.4byte	.LASF389
 3835 1d07 15       		.byte	0x15
 3836 1d08 26       		.uleb128 0x26
 3837 1d09 9E040000 		.4byte	.LASF390
 3838 1d0d 06       		.byte	0x6
 3839 1d0e 00       		.byte	0
 3840 1d0f 08       		.uleb128 0x8
 3841 1d10 58020000 		.4byte	.LASF391
 3842 1d14 21       		.byte	0x21
 3843 1d15 2A01     		.2byte	0x12a
 3844 1d17 03       		.byte	0x3
 3845 1d18 D51C0000 		.4byte	0x1cd5
 3846 1d1c 27       		.uleb128 0x27
 3847 1d1d 07       		.byte	0x7
 3848 1d1e 01       		.byte	0x1
 3849 1d1f 5D000000 		.4byte	0x5d
 3850 1d23 21       		.byte	0x21
 3851 1d24 2F01     		.2byte	0x12f
 3852 1d26 0E       		.byte	0xe
 3853 1d27 561D0000 		.4byte	0x1d56
 3854 1d2b 26       		.uleb128 0x26
 3855 1d2c 57130000 		.4byte	.LASF392
 3856 1d30 00       		.byte	0
 3857 1d31 26       		.uleb128 0x26
 3858 1d32 9A020000 		.4byte	.LASF393
 3859 1d36 01       		.byte	0x1
 3860 1d37 26       		.uleb128 0x26
 3861 1d38 09120000 		.4byte	.LASF394
 3862 1d3c 02       		.byte	0x2
 3863 1d3d 26       		.uleb128 0x26
 3864 1d3e BC0F0000 		.4byte	.LASF395
 3865 1d42 03       		.byte	0x3
 3866 1d43 26       		.uleb128 0x26
 3867 1d44 DC160000 		.4byte	.LASF396
 3868 1d48 04       		.byte	0x4
 3869 1d49 26       		.uleb128 0x26
 3870 1d4a D10A0000 		.4byte	.LASF397
 3871 1d4e 05       		.byte	0x5
 3872 1d4f 26       		.uleb128 0x26
 3873 1d50 4D040000 		.4byte	.LASF398
 3874 1d54 06       		.byte	0x6
 3875 1d55 00       		.byte	0
 3876 1d56 08       		.uleb128 0x8
ARM GAS  /tmp/cc0F93am.s 			page 69


 3877 1d57 AF070000 		.4byte	.LASF399
 3878 1d5b 21       		.byte	0x21
 3879 1d5c 3701     		.2byte	0x137
 3880 1d5e 03       		.byte	0x3
 3881 1d5f 1C1D0000 		.4byte	0x1d1c
 3882 1d63 1C       		.uleb128 0x1c
 3883 1d64 08       		.byte	0x8
 3884 1d65 21       		.byte	0x21
 3885 1d66 3C01     		.2byte	0x13c
 3886 1d68 09       		.byte	0x9
 3887 1d69 8A1D0000 		.4byte	0x1d8a
 3888 1d6d 19       		.uleb128 0x19
 3889 1d6e F0070000 		.4byte	.LASF400
 3890 1d72 21       		.byte	0x21
 3891 1d73 4001     		.2byte	0x140
 3892 1d75 21       		.byte	0x21
 3893 1d76 24000000 		.4byte	0x24
 3894 1d7a 00       		.byte	0
 3895 1d7b 19       		.uleb128 0x19
 3896 1d7c 1A060000 		.4byte	.LASF401
 3897 1d80 21       		.byte	0x21
 3898 1d81 4401     		.2byte	0x144
 3899 1d83 22       		.byte	0x22
 3900 1d84 A1150000 		.4byte	0x15a1
 3901 1d88 04       		.byte	0x4
 3902 1d89 00       		.byte	0
 3903 1d8a 08       		.uleb128 0x8
 3904 1d8b 61070000 		.4byte	.LASF402
 3905 1d8f 21       		.byte	0x21
 3906 1d90 4501     		.2byte	0x145
 3907 1d92 03       		.byte	0x3
 3908 1d93 631D0000 		.4byte	0x1d63
 3909 1d97 10       		.uleb128 0x10
 3910 1d98 8A1D0000 		.4byte	0x1d8a
 3911 1d9c 08       		.uleb128 0x8
 3912 1d9d 1A140000 		.4byte	.LASF403
 3913 1da1 21       		.byte	0x21
 3914 1da2 4D01     		.2byte	0x14d
 3915 1da4 10       		.byte	0x10
 3916 1da5 A91D0000 		.4byte	0x1da9
 3917 1da9 06       		.uleb128 0x6
 3918 1daa 04       		.byte	0x4
 3919 1dab AF1D0000 		.4byte	0x1daf
 3920 1daf 1F       		.uleb128 0x1f
 3921 1db0 BA1D0000 		.4byte	0x1dba
 3922 1db4 17       		.uleb128 0x17
 3923 1db5 BA1D0000 		.4byte	0x1dba
 3924 1db9 00       		.byte	0
 3925 1dba 06       		.uleb128 0x6
 3926 1dbb 04       		.byte	0x4
 3927 1dbc 611B0000 		.4byte	0x1b61
 3928 1dc0 08       		.uleb128 0x8
 3929 1dc1 C40B0000 		.4byte	.LASF404
 3930 1dc5 21       		.byte	0x21
 3931 1dc6 5601     		.2byte	0x156
 3932 1dc8 10       		.byte	0x10
 3933 1dc9 CD1D0000 		.4byte	0x1dcd
ARM GAS  /tmp/cc0F93am.s 			page 70


 3934 1dcd 06       		.uleb128 0x6
 3935 1dce 04       		.byte	0x4
 3936 1dcf D31D0000 		.4byte	0x1dd3
 3937 1dd3 1F       		.uleb128 0x1f
 3938 1dd4 E31D0000 		.4byte	0x1de3
 3939 1dd8 17       		.uleb128 0x17
 3940 1dd9 BA1D0000 		.4byte	0x1dba
 3941 1ddd 17       		.uleb128 0x17
 3942 1dde 871C0000 		.4byte	0x1c87
 3943 1de2 00       		.byte	0
 3944 1de3 08       		.uleb128 0x8
 3945 1de4 71060000 		.4byte	.LASF405
 3946 1de8 21       		.byte	0x21
 3947 1de9 5F01     		.2byte	0x15f
 3948 1deb 10       		.byte	0x10
 3949 1dec F01D0000 		.4byte	0x1df0
 3950 1df0 06       		.uleb128 0x6
 3951 1df1 04       		.byte	0x4
 3952 1df2 F61D0000 		.4byte	0x1df6
 3953 1df6 1F       		.uleb128 0x1f
 3954 1df7 061E0000 		.4byte	0x1e06
 3955 1dfb 17       		.uleb128 0x17
 3956 1dfc BA1D0000 		.4byte	0x1dba
 3957 1e00 17       		.uleb128 0x17
 3958 1e01 561D0000 		.4byte	0x1d56
 3959 1e05 00       		.byte	0
 3960 1e06 08       		.uleb128 0x8
 3961 1e07 EF130000 		.4byte	.LASF406
 3962 1e0b 21       		.byte	0x21
 3963 1e0c 6B01     		.2byte	0x16b
 3964 1e0e 10       		.byte	0x10
 3965 1e0f 131E0000 		.4byte	0x1e13
 3966 1e13 06       		.uleb128 0x6
 3967 1e14 04       		.byte	0x4
 3968 1e15 191E0000 		.4byte	0x1e19
 3969 1e19 16       		.uleb128 0x16
 3970 1e1a DF110000 		.4byte	0x11df
 3971 1e1e 281E0000 		.4byte	0x1e28
 3972 1e22 17       		.uleb128 0x17
 3973 1e23 BA1D0000 		.4byte	0x1dba
 3974 1e27 00       		.byte	0
 3975 1e28 08       		.uleb128 0x8
 3976 1e29 A1120000 		.4byte	.LASF407
 3977 1e2d 21       		.byte	0x21
 3978 1e2e 7001     		.2byte	0x170
 3979 1e30 21       		.byte	0x21
 3980 1e31 351E0000 		.4byte	0x1e35
 3981 1e35 06       		.uleb128 0x6
 3982 1e36 04       		.byte	0x4
 3983 1e37 3B1E0000 		.4byte	0x1e3b
 3984 1e3b 16       		.uleb128 0x16
 3985 1e3c 591E0000 		.4byte	0x1e59
 3986 1e40 591E0000 		.4byte	0x1e59
 3987 1e44 17       		.uleb128 0x17
 3988 1e45 BA1D0000 		.4byte	0x1dba
 3989 1e49 17       		.uleb128 0x17
 3990 1e4a 5E090000 		.4byte	0x95e
ARM GAS  /tmp/cc0F93am.s 			page 71


 3991 1e4e 17       		.uleb128 0x17
 3992 1e4f 5E090000 		.4byte	0x95e
 3993 1e53 17       		.uleb128 0x17
 3994 1e54 6F090000 		.4byte	0x96f
 3995 1e58 00       		.byte	0
 3996 1e59 06       		.uleb128 0x6
 3997 1e5a 04       		.byte	0x4
 3998 1e5b 971D0000 		.4byte	0x1d97
 3999 1e5f 0D       		.uleb128 0xd
 4000 1e60 20       		.byte	0x20
 4001 1e61 23       		.byte	0x23
 4002 1e62 29       		.byte	0x29
 4003 1e63 09       		.byte	0x9
 4004 1e64 D11E0000 		.4byte	0x1ed1
 4005 1e68 0E       		.uleb128 0xe
 4006 1e69 54050000 		.4byte	.LASF408
 4007 1e6d 23       		.byte	0x23
 4008 1e6e 2A       		.byte	0x2a
 4009 1e6f 15       		.byte	0x15
 4010 1e70 9D090000 		.4byte	0x99d
 4011 1e74 00       		.byte	0
 4012 1e75 0E       		.uleb128 0xe
 4013 1e76 E8000000 		.4byte	.LASF409
 4014 1e7a 23       		.byte	0x23
 4015 1e7b 2C       		.byte	0x2c
 4016 1e7c 15       		.byte	0x15
 4017 1e7d 9D090000 		.4byte	0x99d
 4018 1e81 04       		.byte	0x4
 4019 1e82 0E       		.uleb128 0xe
 4020 1e83 B20C0000 		.4byte	.LASF410
 4021 1e87 23       		.byte	0x23
 4022 1e88 2D       		.byte	0x2d
 4023 1e89 15       		.byte	0x15
 4024 1e8a 9D090000 		.4byte	0x99d
 4025 1e8e 08       		.byte	0x8
 4026 1e8f 0E       		.uleb128 0xe
 4027 1e90 FF080000 		.4byte	.LASF411
 4028 1e94 23       		.byte	0x23
 4029 1e95 2E       		.byte	0x2e
 4030 1e96 15       		.byte	0x15
 4031 1e97 9D090000 		.4byte	0x99d
 4032 1e9b 0C       		.byte	0xc
 4033 1e9c 0E       		.uleb128 0xe
 4034 1e9d CA060000 		.4byte	.LASF412
 4035 1ea1 23       		.byte	0x23
 4036 1ea2 30       		.byte	0x30
 4037 1ea3 15       		.byte	0x15
 4038 1ea4 9D090000 		.4byte	0x99d
 4039 1ea8 10       		.byte	0x10
 4040 1ea9 0E       		.uleb128 0xe
 4041 1eaa B50E0000 		.4byte	.LASF413
 4042 1eae 23       		.byte	0x23
 4043 1eaf 32       		.byte	0x32
 4044 1eb0 15       		.byte	0x15
 4045 1eb1 9D090000 		.4byte	0x99d
 4046 1eb5 14       		.byte	0x14
 4047 1eb6 0E       		.uleb128 0xe
ARM GAS  /tmp/cc0F93am.s 			page 72


 4048 1eb7 7E130000 		.4byte	.LASF414
 4049 1ebb 23       		.byte	0x23
 4050 1ebc 33       		.byte	0x33
 4051 1ebd 15       		.byte	0x15
 4052 1ebe 9D090000 		.4byte	0x99d
 4053 1ec2 18       		.byte	0x18
 4054 1ec3 0E       		.uleb128 0xe
 4055 1ec4 AA010000 		.4byte	.LASF415
 4056 1ec8 23       		.byte	0x23
 4057 1ec9 34       		.byte	0x34
 4058 1eca 15       		.byte	0x15
 4059 1ecb 9D090000 		.4byte	0x99d
 4060 1ecf 1C       		.byte	0x1c
 4061 1ed0 00       		.byte	0
 4062 1ed1 03       		.uleb128 0x3
 4063 1ed2 8F060000 		.4byte	.LASF416
 4064 1ed6 23       		.byte	0x23
 4065 1ed7 35       		.byte	0x35
 4066 1ed8 03       		.byte	0x3
 4067 1ed9 5F1E0000 		.4byte	0x1e5f
 4068 1edd 0D       		.uleb128 0xd
 4069 1ede 20       		.byte	0x20
 4070 1edf 23       		.byte	0x23
 4071 1ee0 3A       		.byte	0x3a
 4072 1ee1 09       		.byte	0x9
 4073 1ee2 4F1F0000 		.4byte	0x1f4f
 4074 1ee6 0E       		.uleb128 0xe
 4075 1ee7 FF130000 		.4byte	.LASF417
 4076 1eeb 23       		.byte	0x23
 4077 1eec 3B       		.byte	0x3b
 4078 1eed 15       		.byte	0x15
 4079 1eee 9D090000 		.4byte	0x99d
 4080 1ef2 00       		.byte	0
 4081 1ef3 0E       		.uleb128 0xe
 4082 1ef4 61010000 		.4byte	.LASF418
 4083 1ef8 23       		.byte	0x23
 4084 1ef9 3D       		.byte	0x3d
 4085 1efa 15       		.byte	0x15
 4086 1efb 9D090000 		.4byte	0x99d
 4087 1eff 04       		.byte	0x4
 4088 1f00 0E       		.uleb128 0xe
 4089 1f01 72140000 		.4byte	.LASF419
 4090 1f05 23       		.byte	0x23
 4091 1f06 3E       		.byte	0x3e
 4092 1f07 15       		.byte	0x15
 4093 1f08 9D090000 		.4byte	0x99d
 4094 1f0c 08       		.byte	0x8
 4095 1f0d 0E       		.uleb128 0xe
 4096 1f0e 07010000 		.4byte	.LASF420
 4097 1f12 23       		.byte	0x23
 4098 1f13 40       		.byte	0x40
 4099 1f14 15       		.byte	0x15
 4100 1f15 9D090000 		.4byte	0x99d
 4101 1f19 0C       		.byte	0xc
 4102 1f1a 0E       		.uleb128 0xe
 4103 1f1b 27050000 		.4byte	.LASF421
 4104 1f1f 23       		.byte	0x23
ARM GAS  /tmp/cc0F93am.s 			page 73


 4105 1f20 41       		.byte	0x41
 4106 1f21 15       		.byte	0x15
 4107 1f22 9D090000 		.4byte	0x99d
 4108 1f26 10       		.byte	0x10
 4109 1f27 0E       		.uleb128 0xe
 4110 1f28 B50E0000 		.4byte	.LASF413
 4111 1f2c 23       		.byte	0x23
 4112 1f2d 43       		.byte	0x43
 4113 1f2e 15       		.byte	0x15
 4114 1f2f 9D090000 		.4byte	0x99d
 4115 1f33 14       		.byte	0x14
 4116 1f34 0E       		.uleb128 0xe
 4117 1f35 86130000 		.4byte	.LASF422
 4118 1f39 23       		.byte	0x23
 4119 1f3a 44       		.byte	0x44
 4120 1f3b 15       		.byte	0x15
 4121 1f3c 9D090000 		.4byte	0x99d
 4122 1f40 18       		.byte	0x18
 4123 1f41 0E       		.uleb128 0xe
 4124 1f42 8E130000 		.4byte	.LASF423
 4125 1f46 23       		.byte	0x23
 4126 1f47 46       		.byte	0x46
 4127 1f48 15       		.byte	0x15
 4128 1f49 9D090000 		.4byte	0x99d
 4129 1f4d 1C       		.byte	0x1c
 4130 1f4e 00       		.byte	0
 4131 1f4f 03       		.uleb128 0x3
 4132 1f50 8B110000 		.4byte	.LASF424
 4133 1f54 23       		.byte	0x23
 4134 1f55 47       		.byte	0x47
 4135 1f56 03       		.byte	0x3
 4136 1f57 DD1E0000 		.4byte	0x1edd
 4137 1f5b 0D       		.uleb128 0xd
 4138 1f5c 20       		.byte	0x20
 4139 1f5d 23       		.byte	0x23
 4140 1f5e 4C       		.byte	0x4c
 4141 1f5f 09       		.byte	0x9
 4142 1f60 CD1F0000 		.4byte	0x1fcd
 4143 1f64 0E       		.uleb128 0xe
 4144 1f65 00040000 		.4byte	.LASF425
 4145 1f69 23       		.byte	0x23
 4146 1f6a 4D       		.byte	0x4d
 4147 1f6b 15       		.byte	0x15
 4148 1f6c 9D090000 		.4byte	0x99d
 4149 1f70 00       		.byte	0
 4150 1f71 0E       		.uleb128 0xe
 4151 1f72 61010000 		.4byte	.LASF418
 4152 1f76 23       		.byte	0x23
 4153 1f77 4F       		.byte	0x4f
 4154 1f78 15       		.byte	0x15
 4155 1f79 9D090000 		.4byte	0x99d
 4156 1f7d 04       		.byte	0x4
 4157 1f7e 0E       		.uleb128 0xe
 4158 1f7f 65040000 		.4byte	.LASF426
 4159 1f83 23       		.byte	0x23
 4160 1f84 50       		.byte	0x50
 4161 1f85 15       		.byte	0x15
ARM GAS  /tmp/cc0F93am.s 			page 74


 4162 1f86 9D090000 		.4byte	0x99d
 4163 1f8a 08       		.byte	0x8
 4164 1f8b 0E       		.uleb128 0xe
 4165 1f8c 07010000 		.4byte	.LASF420
 4166 1f90 23       		.byte	0x23
 4167 1f91 52       		.byte	0x52
 4168 1f92 15       		.byte	0x15
 4169 1f93 9D090000 		.4byte	0x99d
 4170 1f97 0C       		.byte	0xc
 4171 1f98 0E       		.uleb128 0xe
 4172 1f99 4E0C0000 		.4byte	.LASF427
 4173 1f9d 23       		.byte	0x23
 4174 1f9e 53       		.byte	0x53
 4175 1f9f 15       		.byte	0x15
 4176 1fa0 9D090000 		.4byte	0x99d
 4177 1fa4 10       		.byte	0x10
 4178 1fa5 0E       		.uleb128 0xe
 4179 1fa6 B50E0000 		.4byte	.LASF413
 4180 1faa 23       		.byte	0x23
 4181 1fab 55       		.byte	0x55
 4182 1fac 15       		.byte	0x15
 4183 1fad 9D090000 		.4byte	0x99d
 4184 1fb1 14       		.byte	0x14
 4185 1fb2 0E       		.uleb128 0xe
 4186 1fb3 7E130000 		.4byte	.LASF414
 4187 1fb7 23       		.byte	0x23
 4188 1fb8 56       		.byte	0x56
 4189 1fb9 15       		.byte	0x15
 4190 1fba 9D090000 		.4byte	0x99d
 4191 1fbe 18       		.byte	0x18
 4192 1fbf 0E       		.uleb128 0xe
 4193 1fc0 8E130000 		.4byte	.LASF423
 4194 1fc4 23       		.byte	0x23
 4195 1fc5 57       		.byte	0x57
 4196 1fc6 15       		.byte	0x15
 4197 1fc7 9D090000 		.4byte	0x99d
 4198 1fcb 1C       		.byte	0x1c
 4199 1fcc 00       		.byte	0
 4200 1fcd 03       		.uleb128 0x3
 4201 1fce 72050000 		.4byte	.LASF428
 4202 1fd2 23       		.byte	0x23
 4203 1fd3 58       		.byte	0x58
 4204 1fd4 03       		.byte	0x3
 4205 1fd5 5B1F0000 		.4byte	0x1f5b
 4206 1fd9 28       		.uleb128 0x28
 4207 1fda 00100100 		.4byte	0x11000
 4208 1fde 23       		.byte	0x23
 4209 1fdf 5D       		.byte	0x5d
 4210 1fe0 09       		.byte	0x9
 4211 1fe1 F0220000 		.4byte	0x22f0
 4212 1fe5 0E       		.uleb128 0xe
 4213 1fe6 9B0A0000 		.4byte	.LASF429
 4214 1fea 23       		.byte	0x23
 4215 1feb 5E       		.byte	0x5e
 4216 1fec 15       		.byte	0x15
 4217 1fed 9D090000 		.4byte	0x99d
 4218 1ff1 00       		.byte	0
ARM GAS  /tmp/cc0F93am.s 			page 75


 4219 1ff2 0E       		.uleb128 0xe
 4220 1ff3 070B0000 		.4byte	.LASF430
 4221 1ff7 23       		.byte	0x23
 4222 1ff8 5F       		.byte	0x5f
 4223 1ff9 15       		.byte	0x15
 4224 1ffa 9D090000 		.4byte	0x99d
 4225 1ffe 04       		.byte	0x4
 4226 1fff 0E       		.uleb128 0xe
 4227 2000 3D090000 		.4byte	.LASF431
 4228 2004 23       		.byte	0x23
 4229 2005 60       		.byte	0x60
 4230 2006 15       		.byte	0x15
 4231 2007 9D090000 		.4byte	0x99d
 4232 200b 08       		.byte	0x8
 4233 200c 0E       		.uleb128 0xe
 4234 200d D4080000 		.4byte	.LASF432
 4235 2011 23       		.byte	0x23
 4236 2012 61       		.byte	0x61
 4237 2013 15       		.byte	0x15
 4238 2014 9D090000 		.4byte	0x99d
 4239 2018 0C       		.byte	0xc
 4240 2019 0E       		.uleb128 0xe
 4241 201a 28140000 		.4byte	.LASF433
 4242 201e 23       		.byte	0x23
 4243 201f 62       		.byte	0x62
 4244 2020 15       		.byte	0x15
 4245 2021 9D090000 		.4byte	0x99d
 4246 2025 10       		.byte	0x10
 4247 2026 0E       		.uleb128 0xe
 4248 2027 30140000 		.4byte	.LASF434
 4249 202b 23       		.byte	0x23
 4250 202c 63       		.byte	0x63
 4251 202d 15       		.byte	0x15
 4252 202e 9D090000 		.4byte	0x99d
 4253 2032 14       		.byte	0x14
 4254 2033 0E       		.uleb128 0xe
 4255 2034 4D0E0000 		.4byte	.LASF435
 4256 2038 23       		.byte	0x23
 4257 2039 64       		.byte	0x64
 4258 203a 15       		.byte	0x15
 4259 203b 9D090000 		.4byte	0x99d
 4260 203f 18       		.byte	0x18
 4261 2040 0E       		.uleb128 0xe
 4262 2041 C90A0000 		.4byte	.LASF436
 4263 2045 23       		.byte	0x23
 4264 2046 65       		.byte	0x65
 4265 2047 15       		.byte	0x15
 4266 2048 9D090000 		.4byte	0x99d
 4267 204c 1C       		.byte	0x1c
 4268 204d 0E       		.uleb128 0xe
 4269 204e 2F0B0000 		.4byte	.LASF437
 4270 2052 23       		.byte	0x23
 4271 2053 67       		.byte	0x67
 4272 2054 15       		.byte	0x15
 4273 2055 9D090000 		.4byte	0x99d
 4274 2059 20       		.byte	0x20
 4275 205a 0E       		.uleb128 0xe
ARM GAS  /tmp/cc0F93am.s 			page 76


 4276 205b 31080000 		.4byte	.LASF438
 4277 205f 23       		.byte	0x23
 4278 2060 69       		.byte	0x69
 4279 2061 15       		.byte	0x15
 4280 2062 9D090000 		.4byte	0x99d
 4281 2066 24       		.byte	0x24
 4282 2067 0E       		.uleb128 0xe
 4283 2068 AC020000 		.4byte	.LASF439
 4284 206c 23       		.byte	0x23
 4285 206d 6A       		.byte	0x6a
 4286 206e 15       		.byte	0x15
 4287 206f 9D090000 		.4byte	0x99d
 4288 2073 28       		.byte	0x28
 4289 2074 0E       		.uleb128 0xe
 4290 2075 7A140000 		.4byte	.LASF440
 4291 2079 23       		.byte	0x23
 4292 207a 6C       		.byte	0x6c
 4293 207b 15       		.byte	0x15
 4294 207c 9D090000 		.4byte	0x99d
 4295 2080 2C       		.byte	0x2c
 4296 2081 0E       		.uleb128 0xe
 4297 2082 FE150000 		.4byte	.LASF441
 4298 2086 23       		.byte	0x23
 4299 2087 6E       		.byte	0x6e
 4300 2088 15       		.byte	0x15
 4301 2089 9D090000 		.4byte	0x99d
 4302 208d 30       		.byte	0x30
 4303 208e 0E       		.uleb128 0xe
 4304 208f 10160000 		.4byte	.LASF442
 4305 2093 23       		.byte	0x23
 4306 2094 6F       		.byte	0x6f
 4307 2095 15       		.byte	0x15
 4308 2096 9D090000 		.4byte	0x99d
 4309 209a 34       		.byte	0x34
 4310 209b 0E       		.uleb128 0xe
 4311 209c E4060000 		.4byte	.LASF443
 4312 20a0 23       		.byte	0x23
 4313 20a1 70       		.byte	0x70
 4314 20a2 15       		.byte	0x15
 4315 20a3 9D090000 		.4byte	0x99d
 4316 20a7 38       		.byte	0x38
 4317 20a8 12       		.uleb128 0x12
 4318 20a9 43494400 		.ascii	"CID\000"
 4319 20ad 23       		.byte	0x23
 4320 20ae 71       		.byte	0x71
 4321 20af 15       		.byte	0x15
 4322 20b0 9D090000 		.4byte	0x99d
 4323 20b4 3C       		.byte	0x3c
 4324 20b5 0E       		.uleb128 0xe
 4325 20b6 46170000 		.4byte	.LASF444
 4326 20ba 23       		.byte	0x23
 4327 20bb 72       		.byte	0x72
 4328 20bc 15       		.byte	0x15
 4329 20bd 00230000 		.4byte	0x2300
 4330 20c1 40       		.byte	0x40
 4331 20c2 14       		.uleb128 0x14
 4332 20c3 51100000 		.4byte	.LASF445
ARM GAS  /tmp/cc0F93am.s 			page 77


 4333 20c7 23       		.byte	0x23
 4334 20c8 73       		.byte	0x73
 4335 20c9 15       		.byte	0x15
 4336 20ca 9D090000 		.4byte	0x99d
 4337 20ce 0001     		.2byte	0x100
 4338 20d0 14       		.uleb128 0x14
 4339 20d1 61080000 		.4byte	.LASF446
 4340 20d5 23       		.byte	0x23
 4341 20d6 75       		.byte	0x75
 4342 20d7 15       		.byte	0x15
 4343 20d8 C60E0000 		.4byte	0xec6
 4344 20dc 0401     		.2byte	0x104
 4345 20de 14       		.uleb128 0x14
 4346 20df EA170000 		.4byte	.LASF447
 4347 20e3 23       		.byte	0x23
 4348 20e4 77       		.byte	0x77
 4349 20e5 15       		.byte	0x15
 4350 20e6 15230000 		.4byte	0x2315
 4351 20ea 4001     		.2byte	0x140
 4352 20ec 14       		.uleb128 0x14
 4353 20ed 4F050000 		.4byte	.LASF448
 4354 20f1 23       		.byte	0x23
 4355 20f2 78       		.byte	0x78
 4356 20f3 15       		.byte	0x15
 4357 20f4 9D090000 		.4byte	0x99d
 4358 20f8 0004     		.2byte	0x400
 4359 20fa 14       		.uleb128 0x14
 4360 20fb 5C010000 		.4byte	.LASF449
 4361 20ff 23       		.byte	0x23
 4362 2100 79       		.byte	0x79
 4363 2101 15       		.byte	0x15
 4364 2102 9D090000 		.4byte	0x99d
 4365 2106 0404     		.2byte	0x404
 4366 2108 14       		.uleb128 0x14
 4367 2109 65060000 		.4byte	.LASF450
 4368 210d 23       		.byte	0x23
 4369 210e 7A       		.byte	0x7a
 4370 210f 15       		.byte	0x15
 4371 2110 9D090000 		.4byte	0x99d
 4372 2114 0804     		.2byte	0x408
 4373 2116 14       		.uleb128 0x14
 4374 2117 880A0000 		.4byte	.LASF451
 4375 211b 23       		.byte	0x23
 4376 211c 7C       		.byte	0x7c
 4377 211d 15       		.byte	0x15
 4378 211e 9D090000 		.4byte	0x99d
 4379 2122 0C04     		.2byte	0x40c
 4380 2124 14       		.uleb128 0x14
 4381 2125 73080000 		.4byte	.LASF452
 4382 2129 23       		.byte	0x23
 4383 212a 7D       		.byte	0x7d
 4384 212b 15       		.byte	0x15
 4385 212c 9D090000 		.4byte	0x99d
 4386 2130 1004     		.2byte	0x410
 4387 2132 14       		.uleb128 0x14
 4388 2133 79040000 		.4byte	.LASF453
 4389 2137 23       		.byte	0x23
ARM GAS  /tmp/cc0F93am.s 			page 78


 4390 2138 7F       		.byte	0x7f
 4391 2139 15       		.byte	0x15
 4392 213a 9D090000 		.4byte	0x99d
 4393 213e 1404     		.2byte	0x414
 4394 2140 14       		.uleb128 0x14
 4395 2141 000E0000 		.4byte	.LASF454
 4396 2145 23       		.byte	0x23
 4397 2146 81       		.byte	0x81
 4398 2147 15       		.byte	0x15
 4399 2148 9D090000 		.4byte	0x99d
 4400 214c 1804     		.2byte	0x418
 4401 214e 14       		.uleb128 0x14
 4402 214f 4C0B0000 		.4byte	.LASF455
 4403 2153 23       		.byte	0x23
 4404 2154 83       		.byte	0x83
 4405 2155 15       		.byte	0x15
 4406 2156 2A230000 		.4byte	0x232a
 4407 215a 1C04     		.2byte	0x41c
 4408 215c 14       		.uleb128 0x14
 4409 215d 9C100000 		.4byte	.LASF456
 4410 2161 23       		.byte	0x23
 4411 2162 84       		.byte	0x84
 4412 2163 15       		.byte	0x15
 4413 2164 9D090000 		.4byte	0x99d
 4414 2168 4004     		.2byte	0x440
 4415 216a 14       		.uleb128 0x14
 4416 216b 7D170000 		.4byte	.LASF457
 4417 216f 23       		.byte	0x23
 4418 2170 86       		.byte	0x86
 4419 2171 15       		.byte	0x15
 4420 2172 3F230000 		.4byte	0x233f
 4421 2176 4404     		.2byte	0x444
 4422 2178 29       		.uleb128 0x29
 4423 2179 686300   		.ascii	"hc\000"
 4424 217c 23       		.byte	0x23
 4425 217d 87       		.byte	0x87
 4426 217e 18       		.byte	0x18
 4427 217f 44230000 		.4byte	0x2344
 4428 2183 0005     		.2byte	0x500
 4429 2185 14       		.uleb128 0x14
 4430 2186 8C010000 		.4byte	.LASF458
 4431 218a 23       		.byte	0x23
 4432 218b 88       		.byte	0x88
 4433 218c 15       		.byte	0x15
 4434 218d 64230000 		.4byte	0x2364
 4435 2191 0007     		.2byte	0x700
 4436 2193 14       		.uleb128 0x14
 4437 2194 E6040000 		.4byte	.LASF459
 4438 2198 23       		.byte	0x23
 4439 2199 89       		.byte	0x89
 4440 219a 15       		.byte	0x15
 4441 219b 9D090000 		.4byte	0x99d
 4442 219f 0008     		.2byte	0x800
 4443 21a1 14       		.uleb128 0x14
 4444 21a2 9A030000 		.4byte	.LASF460
 4445 21a6 23       		.byte	0x23
 4446 21a7 8A       		.byte	0x8a
ARM GAS  /tmp/cc0F93am.s 			page 79


 4447 21a8 15       		.byte	0x15
 4448 21a9 9D090000 		.4byte	0x99d
 4449 21ad 0408     		.2byte	0x804
 4450 21af 14       		.uleb128 0x14
 4451 21b0 98160000 		.4byte	.LASF461
 4452 21b4 23       		.byte	0x23
 4453 21b5 8B       		.byte	0x8b
 4454 21b6 15       		.byte	0x15
 4455 21b7 9D090000 		.4byte	0x99d
 4456 21bb 0808     		.2byte	0x808
 4457 21bd 14       		.uleb128 0x14
 4458 21be AE050000 		.4byte	.LASF462
 4459 21c2 23       		.byte	0x23
 4460 21c3 8C       		.byte	0x8c
 4461 21c4 15       		.byte	0x15
 4462 21c5 9D090000 		.4byte	0x99d
 4463 21c9 0C08     		.2byte	0x80c
 4464 21cb 14       		.uleb128 0x14
 4465 21cc 47050000 		.4byte	.LASF463
 4466 21d0 23       		.byte	0x23
 4467 21d1 8D       		.byte	0x8d
 4468 21d2 15       		.byte	0x15
 4469 21d3 9D090000 		.4byte	0x99d
 4470 21d7 1008     		.2byte	0x810
 4471 21d9 14       		.uleb128 0x14
 4472 21da AB030000 		.4byte	.LASF464
 4473 21de 23       		.byte	0x23
 4474 21df 8F       		.byte	0x8f
 4475 21e0 15       		.byte	0x15
 4476 21e1 9D090000 		.4byte	0x99d
 4477 21e5 1408     		.2byte	0x814
 4478 21e7 14       		.uleb128 0x14
 4479 21e8 A5030000 		.4byte	.LASF465
 4480 21ec 23       		.byte	0x23
 4481 21ed 91       		.byte	0x91
 4482 21ee 15       		.byte	0x15
 4483 21ef 9D090000 		.4byte	0x99d
 4484 21f3 1808     		.2byte	0x818
 4485 21f5 14       		.uleb128 0x14
 4486 21f6 61110000 		.4byte	.LASF466
 4487 21fa 23       		.byte	0x23
 4488 21fb 93       		.byte	0x93
 4489 21fc 15       		.byte	0x15
 4490 21fd 9D090000 		.4byte	0x99d
 4491 2201 1C08     		.2byte	0x81c
 4492 2203 14       		.uleb128 0x14
 4493 2204 A10C0000 		.4byte	.LASF467
 4494 2208 23       		.byte	0x23
 4495 2209 95       		.byte	0x95
 4496 220a 15       		.byte	0x15
 4497 220b 9D090000 		.4byte	0x99d
 4498 220f 2008     		.2byte	0x820
 4499 2211 14       		.uleb128 0x14
 4500 2212 EA060000 		.4byte	.LASF468
 4501 2216 23       		.byte	0x23
 4502 2217 96       		.byte	0x96
 4503 2218 15       		.byte	0x15
ARM GAS  /tmp/cc0F93am.s 			page 80


 4504 2219 9D090000 		.4byte	0x99d
 4505 221d 2408     		.2byte	0x824
 4506 221f 14       		.uleb128 0x14
 4507 2220 82110000 		.4byte	.LASF469
 4508 2224 23       		.byte	0x23
 4509 2225 97       		.byte	0x97
 4510 2226 15       		.byte	0x15
 4511 2227 9D090000 		.4byte	0x99d
 4512 222b 2808     		.2byte	0x828
 4513 222d 14       		.uleb128 0x14
 4514 222e 0A070000 		.4byte	.LASF470
 4515 2232 23       		.byte	0x23
 4516 2233 99       		.byte	0x99
 4517 2234 15       		.byte	0x15
 4518 2235 9D090000 		.4byte	0x99d
 4519 2239 2C08     		.2byte	0x82c
 4520 223b 14       		.uleb128 0x14
 4521 223c B30F0000 		.4byte	.LASF471
 4522 2240 23       		.byte	0x23
 4523 2241 9B       		.byte	0x9b
 4524 2242 15       		.byte	0x15
 4525 2243 9D090000 		.4byte	0x99d
 4526 2247 3008     		.2byte	0x830
 4527 2249 14       		.uleb128 0x14
 4528 224a 56070000 		.4byte	.LASF472
 4529 224e 23       		.byte	0x23
 4530 224f 9C       		.byte	0x9c
 4531 2250 15       		.byte	0x15
 4532 2251 9D090000 		.4byte	0x99d
 4533 2255 3408     		.2byte	0x834
 4534 2257 14       		.uleb128 0x14
 4535 2258 BB0B0000 		.4byte	.LASF473
 4536 225c 23       		.byte	0x23
 4537 225d 9E       		.byte	0x9e
 4538 225e 15       		.byte	0x15
 4539 225f 9D090000 		.4byte	0x99d
 4540 2263 3808     		.2byte	0x838
 4541 2265 14       		.uleb128 0x14
 4542 2266 60100000 		.4byte	.LASF474
 4543 226a 23       		.byte	0x23
 4544 226b 9F       		.byte	0x9f
 4545 226c 15       		.byte	0x15
 4546 226d 9D090000 		.4byte	0x99d
 4547 2271 3C08     		.2byte	0x83c
 4548 2273 14       		.uleb128 0x14
 4549 2274 3F080000 		.4byte	.LASF475
 4550 2278 23       		.byte	0x23
 4551 2279 A0       		.byte	0xa0
 4552 227a 15       		.byte	0x15
 4553 227b 79230000 		.4byte	0x2379
 4554 227f 4008     		.2byte	0x840
 4555 2281 14       		.uleb128 0x14
 4556 2282 EA0B0000 		.4byte	.LASF476
 4557 2286 23       		.byte	0x23
 4558 2287 A1       		.byte	0xa1
 4559 2288 15       		.byte	0x15
 4560 2289 79230000 		.4byte	0x2379
ARM GAS  /tmp/cc0F93am.s 			page 81


 4561 228d 8008     		.2byte	0x880
 4562 228f 14       		.uleb128 0x14
 4563 2290 5F160000 		.4byte	.LASF477
 4564 2294 23       		.byte	0x23
 4565 2295 A2       		.byte	0xa2
 4566 2296 15       		.byte	0x15
 4567 2297 79230000 		.4byte	0x2379
 4568 229b C008     		.2byte	0x8c0
 4569 229d 29       		.uleb128 0x29
 4570 229e 696500   		.ascii	"ie\000"
 4571 22a1 23       		.byte	0x23
 4572 22a2 A3       		.byte	0xa3
 4573 22a3 15       		.byte	0x15
 4574 22a4 7E230000 		.4byte	0x237e
 4575 22a8 0009     		.2byte	0x900
 4576 22aa 29       		.uleb128 0x29
 4577 22ab 6F6500   		.ascii	"oe\000"
 4578 22ae 23       		.byte	0x23
 4579 22af A4       		.byte	0xa4
 4580 22b0 16       		.byte	0x16
 4581 22b1 8E230000 		.4byte	0x238e
 4582 22b5 000B     		.2byte	0xb00
 4583 22b7 14       		.uleb128 0x14
 4584 22b8 31100000 		.4byte	.LASF478
 4585 22bc 23       		.byte	0x23
 4586 22bd A5       		.byte	0xa5
 4587 22be 15       		.byte	0x15
 4588 22bf 64230000 		.4byte	0x2364
 4589 22c3 000D     		.2byte	0xd00
 4590 22c5 14       		.uleb128 0x14
 4591 22c6 9D080000 		.4byte	.LASF479
 4592 22ca 23       		.byte	0x23
 4593 22cb A6       		.byte	0xa6
 4594 22cc 15       		.byte	0x15
 4595 22cd 9D090000 		.4byte	0x99d
 4596 22d1 000E     		.2byte	0xe00
 4597 22d3 14       		.uleb128 0x14
 4598 22d4 A20D0000 		.4byte	.LASF480
 4599 22d8 23       		.byte	0x23
 4600 22d9 A8       		.byte	0xa8
 4601 22da 15       		.byte	0x15
 4602 22db AE230000 		.4byte	0x23ae
 4603 22df 040E     		.2byte	0xe04
 4604 22e1 14       		.uleb128 0x14
 4605 22e2 72010000 		.4byte	.LASF481
 4606 22e6 23       		.byte	0x23
 4607 22e7 A9       		.byte	0xa9
 4608 22e8 15       		.byte	0x15
 4609 22e9 CA230000 		.4byte	0x23ca
 4610 22ed 0010     		.2byte	0x1000
 4611 22ef 00       		.byte	0
 4612 22f0 0B       		.uleb128 0xb
 4613 22f1 9D090000 		.4byte	0x99d
 4614 22f5 00230000 		.4byte	0x2300
 4615 22f9 0C       		.uleb128 0xc
 4616 22fa 35000000 		.4byte	0x35
 4617 22fe 2F       		.byte	0x2f
ARM GAS  /tmp/cc0F93am.s 			page 82


 4618 22ff 00       		.byte	0
 4619 2300 04       		.uleb128 0x4
 4620 2301 F0220000 		.4byte	0x22f0
 4621 2305 0B       		.uleb128 0xb
 4622 2306 9D090000 		.4byte	0x99d
 4623 230a 15230000 		.4byte	0x2315
 4624 230e 0C       		.uleb128 0xc
 4625 230f 35000000 		.4byte	0x35
 4626 2313 AF       		.byte	0xaf
 4627 2314 00       		.byte	0
 4628 2315 04       		.uleb128 0x4
 4629 2316 05230000 		.4byte	0x2305
 4630 231a 0B       		.uleb128 0xb
 4631 231b 9D090000 		.4byte	0x99d
 4632 231f 2A230000 		.4byte	0x232a
 4633 2323 0C       		.uleb128 0xc
 4634 2324 35000000 		.4byte	0x35
 4635 2328 08       		.byte	0x8
 4636 2329 00       		.byte	0
 4637 232a 04       		.uleb128 0x4
 4638 232b 1A230000 		.4byte	0x231a
 4639 232f 0B       		.uleb128 0xb
 4640 2330 9D090000 		.4byte	0x99d
 4641 2334 3F230000 		.4byte	0x233f
 4642 2338 0C       		.uleb128 0xc
 4643 2339 35000000 		.4byte	0x35
 4644 233d 2E       		.byte	0x2e
 4645 233e 00       		.byte	0
 4646 233f 04       		.uleb128 0x4
 4647 2340 2F230000 		.4byte	0x232f
 4648 2344 0B       		.uleb128 0xb
 4649 2345 D11E0000 		.4byte	0x1ed1
 4650 2349 54230000 		.4byte	0x2354
 4651 234d 0C       		.uleb128 0xc
 4652 234e 35000000 		.4byte	0x35
 4653 2352 0F       		.byte	0xf
 4654 2353 00       		.byte	0
 4655 2354 0B       		.uleb128 0xb
 4656 2355 9D090000 		.4byte	0x99d
 4657 2359 64230000 		.4byte	0x2364
 4658 235d 0C       		.uleb128 0xc
 4659 235e 35000000 		.4byte	0x35
 4660 2362 3F       		.byte	0x3f
 4661 2363 00       		.byte	0
 4662 2364 04       		.uleb128 0x4
 4663 2365 54230000 		.4byte	0x2354
 4664 2369 0B       		.uleb128 0xb
 4665 236a 9D090000 		.4byte	0x99d
 4666 236e 79230000 		.4byte	0x2379
 4667 2372 0C       		.uleb128 0xc
 4668 2373 35000000 		.4byte	0x35
 4669 2377 0F       		.byte	0xf
 4670 2378 00       		.byte	0
 4671 2379 04       		.uleb128 0x4
 4672 237a 69230000 		.4byte	0x2369
 4673 237e 0B       		.uleb128 0xb
 4674 237f 4F1F0000 		.4byte	0x1f4f
ARM GAS  /tmp/cc0F93am.s 			page 83


 4675 2383 8E230000 		.4byte	0x238e
 4676 2387 0C       		.uleb128 0xc
 4677 2388 35000000 		.4byte	0x35
 4678 238c 0F       		.byte	0xf
 4679 238d 00       		.byte	0
 4680 238e 0B       		.uleb128 0xb
 4681 238f CD1F0000 		.4byte	0x1fcd
 4682 2393 9E230000 		.4byte	0x239e
 4683 2397 0C       		.uleb128 0xc
 4684 2398 35000000 		.4byte	0x35
 4685 239c 0F       		.byte	0xf
 4686 239d 00       		.byte	0
 4687 239e 0B       		.uleb128 0xb
 4688 239f 9D090000 		.4byte	0x99d
 4689 23a3 AE230000 		.4byte	0x23ae
 4690 23a7 0C       		.uleb128 0xc
 4691 23a8 35000000 		.4byte	0x35
 4692 23ac 7E       		.byte	0x7e
 4693 23ad 00       		.byte	0
 4694 23ae 04       		.uleb128 0x4
 4695 23af 9E230000 		.4byte	0x239e
 4696 23b3 0B       		.uleb128 0xb
 4697 23b4 9D090000 		.4byte	0x99d
 4698 23b8 CA230000 		.4byte	0x23ca
 4699 23bc 0C       		.uleb128 0xc
 4700 23bd 35000000 		.4byte	0x35
 4701 23c1 0F       		.byte	0xf
 4702 23c2 2A       		.uleb128 0x2a
 4703 23c3 35000000 		.4byte	0x35
 4704 23c7 FF03     		.2byte	0x3ff
 4705 23c9 00       		.byte	0
 4706 23ca 04       		.uleb128 0x4
 4707 23cb B3230000 		.4byte	0x23b3
 4708 23cf 03       		.uleb128 0x3
 4709 23d0 DB0C0000 		.4byte	.LASF482
 4710 23d4 23       		.byte	0x23
 4711 23d5 AA       		.byte	0xaa
 4712 23d6 03       		.byte	0x3
 4713 23d7 D91F0000 		.4byte	0x1fd9
 4714 23db 1C       		.uleb128 0x1c
 4715 23dc 0C       		.byte	0xc
 4716 23dd 22       		.byte	0x22
 4717 23de 0401     		.2byte	0x104
 4718 23e0 09       		.byte	0x9
 4719 23e1 10240000 		.4byte	0x2410
 4720 23e5 19       		.uleb128 0x19
 4721 23e6 A9000000 		.4byte	.LASF483
 4722 23ea 22       		.byte	0x22
 4723 23eb 0501     		.2byte	0x105
 4724 23ed 21       		.byte	0x21
 4725 23ee 91090000 		.4byte	0x991
 4726 23f2 00       		.byte	0
 4727 23f3 19       		.uleb128 0x19
 4728 23f4 260F0000 		.4byte	.LASF484
 4729 23f8 22       		.byte	0x22
 4730 23f9 0601     		.2byte	0x106
 4731 23fb 21       		.byte	0x21
ARM GAS  /tmp/cc0F93am.s 			page 84


 4732 23fc 91090000 		.4byte	0x991
 4733 2400 04       		.byte	0x4
 4734 2401 19       		.uleb128 0x19
 4735 2402 AC090000 		.4byte	.LASF485
 4736 2406 22       		.byte	0x22
 4737 2407 0701     		.2byte	0x107
 4738 2409 21       		.byte	0x21
 4739 240a 91090000 		.4byte	0x991
 4740 240e 08       		.byte	0x8
 4741 240f 00       		.byte	0
 4742 2410 08       		.uleb128 0x8
 4743 2411 E7020000 		.4byte	.LASF486
 4744 2415 22       		.byte	0x22
 4745 2416 0801     		.2byte	0x108
 4746 2418 03       		.byte	0x3
 4747 2419 DB230000 		.4byte	0x23db
 4748 241d 10       		.uleb128 0x10
 4749 241e 10240000 		.4byte	0x2410
 4750 2422 1C       		.uleb128 0x1c
 4751 2423 10       		.byte	0x10
 4752 2424 22       		.byte	0x22
 4753 2425 0D01     		.2byte	0x10d
 4754 2427 09       		.byte	0x9
 4755 2428 65240000 		.4byte	0x2465
 4756 242c 19       		.uleb128 0x19
 4757 242d FF090000 		.4byte	.LASF487
 4758 2431 22       		.byte	0x22
 4759 2432 1101     		.2byte	0x111
 4760 2434 21       		.byte	0x21
 4761 2435 24000000 		.4byte	0x24
 4762 2439 00       		.byte	0
 4763 243a 19       		.uleb128 0x19
 4764 243b 39080000 		.4byte	.LASF488
 4765 243f 22       		.byte	0x22
 4766 2440 1501     		.2byte	0x115
 4767 2442 21       		.byte	0x21
 4768 2443 24000000 		.4byte	0x24
 4769 2447 04       		.byte	0x4
 4770 2448 19       		.uleb128 0x19
 4771 2449 9F030000 		.4byte	.LASF489
 4772 244d 22       		.byte	0x22
 4773 244e 1901     		.2byte	0x119
 4774 2450 22       		.byte	0x22
 4775 2451 A1150000 		.4byte	0x15a1
 4776 2455 08       		.byte	0x8
 4777 2456 19       		.uleb128 0x19
 4778 2457 33130000 		.4byte	.LASF490
 4779 245b 22       		.byte	0x22
 4780 245c 2401     		.2byte	0x124
 4781 245e 21       		.byte	0x21
 4782 245f 24000000 		.4byte	0x24
 4783 2463 0C       		.byte	0xc
 4784 2464 00       		.byte	0
 4785 2465 08       		.uleb128 0x8
 4786 2466 D1060000 		.4byte	.LASF491
 4787 246a 22       		.byte	0x22
 4788 246b 2501     		.2byte	0x125
ARM GAS  /tmp/cc0F93am.s 			page 85


 4789 246d 03       		.byte	0x3
 4790 246e 22240000 		.4byte	0x2422
 4791 2472 1C       		.uleb128 0x1c
 4792 2473 10       		.byte	0x10
 4793 2474 22       		.byte	0x22
 4794 2475 2A01     		.2byte	0x12a
 4795 2477 09       		.byte	0x9
 4796 2478 B5240000 		.4byte	0x24b5
 4797 247c 19       		.uleb128 0x19
 4798 247d E1110000 		.4byte	.LASF492
 4799 2481 22       		.byte	0x22
 4800 2482 2E01     		.2byte	0x12e
 4801 2484 21       		.byte	0x21
 4802 2485 24000000 		.4byte	0x24
 4803 2489 00       		.byte	0
 4804 248a 19       		.uleb128 0x19
 4805 248b 370E0000 		.4byte	.LASF493
 4806 248f 22       		.byte	0x22
 4807 2490 3201     		.2byte	0x132
 4808 2492 21       		.byte	0x21
 4809 2493 24000000 		.4byte	0x24
 4810 2497 04       		.byte	0x4
 4811 2498 19       		.uleb128 0x19
 4812 2499 B40A0000 		.4byte	.LASF345
 4813 249d 22       		.byte	0x22
 4814 249e 3601     		.2byte	0x136
 4815 24a0 22       		.byte	0x22
 4816 24a1 30120000 		.4byte	0x1230
 4817 24a5 08       		.byte	0x8
 4818 24a6 19       		.uleb128 0x19
 4819 24a7 33130000 		.4byte	.LASF490
 4820 24ab 22       		.byte	0x22
 4821 24ac 4101     		.2byte	0x141
 4822 24ae 21       		.byte	0x21
 4823 24af 24000000 		.4byte	0x24
 4824 24b3 0C       		.byte	0xc
 4825 24b4 00       		.byte	0
 4826 24b5 08       		.uleb128 0x8
 4827 24b6 0A020000 		.4byte	.LASF494
 4828 24ba 22       		.byte	0x22
 4829 24bb 4201     		.2byte	0x142
 4830 24bd 03       		.byte	0x3
 4831 24be 72240000 		.4byte	0x2472
 4832 24c2 1C       		.uleb128 0x1c
 4833 24c3 24       		.byte	0x24
 4834 24c4 22       		.byte	0x22
 4835 24c5 4801     		.2byte	0x148
 4836 24c7 09       		.byte	0x9
 4837 24c8 59250000 		.4byte	0x2559
 4838 24cc 19       		.uleb128 0x19
 4839 24cd A2010000 		.4byte	.LASF495
 4840 24d1 22       		.byte	0x22
 4841 24d2 4C01     		.2byte	0x14c
 4842 24d4 21       		.byte	0x21
 4843 24d5 91090000 		.4byte	0x991
 4844 24d9 00       		.byte	0
 4845 24da 19       		.uleb128 0x19
ARM GAS  /tmp/cc0F93am.s 			page 86


 4846 24db 11060000 		.4byte	.LASF496
 4847 24df 22       		.byte	0x22
 4848 24e0 5701     		.2byte	0x157
 4849 24e2 21       		.byte	0x21
 4850 24e3 C01D0000 		.4byte	0x1dc0
 4851 24e7 04       		.byte	0x4
 4852 24e8 19       		.uleb128 0x19
 4853 24e9 3D060000 		.4byte	.LASF497
 4854 24ed 22       		.byte	0x22
 4855 24ee 5C01     		.2byte	0x15c
 4856 24f0 21       		.byte	0x21
 4857 24f1 C01D0000 		.4byte	0x1dc0
 4858 24f5 08       		.byte	0x8
 4859 24f6 19       		.uleb128 0x19
 4860 24f7 EB0D0000 		.4byte	.LASF498
 4861 24fb 22       		.byte	0x22
 4862 24fc 6101     		.2byte	0x161
 4863 24fe 21       		.byte	0x21
 4864 24ff C01D0000 		.4byte	0x1dc0
 4865 2503 0C       		.byte	0xc
 4866 2504 19       		.uleb128 0x19
 4867 2505 3D0E0000 		.4byte	.LASF499
 4868 2509 22       		.byte	0x22
 4869 250a 6601     		.2byte	0x166
 4870 250c 21       		.byte	0x21
 4871 250d 6F090000 		.4byte	0x96f
 4872 2511 10       		.byte	0x10
 4873 2512 19       		.uleb128 0x19
 4874 2513 A4060000 		.4byte	.LASF500
 4875 2517 22       		.byte	0x22
 4876 2518 6B01     		.2byte	0x16b
 4877 251a 21       		.byte	0x21
 4878 251b 6F090000 		.4byte	0x96f
 4879 251f 12       		.byte	0x12
 4880 2520 19       		.uleb128 0x19
 4881 2521 C00A0000 		.4byte	.LASF501
 4882 2525 22       		.byte	0x22
 4883 2526 7101     		.2byte	0x171
 4884 2528 22       		.byte	0x22
 4885 2529 59250000 		.4byte	0x2559
 4886 252d 14       		.byte	0x14
 4887 252e 19       		.uleb128 0x19
 4888 252f AB0E0000 		.4byte	.LASF502
 4889 2533 22       		.byte	0x22
 4890 2534 7701     		.2byte	0x177
 4891 2536 22       		.byte	0x22
 4892 2537 5F250000 		.4byte	0x255f
 4893 253b 18       		.byte	0x18
 4894 253c 19       		.uleb128 0x19
 4895 253d 33030000 		.4byte	.LASF503
 4896 2541 22       		.byte	0x22
 4897 2542 7E01     		.2byte	0x17e
 4898 2544 21       		.byte	0x21
 4899 2545 6F090000 		.4byte	0x96f
 4900 2549 1C       		.byte	0x1c
 4901 254a 19       		.uleb128 0x19
 4902 254b F60C0000 		.4byte	.LASF504
ARM GAS  /tmp/cc0F93am.s 			page 87


 4903 254f 22       		.byte	0x22
 4904 2550 8401     		.2byte	0x184
 4905 2552 22       		.byte	0x22
 4906 2553 30120000 		.4byte	0x1230
 4907 2557 20       		.byte	0x20
 4908 2558 00       		.byte	0
 4909 2559 06       		.uleb128 0x6
 4910 255a 04       		.byte	0x4
 4911 255b 65240000 		.4byte	0x2465
 4912 255f 06       		.uleb128 0x6
 4913 2560 04       		.byte	0x4
 4914 2561 B5240000 		.4byte	0x24b5
 4915 2565 08       		.uleb128 0x8
 4916 2566 48120000 		.4byte	.LASF505
 4917 256a 22       		.byte	0x22
 4918 256b 8501     		.2byte	0x185
 4919 256d 03       		.byte	0x3
 4920 256e C2240000 		.4byte	0x24c2
 4921 2572 10       		.uleb128 0x10
 4922 2573 65250000 		.4byte	0x2565
 4923 2577 1C       		.uleb128 0x1c
 4924 2578 10       		.byte	0x10
 4925 2579 22       		.byte	0x22
 4926 257a 8A01     		.2byte	0x18a
 4927 257c 09       		.byte	0x9
 4928 257d BA250000 		.4byte	0x25ba
 4929 2581 19       		.uleb128 0x19
 4930 2582 FE0A0000 		.4byte	.LASF506
 4931 2586 22       		.byte	0x22
 4932 2587 8F01     		.2byte	0x18f
 4933 2589 21       		.byte	0x21
 4934 258a E31D0000 		.4byte	0x1de3
 4935 258e 00       		.byte	0
 4936 258f 19       		.uleb128 0x19
 4937 2590 B4160000 		.4byte	.LASF507
 4938 2594 22       		.byte	0x22
 4939 2595 9401     		.2byte	0x194
 4940 2597 21       		.byte	0x21
 4941 2598 281E0000 		.4byte	0x1e28
 4942 259c 04       		.byte	0x4
 4943 259d 19       		.uleb128 0x19
 4944 259e 30050000 		.4byte	.LASF508
 4945 25a2 22       		.byte	0x22
 4946 25a3 9A01     		.2byte	0x19a
 4947 25a5 21       		.byte	0x21
 4948 25a6 061E0000 		.4byte	0x1e06
 4949 25aa 08       		.byte	0x8
 4950 25ab 19       		.uleb128 0x19
 4951 25ac E3170000 		.4byte	.LASF509
 4952 25b0 22       		.byte	0x22
 4953 25b1 9E01     		.2byte	0x19e
 4954 25b3 21       		.byte	0x21
 4955 25b4 9C1D0000 		.4byte	0x1d9c
 4956 25b8 0C       		.byte	0xc
 4957 25b9 00       		.byte	0
 4958 25ba 08       		.uleb128 0x8
 4959 25bb 810C0000 		.4byte	.LASF510
ARM GAS  /tmp/cc0F93am.s 			page 88


 4960 25bf 22       		.byte	0x22
 4961 25c0 A001     		.2byte	0x1a0
 4962 25c2 03       		.byte	0x3
 4963 25c3 77250000 		.4byte	0x2577
 4964 25c7 10       		.uleb128 0x10
 4965 25c8 BA250000 		.4byte	0x25ba
 4966 25cc 06       		.uleb128 0x6
 4967 25cd 04       		.byte	0x4
 4968 25ce C7250000 		.4byte	0x25c7
 4969 25d2 0B       		.uleb128 0xb
 4970 25d3 E2250000 		.4byte	0x25e2
 4971 25d7 E2250000 		.4byte	0x25e2
 4972 25db 0C       		.uleb128 0xc
 4973 25dc 35000000 		.4byte	0x35
 4974 25e0 03       		.byte	0x3
 4975 25e1 00       		.byte	0
 4976 25e2 06       		.uleb128 0x6
 4977 25e3 04       		.byte	0x4
 4978 25e4 72250000 		.4byte	0x2572
 4979 25e8 0B       		.uleb128 0xb
 4980 25e9 61010000 		.4byte	0x161
 4981 25ed F8250000 		.4byte	0x25f8
 4982 25f1 0C       		.uleb128 0xc
 4983 25f2 35000000 		.4byte	0x35
 4984 25f6 02       		.byte	0x2
 4985 25f7 00       		.byte	0
 4986 25f8 0B       		.uleb128 0xb
 4987 25f9 5E090000 		.4byte	0x95e
 4988 25fd 08260000 		.4byte	0x2608
 4989 2601 0C       		.uleb128 0xc
 4990 2602 35000000 		.4byte	0x35
 4991 2606 07       		.byte	0x7
 4992 2607 00       		.byte	0
 4993 2608 06       		.uleb128 0x6
 4994 2609 04       		.byte	0x4
 4995 260a CF230000 		.4byte	0x23cf
 4996 260e 06       		.uleb128 0x6
 4997 260f 04       		.byte	0x4
 4998 2610 1D240000 		.4byte	0x241d
 4999 2614 20       		.uleb128 0x20
 5000 2615 3C120000 		.4byte	.LASF511
 5001 2619 22       		.byte	0x22
 5002 261a 3A02     		.2byte	0x23a
 5003 261c 12       		.byte	0x12
 5004 261d 611B0000 		.4byte	0x1b61
 5005 2621 2B       		.uleb128 0x2b
 5006 2622 F8070000 		.4byte	.LASF517
 5007 2626 24       		.byte	0x24
 5008 2627 4003     		.2byte	0x340
 5009 2629 06       		.byte	0x6
 5010 262a 4B260000 		.4byte	0x264b
 5011 262e 2C       		.uleb128 0x2c
 5012 262f F90E0000 		.4byte	.LASF512
 5013 2633 24       		.byte	0x24
 5014 2634 4003     		.2byte	0x340
 5015 2636 27       		.byte	0x27
 5016 2637 4B260000 		.4byte	0x264b
ARM GAS  /tmp/cc0F93am.s 			page 89


 5017 263b 2D       		.uleb128 0x2d
 5018 263c 2E       		.uleb128 0x2e
 5019 263d 2C100000 		.4byte	.LASF215
 5020 2641 24       		.byte	0x24
 5021 2642 4603     		.2byte	0x346
 5022 2644 0C       		.byte	0xc
 5023 2645 24000000 		.4byte	0x24
 5024 2649 00       		.byte	0
 5025 264a 00       		.byte	0
 5026 264b 06       		.uleb128 0x6
 5027 264c 04       		.byte	0x4
 5028 264d 98160000 		.4byte	0x1698
 5029 2651 2F       		.uleb128 0x2f
 5030 2652 0A0F0000 		.4byte	.LASF513
 5031 2656 24       		.byte	0x24
 5032 2657 1B03     		.2byte	0x31b
 5033 2659 06       		.byte	0x6
 5034 265a DF110000 		.4byte	0x11df
 5035 265e 7F260000 		.4byte	0x267f
 5036 2662 2C       		.uleb128 0x2c
 5037 2663 F90E0000 		.4byte	.LASF512
 5038 2667 24       		.byte	0x24
 5039 2668 1B03     		.2byte	0x31b
 5040 266a 2B       		.byte	0x2b
 5041 266b 4B260000 		.4byte	0x264b
 5042 266f 2D       		.uleb128 0x2d
 5043 2670 2E       		.uleb128 0x2e
 5044 2671 2C100000 		.4byte	.LASF215
 5045 2675 24       		.byte	0x24
 5046 2676 2203     		.2byte	0x322
 5047 2678 0C       		.byte	0xc
 5048 2679 24000000 		.4byte	0x24
 5049 267d 00       		.byte	0
 5050 267e 00       		.byte	0
 5051 267f 2F       		.uleb128 0x2f
 5052 2680 85120000 		.4byte	.LASF514
 5053 2684 24       		.byte	0x24
 5054 2685 D102     		.2byte	0x2d1
 5055 2687 08       		.byte	0x8
 5056 2688 24000000 		.4byte	0x24
 5057 268c F4260000 		.4byte	0x26f4
 5058 2690 2C       		.uleb128 0x2c
 5059 2691 F90E0000 		.4byte	.LASF512
 5060 2695 24       		.byte	0x24
 5061 2696 D102     		.2byte	0x2d1
 5062 2698 30       		.byte	0x30
 5063 2699 4B260000 		.4byte	0x264b
 5064 269d 30       		.uleb128 0x30
 5065 269e 627000   		.ascii	"bp\000"
 5066 26a1 24       		.byte	0x24
 5067 26a2 D102     		.2byte	0x2d1
 5068 26a4 45       		.byte	0x45
 5069 26a5 A1150000 		.4byte	0x15a1
 5070 26a9 30       		.uleb128 0x30
 5071 26aa 6E00     		.ascii	"n\000"
 5072 26ac 24       		.byte	0x24
 5073 26ad D202     		.2byte	0x2d2
ARM GAS  /tmp/cc0F93am.s 			page 90


 5074 26af 1F       		.byte	0x1f
 5075 26b0 24000000 		.4byte	0x24
 5076 26b4 2C       		.uleb128 0x2c
 5077 26b5 160C0000 		.4byte	.LASF515
 5078 26b9 24       		.byte	0x24
 5079 26ba D202     		.2byte	0x2d2
 5080 26bc 30       		.byte	0x30
 5081 26bd 4A0D0000 		.4byte	0xd4a
 5082 26c1 31       		.uleb128 0x31
 5083 26c2 7700     		.ascii	"w\000"
 5084 26c4 24       		.byte	0x24
 5085 26c5 D302     		.2byte	0x2d3
 5086 26c7 0A       		.byte	0xa
 5087 26c8 24000000 		.4byte	0x24
 5088 26cc 32       		.uleb128 0x32
 5089 26cd FE000000 		.4byte	.LASF519
 5090 26d1 04270000 		.4byte	0x2704
 5091 26d5 2D       		.uleb128 0x2d
 5092 26d6 2E       		.uleb128 0x2e
 5093 26d7 2C100000 		.4byte	.LASF215
 5094 26db 24       		.byte	0x24
 5095 26dc DA02     		.2byte	0x2da
 5096 26de 0C       		.byte	0xc
 5097 26df 24000000 		.4byte	0x24
 5098 26e3 2D       		.uleb128 0x2d
 5099 26e4 31       		.uleb128 0x31
 5100 26e5 6D736700 		.ascii	"msg\000"
 5101 26e9 24       		.byte	0x24
 5102 26ea DE02     		.2byte	0x2de
 5103 26ec 0D       		.byte	0xd
 5104 26ed EA090000 		.4byte	0x9ea
 5105 26f1 00       		.byte	0
 5106 26f2 00       		.byte	0
 5107 26f3 00       		.byte	0
 5108 26f4 0B       		.uleb128 0xb
 5109 26f5 70010000 		.4byte	0x170
 5110 26f9 04270000 		.4byte	0x2704
 5111 26fd 0C       		.uleb128 0xc
 5112 26fe 35000000 		.4byte	0x35
 5113 2702 0F       		.byte	0xf
 5114 2703 00       		.byte	0
 5115 2704 10       		.uleb128 0x10
 5116 2705 F4260000 		.4byte	0x26f4
 5117 2709 2F       		.uleb128 0x2f
 5118 270a A50F0000 		.4byte	.LASF516
 5119 270e 24       		.byte	0x24
 5120 270f 9F02     		.2byte	0x29f
 5121 2711 07       		.byte	0x7
 5122 2712 EA090000 		.4byte	0x9ea
 5123 2716 4D270000 		.4byte	0x274d
 5124 271a 2C       		.uleb128 0x2c
 5125 271b F90E0000 		.4byte	.LASF512
 5126 271f 24       		.byte	0x24
 5127 2720 9F02     		.2byte	0x29f
 5128 2722 2D       		.byte	0x2d
 5129 2723 4B260000 		.4byte	0x264b
 5130 2727 30       		.uleb128 0x30
ARM GAS  /tmp/cc0F93am.s 			page 91


 5131 2728 6200     		.ascii	"b\000"
 5132 272a 24       		.byte	0x24
 5133 272b 9F02     		.2byte	0x29f
 5134 272d 3B       		.byte	0x3b
 5135 272e 5E090000 		.4byte	0x95e
 5136 2732 2C       		.uleb128 0x2c
 5137 2733 160C0000 		.4byte	.LASF515
 5138 2737 24       		.byte	0x24
 5139 2738 A002     		.2byte	0x2a0
 5140 273a 23       		.byte	0x23
 5141 273b 4A0D0000 		.4byte	0xd4a
 5142 273f 31       		.uleb128 0x31
 5143 2740 6D736700 		.ascii	"msg\000"
 5144 2744 24       		.byte	0x24
 5145 2745 A102     		.2byte	0x2a1
 5146 2747 09       		.byte	0x9
 5147 2748 EA090000 		.4byte	0x9ea
 5148 274c 00       		.byte	0
 5149 274d 2B       		.uleb128 0x2b
 5150 274e 8F050000 		.4byte	.LASF518
 5151 2752 24       		.byte	0x24
 5152 2753 7202     		.2byte	0x272
 5153 2755 06       		.byte	0x6
 5154 2756 7E270000 		.4byte	0x277e
 5155 275a 2C       		.uleb128 0x2c
 5156 275b F90E0000 		.4byte	.LASF512
 5157 275f 24       		.byte	0x24
 5158 2760 7202     		.2byte	0x272
 5159 2762 31       		.byte	0x31
 5160 2763 4B260000 		.4byte	0x264b
 5161 2767 2C       		.uleb128 0x2c
 5162 2768 2C100000 		.4byte	.LASF215
 5163 276c 24       		.byte	0x24
 5164 276d 7202     		.2byte	0x272
 5165 276f 3E       		.byte	0x3e
 5166 2770 24000000 		.4byte	0x24
 5167 2774 32       		.uleb128 0x32
 5168 2775 FE000000 		.4byte	.LASF519
 5169 2779 8E270000 		.4byte	0x278e
 5170 277d 00       		.byte	0
 5171 277e 0B       		.uleb128 0xb
 5172 277f 70010000 		.4byte	0x170
 5173 2783 8E270000 		.4byte	0x278e
 5174 2787 0C       		.uleb128 0xc
 5175 2788 35000000 		.4byte	0x35
 5176 278c 12       		.byte	0x12
 5177 278d 00       		.byte	0
 5178 278e 10       		.uleb128 0x10
 5179 278f 7E270000 		.4byte	0x277e
 5180 2793 2B       		.uleb128 0x2b
 5181 2794 EE030000 		.4byte	.LASF520
 5182 2798 24       		.byte	0x24
 5183 2799 6202     		.2byte	0x262
 5184 279b 06       		.byte	0x6
 5185 279c BB270000 		.4byte	0x27bb
 5186 27a0 2C       		.uleb128 0x2c
 5187 27a1 F90E0000 		.4byte	.LASF512
ARM GAS  /tmp/cc0F93am.s 			page 92


 5188 27a5 24       		.byte	0x24
 5189 27a6 6202     		.2byte	0x262
 5190 27a8 30       		.byte	0x30
 5191 27a9 4B260000 		.4byte	0x264b
 5192 27ad 2C       		.uleb128 0x2c
 5193 27ae 2C100000 		.4byte	.LASF215
 5194 27b2 24       		.byte	0x24
 5195 27b3 6202     		.2byte	0x262
 5196 27b5 3D       		.byte	0x3d
 5197 27b6 24000000 		.4byte	0x24
 5198 27ba 00       		.byte	0
 5199 27bb 2F       		.uleb128 0x2f
 5200 27bc AF080000 		.4byte	.LASF521
 5201 27c0 24       		.byte	0x24
 5202 27c1 4102     		.2byte	0x241
 5203 27c3 07       		.byte	0x7
 5204 27c4 EA090000 		.4byte	0x9ea
 5205 27c8 FF270000 		.4byte	0x27ff
 5206 27cc 2C       		.uleb128 0x2c
 5207 27cd F90E0000 		.4byte	.LASF512
 5208 27d1 24       		.byte	0x24
 5209 27d2 4102     		.2byte	0x241
 5210 27d4 39       		.byte	0x39
 5211 27d5 4B260000 		.4byte	0x264b
 5212 27d9 2C       		.uleb128 0x2c
 5213 27da 160C0000 		.4byte	.LASF515
 5214 27de 24       		.byte	0x24
 5215 27df 4202     		.2byte	0x242
 5216 27e1 2F       		.byte	0x2f
 5217 27e2 4A0D0000 		.4byte	0xd4a
 5218 27e6 32       		.uleb128 0x32
 5219 27e7 FE000000 		.4byte	.LASF519
 5220 27eb 0F280000 		.4byte	0x280f
 5221 27ef 2D       		.uleb128 0x2d
 5222 27f0 31       		.uleb128 0x31
 5223 27f1 6D736700 		.ascii	"msg\000"
 5224 27f5 24       		.byte	0x24
 5225 27f6 4A02     		.2byte	0x24a
 5226 27f8 0B       		.byte	0xb
 5227 27f9 EA090000 		.4byte	0x9ea
 5228 27fd 00       		.byte	0
 5229 27fe 00       		.byte	0
 5230 27ff 0B       		.uleb128 0xb
 5231 2800 70010000 		.4byte	0x170
 5232 2804 0F280000 		.4byte	0x280f
 5233 2808 0C       		.uleb128 0xc
 5234 2809 35000000 		.4byte	0x35
 5235 280d 19       		.byte	0x19
 5236 280e 00       		.byte	0
 5237 280f 10       		.uleb128 0x10
 5238 2810 FF270000 		.4byte	0x27ff
 5239 2814 2F       		.uleb128 0x2f
 5240 2815 830D0000 		.4byte	.LASF522
 5241 2819 24       		.byte	0x24
 5242 281a 2102     		.2byte	0x221
 5243 281c 07       		.byte	0x7
 5244 281d EA090000 		.4byte	0x9ea
ARM GAS  /tmp/cc0F93am.s 			page 93


 5245 2821 4D280000 		.4byte	0x284d
 5246 2825 2C       		.uleb128 0x2c
 5247 2826 F90E0000 		.4byte	.LASF512
 5248 282a 24       		.byte	0x24
 5249 282b 2102     		.2byte	0x221
 5250 282d 38       		.byte	0x38
 5251 282e 4B260000 		.4byte	0x264b
 5252 2832 2C       		.uleb128 0x2c
 5253 2833 160C0000 		.4byte	.LASF515
 5254 2837 24       		.byte	0x24
 5255 2838 2202     		.2byte	0x222
 5256 283a 2E       		.byte	0x2e
 5257 283b 4A0D0000 		.4byte	0xd4a
 5258 283f 31       		.uleb128 0x31
 5259 2840 6D736700 		.ascii	"msg\000"
 5260 2844 24       		.byte	0x24
 5261 2845 2302     		.2byte	0x223
 5262 2847 09       		.byte	0x9
 5263 2848 EA090000 		.4byte	0x9ea
 5264 284c 00       		.byte	0
 5265 284d 2B       		.uleb128 0x2b
 5266 284e 36110000 		.4byte	.LASF523
 5267 2852 24       		.byte	0x24
 5268 2853 FC01     		.2byte	0x1fc
 5269 2855 06       		.byte	0x6
 5270 2856 71280000 		.4byte	0x2871
 5271 285a 2C       		.uleb128 0x2c
 5272 285b F90E0000 		.4byte	.LASF512
 5273 285f 24       		.byte	0x24
 5274 2860 FC01     		.2byte	0x1fc
 5275 2862 35       		.byte	0x35
 5276 2863 4B260000 		.4byte	0x264b
 5277 2867 32       		.uleb128 0x32
 5278 2868 FE000000 		.4byte	.LASF519
 5279 286c 81280000 		.4byte	0x2881
 5280 2870 00       		.byte	0
 5281 2871 0B       		.uleb128 0xb
 5282 2872 70010000 		.4byte	0x170
 5283 2876 81280000 		.4byte	0x2881
 5284 287a 0C       		.uleb128 0xc
 5285 287b 35000000 		.4byte	0x35
 5286 287f 16       		.byte	0x16
 5287 2880 00       		.byte	0
 5288 2881 10       		.uleb128 0x10
 5289 2882 71280000 		.4byte	0x2871
 5290 2886 2F       		.uleb128 0x2f
 5291 2887 2A0C0000 		.4byte	.LASF524
 5292 288b 24       		.byte	0x24
 5293 288c E601     		.2byte	0x1e6
 5294 288e 0A       		.byte	0xa
 5295 288f 30120000 		.4byte	0x1230
 5296 2893 B2280000 		.4byte	0x28b2
 5297 2897 2C       		.uleb128 0x2c
 5298 2898 F90E0000 		.4byte	.LASF512
 5299 289c 24       		.byte	0x24
 5300 289d E601     		.2byte	0x1e6
 5301 289f 34       		.byte	0x34
ARM GAS  /tmp/cc0F93am.s 			page 94


 5302 28a0 4B260000 		.4byte	0x264b
 5303 28a4 2C       		.uleb128 0x2c
 5304 28a5 86010000 		.4byte	.LASF525
 5305 28a9 24       		.byte	0x24
 5306 28aa E701     		.2byte	0x1e7
 5307 28ac 24       		.byte	0x24
 5308 28ad B2280000 		.4byte	0x28b2
 5309 28b1 00       		.byte	0
 5310 28b2 06       		.uleb128 0x6
 5311 28b3 04       		.byte	0x4
 5312 28b4 24000000 		.4byte	0x24
 5313 28b8 2B       		.uleb128 0x2b
 5314 28b9 C60C0000 		.4byte	.LASF526
 5315 28bd 24       		.byte	0x24
 5316 28be CF01     		.2byte	0x1cf
 5317 28c0 06       		.byte	0x6
 5318 28c1 D3280000 		.4byte	0x28d3
 5319 28c5 2C       		.uleb128 0x2c
 5320 28c6 F90E0000 		.4byte	.LASF512
 5321 28ca 24       		.byte	0x24
 5322 28cb CF01     		.2byte	0x1cf
 5323 28cd 28       		.byte	0x28
 5324 28ce 4B260000 		.4byte	0x264b
 5325 28d2 00       		.byte	0
 5326 28d3 2B       		.uleb128 0x2b
 5327 28d4 38170000 		.4byte	.LASF527
 5328 28d8 24       		.byte	0x24
 5329 28d9 B001     		.2byte	0x1b0
 5330 28db 06       		.byte	0x6
 5331 28dc 42290000 		.4byte	0x2942
 5332 28e0 2C       		.uleb128 0x2c
 5333 28e1 F90E0000 		.4byte	.LASF512
 5334 28e5 24       		.byte	0x24
 5335 28e6 B001     		.2byte	0x1b0
 5336 28e8 2C       		.byte	0x2c
 5337 28e9 4B260000 		.4byte	0x264b
 5338 28ed 2C       		.uleb128 0x2c
 5339 28ee D5120000 		.4byte	.LASF280
 5340 28f2 24       		.byte	0x24
 5341 28f3 B001     		.2byte	0x1b0
 5342 28f5 37       		.byte	0x37
 5343 28f6 DF110000 		.4byte	0x11df
 5344 28fa 30       		.uleb128 0x30
 5345 28fb 627000   		.ascii	"bp\000"
 5346 28fe 24       		.byte	0x24
 5347 28ff B001     		.2byte	0x1b0
 5348 2901 4B       		.byte	0x4b
 5349 2902 30120000 		.4byte	0x1230
 5350 2906 2C       		.uleb128 0x2c
 5351 2907 2C100000 		.4byte	.LASF215
 5352 290b 24       		.byte	0x24
 5353 290c B101     		.2byte	0x1b1
 5354 290e 1B       		.byte	0x1b
 5355 290f 24000000 		.4byte	0x24
 5356 2913 30       		.uleb128 0x30
 5357 2914 6E00     		.ascii	"n\000"
 5358 2916 24       		.byte	0x24
ARM GAS  /tmp/cc0F93am.s 			page 95


 5359 2917 B101     		.2byte	0x1b1
 5360 2919 28       		.byte	0x28
 5361 291a 24000000 		.4byte	0x24
 5362 291e 2C       		.uleb128 0x2c
 5363 291f 5B050000 		.4byte	.LASF528
 5364 2923 24       		.byte	0x24
 5365 2924 B101     		.2byte	0x1b1
 5366 2926 36       		.byte	0x36
 5367 2927 69160000 		.4byte	0x1669
 5368 292b 2C       		.uleb128 0x2c
 5369 292c 78090000 		.4byte	.LASF288
 5370 2930 24       		.byte	0x24
 5371 2931 B101     		.2byte	0x1b1
 5372 2933 42       		.byte	0x42
 5373 2934 61010000 		.4byte	0x161
 5374 2938 32       		.uleb128 0x32
 5375 2939 FE000000 		.4byte	.LASF519
 5376 293d 52290000 		.4byte	0x2952
 5377 2941 00       		.byte	0
 5378 2942 0B       		.uleb128 0xb
 5379 2943 70010000 		.4byte	0x170
 5380 2947 52290000 		.4byte	0x2952
 5381 294b 0C       		.uleb128 0xc
 5382 294c 35000000 		.4byte	0x35
 5383 2950 0D       		.byte	0xd
 5384 2951 00       		.byte	0
 5385 2952 10       		.uleb128 0x10
 5386 2953 42290000 		.4byte	0x2942
 5387 2957 2F       		.uleb128 0x2f
 5388 2958 AC0B0000 		.4byte	.LASF529
 5389 295c 24       		.byte	0x24
 5390 295d 6601     		.2byte	0x166
 5391 295f 08       		.byte	0x8
 5392 2960 24000000 		.4byte	0x24
 5393 2964 CC290000 		.4byte	0x29cc
 5394 2968 2C       		.uleb128 0x2c
 5395 2969 480E0000 		.4byte	.LASF530
 5396 296d 24       		.byte	0x24
 5397 296e 6601     		.2byte	0x166
 5398 2970 2E       		.byte	0x2e
 5399 2971 CC290000 		.4byte	0x29cc
 5400 2975 30       		.uleb128 0x30
 5401 2976 627000   		.ascii	"bp\000"
 5402 2979 24       		.byte	0x24
 5403 297a 6601     		.2byte	0x166
 5404 297c 3D       		.byte	0x3d
 5405 297d 30120000 		.4byte	0x1230
 5406 2981 30       		.uleb128 0x30
 5407 2982 6E00     		.ascii	"n\000"
 5408 2984 24       		.byte	0x24
 5409 2985 6701     		.2byte	0x167
 5410 2987 1E       		.byte	0x1e
 5411 2988 24000000 		.4byte	0x24
 5412 298c 2C       		.uleb128 0x2c
 5413 298d 160C0000 		.4byte	.LASF515
 5414 2991 24       		.byte	0x24
 5415 2992 6701     		.2byte	0x167
ARM GAS  /tmp/cc0F93am.s 			page 96


 5416 2994 2F       		.byte	0x2f
 5417 2995 4A0D0000 		.4byte	0xd4a
 5418 2999 31       		.uleb128 0x31
 5419 299a 7200     		.ascii	"r\000"
 5420 299c 24       		.byte	0x24
 5421 299d 6801     		.2byte	0x168
 5422 299f 0A       		.byte	0xa
 5423 29a0 24000000 		.4byte	0x24
 5424 29a4 32       		.uleb128 0x32
 5425 29a5 FE000000 		.4byte	.LASF519
 5426 29a9 E2290000 		.4byte	0x29e2
 5427 29ad 2D       		.uleb128 0x2d
 5428 29ae 2E       		.uleb128 0x2e
 5429 29af 2C100000 		.4byte	.LASF215
 5430 29b3 24       		.byte	0x24
 5431 29b4 6F01     		.2byte	0x16f
 5432 29b6 0C       		.byte	0xc
 5433 29b7 24000000 		.4byte	0x24
 5434 29bb 2D       		.uleb128 0x2d
 5435 29bc 31       		.uleb128 0x31
 5436 29bd 6D736700 		.ascii	"msg\000"
 5437 29c1 24       		.byte	0x24
 5438 29c2 7301     		.2byte	0x173
 5439 29c4 0D       		.byte	0xd
 5440 29c5 EA090000 		.4byte	0x9ea
 5441 29c9 00       		.byte	0
 5442 29ca 00       		.byte	0
 5443 29cb 00       		.byte	0
 5444 29cc 06       		.uleb128 0x6
 5445 29cd 04       		.byte	0x4
 5446 29ce 8C160000 		.4byte	0x168c
 5447 29d2 0B       		.uleb128 0xb
 5448 29d3 70010000 		.4byte	0x170
 5449 29d7 E2290000 		.4byte	0x29e2
 5450 29db 0C       		.uleb128 0xc
 5451 29dc 35000000 		.4byte	0x35
 5452 29e0 0E       		.byte	0xe
 5453 29e1 00       		.byte	0
 5454 29e2 10       		.uleb128 0x10
 5455 29e3 D2290000 		.4byte	0x29d2
 5456 29e7 2F       		.uleb128 0x2f
 5457 29e8 B30D0000 		.4byte	.LASF531
 5458 29ec 24       		.byte	0x24
 5459 29ed 3501     		.2byte	0x135
 5460 29ef 07       		.byte	0x7
 5461 29f0 EA090000 		.4byte	0x9ea
 5462 29f4 202A0000 		.4byte	0x2a20
 5463 29f8 2C       		.uleb128 0x2c
 5464 29f9 480E0000 		.4byte	.LASF530
 5465 29fd 24       		.byte	0x24
 5466 29fe 3501     		.2byte	0x135
 5467 2a00 2C       		.byte	0x2c
 5468 2a01 CC290000 		.4byte	0x29cc
 5469 2a05 2C       		.uleb128 0x2c
 5470 2a06 160C0000 		.4byte	.LASF515
 5471 2a0a 24       		.byte	0x24
 5472 2a0b 3501     		.2byte	0x135
ARM GAS  /tmp/cc0F93am.s 			page 97


 5473 2a0d 40       		.byte	0x40
 5474 2a0e 4A0D0000 		.4byte	0xd4a
 5475 2a12 31       		.uleb128 0x31
 5476 2a13 6D736700 		.ascii	"msg\000"
 5477 2a17 24       		.byte	0x24
 5478 2a18 3601     		.2byte	0x136
 5479 2a1a 09       		.byte	0x9
 5480 2a1b EA090000 		.4byte	0x9ea
 5481 2a1f 00       		.byte	0
 5482 2a20 2B       		.uleb128 0x2b
 5483 2a21 F3060000 		.4byte	.LASF532
 5484 2a25 24       		.byte	0x24
 5485 2a26 0D01     		.2byte	0x10d
 5486 2a28 08       		.byte	0x8
 5487 2a29 442A0000 		.4byte	0x2a44
 5488 2a2d 2C       		.uleb128 0x2c
 5489 2a2e 480E0000 		.4byte	.LASF530
 5490 2a32 24       		.byte	0x24
 5491 2a33 0D01     		.2byte	0x10d
 5492 2a35 36       		.byte	0x36
 5493 2a36 CC290000 		.4byte	0x29cc
 5494 2a3a 32       		.uleb128 0x32
 5495 2a3b FE000000 		.4byte	.LASF519
 5496 2a3f 81280000 		.4byte	0x2881
 5497 2a43 00       		.byte	0
 5498 2a44 33       		.uleb128 0x33
 5499 2a45 D0130000 		.4byte	.LASF533
 5500 2a49 24       		.byte	0x24
 5501 2a4a FE       		.byte	0xfe
 5502 2a4b 06       		.byte	0x6
 5503 2a4c 5D2A0000 		.4byte	0x2a5d
 5504 2a50 34       		.uleb128 0x34
 5505 2a51 480E0000 		.4byte	.LASF530
 5506 2a55 24       		.byte	0x24
 5507 2a56 FE       		.byte	0xfe
 5508 2a57 33       		.byte	0x33
 5509 2a58 CC290000 		.4byte	0x29cc
 5510 2a5c 00       		.byte	0
 5511 2a5d 35       		.uleb128 0x35
 5512 2a5e 800E0000 		.4byte	.LASF534
 5513 2a62 24       		.byte	0x24
 5514 2a63 DE       		.byte	0xde
 5515 2a64 09       		.byte	0x9
 5516 2a65 EA090000 		.4byte	0x9ea
 5517 2a69 9D2A0000 		.4byte	0x2a9d
 5518 2a6d 34       		.uleb128 0x34
 5519 2a6e 480E0000 		.4byte	.LASF530
 5520 2a72 24       		.byte	0x24
 5521 2a73 DE       		.byte	0xde
 5522 2a74 39       		.byte	0x39
 5523 2a75 CC290000 		.4byte	0x29cc
 5524 2a79 34       		.uleb128 0x34
 5525 2a7a 160C0000 		.4byte	.LASF515
 5526 2a7e 24       		.byte	0x24
 5527 2a7f DF       		.byte	0xdf
 5528 2a80 30       		.byte	0x30
 5529 2a81 4A0D0000 		.4byte	0xd4a
ARM GAS  /tmp/cc0F93am.s 			page 98


 5530 2a85 32       		.uleb128 0x32
 5531 2a86 FE000000 		.4byte	.LASF519
 5532 2a8a AD2A0000 		.4byte	0x2aad
 5533 2a8e 2D       		.uleb128 0x2d
 5534 2a8f 36       		.uleb128 0x36
 5535 2a90 6D736700 		.ascii	"msg\000"
 5536 2a94 24       		.byte	0x24
 5537 2a95 E7       		.byte	0xe7
 5538 2a96 0B       		.byte	0xb
 5539 2a97 EA090000 		.4byte	0x9ea
 5540 2a9b 00       		.byte	0
 5541 2a9c 00       		.byte	0
 5542 2a9d 0B       		.uleb128 0xb
 5543 2a9e 70010000 		.4byte	0x170
 5544 2aa2 AD2A0000 		.4byte	0x2aad
 5545 2aa6 0C       		.uleb128 0xc
 5546 2aa7 35000000 		.4byte	0x35
 5547 2aab 18       		.byte	0x18
 5548 2aac 00       		.byte	0
 5549 2aad 10       		.uleb128 0x10
 5550 2aae 9D2A0000 		.4byte	0x2a9d
 5551 2ab2 35       		.uleb128 0x35
 5552 2ab3 C4020000 		.4byte	.LASF535
 5553 2ab7 24       		.byte	0x24
 5554 2ab8 BE       		.byte	0xbe
 5555 2ab9 07       		.byte	0x7
 5556 2aba EA090000 		.4byte	0x9ea
 5557 2abe E72A0000 		.4byte	0x2ae7
 5558 2ac2 34       		.uleb128 0x34
 5559 2ac3 480E0000 		.4byte	.LASF530
 5560 2ac7 24       		.byte	0x24
 5561 2ac8 BE       		.byte	0xbe
 5562 2ac9 36       		.byte	0x36
 5563 2aca CC290000 		.4byte	0x29cc
 5564 2ace 34       		.uleb128 0x34
 5565 2acf 160C0000 		.4byte	.LASF515
 5566 2ad3 24       		.byte	0x24
 5567 2ad4 BF       		.byte	0xbf
 5568 2ad5 2D       		.byte	0x2d
 5569 2ad6 4A0D0000 		.4byte	0xd4a
 5570 2ada 36       		.uleb128 0x36
 5571 2adb 6D736700 		.ascii	"msg\000"
 5572 2adf 24       		.byte	0x24
 5573 2ae0 C0       		.byte	0xc0
 5574 2ae1 09       		.byte	0x9
 5575 2ae2 EA090000 		.4byte	0x9ea
 5576 2ae6 00       		.byte	0
 5577 2ae7 33       		.uleb128 0x33
 5578 2ae8 33160000 		.4byte	.LASF536
 5579 2aec 24       		.byte	0x24
 5580 2aed 94       		.byte	0x94
 5581 2aee 06       		.byte	0x6
 5582 2aef 152B0000 		.4byte	0x2b15
 5583 2af3 34       		.uleb128 0x34
 5584 2af4 480E0000 		.4byte	.LASF530
 5585 2af8 24       		.byte	0x24
 5586 2af9 94       		.byte	0x94
ARM GAS  /tmp/cc0F93am.s 			page 99


 5587 2afa 30       		.byte	0x30
 5588 2afb CC290000 		.4byte	0x29cc
 5589 2aff 34       		.uleb128 0x34
 5590 2b00 2C100000 		.4byte	.LASF215
 5591 2b04 24       		.byte	0x24
 5592 2b05 94       		.byte	0x94
 5593 2b06 3D       		.byte	0x3d
 5594 2b07 24000000 		.4byte	0x24
 5595 2b0b 32       		.uleb128 0x32
 5596 2b0c FE000000 		.4byte	.LASF519
 5597 2b10 8E270000 		.4byte	0x278e
 5598 2b14 00       		.byte	0
 5599 2b15 35       		.uleb128 0x35
 5600 2b16 07140000 		.4byte	.LASF537
 5601 2b1a 24       		.byte	0x24
 5602 2b1b 81       		.byte	0x81
 5603 2b1c 0A       		.byte	0xa
 5604 2b1d 30120000 		.4byte	0x1230
 5605 2b21 322B0000 		.4byte	0x2b32
 5606 2b25 34       		.uleb128 0x34
 5607 2b26 480E0000 		.4byte	.LASF530
 5608 2b2a 24       		.byte	0x24
 5609 2b2b 81       		.byte	0x81
 5610 2b2c 34       		.byte	0x34
 5611 2b2d CC290000 		.4byte	0x29cc
 5612 2b31 00       		.byte	0
 5613 2b32 33       		.uleb128 0x33
 5614 2b33 0E050000 		.4byte	.LASF538
 5615 2b37 24       		.byte	0x24
 5616 2b38 6B       		.byte	0x6b
 5617 2b39 06       		.byte	0x6
 5618 2b3a 4B2B0000 		.4byte	0x2b4b
 5619 2b3e 34       		.uleb128 0x34
 5620 2b3f 480E0000 		.4byte	.LASF530
 5621 2b43 24       		.byte	0x24
 5622 2b44 6B       		.byte	0x6b
 5623 2b45 27       		.byte	0x27
 5624 2b46 CC290000 		.4byte	0x29cc
 5625 2b4a 00       		.byte	0
 5626 2b4b 33       		.uleb128 0x33
 5627 2b4c F1050000 		.4byte	.LASF539
 5628 2b50 24       		.byte	0x24
 5629 2b51 4C       		.byte	0x4c
 5630 2b52 06       		.byte	0x6
 5631 2b53 B22B0000 		.4byte	0x2bb2
 5632 2b57 34       		.uleb128 0x34
 5633 2b58 480E0000 		.4byte	.LASF530
 5634 2b5c 24       		.byte	0x24
 5635 2b5d 4C       		.byte	0x4c
 5636 2b5e 2B       		.byte	0x2b
 5637 2b5f CC290000 		.4byte	0x29cc
 5638 2b63 34       		.uleb128 0x34
 5639 2b64 D5120000 		.4byte	.LASF280
 5640 2b68 24       		.byte	0x24
 5641 2b69 4C       		.byte	0x4c
 5642 2b6a 36       		.byte	0x36
 5643 2b6b DF110000 		.4byte	0x11df
ARM GAS  /tmp/cc0F93am.s 			page 100


 5644 2b6f 37       		.uleb128 0x37
 5645 2b70 627000   		.ascii	"bp\000"
 5646 2b73 24       		.byte	0x24
 5647 2b74 4C       		.byte	0x4c
 5648 2b75 4A       		.byte	0x4a
 5649 2b76 30120000 		.4byte	0x1230
 5650 2b7a 34       		.uleb128 0x34
 5651 2b7b 2C100000 		.4byte	.LASF215
 5652 2b7f 24       		.byte	0x24
 5653 2b80 4D       		.byte	0x4d
 5654 2b81 1B       		.byte	0x1b
 5655 2b82 24000000 		.4byte	0x24
 5656 2b86 37       		.uleb128 0x37
 5657 2b87 6E00     		.ascii	"n\000"
 5658 2b89 24       		.byte	0x24
 5659 2b8a 4D       		.byte	0x4d
 5660 2b8b 28       		.byte	0x28
 5661 2b8c 24000000 		.4byte	0x24
 5662 2b90 34       		.uleb128 0x34
 5663 2b91 210F0000 		.4byte	.LASF540
 5664 2b95 24       		.byte	0x24
 5665 2b96 4D       		.byte	0x4d
 5666 2b97 36       		.byte	0x36
 5667 2b98 69160000 		.4byte	0x1669
 5668 2b9c 34       		.uleb128 0x34
 5669 2b9d 78090000 		.4byte	.LASF288
 5670 2ba1 24       		.byte	0x24
 5671 2ba2 4D       		.byte	0x4d
 5672 2ba3 42       		.byte	0x42
 5673 2ba4 61010000 		.4byte	0x161
 5674 2ba8 32       		.uleb128 0x32
 5675 2ba9 FE000000 		.4byte	.LASF519
 5676 2bad 52290000 		.4byte	0x2952
 5677 2bb1 00       		.byte	0
 5678 2bb2 38       		.uleb128 0x38
 5679 2bb3 8D070000 		.4byte	.LASF541
 5680 2bb7 25       		.byte	0x25
 5681 2bb8 9603     		.2byte	0x396
 5682 2bba 14       		.byte	0x14
 5683 2bbb DA2B0000 		.4byte	0x2bda
 5684 2bbf 30       		.uleb128 0x30
 5685 2bc0 74717000 		.ascii	"tqp\000"
 5686 2bc4 25       		.byte	0x25
 5687 2bc5 9603     		.2byte	0x396
 5688 2bc7 3B       		.byte	0x3b
 5689 2bc8 DA2B0000 		.4byte	0x2bda
 5690 2bcc 30       		.uleb128 0x30
 5691 2bcd 6D736700 		.ascii	"msg\000"
 5692 2bd1 25       		.byte	0x25
 5693 2bd2 9603     		.2byte	0x396
 5694 2bd4 46       		.byte	0x46
 5695 2bd5 EA090000 		.4byte	0x9ea
 5696 2bd9 00       		.byte	0
 5697 2bda 06       		.uleb128 0x6
 5698 2bdb 04       		.byte	0x4
 5699 2bdc 4F0B0000 		.4byte	0xb4f
 5700 2be0 38       		.uleb128 0x38
ARM GAS  /tmp/cc0F93am.s 			page 101


 5701 2be1 810B0000 		.4byte	.LASF542
 5702 2be5 25       		.byte	0x25
 5703 2be6 8903     		.2byte	0x389
 5704 2be8 14       		.byte	0x14
 5705 2be9 082C0000 		.4byte	0x2c08
 5706 2bed 30       		.uleb128 0x30
 5707 2bee 74717000 		.ascii	"tqp\000"
 5708 2bf2 25       		.byte	0x25
 5709 2bf3 8903     		.2byte	0x389
 5710 2bf5 3C       		.byte	0x3c
 5711 2bf6 DA2B0000 		.4byte	0x2bda
 5712 2bfa 30       		.uleb128 0x30
 5713 2bfb 6D736700 		.ascii	"msg\000"
 5714 2bff 25       		.byte	0x25
 5715 2c00 8903     		.2byte	0x389
 5716 2c02 47       		.byte	0x47
 5717 2c03 EA090000 		.4byte	0x9ea
 5718 2c07 00       		.byte	0
 5719 2c08 39       		.uleb128 0x39
 5720 2c09 E8110000 		.4byte	.LASF556
 5721 2c0d 25       		.byte	0x25
 5722 2c0e 7B03     		.2byte	0x37b
 5723 2c10 15       		.byte	0x15
 5724 2c11 EA090000 		.4byte	0x9ea
 5725 2c15 342C0000 		.4byte	0x2c34
 5726 2c19 30       		.uleb128 0x30
 5727 2c1a 74717000 		.ascii	"tqp\000"
 5728 2c1e 25       		.byte	0x25
 5729 2c1f 7B03     		.2byte	0x37b
 5730 2c21 40       		.byte	0x40
 5731 2c22 DA2B0000 		.4byte	0x2bda
 5732 2c26 2C       		.uleb128 0x2c
 5733 2c27 160C0000 		.4byte	.LASF515
 5734 2c2b 25       		.byte	0x25
 5735 2c2c 7C03     		.2byte	0x37c
 5736 2c2e 3D       		.byte	0x3d
 5737 2c2f 4A0D0000 		.4byte	0xd4a
 5738 2c33 00       		.byte	0
 5739 2c34 38       		.uleb128 0x38
 5740 2c35 4E170000 		.4byte	.LASF543
 5741 2c39 25       		.byte	0x25
 5742 2c3a 5F03     		.2byte	0x35f
 5743 2c3c 14       		.byte	0x14
 5744 2c3d 4F2C0000 		.4byte	0x2c4f
 5745 2c41 30       		.uleb128 0x30
 5746 2c42 74717000 		.ascii	"tqp\000"
 5747 2c46 25       		.byte	0x25
 5748 2c47 5F03     		.2byte	0x35f
 5749 2c49 3F       		.byte	0x3f
 5750 2c4a DA2B0000 		.4byte	0x2bda
 5751 2c4e 00       		.byte	0
 5752 2c4f 3A       		.uleb128 0x3a
 5753 2c50 3B020000 		.4byte	.LASF544
 5754 2c54 25       		.byte	0x25
 5755 2c55 4702     		.2byte	0x247
 5756 2c57 14       		.byte	0x14
 5757 2c58 3A       		.uleb128 0x3a
ARM GAS  /tmp/cc0F93am.s 			page 102


 5758 2c59 8E020000 		.4byte	.LASF545
 5759 2c5d 25       		.byte	0x25
 5760 2c5e 3C02     		.2byte	0x23c
 5761 2c60 14       		.byte	0x14
 5762 2c61 38       		.uleb128 0x38
 5763 2c62 44000000 		.4byte	.LASF546
 5764 2c66 26       		.byte	0x26
 5765 2c67 8801     		.2byte	0x188
 5766 2c69 14       		.byte	0x14
 5767 2c6a 7C2C0000 		.4byte	0x2c7c
 5768 2c6e 30       		.uleb128 0x30
 5769 2c6f 74717000 		.ascii	"tqp\000"
 5770 2c73 26       		.byte	0x26
 5771 2c74 8801     		.2byte	0x188
 5772 2c76 3A       		.byte	0x3a
 5773 2c77 DA2B0000 		.4byte	0x2bda
 5774 2c7b 00       		.byte	0
 5775 2c7c 38       		.uleb128 0x38
 5776 2c7d 1E0C0000 		.4byte	.LASF547
 5777 2c81 13       		.byte	0x13
 5778 2c82 6D01     		.2byte	0x16d
 5779 2c84 14       		.byte	0x14
 5780 2c85 932C0000 		.4byte	0x2c93
 5781 2c89 32       		.uleb128 0x32
 5782 2c8a FE000000 		.4byte	.LASF519
 5783 2c8e A32C0000 		.4byte	0x2ca3
 5784 2c92 00       		.byte	0
 5785 2c93 0B       		.uleb128 0xb
 5786 2c94 70010000 		.4byte	0x170
 5787 2c98 A32C0000 		.4byte	0x2ca3
 5788 2c9c 0C       		.uleb128 0xc
 5789 2c9d 35000000 		.4byte	0x35
 5790 2ca1 0B       		.byte	0xb
 5791 2ca2 00       		.byte	0
 5792 2ca3 10       		.uleb128 0x10
 5793 2ca4 932C0000 		.4byte	0x2c93
 5794 2ca8 3A       		.uleb128 0x3a
 5795 2ca9 A5080000 		.4byte	.LASF548
 5796 2cad 13       		.byte	0x13
 5797 2cae 6101     		.2byte	0x161
 5798 2cb0 14       		.byte	0x14
 5799 2cb1 38       		.uleb128 0x38
 5800 2cb2 E50E0000 		.4byte	.LASF549
 5801 2cb6 09       		.byte	0x9
 5802 2cb7 1A02     		.2byte	0x21a
 5803 2cb9 14       		.byte	0x14
 5804 2cba CC2C0000 		.4byte	0x2ccc
 5805 2cbe 30       		.uleb128 0x30
 5806 2cbf 74717000 		.ascii	"tqp\000"
 5807 2cc3 09       		.byte	0x9
 5808 2cc4 1A02     		.2byte	0x21a
 5809 2cc6 30       		.byte	0x30
 5810 2cc7 DA2B0000 		.4byte	0x2bda
 5811 2ccb 00       		.byte	0
 5812 2ccc 3A       		.uleb128 0x3a
 5813 2ccd 11030000 		.4byte	.LASF550
 5814 2cd1 0F       		.byte	0xf
ARM GAS  /tmp/cc0F93am.s 			page 103


 5815 2cd2 B502     		.2byte	0x2b5
 5816 2cd4 1B       		.byte	0x1b
 5817 2cd5 3A       		.uleb128 0x3a
 5818 2cd6 FA120000 		.4byte	.LASF551
 5819 2cda 0F       		.byte	0xf
 5820 2cdb 9D02     		.2byte	0x29d
 5821 2cdd 1B       		.byte	0x1b
 5822 2cde 3B       		.uleb128 0x3b
 5823 2cdf 9D110000 		.4byte	.LASF557
 5824 2ce3 27       		.byte	0x27
 5825 2ce4 EB01     		.2byte	0x1eb
 5826 2ce6 1B       		.byte	0x1b
 5827 2ce7 2C       		.uleb128 0x2c
 5828 2ce8 CA010000 		.4byte	.LASF552
 5829 2cec 27       		.byte	0x27
 5830 2ced EB01     		.2byte	0x1eb
 5831 2cef 32       		.byte	0x32
 5832 2cf0 91090000 		.4byte	0x991
 5833 2cf4 00       		.byte	0
 5834 2cf5 00       		.byte	0
 5835              		.section	.gnu.debuglto_.debug_abbrev,"e",%progbits
 5836              	.Ldebug_abbrev0:
 5837 0000 01       		.uleb128 0x1
 5838 0001 11       		.uleb128 0x11
 5839 0002 01       		.byte	0x1
 5840 0003 25       		.uleb128 0x25
 5841 0004 0E       		.uleb128 0xe
 5842 0005 13       		.uleb128 0x13
 5843 0006 0B       		.uleb128 0xb
 5844 0007 03       		.uleb128 0x3
 5845 0008 0E       		.uleb128 0xe
 5846 0009 1B       		.uleb128 0x1b
 5847 000a 0E       		.uleb128 0xe
 5848 000b 10       		.uleb128 0x10
 5849 000c 17       		.uleb128 0x17
 5850 000d 00       		.byte	0
 5851 000e 00       		.byte	0
 5852 000f 02       		.uleb128 0x2
 5853 0010 24       		.uleb128 0x24
 5854 0011 00       		.byte	0
 5855 0012 0B       		.uleb128 0xb
 5856 0013 0B       		.uleb128 0xb
 5857 0014 3E       		.uleb128 0x3e
 5858 0015 0B       		.uleb128 0xb
 5859 0016 03       		.uleb128 0x3
 5860 0017 08       		.uleb128 0x8
 5861 0018 00       		.byte	0
 5862 0019 00       		.byte	0
 5863 001a 03       		.uleb128 0x3
 5864 001b 16       		.uleb128 0x16
 5865 001c 00       		.byte	0
 5866 001d 03       		.uleb128 0x3
 5867 001e 0E       		.uleb128 0xe
 5868 001f 3A       		.uleb128 0x3a
 5869 0020 0B       		.uleb128 0xb
 5870 0021 3B       		.uleb128 0x3b
 5871 0022 0B       		.uleb128 0xb
ARM GAS  /tmp/cc0F93am.s 			page 104


 5872 0023 39       		.uleb128 0x39
 5873 0024 0B       		.uleb128 0xb
 5874 0025 49       		.uleb128 0x49
 5875 0026 13       		.uleb128 0x13
 5876 0027 00       		.byte	0
 5877 0028 00       		.byte	0
 5878 0029 04       		.uleb128 0x4
 5879 002a 35       		.uleb128 0x35
 5880 002b 00       		.byte	0
 5881 002c 49       		.uleb128 0x49
 5882 002d 13       		.uleb128 0x13
 5883 002e 00       		.byte	0
 5884 002f 00       		.byte	0
 5885 0030 05       		.uleb128 0x5
 5886 0031 24       		.uleb128 0x24
 5887 0032 00       		.byte	0
 5888 0033 0B       		.uleb128 0xb
 5889 0034 0B       		.uleb128 0xb
 5890 0035 3E       		.uleb128 0x3e
 5891 0036 0B       		.uleb128 0xb
 5892 0037 03       		.uleb128 0x3
 5893 0038 0E       		.uleb128 0xe
 5894 0039 00       		.byte	0
 5895 003a 00       		.byte	0
 5896 003b 06       		.uleb128 0x6
 5897 003c 0F       		.uleb128 0xf
 5898 003d 00       		.byte	0
 5899 003e 0B       		.uleb128 0xb
 5900 003f 0B       		.uleb128 0xb
 5901 0040 49       		.uleb128 0x49
 5902 0041 13       		.uleb128 0x13
 5903 0042 00       		.byte	0
 5904 0043 00       		.byte	0
 5905 0044 07       		.uleb128 0x7
 5906 0045 13       		.uleb128 0x13
 5907 0046 00       		.byte	0
 5908 0047 03       		.uleb128 0x3
 5909 0048 0E       		.uleb128 0xe
 5910 0049 3C       		.uleb128 0x3c
 5911 004a 19       		.uleb128 0x19
 5912 004b 00       		.byte	0
 5913 004c 00       		.byte	0
 5914 004d 08       		.uleb128 0x8
 5915 004e 16       		.uleb128 0x16
 5916 004f 00       		.byte	0
 5917 0050 03       		.uleb128 0x3
 5918 0051 0E       		.uleb128 0xe
 5919 0052 3A       		.uleb128 0x3a
 5920 0053 0B       		.uleb128 0xb
 5921 0054 3B       		.uleb128 0x3b
 5922 0055 05       		.uleb128 0x5
 5923 0056 39       		.uleb128 0x39
 5924 0057 0B       		.uleb128 0xb
 5925 0058 49       		.uleb128 0x49
 5926 0059 13       		.uleb128 0x13
 5927 005a 00       		.byte	0
 5928 005b 00       		.byte	0
ARM GAS  /tmp/cc0F93am.s 			page 105


 5929 005c 09       		.uleb128 0x9
 5930 005d 17       		.uleb128 0x17
 5931 005e 01       		.byte	0x1
 5932 005f 0B       		.uleb128 0xb
 5933 0060 0B       		.uleb128 0xb
 5934 0061 3A       		.uleb128 0x3a
 5935 0062 0B       		.uleb128 0xb
 5936 0063 3B       		.uleb128 0x3b
 5937 0064 0B       		.uleb128 0xb
 5938 0065 39       		.uleb128 0x39
 5939 0066 0B       		.uleb128 0xb
 5940 0067 01       		.uleb128 0x1
 5941 0068 13       		.uleb128 0x13
 5942 0069 00       		.byte	0
 5943 006a 00       		.byte	0
 5944 006b 0A       		.uleb128 0xa
 5945 006c 0D       		.uleb128 0xd
 5946 006d 00       		.byte	0
 5947 006e 03       		.uleb128 0x3
 5948 006f 0E       		.uleb128 0xe
 5949 0070 3A       		.uleb128 0x3a
 5950 0071 0B       		.uleb128 0xb
 5951 0072 3B       		.uleb128 0x3b
 5952 0073 0B       		.uleb128 0xb
 5953 0074 39       		.uleb128 0x39
 5954 0075 0B       		.uleb128 0xb
 5955 0076 49       		.uleb128 0x49
 5956 0077 13       		.uleb128 0x13
 5957 0078 00       		.byte	0
 5958 0079 00       		.byte	0
 5959 007a 0B       		.uleb128 0xb
 5960 007b 01       		.uleb128 0x1
 5961 007c 01       		.byte	0x1
 5962 007d 49       		.uleb128 0x49
 5963 007e 13       		.uleb128 0x13
 5964 007f 01       		.uleb128 0x1
 5965 0080 13       		.uleb128 0x13
 5966 0081 00       		.byte	0
 5967 0082 00       		.byte	0
 5968 0083 0C       		.uleb128 0xc
 5969 0084 21       		.uleb128 0x21
 5970 0085 00       		.byte	0
 5971 0086 49       		.uleb128 0x49
 5972 0087 13       		.uleb128 0x13
 5973 0088 2F       		.uleb128 0x2f
 5974 0089 0B       		.uleb128 0xb
 5975 008a 00       		.byte	0
 5976 008b 00       		.byte	0
 5977 008c 0D       		.uleb128 0xd
 5978 008d 13       		.uleb128 0x13
 5979 008e 01       		.byte	0x1
 5980 008f 0B       		.uleb128 0xb
 5981 0090 0B       		.uleb128 0xb
 5982 0091 3A       		.uleb128 0x3a
 5983 0092 0B       		.uleb128 0xb
 5984 0093 3B       		.uleb128 0x3b
 5985 0094 0B       		.uleb128 0xb
ARM GAS  /tmp/cc0F93am.s 			page 106


 5986 0095 39       		.uleb128 0x39
 5987 0096 0B       		.uleb128 0xb
 5988 0097 01       		.uleb128 0x1
 5989 0098 13       		.uleb128 0x13
 5990 0099 00       		.byte	0
 5991 009a 00       		.byte	0
 5992 009b 0E       		.uleb128 0xe
 5993 009c 0D       		.uleb128 0xd
 5994 009d 00       		.byte	0
 5995 009e 03       		.uleb128 0x3
 5996 009f 0E       		.uleb128 0xe
 5997 00a0 3A       		.uleb128 0x3a
 5998 00a1 0B       		.uleb128 0xb
 5999 00a2 3B       		.uleb128 0x3b
 6000 00a3 0B       		.uleb128 0xb
 6001 00a4 39       		.uleb128 0x39
 6002 00a5 0B       		.uleb128 0xb
 6003 00a6 49       		.uleb128 0x49
 6004 00a7 13       		.uleb128 0x13
 6005 00a8 38       		.uleb128 0x38
 6006 00a9 0B       		.uleb128 0xb
 6007 00aa 00       		.byte	0
 6008 00ab 00       		.byte	0
 6009 00ac 0F       		.uleb128 0xf
 6010 00ad 0F       		.uleb128 0xf
 6011 00ae 00       		.byte	0
 6012 00af 0B       		.uleb128 0xb
 6013 00b0 0B       		.uleb128 0xb
 6014 00b1 00       		.byte	0
 6015 00b2 00       		.byte	0
 6016 00b3 10       		.uleb128 0x10
 6017 00b4 26       		.uleb128 0x26
 6018 00b5 00       		.byte	0
 6019 00b6 49       		.uleb128 0x49
 6020 00b7 13       		.uleb128 0x13
 6021 00b8 00       		.byte	0
 6022 00b9 00       		.byte	0
 6023 00ba 11       		.uleb128 0x11
 6024 00bb 13       		.uleb128 0x13
 6025 00bc 01       		.byte	0x1
 6026 00bd 03       		.uleb128 0x3
 6027 00be 0E       		.uleb128 0xe
 6028 00bf 0B       		.uleb128 0xb
 6029 00c0 0B       		.uleb128 0xb
 6030 00c1 3A       		.uleb128 0x3a
 6031 00c2 0B       		.uleb128 0xb
 6032 00c3 3B       		.uleb128 0x3b
 6033 00c4 0B       		.uleb128 0xb
 6034 00c5 39       		.uleb128 0x39
 6035 00c6 0B       		.uleb128 0xb
 6036 00c7 01       		.uleb128 0x1
 6037 00c8 13       		.uleb128 0x13
 6038 00c9 00       		.byte	0
 6039 00ca 00       		.byte	0
 6040 00cb 12       		.uleb128 0x12
 6041 00cc 0D       		.uleb128 0xd
 6042 00cd 00       		.byte	0
ARM GAS  /tmp/cc0F93am.s 			page 107


 6043 00ce 03       		.uleb128 0x3
 6044 00cf 08       		.uleb128 0x8
 6045 00d0 3A       		.uleb128 0x3a
 6046 00d1 0B       		.uleb128 0xb
 6047 00d2 3B       		.uleb128 0x3b
 6048 00d3 0B       		.uleb128 0xb
 6049 00d4 39       		.uleb128 0x39
 6050 00d5 0B       		.uleb128 0xb
 6051 00d6 49       		.uleb128 0x49
 6052 00d7 13       		.uleb128 0x13
 6053 00d8 38       		.uleb128 0x38
 6054 00d9 0B       		.uleb128 0xb
 6055 00da 00       		.byte	0
 6056 00db 00       		.byte	0
 6057 00dc 13       		.uleb128 0x13
 6058 00dd 13       		.uleb128 0x13
 6059 00de 01       		.byte	0x1
 6060 00df 03       		.uleb128 0x3
 6061 00e0 0E       		.uleb128 0xe
 6062 00e1 0B       		.uleb128 0xb
 6063 00e2 05       		.uleb128 0x5
 6064 00e3 3A       		.uleb128 0x3a
 6065 00e4 0B       		.uleb128 0xb
 6066 00e5 3B       		.uleb128 0x3b
 6067 00e6 0B       		.uleb128 0xb
 6068 00e7 39       		.uleb128 0x39
 6069 00e8 0B       		.uleb128 0xb
 6070 00e9 01       		.uleb128 0x1
 6071 00ea 13       		.uleb128 0x13
 6072 00eb 00       		.byte	0
 6073 00ec 00       		.byte	0
 6074 00ed 14       		.uleb128 0x14
 6075 00ee 0D       		.uleb128 0xd
 6076 00ef 00       		.byte	0
 6077 00f0 03       		.uleb128 0x3
 6078 00f1 0E       		.uleb128 0xe
 6079 00f2 3A       		.uleb128 0x3a
 6080 00f3 0B       		.uleb128 0xb
 6081 00f4 3B       		.uleb128 0x3b
 6082 00f5 0B       		.uleb128 0xb
 6083 00f6 39       		.uleb128 0x39
 6084 00f7 0B       		.uleb128 0xb
 6085 00f8 49       		.uleb128 0x49
 6086 00f9 13       		.uleb128 0x13
 6087 00fa 38       		.uleb128 0x38
 6088 00fb 05       		.uleb128 0x5
 6089 00fc 00       		.byte	0
 6090 00fd 00       		.byte	0
 6091 00fe 15       		.uleb128 0x15
 6092 00ff 15       		.uleb128 0x15
 6093 0100 00       		.byte	0
 6094 0101 27       		.uleb128 0x27
 6095 0102 19       		.uleb128 0x19
 6096 0103 00       		.byte	0
 6097 0104 00       		.byte	0
 6098 0105 16       		.uleb128 0x16
 6099 0106 15       		.uleb128 0x15
ARM GAS  /tmp/cc0F93am.s 			page 108


 6100 0107 01       		.byte	0x1
 6101 0108 27       		.uleb128 0x27
 6102 0109 19       		.uleb128 0x19
 6103 010a 49       		.uleb128 0x49
 6104 010b 13       		.uleb128 0x13
 6105 010c 01       		.uleb128 0x1
 6106 010d 13       		.uleb128 0x13
 6107 010e 00       		.byte	0
 6108 010f 00       		.byte	0
 6109 0110 17       		.uleb128 0x17
 6110 0111 05       		.uleb128 0x5
 6111 0112 00       		.byte	0
 6112 0113 49       		.uleb128 0x49
 6113 0114 13       		.uleb128 0x13
 6114 0115 00       		.byte	0
 6115 0116 00       		.byte	0
 6116 0117 18       		.uleb128 0x18
 6117 0118 13       		.uleb128 0x13
 6118 0119 01       		.byte	0x1
 6119 011a 03       		.uleb128 0x3
 6120 011b 0E       		.uleb128 0xe
 6121 011c 0B       		.uleb128 0xb
 6122 011d 05       		.uleb128 0x5
 6123 011e 3A       		.uleb128 0x3a
 6124 011f 0B       		.uleb128 0xb
 6125 0120 3B       		.uleb128 0x3b
 6126 0121 05       		.uleb128 0x5
 6127 0122 39       		.uleb128 0x39
 6128 0123 0B       		.uleb128 0xb
 6129 0124 01       		.uleb128 0x1
 6130 0125 13       		.uleb128 0x13
 6131 0126 00       		.byte	0
 6132 0127 00       		.byte	0
 6133 0128 19       		.uleb128 0x19
 6134 0129 0D       		.uleb128 0xd
 6135 012a 00       		.byte	0
 6136 012b 03       		.uleb128 0x3
 6137 012c 0E       		.uleb128 0xe
 6138 012d 3A       		.uleb128 0x3a
 6139 012e 0B       		.uleb128 0xb
 6140 012f 3B       		.uleb128 0x3b
 6141 0130 05       		.uleb128 0x5
 6142 0131 39       		.uleb128 0x39
 6143 0132 0B       		.uleb128 0xb
 6144 0133 49       		.uleb128 0x49
 6145 0134 13       		.uleb128 0x13
 6146 0135 38       		.uleb128 0x38
 6147 0136 0B       		.uleb128 0xb
 6148 0137 00       		.byte	0
 6149 0138 00       		.byte	0
 6150 0139 1A       		.uleb128 0x1a
 6151 013a 0D       		.uleb128 0xd
 6152 013b 00       		.byte	0
 6153 013c 03       		.uleb128 0x3
 6154 013d 0E       		.uleb128 0xe
 6155 013e 3A       		.uleb128 0x3a
 6156 013f 0B       		.uleb128 0xb
ARM GAS  /tmp/cc0F93am.s 			page 109


 6157 0140 3B       		.uleb128 0x3b
 6158 0141 05       		.uleb128 0x5
 6159 0142 39       		.uleb128 0x39
 6160 0143 0B       		.uleb128 0xb
 6161 0144 49       		.uleb128 0x49
 6162 0145 13       		.uleb128 0x13
 6163 0146 38       		.uleb128 0x38
 6164 0147 05       		.uleb128 0x5
 6165 0148 00       		.byte	0
 6166 0149 00       		.byte	0
 6167 014a 1B       		.uleb128 0x1b
 6168 014b 13       		.uleb128 0x13
 6169 014c 01       		.byte	0x1
 6170 014d 03       		.uleb128 0x3
 6171 014e 0E       		.uleb128 0xe
 6172 014f 0B       		.uleb128 0xb
 6173 0150 0B       		.uleb128 0xb
 6174 0151 3A       		.uleb128 0x3a
 6175 0152 0B       		.uleb128 0xb
 6176 0153 3B       		.uleb128 0x3b
 6177 0154 05       		.uleb128 0x5
 6178 0155 39       		.uleb128 0x39
 6179 0156 0B       		.uleb128 0xb
 6180 0157 01       		.uleb128 0x1
 6181 0158 13       		.uleb128 0x13
 6182 0159 00       		.byte	0
 6183 015a 00       		.byte	0
 6184 015b 1C       		.uleb128 0x1c
 6185 015c 13       		.uleb128 0x13
 6186 015d 01       		.byte	0x1
 6187 015e 0B       		.uleb128 0xb
 6188 015f 0B       		.uleb128 0xb
 6189 0160 3A       		.uleb128 0x3a
 6190 0161 0B       		.uleb128 0xb
 6191 0162 3B       		.uleb128 0x3b
 6192 0163 05       		.uleb128 0x5
 6193 0164 39       		.uleb128 0x39
 6194 0165 0B       		.uleb128 0xb
 6195 0166 01       		.uleb128 0x1
 6196 0167 13       		.uleb128 0x13
 6197 0168 00       		.byte	0
 6198 0169 00       		.byte	0
 6199 016a 1D       		.uleb128 0x1d
 6200 016b 17       		.uleb128 0x17
 6201 016c 01       		.byte	0x1
 6202 016d 0B       		.uleb128 0xb
 6203 016e 0B       		.uleb128 0xb
 6204 016f 3A       		.uleb128 0x3a
 6205 0170 0B       		.uleb128 0xb
 6206 0171 3B       		.uleb128 0x3b
 6207 0172 05       		.uleb128 0x5
 6208 0173 39       		.uleb128 0x39
 6209 0174 0B       		.uleb128 0xb
 6210 0175 01       		.uleb128 0x1
 6211 0176 13       		.uleb128 0x13
 6212 0177 00       		.byte	0
 6213 0178 00       		.byte	0
ARM GAS  /tmp/cc0F93am.s 			page 110


 6214 0179 1E       		.uleb128 0x1e
 6215 017a 0D       		.uleb128 0xd
 6216 017b 00       		.byte	0
 6217 017c 03       		.uleb128 0x3
 6218 017d 0E       		.uleb128 0xe
 6219 017e 3A       		.uleb128 0x3a
 6220 017f 0B       		.uleb128 0xb
 6221 0180 3B       		.uleb128 0x3b
 6222 0181 05       		.uleb128 0x5
 6223 0182 39       		.uleb128 0x39
 6224 0183 0B       		.uleb128 0xb
 6225 0184 49       		.uleb128 0x49
 6226 0185 13       		.uleb128 0x13
 6227 0186 00       		.byte	0
 6228 0187 00       		.byte	0
 6229 0188 1F       		.uleb128 0x1f
 6230 0189 15       		.uleb128 0x15
 6231 018a 01       		.byte	0x1
 6232 018b 27       		.uleb128 0x27
 6233 018c 19       		.uleb128 0x19
 6234 018d 01       		.uleb128 0x1
 6235 018e 13       		.uleb128 0x13
 6236 018f 00       		.byte	0
 6237 0190 00       		.byte	0
 6238 0191 20       		.uleb128 0x20
 6239 0192 34       		.uleb128 0x34
 6240 0193 00       		.byte	0
 6241 0194 03       		.uleb128 0x3
 6242 0195 0E       		.uleb128 0xe
 6243 0196 3A       		.uleb128 0x3a
 6244 0197 0B       		.uleb128 0xb
 6245 0198 3B       		.uleb128 0x3b
 6246 0199 05       		.uleb128 0x5
 6247 019a 39       		.uleb128 0x39
 6248 019b 0B       		.uleb128 0xb
 6249 019c 49       		.uleb128 0x49
 6250 019d 13       		.uleb128 0x13
 6251 019e 3F       		.uleb128 0x3f
 6252 019f 19       		.uleb128 0x19
 6253 01a0 3C       		.uleb128 0x3c
 6254 01a1 19       		.uleb128 0x19
 6255 01a2 00       		.byte	0
 6256 01a3 00       		.byte	0
 6257 01a4 21       		.uleb128 0x21
 6258 01a5 0D       		.uleb128 0xd
 6259 01a6 00       		.byte	0
 6260 01a7 03       		.uleb128 0x3
 6261 01a8 08       		.uleb128 0x8
 6262 01a9 3A       		.uleb128 0x3a
 6263 01aa 0B       		.uleb128 0xb
 6264 01ab 3B       		.uleb128 0x3b
 6265 01ac 05       		.uleb128 0x5
 6266 01ad 39       		.uleb128 0x39
 6267 01ae 0B       		.uleb128 0xb
 6268 01af 49       		.uleb128 0x49
 6269 01b0 13       		.uleb128 0x13
 6270 01b1 38       		.uleb128 0x38
ARM GAS  /tmp/cc0F93am.s 			page 111


 6271 01b2 0B       		.uleb128 0xb
 6272 01b3 00       		.byte	0
 6273 01b4 00       		.byte	0
 6274 01b5 22       		.uleb128 0x22
 6275 01b6 34       		.uleb128 0x34
 6276 01b7 00       		.byte	0
 6277 01b8 03       		.uleb128 0x3
 6278 01b9 0E       		.uleb128 0xe
 6279 01ba 3A       		.uleb128 0x3a
 6280 01bb 0B       		.uleb128 0xb
 6281 01bc 3B       		.uleb128 0x3b
 6282 01bd 0B       		.uleb128 0xb
 6283 01be 39       		.uleb128 0x39
 6284 01bf 0B       		.uleb128 0xb
 6285 01c0 49       		.uleb128 0x49
 6286 01c1 13       		.uleb128 0x13
 6287 01c2 3F       		.uleb128 0x3f
 6288 01c3 19       		.uleb128 0x19
 6289 01c4 3C       		.uleb128 0x3c
 6290 01c5 19       		.uleb128 0x19
 6291 01c6 00       		.byte	0
 6292 01c7 00       		.byte	0
 6293 01c8 23       		.uleb128 0x23
 6294 01c9 34       		.uleb128 0x34
 6295 01ca 00       		.byte	0
 6296 01cb 03       		.uleb128 0x3
 6297 01cc 08       		.uleb128 0x8
 6298 01cd 3A       		.uleb128 0x3a
 6299 01ce 0B       		.uleb128 0xb
 6300 01cf 3B       		.uleb128 0x3b
 6301 01d0 05       		.uleb128 0x5
 6302 01d1 39       		.uleb128 0x39
 6303 01d2 0B       		.uleb128 0xb
 6304 01d3 49       		.uleb128 0x49
 6305 01d4 13       		.uleb128 0x13
 6306 01d5 3F       		.uleb128 0x3f
 6307 01d6 19       		.uleb128 0x19
 6308 01d7 3C       		.uleb128 0x3c
 6309 01d8 19       		.uleb128 0x19
 6310 01d9 00       		.byte	0
 6311 01da 00       		.byte	0
 6312 01db 24       		.uleb128 0x24
 6313 01dc 21       		.uleb128 0x21
 6314 01dd 00       		.byte	0
 6315 01de 00       		.byte	0
 6316 01df 00       		.byte	0
 6317 01e0 25       		.uleb128 0x25
 6318 01e1 04       		.uleb128 0x4
 6319 01e2 01       		.byte	0x1
 6320 01e3 3E       		.uleb128 0x3e
 6321 01e4 0B       		.uleb128 0xb
 6322 01e5 0B       		.uleb128 0xb
 6323 01e6 0B       		.uleb128 0xb
 6324 01e7 49       		.uleb128 0x49
 6325 01e8 13       		.uleb128 0x13
 6326 01e9 3A       		.uleb128 0x3a
 6327 01ea 0B       		.uleb128 0xb
ARM GAS  /tmp/cc0F93am.s 			page 112


 6328 01eb 3B       		.uleb128 0x3b
 6329 01ec 0B       		.uleb128 0xb
 6330 01ed 39       		.uleb128 0x39
 6331 01ee 0B       		.uleb128 0xb
 6332 01ef 01       		.uleb128 0x1
 6333 01f0 13       		.uleb128 0x13
 6334 01f1 00       		.byte	0
 6335 01f2 00       		.byte	0
 6336 01f3 26       		.uleb128 0x26
 6337 01f4 28       		.uleb128 0x28
 6338 01f5 00       		.byte	0
 6339 01f6 03       		.uleb128 0x3
 6340 01f7 0E       		.uleb128 0xe
 6341 01f8 1C       		.uleb128 0x1c
 6342 01f9 0B       		.uleb128 0xb
 6343 01fa 00       		.byte	0
 6344 01fb 00       		.byte	0
 6345 01fc 27       		.uleb128 0x27
 6346 01fd 04       		.uleb128 0x4
 6347 01fe 01       		.byte	0x1
 6348 01ff 3E       		.uleb128 0x3e
 6349 0200 0B       		.uleb128 0xb
 6350 0201 0B       		.uleb128 0xb
 6351 0202 0B       		.uleb128 0xb
 6352 0203 49       		.uleb128 0x49
 6353 0204 13       		.uleb128 0x13
 6354 0205 3A       		.uleb128 0x3a
 6355 0206 0B       		.uleb128 0xb
 6356 0207 3B       		.uleb128 0x3b
 6357 0208 05       		.uleb128 0x5
 6358 0209 39       		.uleb128 0x39
 6359 020a 0B       		.uleb128 0xb
 6360 020b 01       		.uleb128 0x1
 6361 020c 13       		.uleb128 0x13
 6362 020d 00       		.byte	0
 6363 020e 00       		.byte	0
 6364 020f 28       		.uleb128 0x28
 6365 0210 13       		.uleb128 0x13
 6366 0211 01       		.byte	0x1
 6367 0212 0B       		.uleb128 0xb
 6368 0213 06       		.uleb128 0x6
 6369 0214 3A       		.uleb128 0x3a
 6370 0215 0B       		.uleb128 0xb
 6371 0216 3B       		.uleb128 0x3b
 6372 0217 0B       		.uleb128 0xb
 6373 0218 39       		.uleb128 0x39
 6374 0219 0B       		.uleb128 0xb
 6375 021a 01       		.uleb128 0x1
 6376 021b 13       		.uleb128 0x13
 6377 021c 00       		.byte	0
 6378 021d 00       		.byte	0
 6379 021e 29       		.uleb128 0x29
 6380 021f 0D       		.uleb128 0xd
 6381 0220 00       		.byte	0
 6382 0221 03       		.uleb128 0x3
 6383 0222 08       		.uleb128 0x8
 6384 0223 3A       		.uleb128 0x3a
ARM GAS  /tmp/cc0F93am.s 			page 113


 6385 0224 0B       		.uleb128 0xb
 6386 0225 3B       		.uleb128 0x3b
 6387 0226 0B       		.uleb128 0xb
 6388 0227 39       		.uleb128 0x39
 6389 0228 0B       		.uleb128 0xb
 6390 0229 49       		.uleb128 0x49
 6391 022a 13       		.uleb128 0x13
 6392 022b 38       		.uleb128 0x38
 6393 022c 05       		.uleb128 0x5
 6394 022d 00       		.byte	0
 6395 022e 00       		.byte	0
 6396 022f 2A       		.uleb128 0x2a
 6397 0230 21       		.uleb128 0x21
 6398 0231 00       		.byte	0
 6399 0232 49       		.uleb128 0x49
 6400 0233 13       		.uleb128 0x13
 6401 0234 2F       		.uleb128 0x2f
 6402 0235 05       		.uleb128 0x5
 6403 0236 00       		.byte	0
 6404 0237 00       		.byte	0
 6405 0238 2B       		.uleb128 0x2b
 6406 0239 2E       		.uleb128 0x2e
 6407 023a 01       		.byte	0x1
 6408 023b 3F       		.uleb128 0x3f
 6409 023c 19       		.uleb128 0x19
 6410 023d 03       		.uleb128 0x3
 6411 023e 0E       		.uleb128 0xe
 6412 023f 3A       		.uleb128 0x3a
 6413 0240 0B       		.uleb128 0xb
 6414 0241 3B       		.uleb128 0x3b
 6415 0242 05       		.uleb128 0x5
 6416 0243 39       		.uleb128 0x39
 6417 0244 0B       		.uleb128 0xb
 6418 0245 27       		.uleb128 0x27
 6419 0246 19       		.uleb128 0x19
 6420 0247 01       		.uleb128 0x1
 6421 0248 13       		.uleb128 0x13
 6422 0249 00       		.byte	0
 6423 024a 00       		.byte	0
 6424 024b 2C       		.uleb128 0x2c
 6425 024c 05       		.uleb128 0x5
 6426 024d 00       		.byte	0
 6427 024e 03       		.uleb128 0x3
 6428 024f 0E       		.uleb128 0xe
 6429 0250 3A       		.uleb128 0x3a
 6430 0251 0B       		.uleb128 0xb
 6431 0252 3B       		.uleb128 0x3b
 6432 0253 05       		.uleb128 0x5
 6433 0254 39       		.uleb128 0x39
 6434 0255 0B       		.uleb128 0xb
 6435 0256 49       		.uleb128 0x49
 6436 0257 13       		.uleb128 0x13
 6437 0258 00       		.byte	0
 6438 0259 00       		.byte	0
 6439 025a 2D       		.uleb128 0x2d
 6440 025b 0B       		.uleb128 0xb
 6441 025c 01       		.byte	0x1
ARM GAS  /tmp/cc0F93am.s 			page 114


 6442 025d 00       		.byte	0
 6443 025e 00       		.byte	0
 6444 025f 2E       		.uleb128 0x2e
 6445 0260 34       		.uleb128 0x34
 6446 0261 00       		.byte	0
 6447 0262 03       		.uleb128 0x3
 6448 0263 0E       		.uleb128 0xe
 6449 0264 3A       		.uleb128 0x3a
 6450 0265 0B       		.uleb128 0xb
 6451 0266 3B       		.uleb128 0x3b
 6452 0267 05       		.uleb128 0x5
 6453 0268 39       		.uleb128 0x39
 6454 0269 0B       		.uleb128 0xb
 6455 026a 49       		.uleb128 0x49
 6456 026b 13       		.uleb128 0x13
 6457 026c 00       		.byte	0
 6458 026d 00       		.byte	0
 6459 026e 2F       		.uleb128 0x2f
 6460 026f 2E       		.uleb128 0x2e
 6461 0270 01       		.byte	0x1
 6462 0271 3F       		.uleb128 0x3f
 6463 0272 19       		.uleb128 0x19
 6464 0273 03       		.uleb128 0x3
 6465 0274 0E       		.uleb128 0xe
 6466 0275 3A       		.uleb128 0x3a
 6467 0276 0B       		.uleb128 0xb
 6468 0277 3B       		.uleb128 0x3b
 6469 0278 05       		.uleb128 0x5
 6470 0279 39       		.uleb128 0x39
 6471 027a 0B       		.uleb128 0xb
 6472 027b 27       		.uleb128 0x27
 6473 027c 19       		.uleb128 0x19
 6474 027d 49       		.uleb128 0x49
 6475 027e 13       		.uleb128 0x13
 6476 027f 01       		.uleb128 0x1
 6477 0280 13       		.uleb128 0x13
 6478 0281 00       		.byte	0
 6479 0282 00       		.byte	0
 6480 0283 30       		.uleb128 0x30
 6481 0284 05       		.uleb128 0x5
 6482 0285 00       		.byte	0
 6483 0286 03       		.uleb128 0x3
 6484 0287 08       		.uleb128 0x8
 6485 0288 3A       		.uleb128 0x3a
 6486 0289 0B       		.uleb128 0xb
 6487 028a 3B       		.uleb128 0x3b
 6488 028b 05       		.uleb128 0x5
 6489 028c 39       		.uleb128 0x39
 6490 028d 0B       		.uleb128 0xb
 6491 028e 49       		.uleb128 0x49
 6492 028f 13       		.uleb128 0x13
 6493 0290 00       		.byte	0
 6494 0291 00       		.byte	0
 6495 0292 31       		.uleb128 0x31
 6496 0293 34       		.uleb128 0x34
 6497 0294 00       		.byte	0
 6498 0295 03       		.uleb128 0x3
ARM GAS  /tmp/cc0F93am.s 			page 115


 6499 0296 08       		.uleb128 0x8
 6500 0297 3A       		.uleb128 0x3a
 6501 0298 0B       		.uleb128 0xb
 6502 0299 3B       		.uleb128 0x3b
 6503 029a 05       		.uleb128 0x5
 6504 029b 39       		.uleb128 0x39
 6505 029c 0B       		.uleb128 0xb
 6506 029d 49       		.uleb128 0x49
 6507 029e 13       		.uleb128 0x13
 6508 029f 00       		.byte	0
 6509 02a0 00       		.byte	0
 6510 02a1 32       		.uleb128 0x32
 6511 02a2 34       		.uleb128 0x34
 6512 02a3 00       		.byte	0
 6513 02a4 03       		.uleb128 0x3
 6514 02a5 0E       		.uleb128 0xe
 6515 02a6 49       		.uleb128 0x49
 6516 02a7 13       		.uleb128 0x13
 6517 02a8 34       		.uleb128 0x34
 6518 02a9 19       		.uleb128 0x19
 6519 02aa 00       		.byte	0
 6520 02ab 00       		.byte	0
 6521 02ac 33       		.uleb128 0x33
 6522 02ad 2E       		.uleb128 0x2e
 6523 02ae 01       		.byte	0x1
 6524 02af 3F       		.uleb128 0x3f
 6525 02b0 19       		.uleb128 0x19
 6526 02b1 03       		.uleb128 0x3
 6527 02b2 0E       		.uleb128 0xe
 6528 02b3 3A       		.uleb128 0x3a
 6529 02b4 0B       		.uleb128 0xb
 6530 02b5 3B       		.uleb128 0x3b
 6531 02b6 0B       		.uleb128 0xb
 6532 02b7 39       		.uleb128 0x39
 6533 02b8 0B       		.uleb128 0xb
 6534 02b9 27       		.uleb128 0x27
 6535 02ba 19       		.uleb128 0x19
 6536 02bb 01       		.uleb128 0x1
 6537 02bc 13       		.uleb128 0x13
 6538 02bd 00       		.byte	0
 6539 02be 00       		.byte	0
 6540 02bf 34       		.uleb128 0x34
 6541 02c0 05       		.uleb128 0x5
 6542 02c1 00       		.byte	0
 6543 02c2 03       		.uleb128 0x3
 6544 02c3 0E       		.uleb128 0xe
 6545 02c4 3A       		.uleb128 0x3a
 6546 02c5 0B       		.uleb128 0xb
 6547 02c6 3B       		.uleb128 0x3b
 6548 02c7 0B       		.uleb128 0xb
 6549 02c8 39       		.uleb128 0x39
 6550 02c9 0B       		.uleb128 0xb
 6551 02ca 49       		.uleb128 0x49
 6552 02cb 13       		.uleb128 0x13
 6553 02cc 00       		.byte	0
 6554 02cd 00       		.byte	0
 6555 02ce 35       		.uleb128 0x35
ARM GAS  /tmp/cc0F93am.s 			page 116


 6556 02cf 2E       		.uleb128 0x2e
 6557 02d0 01       		.byte	0x1
 6558 02d1 3F       		.uleb128 0x3f
 6559 02d2 19       		.uleb128 0x19
 6560 02d3 03       		.uleb128 0x3
 6561 02d4 0E       		.uleb128 0xe
 6562 02d5 3A       		.uleb128 0x3a
 6563 02d6 0B       		.uleb128 0xb
 6564 02d7 3B       		.uleb128 0x3b
 6565 02d8 0B       		.uleb128 0xb
 6566 02d9 39       		.uleb128 0x39
 6567 02da 0B       		.uleb128 0xb
 6568 02db 27       		.uleb128 0x27
 6569 02dc 19       		.uleb128 0x19
 6570 02dd 49       		.uleb128 0x49
 6571 02de 13       		.uleb128 0x13
 6572 02df 01       		.uleb128 0x1
 6573 02e0 13       		.uleb128 0x13
 6574 02e1 00       		.byte	0
 6575 02e2 00       		.byte	0
 6576 02e3 36       		.uleb128 0x36
 6577 02e4 34       		.uleb128 0x34
 6578 02e5 00       		.byte	0
 6579 02e6 03       		.uleb128 0x3
 6580 02e7 08       		.uleb128 0x8
 6581 02e8 3A       		.uleb128 0x3a
 6582 02e9 0B       		.uleb128 0xb
 6583 02ea 3B       		.uleb128 0x3b
 6584 02eb 0B       		.uleb128 0xb
 6585 02ec 39       		.uleb128 0x39
 6586 02ed 0B       		.uleb128 0xb
 6587 02ee 49       		.uleb128 0x49
 6588 02ef 13       		.uleb128 0x13
 6589 02f0 00       		.byte	0
 6590 02f1 00       		.byte	0
 6591 02f2 37       		.uleb128 0x37
 6592 02f3 05       		.uleb128 0x5
 6593 02f4 00       		.byte	0
 6594 02f5 03       		.uleb128 0x3
 6595 02f6 08       		.uleb128 0x8
 6596 02f7 3A       		.uleb128 0x3a
 6597 02f8 0B       		.uleb128 0xb
 6598 02f9 3B       		.uleb128 0x3b
 6599 02fa 0B       		.uleb128 0xb
 6600 02fb 39       		.uleb128 0x39
 6601 02fc 0B       		.uleb128 0xb
 6602 02fd 49       		.uleb128 0x49
 6603 02fe 13       		.uleb128 0x13
 6604 02ff 00       		.byte	0
 6605 0300 00       		.byte	0
 6606 0301 38       		.uleb128 0x38
 6607 0302 2E       		.uleb128 0x2e
 6608 0303 01       		.byte	0x1
 6609 0304 03       		.uleb128 0x3
 6610 0305 0E       		.uleb128 0xe
 6611 0306 3A       		.uleb128 0x3a
 6612 0307 0B       		.uleb128 0xb
ARM GAS  /tmp/cc0F93am.s 			page 117


 6613 0308 3B       		.uleb128 0x3b
 6614 0309 05       		.uleb128 0x5
 6615 030a 39       		.uleb128 0x39
 6616 030b 0B       		.uleb128 0xb
 6617 030c 27       		.uleb128 0x27
 6618 030d 19       		.uleb128 0x19
 6619 030e 01       		.uleb128 0x1
 6620 030f 13       		.uleb128 0x13
 6621 0310 00       		.byte	0
 6622 0311 00       		.byte	0
 6623 0312 39       		.uleb128 0x39
 6624 0313 2E       		.uleb128 0x2e
 6625 0314 01       		.byte	0x1
 6626 0315 03       		.uleb128 0x3
 6627 0316 0E       		.uleb128 0xe
 6628 0317 3A       		.uleb128 0x3a
 6629 0318 0B       		.uleb128 0xb
 6630 0319 3B       		.uleb128 0x3b
 6631 031a 05       		.uleb128 0x5
 6632 031b 39       		.uleb128 0x39
 6633 031c 0B       		.uleb128 0xb
 6634 031d 27       		.uleb128 0x27
 6635 031e 19       		.uleb128 0x19
 6636 031f 49       		.uleb128 0x49
 6637 0320 13       		.uleb128 0x13
 6638 0321 01       		.uleb128 0x1
 6639 0322 13       		.uleb128 0x13
 6640 0323 00       		.byte	0
 6641 0324 00       		.byte	0
 6642 0325 3A       		.uleb128 0x3a
 6643 0326 2E       		.uleb128 0x2e
 6644 0327 00       		.byte	0
 6645 0328 03       		.uleb128 0x3
 6646 0329 0E       		.uleb128 0xe
 6647 032a 3A       		.uleb128 0x3a
 6648 032b 0B       		.uleb128 0xb
 6649 032c 3B       		.uleb128 0x3b
 6650 032d 05       		.uleb128 0x5
 6651 032e 39       		.uleb128 0x39
 6652 032f 0B       		.uleb128 0xb
 6653 0330 27       		.uleb128 0x27
 6654 0331 19       		.uleb128 0x19
 6655 0332 00       		.byte	0
 6656 0333 00       		.byte	0
 6657 0334 3B       		.uleb128 0x3b
 6658 0335 2E       		.uleb128 0x2e
 6659 0336 01       		.byte	0x1
 6660 0337 03       		.uleb128 0x3
 6661 0338 0E       		.uleb128 0xe
 6662 0339 3A       		.uleb128 0x3a
 6663 033a 0B       		.uleb128 0xb
 6664 033b 3B       		.uleb128 0x3b
 6665 033c 05       		.uleb128 0x5
 6666 033d 39       		.uleb128 0x39
 6667 033e 0B       		.uleb128 0xb
 6668 033f 27       		.uleb128 0x27
 6669 0340 19       		.uleb128 0x19
ARM GAS  /tmp/cc0F93am.s 			page 118


 6670 0341 00       		.byte	0
 6671 0342 00       		.byte	0
 6672 0343 00       		.byte	0
 6673              		.section	.gnu.debuglto_.debug_line,"e",%progbits
 6674              	.Ldebug_line0:
 6675 0000 20060000 		.4byte	.LELT0-.LSLT0
 6676              	.LSLT0:
 6677 0004 0400     		.2byte	0x4
 6678 0006 1A060000 		.4byte	.LELTP0-.LASLTP0
 6679              	.LASLTP0:
 6680 000a 01       		.byte	0x1
 6681 000b 01       		.byte	0x1
 6682 000c 01       		.byte	0x1
 6683 000d F6       		.byte	0xf6
 6684 000e F2       		.byte	0xf2
 6685 000f 0D       		.byte	0xd
 6686 0010 00       		.byte	0
 6687 0011 01       		.byte	0x1
 6688 0012 01       		.byte	0x1
 6689 0013 01       		.byte	0x1
 6690 0014 01       		.byte	0x1
 6691 0015 00       		.byte	0
 6692 0016 00       		.byte	0
 6693 0017 00       		.byte	0
 6694 0018 01       		.byte	0x1
 6695 0019 00       		.byte	0
 6696 001a 00       		.byte	0
 6697 001b 01       		.byte	0x1
 6698 001c 2E2E2F2E 		.ascii	"../../chibios_trunk/os/common/ext/ARM/CMSIS/Core/In"
 6698      2E2F6368 
 6698      6962696F 
 6698      735F7472 
 6698      756E6B2F 
 6699 004f 636C7564 		.ascii	"clude"
 6699      65
 6700 0054 00       		.byte	0
 6701 0055 2E2E2F2E 		.ascii	"../../chibios_trunk/os/common/ext/ST/STM32F4xx"
 6701      2E2F6368 
 6701      6962696F 
 6701      735F7472 
 6701      756E6B2F 
 6702 0083 00       		.byte	0
 6703 0084 2E2E2F2E 		.ascii	"../../chibios_trunk/os/common/ports/ARMCMx/compiler"
 6703      2E2F6368 
 6703      6962696F 
 6703      735F7472 
 6703      756E6B2F 
 6704 00b7 732F4743 		.ascii	"s/GCC"
 6704      43
 6705 00bc 00       		.byte	0
 6706 00bd 2E2E2F2E 		.ascii	"../../chibios_trunk/os/common/ports/ARMCMx"
 6706      2E2F6368 
 6706      6962696F 
 6706      735F7472 
 6706      756E6B2F 
 6707 00e7 00       		.byte	0
 6708 00e8 2E2E2F2E 		.ascii	"../../chibios_trunk/os/hal/include"
ARM GAS  /tmp/cc0F93am.s 			page 119


 6708      2E2F6368 
 6708      6962696F 
 6708      735F7472 
 6708      756E6B2F 
 6709 010a 00       		.byte	0
 6710 010b 2E2E2F2E 		.ascii	"../../chibios_trunk/os/hal/osal/rt-nil"
 6710      2E2F6368 
 6710      6962696F 
 6710      735F7472 
 6710      756E6B2F 
 6711 0131 00       		.byte	0
 6712 0132 2E2E2F2E 		.ascii	"../../chibios_trunk/os/hal/ports/STM32/LLD/DMAv2"
 6712      2E2F6368 
 6712      6962696F 
 6712      735F7472 
 6712      756E6B2F 
 6713 0162 00       		.byte	0
 6714 0163 2E2E2F2E 		.ascii	"../../chibios_trunk/os/hal/ports/STM32/LLD/GPIOv2"
 6714      2E2F6368 
 6714      6962696F 
 6714      735F7472 
 6714      756E6B2F 
 6715 0194 00       		.byte	0
 6716 0195 2E2E2F2E 		.ascii	"../../chibios_trunk/os/hal/ports/STM32/LLD/OTGv1"
 6716      2E2F6368 
 6716      6962696F 
 6716      735F7472 
 6716      756E6B2F 
 6717 01c5 00       		.byte	0
 6718 01c6 2E2E2F2E 		.ascii	"../../chibios_trunk/os/hal/ports/STM32/LLD/TIMv1"
 6718      2E2F6368 
 6718      6962696F 
 6718      735F7472 
 6718      756E6B2F 
 6719 01f6 00       		.byte	0
 6720 01f7 2E2E2F2E 		.ascii	"../../chibios_trunk/os/hal/ports/STM32/LLD/USARTv1"
 6720      2E2F6368 
 6720      6962696F 
 6720      735F7472 
 6720      756E6B2F 
 6721 0229 00       		.byte	0
 6722 022a 2E2E2F2E 		.ascii	"../../chibios_trunk/os/hal/src"
 6722      2E2F6368 
 6722      6962696F 
 6722      735F7472 
 6722      756E6B2F 
 6723 0248 00       		.byte	0
 6724 0249 2E2E2F2E 		.ascii	"../../chibios_trunk/os/oslib/include"
 6724      2E2F6368 
 6724      6962696F 
 6724      735F7472 
 6724      756E6B2F 
 6725 026d 00       		.byte	0
 6726 026e 2E2E2F2E 		.ascii	"../../chibios_trunk/os/rt/include"
 6726      2E2F6368 
 6726      6962696F 
 6726      735F7472 
ARM GAS  /tmp/cc0F93am.s 			page 120


 6726      756E6B2F 
 6727 028f 00       		.byte	0
 6728 0290 2F686F6D 		.ascii	"/home/rob/Projects/ChibiStudio/ChibiStudio_20/tools"
 6728      652F726F 
 6728      622F5072 
 6728      6F6A6563 
 6728      74732F43 
 6729 02c3 2F474E55 		.ascii	"/GNU Tools ARM Embedded/9.2.1 2019q4/arm-none-eabi/"
 6729      20546F6F 
 6729      6C732041 
 6729      524D2045 
 6729      6D626564 
 6730 02f6 696E636C 		.ascii	"include/machine"
 6730      7564652F 
 6730      6D616368 
 6730      696E65
 6731 0305 00       		.byte	0
 6732 0306 2F686F6D 		.ascii	"/home/rob/Projects/ChibiStudio/ChibiStudio_20/tools"
 6732      652F726F 
 6732      622F5072 
 6732      6F6A6563 
 6732      74732F43 
 6733 0339 2F474E55 		.ascii	"/GNU Tools ARM Embedded/9.2.1 2019q4/arm-none-eabi/"
 6733      20546F6F 
 6733      6C732041 
 6733      524D2045 
 6733      6D626564 
 6734 036c 696E636C 		.ascii	"include/sys"
 6734      7564652F 
 6734      737973
 6735 0377 00       		.byte	0
 6736 0378 2F686F6D 		.ascii	"/home/rob/Projects/ChibiStudio/ChibiStudio_20/tools"
 6736      652F726F 
 6736      622F5072 
 6736      6F6A6563 
 6736      74732F43 
 6737 03ab 2F474E55 		.ascii	"/GNU Tools ARM Embedded/9.2.1 2019q4/lib/gcc/arm-no"
 6737      20546F6F 
 6737      6C732041 
 6737      524D2045 
 6737      6D626564 
 6738 03de 6E652D65 		.ascii	"ne-eabi/9.2.1/include"
 6738      6162692F 
 6738      392E322E 
 6738      312F696E 
 6738      636C7564 
 6739 03f3 00       		.byte	0
 6740 03f4 00       		.byte	0
 6741 03f5 73746464 		.ascii	"stddef.h\000"
 6741      65662E68 
 6741      00
 6742 03fe 11       		.uleb128 0x11
 6743 03ff 00       		.uleb128 0
 6744 0400 00       		.uleb128 0
 6745 0401 5F646566 		.ascii	"_default_types.h\000"
 6745      61756C74 
 6745      5F747970 
ARM GAS  /tmp/cc0F93am.s 			page 121


 6745      65732E68 
 6745      00
 6746 0412 0F       		.uleb128 0xf
 6747 0413 00       		.uleb128 0
 6748 0414 00       		.uleb128 0
 6749 0415 6C6F636B 		.ascii	"lock.h\000"
 6749      2E6800
 6750 041c 10       		.uleb128 0x10
 6751 041d 00       		.uleb128 0
 6752 041e 00       		.uleb128 0
 6753 041f 5F747970 		.ascii	"_types.h\000"
 6753      65732E68 
 6753      00
 6754 0428 10       		.uleb128 0x10
 6755 0429 00       		.uleb128 0
 6756 042a 00       		.uleb128 0
 6757 042b 7265656E 		.ascii	"reent.h\000"
 6757      742E6800 
 6758 0433 10       		.uleb128 0x10
 6759 0434 00       		.uleb128 0
 6760 0435 00       		.uleb128 0
 6761 0436 5F737464 		.ascii	"_stdint.h\000"
 6761      696E742E 
 6761      6800
 6762 0440 10       		.uleb128 0x10
 6763 0441 00       		.uleb128 0
 6764 0442 00       		.uleb128 0
 6765 0443 63687479 		.ascii	"chtypes.h\000"
 6765      7065732E 
 6765      6800
 6766 044d 03       		.uleb128 0x3
 6767 044e 00       		.uleb128 0
 6768 044f 00       		.uleb128 0
 6769 0450 63687379 		.ascii	"chsystypes.h\000"
 6769      73747970 
 6769      65732E68 
 6769      00
 6770 045d 0E       		.uleb128 0xe
 6771 045e 00       		.uleb128 0
 6772 045f 00       		.uleb128 0
 6773 0460 63687363 		.ascii	"chschd.h\000"
 6773      68642E68 
 6773      00
 6774 0469 0E       		.uleb128 0xe
 6775 046a 00       		.uleb128 0
 6776 046b 00       		.uleb128 0
 6777 046c 63687469 		.ascii	"chtime.h\000"
 6777      6D652E68 
 6777      00
 6778 0475 0E       		.uleb128 0xe
 6779 0476 00       		.uleb128 0
 6780 0477 00       		.uleb128 0
 6781 0478 636F7265 		.ascii	"core_cm4.h\000"
 6781      5F636D34 
 6781      2E6800
 6782 0483 01       		.uleb128 0x1
 6783 0484 00       		.uleb128 0
ARM GAS  /tmp/cc0F93am.s 			page 122


 6784 0485 00       		.uleb128 0
 6785 0486 73797374 		.ascii	"system_stm32f4xx.h\000"
 6785      656D5F73 
 6785      746D3332 
 6785      66347878 
 6785      2E6800
 6786 0499 02       		.uleb128 0x2
 6787 049a 00       		.uleb128 0
 6788 049b 00       		.uleb128 0
 6789 049c 73746D33 		.ascii	"stm32f401xe.h\000"
 6789      32663430 
 6789      3178652E 
 6789      6800
 6790 04aa 02       		.uleb128 0x2
 6791 04ab 00       		.uleb128 0
 6792 04ac 00       		.uleb128 0
 6793 04ad 6368636F 		.ascii	"chcore.h\000"
 6793      72652E68 
 6793      00
 6794 04b6 04       		.uleb128 0x4
 6795 04b7 00       		.uleb128 0
 6796 04b8 00       		.uleb128 0
 6797 04b9 6368636F 		.ascii	"chcore_v7m.h\000"
 6797      72655F76 
 6797      376D2E68 
 6797      00
 6798 04c6 04       		.uleb128 0x4
 6799 04c7 00       		.uleb128 0
 6800 04c8 00       		.uleb128 0
 6801 04c9 6368746D 		.ascii	"chtm.h\000"
 6801      2E6800
 6802 04d0 0E       		.uleb128 0xe
 6803 04d1 00       		.uleb128 0
 6804 04d2 00       		.uleb128 0
 6805 04d3 63687365 		.ascii	"chsem.h\000"
 6805      6D2E6800 
 6806 04db 0E       		.uleb128 0xe
 6807 04dc 00       		.uleb128 0
 6808 04dd 00       		.uleb128 0
 6809 04de 63686D74 		.ascii	"chmtx.h\000"
 6809      782E6800 
 6810 04e6 0E       		.uleb128 0xe
 6811 04e7 00       		.uleb128 0
 6812 04e8 00       		.uleb128 0
 6813 04e9 63687379 		.ascii	"chsys.h\000"
 6813      732E6800 
 6814 04f1 0E       		.uleb128 0xe
 6815 04f2 00       		.uleb128 0
 6816 04f3 00       		.uleb128 0
 6817 04f4 63687265 		.ascii	"chregistry.h\000"
 6817      67697374 
 6817      72792E68 
 6817      00
 6818 0501 0E       		.uleb128 0xe
 6819 0502 00       		.uleb128 0
 6820 0503 00       		.uleb128 0
 6821 0504 63686D65 		.ascii	"chmemcore.h\000"
ARM GAS  /tmp/cc0F93am.s 			page 123


 6821      6D636F72 
 6821      652E6800 
 6822 0510 0D       		.uleb128 0xd
 6823 0511 00       		.uleb128 0
 6824 0512 00       		.uleb128 0
 6825 0513 63686D65 		.ascii	"chmempools.h\000"
 6825      6D706F6F 
 6825      6C732E68 
 6825      00
 6826 0520 0D       		.uleb128 0xd
 6827 0521 00       		.uleb128 0
 6828 0522 00       		.uleb128 0
 6829 0523 63686661 		.ascii	"chfactory.h\000"
 6829      63746F72 
 6829      792E6800 
 6830 052f 0D       		.uleb128 0xd
 6831 0530 00       		.uleb128 0
 6832 0531 00       		.uleb128 0
 6833 0532 73746D33 		.ascii	"stm32_dma.h\000"
 6833      325F646D 
 6833      612E6800 
 6834 053e 07       		.uleb128 0x7
 6835 053f 00       		.uleb128 0
 6836 0540 00       		.uleb128 0
 6837 0541 73746D33 		.ascii	"stm32_tim.h\000"
 6837      325F7469 
 6837      6D2E6800 
 6838 054d 0A       		.uleb128 0xa
 6839 054e 00       		.uleb128 0
 6840 054f 00       		.uleb128 0
 6841 0550 68616C5F 		.ascii	"hal_buffers.h\000"
 6841      62756666 
 6841      6572732E 
 6841      6800
 6842 055e 05       		.uleb128 0x5
 6843 055f 00       		.uleb128 0
 6844 0560 00       		.uleb128 0
 6845 0561 68616C5F 		.ascii	"hal_pal.h\000"
 6845      70616C2E 
 6845      6800
 6846 056b 05       		.uleb128 0x5
 6847 056c 00       		.uleb128 0
 6848 056d 00       		.uleb128 0
 6849 056e 68616C5F 		.ascii	"hal_pal_lld.h\000"
 6849      70616C5F 
 6849      6C6C642E 
 6849      6800
 6850 057c 08       		.uleb128 0x8
 6851 057d 00       		.uleb128 0
 6852 057e 00       		.uleb128 0
 6853 057f 68616C5F 		.ascii	"hal_icu.h\000"
 6853      6963752E 
 6853      6800
 6854 0589 05       		.uleb128 0x5
 6855 058a 00       		.uleb128 0
 6856 058b 00       		.uleb128 0
 6857 058c 68616C5F 		.ascii	"hal_icu_lld.h\000"
ARM GAS  /tmp/cc0F93am.s 			page 124


 6857      6963755F 
 6857      6C6C642E 
 6857      6800
 6858 059a 0A       		.uleb128 0xa
 6859 059b 00       		.uleb128 0
 6860 059c 00       		.uleb128 0
 6861 059d 68616C5F 		.ascii	"hal_uart.h\000"
 6861      75617274 
 6861      2E6800
 6862 05a8 05       		.uleb128 0x5
 6863 05a9 00       		.uleb128 0
 6864 05aa 00       		.uleb128 0
 6865 05ab 68616C5F 		.ascii	"hal_uart_lld.h\000"
 6865      75617274 
 6865      5F6C6C64 
 6865      2E6800
 6866 05ba 0B       		.uleb128 0xb
 6867 05bb 00       		.uleb128 0
 6868 05bc 00       		.uleb128 0
 6869 05bd 68616C5F 		.ascii	"hal_usb.h\000"
 6869      7573622E 
 6869      6800
 6870 05c7 05       		.uleb128 0x5
 6871 05c8 00       		.uleb128 0
 6872 05c9 00       		.uleb128 0
 6873 05ca 68616C5F 		.ascii	"hal_usb_lld.h\000"
 6873      7573625F 
 6873      6C6C642E 
 6873      6800
 6874 05d8 09       		.uleb128 0x9
 6875 05d9 00       		.uleb128 0
 6876 05da 00       		.uleb128 0
 6877 05db 73746D33 		.ascii	"stm32_otg.h\000"
 6877      325F6F74 
 6877      672E6800 
 6878 05e7 09       		.uleb128 0x9
 6879 05e8 00       		.uleb128 0
 6880 05e9 00       		.uleb128 0
 6881 05ea 68616C5F 		.ascii	"hal_buffers.c\000"
 6881      62756666 
 6881      6572732E 
 6881      6300
 6882 05f8 0C       		.uleb128 0xc
 6883 05f9 00       		.uleb128 0
 6884 05fa 00       		.uleb128 0
 6885 05fb 6F73616C 		.ascii	"osal.h\000"
 6885      2E6800
 6886 0602 06       		.uleb128 0x6
 6887 0603 00       		.uleb128 0
 6888 0604 00       		.uleb128 0
 6889 0605 63687468 		.ascii	"chthreads.h\000"
 6889      72656164 
 6889      732E6800 
 6890 0611 0E       		.uleb128 0xe
 6891 0612 00       		.uleb128 0
 6892 0613 00       		.uleb128 0
 6893 0614 636D7369 		.ascii	"cmsis_gcc.h\000"
ARM GAS  /tmp/cc0F93am.s 			page 125


 6893      735F6763 
 6893      632E6800 
 6894 0620 01       		.uleb128 0x1
 6895 0621 00       		.uleb128 0
 6896 0622 00       		.uleb128 0
 6897 0623 00       		.byte	0
 6898              	.LELTP0:
 6899              	.LELT0:
 6900              		.section	.gnu.debuglto_.debug_str,"eMS",%progbits,1
 6901              	.LASF221:
 6902 0000 6F66665F 		.ascii	"off_ctx\000"
 6902      63747800 
 6903              	.LASF192:
 6904 0008 4D314152 		.ascii	"M1AR\000"
 6904      00
 6905              	.LASF266:
 6906 000d 73746D33 		.ascii	"stm32_dma_stream_t\000"
 6906      325F646D 
 6906      615F7374 
 6906      7265616D 
 6906      5F7400
 6907              	.LASF4:
 6908 0020 73697A65 		.ascii	"size_t\000"
 6908      5F7400
 6909              	.LASF220:
 6910 0027 6F66665F 		.ascii	"off_prio\000"
 6910      7072696F 
 6910      00
 6911              	.LASF316:
 6912 0030 77696474 		.ascii	"width_cb\000"
 6912      685F6362 
 6912      00
 6913              	.LASF124:
 6914 0039 5F5F6C6F 		.ascii	"__locale_t\000"
 6914      63616C65 
 6914      5F7400
 6915              	.LASF546:
 6916 0044 63685468 		.ascii	"chThdQueueObjectInit\000"
 6916      64517565 
 6916      75654F62 
 6916      6A656374 
 6916      496E6974 
 6917              	.LASF23:
 6918 0059 5F5F7661 		.ascii	"__value\000"
 6918      6C756500 
 6919              	.LASF184:
 6920 0061 73797374 		.ascii	"systime_t\000"
 6920      696D655F 
 6920      7400
 6921              	.LASF229:
 6922 006b 6F66665F 		.ascii	"off_preempt\000"
 6922      70726565 
 6922      6D707400 
 6923              	.LASF92:
 6924 0077 5F5F7366 		.ascii	"__sf\000"
 6924      00
 6925              	.LASF211:
ARM GAS  /tmp/cc0F93am.s 			page 126


 6926 007c 6F776E65 		.ascii	"owner\000"
 6926      7200
 6927              	.LASF59:
 6928 0082 5F726561 		.ascii	"_read\000"
 6928      6400
 6929              	.LASF136:
 6930 0088 74707269 		.ascii	"tprio_t\000"
 6930      6F5F7400 
 6931              	.LASF232:
 6932 0090 63685F64 		.ascii	"ch_debug\000"
 6932      65627567 
 6932      00
 6933              	.LASF243:
 6934 0099 70726F76 		.ascii	"provider\000"
 6934      69646572 
 6934      00
 6935              	.LASF60:
 6936 00a2 5F777269 		.ascii	"_write\000"
 6936      746500
 6937              	.LASF483:
 6938 00a9 72785F66 		.ascii	"rx_fifo_size\000"
 6938      69666F5F 
 6938      73697A65 
 6938      00
 6939              	.LASF129:
 6940 00b6 696E7433 		.ascii	"int32_t\000"
 6940      325F7400 
 6941              	.LASF103:
 6942 00be 5F617363 		.ascii	"_asctime_buf\000"
 6942      74696D65 
 6942      5F627566 
 6942      00
 6943              	.LASF86:
 6944 00cb 5F637674 		.ascii	"_cvtlen\000"
 6944      6C656E00 
 6945              	.LASF308:
 6946 00d3 4943555F 		.ascii	"ICU_INPUT_ACTIVE_LOW\000"
 6946      494E5055 
 6946      545F4143 
 6946      54495645 
 6946      5F4C4F57 
 6947              	.LASF409:
 6948 00e8 72657376 		.ascii	"resvd8\000"
 6948      643800
 6949              	.LASF168:
 6950 00ef 76746675 		.ascii	"vtfunc_t\000"
 6950      6E635F74 
 6950      00
 6951              	.LASF322:
 6952 00f8 49435544 		.ascii	"ICUD1\000"
 6952      3100
 6953              	.LASF519:
 6954 00fe 5F5F6675 		.ascii	"__func__\000"
 6954      6E635F5F 
 6954      00
 6955              	.LASF420:
 6956 0107 72657376 		.ascii	"resvdC\000"
ARM GAS  /tmp/cc0F93am.s 			page 127


 6956      644300
 6957              	.LASF174:
 6958 010e 63685F76 		.ascii	"ch_virtual_timers_list\000"
 6958      69727475 
 6958      616C5F74 
 6958      696D6572 
 6958      735F6C69 
 6959              	.LASF122:
 6960 0125 5F756E75 		.ascii	"_unused\000"
 6960      73656400 
 6961              	.LASF33:
 6962 012d 5F5F746D 		.ascii	"__tm\000"
 6962      00
 6963              	.LASF118:
 6964 0132 5F776373 		.ascii	"_wcsrtombs_state\000"
 6964      72746F6D 
 6964      62735F73 
 6964      74617465 
 6964      00
 6965              	.LASF64:
 6966 0143 5F6E6275 		.ascii	"_nbuf\000"
 6966      6600
 6967              	.LASF34:
 6968 0149 5F5F746D 		.ascii	"__tm_sec\000"
 6968      5F736563 
 6968      00
 6969              	.LASF325:
 6970 0152 55415254 		.ascii	"UART_STOP\000"
 6970      5F53544F 
 6970      5000
 6971              	.LASF449:
 6972 015c 48464952 		.ascii	"HFIR\000"
 6972      00
 6973              	.LASF418:
 6974 0161 72657376 		.ascii	"resvd4\000"
 6974      643400
 6975              	.LASF111:
 6976 0168 5F6C3634 		.ascii	"_l64a_buf\000"
 6976      615F6275 
 6976      6600
 6977              	.LASF481:
 6978 0172 4649464F 		.ascii	"FIFO\000"
 6978      00
 6979              	.LASF245:
 6980 0177 63685F64 		.ascii	"ch_dyn_element\000"
 6980      796E5F65 
 6980      6C656D65 
 6980      6E7400
 6981              	.LASF525:
 6982 0186 73697A65 		.ascii	"sizep\000"
 6982      7000
 6983              	.LASF458:
 6984 018c 72657376 		.ascii	"resvd700\000"
 6984      64373030 
 6984      00
 6985              	.LASF302:
 6986 0195 636F6E66 		.ascii	"config\000"
ARM GAS  /tmp/cc0F93am.s 			page 128


 6986      696700
 6987              	.LASF149:
 6988 019c 73746174 		.ascii	"state\000"
 6988      6500
 6989              	.LASF495:
 6990 01a2 65705F6D 		.ascii	"ep_mode\000"
 6990      6F646500 
 6991              	.LASF415:
 6992 01aa 72657376 		.ascii	"resvd1c\000"
 6992      64316300 
 6993              	.LASF68:
 6994 01b2 5F6C6F63 		.ascii	"_lock\000"
 6994      6B00
 6995              	.LASF301:
 6996 01b8 49435544 		.ascii	"ICUDriver\000"
 6996      72697665 
 6996      7200
 6997              	.LASF339:
 6998 01c2 72787374 		.ascii	"rxstate\000"
 6998      61746500 
 6999              	.LASF552:
 7000 01ca 62617365 		.ascii	"basePri\000"
 7000      50726900 
 7001              	.LASF99:
 7002 01d2 5F6D756C 		.ascii	"_mult\000"
 7002      7400
 7003              	.LASF307:
 7004 01d8 4943555F 		.ascii	"ICU_INPUT_ACTIVE_HIGH\000"
 7004      494E5055 
 7004      545F4143 
 7004      54495645 
 7004      5F484947 
 7005              	.LASF250:
 7006 01ee 6F626A5F 		.ascii	"obj_list\000"
 7006      6C697374 
 7006      00
 7007              	.LASF311:
 7008 01f7 4943555F 		.ascii	"ICU_CHANNEL_1\000"
 7008      4348414E 
 7008      4E454C5F 
 7008      3100
 7009              	.LASF274:
 7010 0205 444D4152 		.ascii	"DMAR\000"
 7010      00
 7011              	.LASF494:
 7012 020a 5553424F 		.ascii	"USBOutEndpointState\000"
 7012      7574456E 
 7012      64706F69 
 7012      6E745374 
 7012      61746500 
 7013              	.LASF320:
 7014 021e 64696572 		.ascii	"dier\000"
 7014      00
 7015              	.LASF351:
 7016 0223 7278656E 		.ascii	"rxend_cb\000"
 7016      645F6362 
 7016      00
ARM GAS  /tmp/cc0F93am.s 			page 129


 7017              	.LASF223:
 7018 022c 6F66665F 		.ascii	"off_older\000"
 7018      6F6C6465 
 7018      7200
 7019              	.LASF144:
 7020 0236 7072696F 		.ascii	"prio\000"
 7020      00
 7021              	.LASF544:
 7022 023b 6F73616C 		.ascii	"osalSysUnlock\000"
 7022      53797355 
 7022      6E6C6F63 
 7022      6B00
 7023              	.LASF20:
 7024 0249 5F5F7763 		.ascii	"__wch\000"
 7024      6800
 7025              	.LASF202:
 7026 024f 65786974 		.ascii	"exitcode\000"
 7026      636F6465 
 7026      00
 7027              	.LASF391:
 7028 0258 75736265 		.ascii	"usbep0state_t\000"
 7028      70307374 
 7028      6174655F 
 7028      7400
 7029              	.LASF5:
 7030 0266 5F5F7569 		.ascii	"__uint8_t\000"
 7030      6E74385F 
 7030      7400
 7031              	.LASF56:
 7032 0270 5F66696C 		.ascii	"_file\000"
 7032      6500
 7033              	.LASF348:
 7034 0276 75617274 		.ascii	"uartecb_t\000"
 7034      6563625F 
 7034      7400
 7035              	.LASF43:
 7036 0280 5F6F6E5F 		.ascii	"_on_exit_args\000"
 7036      65786974 
 7036      5F617267 
 7036      7300
 7037              	.LASF545:
 7038 028e 6F73616C 		.ascii	"osalSysLock\000"
 7038      5379734C 
 7038      6F636B00 
 7039              	.LASF393:
 7040 029a 5553425F 		.ascii	"USB_EVENT_ADDRESS\000"
 7040      4556454E 
 7040      545F4144 
 7040      44524553 
 7040      5300
 7041              	.LASF439:
 7042 02ac 44494550 		.ascii	"DIEPTXF0\000"
 7042      54584630 
 7042      00
 7043              	.LASF329:
 7044 02b5 55415254 		.ascii	"UART_TX_ACTIVE\000"
 7044      5F54585F 
ARM GAS  /tmp/cc0F93am.s 			page 130


 7044      41435449 
 7044      564500
 7045              	.LASF535:
 7046 02c4 69627147 		.ascii	"ibqGetFullBufferTimeout\000"
 7046      65744675 
 7046      6C6C4275 
 7046      66666572 
 7046      54696D65 
 7047              	.LASF337:
 7048 02dc 55415254 		.ascii	"UARTDriver\000"
 7048      44726976 
 7048      657200
 7049              	.LASF486:
 7050 02e7 73746D33 		.ascii	"stm32_otg_params_t\000"
 7050      325F6F74 
 7050      675F7061 
 7050      72616D73 
 7050      5F7400
 7051              	.LASF114:
 7052 02fa 5F6D6272 		.ascii	"_mbrlen_state\000"
 7052      6C656E5F 
 7052      73746174 
 7052      6500
 7053              	.LASF11:
 7054 0308 6C6F6E67 		.ascii	"long int\000"
 7054      20696E74 
 7054      00
 7055              	.LASF550:
 7056 0311 706F7274 		.ascii	"port_unlock\000"
 7056      5F756E6C 
 7056      6F636B00 
 7057              	.LASF125:
 7058 031d 5F696D70 		.ascii	"_impure_ptr\000"
 7058      7572655F 
 7058      70747200 
 7059              	.LASF83:
 7060 0329 5F726573 		.ascii	"_result_k\000"
 7060      756C745F 
 7060      6B00
 7061              	.LASF503:
 7062 0333 696E5F6D 		.ascii	"in_multiplier\000"
 7062      756C7469 
 7062      706C6965 
 7062      7200
 7063              	.LASF53:
 7064 0341 5F73697A 		.ascii	"_size\000"
 7064      6500
 7065              	.LASF214:
 7066 0347 7A65726F 		.ascii	"zero\000"
 7066      00
 7067              	.LASF104:
 7068 034c 5F6C6F63 		.ascii	"_localtime_buf\000"
 7068      616C7469 
 7068      6D655F62 
 7068      756600
 7069              	.LASF134:
 7070 035b 74737461 		.ascii	"tstate_t\000"
ARM GAS  /tmp/cc0F93am.s 			page 131


 7070      74655F74 
 7070      00
 7071              	.LASF384:
 7072 0364 5553425F 		.ascii	"USB_EP0_STP_WAITING\000"
 7072      4550305F 
 7072      5354505F 
 7072      57414954 
 7072      494E4700 
 7073              	.LASF154:
 7074 0378 6570656E 		.ascii	"epending\000"
 7074      64696E67 
 7074      00
 7075              	.LASF296:
 7076 0381 4943555F 		.ascii	"ICU_STOP\000"
 7076      53544F50 
 7076      00
 7077              	.LASF162:
 7078 038a 74687265 		.ascii	"threads_queue_t\000"
 7078      6164735F 
 7078      71756575 
 7078      655F7400 
 7079              	.LASF460:
 7080 039a 4443544C 		.ascii	"DCTL\000"
 7080      00
 7081              	.LASF489:
 7082 039f 74786275 		.ascii	"txbuf\000"
 7082      6600
 7083              	.LASF465:
 7084 03a5 4441494E 		.ascii	"DAINT\000"
 7084      5400
 7085              	.LASF464:
 7086 03ab 444F4550 		.ascii	"DOEPMSK\000"
 7086      4D534B00 
 7087              	.LASF38:
 7088 03b3 5F5F746D 		.ascii	"__tm_mon\000"
 7088      5F6D6F6E 
 7088      00
 7089              	.LASF313:
 7090 03bc 69637563 		.ascii	"icuchannel_t\000"
 7090      68616E6E 
 7090      656C5F74 
 7090      00
 7091              	.LASF251:
 7092 03c9 6F626A5F 		.ascii	"obj_pool\000"
 7092      706F6F6C 
 7092      00
 7093              	.LASF382:
 7094 03d2 5553425F 		.ascii	"USB_SUSPENDED\000"
 7094      53555350 
 7094      454E4445 
 7094      4400
 7095              	.LASF331:
 7096 03e0 75617274 		.ascii	"uarttxstate_t\000"
 7096      74787374 
 7096      6174655F 
 7096      7400
 7097              	.LASF520:
ARM GAS  /tmp/cc0F93am.s 			page 132


 7098 03ee 6F627150 		.ascii	"obqPostFullBuffer\000"
 7098      6F737446 
 7098      756C6C42 
 7098      75666665 
 7098      7200
 7099              	.LASF425:
 7100 0400 444F4550 		.ascii	"DOEPCTL\000"
 7100      43544C00 
 7101              	.LASF340:
 7102 0408 75736172 		.ascii	"usart\000"
 7102      7400
 7103              	.LASF101:
 7104 040e 5F756E75 		.ascii	"_unused_rand\000"
 7104      7365645F 
 7104      72616E64 
 7104      00
 7105              	.LASF238:
 7106 041b 6D656D63 		.ascii	"memcore_t\000"
 7106      6F72655F 
 7106      7400
 7107              	.LASF3:
 7108 0425 7369676E 		.ascii	"signed char\000"
 7108      65642063 
 7108      68617200 
 7109              	.LASF208:
 7110 0431 65776D61 		.ascii	"ewmask\000"
 7110      736B00
 7111              	.LASF127:
 7112 0438 75696E74 		.ascii	"uint8_t\000"
 7112      385F7400 
 7113              	.LASF268:
 7114 0440 534D4352 		.ascii	"SMCR\000"
 7114      00
 7115              	.LASF338:
 7116 0445 74787374 		.ascii	"txstate\000"
 7116      61746500 
 7117              	.LASF398:
 7118 044d 5553425F 		.ascii	"USB_EVENT_STALLED\000"
 7118      4556454E 
 7118      545F5354 
 7118      414C4C45 
 7118      4400
 7119              	.LASF304:
 7120 045f 77636372 		.ascii	"wccrp\000"
 7120      7000
 7121              	.LASF426:
 7122 0465 444F4550 		.ascii	"DOEPINT\000"
 7122      494E5400 
 7123              	.LASF138:
 7124 046d 6576656E 		.ascii	"eventmask_t\000"
 7124      746D6173 
 7124      6B5F7400 
 7125              	.LASF453:
 7126 0479 4841494E 		.ascii	"HAINT\000"
 7126      5400
 7127              	.LASF204:
 7128 047f 77747472 		.ascii	"wttrp\000"
ARM GAS  /tmp/cc0F93am.s 			page 133


 7128      7000
 7129              	.LASF299:
 7130 0485 4943555F 		.ascii	"ICU_ACTIVE\000"
 7130      41435449 
 7130      564500
 7131              	.LASF6:
 7132 0490 756E7369 		.ascii	"unsigned char\000"
 7132      676E6564 
 7132      20636861 
 7132      7200
 7133              	.LASF390:
 7134 049e 5553425F 		.ascii	"USB_EP0_ERROR\000"
 7134      4550305F 
 7134      4552524F 
 7134      5200
 7135              	.LASF175:
 7136 04ac 6C617374 		.ascii	"lasttime\000"
 7136      74696D65 
 7136      00
 7137              	.LASF178:
 7138 04b5 70616E69 		.ascii	"panic_msg\000"
 7138      635F6D73 
 7138      6700
 7139              	.LASF312:
 7140 04bf 4943555F 		.ascii	"ICU_CHANNEL_2\000"
 7140      4348414E 
 7140      4E454C5F 
 7140      3200
 7141              	.LASF78:
 7142 04cd 5F756E73 		.ascii	"_unspecified_locale_info\000"
 7142      70656369 
 7142      66696564 
 7142      5F6C6F63 
 7142      616C655F 
 7143              	.LASF459:
 7144 04e6 44434647 		.ascii	"DCFG\000"
 7144      00
 7145              	.LASF71:
 7146 04eb 5F726565 		.ascii	"_reent\000"
 7146      6E7400
 7147              	.LASF126:
 7148 04f2 5F676C6F 		.ascii	"_global_impure_ptr\000"
 7148      62616C5F 
 7148      696D7075 
 7148      72655F70 
 7148      747200
 7149              	.LASF365:
 7150 0505 65703073 		.ascii	"ep0state\000"
 7150      74617465 
 7150      00
 7151              	.LASF538:
 7152 050e 69627152 		.ascii	"ibqResetI\000"
 7152      65736574 
 7152      4900
 7153              	.LASF176:
 7154 0518 73797374 		.ascii	"system_debug_t\000"
 7154      656D5F64 
ARM GAS  /tmp/cc0F93am.s 			page 134


 7154      65627567 
 7154      5F7400
 7155              	.LASF421:
 7156 0527 44494550 		.ascii	"DIEPTSIZ\000"
 7156      5453495A 
 7156      00
 7157              	.LASF508:
 7158 0530 72657175 		.ascii	"requests_hook_cb\000"
 7158      65737473 
 7158      5F686F6F 
 7158      6B5F6362 
 7158      00
 7159              	.LASF234:
 7160 0541 5F426F6F 		.ascii	"_Bool\000"
 7160      6C00
 7161              	.LASF463:
 7162 0547 44494550 		.ascii	"DIEPMSK\000"
 7162      4D534B00 
 7163              	.LASF448:
 7164 054f 48434647 		.ascii	"HCFG\000"
 7164      00
 7165              	.LASF408:
 7166 0554 48434348 		.ascii	"HCCHAR\000"
 7166      415200
 7167              	.LASF528:
 7168 055b 6F6E6679 		.ascii	"onfy\000"
 7168      00
 7169              	.LASF270:
 7170 0560 43434D52 		.ascii	"CCMR1\000"
 7170      3100
 7171              	.LASF271:
 7172 0566 43434D52 		.ascii	"CCMR2\000"
 7172      3200
 7173              	.LASF275:
 7174 056c 43434D52 		.ascii	"CCMR3\000"
 7174      3300
 7175              	.LASF428:
 7176 0572 73746D33 		.ascii	"stm32_otg_out_ep_t\000"
 7176      325F6F74 
 7176      675F6F75 
 7176      745F6570 
 7176      5F7400
 7177              	.LASF26:
 7178 0585 63686172 		.ascii	"char\000"
 7178      00
 7179              	.LASF50:
 7180 058a 5F666E73 		.ascii	"_fns\000"
 7180      00
 7181              	.LASF518:
 7182 058f 6F627150 		.ascii	"obqPostFullBufferS\000"
 7182      6F737446 
 7182      756C6C42 
 7182      75666665 
 7182      725300
 7183              	.LASF62:
 7184 05a2 5F636C6F 		.ascii	"_close\000"
 7184      736500
ARM GAS  /tmp/cc0F93am.s 			page 135


 7185              	.LASF367:
 7186 05a9 6570306E 		.ascii	"ep0n\000"
 7186      00
 7187              	.LASF462:
 7188 05ae 72657376 		.ascii	"resvd80C\000"
 7188      64383043 
 7188      00
 7189              	.LASF253:
 7190 05b7 73656D5F 		.ascii	"sem_list\000"
 7190      6C697374 
 7190      00
 7191              	.LASF362:
 7192 05c0 72656365 		.ascii	"receiving\000"
 7192      6976696E 
 7192      6700
 7193              	.LASF8:
 7194 05ca 5F5F7569 		.ascii	"__uint16_t\000"
 7194      6E743136 
 7194      5F7400
 7195              	.LASF360:
 7196 05d5 55534244 		.ascii	"USBDriver\000"
 7196      72697665 
 7196      7200
 7197              	.LASF203:
 7198 05df 77746F62 		.ascii	"wtobjp\000"
 7198      6A7000
 7199              	.LASF354:
 7200 05e6 74696D65 		.ascii	"timeout_cb\000"
 7200      6F75745F 
 7200      636200
 7201              	.LASF539:
 7202 05f1 6962714F 		.ascii	"ibqObjectInit\000"
 7202      626A6563 
 7202      74496E69 
 7202      7400
 7203              	.LASF73:
 7204 05ff 5F737464 		.ascii	"_stdin\000"
 7204      696E00
 7205              	.LASF293:
 7206 0606 70616C65 		.ascii	"palevent_t\000"
 7206      76656E74 
 7206      5F7400
 7207              	.LASF496:
 7208 0611 73657475 		.ascii	"setup_cb\000"
 7208      705F6362 
 7208      00
 7209              	.LASF401:
 7210 061a 75645F73 		.ascii	"ud_string\000"
 7210      7472696E 
 7210      6700
 7211              	.LASF228:
 7212 0624 6F66665F 		.ascii	"off_refs\000"
 7212      72656673 
 7212      00
 7213              	.LASF150:
 7214 062d 666C6167 		.ascii	"flags\000"
 7214      7300
ARM GAS  /tmp/cc0F93am.s 			page 136


 7215              	.LASF321:
 7216 0633 49435543 		.ascii	"ICUConfig\000"
 7216      6F6E6669 
 7216      6700
 7217              	.LASF497:
 7218 063d 696E5F63 		.ascii	"in_cb\000"
 7218      6200
 7219              	.LASF281:
 7220 0643 62636F75 		.ascii	"bcounter\000"
 7220      6E746572 
 7220      00
 7221              	.LASF196:
 7222 064c 73746B61 		.ascii	"stkalign_t\000"
 7222      6C69676E 
 7222      5F7400
 7223              	.LASF195:
 7224 0657 55534152 		.ascii	"USART_TypeDef\000"
 7224      545F5479 
 7224      70654465 
 7224      6600
 7225              	.LASF450:
 7226 0665 48464E55 		.ascii	"HFNUM\000"
 7226      4D00
 7227              	.LASF157:
 7228 066b 6D706F6F 		.ascii	"mpool\000"
 7228      6C00
 7229              	.LASF405:
 7230 0671 75736265 		.ascii	"usbeventcb_t\000"
 7230      76656E74 
 7230      63625F74 
 7230      00
 7231              	.LASF310:
 7232 067e 69637566 		.ascii	"icufreq_t\000"
 7232      7265715F 
 7232      7400
 7233              	.LASF260:
 7234 0688 73747265 		.ascii	"stream\000"
 7234      616D00
 7235              	.LASF416:
 7236 068f 73746D33 		.ascii	"stm32_otg_host_chn_t\000"
 7236      325F6F74 
 7236      675F686F 
 7236      73745F63 
 7236      686E5F74 
 7237              	.LASF500:
 7238 06a4 6F75745F 		.ascii	"out_maxsize\000"
 7238      6D617873 
 7238      697A6500 
 7239              	.LASF217:
 7240 06b0 70747273 		.ascii	"ptrsize\000"
 7240      697A6500 
 7241              	.LASF361:
 7242 06b8 7472616E 		.ascii	"transmitting\000"
 7242      736D6974 
 7242      74696E67 
 7242      00
 7243              	.LASF276:
ARM GAS  /tmp/cc0F93am.s 			page 137


 7244 06c5 43435852 		.ascii	"CCXR\000"
 7244      00
 7245              	.LASF412:
 7246 06ca 48435453 		.ascii	"HCTSIZ\000"
 7246      495A00
 7247              	.LASF491:
 7248 06d1 55534249 		.ascii	"USBInEndpointState\000"
 7248      6E456E64 
 7248      706F696E 
 7248      74537461 
 7248      746500
 7249              	.LASF443:
 7250 06e4 47434346 		.ascii	"GCCFG\000"
 7250      4700
 7251              	.LASF468:
 7252 06ea 72657376 		.ascii	"resvd824\000"
 7252      64383234 
 7252      00
 7253              	.LASF532:
 7254 06f3 69627152 		.ascii	"ibqReleaseEmptyBufferS\000"
 7254      656C6561 
 7254      7365456D 
 7254      70747942 
 7254      75666665 
 7255              	.LASF470:
 7256 070a 44564255 		.ascii	"DVBUSPULSE\000"
 7256      5350554C 
 7256      534500
 7257              	.LASF387:
 7258 0715 5553425F 		.ascii	"USB_EP0_IN_SENDING_STS\000"
 7258      4550305F 
 7258      494E5F53 
 7258      454E4449 
 7258      4E475F53 
 7259              	.LASF230:
 7260 072c 6F66665F 		.ascii	"off_time\000"
 7260      74696D65 
 7260      00
 7261              	.LASF139:
 7262 0735 636E745F 		.ascii	"cnt_t\000"
 7262      7400
 7263              	.LASF257:
 7264 073b 70697065 		.ascii	"pipe_list\000"
 7264      5F6C6973 
 7264      7400
 7265              	.LASF283:
 7266 0745 62726470 		.ascii	"brdptr\000"
 7266      747200
 7267              	.LASF352:
 7268 074c 72786368 		.ascii	"rxchar_cb\000"
 7268      61725F63 
 7268      6200
 7269              	.LASF472:
 7270 0756 44494550 		.ascii	"DIEPEMPMSK\000"
 7270      454D504D 
 7270      534B00
 7271              	.LASF402:
ARM GAS  /tmp/cc0F93am.s 			page 138


 7272 0761 55534244 		.ascii	"USBDescriptor\000"
 7272      65736372 
 7272      6970746F 
 7272      7200
 7273              	.LASF58:
 7274 076f 5F636F6F 		.ascii	"_cookie\000"
 7274      6B696500 
 7275              	.LASF369:
 7276 0777 73657475 		.ascii	"setup\000"
 7276      7000
 7277              	.LASF342:
 7278 077d 646D6174 		.ascii	"dmatxmode\000"
 7278      786D6F64 
 7278      6500
 7279              	.LASF355:
 7280 0787 73706565 		.ascii	"speed\000"
 7280      6400
 7281              	.LASF541:
 7282 078d 6F73616C 		.ascii	"osalThreadDequeueAllI\000"
 7282      54687265 
 7282      61644465 
 7282      71756575 
 7282      65416C6C 
 7283              	.LASF207:
 7284 07a3 77746D74 		.ascii	"wtmtxp\000"
 7284      787000
 7285              	.LASF31:
 7286 07aa 5F776473 		.ascii	"_wds\000"
 7286      00
 7287              	.LASF399:
 7288 07af 75736265 		.ascii	"usbevent_t\000"
 7288      76656E74 
 7288      5F7400
 7289              	.LASF166:
 7290 07ba 63685F72 		.ascii	"ch_ready_list\000"
 7290      65616479 
 7290      5F6C6973 
 7290      7400
 7291              	.LASF123:
 7292 07c8 5F5F6C6F 		.ascii	"__lock\000"
 7292      636B00
 7293              	.LASF385:
 7294 07cf 5553425F 		.ascii	"USB_EP0_IN_TX\000"
 7294      4550305F 
 7294      494E5F54 
 7294      5800
 7295              	.LASF90:
 7296 07dd 5F736967 		.ascii	"_sig_func\000"
 7296      5F66756E 
 7296      6300
 7297              	.LASF254:
 7298 07e7 73656D5F 		.ascii	"sem_pool\000"
 7298      706F6F6C 
 7298      00
 7299              	.LASF400:
 7300 07f0 75645F73 		.ascii	"ud_size\000"
 7300      697A6500 
ARM GAS  /tmp/cc0F93am.s 			page 139


 7301              	.LASF517:
 7302 07f8 6F627146 		.ascii	"obqFlush\000"
 7302      6C757368 
 7302      00
 7303              	.LASF66:
 7304 0801 5F6F6666 		.ascii	"_offset\000"
 7304      73657400 
 7305              	.LASF380:
 7306 0809 5553425F 		.ascii	"USB_SELECTED\000"
 7306      53454C45 
 7306      43544544 
 7306      00
 7307              	.LASF87:
 7308 0816 5F637674 		.ascii	"_cvtbuf\000"
 7308      62756600 
 7309              	.LASF372:
 7310 081e 636F6E66 		.ascii	"configuration\000"
 7310      69677572 
 7310      6174696F 
 7310      6E00
 7311              	.LASF269:
 7312 082c 44494552 		.ascii	"DIER\000"
 7312      00
 7313              	.LASF438:
 7314 0831 47525846 		.ascii	"GRXFSIZ\000"
 7314      53495A00 
 7315              	.LASF488:
 7316 0839 7478636E 		.ascii	"txcnt\000"
 7316      7400
 7317              	.LASF475:
 7318 083f 72657376 		.ascii	"resvd840\000"
 7318      64383430 
 7318      00
 7319              	.LASF292:
 7320 0848 70616C63 		.ascii	"palcallback_t\000"
 7320      616C6C62 
 7320      61636B5F 
 7320      7400
 7321              	.LASF14:
 7322 0856 5F5F7569 		.ascii	"__uint64_t\000"
 7322      6E743634 
 7322      5F7400
 7323              	.LASF446:
 7324 0861 44494550 		.ascii	"DIEPTXF\000"
 7324      54584600 
 7325              	.LASF226:
 7326 0869 6F66665F 		.ascii	"off_state\000"
 7326      73746174 
 7326      6500
 7327              	.LASF452:
 7328 0873 48505458 		.ascii	"HPTXSTS\000"
 7328      53545300 
 7329              	.LASF84:
 7330 087b 5F703573 		.ascii	"_p5s\000"
 7330      00
 7331              	.LASF13:
 7332 0880 6C6F6E67 		.ascii	"long unsigned int\000"
ARM GAS  /tmp/cc0F93am.s 			page 140


 7332      20756E73 
 7332      69676E65 
 7332      6420696E 
 7332      7400
 7333              	.LASF219:
 7334 0892 74687265 		.ascii	"threadsize\000"
 7334      61647369 
 7334      7A6500
 7335              	.LASF479:
 7336 089d 50434743 		.ascii	"PCGCCTL\000"
 7336      43544C00 
 7337              	.LASF548:
 7338 08a5 63685379 		.ascii	"chSysLock\000"
 7338      734C6F63 
 7338      6B00
 7339              	.LASF521:
 7340 08af 6F627147 		.ascii	"obqGetEmptyBufferTimeoutS\000"
 7340      6574456D 
 7340      70747942 
 7340      75666665 
 7340      7254696D 
 7341              	.LASF356:
 7342 08c9 55415254 		.ascii	"UARTConfig\000"
 7342      436F6E66 
 7342      696700
 7343              	.LASF432:
 7344 08d4 47555342 		.ascii	"GUSBCFG\000"
 7344      43464700 
 7345              	.LASF54:
 7346 08dc 5F5F7346 		.ascii	"__sFILE\000"
 7346      494C4500 
 7347              	.LASF80:
 7348 08e4 5F5F7364 		.ascii	"__sdidinit\000"
 7348      6964696E 
 7348      697400
 7349              	.LASF70:
 7350 08ef 5F666C61 		.ascii	"_flags2\000"
 7350      67733200 
 7351              	.LASF371:
 7352 08f7 61646472 		.ascii	"address\000"
 7352      65737300 
 7353              	.LASF411:
 7354 08ff 4843494E 		.ascii	"HCINTMSK\000"
 7354      544D534B 
 7354      00
 7355              	.LASF187:
 7356 0908 53797374 		.ascii	"SystemCoreClock\000"
 7356      656D436F 
 7356      7265436C 
 7356      6F636B00 
 7357              	.LASF209:
 7358 0918 63685F73 		.ascii	"ch_semaphore\000"
 7358      656D6170 
 7358      686F7265 
 7358      00
 7359              	.LASF263:
 7360 0925 73686966 		.ascii	"shift\000"
ARM GAS  /tmp/cc0F93am.s 			page 141


 7360      7400
 7361              	.LASF319:
 7362 092b 6368616E 		.ascii	"channel\000"
 7362      6E656C00 
 7363              	.LASF142:
 7364 0933 63685F74 		.ascii	"ch_thread\000"
 7364      68726561 
 7364      6400
 7365              	.LASF431:
 7366 093d 47414842 		.ascii	"GAHBCFG\000"
 7366      43464700 
 7367              	.LASF364:
 7368 0945 6F75745F 		.ascii	"out_params\000"
 7368      70617261 
 7368      6D7300
 7369              	.LASF173:
 7370 0950 76697274 		.ascii	"virtual_timers_list_t\000"
 7370      75616C5F 
 7370      74696D65 
 7370      72735F6C 
 7370      6973745F 
 7371              	.LASF212:
 7372 0966 63685F69 		.ascii	"ch_idle_thread_wa\000"
 7372      646C655F 
 7372      74687265 
 7372      61645F77 
 7372      6100
 7373              	.LASF288:
 7374 0978 6C696E6B 		.ascii	"link\000"
 7374      00
 7375              	.LASF267:
 7376 097d 5F73746D 		.ascii	"_stm32_dma_streams\000"
 7376      33325F64 
 7376      6D615F73 
 7376      74726561 
 7376      6D7300
 7377              	.LASF72:
 7378 0990 5F657272 		.ascii	"_errno\000"
 7378      6E6F00
 7379              	.LASF350:
 7380 0997 7478656E 		.ascii	"txend2_cb\000"
 7380      64325F63 
 7380      6200
 7381              	.LASF381:
 7382 09a1 5553425F 		.ascii	"USB_ACTIVE\000"
 7382      41435449 
 7382      564500
 7383              	.LASF485:
 7384 09ac 6E756D5F 		.ascii	"num_endpoints\000"
 7384      656E6470 
 7384      6F696E74 
 7384      7300
 7385              	.LASF256:
 7386 09ba 6669666F 		.ascii	"fifo_list\000"
 7386      5F6C6973 
 7386      7400
 7387              	.LASF318:
ARM GAS  /tmp/cc0F93am.s 			page 142


 7388 09c4 6F766572 		.ascii	"overflow_cb\000"
 7388      666C6F77 
 7388      5F636200 
 7389              	.LASF169:
 7390 09d0 76697274 		.ascii	"virtual_timer_t\000"
 7390      75616C5F 
 7390      74696D65 
 7390      725F7400 
 7391              	.LASF165:
 7392 09e0 72656164 		.ascii	"ready_list_t\000"
 7392      795F6C69 
 7392      73745F74 
 7392      00
 7393              	.LASF146:
 7394 09ed 6F6C6465 		.ascii	"older\000"
 7394      7200
 7395              	.LASF112:
 7396 09f3 5F736967 		.ascii	"_signal_buf\000"
 7396      6E616C5F 
 7396      62756600 
 7397              	.LASF487:
 7398 09ff 74787369 		.ascii	"txsize\000"
 7398      7A6500
 7399              	.LASF156:
 7400 0a06 7265616C 		.ascii	"realprio\000"
 7400      7072696F 
 7400      00
 7401              	.LASF277:
 7402 0a0f 73746D33 		.ascii	"stm32_tim_t\000"
 7402      325F7469 
 7402      6D5F7400 
 7403              	.LASF140:
 7404 0a1b 75636E74 		.ascii	"ucnt_t\000"
 7404      5F7400
 7405              	.LASF303:
 7406 0a22 636C6F63 		.ascii	"clock\000"
 7406      6B00
 7407              	.LASF225:
 7408 0a28 6F66665F 		.ascii	"off_stklimit\000"
 7408      73746B6C 
 7408      696D6974 
 7408      00
 7409              	.LASF240:
 7410 0a35 706F6F6C 		.ascii	"pool_header\000"
 7410      5F686561 
 7410      64657200 
 7411              	.LASF32:
 7412 0a41 5F426967 		.ascii	"_Bigint\000"
 7412      696E7400 
 7413              	.LASF383:
 7414 0a49 75736273 		.ascii	"usbstate_t\000"
 7414      74617465 
 7414      5F7400
 7415              	.LASF160:
 7416 0a54 63685F74 		.ascii	"ch_threads_list\000"
 7416      68726561 
 7416      64735F6C 
ARM GAS  /tmp/cc0F93am.s 			page 143


 7416      69737400 
 7417              	.LASF334:
 7418 0a64 55415254 		.ascii	"UART_RX_COMPLETE\000"
 7418      5F52585F 
 7418      434F4D50 
 7418      4C455445 
 7418      00
 7419              	.LASF29:
 7420 0a75 5F6D6178 		.ascii	"_maxwds\000"
 7420      77647300 
 7421              	.LASF300:
 7422 0a7d 69637573 		.ascii	"icustate_t\000"
 7422      74617465 
 7422      5F7400
 7423              	.LASF451:
 7424 0a88 72657376 		.ascii	"resvd40C\000"
 7424      64343043 
 7424      00
 7425              	.LASF81:
 7426 0a91 5F5F636C 		.ascii	"__cleanup\000"
 7426      65616E75 
 7426      7000
 7427              	.LASF429:
 7428 0a9b 474F5447 		.ascii	"GOTGCTL\000"
 7428      43544C00 
 7429              	.LASF89:
 7430 0aa3 5F617465 		.ascii	"_atexit0\000"
 7430      78697430 
 7430      00
 7431              	.LASF286:
 7432 0aac 62756666 		.ascii	"buffers\000"
 7432      65727300 
 7433              	.LASF345:
 7434 0ab4 72786275 		.ascii	"rxbuf\000"
 7434      6600
 7435              	.LASF343:
 7436 0aba 646D6172 		.ascii	"dmarx\000"
 7436      7800
 7437              	.LASF501:
 7438 0ac0 696E5F73 		.ascii	"in_state\000"
 7438      74617465 
 7438      00
 7439              	.LASF436:
 7440 0ac9 47525853 		.ascii	"GRXSTSR\000"
 7440      54535200 
 7441              	.LASF397:
 7442 0ad1 5553425F 		.ascii	"USB_EVENT_WAKEUP\000"
 7442      4556454E 
 7442      545F5741 
 7442      4B455550 
 7442      00
 7443              	.LASF323:
 7444 0ae2 49435544 		.ascii	"ICUD2\000"
 7444      3200
 7445              	.LASF12:
 7446 0ae8 5F5F7569 		.ascii	"__uint32_t\000"
 7446      6E743332 
ARM GAS  /tmp/cc0F93am.s 			page 144


 7446      5F7400
 7447              	.LASF77:
 7448 0af3 5F656D65 		.ascii	"_emergency\000"
 7448      7267656E 
 7448      637900
 7449              	.LASF506:
 7450 0afe 6576656E 		.ascii	"event_cb\000"
 7450      745F6362 
 7450      00
 7451              	.LASF430:
 7452 0b07 474F5447 		.ascii	"GOTGINT\000"
 7452      494E5400 
 7453              	.LASF155:
 7454 0b0f 6D74786C 		.ascii	"mtxlist\000"
 7454      69737400 
 7455              	.LASF1:
 7456 0b17 6C6F6E67 		.ascii	"long long int\000"
 7456      206C6F6E 
 7456      6720696E 
 7456      7400
 7457              	.LASF379:
 7458 0b25 5553425F 		.ascii	"USB_READY\000"
 7458      52454144 
 7458      5900
 7459              	.LASF437:
 7460 0b2f 47525853 		.ascii	"GRXSTSP\000"
 7460      54535000 
 7461              	.LASF185:
 7462 0b37 73797369 		.ascii	"sysinterval_t\000"
 7462      6E746572 
 7462      76616C5F 
 7462      7400
 7463              	.LASF95:
 7464 0b45 5F6E696F 		.ascii	"_niobs\000"
 7464      627300
 7465              	.LASF455:
 7466 0b4c 72657376 		.ascii	"resvd41C\000"
 7466      64343143 
 7466      00
 7467              	.LASF249:
 7468 0b55 63685F6F 		.ascii	"ch_objects_factory\000"
 7468      626A6563 
 7468      74735F66 
 7468      6163746F 
 7468      727900
 7469              	.LASF91:
 7470 0b68 5F5F7367 		.ascii	"__sglue\000"
 7470      6C756500 
 7471              	.LASF366:
 7472 0b70 6570306E 		.ascii	"ep0next\000"
 7472      65787400 
 7473              	.LASF121:
 7474 0b78 5F6E6D61 		.ascii	"_nmalloc\000"
 7474      6C6C6F63 
 7474      00
 7475              	.LASF542:
 7476 0b81 6F73616C 		.ascii	"osalThreadDequeueNextI\000"
ARM GAS  /tmp/cc0F93am.s 			page 145


 7476      54687265 
 7476      61644465 
 7476      71756575 
 7476      654E6578 
 7477              	.LASF194:
 7478 0b98 47545052 		.ascii	"GTPR\000"
 7478      00
 7479              	.LASF105:
 7480 0b9d 5F67616D 		.ascii	"_gamma_signgam\000"
 7480      6D615F73 
 7480      69676E67 
 7480      616D00
 7481              	.LASF529:
 7482 0bac 69627152 		.ascii	"ibqReadTimeout\000"
 7482      65616454 
 7482      696D656F 
 7482      757400
 7483              	.LASF473:
 7484 0bbb 72657376 		.ascii	"resvd838\000"
 7484      64383338 
 7484      00
 7485              	.LASF404:
 7486 0bc4 75736265 		.ascii	"usbepcallback_t\000"
 7486      7063616C 
 7486      6C626163 
 7486      6B5F7400 
 7487              	.LASF85:
 7488 0bd4 5F667265 		.ascii	"_freelist\000"
 7488      656C6973 
 7488      7400
 7489              	.LASF96:
 7490 0bde 5F696F62 		.ascii	"_iobs\000"
 7490      7300
 7491              	.LASF242:
 7492 0be4 616C6967 		.ascii	"align\000"
 7492      6E00
 7493              	.LASF476:
 7494 0bea 72657376 		.ascii	"resvd880\000"
 7494      64383830 
 7494      00
 7495              	.LASF94:
 7496 0bf3 5F676C75 		.ascii	"_glue\000"
 7496      6500
 7497              	.LASF186:
 7498 0bf9 49544D5F 		.ascii	"ITM_RxBuffer\000"
 7498      52784275 
 7498      66666572 
 7498      00
 7499              	.LASF30:
 7500 0c06 5F736967 		.ascii	"_sign\000"
 7500      6E00
 7501              	.LASF315:
 7502 0c0c 66726571 		.ascii	"frequency\000"
 7502      75656E63 
 7502      7900
 7503              	.LASF515:
 7504 0c16 74696D65 		.ascii	"timeout\000"
ARM GAS  /tmp/cc0F93am.s 			page 146


 7504      6F757400 
 7505              	.LASF547:
 7506 0c1e 63685379 		.ascii	"chSysUnlock\000"
 7506      73556E6C 
 7506      6F636B00 
 7507              	.LASF524:
 7508 0c2a 6F627147 		.ascii	"obqGetFullBufferI\000"
 7508      65744675 
 7508      6C6C4275 
 7508      66666572 
 7508      4900
 7509              	.LASF336:
 7510 0c3c 75617274 		.ascii	"uartflags_t\000"
 7510      666C6167 
 7510      735F7400 
 7511              	.LASF344:
 7512 0c48 646D6174 		.ascii	"dmatx\000"
 7512      7800
 7513              	.LASF427:
 7514 0c4e 444F4550 		.ascii	"DOEPTSIZ\000"
 7514      5453495A 
 7514      00
 7515              	.LASF222:
 7516 0c57 6F66665F 		.ascii	"off_newer\000"
 7516      6E657765 
 7516      7200
 7517              	.LASF264:
 7518 0c61 73656C66 		.ascii	"selfindex\000"
 7518      696E6465 
 7518      7800
 7519              	.LASF353:
 7520 0c6b 72786572 		.ascii	"rxerr_cb\000"
 7520      725F6362 
 7520      00
 7521              	.LASF0:
 7522 0c74 756E7369 		.ascii	"unsigned int\000"
 7522      676E6564 
 7522      20696E74 
 7522      00
 7523              	.LASF510:
 7524 0c81 55534243 		.ascii	"USBConfig\000"
 7524      6F6E6669 
 7524      6700
 7525              	.LASF290:
 7526 0c8b 696E7075 		.ascii	"input_buffers_queue_t\000"
 7526      745F6275 
 7526      66666572 
 7526      735F7175 
 7526      6575655F 
 7527              	.LASF467:
 7528 0ca1 72657376 		.ascii	"resvd820\000"
 7528      64383230 
 7528      00
 7529              	.LASF132:
 7530 0caa 7274636E 		.ascii	"rtcnt_t\000"
 7530      745F7400 
 7531              	.LASF410:
ARM GAS  /tmp/cc0F93am.s 			page 147


 7532 0cb2 4843494E 		.ascii	"HCINT\000"
 7532      5400
 7533              	.LASF151:
 7534 0cb8 72656673 		.ascii	"refs\000"
 7534      00
 7535              	.LASF119:
 7536 0cbd 5F685F65 		.ascii	"_h_errno\000"
 7536      72726E6F 
 7536      00
 7537              	.LASF526:
 7538 0cc6 6F627152 		.ascii	"obqResetI\000"
 7538      65736574 
 7538      4900
 7539              	.LASF289:
 7540 0cd0 62716E6F 		.ascii	"bqnotify_t\000"
 7540      74696679 
 7540      5F7400
 7541              	.LASF482:
 7542 0cdb 73746D33 		.ascii	"stm32_otg_t\000"
 7542      325F6F74 
 7542      675F7400 
 7543              	.LASF117:
 7544 0ce7 5F776372 		.ascii	"_wcrtomb_state\000"
 7544      746F6D62 
 7544      5F737461 
 7544      746500
 7545              	.LASF504:
 7546 0cf6 73657475 		.ascii	"setup_buf\000"
 7546      705F6275 
 7546      6600
 7547              	.LASF37:
 7548 0d00 5F5F746D 		.ascii	"__tm_mday\000"
 7548      5F6D6461 
 7548      7900
 7549              	.LASF555:
 7550 0d0a 2F686F6D 		.ascii	"/home/rob/Projects/ChibiStudio/ChibiStudio_20/works"
 7550      652F726F 
 7550      622F5072 
 7550      6F6A6563 
 7550      74732F43 
 7551 0d3d 70616365 		.ascii	"pace_trunk/F401_blackpill_SerialSniffer/\000"
 7551      5F747275 
 7551      6E6B2F46 
 7551      3430315F 
 7551      626C6163 
 7552              	.LASF388:
 7553 0d66 5553425F 		.ascii	"USB_EP0_OUT_WAITING_STS\000"
 7553      4550305F 
 7553      4F55545F 
 7553      57414954 
 7553      494E475F 
 7554              	.LASF88:
 7555 0d7e 5F6E6577 		.ascii	"_new\000"
 7555      00
 7556              	.LASF522:
 7557 0d83 6F627147 		.ascii	"obqGetEmptyBufferTimeout\000"
 7557      6574456D 
ARM GAS  /tmp/cc0F93am.s 			page 148


 7557      70747942 
 7557      75666665 
 7557      7254696D 
 7558              	.LASF63:
 7559 0d9c 5F756275 		.ascii	"_ubuf\000"
 7559      6600
 7560              	.LASF480:
 7561 0da2 72657376 		.ascii	"resvdE04\000"
 7561      64453034 
 7561      00
 7562              	.LASF75:
 7563 0dab 5F737464 		.ascii	"_stderr\000"
 7563      65727200 
 7564              	.LASF531:
 7565 0db3 69627147 		.ascii	"ibqGetTimeout\000"
 7565      65745469 
 7565      6D656F75 
 7565      7400
 7566              	.LASF110:
 7567 0dc1 5F776374 		.ascii	"_wctomb_state\000"
 7567      6F6D625F 
 7567      73746174 
 7567      6500
 7568              	.LASF69:
 7569 0dcf 5F6D6273 		.ascii	"_mbstate\000"
 7569      74617465 
 7569      00
 7570              	.LASF167:
 7571 0dd8 63757272 		.ascii	"current\000"
 7571      656E7400 
 7572              	.LASF106:
 7573 0de0 5F72616E 		.ascii	"_rand_next\000"
 7573      645F6E65 
 7573      787400
 7574              	.LASF498:
 7575 0deb 6F75745F 		.ascii	"out_cb\000"
 7575      636200
 7576              	.LASF55:
 7577 0df2 5F666C61 		.ascii	"_flags\000"
 7577      677300
 7578              	.LASF199:
 7579 0df9 6F666673 		.ascii	"offset\000"
 7579      657400
 7580              	.LASF454:
 7581 0e00 4841494E 		.ascii	"HAINTMSK\000"
 7581      544D534B 
 7581      00
 7582              	.LASF297:
 7583 0e09 4943555F 		.ascii	"ICU_READY\000"
 7583      52454144 
 7583      5900
 7584              	.LASF158:
 7585 0e13 74687265 		.ascii	"thread_reference_t\000"
 7585      61645F72 
 7585      65666572 
 7585      656E6365 
 7585      5F7400
ARM GAS  /tmp/cc0F93am.s 			page 149


 7586              	.LASF48:
 7587 0e26 5F617465 		.ascii	"_atexit\000"
 7587      78697400 
 7588              	.LASF378:
 7589 0e2e 5553425F 		.ascii	"USB_STOP\000"
 7589      53544F50 
 7589      00
 7590              	.LASF493:
 7591 0e37 7278636E 		.ascii	"rxcnt\000"
 7591      7400
 7592              	.LASF499:
 7593 0e3d 696E5F6D 		.ascii	"in_maxsize\000"
 7593      61787369 
 7593      7A6500
 7594              	.LASF530:
 7595 0e48 69627170 		.ascii	"ibqp\000"
 7595      00
 7596              	.LASF435:
 7597 0e4d 47494E54 		.ascii	"GINTMSK\000"
 7597      4D534B00 
 7598              	.LASF193:
 7599 0e55 444D415F 		.ascii	"DMA_Stream_TypeDef\000"
 7599      53747265 
 7599      616D5F54 
 7599      79706544 
 7599      656600
 7600              	.LASF359:
 7601 0e68 55415254 		.ascii	"UARTD6\000"
 7601      443600
 7602              	.LASF282:
 7603 0e6f 62777270 		.ascii	"bwrptr\000"
 7603      747200
 7604              	.LASF317:
 7605 0e76 70657269 		.ascii	"period_cb\000"
 7605      6F645F63 
 7605      6200
 7606              	.LASF534:
 7607 0e80 69627147 		.ascii	"ibqGetFullBufferTimeoutS\000"
 7607      65744675 
 7607      6C6C4275 
 7607      66666572 
 7607      54696D65 
 7608              	.LASF309:
 7609 0e99 6963756D 		.ascii	"icumode_t\000"
 7609      6F64655F 
 7609      7400
 7610              	.LASF22:
 7611 0ea3 5F5F636F 		.ascii	"__count\000"
 7611      756E7400 
 7612              	.LASF502:
 7613 0eab 6F75745F 		.ascii	"out_state\000"
 7613      73746174 
 7613      6500
 7614              	.LASF413:
 7615 0eb5 72657376 		.ascii	"resvd14\000"
 7615      64313400 
 7616              	.LASF235:
ARM GAS  /tmp/cc0F93am.s 			page 150


 7617 0ebd 6D656D67 		.ascii	"memgetfunc_t\000"
 7617      65746675 
 7617      6E635F74 
 7617      00
 7618              	.LASF40:
 7619 0eca 5F5F746D 		.ascii	"__tm_wday\000"
 7619      5F776461 
 7619      7900
 7620              	.LASF294:
 7621 0ed4 5F70616C 		.ascii	"_pal_events\000"
 7621      5F657665 
 7621      6E747300 
 7622              	.LASF284:
 7623 0ee0 62746F70 		.ascii	"btop\000"
 7623      00
 7624              	.LASF549:
 7625 0ee5 71756575 		.ascii	"queue_init\000"
 7625      655F696E 
 7625      697400
 7626              	.LASF141:
 7627 0ef0 74687265 		.ascii	"thread_t\000"
 7627      61645F74 
 7627      00
 7628              	.LASF512:
 7629 0ef9 6F627170 		.ascii	"obqp\000"
 7629      00
 7630              	.LASF2:
 7631 0efe 6C6F6E67 		.ascii	"long double\000"
 7631      20646F75 
 7631      626C6500 
 7632              	.LASF513:
 7633 0f0a 6F627154 		.ascii	"obqTryFlushI\000"
 7633      7279466C 
 7633      75736849 
 7633      00
 7634              	.LASF41:
 7635 0f17 5F5F746D 		.ascii	"__tm_yday\000"
 7635      5F796461 
 7635      7900
 7636              	.LASF540:
 7637 0f21 696E6679 		.ascii	"infy\000"
 7637      00
 7638              	.LASF484:
 7639 0f26 6F74675F 		.ascii	"otg_ram_size\000"
 7639      72616D5F 
 7639      73697A65 
 7639      00
 7640              	.LASF205:
 7641 0f33 73656E74 		.ascii	"sentmsg\000"
 7641      6D736700 
 7642              	.LASF197:
 7643 0f3b 706F7274 		.ascii	"port_intctx\000"
 7643      5F696E74 
 7643      63747800 
 7644              	.LASF258:
 7645 0f47 6F626A65 		.ascii	"objects_factory_t\000"
 7645      6374735F 
ARM GAS  /tmp/cc0F93am.s 			page 151


 7645      66616374 
 7645      6F72795F 
 7645      7400
 7646              	.LASF374:
 7647 0f59 6F746770 		.ascii	"otgparams\000"
 7647      6172616D 
 7647      7300
 7648              	.LASF98:
 7649 0f63 5F736565 		.ascii	"_seed\000"
 7649      6400
 7650              	.LASF554:
 7651 0f69 2E2E2F2E 		.ascii	"../../chibios_trunk/os/hal/src/hal_buffers.c\000"
 7651      2E2F6368 
 7651      6962696F 
 7651      735F7472 
 7651      756E6B2F 
 7652              	.LASF252:
 7653 0f96 6275665F 		.ascii	"buf_list\000"
 7653      6C697374 
 7653      00
 7654              	.LASF61:
 7655 0f9f 5F736565 		.ascii	"_seek\000"
 7655      6B00
 7656              	.LASF516:
 7657 0fa5 6F627150 		.ascii	"obqPutTimeout\000"
 7657      75745469 
 7657      6D656F75 
 7657      7400
 7658              	.LASF471:
 7659 0fb3 72657376 		.ascii	"resvd830\000"
 7659      64383330 
 7659      00
 7660              	.LASF395:
 7661 0fbc 5553425F 		.ascii	"USB_EVENT_UNCONFIGURED\000"
 7661      4556454E 
 7661      545F554E 
 7661      434F4E46 
 7661      49475552 
 7662              	.LASF18:
 7663 0fd3 5F66706F 		.ascii	"_fpos_t\000"
 7663      735F7400 
 7664              	.LASF21:
 7665 0fdb 5F5F7763 		.ascii	"__wchb\000"
 7665      686200
 7666              	.LASF377:
 7667 0fe2 5553425F 		.ascii	"USB_UNINIT\000"
 7667      554E494E 
 7667      495400
 7668              	.LASF188:
 7669 0fed 41484250 		.ascii	"AHBPrescTable\000"
 7669      72657363 
 7669      5461626C 
 7669      6500
 7670              	.LASF170:
 7671 0ffb 63685F76 		.ascii	"ch_virtual_timer\000"
 7671      69727475 
 7671      616C5F74 
ARM GAS  /tmp/cc0F93am.s 			page 152


 7671      696D6572 
 7671      00
 7672              	.LASF109:
 7673 100c 5F6D6274 		.ascii	"_mbtowc_state\000"
 7673      6F77635F 
 7673      73746174 
 7673      6500
 7674              	.LASF295:
 7675 101a 4943555F 		.ascii	"ICU_UNINIT\000"
 7675      554E494E 
 7675      495400
 7676              	.LASF287:
 7677 1025 6E6F7469 		.ascii	"notify\000"
 7677      667900
 7678              	.LASF215:
 7679 102c 73697A65 		.ascii	"size\000"
 7679      00
 7680              	.LASF478:
 7681 1031 72657376 		.ascii	"resvdD00\000"
 7681      64443030 
 7681      00
 7682              	.LASF15:
 7683 103a 6C6F6E67 		.ascii	"long long unsigned int\000"
 7683      206C6F6E 
 7683      6720756E 
 7683      7369676E 
 7683      65642069 
 7684              	.LASF445:
 7685 1051 48505458 		.ascii	"HPTXFSIZ\000"
 7685      4653495A 
 7685      00
 7686              	.LASF285:
 7687 105a 6273697A 		.ascii	"bsize\000"
 7687      6500
 7688              	.LASF474:
 7689 1060 72657376 		.ascii	"resvd83C\000"
 7689      64383343 
 7689      00
 7690              	.LASF128:
 7691 1069 75696E74 		.ascii	"uint16_t\000"
 7691      31365F74 
 7691      00
 7692              	.LASF333:
 7693 1072 55415254 		.ascii	"UART_RX_ACTIVE\000"
 7693      5F52585F 
 7693      41435449 
 7693      564500
 7694              	.LASF224:
 7695 1081 6F66665F 		.ascii	"off_name\000"
 7695      6E616D65 
 7695      00
 7696              	.LASF45:
 7697 108a 5F64736F 		.ascii	"_dso_handle\000"
 7697      5F68616E 
 7697      646C6500 
 7698              	.LASF137:
 7699 1096 6D73675F 		.ascii	"msg_t\000"
ARM GAS  /tmp/cc0F93am.s 			page 153


 7699      7400
 7700              	.LASF456:
 7701 109c 48505254 		.ascii	"HPRT\000"
 7701      00
 7702              	.LASF163:
 7703 10a1 63685F74 		.ascii	"ch_threads_queue\000"
 7703      68726561 
 7703      64735F71 
 7703      75657565 
 7703      00
 7704              	.LASF97:
 7705 10b2 5F72616E 		.ascii	"_rand48\000"
 7705      64343800 
 7706              	.LASF278:
 7707 10ba 696F5F62 		.ascii	"io_buffers_queue_t\000"
 7707      75666665 
 7707      72735F71 
 7707      75657565 
 7707      5F7400
 7708              	.LASF272:
 7709 10cd 43434552 		.ascii	"CCER\000"
 7709      00
 7710              	.LASF74:
 7711 10d2 5F737464 		.ascii	"_stdout\000"
 7711      6F757400 
 7712              	.LASF237:
 7713 10da 746F706D 		.ascii	"topmem\000"
 7713      656D00
 7714              	.LASF373:
 7715 10e1 73617665 		.ascii	"saved_state\000"
 7715      645F7374 
 7715      61746500 
 7716              	.LASF171:
 7717 10ed 64656C74 		.ascii	"delta\000"
 7717      6100
 7718              	.LASF65:
 7719 10f3 5F626C6B 		.ascii	"_blksize\000"
 7719      73697A65 
 7719      00
 7720              	.LASF52:
 7721 10fc 5F626173 		.ascii	"_base\000"
 7721      6500
 7722              	.LASF143:
 7723 1102 71756575 		.ascii	"queue\000"
 7723      6500
 7724              	.LASF265:
 7725 1108 76656374 		.ascii	"vector\000"
 7725      6F7200
 7726              	.LASF102:
 7727 110f 5F737472 		.ascii	"_strtok_last\000"
 7727      746F6B5F 
 7727      6C617374 
 7727      00
 7728              	.LASF259:
 7729 111c 63685F66 		.ascii	"ch_factory\000"
 7729      6163746F 
 7729      727900
ARM GAS  /tmp/cc0F93am.s 			page 154


 7730              	.LASF115:
 7731 1127 5F6D6272 		.ascii	"_mbrtowc_state\000"
 7731      746F7763 
 7731      5F737461 
 7731      746500
 7732              	.LASF523:
 7733 1136 6F627152 		.ascii	"obqReleaseEmptyBufferI\000"
 7733      656C6561 
 7733      7365456D 
 7733      70747942 
 7733      75666665 
 7734              	.LASF255:
 7735 114d 6D62785F 		.ascii	"mbx_list\000"
 7735      6C697374 
 7735      00
 7736              	.LASF183:
 7737 1156 6D61696E 		.ascii	"mainthread\000"
 7737      74687265 
 7737      616400
 7738              	.LASF466:
 7739 1161 4441494E 		.ascii	"DAINTMSK\000"
 7739      544D534B 
 7739      00
 7740              	.LASF25:
 7741 116a 5F666C6F 		.ascii	"_flock_t\000"
 7741      636B5F74 
 7741      00
 7742              	.LASF216:
 7743 1173 76657273 		.ascii	"version\000"
 7743      696F6E00 
 7744              	.LASF93:
 7745 117b 5F5F4649 		.ascii	"__FILE\000"
 7745      4C4500
 7746              	.LASF469:
 7747 1182 44564255 		.ascii	"DVBUSDIS\000"
 7747      53444953 
 7747      00
 7748              	.LASF424:
 7749 118b 73746D33 		.ascii	"stm32_otg_in_ep_t\000"
 7749      325F6F74 
 7749      675F696E 
 7749      5F65705F 
 7749      7400
 7750              	.LASF557:
 7751 119d 5F5F7365 		.ascii	"__set_BASEPRI\000"
 7751      745F4241 
 7751      53455052 
 7751      4900
 7752              	.LASF330:
 7753 11ab 55415254 		.ascii	"UART_TX_COMPLETE\000"
 7753      5F54585F 
 7753      434F4D50 
 7753      4C455445 
 7753      00
 7754              	.LASF335:
 7755 11bc 75617274 		.ascii	"uartrxstate_t\000"
 7755      72787374 
ARM GAS  /tmp/cc0F93am.s 			page 155


 7755      6174655F 
 7755      7400
 7756              	.LASF24:
 7757 11ca 5F6D6273 		.ascii	"_mbstate_t\000"
 7757      74617465 
 7757      5F7400
 7758              	.LASF107:
 7759 11d5 5F723438 		.ascii	"_r48\000"
 7759      00
 7760              	.LASF148:
 7761 11da 77616261 		.ascii	"wabase\000"
 7761      736500
 7762              	.LASF492:
 7763 11e1 72787369 		.ascii	"rxsize\000"
 7763      7A6500
 7764              	.LASF556:
 7765 11e8 6F73616C 		.ascii	"osalThreadEnqueueTimeoutS\000"
 7765      54687265 
 7765      6164456E 
 7765      71756575 
 7765      6554696D 
 7766              	.LASF19:
 7767 1202 77696E74 		.ascii	"wint_t\000"
 7767      5F7400
 7768              	.LASF394:
 7769 1209 5553425F 		.ascii	"USB_EVENT_CONFIGURED\000"
 7769      4556454E 
 7769      545F434F 
 7769      4E464947 
 7769      55524544 
 7770              	.LASF347:
 7771 121e 75617274 		.ascii	"uartccb_t\000"
 7771      6363625F 
 7771      7400
 7772              	.LASF244:
 7773 1228 6D656D6F 		.ascii	"memory_pool_t\000"
 7773      72795F70 
 7773      6F6F6C5F 
 7773      7400
 7774              	.LASF28:
 7775 1236 5F6E6578 		.ascii	"_next\000"
 7775      7400
 7776              	.LASF511:
 7777 123c 55534244 		.ascii	"USBD1\000"
 7777      3100
 7778              	.LASF67:
 7779 1242 5F646174 		.ascii	"_data\000"
 7779      6100
 7780              	.LASF505:
 7781 1248 55534245 		.ascii	"USBEndpointConfig\000"
 7781      6E64706F 
 7781      696E7443 
 7781      6F6E6669 
 7781      6700
 7782              	.LASF181:
 7783 125a 726C6973 		.ascii	"rlist\000"
 7783      7400
ARM GAS  /tmp/cc0F93am.s 			page 156


 7784              	.LASF386:
 7785 1260 5553425F 		.ascii	"USB_EP0_IN_WAITING_TX0\000"
 7785      4550305F 
 7785      494E5F57 
 7785      41495449 
 7785      4E475F54 
 7786              	.LASF133:
 7787 1277 746D6F64 		.ascii	"tmode_t\000"
 7787      655F7400 
 7788              	.LASF262:
 7789 127f 64756D6D 		.ascii	"dummy\000"
 7789      7900
 7790              	.LASF514:
 7791 1285 6F627157 		.ascii	"obqWriteTimeout\000"
 7791      72697465 
 7791      54696D65 
 7791      6F757400 
 7792              	.LASF324:
 7793 1295 55415254 		.ascii	"UART_UNINIT\000"
 7793      5F554E49 
 7793      4E495400 
 7794              	.LASF407:
 7795 12a1 75736267 		.ascii	"usbgetdescriptor_t\000"
 7795      65746465 
 7795      73637269 
 7795      70746F72 
 7795      5F7400
 7796              	.LASF349:
 7797 12b4 7478656E 		.ascii	"txend1_cb\000"
 7797      64315F63 
 7797      6200
 7798              	.LASF332:
 7799 12be 55415254 		.ascii	"UART_RX_IDLE\000"
 7799      5F52585F 
 7799      49444C45 
 7799      00
 7800              	.LASF363:
 7801 12cb 696E5F70 		.ascii	"in_params\000"
 7801      6172616D 
 7801      7300
 7802              	.LASF280:
 7803 12d5 73757370 		.ascii	"suspended\000"
 7803      656E6465 
 7803      6400
 7804              	.LASF200:
 7805 12df 746D5F63 		.ascii	"tm_calibration_t\000"
 7805      616C6962 
 7805      72617469 
 7805      6F6E5F74 
 7805      00
 7806              	.LASF191:
 7807 12f0 4D304152 		.ascii	"M0AR\000"
 7807      00
 7808              	.LASF147:
 7809 12f5 6E616D65 		.ascii	"name\000"
 7809      00
 7810              	.LASF551:
ARM GAS  /tmp/cc0F93am.s 			page 157


 7811 12fa 706F7274 		.ascii	"port_lock\000"
 7811      5F6C6F63 
 7811      6B00
 7812              	.LASF189:
 7813 1304 41504250 		.ascii	"APBPrescTable\000"
 7813      72657363 
 7813      5461626C 
 7813      6500
 7814              	.LASF341:
 7815 1312 646D6172 		.ascii	"dmarxmode\000"
 7815      786D6F64 
 7815      6500
 7816              	.LASF108:
 7817 131c 5F6D626C 		.ascii	"_mblen_state\000"
 7817      656E5F73 
 7817      74617465 
 7817      00
 7818              	.LASF7:
 7819 1329 73686F72 		.ascii	"short int\000"
 7819      7420696E 
 7819      7400
 7820              	.LASF490:
 7821 1333 746F7473 		.ascii	"totsize\000"
 7821      697A6500 
 7822              	.LASF131:
 7823 133b 75696E74 		.ascii	"uint64_t\000"
 7823      36345F74 
 7823      00
 7824              	.LASF314:
 7825 1344 6D6F6465 		.ascii	"mode\000"
 7825      00
 7826              	.LASF172:
 7827 1349 66756E63 		.ascii	"func\000"
 7827      00
 7828              	.LASF210:
 7829 134e 63685F6D 		.ascii	"ch_mutex\000"
 7829      75746578 
 7829      00
 7830              	.LASF392:
 7831 1357 5553425F 		.ascii	"USB_EVENT_RESET\000"
 7831      4556454E 
 7831      545F5245 
 7831      53455400 
 7832              	.LASF306:
 7833 1367 69637563 		.ascii	"icucallback_t\000"
 7833      616C6C62 
 7833      61636B5F 
 7833      7400
 7834              	.LASF153:
 7835 1375 6D736771 		.ascii	"msgqueue\000"
 7835      75657565 
 7835      00
 7836              	.LASF414:
 7837 137e 72657376 		.ascii	"resvd18\000"
 7837      64313800 
 7838              	.LASF422:
 7839 1386 44545846 		.ascii	"DTXFSTS\000"
ARM GAS  /tmp/cc0F93am.s 			page 158


 7839      53545300 
 7840              	.LASF423:
 7841 138e 72657376 		.ascii	"resvd1C\000"
 7841      64314300 
 7842              	.LASF46:
 7843 1396 5F666E74 		.ascii	"_fntypes\000"
 7843      79706573 
 7843      00
 7844              	.LASF327:
 7845 139f 75617274 		.ascii	"uartstate_t\000"
 7845      73746174 
 7845      655F7400 
 7846              	.LASF177:
 7847 13ab 63685F73 		.ascii	"ch_system_debug\000"
 7847      79737465 
 7847      6D5F6465 
 7847      62756700 
 7848              	.LASF248:
 7849 13bb 64796E5F 		.ascii	"dyn_list_t\000"
 7849      6C697374 
 7849      5F7400
 7850              	.LASF39:
 7851 13c6 5F5F746D 		.ascii	"__tm_year\000"
 7851      5F796561 
 7851      7200
 7852              	.LASF533:
 7853 13d0 69627152 		.ascii	"ibqReleaseEmptyBuffer\000"
 7853      656C6561 
 7853      7365456D 
 7853      70747942 
 7853      75666665 
 7854              	.LASF346:
 7855 13e6 75617274 		.ascii	"uartcb_t\000"
 7855      63625F74 
 7855      00
 7856              	.LASF406:
 7857 13ef 75736272 		.ascii	"usbreqhandler_t\000"
 7857      65716861 
 7857      6E646C65 
 7857      725F7400 
 7858              	.LASF417:
 7859 13ff 44494550 		.ascii	"DIEPCTL\000"
 7859      43544C00 
 7860              	.LASF537:
 7861 1407 69627147 		.ascii	"ibqGetEmptyBufferI\000"
 7861      6574456D 
 7861      70747942 
 7861      75666665 
 7861      724900
 7862              	.LASF403:
 7863 141a 75736263 		.ascii	"usbcallback_t\000"
 7863      616C6C62 
 7863      61636B5F 
 7863      7400
 7864              	.LASF433:
 7865 1428 47525354 		.ascii	"GRSTCTL\000"
 7865      43544C00 
ARM GAS  /tmp/cc0F93am.s 			page 159


 7866              	.LASF434:
 7867 1430 47494E54 		.ascii	"GINTSTS\000"
 7867      53545300 
 7868              	.LASF241:
 7869 1438 6F626A65 		.ascii	"object_size\000"
 7869      63745F73 
 7869      697A6500 
 7870              	.LASF298:
 7871 1444 4943555F 		.ascii	"ICU_WAITING\000"
 7871      57414954 
 7871      494E4700 
 7872              	.LASF57:
 7873 1450 5F6C6266 		.ascii	"_lbfsize\000"
 7873      73697A65 
 7873      00
 7874              	.LASF182:
 7875 1459 76746C69 		.ascii	"vtlist\000"
 7875      737400
 7876              	.LASF76:
 7877 1460 5F696E63 		.ascii	"_inc\000"
 7877      00
 7878              	.LASF49:
 7879 1465 5F696E64 		.ascii	"_ind\000"
 7879      00
 7880              	.LASF152:
 7881 146a 77616974 		.ascii	"waiting\000"
 7881      696E6700 
 7882              	.LASF419:
 7883 1472 44494550 		.ascii	"DIEPINT\000"
 7883      494E5400 
 7884              	.LASF440:
 7885 147a 484E5054 		.ascii	"HNPTXSTS\000"
 7885      58535453 
 7885      00
 7886              	.LASF389:
 7887 1483 5553425F 		.ascii	"USB_EP0_OUT_RX\000"
 7887      4550305F 
 7887      4F55545F 
 7887      525800
 7888              	.LASF51:
 7889 1492 5F5F7362 		.ascii	"__sbuf\000"
 7889      756600
 7890              	.LASF246:
 7891 1499 64796E5F 		.ascii	"dyn_element_t\000"
 7891      656C656D 
 7891      656E745F 
 7891      7400
 7892              	.LASF47:
 7893 14a7 5F69735F 		.ascii	"_is_cxa\000"
 7893      63786100 
 7894              	.LASF16:
 7895 14af 5F4C4F43 		.ascii	"_LOCK_T\000"
 7895      4B5F5400 
 7896              	.LASF233:
 7897 14b7 6D757465 		.ascii	"mutex_t\000"
 7897      785F7400 
 7898              	.LASF135:
ARM GAS  /tmp/cc0F93am.s 			page 160


 7899 14bf 74726566 		.ascii	"trefs_t\000"
 7899      735F7400 
 7900              	.LASF120:
 7901 14c7 5F6E6578 		.ascii	"_nextf\000"
 7901      746600
 7902              	.LASF236:
 7903 14ce 62617365 		.ascii	"basemem\000"
 7903      6D656D00 
 7904              	.LASF198:
 7905 14d6 706F7274 		.ascii	"port_context\000"
 7905      5F636F6E 
 7905      74657874 
 7905      00
 7906              	.LASF159:
 7907 14e3 74687265 		.ascii	"threads_list_t\000"
 7907      6164735F 
 7907      6C697374 
 7907      5F7400
 7908              	.LASF328:
 7909 14f2 55415254 		.ascii	"UART_TX_IDLE\000"
 7909      5F54585F 
 7909      49444C45 
 7909      00
 7910              	.LASF279:
 7911 14ff 696F5F62 		.ascii	"io_buffers_queue\000"
 7911      75666665 
 7911      72735F71 
 7911      75657565 
 7911      00
 7912              	.LASF370:
 7913 1510 73746174 		.ascii	"status\000"
 7913      757300
 7914              	.LASF553:
 7915 1517 474E5520 		.ascii	"GNU C17 9.2.1 20191025 (release) [ARM/arm-9-branch "
 7915      43313720 
 7915      392E322E 
 7915      31203230 
 7915      31393130 
 7916 154a 72657669 		.ascii	"revision 277599] -mcpu=cortex-m4 -mthumb -mfloat-ab"
 7916      73696F6E 
 7916      20323737 
 7916      3539395D 
 7916      202D6D63 
 7917 157d 693D736F 		.ascii	"i=soft -march=armv7e-m -ggdb -O2 -fomit-frame-point"
 7917      6674202D 
 7917      6D617263 
 7917      683D6172 
 7917      6D763765 
 7918 15b0 6572202D 		.ascii	"er -falign-functions=16 -ffunction-sections -fdata-"
 7918      66616C69 
 7918      676E2D66 
 7918      756E6374 
 7918      696F6E73 
 7919 15e3 73656374 		.ascii	"sections -fno-common -flto\000"
 7919      696F6E73 
 7919      202D666E 
 7919      6F2D636F 
ARM GAS  /tmp/cc0F93am.s 			page 161


 7919      6D6D6F6E 
 7920              	.LASF441:
 7921 15fe 72657376 		.ascii	"resvd30\000"
 7921      64333000 
 7922              	.LASF180:
 7923 1606 63685F73 		.ascii	"ch_system\000"
 7923      79737465 
 7923      6D00
 7924              	.LASF442:
 7925 1610 72657376 		.ascii	"resvd34\000"
 7925      64333400 
 7926              	.LASF79:
 7927 1618 5F6C6F63 		.ascii	"_locale\000"
 7927      616C6500 
 7928              	.LASF27:
 7929 1620 5F5F554C 		.ascii	"__ULong\000"
 7929      6F6E6700 
 7930              	.LASF145:
 7931 1628 6E657765 		.ascii	"newer\000"
 7931      7200
 7932              	.LASF273:
 7933 162e 42445452 		.ascii	"BDTR\000"
 7933      00
 7934              	.LASF536:
 7935 1633 69627150 		.ascii	"ibqPostFullBufferI\000"
 7935      6F737446 
 7935      756C6C42 
 7935      75666665 
 7935      724900
 7936              	.LASF130:
 7937 1646 75696E74 		.ascii	"uint32_t\000"
 7937      33325F74 
 7937      00
 7938              	.LASF376:
 7939 164f 75736265 		.ascii	"usbep_t\000"
 7939      705F7400 
 7940              	.LASF82:
 7941 1657 5F726573 		.ascii	"_result\000"
 7941      756C7400 
 7942              	.LASF477:
 7943 165f 72657376 		.ascii	"resvd8C0\000"
 7943      64384330 
 7943      00
 7944              	.LASF17:
 7945 1668 5F6F6666 		.ascii	"_off_t\000"
 7945      5F7400
 7946              	.LASF201:
 7947 166f 7264796D 		.ascii	"rdymsg\000"
 7947      736700
 7948              	.LASF100:
 7949 1676 5F616464 		.ascii	"_add\000"
 7949      00
 7950              	.LASF9:
 7951 167b 73686F72 		.ascii	"short unsigned int\000"
 7951      7420756E 
 7951      7369676E 
 7951      65642069 
ARM GAS  /tmp/cc0F93am.s 			page 162


 7951      6E7400
 7952              	.LASF36:
 7953 168e 5F5F746D 		.ascii	"__tm_hour\000"
 7953      5F686F75 
 7953      7200
 7954              	.LASF461:
 7955 1698 44535453 		.ascii	"DSTS\000"
 7955      00
 7956              	.LASF291:
 7957 169d 6F757470 		.ascii	"output_buffers_queue_t\000"
 7957      75745F62 
 7957      75666665 
 7957      72735F71 
 7957      75657565 
 7958              	.LASF507:
 7959 16b4 6765745F 		.ascii	"get_descriptor_cb\000"
 7959      64657363 
 7959      72697074 
 7959      6F725F63 
 7959      6200
 7960              	.LASF179:
 7961 16c6 63685F73 		.ascii	"ch_system_t\000"
 7961      79737465 
 7961      6D5F7400 
 7962              	.LASF231:
 7963 16d2 63686465 		.ascii	"chdebug_t\000"
 7963      6275675F 
 7963      7400
 7964              	.LASF396:
 7965 16dc 5553425F 		.ascii	"USB_EVENT_SUSPEND\000"
 7965      4556454E 
 7965      545F5355 
 7965      5350454E 
 7965      4400
 7966              	.LASF116:
 7967 16ee 5F6D6273 		.ascii	"_mbsrtowcs_state\000"
 7967      72746F77 
 7967      63735F73 
 7967      74617465 
 7967      00
 7968              	.LASF164:
 7969 16ff 70726576 		.ascii	"prev\000"
 7969      00
 7970              	.LASF218:
 7971 1704 74696D65 		.ascii	"timesize\000"
 7971      73697A65 
 7971      00
 7972              	.LASF368:
 7973 170d 65703065 		.ascii	"ep0endcb\000"
 7973      6E646362 
 7973      00
 7974              	.LASF357:
 7975 1716 55415254 		.ascii	"UARTD1\000"
 7975      443100
 7976              	.LASF358:
 7977 171d 55415254 		.ascii	"UARTD2\000"
 7977      443200
ARM GAS  /tmp/cc0F93am.s 			page 163


 7978              	.LASF10:
 7979 1724 5F5F696E 		.ascii	"__int32_t\000"
 7979      7433325F 
 7979      7400
 7980              	.LASF190:
 7981 172e 4E445452 		.ascii	"NDTR\000"
 7981      00
 7982              	.LASF261:
 7983 1733 69666372 		.ascii	"ifcr\000"
 7983      00
 7984              	.LASF527:
 7985 1738 6F62714F 		.ascii	"obqObjectInit\000"
 7985      626A6563 
 7985      74496E69 
 7985      7400
 7986              	.LASF444:
 7987 1746 72657376 		.ascii	"resvd58\000"
 7987      64353800 
 7988              	.LASF543:
 7989 174e 6F73616C 		.ascii	"osalThreadQueueObjectInit\000"
 7989      54687265 
 7989      61645175 
 7989      6575654F 
 7989      626A6563 
 7990              	.LASF239:
 7991 1768 63685F6D 		.ascii	"ch_memcore\000"
 7991      656D636F 
 7991      726500
 7992              	.LASF227:
 7993 1773 6F66665F 		.ascii	"off_flags\000"
 7993      666C6167 
 7993      7300
 7994              	.LASF457:
 7995 177d 72657376 		.ascii	"resvd444\000"
 7995      64343434 
 7995      00
 7996              	.LASF44:
 7997 1786 5F666E61 		.ascii	"_fnargs\000"
 7997      72677300 
 7998              	.LASF326:
 7999 178e 55415254 		.ascii	"UART_READY\000"
 7999      5F524541 
 7999      445900
 8000              	.LASF42:
 8001 1799 5F5F746D 		.ascii	"__tm_isdst\000"
 8001      5F697364 
 8001      737400
 8002              	.LASF305:
 8003 17a4 70636372 		.ascii	"pccrp\000"
 8003      7000
 8004              	.LASF161:
 8005 17aa 6E657874 		.ascii	"next\000"
 8005      00
 8006              	.LASF375:
 8007 17af 706D6E65 		.ascii	"pmnext\000"
 8007      787400
 8008              	.LASF35:
ARM GAS  /tmp/cc0F93am.s 			page 164


 8009 17b6 5F5F746D 		.ascii	"__tm_min\000"
 8009      5F6D696E 
 8009      00
 8010              	.LASF247:
 8011 17bf 63685F64 		.ascii	"ch_dyn_list\000"
 8011      796E5F6C 
 8011      69737400 
 8012              	.LASF213:
 8013 17cb 6964656E 		.ascii	"identifier\000"
 8013      74696669 
 8013      657200
 8014              	.LASF113:
 8015 17d6 5F676574 		.ascii	"_getdate_err\000"
 8015      64617465 
 8015      5F657272 
 8015      00
 8016              	.LASF509:
 8017 17e3 736F665F 		.ascii	"sof_cb\000"
 8017      636200
 8018              	.LASF447:
 8019 17ea 72657376 		.ascii	"resvd140\000"
 8019      64313430 
 8019      00
 8020              	.LASF206:
 8021 17f3 77747365 		.ascii	"wtsemp\000"
 8021      6D7000
 8022              		.text
 8023              		.section	.gnu.lto_.profile.e93b417e7755f224,"e",%progbits
 8024 0000 789CE360 		.ascii	"x\234\343``\004B \000\000\000]\000\013"
 8024      60044220 
 8024      0000005D 
 8024      000B
 8025              		.text
 8026              		.section	.gnu.lto_.icf.e93b417e7755f224,"e",%progbits
 8027 0000 789CE360 		.ascii	"x\234\343``d\350e@\000\011\206\365\215\227>11.~\375"
 8027      6064E865 
 8027      40000986 
 8027      F58D973E 
 8027      31312E7E 
 8028 0015 BD9B8BE9 		.ascii	"\275\233\213\351\372\377\236\037<\314\277\347\256\336"
 8028      FAFF9E1F 
 8028      3CCCBFE7 
 8028      AEDE
 8029 0023 CDCD72F2 		.ascii	"\315\315r\362\330\227S\034\254\007\177\277\332\315\316"
 8029      D897531C 
 8029      AC077FBF 
 8029      DACDCE
 8030 0032 B66F6B5F 		.ascii	"\266ok_\035\373\251\326\343|\034\223\376\177}\304\304"
 8030      1DFBA9D6 
 8030      E37C1C93 
 8030      FE7F7DC4 
 8030      C4
 8031 0043 B97FFBD6 		.ascii	"\271\177\373\326\325<\\\373\017\315Z\303\312\275\245"
 8031      D53C5CFB 
 8031      0FCD5AC3 
 8031      CABDA5
 8032 0052 F5F9143E 		.ascii	"\365\371\024>\236\327\307\366]e\344}\275\341\3635\026"
ARM GAS  /tmp/cc0F93am.s 			page 165


 8032      9ED7C7F6 
 8032      5D65E47D 
 8032      BDE1F335 
 8032      16
 8033 0063 BEBEA74B 		.ascii	"\276\276\247K\017s\360\377y\273o\032\223\000H\247 H"
 8033      0F73F0FF 
 8033      79BB6F1A 
 8033      930048A7 
 8033      2048
 8034 0075 A7D086FE 		.ascii	"\247\320\206\376\367\347\031\205Ww\355\237\316$\362"
 8034      F7E71985 
 8034      5777ED9F 
 8034      CE24F2
 8035 0084 76EBBDE7 		.ascii	"v\353\275\347\354\242=\233\347\254\341\024{s\375\306"
 8035      ECA23D9B 
 8035      E7ACE114 
 8035      7B73FDC6 
 8036 0094 1F2EF1E3 		.ascii	"\037.\361\343\215k\354\031\000c\360HK"
 8036      8D6BEC19 
 8036      0063F048 
 8036      4B
 8037              		.text
 8038              		.section	.gnu.lto_.jmpfuncs.e93b417e7755f224,"e",%progbits
 8039 0000 789CB594 		.ascii	"x\234\265\224KN\303@\014\206\375\307\223W\233\022\336"
 8039      4B4EC340 
 8039      0C86FDC7 
 8039      93579B12 
 8039      DE
 8040 0011 20F5062C 		.ascii	" \365\006,8\000\327\341\036i%\366\025,\020\313\354\201"
 8040      3800D7E1 
 8040      1E6925F6 
 8040      152C10CB 
 8040      EC81
 8041 0023 13F0A8C2 		.ascii	"\023\360\250\302\212\013\300\206\0057@\275\000\022\214"
 8041      8A0BC086 
 8041      053740BD 
 8041      00128C
 8042 0032 1BA74AD3 		.ascii	"\033\247J\323\244\011R\031\311\032eb\177\036\333\177"
 8042      A4095219 
 8042      C91A6562 
 8042      7F1EDB7F 
 8043 0042 1210E8DC 		.ascii	"\022\020\350\334\245\305:&\000\243\224e\223\035\216"
 8043      A5C53A26 
 8043      00A39465 
 8043      931D8E
 8044 0051 8F7C8DE4 		.ascii	"\217|\215\344\324\232c\215\255\0315\327\232\307\032"
 8044      D49A638D 
 8044      AD1935D7 
 8044      9AC71A
 8045 0060 653C8120 		.ascii	"e<\201 3 k?v\305\340\033\306\344b\366\031L8e\037\204"
 8045      33206B3F 
 8045      76C5E01B 
 8045      C6E462F6 
 8045      194C3865 
 8046 0076 070CC51C 		.ascii	"\007\014\305\034{~u\377q*\307\001\022<b8\217L$\232\214"
 8046      7B7E75FF 
 8046      712AC701 
ARM GAS  /tmp/cc0F93am.s 			page 166


 8046      123C6238 
 8046      8F4C249A 
 8047 008b 125D0760 		.ascii	"\022]\007`Mmj\361e\336\353\354\353\0159\220\360\244"
 8047      4D6D6AF1 
 8047      65DEEBEC 
 8047      EB0D3990 
 8047      F0A4
 8048 009d 409A03BD 		.ascii	"@\232\003\275\002\204\224C\307$UP\375\335\013\270IP"
 8048      02849443 
 8048      C7245550 
 8048      FDDD0BB8 
 8048      4950
 8049 00af F5F70508 		.ascii	"\365\367\005\010\005\232:\340jL\240U\325\345\247\223"
 8049      059A3AE0 
 8049      6A4CA055 
 8049      D5E5A793 
 8050 00bf 3187EBDE 		.ascii	"1\207\353\336\237\215\271W.\242c\316\246\\}i1b\355\355"
 8050      9F8DB957 
 8050      2EA263CE 
 8050      A65C7D69 
 8050      3162EDED 
 8051 00d3 7CA442F5 		.ascii	"|\244B\365V|[\236[\003d0\357\227w\323P\006c\220\021"
 8051      567C5B9E 
 8051      5B036430 
 8051      EF9777D3 
 8051      50066390 
 8052 00e8 9E753259 		.ascii	"\236u2Y>\232\372B\270k!QY\242h\222\350@\005\275^C\025"
 8052      3E9AFA42 
 8052      B86B2151 
 8052      59A26892 
 8052      E84005BD 
 8053 00ff 156E69BF 		.ascii	"\025ni\277%\262\027w#,\313n\273 lJv;*;\374A\002\273"
 8053      25B21777 
 8053      232CCB6E 
 8053      BB206C4A 
 8053      763B2A3B 
 8054 0117 A5324C53 		.ascii	"\2452LS\033\367Z\235\254\000\367\345K\367\325\253\337"
 8054      1BF75A9D 
 8054      AC00F7E5 
 8054      4BF7D5AB 
 8054      DF
 8055 0128 7C05A7EB 		.ascii	"|\005\247\353\360\016\026*\024b\364\277*\274\276}\371"
 8055      F00E162A 
 8055      1462F4BF 
 8055      2ABCBE7D 
 8055      F9
 8056 0139 8E448503 		.ascii	"\216D\205\003Q\341t\243*<Tu\034\025?\316\006?\372\005"
 8056      51E174A3 
 8056      2A3C5475 
 8056      1C153FCE 
 8056      063FFA05 
 8057 014d 18386841 		.ascii	"\0308hA"
 8058              		.text
 8059              		.section	.gnu.lto_.inline.e93b417e7755f224,"e",%progbits
 8060 0000 789CB555 		.ascii	"x\234\265UKOSA\024>3s\333\336\002-\227\207\274dQ\227"
 8060      4B4F5341 
 8060      143E3373 
ARM GAS  /tmp/cc0F93am.s 			page 167


 8060      DBDE022D 
 8060      9787BC64 
 8061 0016 BA30AC0C 		.ascii	"\2720\254\014\313\376\001X\370\013\200\012\365\225\310"
 8061      CBFE0158 
 8061      F80B800A 
 8061      F595C8
 8062 0025 4FB8A02E 		.ascii	"O\270\240.4\206\324\304\004\232 \326\205\232\030-$\230"
 8062      3486D4C4 
 8062      049A20D6 
 8062      859A182D 
 8062      2498
 8063 0037 A0805024 		.ascii	"\240\200P$\032\027\304\220\220\020\015\004\0330(\342"
 8063      1A17C490 
 8063      90100D04 
 8063      1B3028E2 
 8064 0047 038246A2 		.ascii	"\003\202F\242&x\316\014soK\001\213\211\263\270\367\334"
 8064      2678CE0C 
 8064      736F4B01 
 8064      8B89B3B8 
 8064      F7DC
 8065 0059 E93967CE 		.ascii	"\3519g\316\234\357\373NM`\320\340\007gU\001\370m\\\274"
 8065      9CEFFB4E 
 8065      4D60D0E0 
 8065      07675501 
 8065      F86D5CBC 
 8066 006d 8D310831 		.ascii	"\2151\0101\020\011fxiC\234\0020\225\301\201\003\223"
 8066      10096678 
 8066      69439C02 
 8066      3095C181 
 8066      0393
 8067 007f 4E2D1C0C 		.ascii	"N-\034\014\016BnG\300\240\004\314\211\3472\336Vi\322"
 8067      0E426E47 
 8067      C0A004CC 
 8067      89E732DE 
 8067      5669D2
 8068 0092 CCC7E57E 		.ascii	"\314\307\345~$\2174\316\256\351x\200\011:\276\210\216"
 8068      248F34CE 
 8068      AEE97880 
 8068      093ABE88 
 8068      8E
 8069 00a3 E1508E5F 		.ascii	"\341P\216_\003<\312\014\312\017\202\036\006=8=<A\374"
 8069      033CCA0C 
 8069      CA0F821E 
 8069      063D383D 
 8069      3C41FC
 8070 00b6 35255A41 		.ascii	"5%ZA\272%x\033\035\246\023\270\251\252\034\253\236\222"
 8070      BA25781B 
 8070      1DA613B8 
 8070      A9AA1CAB 
 8070      9E92
 8071 00c8 0A28A230 		.ascii	"\012(\2420L\252jO\310\027\030\036\271\213\015(\224\311"
 8071      4CAA6A4F 
 8071      C817181E 
 8071      B98B0D28 
 8071      94C9
 8072 00da 5A7756AE 		.ascii	"ZwV\256k\224\015\020T\037\2175\342W\340\347D\337\020"
 8072      6B940D10 
ARM GAS  /tmp/cc0F93am.s 			page 168


 8072      541F8F35 
 8072      E257E0E7 
 8072      44DF10
 8073 00ed 76C203A1 		.ascii	"v\302\003\241\366n\301\272.~]0\273\304-\021d\300\206"
 8073      F66EC1BA 
 8073      2E7E5D30 
 8073      BBC42D11 
 8073      64C086
 8074 0100 D961D104 		.ascii	"\331a\321\004\241\013\332p[\225P\257&\277!\323\342\261"
 8074      A10BDA70 
 8074      5B9550AF 
 8074      26BF21D3 
 8074      E2B1
 8075 0112 5E65641D 		.ascii	"^ed\035ka\303~\177O\315`\355\226\273\033r\213\011\201"
 8075      6B61C37E 
 8075      7F4FCD60 
 8075      ED96BB1B 
 8075      728B0981 
 8076 0126 8EAF03B6 		.ascii	"\216\257\003\266<\025\037\344M\034\302\034<\262\315"
 8076      3C151FE4 
 8076      4D1CC21C 
 8076      3CB2CD
 8077 0135 2D10A662 		.ascii	"-\020\246b=PFW\022\321,\264\300(Q\030\002\004\344\325"
 8077      3D504657 
 8077      12D12CB4 
 8077      C0285118 
 8077      0204E4D5 
 8078 0149 F3BCB117 		.ascii	"\363\274\261\027J\355\331\271NqVq\007x\260\367j\377"
 8078      4AEDD9B9 
 8078      4E715671 
 8078      0778B0F7 
 8078      6AFF
 8079 015b 96388D90 		.ascii	"\2268\215\220ww\257~P(\350\000\026k4\002L\006~3}\222"
 8079      7777AF7E 
 8079      5028E800 
 8079      166B3402 
 8079      4C067E33 
 8080 0171 3531EC3C 		.ascii	"51\354<\360\335\256\215\313\010\250Sb\215&T\277\237"
 8080      F0DDAE8D 
 8080      CB08A853 
 8080      628D2654 
 8080      BF9F
 8081 0183 8A2F0972 		.ascii	"\212/\011r\256\2410\201\205Z\362\036\255\332\331R'\370"
 8081      AEA13081 
 8081      855AF21E 
 8081      ADDAD952 
 8081      27F8
 8082 0195 A1125D27 		.ascii	"\241\022]'\321\325\334\201\201\0071\030\301\326\333"
 8082      D1D5DC81 
 8082      81073118 
 8082      C1D6DB
 8083 01a4 8240D016 		.ascii	"\202@\320\026\365=\023\204\264z\245X\006\037\320\321"
 8083      F53D1384 
 8083      B47AA558 
 8083      061FD0D1 
 8084 01b4 3224BD90 		.ascii	"2$\275\220\313\005h\244E.4\333\\\336\013\032g7\354\356"
 8084      CB0568A4 
ARM GAS  /tmp/cc0F93am.s 			page 169


 8084      452E34DB 
 8084      5CDE0B1A 
 8084      6737ECEE 
 8085 01c8 861D3236 		.ascii	"\206\03526\271\277\333\314u@pto\260.\326Af3\272p\256"
 8085      B9BFDBCC 
 8085      75407074 
 8085      6FB02ED6 
 8085      416633BA 
 8086 01de 3FD0CE08 		.ascii	"?\320\316\0105\024\330\304\\\333\320]1\250-\005p\354"
 8086      3514D8C4 
 8086      5CDBD05D 
 8086      31A82D05 
 8086      70EC
 8087 01f0 F3BBFE97 		.ascii	"\363\273\376\227\262\203u\317\036/.P\007\313\037\216"
 8087      B28375CF 
 8087      1E2F2E50 
 8087      07CB1F8E 
 8088 0200 2E75B81D 		.ascii	".u\270\035t\332\255{Y\010\2230r\367\301uq\036\243\032"
 8088      74DAAD7B 
 8088      59089330 
 8088      72F7C175 
 8088      711EA31A 
 8089 0214 2EAF2F5E 		.ascii	".\257/^\022\347\000\252\007\342\033\253\374\214\023"
 8089      12E700AA 
 8089      07E21BAB 
 8089      FC8C13
 8090 0223 455AA4A8 		.ascii	"EZ\244\250mt\245\255\266\371\\\355\\\255a\241\305\206"
 8090      6D74A5AD 
 8090      B6F95CED 
 8090      5CAD61A1 
 8090      C586
 8091 0235 8245FF43 		.ascii	"\202E\377C\277\001I\327iL\252\240\264\263d\354\315_"
 8091      BF0149D7 
 8091      694CAAA0 
 8091      B4B364EC 
 8091      CD5F
 8092 0247 C6BB0FA0 		.ascii	"\306\273\017\240L\252\007\241\370\311\333\256O\333\342"
 8092      4CAA07A1 
 8092      F8C9DBAE 
 8092      4FDBE2
 8093 0256 CE47CDBE 		.ascii	"\316G\315\276\247\257\247\373h\212\372\306o\256=\312"
 8093      A7AFA7FB 
 8093      688AFAC6 
 8093      6FAE3DCA 
 8094 0266 55B33E27 		.ascii	"U\263>'\2332Z\343y\251\271\030\365Gr\2102o~T\206\240"
 8094      9B325AE3 
 8094      79A9B918 
 8094      F5477288 
 8094      326F7E54 
 8095 027c 903D89A8 		.ascii	"\220=\211\250\251\2378\370P\336\375\006.>\373O\246z"
 8095      A99F38F8 
 8095      50DEFD06 
 8095      2E3EFB4F 
 8095      A67A
 8096 028e 97C56197 		.ascii	"\227\305a\227\304\341\254N[\377<TJ\0162TJ\241\006'\305"
 8096      C4E1AC4E 
 8096      5BFF3C54 
ARM GAS  /tmp/cc0F93am.s 			page 170


 8096      4A0E3254 
 8096      4AA10627 
 8097 02a3 8694442D 		.ascii	"\206\224D-Qs\357\241R\006U\350:#$w\333w\237\"\333\350"
 8097      5173EFA1 
 8097      520655E8 
 8097      3A232477 
 8097      DB779F22 
 8098 02b9 DBC22B21 		.ascii	"\333\302+!\241QJ\224N\357`\335\236\270k\256\206\262"
 8098      A1514A94 
 8098      4EEF60DD 
 8098      9EB86BAE 
 8098      86B2
 8099 02cb 745B0EC7 		.ascii	"t[\016\3077\222\366\027Y\344\2117+\363Wx\024\240b%\371"
 8099      3792F617 
 8099      59E48937 
 8099      2BF35778 
 8099      14A06225 
 8100 02e0 23B98F6E 		.ascii	"#\271\217n\017\301\013\330z\276\331+u{\362\366\364\265"
 8100      0FC10BD8 
 8100      7ABED92B 
 8100      757BF2F6 
 8100      F4B5
 8101 02f2 1ED26D4D 		.ascii	"\036\322mM\272'\371\353\340\272\255\200\320\354\372"
 8101      BA27F9EB 
 8101      E0BAAD80 
 8101      D0ECFA
 8102 0301 9D7BA24D 		.ascii	"\235{\242M\016\324\034\336g\215X\201Cj\024\367S\234"
 8102      0ED41CDE 
 8102      678D5881 
 8102      436A14F7 
 8102      539C
 8103 0313 3CB4952B 		.ascii	"<\264\225+\015\305K\036\334\367\377.kP\376m<\"\311\035"
 8103      0DC54B1E 
 8103      DCF7FF2E 
 8103      6B50FE6D 
 8103      3C22C91D 
 8104 0327 91D078D4 		.ascii	"\221\320x\324*\261y\306\330\244\361\330\241\330\217"
 8104      2AB179C6 
 8104      D8A4F1D8 
 8104      A1D88F
 8105 0336 E3D17C15 		.ascii	"\343\321|\025\037\\\346\021\013R\330\267\322\211\217"
 8105      1F5CE611 
 8105      0B52D8B7 
 8105      D2898F
 8106 0345 9B9DF461 		.ascii	"\233\235\364a\2019:6~_4[\022+\\\225pd\354\306\374\260"
 8106      81393A36 
 8106      7E5F345B 
 8106      122B5C95 
 8106      7064ECC6 
 8107 035b 24D5510C 		.ascii	"$\325Q\014_#hK:\011\343\235<\201?\277\035\015\302"
 8107      5F23684B 
 8107      3A09E39D 
 8107      3C813FBF 
 8107      1D0DC2
 8108              		.text
 8109              		.section	.gnu.lto_.pureconst.e93b417e7755f224,"e",%progbits
 8110 0000 789C05C1 		.ascii	"x\234\005\301\211\001\202\000\020\003\301\0036\310\257"
ARM GAS  /tmp/cc0F93am.s 			page 171


 8110      89018200 
 8110      1003C103 
 8110      36C8AF
 8111 000f A2A02DD1 		.ascii	"\242\240-\321bJIu\314\014\325\324UU\3772\215iMg02\275"
 8111      624A4975 
 8111      CC0CD5D4 
 8111      5555FF32 
 8111      8D694D67 
 8112 0026 79444334 		.ascii	"yDC4\232)\232\243\305\254f3O\3632\357h\217>\346\033"
 8112      9A299AA3 
 8112      C5AC6633 
 8112      4FF332EF 
 8112      688F3EE6 
 8113 003b 1DD1697E 		.ascii	"\035\321i~\321\015up\021x"
 8113      D10D7570 
 8113      1178
 8114              		.text
 8115              		.section	.gnu.lto_ibqGetFullBufferTimeoutS.part.0.e93b417e7755f224,"e",%progbits
 8116 0000 789C9D54 		.ascii	"x\234\235TML\\U\024\276\337;o\336\014T\320h\242\013"
 8116      4D4C5C55 
 8116      14BEDF3B 
 8116      6FDE0C54 
 8116      D068A20B 
 8117 0014 126D8C84 		.ascii	"\022m\214\204\200v\030\027\243&n\272\354\306]\211u\325"
 8117      80761817 
 8117      A3266EBA 
 8117      ECC65D89 
 8117      75D5
 8118 0026 08824CB4 		.ascii	"\010\202L\264\245e\206u/\014\326\037\012\325\004[)\322"
 8118      A5658675 
 8118      2F0CD61F 
 8118      0AD5045B 
 8118      29D2
 8119 0038 819950BA 		.ascii	"\201\231P\2720\266\232.lAK\253\326R\251\035\361\247"
 8119      30B69A2E 
 8119      6C414BAB 
 8119      D652A91D 
 8119      F1A7
 8120 004a 9D8A8321 		.ascii	"\235\212\203!\221\230&Jc\"\365w\364\234\373\036\323"
 8120      9198264A 
 8120      6322F577 
 8120      F49CFB1E 
 8120      D3
 8121 005b 37AF8931 		.ascii	"7\257\2111\276\314\3349\367\3169\337\367\235s\356y\021"
 8121      BECCDC39 
 8121      F7CE39DF 
 8121      F79D73EE 
 8121      7911
 8122 006d 05F5A4A3 		.ascii	"\005\365\244\243\324\200R\352a\376\"\244`k\2557\207"
 8122      D48052EA 
 8122      61FE22A4 
 8122      606BAD37 
 8122      87
 8123 007e 61C3720D 		.ascii	"a\303r\015\013d\214\336\010\001\306\322\021\250=\266"
 8123      0B648CDE 
 8123      0801C6D2 
 8123      11A83DB6 
ARM GAS  /tmp/cc0F93am.s 			page 172


 8124 008e 45D883FD 		.ascii	"E\330\203\375t\220P\354\033\373\365\266!\312\020\007"
 8124      749050EC 
 8124      1BFBF5B6 
 8124      21CA1007 
 8125 009e F376F8C2 		.ascii	"\363v\370\302\211\271j\331\002\033y\273\257\2670M\215"
 8125      89B96AD9 
 8125      021B79BB 
 8125      AFB7304D 
 8125      8D
 8126 00af 531CA967 		.ascii	"S\034\251g\017\376Y;r\"\257\2532d\251\021v\237F\035"
 8126      0FFE593B 
 8126      7222AFAB 
 8126      3264A911 
 8126      769F461D 
 8127 00c3 4EA14EC9 		.ascii	"N\241N\311\023p\315\237\261\266\270n(\273a\006\215\242"
 8127      1370CD9F 
 8127      B1B6B86E 
 8127      28BB6106 
 8127      8DA2
 8128 00d5 F27D34B2 		.ascii	"\362}4\262\367\305\033k\363\033(\006\211\324\331\277"
 8128      F7C51B6B 
 8128      F31B2806 
 8128      89D4D9BF 
 8129 00e5 266B1A26 		.ascii	"&k\032&\265\356\323\263\363S\244\037\310\020\341\003"
 8129      B5EED3B3 
 8129      F353A41F 
 8129      C810E103 
 8130 00f5 909F04A7 		.ascii	"\220\237\004\247\321\300\307\361\037\267\006#\362\330"
 8130      D1C0C7F1 
 8130      1FB70623 
 8130      F2D8
 8131 0103 52F647D0 		.ascii	"R\366G\320\237\371f\321\240,\216Y\034\032\376\276\226"
 8131      9FF966D1 
 8131      A02C8E59 
 8131      1C1AFEBE 
 8131      96
 8132 0114 9E308CFD 		.ascii	"\2360\214\375G\177\277R\355\305\227\246\3578\222\326"
 8132      477FBF52 
 8132      EDC597A6 
 8132      EF3892D6 
 8133 0124 8C61E34C 		.ascii	"\214a\343L\200\363\254`\330\361\337\266\032S\252\263"
 8133      80F3AC60 
 8133      D8F1DFB6 
 8133      1A53AAB3 
 8134 0134 F2D22FB7 		.ascii	"\362\322/\2677\03559\256\025h\"\335\017vPYR\356\203"
 8134      371D3539 
 8134      AE156822 
 8134      DD0F7650 
 8134      5952EE83 
 8135 0148 0FD1C46E 		.ascii	"\017\321\304n\313\357\224^\257qlS\245\217\340\230\362"
 8135      CBEF945E 
 8135      AF716C53 
 8135      A58FE098 
 8135      F2
 8136 0159 144F5DBA 		.ascii	"\024O]\272VS\2373\224k\323wN\244\365ym\227IQA\352U\324"
 8136      56539F33 
 8136      946BD377 
ARM GAS  /tmp/cc0F93am.s 			page 173


 8136      4EA4F579 
 8136      6D974951 
 8137 0171 83C1C7A8 		.ascii	"\203\301\307\2507\2254P8\007\007\025\034\026>\3618\346"
 8137      37953450 
 8137      38070715 
 8137      1C163EF1 
 8137      38E6
 8138 0183 8F9FBC6C 		.ascii	"\217\237\274lS\213I\361\217\301\302rX\370Xji\346\356"
 8138      538B49F1 
 8138      8FC1C272 
 8138      58F8586A 
 8138      69E6EE
 8139 0196 753E0BE7 		.ascii	"u>\013\347\003I\3161\272\212\357o\3613\312\231\320\341"
 8139      0349CE31 
 8139      BA8AEF6F 
 8139      F133CA99 
 8139      D0E1
 8140 01a8 029CF850 		.ascii	"\002\234\370PK\020/\017?\026\002X\025\332?\025\244s"
 8140      4B102F0F 
 8140      3F160258 
 8140      15DA3F15 
 8140      A473
 8141 01ba 2E92F963 		.ascii	".\222\371cq\264X\252\242\247\214\306\334[o\376P\353"
 8141      71B458AA 
 8141      A2A78CC6 
 8141      DC5B6FFE 
 8141      50EB
 8142 01cc B56175F4 		.ascii	"\265au\364\241\245\364r\276W\272\037\302E\001\266n\002"
 8142      A1A5F472 
 8142      BE57BA1F 
 8142      C24501B6 
 8142      6E02
 8143 01de 7F269D08 		.ascii	"\177&\235\010\305G\266I\330\201\327\256\357]/\245\271"
 8143      C547B649 
 8143      D881D7AE 
 8143      EF5D2FA5 
 8143      B9
 8144 01ef 945ABFBC 		.ascii	"\224Z\277\274\271\034\205\212(O\216\277\341\253\243"
 8144      B91C858A 
 8144      284F8EBF 
 8144      E1ABA3
 8145 01fe B1A55C66 		.ascii	"\261\245\\fP\217[\345\362\373\230\362n\317\217l\013"
 8145      508F5BE5 
 8145      F2FB98F2 
 8145      6ECF8F6C 
 8145      0B
 8146 020f 36CDC774 		.ascii	"6\315\307tk\323\362\201\246\365K\235\306O\037n\304\347"
 8146      6BD3F281 
 8146      A6F54B9D 
 8146      C64F1F6E 
 8146      C4E7
 8147 0221 A8C72529 		.ascii	"\250\307%)\302<\034&\362\027Ga\201\013c\232\207/\330"
 8147      C23C1C26 
 8147      F2174761 
 8147      810B639A 
 8147      872FD8
 8148 0234 528AA4D7 		.ascii	"R\212\244\327\201Y\222\302\344\006\006\207E\256\245"
ARM GAS  /tmp/cc0F93am.s 			page 174


 8148      815992C2 
 8148      E4060687 
 8148      45AEA5
 8149 0243 FC5A3DC6 		.ascii	"\374Z=\306\027\262\327\317\222\210|\265<\243\"20}_\232"
 8149      17B2D7CF 
 8149      92887CB5 
 8149      3CA32232 
 8149      307D5F9A 
 8150 0257 E953F88A 		.ascii	"\351S\370\212\365pS\216-\204\264.\375\375\242\326\207"
 8150      F570538E 
 8150      2D84B42E 
 8150      FDFDA2D6 
 8150      87
 8151 0268 1EBFAB1A 		.ascii	"\036\277\253\032\2201\261T\206\034\222\305\346%\034"
 8151      9031B154 
 8151      861C92C5 
 8151      E6251C
 8152 0277 12CBE125 		.ascii	"\022\313\341%\302\357\030R\"\306f\215\373\310vMR+\350"
 8152      C2EF1852 
 8152      22C6668D 
 8152      FBC8764D 
 8152      522BE8
 8153 028a 337DF48F 		.ascii	"3}\364\217\305\317\005:4\036\251\234\212\257\321d\256"
 8153      C5CF053A 
 8153      341EA99C 
 8153      8AAFD164 
 8153      AE
 8154 029b F50A2C25 		.ascii	"\365\012,%\031\312\201\022$\353&\222\316\3368LrS\304"
 8154      19CA8112 
 8154      24EB2692 
 8154      CEDE384C 
 8154      7253C4
 8155 02ae BEFF1623 		.ascii	"\276\377\026#;q\2371\257\241of\356A1\307H\246z(\275"
 8155      3B719F31 
 8155      AFA16F66 
 8155      EE4131C7 
 8155      48A67A28 
 8156 02c3 5A8CC8FB 		.ascii	"Z\214\310\373\212\214\222\331\253\307\013\265\223\310"
 8156      8A8C92D9 
 8156      ABC70BB5 
 8156      93C8
 8157 02d1 F158568D 		.ascii	"\361XV\215q\372\227\245L|\336\233Yz\317\211\275-t\033"
 8157      71FA97A5 
 8157      4C7CDE9B 
 8157      597ACF89 
 8157      BD2D741B 
 8158 02e5 392B5CC1 		.ascii	"9+\\\301$\3360\372P@\214Q\323\357\356\235\013\273\260"
 8158      24DE30FA 
 8158      50408C51 
 8158      D3EFEE9D 
 8158      0BBBB0
 8159 02f8 C4C8A666 		.ascii	"\304\310\246f\314U|\245`D\3757\350\361{\005\373\252"
 8159      CC557CA5 
 8159      6044FD37 
 8159      E8F17B05 
 8159      FBAA
 8160 030a C186607F 		.ascii	"\301\206`\177\203\030\343\031\375S\031ZO\340\300\300"
ARM GAS  /tmp/cc0F93am.s 			page 175


 8160      8318E319 
 8160      FD53195A 
 8160      4FE0C0C0 
 8161 031a 498FCAF6 		.ascii	"I\217\312\366gP\035\314`\203\010Y\024\032|\313\230\256"
 8161      67501DCC 
 8161      60830859 
 8161      141A7CCB 
 8161      98AE
 8162 032c CA112F34 		.ascii	"\312\021/4d\204\332\377Wd\321\210\264D\344\222\210\014"
 8162      6484DAFF 
 8162      5764D188 
 8162      B444E492 
 8162      880C
 8163 033e 1991C73C 		.ascii	"\031\221\307<\221\322\033Z\357\315O\334\2651\222\303"
 8163      91D21B5A 
 8163      EFCD4FDC 
 8163      B53192C3 
 8164 034e 35C35116 		.ascii	"5\303Q\026lA\341;\324Y\013\016\337\017\270\356\202\270"
 8164      6C41E13B 
 8164      D4590B0E 
 8164      DF0FB8EE 
 8164      82B8
 8165 0360 291A6DE6 		.ascii	")\032m\346O[g\2425\321\225\334\236\352\356\331\371\\"
 8165      4F5B67A2 
 8165      35D195DC 
 8165      9EEAEED9 
 8165      F95C
 8166 0372 7357B2B9 		.ascii	"sW\262\271\363\351\347\233\223\335m\362\273\275\265"
 8166      F3E9E79B 
 8166      93DD6DF2 
 8166      BBBDB5
 8167 0381 A7A3A3BD 		.ascii	"\247\243\243\275;\031mSv\242u\367\256{*\316\242\317"
 8167      3B196D53 
 8167      76A275F7 
 8167      AE7B2ACE 
 8167      A2CF
 8168 0393 3CDAFE58 		.ascii	"<\332\376X[\254\343\021\025N%v\264w\365\244hG\362YJ"
 8168      5BACE311 
 8168      154E2576 
 8168      B477F5A4 
 8168      6847F259 
 8169 03a8 EDDE15FD 		.ascii	"\355\336\025\375\027\350\256$/\335\251M;\023\256\035"
 8169      17E8AE24 
 8169      2FDDA94D 
 8169      3B13AE1D 
 8170 03b8 ED54FF00 		.ascii	"\355T\377\000\036\356*Q"
 8170      1EEE2A51 
 8171              		.text
 8172              		.section	.gnu.lto_obqGetEmptyBufferTimeoutS.part.0.e93b417e7755f224,"e",%progbits
 8173 0000 789C9D54 		.ascii	"x\234\235T_lSu\024\376}\367\334\336v\213\233\217>,1"
 8173      5F6C5375 
 8173      14FE7DF7 
 8173      DCDE768B 
 8173      9B8F3E2C 
 8174 0015 609CCB86 		.ascii	"`\234\313\206t\345\241\352#\217\304\304\354\311\004"
 8174      74E5A1EA 
 8174      238FC4C4 
ARM GAS  /tmp/cc0F93am.s 			page 176


 8174      ECC904
 8175 0024 9F889B9B 		.ascii	"\237\210\233\233[\024\012k\367\314\257\353\004\0246"
 8175      5B140A6B 
 8175      F7CCAFEB 
 8175      041436
 8176 0033 C54CD99C 		.ascii	"\305L\331\234K\353\2321L\374\203\272\007e(\003\024\031"
 8176      4BEB9A31 
 8176      4CFC83BA 
 8176      07652803 
 8176      1419
 8177 0045 7650A70E 		.ascii	"vP\247\016\212\2435K\234\006\0237L$\006\223\3519\277"
 8177      8AA3354B 
 8177      9C061337 
 8177      4C240693 
 8177      E939BF
 8178 0058 7B29ED25 		.ascii	"{)\355%1\304\246\275=\367\327s\276\357;\337\271\247"
 8178      31C4A6BD 
 8178      3DF7D773 
 8178      BEEF3BDF 
 8178      B9A7
 8179 006a 2105D5E5 		.ascii	"!\005\325\345(uP)\265\205?\010(\330Z\353\255A\330\260"
 8179      28755029 
 8179      B5853F08 
 8179      28D85AEB 
 8179      AD41D8B0 
 8180 007e DCC00299 		.ascii	"\334\300\002\231 \031\"\300D:\004\265\327\266\010{\361"
 8180      201922C0 
 8180      443A04B5 
 8180      D7B6087B 
 8180      F1
 8181 008f 2A1D2114 		.ascii	"*\035!\024\373\307\377\272o\210\322\304\305|;|az\256"
 8181      FBC7FFBA 
 8181      6F88D2C4 
 8181      C57C3B7C 
 8181      617AAE
 8182 00a2 566E810D 		.ascii	"Vn\201\015|{(Y\230\241\346)\256\324\263G^\177\344\306"
 8182      7C7B2859 
 8182      98A1E629 
 8182      AED4B347 
 8182      5E7FE4C6 
 8183 00b6 745ED7A4 		.ascii	"t^\327\244\311R\243\234>\203\006\234@\203\222\227/5"
 8183      C952A39C 
 8183      3E83069C 
 8183      40839297 
 8183      2F35
 8184 00c8 7FDADAE6 		.ascii	"\177\332\332\346\246\241\234\206\223h\026\225\237\243"
 8184      A6A19C86 
 8184      93681695 
 8184      9FA3
 8185 00d6 99B37FC9 		.ascii	"\231\263\177\311\0348ZG\021H\345\251\344\273\033\233"
 8185      1C385A47 
 8185      1148E5A9 
 8185      E4BB1B9B 
 8186 00e6 26B5EED7 		.ascii	"&\265\356\327\263\271)\322\017\247\211\360\005\250\222"
 8186      B3B929D2 
 8186      0FA789F0 
 8186      05A892
ARM GAS  /tmp/cc0F93am.s 			page 177


 8187 00f5 03A7D0C4 		.ascii	"\003\247\320\304\307\321\\\233\257 \217m\345t\370\323"
 8187      C7D15C9B 
 8187      AF208F6D 
 8187      E574F8D3 
 8188 0105 996D164D 		.ascii	"\231m\026M\312\342\222\245\241\341\237\353\351)\303"
 8188      CAE292A5 
 8188      A1E19FEB 
 8188      E929C3
 8189 0114 3770ECD6 		.ascii	"7p\354\326\225Z\257~q\204J\323Z\232\262q\332\307yF@"
 8189      955AAF7E 
 8189      71844AD3 
 8189      5A9AB271 
 8189      DAC77946 
 8190 0129 EC68A1CD 		.ascii	"\354h\241\315\204b\316\312\201?\357o9fZ\274Y\240wR\003"
 8190      8462CECA 
 8190      813FEF6F 
 8190      39665ABC 
 8190      59A07752 
 8191 013e E0043541 		.ascii	"\340\0045A\312}\341,Z8m\371\243\3657\352\034\333\230"
 8191      CA7DE12C 
 8191      5A386DF9 
 8191      A3F537EA 
 8191      1CDB98
 8192 0151 F4251CE3 		.ascii	"\364%\034\343N\361\304\245\353u\215Y\303yq\204\246R"
 8192      4EF1C4A5 
 8192      EB758D59 
 8192      C3797184 
 8192      A652
 8193 0163 FABCB6CB 		.ascii	"\372\274\266\313\244\250\"\365\014\365`\360\025\032"
 8193      A4A822F5 
 8193      0CF560F0 
 8193      151A
 8194 0171 8D91060A 		.ascii	"\215\221\006\012\347\340\240\212\303\302\327\036G\356"
 8194      E7E0A08A 
 8194      C3C2D71E 
 8194      47EE
 8195 017f F867976D 		.ascii	"\370g\227mz\332\364\370\367`a9(|,uq\224\306\270\307"
 8195      7ADAF4F8 
 8195      F7606139 
 8195      287C2C75 
 8195      7194C6B8 
 8196 0194 97B7F248 		.ascii	"\227\267\362Hp\336\327\344\034\243\253\350Z[%\243\234"
 8196      70DED7E4 
 8196      1CA3ABE8 
 8196      5A5B25A3 
 8196      9C
 8197 01a5 091D2EC0 		.ascii	"\011\035.\300\211\256\266\371\361\3620\332=,\370\260"
 8197      89AEB6F9 
 8197      F1F230DA 
 8197      3D2CF8B0 
 8198 01b5 AAB47F23 		.ascii	"\252\264\177#H\347\\$\363\303\322Xq\275\206\2361\032"
 8198      48E75C24 
 8198      F3C3D258 
 8198      71BD869E 
 8198      311A
 8199 01c7 B3EFBDFD 		.ascii	"\263\357\275\375k\2757\207\325\261GK\251\345|R\246\037"
 8199      6BBD3787 
ARM GAS  /tmp/cc0F93am.s 			page 178


 8199      D5B1474B 
 8199      A9E57C52 
 8199      A61F
 8200 01d9 C0BC005B 		.ascii	"\300\274\000[w\200/\312$\002\321\321\355R\366\346\341"
 8200      77802FCA 
 8200      2402D1D1 
 8200      ED52F6E6 
 8200      E1
 8201 01ea B57DB7AD 		.ascii	"\265}\267\2554\317\244\333\232W\205\252*ON\345\304W"
 8201      34CFA4DB 
 8201      9A5785AA 
 8201      2A4F4EE5 
 8201      C457
 8202 01fc C722A56C 		.ascii	"\307\"\245lzPg\254\262\375\025Lyw\346G\267\373\207V"
 8202      7A5067AC 
 8202      B2FD154C 
 8202      7977E647 
 8202      B7FB8756 
 8203 0210 C174F7D0 		.ascii	"\301t\367\320\362\276\241\015\210O\231\337r\207y\001"
 8203      F2BEA10D 
 8203      884F99DF 
 8203      72877901 
 8204 0220 BF45232E 		.ascii	"\277E#.\211\01598LUi\217\302\002[c\306\207\3578R\212"
 8204      890D3938 
 8204      4C55698F 
 8204      C2025B63 
 8204      C687EF38 
 8205 0236 64DABE65 		.ascii	"d\332\276e\022k\262\007\007\207E\260\245*\325z\234/"
 8205      126BB207 
 8205      078745B0 
 8205      A52AD57A 
 8205      9C2F
 8206 0248 4DAC9D21 		.ascii	"M\254\235!\221\371ZyI\315\254\253\327\357{\263~\012"
 8206      91F95A79 
 8206      49CDACAB 
 8206      D7EF7BB3 
 8206      7E0A
 8207 025a 3FB01E1E 		.ascii	"?\260\036\036\313\207\013\001\255\327\377\331\257\365"
 8207      CB870B01 
 8207      ADD7FFD9 
 8207      AFF5
 8208 0268 AD4DA356 		.ascii	"\255M\243V- \253b\25149$\027\233/\301\200D\016_B\374"
 8208      2D20AB62 
 8208      A9343924 
 8208      179B2FC1 
 8208      80440E5F 
 8209 027e 2F434AD4 		.ascii	"/CJ\324\330,\362\020\331nHj\005\375f\224\225\233\361"
 8209      D82CF210 
 8209      D96E486A 
 8209      05FD6694 
 8209      959BF1
 8210 0291 4781DECA 		.ascii	"G\201\336\312\204\252\027c\021-\346\311^\201\245\244"
 8210      84AA1763 
 8210      112DE6C9 
 8210      5E81A5A4 
 8211 02a1 45395082 		.ascii	"E9P\202d\335A\322\023\331\371-\362\260H\374\320]\301"
 8211      64DD41D2 
ARM GAS  /tmp/cc0F93am.s 			page 179


 8211      13D9F92D 
 8211      F2B048FC 
 8211      D05DC1
 8212 02b4 C4FBF330 		.ascii	"\304\373\3630\361u\364\237\234\333$\3418\311j\017\245"
 8212      F175F49F 
 8212      9CDB24E1 
 8212      38C96A0F 
 8212      A5
 8213 02c5 568B21F9 		.ascii	"V\213!\371\313\"#e\366\352\361B\375$\262\274\2325\343"
 8213      CB222365 
 8213      F6EAF142 
 8213      FD24B2BC 
 8213      9A35E3
 8214 02d8 6CC06531 		.ascii	"l\300e1\212\317\223\351\322\247N\344\003\341\333\300"
 8214      8ACF93E9 
 8214      D2A74EE4 
 8214      03E1DBC0 
 8215 02e8 6DE10A26 		.ascii	"m\341\012&1b\004\242\200\010\243\246>\3367\027ta\211"
 8215      316204A2 
 8215      8008A3A6 
 8215      3EDE3717 
 8215      746189
 8216 02fb 918D6BCC 		.ascii	"\221\215k\314U|\245@rzo\320\231\007\005\373\252\301"
 8216      557CA540 
 8216      727A6FD0 
 8216      990705FB 
 8216      AAC1
 8217 030d 8660FF88 		.ascii	"\206`\377\210\010\343\231\006>\361\3323\015<\3512\331"
 8217      08E39906 
 8217      3EF1DA33 
 8217      0D3CE932 
 8217      D9
 8218 031e F7ACB816 		.ascii	"\367\254\270\026K\006\325\022\324k~\305\001V\314h\377"
 8218      4B06D512 
 8218      D46B7EC5 
 8218      0156CC68 
 8218      FF
 8219 032f 5770D140 		.ascii	"Wp\321@\213\033(\211\340\200\021<\343\011\226A\321\355"
 8219      8B1B2889 
 8219      E080113C 
 8219      E3099641 
 8219      D1ED
 8220 0341 41FDCE23 		.ascii	"A\375\316#\034'9\274i8\312\366[P\370\011\015\326\202"
 8220      1C2739BC 
 8220      6938CAF6 
 8220      5B50F809 
 8220      0DD682
 8221 0354 C30F0BDC 		.ascii	"\303\017\013\334t\021\2739\034n\345wGwO{O,\276#\321"
 8221      7411BB39 
 8221      1C6EE577 
 8221      47774F7B 
 8221      4F2CBE23 
 8222 0369 DBB7EB85 		.ascii	"\333\267\353\205\326X\274\265\373\331\027[\343\275\035"
 8222      D658BCB5 
 8222      FBD9175B 
 8222      E3BD1D
 8223 0378 F2BDA3BD 		.ascii	"\362\275\243\275\257\253\253\2637\036\356Pv\254}\317"
ARM GAS  /tmp/cc0F93am.s 			page 180


 8223      AFABABB3 
 8223      371EEE50 
 8223      76AC7DCF 
 8224 0388 EE07AACE 		.ascii	"\356\007\252\316\302\317=\336\371DG\244\3531\025L\364"
 8224      C2CF3DDE 
 8224      F94447A4 
 8224      EB31154C 
 8224      F4
 8225 0399 ECEC8CF5 		.ascii	"\354\354\214\365%hg\374yJ\354\331\035\376\017\350X\234"
 8225      256867FC 
 8225      794AECD9 
 8225      1DFE0FE8 
 8225      589C
 8226 03ab 2FBD89CD 		.ascii	"/\275\211\315\273z\3348\334\255\376\005\007\272/\212"
 8226      BB7ADC38 
 8226      DCADFE05 
 8226      07BA2F8A 
 8227              		.text
 8228              		.section	.gnu.lto_ibqObjectInit.e93b417e7755f224,"e",%progbits
 8229 0000 789CA596 		.ascii	"x\234\245\226mLSg\024\307\237s\237\3337\240\315b\346"
 8229      6D4C5367 
 8229      14C79F73 
 8229      9FDB37A0 
 8229      CD62E6
 8230 0013 7C212E64 		.ascii	"|!.d\231a\306\010]\226n\373\260\017\373\270/\373:\267"
 8230      9961C608 
 8230      5D966EFB 
 8230      B00FFBB8 
 8230      2FFB3AB7 
 8231 0027 7D31524A 		.ascii	"}1RJh0\025)d\331\276xiY\215\"l:\021AH\011]]\234\213"
 8231      68301529 
 8231      64D9BE78 
 8231      69598D22 
 8231      6C3A1141 
 8232 0041 3A4736DF 		.ascii	":G6\337\246\325\351\024_6\347t*2@P\024\335\250S\024"
 8232      A6D5E914 
 8232      5F36E774 
 8232      2A324050 
 8232      14DDA853 
 8233 0056 94083BE7 		.ascii	"\224\010;\347\334kk)3L\010\275<\317\275\317\377w\376"
 8233      DC6B6B29 
 8233      334C08BD 
 8233      3CCFBDCF 
 8233      FF77FE
 8234 0069 E73CE729 		.ascii	"\347<\347)\327*@\3302\205\030\021B\314\303\017H\001"
 8234      D72A40D8 
 8234      32851811 
 8234      42CCC30F 
 8234      4801
 8235 007b 8AA6696F 		.ascii	"\212\246io[*\255\012\000\2174+\210\225\012\254\204\317"
 8235      5B2AAD0A 
 8235      008F342B 
 8235      88950AAC 
 8235      84CF
 8236 008d 64BD84C3 		.ascii	"d\275\204\303\253\372\367(\013\276\302'Z\254~\2679\244"
 8236      ABFAF728 
 8236      0BBEC227 
ARM GAS  /tmp/cc0F93am.s 			page 181


 8236      5AAC7EB7 
 8236      39A4
 8237 009f 7D3A3B2C 		.ascii	"}:;,\205h\300\217\376\003{a\001\256\353\0124\217d\325"
 8237      8568C08F 
 8237      FE037B61 
 8237      01AEEB0A 
 8237      348F64D5 
 8238 00b3 CAB00450 		.ascii	"\312\260\004Pq\272\341D[{\006M\025\310\301\351\351\341"
 8238      71BAE144 
 8238      5B7B064D 
 8238      15C8C1E9 
 8238      E9E1
 8239 00c5 FBA732A5 		.ascii	"\373\2472\245\023\004\216\265\326GQ{nT\323\002Z\254"
 8239      13048EB5 
 8239      D647517B 
 8239      6E54D302 
 8239      5AAC
 8240 00d7 332AB597 		.ascii	"3*\265\227\303R\302\217 \021\011\373!\033\366A\266\020"
 8240      C352C28F 
 8240      201109FB 
 8240      211BF641 
 8240      B610
 8241 00e9 78CF75E1 		.ascii	"x\317u\341=\001\007 \027%\301\365\332^E\276\313\362"
 8241      3D010720 
 8241      1725C1F5 
 8241      DA5E45BE 
 8241      CBF2
 8242 00fb BDDAF7B1 		.ascii	"\275\332\367\261\014C>\024\222ZVX\252pP\227\277\226"
 8242      0C433E14 
 8242      925A5658 
 8242      AA705097 
 8242      BF96
 8243 010d 0D4E16AB 		.ascii	"\015N\026\253\256>\024\307X<Z}~\243M.fq\364\314\225"
 8243      AE3E14C7 
 8243      583C5A7D 
 8243      7EA34D2E 
 8243      6671F4CC 
 8244 0122 5E93213E 		.ascii	"^\223!>7\247Q\213\251ai\202Ci\301M\2568\352\017\263"
 8244      37A7518B 
 8244      A9616982 
 8244      4369C14D 
 8244      AE38EA0F 
 8245 0137 BEB5F2FC 		.ascii	"\276\265\362\374I\273\374\220\365_\264\305\032,\206"
 8245      49BBFC90 
 8245      F55FB4C5 
 8245      1A2C86
 8246 0146 7EB0E185 		.ascii	"~\260\341\205HP{',\315\360S\032\300\354z\210\200#\014"
 8246      48507B27 
 8246      2CCDF053 
 8246      1AC0EC7A 
 8246      8880230C 
 8247 015a 78A46DD8 		.ascii	"x\244m\330\350\220K\0300\320},\004\006\340\210\236\274"
 8247      E8904B18 
 8247      30D07D2C 
 8247      0406E088 
 8247      9EBC
 8248 016c 198E4E22 		.ascii	"\031\216N\"\017-\026\3603\313+#\361H\246\\\312\362M"
ARM GAS  /tmp/cc0F93am.s 			page 182


 8248      0F2D16F0 
 8248      33CB2B23 
 8248      F148A65C 
 8248      CAF24D
 8249 017f 83C75A94 		.ascii	"\203\307Z\224\307\311oa\271\005\216\245\311-\256\317"
 8249      C7C96F61 
 8249      B9058EA5 
 8249      C92DAECF 
 8250 018f 517E9CE5 		.ascii	"Q~\234\345\333cu\275\231\262\210\345[v\325Gl\217\323"
 8250      DB6375BD 
 8250      99B288E5 
 8250      5B76D547 
 8250      6C8FD3
 8251 01a2 9FADA76F 		.ascii	"\237\255\247o\205\3664\275\325\325\204\372\023\220+"
 8251      85F634BD 
 8251      D5D584FA 
 8251      13902B
 8252 01b1 48D5FBED 		.ascii	"H\325\373\355X\235\335\254\032{\016'\301\214]$\304\216"
 8252      589DDDAC 
 8252      1A7B0E27 
 8252      C18C5D24 
 8252      C48E
 8253 01c3 B3A69836 		.ascii	"\263\246\23066\276\012\023\231\323\021\267f\003\012"
 8253      36BE0A13 
 8253      99D311B7 
 8253      66030A
 8254 01d2 6D0A5E32 		.ascii	"m\012^2$]T*\243\011h\007-@[\221\001TP;PU\034@\311\315"
 8254      245D542A 
 8254      A3096807 
 8254      2D405B91 
 8254      0154503B 
 8255 01ec 04F2380B 		.ascii	"\004\3628\013\364H\325RP\227\251\240\305\204X+\025}"
 8255      F448D552 
 8255      5097A9A0 
 8255      C584582B 
 8255      157D
 8256 01fe 12C4493F 		.ascii	"\022\304I?\366\314\370Z\311\221q\374R\332\2405j\347"
 8256      F6CCF85A 
 8256      C99171FC 
 8256      52DAA035 
 8256      6AE7
 8257 0210 E14D086C 		.ascii	"\341M\010lX\0034l\226\200\316k\203\361.+u\241\344\364"
 8257      5803346C 
 8257      9680CE6B 
 8257      83F12E2B 
 8257      75A1E4F4 
 8258 0224 631D3B2F 		.ascii	"c\035;/9\242\020\251Dr\313\327d5\263\031\267\377\024"
 8258      39A210A9 
 8258      4472CBD7 
 8258      6435B319 
 8258      B7FF14
 8259 0237 254D850E 		.ascii	"%M\205\016w\3576;\267S\334\234\260\314\202\323\020\205"
 8259      77EF363B 
 8259      B753DC9C 
 8259      B0CC82D3 
 8259      1085
 8260 0249 4D9C333E 		.ascii	"M\2343>\334\337}u\227R\005\001\326:0S\370\005\234X\215"
ARM GAS  /tmp/cc0F93am.s 			page 183


 8260      DCDF7D75 
 8260      97520501 
 8260      D63A3053 
 8260      F8059C58 
 8261 025e 5FA10AD0 		.ascii	"_\241\012\320B \207\242\342\272\316\315]c6Y\302\361"
 8261      422087A2 
 8261      E2BACECD 
 8261      5D633659 
 8261      C2F1
 8262 0270 22DF34DD 		.ascii	"\"\3374\335p\030\345\036o~\353r_\270FkQH{\206J\016\211"
 8262      7018E51E 
 8262      6F7EEB72 
 8262      5FB8466B 
 8262      51487B86 
 8263 0287 92C36F90 		.ascii	"\222\303o\220\213\267]\207\336'\331\306u\267C\366\371"
 8263      8BB75D87 
 8263      DE27D9C6 
 8263      75B743F6 
 8263      F9
 8264 0298 1196E191 		.ascii	"\021\226\341\221\333\022\324\216kjB%RT\274#ga>\346K"
 8264      DB12D48E 
 8264      6B6A4225 
 8264      5254BC23 
 8264      67613EE6 
 8265 02ad 85E81BAF 		.ascii	"\205\350\033\257\035\273\337\243$6\255\212\222\351\251"
 8265      1DBBDFA3 
 8265      2436AD8A 
 8265      92E9A9
 8266 02bc DE8A05C0 		.ascii	"\336\212\005\300E\274w\030\027%\277\353\205\353}T\273"
 8266      45BC7718 
 8266      1725BFEB 
 8266      85EB7D54 
 8266      BB
 8267 02cd FE23C1FE 		.ascii	"\376#\301\376'\032\036\336\226304\240i3\022\221\225"
 8267      271A1EDE 
 8267      96333034 
 8267      A0693312 
 8267      9195
 8268 02df 64E473BA 		.ascii	"d\344s\272\337\3014\277\224f\260\032\323\014<7\231\343"
 8268      DFC134BF 
 8268      9466B01A 
 8268      D30C3C37 
 8268      99E3
 8269 02f1 7386E3F3 		.ascii	"s\206\343\363I\307\017\352v\316\235\340w\274vF\247\233"
 8269      49C70FEA 
 8269      76CE9DE0 
 8269      77BC7646 
 8269      A79B
 8270 0303 D6B04F0C 		.ascii	"\326\260O\014\214\212?\014\303\017\352\332\346Nn8\276"
 8270      8C8A3F0C 
 8270      C30FEADA 
 8270      E64E6E38 
 8270      BE
 8271 0314 E795EA60 		.ascii	"\347\225\352`cJ\205e2\362\005\335\361\201\017&:\246"
 8271      634A8565 
 8271      32F205DD 
 8271      F1810F26 
ARM GAS  /tmp/cc0F93am.s 			page 184


 8271      3AA6
 8272 0326 3C2FDED0 		.ascii	"</\336\320\264\365\032L\346\370\202\341\370b\322\361"
 8272      B4F51A4C 
 8272      E6F882E1 
 8272      F862D2F1 
 8273 0336 BDA6A182 		.ascii	"\275\246\241\202\011\216G\353\236\0370\323\0326\212"
 8273      098E47EB 
 8273      9E1F30D3 
 8273      1A368A
 8274 0345 815171C9 		.ascii	"\201Qq\311p|\257i\244 \345\024I\350\300GO\236,Z\253"
 8274      707CAF69 
 8274      A420E514 
 8274      49E8C047 
 8274      4F9E2C5A 
 8275 035a DF84CB7A 		.ascii	"\337\204\313z\0337\266\317\243\341\223=lK\351a4\233"
 8275      1B37B6CF 
 8275      A3E1933D 
 8275      6C4BE961 
 8275      349B
 8276 036c 45CDDB99 		.ascii	"E\315\333\231\336\274-s\303\322\016\177r\367\202\356"
 8276      DEBC2D73 
 8276      C3D20E7F 
 8276      72F782EE 
 8277 037c 03BAC069 		.ascii	"\003\272\300i\330o\035>\372jz\224)c\273\031\253\030"
 8277      D86F1D3E 
 8277      FA6A7A94 
 8277      2963BB19 
 8277      AB18
 8278 038e D89EC7D8 		.ascii	"\330\236\307\330\000\226\240\255\003\270N\274==\334"
 8278      0096A0AD 
 8278      03B84EBC 
 8278      3D3DDC
 8279 039d 59BC893C 		.ascii	"Y\274\211<]\275\225\317/\267!\333\330\2328\262\215\355"
 8279      5DBD95CF 
 8279      2FB721DB 
 8279      D89A38B2 
 8279      8DED
 8280 03af 0B8DC393 		.ascii	"\013\215\303\223r@_|\352\361T\341\012;\241\363\011\275"
 8280      72405F7C 
 8280      EAF154E1 
 8280      0A3BA1F3 
 8280      09BD
 8281 03c1 64C3C2D8 		.ascii	"d\303\302\330\0355\322\340\036\276s|J\334\346\232\315"
 8281      1D35D2E0 
 8281      1EBE737C 
 8281      4ADCE69A 
 8281      CD
 8282 03d2 FD12B955 		.ascii	"\375\022\271U\225\304u@\037sU\342^\005\347\223;\340"
 8282      95C47540 
 8282      1F7355E2 
 8282      5E05E793 
 8282      3BE0
 8283 03e4 C0FCAEA1 		.ascii	"\300\374\256\241\212\342|\227\210\363l\376M\320\317"
 8283      8AE27C97 
 8283      88F36CFE 
 8283      4DD0CF
 8284 03f3 714C14E7 		.ascii	"qL\024\347:\371\317`\356\017\323\346\336`\256\231\270"
ARM GAS  /tmp/cc0F93am.s 			page 185


 8284      3AF9CF60 
 8284      EE0FD3E6 
 8284      DE60AE99 
 8284      B8
 8285 0404 0349EEBE 		.ascii	"\003I\356\276\0047\330\024j\260\351\337\221J\263\264"
 8285      0437D814 
 8285      6AB0E9DF 
 8285      914AB3B4 
 8286 0414 D3BF856B 		.ascii	"\323\277\205k\353\352\035\224\240\031T\270\211X\\\264"
 8286      EBEA1D94 
 8286      A01954B8 
 8286      89585CB4 
 8287 0424 33D46ED7 		.ascii	"3\324n\327\027I^\347\240\233\273B\253-\372M\025\271"
 8287      17495EE7 
 8287      A09BBB42 
 8287      AB2DFA4D 
 8287      15B9
 8288 0436 F8886C76 		.ascii	"\370\210lv\255\331cz\026\237\267\330\247\205|\376E>"
 8288      ADD9637A 
 8288      169FB7D8 
 8288      A7857CFE 
 8288      453E
 8289 0448 55F67930 		.ascii	"U\366y0\231\377\263\201\315\3607\203\255\004\036$\260"
 8289      99FFB381 
 8289      CDF03783 
 8289      AD041E24 
 8289      B0
 8290 0459 C2E0BE69 		.ascii	"\302\340\276i\026\326\014q\346\332\210{\233\270\016"
 8290      16D60C71 
 8290      E6DA887B 
 8290      9BB80E
 8291 0468 E65E9FF6 		.ascii	"\346^\237\366\206\375\303\334\014\342\336In\330\255"
 8291      86FDC3DC 
 8291      0CE2DE49 
 8291      6ED8AD
 8292 0477 24778A8D 		.ascii	"$w\212\215<\221{\227\271\231\304\035Jmd\0236\362=\243"
 8292      3C917B97 
 8292      B999C41D 
 8292      4A6D6413 
 8292      36F23DA3 
 8293 048b 91E3D38E 		.ascii	"\221\343\323\216s\237\343dQ\234ap&\300w\247Y\030\013"
 8293      739FE364 
 8293      519C6170 
 8293      26C077A7 
 8293      59180B
 8294 049e 8C30D84E 		.ascii	"\2140\330N\340\007T\230\231\372\367\327\377\346\206"
 8294      E0075498 
 8294      99FAF7D7 
 8294      FFE686
 8295 04ad B77DD99D 		.ascii	"\267}\331\235\225\340Z\341!s\035\304\035%\356,1\010"
 8295      95E05AE1 
 8295      21731DC4 
 8295      1D25EE2C 
 8295      3108
 8296 04bf 8196D11A 		.ascii	"\201\226\321\032~s\340\227\332j\011\372\353G F\323E"
 8296      7E73E097 
 8296      DA6A09FA 
ARM GAS  /tmp/cc0F93am.s 			page 186


 8296      EB472046 
 8296      D345
 8297 04d1 7979F9F8 		.ascii	"yy\371\370\353.\366\026x\227\373\227\224\227U\370J\362"
 8297      EB2EF616 
 8297      7897FB97 
 8297      949755F8 
 8297      4AF2
 8298 04e3 97FBF38B 		.ascii	"\227\373\363\213\227.\313\367\227\271\351\357\222\202"
 8298      972ECBF7 
 8298      97B9E9EF 
 8298      9282
 8299 04f1 8AA2224F 		.ascii	"\212\242\"O\231?\317-To\301\212\322Y)\367\362\012\337"
 8299      993FCF2D 
 8299      546FC18A 
 8299      D25929F7 
 8299      F20ADF
 8300 0504 F0BCE976 		.ascii	"\360\274\351v\026\275.l\376\012\177\251\307W\350)T\012"
 8300      16BD2E6C 
 8300      FE0A7FA9 
 8300      C757E829 
 8300      540A
 8301 0516 4A55BFF7 		.ascii	"JU\277\367\023\017\370T\257\257\350cu\231\327W\"\313"
 8301      130FF854 
 8301      AFAFE863 
 8301      7599D757 
 8301      22CB
 8302 0528 5794E63D 		.ascii	"W\224\346=%\330r?^\312\312\027\371\274\3728\257X\374"
 8302      25D8723F 
 8302      5ECACA17 
 8302      F9BCFA38 
 8302      AF58FC
 8303 053b D7F2B2F2 		.ascii	"\327\362\262\362|\257\317\275\254\242\320\203\317\312"
 8303      7CAFCFBD 
 8303      ACA2D083 
 8303      CFCA
 8304 0549 8BCB3C4B 		.ascii	"\213\313<K\013\375\270|\341T\226\373\335\305\205\270"
 8304      0BFDB87C 
 8304      E15496FB 
 8304      DDC585B8 
 8305 0559 F65FD007 		.ascii	"\366_\320\007\361\270"
 8305      F1B8
 8306              		.text
 8307              		.section	.gnu.lto_ibqResetI.e93b417e7755f224,"e",%progbits
 8308 0000 789CA554 		.ascii	"x\234\245TKLSA\024\235\363\346\365\003\010[M\210\246"
 8308      4B4C5341 
 8308      149DF3E6 
 8308      F503085B 
 8308      4D88A6
 8309 0013 0B0931C6 		.ascii	"\013\0111\306\266\033\374\354\334\271r\253K#(B\374\240"
 8309      B61BFCEC 
 8309      DCB972AB 
 8309      4B232842 
 8309      FCA0
 8310 0025 14372E74 		.ascii	"\0247.tZ\020#X\010\011~P\261D\254\230H\374GEQ+\376@"
 8310      5A102358 
 8310      08097E50 
 8310      B144AC98 
ARM GAS  /tmp/cc0F93am.s 			page 187


 8310      48FC4745 
 8311 003d EBFF8320 		.ascii	"\353\377\203 \001\002\206\030\202J\\\010\361\003\336"
 8311      01028618 
 8311      824A5C08 
 8311      F103DE
 8312 004c 3BAFB6B6 		.ascii	";\257\266\266\013\022\265\351\233wg\346\235s\317\334"
 8312      0B12B5E9 
 8312      9B7767E6 
 8312      9D73CFDC 
 8313 005c 3BF73A05 		.ascii	";\367:\005D\320&D\271\020b.=\220\002\206Rj\271\303\357"
 8313      44D02644 
 8313      B910622E 
 8313      3D900286 
 8313      526AB9C3 
 8314 0071 34006D29 		.ascii	"4\000m)'\304.\003\273P+\017Jt\354\031i3\026\264\320"
 8314      27C42E03 
 8314      BB502B0F 
 8314      4A74EC19 
 8314      693316B4 
 8315 0086 8E8A1CBC 		.ascii	"\216\212\034\274\354\250T\273\347\204\244\020\015\364"
 8315      ECA854BB 
 8315      E784A410 
 8315      0DF4
 8316 0094 583F5CC3 		.ascii	"X?\\\303\002\372\256?\32089\253F\206$`\322\264\376\341"
 8316      02FAAE3F 
 8316      D03839AB 
 8316      46862460 
 8316      D2B4FEE1 
 8317 00a8 A5AE749E 		.ascii	"\245\256t\236\032p\321\364\361\304\327h\206\364B\220"
 8317      1A70D1F4 
 8317      F1C4D768 
 8317      86F44290 
 8318 00b8 AD8EFF0C 		.ascii	"\255\216\377\014g\346\206\225\012\250\310\217\023R\315"
 8318      67E68695 
 8318      0AA8C88F 
 8318      1352CD
 8319 00c7 0F49891B 		.ascii	"\017I\211\033\220D\211vd\343:\262\205\240\265\274\233"
 8319      90448976 
 8319      64E33AB2 
 8319      85A0B5BC 
 8319      9B
 8320 00d8 AB046E22 		.ascii	"\253\004n\"W0h\350\374\324\376L\273\031\363\213[\260"
 8320      573068E8 
 8320      FCD4FE4C 
 8320      BB19F38B 
 8320      5BB0
 8321 00ea D3498438 		.ascii	"\323I\2048\373\302\026QS\323{Td,\214w+2@@\323\240\301"
 8321      FBC21651 
 8321      53D37B54 
 8321      642C8C77 
 8321      2B324040 
 8322 0101 66C2C256 		.ascii	"f\302\302VK\301\332M\250\210\020\373\244aM\312i2BJ&"
 8322      4BC1DA4D 
 8322      A88810FB 
 8322      A4614DCA 
 8322      6932424A 
 8323 0116 6A3C9A8B 		.ascii	"j<\232\213\355\351\032\251\355Qt|\351\\\310&\371\255"
ARM GAS  /tmp/cc0F93am.s 			page 188


 8323      EDE91AA9 
 8323      ED51747C 
 8323      E95CC826 
 8323      F9AD
 8324 0128 29FFDCEF 		.ascii	")\377\334\357\344sH\255=\322{\256'+\214f?\2614\315\013"
 8324      E47348AD 
 8324      3DD27BAE 
 8324      272B8C66 
 8324      3FB134CD 
 8325 013d 497BA334 		.ascii	"I{\2434\021a\301\264\331\030<2\"\275gT\205_\271B\322"
 8325      1161C1B4 
 8325      D9183C32 
 8325      22BD6754 
 8325      855FB942 
 8326 0152 81DB08E3 		.ascii	"\201\333\010\343\220\245\267\003\336?\311\034\020\270"
 8326      90A5B703 
 8326      DE3FC91C 
 8326      10B8
 8327 0160 432876DB 		.ascii	"C(v\333\\\373\333m\240\275k\031\233\215\022)\256\\)"
 8327      5CFBDB6D 
 8327      A0BD6B19 
 8327      9B8D1229 
 8327      AE5C29
 8328 0173 9EFCA181 		.ascii	"\236\374\241\201\253v\362dm\231\270\253=q@p\017^\246"
 8328      AB76F264 
 8328      6D99B8AB 
 8328      3D714070 
 8328      0F5EA6
 8329 0186 EAAF6AB3 		.ascii	"\352\257j\263\305\2160\243\346T\246\373\232\311`\246"
 8329      C58E30A3 
 8329      E654A6FB 
 8329      9AC960A6 
 8330 0196 07F09212 		.ascii	"\007\360\222\022\255\261%\241\361_\211;51G\003]\011"
 8330      ADB125A1 
 8330      F15F893B 
 8330      35314703 
 8330      5D09
 8331 01a8 E2D309E2 		.ascii	"\342\323\011\342D\314\377\212\367\241\3465\231\367Q"
 8331      44CCFF8A 
 8331      F7A1E635 
 8331      99F751
 8332 01b7 72904D0A 		.ascii	"r\220M\012r4\026\344\263\377\355\347\261\366cc?O\340"
 8332      723416E4 
 8332      B3FFEDE7 
 8332      B1F66363 
 8332      3F4FE0
 8333 01ca 8D135F4C 		.ascii	"\215\023_L\020\327W\301\312\236\221\312\375\215\257"
 8333      10D757C1 
 8333      CA9E91CA 
 8333      FD8DAF
 8334 01d9 E50CEC4E 		.ascii	"\345\014\354N<\325\354v\2417\333\007\336_0*\020\320"
 8334      3CD5EC76 
 8334      A137DB07 
 8334      DE5F302A 
 8334      10D0
 8335 01eb D82CBACB 		.ascii	"\330,\272\313xFI\025x\216\012\216Z\300\025\323\337w"
 8335      78464915 
ARM GAS  /tmp/cc0F93am.s 			page 189


 8335      788E0A8E 
 8335      5AC015D3 
 8335      DF77
 8336 01fd A47F2A4D 		.ascii	"\244\177*M\256\324\027\263\271\365\350\207\254XQ==\274"
 8336      AED417B3 
 8336      B9F5E887 
 8336      AC58513D 
 8336      3DBC
 8337 020f 7474F858 		.ascii	"tt\370XP5\031\214}\301\225\205xe\341%ri9\357\326j\206"
 8337      5035198C 
 8337      7DC19585 
 8337      7865E125 
 8337      726939EF 
 8338 0226 1DA81BAF 		.ascii	"\035\250\033\257\314\314i\3260\252\356\223\345\252S"
 8338      CCCC69D6 
 8338      30AAEE93 
 8338      E5AA53
 8339 0235 99719448 		.ascii	"\231q\224HB\351\213\374\0129t@V\321\024;:\261D\317\265"
 8339      42E98BFC 
 8339      0A397440 
 8339      56D1143B 
 8339      3AB144CF 
 8340 024a 759B5241 		.ascii	"u\233RA+\231\374>\360\321d%\312Rrg\370\231\237k<\015"
 8340      2B99FC3E 
 8340      F0D16425 
 8340      CA527267 
 8340      F8999F6B 
 8341 0260 AF5394BC 		.ascii	"\257S\224\274a%iyQ\255\344{\260g\310\301JT\222\222\030"
 8341      61256979 
 8341      51ADE47B 
 8341      B067C8C1 
 8341      4A549292 
 8342 0275 4A24A1B4 		.ascii	"J$\241\264\222n\344\020\254\256\265\327\315\311N\307"
 8342      926EE410 
 8342      ACAEB5D7 
 8342      CDC94EC7 
 8343 0285 4EBCB572 		.ascii	"N\274\265r2\334\022\354\3736h\304\233F\005s\016V\217"
 8343      32DC12EC 
 8343      FB3668C4 
 8343      9B460573 
 8343      0E568F
 8344 0298 51091386 		.ascii	"Q\011\023\206O\240\373G\003\327\013z\254\342\037\012"
 8344      4FA0FB47 
 8344      03D70B7A 
 8344      ACE21F0A 
 8345 02a8 07C77724 		.ascii	"\007\307w$\265\031\240\227\266\376l=\374\255\265\210"
 8345      B519A097 
 8345      B6FE6C3D 
 8345      FCADB588 
 8346 02b8 77348E61 		.ascii	"w4\216a\267K\033\\\371\247\242\323i\2341gHf4P\317cZ"
 8346      B74B1B5C 
 8346      F9A7A2D3 
 8346      699C3167 
 8346      48663450 
 8347 02cf F471BE28 		.ascii	"\364q\276(Z,,$gq\320\006\367\216\351\240i\025\361\\"
 8347      5A2C2C24 
 8347      6771D006 
ARM GAS  /tmp/cc0F93am.s 			page 190


 8347      F78EE9A0 
 8347      6915F15C 
 8348 02e3 B22E213E 		.ascii	"\262.!>QL\257\324\352;\244\033k\265\204\325\254\002"
 8348      514CAFD4 
 8348      EA3BA41B 
 8348      6BB584D5 
 8348      AC02
 8349 02f5 119E2E72 		.ascii	"\021\236.r\273=\364/(*\316/.\361\255)+\335\276e\243"
 8349      BB3DF42F 
 8349      282ACE2F 
 8349      2EF1AD29 
 8349      2BDDBE65 
 8350 030a A7C4E729 		.ascii	"\247\304\347)Z\273\311\343+-\340\367\232\374\355\205"
 8350      5ABBC9E3 
 8350      2B2DE0F7 
 8350      9AFCED85 
 8351 031a 85EB4B7D 		.ascii	"\205\353K}\356\002a\026\347o\333:;i\315\275n\311\372"
 8351      EE026116 
 8351      E76FDB3A 
 8351      3B69CDBD 
 8351      6EC9FA
 8352 032d A505DEC2 		.ascii	"\245\005\336\302\305B\226m\333\352\236\201\256\304G"
 8352      C542966D 
 8352      DBEA9E81 
 8352      AEC447
 8353 033c 4369D9A2 		.ascii	"Ci\331\242-\305\226\355.\022r\263o\303/\240\351\372"
 8353      2DC596ED 
 8353      2E1272B3 
 8353      6FC32FA0 
 8353      E9FA
 8354 034e D8       		.ascii	"\330"
 8355              		.text
 8356              		.section	.gnu.lto_ibqGetEmptyBufferI.e93b417e7755f224,"e",%progbits
 8357 0000 789C9552 		.ascii	"x\234\225RMHTQ\024>\347\236{\357{3j\233\026-f#\021\210"
 8357      4D485451 
 8357      143EE79E 
 8357      7BEF7B33 
 8357      6A9B162D 
 8358 0018 FDCCCCC2 		.ascii	"\375\314\314\302~\226\201\273h\335VrR\224$\313\311\265"
 8358      7E9681BB 
 8358      68DD5672 
 8358      529424CB 
 8358      C9B5
 8359 002a 775472A1 		.ascii	"wTr\241)\204a\032\257\201dt\227\225Fe\226\243\366g\030"
 8359      2984611A 
 8359      AF816474 
 8359      97954665 
 8359      96A3F667 
 8360 003f 4444900B 		.ascii	"DD\220\013%\251I\014*Z\230BY\347\2767\215\272\212\036"
 8360      25A9490C 
 8360      2A5A9842 
 8360      59E7BE37 
 8360      8DBA8A1E 
 8361 0053 EFDD777E 		.ascii	"\357\335w~\356\371\276\373\235s]@\330M\000\307\001\240"
 8361      EEF9BEFB 
 8361      9D735D40 
 8361      D84D00C7 
ARM GAS  /tmp/cc0F93am.s 			page 191


 8361      01A0
 8362 0065 813F7401 		.ascii	"\201?t\001\2051\346\250\223r\205\240\334\\\377Ni\302"
 8362      8531E6A8 
 8362      937285A0 
 8362      DC5CFF4E 
 8362      69C2
 8363 0077 726034B7 		.ascii	"r`4\267_\232b\022\212s\2456\022\374\213%\252\374n%\234"
 8363      5F9A6212 
 8363      8A73A536 
 8363      12FC8B25 
 8363      AAFC6E25 
 8364 008c A9A59E22 		.ascii	"\251\245\236\"\316\351I\357[\005\3474:\371\234\203\350"
 8364      CEE949EF 
 8364      5B05E734 
 8364      3AF99C83 
 8364      E8
 8365 009d 5BC64568 		.ascii	"[\306Eh\021$\225v\260\005{\250\217p\241\325[+\356\246"
 8365      11249576 
 8365      B0057BA8 
 8365      8F70A1D5 
 8365      5B2BEEA6 
 8366 00b1 34014A76 		.ascii	"4\001Jv{_\214\315\206\255\213X\312n\373\333k\367e\371"
 8366      7B5F8CCD 
 8366      86AD8B58 
 8366      CA6EFBDB 
 8366      6BF765F9 
 8367 00c5 B031AD26 		.ascii	"\2601\255&\333w)<0\366\312\204\322$\240\237\267?\300"
 8367      DB77293C 
 8367      30F6CA84 
 8367      D224A09F 
 8367      B73FC0
 8368 00d8 088E6304 		.ascii	"\010\216c\004\354\203\023X\316\333_\376X\235+\2428\002"
 8368      EC831358 
 8368      CEDB5FFE 
 8368      589D2BA2 
 8368      3802
 8369 00ea DBE6FAAF 		.ascii	"\333\346\372\257LIY\306/\3750DfO\232\010\037\"m+\345"
 8369      4C4959C6 
 8369      2FFD3044 
 8369      664F9A08 
 8369      1F226D2B 
 8370 00ff D8C1CC09 		.ascii	"\330\301\314\011\300GX\006\266h\351\326\306\345\022"
 8370      C0475806 
 8370      B668E9D6 
 8370      C6E512
 8371 010e 2D2DBE45 		.ascii	"--\276E\235D\315\375\001\030y\255\262f\343w\207\311"
 8371      9D44CDFD 
 8371      011879AD 
 8371      B266E377 
 8371      87C9
 8372 0120 BE19C63B 		.ascii	"\276\031\306;\307\302\310\205B\330\205x\221\222\027"
 8372      C7C2C885 
 8372      42D88578 
 8372      919217
 8373 012f A578D1DA 		.ascii	"\245x\321\332\306\\\264x!k\002t\022\260t#\321d\001\272"
 8373      C65CB478 
 8373      216B0274 
ARM GAS  /tmp/cc0F93am.s 			page 192


 8373      12B07423 
 8373      D16401BA 
 8374 0143 48044E8A 		.ascii	"H\004N\212\235\034\037q\2447\346\223X\373n/\371\366"
 8374      9D1C1F71 
 8374      A437E693 
 8374      58FB6E2F 
 8374      F9F6
 8375 0155 0AB64ECC 		.ascii	"\012\266N\314:\326\364\010\371L\335m_\027\\\333\022"
 8375      3AD6F408 
 8375      F94CDD6D 
 8375      5F175CDB 
 8375      12
 8376 0166 F27565E7 		.ascii	"\362ue\347o\276\333\221\301\301\224\235@\232\034\217"
 8376      6FBEDB91 
 8376      C1C1949D 
 8376      409A1C8F 
 8377 0176 5CCC5A2D 		.ascii	"\\\314Z-\234K\245\027\357\351\370\015\023\244\004Na"
 8377      9C4BA517 
 8377      EFE9F80D 
 8377      13A4044E 
 8377      61
 8378 0187 06AF0452 		.ascii	"\006\257\004R\2461\356#\207\002`\361\237H3>\222\355"
 8378      A631EE23 
 8378      870260F1 
 8378      9F48333E 
 8378      92ED
 8379 0199 053E66A4 		.ascii	"\005>f\244\217\330\276X\231?\242ge\202\025G\243|_\320"
 8379      8FD8BE58 
 8379      993FA267 
 8379      65821547 
 8379      A37C5FD0 
 8380 01ad 8AC3159C 		.ascii	"\212\303\025\234\376KE\377\240\362.^\315\021S\265\247"
 8380      FE4B45FF 
 8380      A0F22E5E 
 8380      CD1153B5 
 8380      A7
 8381 01be 6CCAC527 		.ascii	"l\312\305'>\225\305\304\247\001\325r\345&R\241\033|"
 8381      3E95C5C4 
 8381      A701D572 
 8381      E52652A1 
 8381      1B7C
 8382 01d0 95F0597E 		.ascii	"\225\360Y~\374\235$\227\347\372G\311R\313.R\205&k\226"
 8382      FC9D2497 
 8382      E7FA47C9 
 8382      52CB2E52 
 8382      85266B96 
 8383 01e4 FCB30383 		.ascii	"\374\263\003\203r\351\221\362\341f*\362\201\255x\212"
 8383      72E991F2 
 8383      E1662AF2 
 8383      81AD788A 
 8384 01f4 F19E0778 		.ascii	"\361\236\007x\253\250p_\204\276#\356\215H\301\302\364"
 8384      ABA8705F 
 8384      84BE23EE 
 8384      8D48C1C2 
 8384      F4
 8385 0205 DAE7D430 		.ascii	"\332\347\3240\025\246\366\2510\251\266\333\027\326U"
 8385      15A6F6A9 
ARM GAS  /tmp/cc0F93am.s 			page 193


 8385      30A9B6DB 
 8385      17D655
 8386 0214 0016E256 		.ascii	"\000\026\342V\344\357c\0279\233c\376\202\002<\322>\254"
 8386      E4EF6317 
 8386      399B63FE 
 8386      82023CD2 
 8386      3EAC
 8387 0226 DE4A2898 		.ascii	"\336J(\230p\026#j~\360=\3670\244\307\207\326\005+\301"
 8387      7016236A 
 8387      7EF03DF7 
 8387      30A4C787 
 8387      D6052BC1 
 8388 023a CDEB0270 		.ascii	"\315\353\002p \032\215\361\233\250\253\257\256oLV\235"
 8388      201A8DF1 
 8388      9BA8ABAF 
 8388      AE6F4C56 
 8388      9D
 8389 024b 6F6A3E73 		.ascii	"oj>s:\326\230\214\325\235l\210%\233\022\366_U\335\\"
 8389      3AD6988C 
 8389      D59D6C88 
 8389      259B12F6 
 8389      5F55DD5C 
 8390 025f 5B5BD394 		.ascii	"[[\323\224\214&@\326W\237;\273k[,z\352p\315\221D\274"
 8390      8C2640D6 
 8390      579F3BBB 
 8390      6B5B2C7A 
 8390      EA70CD91 
 8391 0275 F610FC01 		.ascii	"\366\020\374\001\360\022#\010"
 8391      F0122308 
 8392              		.text
 8393              		.section	.gnu.lto_ibqPostFullBufferI.e93b417e7755f224,"e",%progbits
 8394 0000 789C9555 		.ascii	"x\234\225U\337oTE\024\236sgn\367\367\232\230\030IHL"
 8394      DF6F5445 
 8394      149E7367 
 8394      6EF7F79A 
 8394      98184948 
 8395 0015 63681A62 		.ascii	"ch\032b\330\335\007\252$\304D\377\000_L\214\217\304"
 8395      D8DD07AA 
 8395      24C444FF 
 8395      005F4C8C 
 8395      8FC4
 8396 0027 D6D66E54 		.ascii	"\326\326nT\012\335\362\302\013\263?Z(e1FZ\\`\263M\233"
 8396      0ADDF2C2 
 8396      0BB33F5A 
 8396      28653146 
 8396      5A5C60B3 
 8397 003d 528946B1 		.ascii	"R\211F\261\022bm\225k\001a\241\024D\020\212e[\273\322"
 8397      12626D95 
 8397      6B0161A1 
 8397      1444108A 
 8397      655BBBD2 
 8398 0051 A8A1A231 		.ascii	"\250\241\2421\021RB\35393\267\273\335\266i\323\315\356"
 8398      115242EB 
 8398      3933B7BB 
 8398      DDB669D3 
 8398      CDEE
 8399 0063 DC3373EE 		.ascii	"\3343s\356\371\316w\276\2319\353d\300^u0\266\2171\266"
ARM GAS  /tmp/cc0F93am.s 			page 194


 8399      F9CE77BE 
 8399      9939EB64 
 8399      C05E7530 
 8399      B68F31B6 
 8400 0077 157F6032 		.ascii	"\025\177`20\244\224\2578\242N\303\340h\225\013\351\026"
 8400      30A494AF 
 8400      38A24EC3 
 8400      E068950B 
 8400      E916
 8401 0089 FAE9E520 		.ascii	"\372\351\345 l\237\000P\226t\002\333cp\001{\340\003"
 8401      6C9F0050 
 8401      967402DB 
 8401      6370017B 
 8401      E003
 8402 009b 7E98C3D0 		.ascii	"~\230\303\320\336\251~cc/\372\244u\370\266\273E6\257"
 8402      DEA97E63 
 8402      632FFAA4 
 8402      75F8B6BB 
 8402      4536AF
 8403 00ae CB70C652 		.ascii	"\313p\306R\370\323\037\370\0066\342{\271X\372\221\367"
 8403      F8D31FF8 
 8403      0636E27B 
 8403      B958FA91 
 8403      F7
 8404 00bf 20CF7000 		.ascii	" \317p\000\201\323C\227Ne\33545\240\034\247W\036\376"
 8404      81D34397 
 8404      4E65DD34 
 8404      35A01CA7 
 8404      571EFE
 8405 00d2 37ECE121 		.ascii	"7\354\341!`h\313\256'=\276\312\036)c\322:w\234\313\015"
 8405      6068CBAE 
 8405      273DBECA 
 8405      1E2963D2 
 8405      3A779CCB 
 8406 00e7 19CEE15B 		.ascii	"\031\316\341[\340\010\011\203\260\036\006`=c\270V\365"
 8406      E0080983 
 8406      B01E0660 
 8406      3D63B856 
 8406      F5
 8407 00f8 EF1B0CBE 		.ascii	"\357\033\014\276\203J\014\351\212\336\274\354\343\257"
 8407      834A0CE9 
 8407      8ADEBCEC 
 8407      E3AF
 8408 0106 A9F08F4E 		.ascii	"\251\360\217NY)\207\035~\277W\205\0138\263$\\T\315a"
 8408      5929871D 
 8408      7EBF5785 
 8408      0B38B324 
 8408      5C54CD61 
 8409 011a B805958C 		.ascii	"\270\005\225\214\202&\277\234m\367\225\011\2336|\017"
 8409      8226BF9C 
 8409      6DF79509 
 8409      9B367C0F 
 8410 012a 65281363 		.ascii	"e(\023c_\\7-9;\267WZc\353f\276r=\215\3441!J\201q\016"
 8410      5F5C372D 
 8410      393BB757 
 8410      5A63EB66 
 8410      BE723D8D 
ARM GAS  /tmp/cc0F93am.s 			page 195


 8411 0145 04319D38 		.ascii	"\0041\2358\224\271hp\323\340\2415/\015>\032\3748\240"
 8411      94B96870 
 8411      D3E0A135 
 8411      2F0D3E1A 
 8411      FC38A0
 8412 0158 D46D9C91 		.ascii	"\324m\234\221<\002\244\305\330\001n\350I\034'SX\354"
 8412      3C02A4C5 
 8412      D8016EE8 
 8412      491C2753 
 8412      58EC
 8413 016a 407B50E5 		.ascii	"@{P\345#;\337\316\347\355\347\227\030]\367\236Y\301"
 8413      233BDFCE 
 8413      E7EDE797 
 8413      185DF79E 
 8413      59C1
 8414 017c F98F76FE 		.ascii	"\371\217v\376\011\261\301\354\013d\246\271\003\013;"
 8414      09B1C1EC 
 8414      0B64A6B9 
 8414      030B3B
 8415 018b 187F9073 		.ascii	"\030\177\220s\222\316\\\211c\33599\352\357\201\356("
 8415      92CE5C89 
 8415      63DD3939 
 8415      EAEF81EE 
 8415      28
 8416 019c ED6F863B 		.ascii	"\355o\206;\323\270>D\202\240/\232\031\377\272,\364\271"
 8416      D3B83E44 
 8416      82A02F9A 
 8416      19FFBA2C 
 8416      F4B9
 8417 01ae D42E13CE 		.ascii	"\324.\023\316B\017|\254\3658\007!B>\222}\231\220\027"
 8417      420F7CAC 
 8417      F5380721 
 8417      423E927D 
 8417      999017
 8418 01c1 C2BA96C0 		.ascii	"\302\272\226\300v\372Q\\L\016\347\011\027~@\2244\027"
 8418      76FA515C 
 8418      4C0EE709 
 8418      177E4094 
 8418      3417
 8419 01d3 8AE39379 		.ascii	"\212\343\223y\216C\203Y\207\346\350\\\205T:yt\212#\251"
 8419      8E438359 
 8419      87E6E85C 
 8419      85543A79 
 8419      748A23A9 
 8420 01e7 44945C6E 		.ascii	"D\224\\n\270\240H\321\336\300EE*~\254%ej,\227\206;\335"
 8420      B8A048D1 
 8420      DEC04545 
 8420      2A7EAC25 
 8420      656A2C97 
 8421 01fe 3A7DC245 		.ascii	":}\302E\334\334\000\220E\034\314\227\333\0176\363\022"
 8421      DCDC0090 
 8421      451CCC97 
 8421      DB0F36F3 
 8421      12
 8422 020f AACFAD92 		.ascii	"\252\317\255\222\355R1\333e\010a\006UFw\007/j\035\324"
 8422      ED5231DB 
 8422      65086106 
ARM GAS  /tmp/cc0F93am.s 			page 196


 8422      55467707 
 8422      2F6A1DD4 
 8423 0223 B9DD6B12 		.ascii	"\271\335k\022W\300\260B6\010\371\212\256\243\257\245"
 8423      57C0B042 
 8423      3608F98A 
 8423      AEA3AFA5 
 8424 0233 D5AEC383 		.ascii	"\325\256\303\203\352!\"\341/\317{y\360\000m\332Hq\323"
 8424      EA2122E1 
 8424      2FCF7B79 
 8424      F0006DDA 
 8424      4871D3
 8425 0246 AE12638F 		.ascii	"\256\022c\217b\334\273\220\361V\235\305\273\306\343"
 8425      62DCBB90 
 8425      F1569DC5 
 8425      BBC6E3
 8426 0255 704D2113 		.ascii	"pM!\0234\374\210\214\357A\"wvs\201\260W\335\365\003"
 8426      34FC888C 
 8426      EF412277 
 8426      767381B0 
 8426      57DDF503 
 8427 0269 9C139451 		.ascii	"\234\023\224Q8\334\237v\230\305\304[\364\333\2765&\276"
 8427      38DC9F76 
 8427      98C5C45B 
 8427      F4DBBE35 
 8427      26BE
 8428 027b AE120B4A 		.ascii	"\256\022\013J\374\223>\207\271\375'\314\345\266\263"
 8428      FC933E87 
 8428      B9FD27CC 
 8428      E5B6B3
 8429 028a 8EAD0275 		.ascii	"\216\255\002u\243\250\316MR\307\2478\213E\027\262(\326"
 8429      A3A8CE4D 
 8429      52C7A738 
 8429      8B4517B2 
 8429      28D6
 8430 029c 212D7F9A 		.ascii	"!-\177\232\373\027\247\232\205\225sy\340g\225\313d\312"
 8430      FB17A79A 
 8430      85957379 
 8430      E06795CB 
 8430      64CA
 8431 02ae 3938FE5B 		.ascii	"98\376[\237\221\200\330\374\005q\300-,\205\301mH\000"
 8431      9F9180D8 
 8431      FC0571C0 
 8431      2D2C85C1 
 8431      6D4800
 8432 02c1 268D95DB 		.ascii	"&\215\225\333\345\214\035\315\315\272\370\353\352Ru"
 8432      E58C1DCD 
 8432      CDBAF8EB 
 8432      EA5275
 8433 02d0 7F76EC77 		.ascii	"\177v\354w\277\335\310\036\036\331\360G<\223\224\235"
 8433      BFDDC81E 
 8433      1ED9F047 
 8433      3C93949D 
 8434 02e0 06C58E52 		.ascii	"\006\305\216R7\203B7\203;P\211\313U\323oRX\307\207\177"
 8434      37834237 
 8434      833B5089 
 8434      CB55D36F 
 8434      5258C787 
ARM GAS  /tmp/cc0F93am.s 			page 197


 8435 02f5 B7F82ABA 		.ascii	"\267\370*\272U\0306\344\343qyQ\212B\024+\211RJ\374\002"
 8435      551836E4 
 8435      E3717951 
 8435      8A42142B 
 8435      89524AFC 
 8436 030a 155820B1 		.ascii	"\025X \261\350\264KG\224\341\223\375\267\004o\006\305"
 8436      E8B44B47 
 8436      94E193FD 
 8436      B7046F06 
 8436      C5
 8437 031b E4D1E3F1 		.ascii	"\344\321\343\361iAL\244f\222\317_\213R_\365\302\330"
 8437      69414CA4 
 8437      6692CF5F 
 8437      8B525FF5 
 8437      C2D8
 8438 032d 22267789 		.ascii	"\"&w\211\211\267jF1y\234\034\235t\020\023Y\302\304\216"
 8438      89B76A46 
 8438      31799C1C 
 8438      9D741013 
 8438      59C2C48E 
 8439 0341 6225518A 		.ascii	"b%Q\212I\016*0\354\302\203\351\033@\367\327\007\014"
 8439      490E2A30 
 8439      ECC283E9 
 8439      1B40F7D7 
 8439      070C
 8440 0353 C6D18F9B 		.ascii	"\306\321\217\233\222\037H\366\315L\030\205N\235 \320"
 8440      921F48F6 
 8440      CD4C1885 
 8440      4E9D20D0 
 8441 0363 89B61193 		.ascii	"\211\266\021\223S\020\225\240\232v\212\356*L\350\226"
 8441      531095A0 
 8441      9A768AEE 
 8441      2A4CE896 
 8442 0373 38D99F3C 		.ascii	"8\331\237<\275\273\244\267\003\374\212\256\205\375\236"
 8442      BDBBA4B7 
 8442      03FC8AAE 
 8442      85FD9E
 8443 0382 DED58B30 		.ascii	"\336\325\2130\211\343}h.W\006\365\202O\206\347\\\264"
 8443      89E37D68 
 8443      2E5706F5 
 8443      824F86E7 
 8443      5CB4
 8444 0394 65CE0CF7 		.ascii	"e\316\014\367\247\360\177\212`!O\033\206r\021\261\014"
 8444      A7F07F8A 
 8444      60214F1B 
 8444      867211B1 
 8444      0C
 8445 03a5 7F8A549B 		.ascii	"\177\212T\233h\035Q\247Q\261(l&\361b\354/\024\365L\207"
 8445      681D51A7 
 8445      51B1286C 
 8445      26F162EC 
 8445      2F14F54C 
 8446 03ba 3A44EA82 		.ascii	":D\352\202\264q\320\207-f\321tS \020\304oM}\270:\334"
 8446      B471D087 
 8446      2D66D174 
 8446      532010C4 
 8446      6F4D7DB8 
ARM GAS  /tmp/cc0F93am.s 			page 198


 8447 03d0 10D9D6D4 		.ascii	"\020\331\326\324\270k\373\273\301\206H\260\376\255\367"
 8447      B86BFBBB 
 8447      C18648B0 
 8447      FEADF7
 8448 03df 8291C61A 		.ascii	"\202\221\306\032zn\253\336UWW\333\030\011\3240\021\256"
 8448      7A6EABDE 
 8448      555757DB 
 8448      1809D430 
 8448      11AE
 8449 03f1 DEB9E3D9 		.ascii	"\336\271\343\331\222\265\300\333/\325n\251\011\325\275"
 8449      92B5C0DB 
 8449      2FD56EA9 
 8449      09D5BD
 8450 0400 C84424BC 		.ascii	"\310D$\274\273\2267\355\334\021X\001\263!\202Cc\323"
 8450      BB9637ED 
 8450      DC115801 
 8450      B3218243 
 8450      63D3
 8451 0412 A6ED616D 		.ascii	"\246\355am\007\352\031\177?\362\316\377PE\202\003"
 8451      07EA197F 
 8451      3FF2CEFF 
 8451      50458203 
 8452              		.text
 8453              		.section	.gnu.lto_ibqGetFullBufferTimeoutS.e93b417e7755f224,"e",%progbits
 8454 0000 789C8555 		.ascii	"x\234\205U]L\\E\024\236s\317\275w\177\330\005\177\022"
 8454      5D4C5C45 
 8454      149E73CF 
 8454      BD777FD8 
 8454      057F12
 8455 0013 4D241A1E 		.ascii	"M$\032\036$\015\215]\360\201jbL\372\350\213omb\237\032"
 8455      240D8D5D 
 8455      F0816A62 
 8455      4CFAE88B 
 8455      6F6D629F 
 8456 0028 4110D496 		.ascii	"A\020\324\226\226\205W;\273\254\266\312_L\260\270\342"
 8456      9685573B 
 8456      BBACB6CA 
 8456      5F4CB0B8 
 8456      E2
 8457 0039 B20B0496 		.ascii	"\262\013\004\226Dc\261\362\240\200e-X\273t[\260V\333"
 8457      4463B1F2 
 8457      A080652D 
 8457      58BB745B 
 8457      B056DB
 8458 004c 2D0D3454 		.ascii	"-\0154T\010b+m\214 \255R\317\231{Y~l\352\206\035\316"
 8458      08622B6D 
 8458      8C20AD52 
 8458      CF997B59 
 8458      7E6CEA86 
 8459 0062 CC9CF37D 		.ascii	"\314\234\363}g\276sf\326)@\3545\205\250\027\326\027"
 8459      67BE7366 
 8459      D62940EC 
 8459      3585A817 
 8459      D617
 8460 0074 DC023429 		.ascii	"\334\0024)\345.G\300\251\201i[\2509o\377\372\251\246"
 8460      E52E47C0 
 8460      A981695B 
ARM GAS  /tmp/cc0F93am.s 			page 199


 8460      A8396FFF 
 8460      FAA9A6
 8461 0087 4BB7DE7C 		.ascii	"K\267\336|\354\342\213\272\364\350\232a\257\270\354"
 8461      ECE28BBA 
 8461      F4E89A61 
 8461      AFB8EC
 8462 0096 15039CB6 		.ascii	"\025\003\234\266\267\313\216\003SCk\323\355\260\234"
 8462      B7CB8E03 
 8462      53436BD3 
 8462      EDB09C
 8463 00a5 3D0EDB09 		.ascii	"=\016\333\011\234\000\312\220N\020\2075\324\015\227"
 8463      9C00CA90 
 8463      4E108735 
 8463      D40D97
 8464 00b4 E970C261 		.ascii	"\351p\302a\215RY\3734c+\302T0\362\227\247\011\243(@"
 8464      8D5259FB 
 8464      34632BC2 
 8464      5430F297 
 8464      A709A328 
 8465 00c9 A769CB58 		.ascii	"\247i\313X\177\322\315S\200<\2326\004\322\203X\020'"
 8465      7FD2CD53 
 8465      803C9A36 
 8465      04D28358 
 8465      1027
 8466 00db 249968FD 		.ascii	"$\231h\375;;\334?!]Q\324D\230\334\007!\027\006 WA\301"
 8466      3B3BDC3F 
 8466      215D51D4 
 8466      4498DC07 
 8466      21170620 
 8467 00f2 101490FB 		.ascii	"\020\024\220\373\271\345\245T\026\026\201 [v\376\323"
 8467      B9E5A554 
 8467      16168120 
 8467      5B76FED3 
 8468 0102 EDDDD62D 		.ascii	"\355\335\326-eP&Rq\224OG\021\341\033\300\215\241p\022"
 8468      65502652 
 8468      71944F47 
 8468      11E11BC0 
 8468      8DA17012 
 8469 0116 B6D172F1 		.ascii	"\266\321r\361\315\335\312\244\250\253M-\263\331\370"
 8469      CDDDCAA4 
 8469      A8AB4D2D 
 8469      B3D9F8
 8470 0125 B24208F5 		.ascii	"\262B\010\365\336\271\354\266\021V\007\037\352\251\223"
 8470      DEB9ECB6 
 8470      1156071F 
 8470      EAA993
 8471 0134 2F455187 		.ascii	"/EQ\207\341-\030\011\306\320\213Wv+Sp\344\314\027\253"
 8471      E12D1809 
 8471      C6D08B57 
 8471      762B5370 
 8471      E4CC17AB 
 8472 0148 1F7A4D5D 		.ascii	"\037zM]\245\371-\320\221y\204M\033\000\247x\203\326"
 8472      A5F92DD0 
 8472      9179844D 
 8472      1B00A778 
 8472      83D6
 8473 015a 527D5F5F 		.ascii	"R}__\322q\217\242\274\333\230\236q\344w\251\363\256"
ARM GAS  /tmp/cc0F93am.s 			page 200


 8473      D2718FA2 
 8473      BCDB989E 
 8473      71E477A9 
 8473      F3AE
 8474 016c 0E3DD651 		.ascii	"\016=\326Q'\317H\235\016\014#[HG!_\210\342\346=\033"
 8474      27CF489D 
 8474      0E0C235B 
 8474      4847215F 
 8474      88E2E63D 
 8475 0181 D8D49A22 		.ascii	"\330\324\232\"\372\016\314\342&\265u\265mj\325\205{"
 8475      FA0ECCE2 
 8475      26B575B5 
 8475      6D6AD585 
 8475      7B
 8476 0192 1576D767 		.ascii	"\025v\327g\237\314g\333\307Yl{f\272nf\"\300\252\030"
 8476      9FCC67DB 
 8476      C7596C7B 
 8476      66BA6E66 
 8476      22C0AA18 
 8477 01a6 709AC161 		.ascii	"p\232\301a\035\374{>\221Q\034~\205\303\216}p\353]/\247"
 8477      1DFC7B3E 
 8477      91511C7E 
 8477      85C38E7D 
 8477      70EB5D2F 
 8478 01bb 14B44B20 		.ascii	"\024\264K \345{\2732QbS\024\227b\213p\213mE\323]\321"
 8478      E57BBB32 
 8478      51625314 
 8478      97628B70 
 8478      8B6D45D3 
 8479 01d1 4619D332 		.ascii	"F\031\3232\332m`JZ\332\365(\246\251\201\361\205\373"
 8479      DA6D604A 
 8479      5ADAF528 
 8479      A6A981F1 
 8479      85FB
 8480 01e3 30FD57F1 		.ascii	"0\375W\361d\206\311:z\210\365\212\015\267\027\300\030"
 8480      6486C93A 
 8480      7A88F58A 
 8480      0DB717C0 
 8480      18
 8481 01f4 E4C31996 		.ascii	"\344\303\031\226\201$ \242M\305\200\263$\215\022\035"
 8481      812420A2 
 8481      4DC580B3 
 8481      248D121D 
 8482 0204 526411C0 		.ascii	"Rd\021\300\361\013FB\256\336;BZ\277\260\322\277\364"
 8482      F10B4642 
 8482      AEDE3B42 
 8482      5ABFB0D2 
 8482      BFF4
 8483 0216 680E8828 		.ascii	"h\016\210(\232\032\015\006\322\340\320i\320\014\032"
 8483      9A1A0D06 
 8483      D2E0D069 
 8483      D00C1A
 8484 0225 9C260F2E 		.ascii	"\234&\017.\340&\311\002.\263\207\027\350F\241\350I\267"
 8484      E026C902 
 8484      2EB38717 
 8484      E846A1E8 
 8484      49B7
ARM GAS  /tmp/cc0F93am.s 			page 201


 8485 0237 EE049910 		.ascii	"\356\004\231\020\242\0015e\327\221=G\355\027o/T\305"
 8485      A2013565 
 8485      D7913D47 
 8485      ED176F2F 
 8485      54C5
 8486 0249 67FB783B 		.ascii	"g\373x;Z\215@^x\247\257\343&f\334\276l78[\261\000\301"
 8486      5A8D405E 
 8486      78A7AFE3 
 8486      2666DCBE 
 8486      6C37385B 
 8487 0260 A1E4936C 		.ascii	"\241\344\223lF\220[\245\251nq\312\3117\001U\365\022"
 8487      46905BA5 
 8487      A96E71CA 
 8487      C9370155 
 8487      F512
 8488 0272 57FAD2D9 		.ascii	"W\372\322\331\335\320\025\240\243\346E\321\025A\027"
 8488      DDD015A0 
 8488      A3E645D1 
 8488      154117
 8489 0281 9CE3EEA7 		.ascii	"\234\343\356\247\275@t\372+\263\350sim\231p\036\272"
 8489      BD4074FA 
 8489      2BB3E873 
 8489      696D9970 
 8489      1EBA
 8490 0293 E12354F7 		.ascii	"\341#T\367b\034\212\304,\204\346GF\341>\320\244\002"
 8490      621C8AC4 
 8490      2C84E647 
 8490      46E13ED0 
 8490      A402
 8491 02a5 4CD857A8 		.ascii	"L\330W\250\001\365\225\323\037O\256'6\274\236X\313\373"
 8491      01F595D3 
 8491      1F4FAE27 
 8491      36BC9E58 
 8491      CBFB
 8492 02b7 61C30AD7 		.ascii	"a\303\012\327\266\244\022\353d\245\036\220\215\033~"
 8492      B6A412EB 
 8492      64A51E90 
 8492      8D1B7E
 8493 02c6 50D98055 		.ascii	"P\331\200U\260\241\351_Nh!\010\252\330\036\340>\272"
 8493      B0A1E95F 
 8493      4E682108 
 8493      AAD81EE0 
 8493      3EBA
 8494 02d8 40290AF8 		.ascii	"@)\012\370\021B@\264\301<\346\341\032\022\327\372|\214"
 8494      114240B4 
 8494      C13CE6E1 
 8494      1A12D7FA 
 8494      7C8C
 8495 02ea E7599CD6 		.ascii	"\347Y\234\326\365\345\306\245\345y\215\213\251\262\274"
 8495      F5E5C6A5 
 8495      E5798D8B 
 8495      A9B2BC
 8496 02f9 BBF82C97 		.ascii	"\273\370,\227S\334\200wbo\260\025A\017\361DzS\367\\"
 8496      53DC8077 
 8496      626FB015 
 8496      410FF144 
 8496      7A53F75C 
ARM GAS  /tmp/cc0F93am.s 			page 202


 8497 030d CCE38C62 		.ascii	"\314\343\214bV\030-\177\270\310$\004LXQ\3640\374\265"
 8497      56182D7F 
 8497      B8C82404 
 8497      4C5851F4 
 8497      30FCB5
 8498 0320 FAF1B87B 		.ascii	"\372\361\270{\215Rl\"\3340\033ez\217\342\273n\253B\242"
 8498      8D526C22 
 8498      DC301B65 
 8498      7A8FE2BB 
 8498      6EAB42A2 
 8499 0334 4E6644F5 		.ascii	"NfD\365l\024U#Q\177\312\210jDc'\036\316h:\373\224\012"
 8499      6C145523 
 8499      517FCA88 
 8499      6A446327 
 8499      1ECE683A 
 8500 034b 164B6050 		.ascii	"\026K`P\224~r\361\332\360\021/u\221+\3353\237\244\213"
 8500      947E72F1 
 8500      DAF0112F 
 8500      75912BDD 
 8500      339FA48B 
 8501 035f 4101FCB4 		.ascii	"A\001\374\264J}-b\246\376l\334T\255\263\000\247\206"
 8501      4A7D2D62 
 8501      A6FE6CDC 
 8501      54ADB300 
 8501      A786
 8502 0371 924FB019 		.ascii	"\222O\260\031A\374\237\206\2104\266\315!\225 \024\340"
 8502      41FC9F86 
 8502      8834B6CD 
 8502      21952014 
 8502      E0
 8503 0382 2D2FFCAC 		.ascii	"-/\374\254J\240qC\\\262\032bz$\005\353X\231\334\275"
 8503      4AA07143 
 8503      5CB21A62 
 8503      7A2405EB 
 8503      5899DCBD 
 8504 0396 94FBE54C 		.ascii	"\224\373\345L\356\216\243\343S\217p&\306\034h\354\315"
 8504      EE8EA3E3 
 8504      538F7026 
 8504      C61C68EC 
 8504      CD
 8505 03a7 0FF4DCD1 		.ascii	"\017\364\334\321?s\266\367\252\027j)\215\035u!*\242"
 8505      3F73B6F7 
 8505      AA176A29 
 8505      8D1D7521 
 8505      2AA2
 8506 03b9 2E3AD17E 		.ascii	".:\321~\324!\015\333\271T7@\267\360\315-\325\310\016"
 8506      D4210DDB 
 8506      B9543740 
 8506      B7F0CD2D 
 8506      D5C80E
 8507 03cc 23F9C215 		.ascii	"#\371\302\025\253\024\364\232\347(.g|\355\356\374\016"
 8507      AB14F49A 
 8507      E7282E67 
 8507      7CEDEEFC 
 8507      0E
 8508 03dd 1A6DE882 		.ascii	"\032m\350\202U\342\237\204\337\316\307n\271,a\337\206"
 8508      55E29F84 
ARM GAS  /tmp/cc0F93am.s 			page 203


 8508      DFCEC76E 
 8508      B92C61DF 
 8508      86
 8509 03ee 49C8C581 		.ascii	"I\310\305\201?nC\004\015\303R\217\030\034|\021A\001"
 8509      3F6E4304 
 8509      0DC3528F 
 8509      181C7C11 
 8509      4101
 8510 0400 04139CC4 		.ascii	"\004\023\234\304\016\237\257\220\376J+*K*\253\374\373"
 8510      0E9FAF90 
 8510      FE4A2B2A 
 8510      4B2AABFC 
 8510      FB
 8511 0411 6AAA6B0F 		.ascii	"j\252k\017\274YX\345/\254x\365\255B\177u)\377\337WR"
 8511      BC5958E5 
 8511      2FAC78F5 
 8511      AD427F75 
 8511      29FFDF57 
 8512 0426 5B5E5E56 		.ascii	"[^^V\355\367\225\012\275\262\344\320\301\3077\255\371"
 8512      EDF7950A 
 8512      BDB2E4D0 
 8512      C1C737AD 
 8512      F9
 8513 0437 5E7BAEEC 		.ascii	"^{\256\354\371\322\242\362\235\302QS\271\277\254\252"
 8513      F9D2A2F2 
 8513      9DC25153 
 8513      B9BFACAA 
 8514 0447 B606F7FB 		.ascii	"\266\006\367\373_\307\232C\007}\017\200\256\362\323"
 8514      5FC79A43 
 8514      077D0F80 
 8514      AEF2D3
 8515 0456 505DB3E3 		.ascii	"P]\263\343@\245e\373*\304\277!\024P\342"
 8515      40A565FB 
 8515      2AC4BF21 
 8515      1450E2
 8516              		.text
 8517              		.section	.gnu.lto_ibqGetFullBufferTimeout.e93b417e7755f224,"e",%progbits
 8518 0000 789C9554 		.ascii	"x\234\225TmLSg\024~\317}oi\005]\014Y\\2u)f\204\270`"
 8518      6D4C5367 
 8518      147ECF7D 
 8518      6F69055D 
 8518      0C595C32 
 8519 001a 2F2463FA 		.ascii	"/$c\372s\013Y2~\220,\022~,YB\244\026\350\260\224\335"
 8519      730B5932 
 8519      7E902C12 
 8519      7E2C5942 
 8519      A416E8B0 
 8520 0030 5B16FDE5 		.ascii	"[\026\375\345\245\3006\303W\262\260 \213\254\014AX\314"
 8520      A5C036C3 
 8520      57B2B020 
 8520      8BAC0C41 
 8520      58CC
 8521 0042 E826663A 		.ascii	"\350&f:\330\260S\207\210|(*\037\225(\320\000a.s\331"
 8521      D8B05387 
 8521      887C282A 
 8521      1F9528D0 
 8521      00612E73 
ARM GAS  /tmp/cc0F93am.s 			page 204


 8522 0057 964974C0 		.ascii	"\226It\300\316yo\313\267&#\244=\3579\3479\367}\236\347"
 8522      CE796FCB 
 8522      B72623A4 
 8522      3DEF39E7 
 8522      39F77D9E 
 8523 006c DC5A18B0 		.ascii	"\334Z\030\260\277L\214e\002c\273\031c\300\031H\272\256"
 8523      BF4C8C65 
 8523      0263BB19 
 8523      63C01948 
 8523      BAAE
 8524 007e BF692EB6 		.ascii	"\277i.\266H\000\"\322-\300\216Kp\034\252y-\207\373\336"
 8524      480022D2 
 8524      2DC08E4B 
 8524      701CAA79 
 8524      2D87FBDE 
 8525 0092 FAF9AD55 		.ascii	"\372\371\255U\334\207\2152\036kz\317_\217\246#\200\025"
 8525      DC878D32 
 8525      1E6B7ACF 
 8525      5F8FA623 
 8525      8015
 8526 00a4 8F15C563 		.ascii	"\217\025\305c\235|o\013\342\364@\355\2771-%e\357\370"
 8526      9D7C6F0B 
 8526      E2F440ED 
 8526      BF312D25 
 8526      65EFF8
 8527 00b7 B8C4EAB0 		.ascii	"\270\304\352\260\273\023vB\007\354d\364\007?\302^\354"
 8527      BB137642 
 8527      07EC64F4 
 8527      073FC25E 
 8527      EC
 8528 00c8 EE7FFC4F 		.ascii	"\356\177\374O_\014O\002\206\261\336\270\320\274-\241"
 8528      5F0C4F02 
 8528      86B1DEB8 
 8528      D0BC2DA1 
 8529 00d8 59D7BD7A 		.ascii	"Y\327\275z\340\3573\\\177\325\3079\374\004|\015\024"
 8529      E0EF335C 
 8529      7FD5C739 
 8529      FC047C0D 
 8529      14
 8530 00e9 73299733 		.ascii	"s)\2273\031tA\002B\306\253j\246_\340\351\002^\332\372"
 8530      19744102 
 8530      42C6AB6A 
 8530      A65FE0E9 
 8530      025EDAFA 
 8531 00fd 64343A0C 		.ascii	"d4:\014_\364\277\334\\\242\343\203e\270\264a\200\234"
 8531      5FF4BFDC 
 8531      5CA2E383 
 8531      65B8B461 
 8531      809C
 8532 010f 32800302 		.ascii	"2\200\003\002\220\300\010\326\367\355\017#2\317\024"
 8532      90C008D6 
 8532      F7ED0F23 
 8532      32CF14
 8533 011e 239E568E 		.ascii	"#\236V\216M\231\343O\213\273w_\214\375\252D\357\321"
 8533      4D99E34F 
 8533      8BBB775F 
 8533      8CFDAA44 
ARM GAS  /tmp/cc0F93am.s 			page 205


 8533      EFD1
 8534 0130 65BC3DFC 		.ascii	"e\274=\374\274n\010c)\301LBL}\267\370\371\266(\031."
 8534      BC6E0863 
 8534      29C14C42 
 8534      4C7DB7F8 
 8534      F9B62819 
 8535 0145 433C5124 		.ascii	"C<Q$bW JZ\251`\026\340*D\261\225\356R\232\337p\366\024"
 8535      6257204A 
 8535      5AA96016 
 8535      E02A44B1 
 8535      95EE529A 
 8536 015d 17BD7528 		.ascii	"\027\275u(\316\272\332\304t\345\256j\254\376BU\276\241"
 8536      CEBADAC4 
 8536      74E5AE6A 
 8536      ACFE4255 
 8536      BEA1
 8537 016f 3A59B3E3 		.ascii	":Y\263\343}\006\335T\224E\261\271w\350R\014o\007\301"
 8537      7D06DD54 
 8537      9445B1B9 
 8537      77E8520C 
 8537      6F07C1
 8538 0182 E1E2E4CC 		.ascii	"\341\342\344\314\3071a\031\036\370\023\027\356\314\351"
 8538      C7316119 
 8538      1EF81317 
 8538      EECCE9
 8539 0191 7AAC8F9B 		.ascii	"z\254\217\233\240\2078\3002\007\270\016\011\230N\231"
 8539      A08738C0 
 8539      3207B80E 
 8539      09984E99 
 8540 01a1 7D8F50ED 		.ascii	"}\217P\355\303e\325\234\230#j\260\347\365\263\241\252"
 8540      C365D59C 
 8540      98236AB0 
 8540      E7F5B3A1 
 8540      AA
 8541 01b2 4ABDC1BB 		.ascii	"J\275\301\273}\031\307\326\340\210\347::\027\206\223"
 8541      7D19C7D6 
 8541      E088E73A 
 8541      3A178693 
 8542 01c2 A1174580 		.ascii	"\241\027E\200kt/XU\227\031\334\200(C\003\350\203\250"
 8542      6B742F58 
 8542      559719DC 
 8542      80284303 
 8542      E883A8
 8543 01d5 756C4E54 		.ascii	"ulNT\230\303:\2306\321!\226\036\335O\325\015\012\242"
 8543      98C33A98 
 8543      36D12196 
 8543      1EDD4FD5 
 8543      0D0AA2
 8544 01e8 0E2F6631 		.ascii	"\016/f1\030\240\242\231mB\242\355\177\223\010\215$\303"
 8544      18A0A299 
 8544      6D42A2ED 
 8544      7F93088D 
 8544      24C3
 8545 01fa 4D2231B8 		.ascii	"M\"1\270\011\211[\313$\2060\302/2\335?d\012\350\213"
 8545      09895BCB 
 8545      248630C2 
 8545      2F32DD3F 
ARM GAS  /tmp/cc0F93am.s 			page 206


 8545      640AE88B 
 8546 020e 4B9FE0AE 		.ascii	"K\237\340\256\277\342\037\237\253N\240w\006w\023\205"
 8546      BFE21F9F 
 8546      AB4EA077 
 8546      06771385 
 8547 021e C6053331 		.ascii	"\306\00531\261\030\254\2343\232/\203\036`\254\202K\306"
 8547      B118AC9C 
 8547      339A2F83 
 8547      1E60AC82 
 8547      4BC6
 8548 0230 A1040F33 		.ascii	"\241\004\0173\270\365\247Oq\022@\304_\357\212\204\241"
 8548      B8F5A74F 
 8548      711240C4 
 8548      5FEF8A84 
 8548      A1
 8549 0241 D9CAF9D0 		.ascii	"\331\312\371\320\204DK *O\257%\213\366P\250\346\263"
 8549      84444B20 
 8549      2A4FAF25 
 8549      8BF650A8 
 8549      E6B3
 8550 0253 DA1D64BF 		.ascii	"\332\035d\277H\373\333\270\221niz\362\353('\371E\036"
 8550      48FBDBB8 
 8550      916E697A 
 8550      F2EB2827 
 8550      F9451E
 8551 0266 FDA0BCD7 		.ascii	"\375\240\274\327\312\310\026\344qu2X&\336Z\023X\341"
 8551      CAC816E4 
 8551      71753258 
 8551      26DE5A13 
 8551      58E1
 8552 0278 366A40A0 		.ascii	"6j@\240G\265\337?\330M\366\010\314\343.N\006\261\207"
 8552      47B5DF3F 
 8552      D84DF608 
 8552      CCE32E4E 
 8552      06B187
 8553 028b E0DD4301 		.ascii	"\340\335C\001\340OC\007\355r\243\357\334|t\334\015\311"
 8553      E04F4307 
 8553      ED72A3EF 
 8553      DC7C74DC 
 8553      0DC9
 8554 029d A79FB4FA 		.ascii	"\247\237\264\372\320\011L}\023\352\324-2\256.\334\201"
 8554      D0094C7D 
 8554      13EAD42D 
 8554      32AE2EDC 
 8554      81
 8555 02ae 3821D442 		.ascii	"8!\324BS\367m\0113p\027d\361\000\006\303\342\007\242"
 8555      53F76D09 
 8555      33701764 
 8555      F10006C3 
 8555      E207A2
 8556 02c1 B5EBCAF4 		.ascii	"\265\353\312\364\326\270\2010\332L\275\177\266\235\273"
 8556      D6B88130 
 8556      DA4CBD7F 
 8556      B69DBB
 8557 02d0 1B23D023 		.ascii	"\033#\320#\204\206Q\220\351\262\023\315M_\344\213\013"
 8557      84865190 
 8557      E9B213CD 
ARM GAS  /tmp/cc0F93am.s 			page 207


 8557      4D5FE48B 
 8557      0B
 8558 02e1 0B4E53A1 		.ascii	"\013NS\241\232\223\265F\330x\241-\321\310\225\227\347"
 8558      9A93B546 
 8558      D878A12D 
 8558      D1C89597 
 8558      E7
 8559 02f2 0A897E83 		.ascii	"\012\211~\203\262\206\034\212\352\271\011'\326\267\366"
 8559      B2861C8A 
 8559      EAB90927 
 8559      D6B7F6
 8560 0301 2D6D2905 		.ascii	"-m)\005o\261\305\307-u\334\202C\307\240\024X=\227\352"
 8560      6FB1C5C7 
 8560      2D75DC82 
 8560      43C7A014 
 8560      583D97EA 
 8561 0315 39B2DE22 		.ascii	"9\262\336\"\304\240~\262\0041bj\373\212\364\250\367"
 8561      C4A07EB2 
 8561      0431626A 
 8561      FB8AF4A8 
 8561      F7
 8562 0326 9733A877 		.ascii	"\2273\250w\177X\214\331\276e\275;P\357\201pz\251\315"
 8562      7F588CD9 
 8562      BE65BD3B 
 8562      50EF8170 
 8562      7AA9CD
 8563 0339 1676CD9F 		.ascii	"\026v\315\237f\004\235~\303\201=\253>\033\347\224\210"
 8563      66049D7E 
 8563      C3813DAB 
 8563      3E1BE794 
 8563      88
 8564 034a 2BC187E8 		.ascii	"+\301\207\350\312`\030\215\013\026q\345\246p\245\252"
 8564      CA60188D 
 8564      0B1671E5 
 8564      A670A5AA 
 8565 035a E4D17D8B 		.ascii	"\344\321}\213\341\012\203\340\032Wn\255re(\342\312\320"
 8565      E10A83E0 
 8565      1A576EAD 
 8565      726528E2 
 8565      CAD0
 8566 036c 2A573E9D 		.ascii	"*W>\235>s\317\022\021<(\004\277'\004_\257\356\370\262"
 8566      3E73CF12 
 8566      113C2804 
 8566      BF27045F 
 8566      AFEEF8B2 
 8567 0380 BA7FE48B 		.ascii	"\272\177\344\213\007\033J\236\2502\013\362\277\203\267"
 8567      071B4A9E 
 8567      A8320BF2 
 8567      BF83B7
 8568 038f E183B092 		.ascii	"\341\203\260\222\364R\224s0\026\324\033\240\343>\233"
 8568      F4529473 
 8568      3016D41B 
 8568      A0E33E9B 
 8569 039f 4DC17F7B 		.ascii	"M\301\177{\2363\333\351\326\262<jQA\276\342\326\224"
 8569      9E33DBE9 
 8569      D6B23C6A 
 8569      5141BEE2 
ARM GAS  /tmp/cc0F93am.s 			page 208


 8569      D694
 8570 03b1 BC434714 		.ascii	"\274CG\024M\265\323wVvQN\216C\325lv&;\263?,|iM\316v"
 8570      4DB5D377 
 8570      5676514E 
 8570      8E43D56C 
 8570      76263BB3 
 8571 03cc 78BFE380 		.ascii	"x\277\343\200=)\347\015f\3668]\016w\221\207\273\264"
 8571      3D29E70D 
 8571      66F6385D 
 8571      0E779187 
 8571      BBB4
 8572 03de 5CDB73C6 		.ascii	"\\\333s\306\2725\374P=\373\012\234Fl\313c\257=\243]"
 8572      BA35FC50 
 8572      3DFB0A9C 
 8572      466CCB63 
 8572      AF3DA35D 
 8573 03f2 F528CE02 		.ascii	"\365(\316\002\373\221\242\303\016\254i\3074l5g\037\322"
 8573      FB91A2C3 
 8573      0EAC69C7 
 8573      346C3567 
 8573      1FD2
 8574 0404 1CEFAACE 		.ascii	"\034\357\252\316\267\237\001\261\273].w\201\3428\352"
 8574      B79F01B1 
 8574      BB5D2E77 
 8574      81E238EA 
 8575 0414 51DE3A98 		.ascii	"Q\336:\230\256\244\246g\244e(\251n\325\241\244E&\271"
 8575      AEA4A667 
 8575      A46528A9 
 8575      6ED5A1A4 
 8575      4526B9
 8576 0427 34A79695 		.ascii	"4\247\226\225k\267\343\264\003\317\237R\350V=\032\315"
 8576      6BB7E3B4 
 8576      03CF9F52 
 8576      E8563D1A 
 8576      CD
 8577 0438 494D3F8A 		.ascii	"IM?\212Mv\034\223\365\321~\027\002\267\247g\034\264"
 8577      4D761C93 
 8577      F5D17E17 
 8577      02B7A767 
 8577      1CB4
 8578 044a D2550A55 		.ascii	"\322U\012Ug\2425>\211I*3\273\034.\267z\214\375\007d"
 8578      67A2353E 
 8578      89492A33 
 8578      BB1C2EB7 
 8578      7A8CFD07 
 8579 045f A374A1   		.ascii	"\243t\241"
 8580              		.text
 8581              		.section	.gnu.lto_ibqReleaseEmptyBuffer.e93b417e7755f224,"e",%progbits
 8582 0000 789C9555 		.ascii	"x\234\225U}LSW\024\277\347\335\327\327R@\2153\316\304"
 8582      7D4C5357 
 8582      14BFE7DD 
 8582      D7D75240 
 8582      8D33CEC4 
 8583 0014 8F542371 		.ascii	"\217T#q,\330\326D\247\311\376\331f\226\214?H\026\365"
 8583      2CD8D644 
 8583      A7C9FED9 
 8583      66968C3F 
ARM GAS  /tmp/cc0F93am.s 			page 209


 8583      4816F5
 8584 0027 1F932544 		.ascii	"\037\223%Dj\231\215B]\213\213\376\345\243 NAI\226m\210"
 8584      6A998D42 
 8584      5D8B8BFE 
 8584      E5A3204E 
 8584      4149966D 
 8585 003c 1B2B01AA 		.ascii	"\033+\001\2523\013e\223m:u\320\241SAd\316\017Tt\210"
 8585      330B6593 
 8585      6D3A75D0 
 8585      A1534164 
 8585      CE0F5474 
 8586 0051 32AA80F3 		.ascii	"2\252\200\363\00371s\312\316\271\357\265\264\210\014"
 8586      03373173 
 8586      CACEB9EF 
 8586      B5B4880C 
 8587 0061 9BF6F6DC 		.ascii	"\233\366\366\334{\316\371\235\317{\217\211\001{\313"
 8587      7BCEF99D 
 8587      CF7B8F89 
 8587      017BCB
 8588 0070 CC583A30 		.ascii	"\314X:0\266\2221\006F\006\222\252\252o\030\363M\222"
 8588      B6923106 
 8588      460692AA 
 8588      AA6F18F3 
 8588      4D92
 8589 0082 C491B2C8 		.ascii	"\304\221\262\310\252Y\326\376\2238\310:O\226\014\273"
 8589      AA59D6FE 
 8589      9338C83A 
 8589      4F960CBB 
 8590 0092 EBC369C8 		.ascii	"\353\303i\310S\302\255\345/!\317\000\212\316S\000\004"
 8590      53C2ADE5 
 8590      2F21CF00 
 8590      8ACE5300 
 8590      04
 8591 00a3 A59A806D 		.ascii	"\245\232\200m\226\270lP`3\224\3622\016M[\303?J\251{"
 8591      96B86C50 
 8591      603394F2 
 8591      320E4D5B 
 8591      C33F4AA9 
 8592 00b8 91AB86CA 		.ascii	"\221\253\206\312\376\235X\244n\231\346\347\214\225\343"
 8592      FE9D58A4 
 8592      6E99E6E7 
 8592      8C95E3
 8593 00c7 4FFBC021 		.ascii	"O\373\300!HE\271N_\305\243\244\235\334\317\001d\334"
 8593      4845B94E 
 8593      5FC5A3A4 
 8593      9DDCCF01 
 8593      64DC
 8594 00d9 7ED2F25D 		.ascii	"~\322\362]\263\231\266\022Xp{z\360ak\"\267\003CZ\255"
 8594      B399B612 
 8594      58707B7A 
 8594      F0616B22 
 8594      B703435A 
 8595 00ee 7A12489E 		.ascii	"z\022H\236\027PU\237\032\272\272\207\253s\375\234\303"
 8595      1750559F 
 8595      1ABABA87 
 8595      AB73FD9C 
 8595      C3
ARM GAS  /tmp/cc0F93am.s 			page 210


 8596 00ff 4FC01112 		.ascii	"O\300\021\022\216\300t8\014\323\031\303\263EgV0h\200"
 8596      8EC07438 
 8596      0CD319C3 
 8596      B3456756 
 8596      306880
 8597 0112 798C946E 		.ascii	"y\214\224n|\373\364\323dE\326\355B#(R\334)@\010\224"
 8597      7CFBF4D3 
 8597      6445D6ED 
 8597      42232852 
 8597      DC294008 
 8598 0127 18C94272 		.ascii	"\030\311Br\270\262\272\206\013\331r.\215\344u\375]2"
 8598      B8B2BA86 
 8598      0BD9722E 
 8598      8DE475FD 
 8598      5D32
 8599 0139 A314B93F 		.ascii	"\243\024\271?\023\227?\303\275_:\365=\006M\304\224\005"
 8599      13973FC3 
 8599      BD5F3AF5 
 8599      3D064DC4 
 8599      9405
 8600 014b 33D072B6 		.ascii	"3\320r\2661\221\357\005\021\302\301\353\341\242D=\204"
 8600      3191EF05 
 8600      11C2C1EB 
 8600      E1A2443D 
 8600      84
 8601 015c A1DAB427 		.ascii	"\241\332\264'\347{Uu\262\237\313p\214\302\200h\030\360"
 8601      E77B5575 
 8601      B29FCB70 
 8601      8CC28068 
 8601      18F0
 8602 016e 0BCCC3E3 		.ascii	"\013\314\303\343E7W\222V}\373\226R\236R-\264\3566,\374"
 8602      45375792 
 8602      567DFB96 
 8602      529E522D 
 8602      B4EE362C 
 8603 0183 BA7BE70E 		.ascii	"\272{\347\016\265\3227)\252\307\342\364(\316\021\341"
 8603      B5D23729 
 8603      AAC7E2F4 
 8603      28CE11E1 
 8604 0193 1C685F00 		.ascii	"\034h_\000\307!\205\301Q\362\013\342\022\003'@\321r"
 8604      C72185C1 
 8604      51F20BE2 
 8604      12032740 
 8604      D172
 8605 01a5 00274119 		.ascii	"\000'A\031\021\315\266\355\011z\036\014\243\344a2\231"
 8605      11CDB6ED 
 8605      097A1E0C 
 8605      A3E46132 
 8605      99
 8606 01b6 6E26EE33 		.ascii	"n&\3563\031\304<L\311d\320BL#\033%\210\340\013\007\321"
 8606      19C43C4C 
 8606      C964D042 
 8606      4C231B25 
 8606      88E00B07 
 8607 01cb 7D7101B4 		.ascii	"}q\001\264R\020\247F\011\342t4\2106\244P\271\356\254"
 8607      5210A746 
 8607      09E27434 
ARM GAS  /tmp/cc0F93am.s 			page 211


 8607      8836A450 
 8607      B9EEAC
 8608 01de 21A43E1D 		.ascii	"!\244>\035\332\212\3157\243q\240\2678u\212\004\324\024"
 8608      DA8ACD37 
 8608      A371A0B7 
 8608      38758A04 
 8608      D414
 8609 01f0 1C3BC420 		.ascii	"\034;\304 \323b\300EQ\2102\022e\242%\201\0263.\350s"
 8609      D362C045 
 8609      51883212 
 8609      65A22581 
 8609      16332EE8 
 8610 0205 31676457 		.ascii	"1gdW\0065\304X\011\227\264M\001n\302\330\212\330!\224"
 8610      0635C458 
 8610      0997B44D 
 8610      016EC2D8 
 8610      8AD82194 
 8611 0219 18A2BB07 		.ascii	"\030\242\273\007K\036uwI\324\021\202\365\370\304\002"
 8611      4B1E7577 
 8611      49D41182 
 8611      F5F8C402 
 8612 0229 21D3FDA0 		.ascii	"!\323\375\240\364\343\262\251\324\013\342\270.\310\265"
 8612      F4E3B2A9 
 8612      D40BE2B8 
 8612      2EC8B5
 8613 0238 E303FE7F 		.ascii	"\343\003\376\177\372.q\252\2058\307\342\320\271\317"
 8613      FA2E71AA 
 8613      8538C7E2 
 8613      D0B9CF
 8614 0247 C2A84618 		.ascii	"\302\250F\030\324\261\353\035[\304\215\220\301\002\277"
 8614      D4B1EB1D 
 8614      5BC48D90 
 8614      C102BF
 8615 0256 62424869 		.ascii	"bBHi\350\263\037\256\315\244Z\011\235\301\006N\325b"
 8615      E8B31FAE 
 8615      CDA45A09 
 8615      9DC1064E 
 8615      D562
 8616 0268 FDE09B43 		.ascii	"\375\340\233C\004\340\325\016RcW\371\367?2\317n\224"
 8616      04E0D50E 
 8616      526357F9 
 8616      F73F32CF 
 8616      6E94
 8617 027a FCEA2E8B 		.ascii	"\374\352.\213\237\233(G\265\335\207U\274\303\230\232"
 8617      9F9B2847 
 8617      B5DD8755 
 8617      BCC3989A 
 8618 028a 33305B64 		.ascii	"30[d\355I\315\361s\022\236\300o \013\003\014\316\212"
 8618      ED49CDF1 
 8618      73129EC0 
 8618      6F200B03 
 8618      0CCE8A
 8619 029d CBF755C3 		.ascii	"\313\367U\303\321\236\244\331M\272v\002\311\016\004"
 8619      D19EA4D9 
 8619      4DBA7602 
 8619      C90E04
 8620 02ac F75F4814 		.ascii	"\367_H\024\332\347H\033\316\203L\316v}\357\337\275V"
ARM GAS  /tmp/cc0F93am.s 			page 212


 8620      DAE7481B 
 8620      CE834CCE 
 8620      767DEFDF 
 8620      BD56
 8621 02be 382C62BA 		.ascii	"8,b\272\361\240tW\231FV\035\010\246ig\305\333\\z\212"
 8621      F1A07457 
 8621      9946561D 
 8621      08A66967 
 8621      C5DB5C7A 
 8622 02d3 7C162246 		.ascii	"|\026\"F\\\341;\3153\366\024\250\357D/\261i\270\001"
 8622      5CE13BCD 
 8622      33F614A8 
 8622      EF442FB1 
 8622      69B801
 8623 02e6 2E50F7F3 		.ascii	".P\367\363E\265+\310\203K\005\3713\365\276y\330\230"
 8623      45B52BC8 
 8623      834B05F9 
 8623      33F5BE79 
 8623      D898
 8624 02f8 B45B0D15 		.ascii	"\264[\015\025ZF\271\370\244#nx;\244T\340\255E\007\252"
 8624      5A46B9F8 
 8624      A4236E78 
 8624      3BA454E0 
 8624      AD4507AA 
 8625 030c 076BA68D 		.ascii	"\007k\246\215\350\241\275X\265v\352!\321\323&\024\277"
 8625      E8A1BD58 
 8625      B576EA21 
 8625      D1D32614 
 8625      BF
 8626 031d A86774A8 		.ascii	"\250gt\250\306\026\367.\230\340R\334\273 \013Q\355\020"
 8626      C616F72E 
 8626      98E052DC 
 8626      BB200B51 
 8626      ED10
 8627 032f 2EEB4AD5 		.ascii	".\353J\325\001\036\241\347<CT\325\246\010\262\017\232"
 8627      011EA1E7 
 8627      3C4354D5 
 8627      A608B20F 
 8627      9A
 8628 0340 8E341B89 		.ascii	"\2164\033\211\254\340\3640\356,\270\333i\242\362r\361"
 8628      ACE0F430 
 8628      EE2CB8DB 
 8628      69A2F272 
 8628      F1
 8629 0351 24843ABE 		.ascii	"$\204:\276\271<!\000\325\340\347ft\034:\250\036x^\261"
 8629      B93C2100 
 8629      D5E0E766 
 8629      741C3AA8 
 8629      1E785EB1 
 8630 0365 E3F330B7 		.ascii	"\343\3630\267\007\325\302|\025\343M\204+\020\200]\\"
 8630      07D5C27C 
 8630      15E34D84 
 8630      2B10805D 
 8630      5C
 8631 0376 F718AE82 		.ascii	"\367\030\256\202\035\201\013\276(*7h\310\262\006^R\325"
 8631      1D810BBE 
 8631      282A3768 
ARM GAS  /tmp/cc0F93am.s 			page 213


 8631      C8B2065E 
 8631      52D5
 8632 0388 51C0093C 		.ascii	"Q\300\011<\021\206\3603\021~G8\364\240s;\220\334\370"
 8632      1186F033 
 8632      117E4738 
 8632      F4A0733B 
 8632      90DCF8
 8633 039b EC55CE22 		.ascii	"\354U\316\"\375\3168\203\327\300\216FD\\\365z\324}\340"
 8633      FDCE3883 
 8633      D7C08E46 
 8633      445CF57A 
 8633      D47DE0
 8634 03ae 3BD2FC8A 		.ascii	";\322\374\212f\3360\006r\276\377\332A\305n\305\233\005"
 8634      66DE3006 
 8634      72BEFFDA 
 8634      41C56EC5 
 8634      9B05
 8635 03c0 5D021374 		.ascii	"]\002\023t\314\353\"\010\004\261i c\271\247\201\004"
 8635      CCEB2208 
 8635      04B16920 
 8635      63B9A781 
 8635      04
 8636 03d1 A98A988E 		.ascii	"\251\212\230\216$\270!\220$\035\251[K\307\376\242mz"
 8636      24B82190 
 8636      241DA95B 
 8636      4BC7FEA2 
 8636      6D7A
 8637 03e3 3A8CE812 		.ascii	":\214\350\022\002\022\374\377\207\036\343\340\037q\016"
 8637      0212FCFF 
 8637      871EE3E0 
 8637      1F710E
 8638 03f2 F650D046 		.ascii	"\366P\320F\255\253c\203~]3b\032\267\277\012\204\005"
 8638      ADAB6383 
 8638      7E5D3362 
 8638      1AB7BF0A 
 8638      8405
 8639 0404 30D7816F 		.ascii	"0\327\201o\242\277=P\330yta\324]\223\030\212%\234\347"
 8639      A2BF3D50 
 8639      D8797461 
 8639      D45D9318 
 8639      8A259CE7 
 8640 0418 A38A147D 		.ascii	"\243\212\024}g\016\007\014\303v\227h\322\011/`\367\226"
 8640      670E070C 
 8640      C3769768 
 8640      D2092F60 
 8640      F796
 8641 042a B02BEB76 		.ascii	"\260+\353v{\265\214wn\337g\030WN\004Ne6\001\365\305"
 8641      7BB58C77 
 8641      6EDF6718 
 8641      574E044E 
 8641      653601F5 
 8642 043f 65A69F32 		.ascii	"e\246\2372\223 \034\226\343\037\306\376\341D\015\234"
 8642      93201C96 
 8642      E31FC6FE 
 8642      E1440D9C 
 8643 044f 9CF90256 		.ascii	"\234\371\002Vf\221\225\333\302\212A\267\362'\330c/\014"
 8643      669195DB 
ARM GAS  /tmp/cc0F93am.s 			page 214


 8643      C28A41B7 
 8643      F227D863 
 8643      2F0C
 8644 0461 3D7377B4 		.ascii	"=sw\264\367\260j0\266\036\323\265\274\230\307\235\227"
 8644      F7B06A30 
 8644      B61ED3B5 
 8644      BC98C79D 
 8644      97
 8645 0472 64B82B0C 		.ascii	"d\270+\014)\272\241{Z=nE\352a\2165\233\214f\357\023"
 8645      29BAA17B 
 8645      5A3D6E45 
 8645      EA618E35 
 8645      9B8C66EF 
 8646 0487 8C08D7D0 		.ascii	"\214\010\327\320V^\037\036\256\317c\275>\267\241\320"
 8646      565E1F1E 
 8646      AECF63BD 
 8646      3EB7A1D0 
 8647 0497 220854C6 		.ascii	"\"\010T\306\237\344\347\023\204\270\022\233\035\237"
 8647      9FE4E713 
 8647      84B8129B 
 8647      1D9F
 8648 04a5 7880F0ED 		.ascii	"x\200\360\355\021\217\220\320\33777f\214|\031\3061\322"
 8648      118F90D0 
 8648      DF373766 
 8648      8C7C19C6 
 8648      31D2
 8649 04b7 AC3F1F37 		.ascii	"\254?\0377[\243c\344\020\216\221\226\310C\025\264\352"
 8649      5BA363E4 
 8649      108E9196 
 8649      C84315B4 
 8649      EA
 8650 04c8 13A82E5D 		.ascii	"\023\250.]o\221:m\260\314\211Y\253zm\221a\323\321\217"
 8650      6F913A6D 
 8650      B0CC8959 
 8650      AB7A6D91 
 8650      61D3D18F 
 8651 04dc C3E694AE 		.ascii	"\303\346\224\256\215C42lZ\305\260\211F)c\224\003q\303"
 8651      8D433432 
 8651      6C5AC5B0 
 8651      89462963 
 8651      940371C3 
 8652 04f0 E674CCB0 		.ascii	"\346t\314\260i\213\014\233\266\230a\363Q\317\236+\246"
 8652      698B0C9B 
 8652      B69861F3 
 8652      51CF9E2B 
 8652      A6
 8653 0501 C81C1910 		.ascii	"\310\034\031\020s\344\201\230##\207\306_\321\241qo\255"
 8653      73E48198 
 8653      232387C6 
 8653      5FD1A171 
 8653      6FAD
 8654 0513 30CCD81D 		.ascii	"0\314\330\035\334\026\027\247\212\340\351S\314A\313"
 8654      DC1617A7 
 8654      8AE0E953 
 8654      CC41CB
 8655 0522 942F44DB 		.ascii	"\224/D\333\371V\253\015\277\2165\256,\227\333\233\231"
 8655      F956AB0D 
ARM GAS  /tmp/cc0F93am.s 			page 215


 8655      BF8E35AE 
 8655      2C97DB9B 
 8655      99
 8656 0533 E7D990BB 		.ascii	"\347\331\220\273\326\346\366\332\326\254Zg\363z\034"
 8656      D6E6F6DA 
 8656      D6AC5A67 
 8656      F37A1C
 8657 0542 F49F99B5 		.ascii	"\364\237\231\265!;\333\351\361Z\035Lve}\260\376\345"
 8657      213BDBE9 
 8657      F15A1D4C 
 8657      76657DB0 
 8657      FEE5
 8658 0554 B833EBEA 		.ascii	"\2703\353\352\305\316%\016{\366k\314:\006\224\333\213"
 8658      C5CE250E 
 8658      7BF66BCC 
 8658      3A0694DB 
 8658      8B
 8659 0565 8B276F7E 		.ascii	"\213'o~\256K\243\255k\330\253\317\021\367\344\331\\"
 8659      AE4BA3AD 
 8659      6BD8ABCF 
 8659      11F7E4D9 
 8659      5C
 8660 0576 B98E751B 		.ascii	"\271\216u\033V;\221\347\335\344EQc\326*\257\363]\217"
 8660      563B91E7 
 8660      DDE44551 
 8660      63D62AAF 
 8660      F35D8F
 8661 0589 EBEDE7A8 		.ascii	"\353\355\347\2508\33499\356\\\233sc\236\355\315e\031"
 8661      38DC3939 
 8661      EE5C9B73 
 8661      639EEDCD 
 8661      6519
 8662 059b B6A519CB 		.ascii	"\266\245\031\313\323\227\333\226\272=N[z\004)\307\353"
 8662      D397DB96 
 8662      BA3D4E5B 
 8662      7A0429C7 
 8662      EB
 8663 05ac F266BEEF 		.ascii	"\362f\276\357p \332\222\261Q\326\273=y^\302Y\232\261"
 8663      7020DA92 
 8663      B151D6BB 
 8663      3D795EC2 
 8663      599AB1
 8664 05bf 11851C08 		.ascii	"\021\205\034\010\223\371\341\342\034T\234\224\261|\231"
 8664      93F9E1E2 
 8664      1C549C94 
 8664      B17C99
 8665 05ce 855C59EF 		.ascii	"\205\\Y\357q\245YR\354L\3620c\2163\307\355\331\304\376"
 8665      71A55952 
 8665      EC4CF230 
 8665      638E33C7 
 8665      EDD9C4FE 
 8666 05e2 038AB8D3 		.ascii	"\003\212\270\323G"
 8666      47
 8667              		.text
 8668              		.section	.gnu.lto_ibqReleaseEmptyBufferS.e93b417e7755f224,"e",%progbits
 8669 0000 789C9554 		.ascii	"x\234\225T\315O\023A\024\237\267\263\273\335\226\242"
 8669      CD4F1341 
ARM GAS  /tmp/cc0F93am.s 			page 216


 8669      149FB7B3 
 8669      BBDD96A2 
 8670 0010 091E3C10 		.ascii	"\011\036<\020\0151\032$\321\266\007?H\274\370\007x\323"
 8670      0D311A24 
 8670      D1B6073F 
 8670      48BCF807 
 8670      78D3
 8671 0022 8B272295 		.ascii	"\213'\"\225\006\202\021\245rfZ\010DD\214\211\006\252"
 8671      068211A5 
 8671      72665A08 
 8671      44448C89 
 8671      06AA
 8672 0034 36256021 		.ascii	"6%`!\036\300\017LT@\255\340\007E@\304\257\310\241&F"
 8672      1EC00F4C 
 8672      5440ADE0 
 8672      074540C4 
 8672      AFC8A126 
 8673 0049 1B834613 		.ascii	"\033\203F\023c\304\304\010\2767ShA\"\260\331\231}\263"
 8673      63C4C408 
 8673      BE375368 
 8673      4122B0D9 
 8673      997DB3
 8674 005c 6FE6F77B 		.ascii	"o\346\367{\357\367f\306b\300\312\015\306\3661\306\016"
 8674      EFF766C6 
 8674      62C0CA0D 
 8674      C6F631C6 
 8674      0E
 8675 006d 62031B03 		.ascii	"b\003\033\003M\010\261\327\026\2604\215\243\225\247"
 8675      4D08B1D7 
 8675      16B0348D 
 8675      A395A7
 8676 007c 0B87AEBE 		.ascii	"\013\207\256\276N\016z\312\247k\306\205\236\3446\364"
 8676      4E0E7ACA 
 8676      A76BC685 
 8676      9EE436F4 
 8677 008c 99C991D0 		.ascii	"\231\311\221\320:\364\031`\246|&\200\264\204\005\254"
 8677      3AF41960 
 8677      A67C2680 
 8677      B48405AC 
 8678 009c 5AE3BA61 		.ascii	"Z\343\272aB5\234\341\315\034\006\352\223w\264\202N\364"
 8678      42359CE1 
 8678      CD1C06EA 
 8678      9377B482 
 8678      4EF4
 8679 00ae 8A58736F 		.ascii	"\212XsoN\213\030\027<\302\031\013aS\017\364B\001NL\004"
 8679      4E8B1817 
 8679      3CC2190B 
 8679      61530FF4 
 8679      42014E4C 
 8680 00c3 C3BF9C4D 		.ascii	"\303\277\234M\350\003\320qxn\370f\334AC\015\362p8:\375"
 8680      E803D071 
 8680      786EF866 
 8680      DC41430D 
 8680      F270383A 
 8681 00d8 73248B7B 		.ascii	"s$\213{\200\241-\332\376D\263\363\243B\004E\354G\007"
 8681      80A12DDA 
 8681      FE44B3F3 
ARM GAS  /tmp/cc0F93am.s 			page 217


 8681      A3420445 
 8681      EC4707
 8682 00eb 179B239C 		.ascii	"\027\233#\234\303]\340\010\011\375\220\013}\220\313"
 8682      C35DE008 
 8682      09FD900B 
 8682      7D90CB
 8683 00fa E01EE4E3 		.ascii	"\340\036\344\343\357\235]\007\244\311h\335\373\3533"
 8683      EF9D5D07 
 8683      A4C968DD 
 8683      FBEB33
 8684 0109 E7B34D9D 		.ascii	"\347\263M\235\250\341>\230L\365\200!\\\2350bbf\266^"
 8684      A8E13E98 
 8684      4CF58021 
 8684      5C9D3062 
 8684      6266B65E 
 8685 011d C43E74C2 		.ascii	"\304>t\302\331\3759\032\213p\235S\247cg\030d\231d\331"
 8685      D9FD391A 
 8685      8B709D53 
 8685      A7636718 
 8685      649964D9 
 8686 0131 A8B3A8B3 		.ascii	"\250\263\250\263cg:A\201\237\342\214\022\324A\304\030"
 8686      63673A41 
 8686      819FE28C 
 8686      12D441C4 
 8686      18
 8687 0142 6BE49A1A 		.ascii	"k\344\232\032\004p\220\304hg/\273%\023\331\355Q>go\372"
 8687      047090C4 
 8687      68672FBB 
 8687      2513D9ED 
 8687      513E676F 
 8688 0157 C768EBDA 		.ascii	"\307h\353\332\"\315)\030\350\217\333\310\014s\015\003"
 8688      22CD2918 
 8688      E88FDBC8 
 8688      0C730D03 
 8689 0167 6FAAF996 		.ascii	"o\252\371\226\260H\013.\363\217M^{\273&\012\355\001"
 8689      B0480B2E 
 8689      F38F4D5E 
 8689      7BBB260A 
 8689      ED01
 8690 0179 2A5184DB 		.ascii	"*Q\204\333\302\334\0111\314\231|\341\323\027\223\334"
 8690      C2DC0931 
 8690      CC997CE1 
 8690      D31793DC 
 8691 0189 D32D6A03 		.ascii	"\323-j\003\344\262\340\001D\241EJ\015\003\340A\344\232"
 8691      E4B2E001 
 8691      44A1454A 
 8691      0D03E041 
 8691      E49A
 8692 019b 4B752143 		.ascii	"Ku!CAs\205\336\3306Y\303\011\335\202Y|\326\302 ba\010"
 8692      417385DE 
 8692      D83659C3 
 8692      09DD8259 
 8692      7CD6C220 
 8693 01b2 8906A079 		.ascii	"\211\006\240y\213\010[7.\303\3700\315\370\010<\310\""
 8693      8B085B37 
 8693      2EC3F830 
 8693      CDF8083C 
ARM GAS  /tmp/cc0F93am.s 			page 218


 8693      C822
 8694 01c4 33EB49E5 		.ascii	"3\353I\345=\005\301\376\370V\305\257/\223K \362\356"
 8694      3D05C1FE 
 8694      F856C5AF 
 8694      2F934B20 
 8694      F2EE
 8695 01d6 B6E971A1 		.ascii	"\266\351q\241\330\360X\202R\251\340\211L\003Q\334\012"
 8695      D8F05882 
 8695      52A9E089 
 8695      4C0351DC 
 8695      0A
 8696 01e7 C558114A 		.ascii	"\305X\021J\267P.;\014I(\215\240\342J\221\033u'S\212"
 8696      B7502E3B 
 8696      0C49288D 
 8696      A0E24A91 
 8696      1B752753 
 8697 01fc 50508848 		.ascii	"PP\210H\370Kg\377\237\020\207\323!>\245\274UEoe\346"
 8697      F84B67FF 
 8697      9F1087D3 
 8697      213EA5BC 
 8697      55456F65 
 8698 0211 BD47B1D8 		.ascii	"\275G\261\330V\025\261\001#\022\231$\205Q\214\370#\324"
 8698      5615B101 
 8698      23129924 
 8698      85518CF8 
 8698      23D4
 8699 0223 260677CC 		.ascii	"&\006w\314\007l\223\207\250\221s\202\322\3467]_\324"
 8699      076C9387 
 8699      A8917382 
 8699      D2E6375D 
 8699      5FD4
 8700 0235 481317AA 		.ascii	"H\023\027\252\331\326*\211\307$\261N\304\317\224\352"
 8700      D9D62A89 
 8700      C724B14E 
 8700      C4CF94EA 
 8701 0245 89862BC6 		.ascii	"\211\206+\306R\233\302\307\226\201\032O\253\363\234"
 8701      529BC2C7 
 8701      96811A4F 
 8701      ABF39C
 8702 0254 D4B164CC 		.ascii	"\324\261d\314\372\302\203\3629-\326\367\241\015+\331"
 8702      FAC283F2 
 8702      392DD6F7 
 8702      A10D2BD9 
 8703 0264 7C8B6926 		.ascii	"|\213i&$\215A4/\300\223yt\014`\360\022W\021\317tfQr"
 8703      248D4134 
 8703      2FC09379 
 8703      740C60F0 
 8703      125711CF 
 8704 027c 9536F655 		.ascii	"\2256\366Ui\343\200W\222\311$\246\327\252(\237\346\212"
 8704      69E38057 
 8704      92C924A6 
 8704      D7AA289F 
 8704      E68A
 8705 028e 62CFE475 		.ascii	"b\317\344u \357\033\302\220\011\033c\241\236d\272H\277"
 8705      20EF1BC2 
 8705      90091B63 
 8705      A19E64BA 
ARM GAS  /tmp/cc0F93am.s 			page 219


 8705      48BF
 8706 02a0 5345FA02 		.ascii	"SE\372\002\265y\322\300\305\330\234\021\236%\247\233"
 8706      B579D2C0 
 8706      C5D89C11 
 8706      9E25A79B 
 8707 02b0 697DBE42 		.ascii	"i}\276B\260\265\275\003\324\305\305\350\312\201\364"
 8707      B0B5BD03 
 8707      D4C5C5E8 
 8707      CA81F4
 8708 02bf 95C3D876 		.ascii	"\225\303\330v\227\313\215\257\267\264\254\270\254\302"
 8708      97CB8DAF 
 8708      B7B4ACB8 
 8708      ACC2
 8709 02cd 5F74A2B2 		.ascii	"_t\242\262\352h\271\273\302\357.=t\304\355\257\364\322"
 8709      EA68B9BB 
 8709      C2EF2E3D 
 8709      74C4EDAF 
 8709      F4D2
 8710 02df B7A8B8CA 		.ascii	"\267\250\270\312\347+\251\364\273\274L/+>~l\375\202"
 8710      E72BA9F4 
 8710      BBBC4C2F 
 8710      2B3E7E6C 
 8710      FD82
 8711 02f1 7FAEC3BB 		.ascii	"\177\256\303\273K\012\275\036\337.\366\027y`\333;"
 8711      4B0ABD1E 
 8711      DF2EF617 
 8711      7960DB3B 
 8712              		.text
 8713              		.section	.gnu.lto_ibqGetTimeout.e93b417e7755f224,"e",%progbits
 8714 0000 789CAD57 		.ascii	"x\234\255WmP\225\307\025\336\363\356{\277\021\020\024"
 8714      6D5095C7 
 8714      15DEF3EE 
 8714      7BBF1110 
 8714      14
 8715 0011 99121D74 		.ascii	"\231\022\035t\352\320d\220\2133\3228\323?\3558\235\211"
 8715      EAD06490 
 8715      8B33D238 
 8715      D33FED38 
 8715      9D89
 8716 0023 3F98E9C4 		.ascii	"?\230\351\304\344Gg:\303\304\033\214w\014`\357\305N"
 8716      E447673A 
 8716      C3C41B8C 
 8716      770C60EF 
 8716      C54E
 8717 0035 FC95172E 		.ascii	"\374\225\027.`\010\242\323\224\006\241\305K\371\010"
 8717      6008A2D3 
 8717      9406A1C5 
 8717      4BF908
 8718 0044 A451B0D0 		.ascii	"\244Q\260\3206\251X\245jT\0201!F\201X\020\011 H\221"
 8718      36A958A5 
 8718      6A541031 
 8718      21468158 
 8718      10092048 
 8719 0059 6A0B5482 		.ascii	"j\013T\202\364\234\335\367~pA\"\3232\316\336}w\317y"
 8719      F49CDDF7 
 8719      7E704122 
 8719      D332CEDE 
ARM GAS  /tmp/cc0F93am.s 			page 220


 8719      7D77CF79 
 8720 006d F69C679F 		.ascii	"\366\234g\237\335\263\232\031\260\367#\030{\025\030"
 8720      DDB39A19 
 8720      B0F72318 
 8720      7B1518
 8721 007c AB678C41 		.ascii	"\253g\214A\030\003E\323\264\037\232r\314\212\302\207"
 8721      180345D3 
 8721      B41F9A72 
 8721      CC8AC287 
 8722 008c 277E6553 		.ascii	"'~eS5\253\241\374\227\343\333T-\214+\352x\365\300Z\032"
 8722      35ABA1FC 
 8722      97E3DB54 
 8722      2D8C2BEA 
 8722      78F5C05A 
 8723 00a1 29B97DFC 		.ascii	")\271}\374\005\034Q\301\246[\033\024#\366\342q\316*"
 8723      051C51C1 
 8723      A65B1B14 
 8723      23F6E271 
 8723      CE2A
 8724 00b3 7FC38C8A 		.ascii	"\177\303\214\212I\0371\353#&0\353\326f\305R\336<\234"
 8724      491F31EB 
 8724      232630EB 
 8724      D666C552 
 8724      DE3C9C
 8725 00c6 48D6C31D 		.ascii	"H\326\303\035e\3218g\001\253>g\365c\332\000DO3\003{"
 8725      65D13867 
 8725      01AB3E67 
 8725      F563DA00 
 8725      444F3303 
 8726 00db 5BE1AAC1 		.ascii	"[\341\252\301h2[\2546x\033\216\362R\016}\271\0253aG"
 8726      68325BAC 
 8726      36781B8E 
 8726      F2520E7D 
 8726      B9153361 
 8727 00f0 B8973350 		.ascii	"\270\2273P\361\263\244\375\217mV\372\004\210\307\317"
 8727      F1B3A4FD 
 8727      8F6D56FA 
 8727      0488C7CF 
 8728 0100 C3393D2D 		.ascii	"\3039=-\374\371:\004\320ZK{\243\353<\371/y\271\302\312"
 8728      FCF93A04 
 8728      D05A4B7B 
 8728      A3EB3CF9 
 8728      2F79B9C2 
 8729 0115 D0BA05E2 		.ascii	"\320\272\005\342\3404\3041\372\2033\360<Z_\233\236\352"
 8729      E034C431 
 8729      FA8333F0 
 8729      3C5A5F9B 
 8729      9EEA
 8730 0127 B0F16460 		.ascii	"\260\361d`\330\327\252\346jW%\324jZ\256\326\372u-\327"
 8730      D8D7AAE6 
 8730      6A5725D4 
 8730      6A5AAED6 
 8730      FA752DD7 
 8731 013b BEEBE51C 		.ascii	"\276\353\345\034\376\012|\201+\216\245\314\354bp\026"
 8731      FE0A7C81 
 8731      2B8EA5CC 
 8731      EC627016 
ARM GAS  /tmp/cc0F93am.s 			page 221


 8732 014b 12D0E5F6 		.ascii	"\022\320\345\366\221\222\241p\236*\334\363\352\037w"
 8732      9192A170 
 8732      9E2ADCF3 
 8732      EA1F77
 8733 015a 5B75F78B 		.ascii	"[u\367\213\261\345Z\253\352\345*\234[\344\257\246\344"
 8733      B1E55AAB 
 8733      EAE52A9C 
 8733      5BE4AFA6 
 8733      E4
 8734 016b BFC2A015 		.ascii	"\277\302\240\025\022\030yu\234\372\313-\225\277*\020"
 8734      12187975 
 8734      9CFACB2D 
 8734      95BF2A10 
 8735 017b 668B7BEE 		.ascii	"f\213{\356\2326W\213\320\247:\243~\347\321\256h\010"
 8735      9A36578B 
 8735      D0A73AA3 
 8735      7EE7D1AE 
 8735      6808
 8736 018d A2C0DF42 		.ascii	"\242\300\337B@\030Ky\357\025\362\270\373\207'\277^e"
 8736      40184B79 
 8736      EF15F2B8 
 8736      FB8727BF 
 8736      5E65
 8737 019f 54E13C6C 		.ascii	"T\341<l\246\014)\257\013`\344\201\031\034\005\270\010"
 8737      A60C29AF 
 8737      0B60E481 
 8737      191C05B8 
 8737      08
 8738 01b0 4616B0CE 		.ascii	"F\026\260\316#\374\312\351\023\\\330\226!7!sw\206\212"
 8738      23FCCAE9 
 8738      135CD896 
 8738      21372173 
 8738      77868A
 8739 01c3 A368B94F 		.ascii	"\243h\271Oi\226/\232\035(Y\223\306\340\022M\252b\262"
 8739      69962F9A 
 8739      1D285993 
 8739      C6E0124D 
 8739      AA62B2
 8740 01d6 B6BDEB9C 		.ascii	"\266\275\353\234\2157\203\310\341\223\201\341\002\233"
 8740      8D3783C8 
 8740      E19381E1 
 8740      029B
 8741 01e4 CE427F63 		.ascii	"\316B\177c\342\334\215QM\213\362r\003\\\241\034\300"
 8741      E2DC8D51 
 8741      4D8BF272 
 8741      035CA11C 
 8741      C0
 8742 01f5 9F03B441 		.ascii	"\237\003\264A\002\016\247\214\374\224\274\232o\346\037"
 8742      020EA78C 
 8742      FC94BC9A 
 8742      6FE61F
 8743 0204 E594397A 		.ascii	"\345\2249z]\277\262\255a\360H\261V\231\033\351\367c"
 8743      5DBFB2AD 
 8743      61F048B1 
 8743      56991BE9 
 8743      F763
 8744 0216 0BFC28CF 		.ascii	"\013\374(\317\220t\006om\205v$\001.S\\\0204\2572\270"
ARM GAS  /tmp/cc0F93am.s 			page 222


 8744      9074066F 
 8744      6D857624 
 8744      012E535C 
 8744      1034AF32 
 8745 022b 0A46C901 		.ascii	"\012F\311\001t\2001$\233\242'\026\323S\211\030A\"\034"
 8745      74803124 
 8745      9BA22716 
 8745      D3538918 
 8745      41221C
 8746 023e 0CAE2D47 		.ascii	"\014\256-GDg\200\210\377K\026\237Q\026\327\227\310\342"
 8746      44678088 
 8746      FF4B169F 
 8746      5116D797 
 8746      C8E2
 8747 0250 737F165D 		.ascii	"s\177\026]\213\262(\234\261\350I\030\226\330\315\347"
 8747      8BB2289C 
 8747      B1E84918 
 8747      96D8CDE7 
 8748 0260 8EE2D25F 		.ascii	"\216\342\322_\320\354\"\035`\0221?cp\203&MK%\361\321"
 8748      D0EC221D 
 8748      6012313F 
 8748      63708326 
 8748      4D4B25F1 
 8749 0275 8A93F8F8 		.ascii	"\212\223\370\370\346V\270II|\271D\022\267\374Itc\017"
 8749      E656B849 
 8749      497CB944 
 8749      12B7FC49 
 8749      74630F
 8750 0288 7F48BA8D 		.ascii	"\177H\272\215]\206V\355\311\374!<\260\337\351l*\230"
 8750      5D8656ED 
 8750      C9FC213C 
 8750      B0DFE96C 
 8750      2A98
 8751 029a 6B366C02 		.ascii	"k6l\002<(F\205\032\216\215I\245\236\201\032#6\012^\020"
 8751      3C284685 
 8751      1A8E8D49 
 8751      A59E811A 
 8751      23360A5E 
 8752 02af 78FEC280 		.ascii	"x\376\302\200NQ8#\210\010\321\256\306Is\0245\321d\273"
 8752      4E513823 
 8752      8808D1AE 
 8752      C6497314 
 8752      35D164BB 
 8753 02c3 867A6BA9 		.ascii	"\206zk\251\027C\315:jb\261\2610V\304\031\005\253\202"
 8753      1743CD3A 
 8753      6A62B1B1 
 8753      3056C419 
 8753      05AB82
 8754 02d6 D6CAD861 		.ascii	"\326\312\330a\256\310\017\017~\014\343=\320R\307\211"
 8754      AEC80F0F 
 8754      7E0CE33D 
 8754      D052C789 
 8755 02e6 4DD11F48 		.ascii	"M\321\037H\360u\007G\212g\006\357(\304\244\230\231\275"
 8755      F0750747 
 8755      8A6706EF 
 8755      28C4A498 
 8755      99BD
ARM GAS  /tmp/cc0F93am.s 			page 223


 8756 02f8 BC55980F 		.ascii	"\274U\230\017\016\226\274W\032C\034\212\341\306\006"
 8756      0E96BC57 
 8756      1A431C8A 
 8756      E1C606
 8757 0307 2E87EB6A 		.ascii	".\207\353j\036\217us\242A\214#/4\236\033\317\210\036"
 8757      1E8F7573 
 8757      A2418C23 
 8757      2F349E1B 
 8757      CF881E
 8758 031a 24E5E240 		.ascii	"$\345\342@o\276\270\307\014\020\017=H(9=(\375s\377z"
 8758      6FBEB8C7 
 8758      0C100F3D 
 8758      4828393D 
 8758      28FD73FF 
 8759 032f A249F84C 		.ascii	"\242I\370L\237\345D\024\273\017\271\233$c\300N+\350"
 8759      9FE54414 
 8759      BB0FB99B 
 8759      2463C04E 
 8759      2BE8
 8760 0341 5BE56D9A 		.ascii	"[\345m\232\261n\274\252x\265c\361^n%\216O\016\266hf"
 8760      B16EBCAA 
 8760      78B563F1 
 8760      5E6E258E 
 8760      4F0EB668 
 8761 0356 15450CBD 		.ascii	"\025E\014\275\260Q\260>Ws\351\013\005G\340+P\305\002"
 8761      B051B03E 
 8761      5773E90B 
 8761      0547E02B 
 8761      50C502
 8762 0369 0C6E8B2B 		.ascii	"\014n\213+\263\376\354\205\241\260\215\235\272\267\215"
 8762      B3FEEC85 
 8762      A1B08D9D 
 8762      BAB78D
 8763 0378 6C1F3634 		.ascii	"l\03764}i\023\336\177'o\350\003\225\202\275S[S\276O"
 8763      7D6913DE 
 8763      7F276FE8 
 8763      039582BD 
 8763      535B53BE 
 8764 038d 042C72BA 		.ascii	"\004,r\272;Xr\254Tv\253>nH\224cE\263NA\321\030\344\236"
 8764      3B5872AC 
 8764      5476AB3E 
 8764      6E489463 
 8764      45B34E41 
 8765 03a5 698BA36E 		.ascii	"i\213\243n\005\007\204<\342y\320g\246\374\270\270\031"
 8765      0507843C 
 8765      E279D067 
 8765      A6FCB8B8 
 8765      19
 8766 03b6 5A7B4FF5 		.ascii	"Z{O\365\204\327Bu\016U\005/\017\253\3406\350\247\240"
 8766      84D74275 
 8766      0E55052F 
 8766      0FABE036 
 8766      E8A7A0
 8767 03c9 702EC7DB 		.ascii	"p.\307\333\377\2111\271A\223SF\270\003\265pL\336g\003"
 8767      FF8931B9 
 8767      41935346 
 8767      B803B570 
ARM GAS  /tmp/cc0F93am.s 			page 224


 8767      4CDE6703 
 8768 03dd 90CC8620 		.ascii	"\220\314\206 \257\377\302\266%\220\211\220\273\372\215"
 8768      AFFFC2B6 
 8768      25908990 
 8768      BBFA8D
 8769 03ec 7E98F353 		.ascii	"~\230\363SS\307{\230\177\027\037\325\031D\\\343\220"
 8769      53C77B98 
 8769      7F171FD5 
 8769      19445CE3 
 8769      90
 8770 03fd 5F99299D 		.ascii	"_\231)\235\303\321\271\242\276c\336\222\007\2719f/_"
 8770      C3D1B9A2 
 8770      BE63DE92 
 8770      07B93966 
 8770      2F5F
 8771 040f 55C6CDB8 		.ascii	"U\306\315\270\306 \344\001\303x*x\230\227\207\213M\""
 8771      C620E401 
 8771      C3782A78 
 8771      9897878B 
 8771      4D22
 8772 0421 7B925485 		.ascii	"{\222T\205\370\306\235\320\3010\224{\027.B\000\316\037"
 8772      F8C69DD0 
 8772      C130947B 
 8772      172E4200 
 8772      CE1F
 8773 0433 8B82B17C 		.ascii	"\213\202\261|\355\217E\355\036\372h\203?\224\331:S\220"
 8773      ED8F45ED 
 8773      1EFA6883 
 8773      3F94D93A 
 8773      5390
 8774 0445 8A8E0FA3 		.ascii	"\212\216\017\243\212\256\351[<\322\341W\321iTQ\247>"
 8774      8AAEE95B 
 8774      3CD2E157 
 8774      D1695451 
 8774      A73E
 8775 0457 3CDF9024 		.ascii	"<\337\220$]\253\033w\352\242l\224\272\332\024\324V\215"
 8775      5DAB1B77 
 8775      EAA26C94 
 8775      BADA14D4 
 8775      568D
 8776 0469 DA7D5AEB 		.ascii	"\332}Z\353\275\217Z\273\256{\343E\342\323\332gBk\376"
 8776      BD8F5ABB 
 8776      AE7BE345 
 8776      E2D3DA67 
 8776      426BFE
 8777 047c 280D18E5 		.ascii	"(\015\030\345\320\002\255}\036\244\265.\237\326\272"
 8777      D002AD7D 
 8777      1EA4B52E 
 8777      9FD6BA
 8778 048b 82B4F6CE 		.ascii	"\202\264\366\316\320\007_\231}2\032\0222\032\0262\012"
 8778      D0075F99 
 8778      7D321A12 
 8778      321A1632 
 8778      0A
 8779 049c D5CC885F 		.ascii	"\325\314\210_3\223\373\304\302\272>\346G\005_\202\027"
 8779      3393FBC4 
 8779      C2BA3EE6 
ARM GAS  /tmp/cc0F93am.s 			page 225


 8779      47055F82 
 8779      17
 8780 04ad C387E537 		.ascii	"\303\207\3457\006\270\237\230\346\023<\240\235-\222"
 8780      06B89F98 
 8780      E6133CA0 
 8780      9D2D92
 8781 04bc 55658562 		.ascii	"Ue\205b\271\027\020\313(\212\005\241\336/*4H,\276\030"
 8781      B91710CB 
 8781      288A05A1 
 8781      DE2F2A34 
 8781      482CBE18 
 8782 04d0 2B025790 		.ascii	"+\002W\220\242\2011\364$\373o\016\035\224\3468\307C"
 8782      A28131F4 
 8782      24FB6F0E 
 8782      1D94E638 
 8782      C743
 8783 04e2 B63F428A 		.ascii	"\266?B\212\335\037\247\247\251\240\215Kk\225\220\222"
 8783      DD1FA7A7 
 8783      A9A08D4B 
 8783      6B959092 
 8784 04f2 E308A1EF 		.ascii	"\343\010\241\357]\221b\310j\225\033\276%\364\373\201"
 8784      5D9162C8 
 8784      6A951BBE 
 8784      25F4FB81 
 8785 0502 D0C72119 		.ascii	"\320\307!\031\021\245$\202I\331.\3272\254\220\224\177"
 8785      11A52482 
 8785      49D92ED7 
 8785      32AC9094 
 8785      7F
 8786 0513 086420E4 		.ascii	"\010d \344\011y\202\372|'\010\3036\350*5\226\024\217"
 8786      097982FA 
 8786      7C2708C3 
 8786      36E82A35 
 8786      96148F
 8787 0526 4D827F37 		.ascii	"M\202\1777\356\2370\3502\225\014\204<\212&\332\236\373"
 8787      EE9F30E8 
 8787      32950C84 
 8787      3C8A26DA 
 8787      9EFB
 8788 0538 C0A3BDE4 		.ascii	"\300\243\275\344\177\026Y\002\245\340\001Us\236rR\274"
 8788      7F165902 
 8788      A5E00155 
 8788      739E7252 
 8788      BC
 8789 0549 4ABA3D39 		.ascii	"J\272=9\353\365\0122\321\031\216/\241\274\370%\236R"
 8789      EBF50A32 
 8789      D1198E2F 
 8789      A1BCF825 
 8789      9E52
 8790 055b E423329F 		.ascii	"\344#2\237$\232m\024@\365tMlH5\241\220&\251\232\210"
 8790      249A6D14 
 8790      40F5744D 
 8790      6C4835A1 
 8790      9026A99A 
 8791 0570 EA863737 		.ascii	"\352\20677\374\323wBj\354\013\3369\026x\270\340\235"
 8791      FCD37742 
 8791      6AEC0BDE 
ARM GAS  /tmp/cc0F93am.s 			page 226


 8791      391678B8 
 8791      E09D
 8792 0582 A30A5339 		.ascii	"\243\012S9\010\217t\247\352Z\356\353oZ\324\251:\271"
 8792      088F74A7 
 8792      EA5AEEEB 
 8792      6F5AD4A9 
 8792      3AB9
 8793 0594 5974C7E0 		.ascii	"Yt\307\340\374\2316\023u+\370\352 \336!\204\363\212"
 8793      FC993613 
 8793      752BF8EA 
 8793      20DE2184 
 8793      F38A
 8794 05a6 E2DF0C73 		.ascii	"\342\337\014s\344</\2078\217\204\177\011\316\025\031"
 8794      E43C2F87 
 8794      388F847F 
 8794      09CE1519 
 8795 05b6 22FC5B68 		.ascii	"\"\374[h\321\363\333\2022\203\204\212\222h\207\253z"
 8795      D1F3DB82 
 8795      3283848A 
 8795      926887AB 
 8795      7A
 8796 05c7 3D9C8E62 		.ascii	"=\234\216b$\314\343_\004L\001I\350<I\350\321\002\011"
 8796      24CCE35F 
 8796      044C0149 
 8796      E83C49E8 
 8796      D10209
 8797 05da 2DB31E29 		.ascii	"-\263\036)+\022\246\027,8C\012\212\222\307JOS(\350{"
 8797      2B12A617 
 8797      2C38430A 
 8797      8A92C74A 
 8797      4F5328E8 
 8798 05ef 72F9E865 		.ascii	"r\371\350e\220\245z\222H8\377\021\230\\\307|,\017\324"
 8798      90A57A92 
 8798      4838FF11 
 8798      985CC77C 
 8798      2C0FD4
 8799 0602 9936BB04 		.ascii	"\2316\273\004Y\363\255 >\011\256\206Y\201\244\352H\337"
 8799      59F3AD20 
 8799      3E09AE86 
 8799      5981A4EA 
 8799      48DF
 8800 0614 483A9A0A 		.ascii	"H:\232\012\012u:\326bH\010\350;=\313\247\036\024\340"
 8800      0A753AD6 
 8800      624808E8 
 8800      3B3DCBA7 
 8800      1E14E0
 8801 0627 DC82009F 		.ascii	"\334\202\000\237P\322k\345\031\015N\372\007r\221\230"
 8801      50D26BE5 
 8801      190D4EFA 
 8801      07729198 
 8802 0637 678ED708 		.ascii	"g\216\327\010\363\002\330\240\003k\212\377\324\370\302"
 8802      F302D8A0 
 8802      036B8AFF 
 8802      D4F8C2
 8803 0646 8DD14F8D 		.ascii	"\215\321O\215\251\275\340O3\201:\323Rk\010\254\273]"
 8803      A9BDE04F 
 8803      33813AD3 
ARM GAS  /tmp/cc0F93am.s 			page 227


 8803      526B08AC 
 8803      BB5D
 8804 0658 5AAF5BC1 		.ascii	"Z\257[\301\2729\012\255k\324\327\315U\222%%\037\032"
 8804      BA390AAD 
 8804      6BD4D7CD 
 8804      55922525 
 8804      1F1A
 8805 066a 9E891381 		.ascii	"\236\211\023\201S\271\207\200<J03y\0122\263N\004l\016"
 8805      53B98780 
 8805      3C4A3033 
 8805      790A32B3 
 8805      4E046C0E 
 8806 067e 39E601A2 		.ascii	"9\346\001\242\036^Y\277\202U6\320*\371\212\274\263\344"
 8806      1E5E59BF 
 8806      825536D0 
 8806      2AF98ABC 
 8806      B3E4
 8807 0690 2A054AB2 		.ascii	"*\005J\262\270LE\005\011\336\2008ID\3543\023\021\005"
 8807      B84C4505 
 8807      09DE8038 
 8807      4944EC33 
 8807      131105
 8808 06a3 8704B249 		.ascii	"\207\004\262IG~Gn\300=\337\006\304\006\227\261(\254"
 8808      477E476E 
 8808      C03DDF06 
 8808      C40697B1 
 8808      28AC
 8809 06b5 4E858AAF 		.ascii	"N\205\212\257\330Z\356U\265\327\007\362\233\3257d\034"
 8809      D85AEE55 
 8809      B5D707F2 
 8809      9BD53764 
 8809      1C
 8810 06c6 F2E24507 		.ascii	"\362\342E\007\235\251\274{y\2640\267\376>\250\006\345"
 8810      9DA9BC7B 
 8810      79B430B7 
 8810      FE3EA806 
 8810      E5
 8811 06d7 568E268A 		.ascii	"V\216&\212\333~R\257WU\323'xh\261\376t\351b}\351\177"
 8811      DB7E52AF 
 8811      5755D327 
 8811      7868B1FE 
 8811      74E9627D 
 8812 06ed 2AD69717 		.ascii	"*\326\227\027\027k\374/LHu\276\032T\235;|\325\271c\371"
 8812      176BFC2F 
 8812      4C4875BE 
 8812      1A549D3B 
 8812      7CD5B963 
 8813 0702 EAFCAEB2 		.ascii	"\352\374\256\262Tu.R\202\253s\273\257:\027\036\267\371"
 8813      54752E52 
 8813      82AB73BB 
 8813      AF3A171E 
 8813      B7F9
 8814 0714 8BB32DF0 		.ascii	"\213\263-\360\014\236\000\005)\243\341)\361\322Q\037"
 8814      0C9E0005 
 8814      29A3E129 
 8814      F1D2511F 
 8815 0724 9F7B0858 		.ascii	"\237{\010X\015\255\275#]\200\317g\220\246\271\255\264"
ARM GAS  /tmp/cc0F93am.s 			page 228


 8815      0DADBD23 
 8815      5D80CF67 
 8815      90A6B9AD 
 8815      B4
 8816 0735 035B9292 		.ascii	"\003[\222\222\354\370\317\261\327\271\333\231\345N\313"
 8816      ECF8CFB1 
 8816      D7B9DB99 
 8816      E54ECB
 8817 0744 761DC8DC 		.ascii	"v\035\310\334g\317r\333\367\276\366\246\335\355r\320"
 8817      67CF72DB 
 8817      F7BEF6A6 
 8817      DDED72D0 
 8818 0754 6FDAEE03 		.ascii	"o\332\356\003{\366\244\273\334I\016\246:w\377|\377\272"
 8818      7BF6A4BB 
 8818      DC490EA6 
 8818      3A77FF7C 
 8818      FFBA
 8819 0766 056349AF 		.ascii	"\005cI\257\277\230\276\335\221\274\347\373\314\224\355"
 8819      BF98BEDD 
 8819      91BCE7FB 
 8819      CC94ED
 8820 0775 CC48CF3A 		.ascii	"\314H\317:\220\3153\334o$-\003\233\345\306\306\225\275"
 8820      90CD33DC 
 8820      6F242D03 
 8820      9BE5C6C6 
 8820      95BD
 8821 0787 25D329FB 		.ascii	"%\323)\373I{\331\013O1we\333\235\231\2167\017\274\236"
 8821      497BD90B 
 8821      4F317765 
 8821      DB9D998E 
 8821      370FBC9E 
 8822 079b 8E73EE83 		.ascii	"\216s\356\203n45\355~\315\235\376\023\227\363\307Oq"
 8822      6E3435ED 
 8822      7ECD9DFE 
 8822      1397F3C7 
 8822      4F71
 8823 07ad 71646564 		.ascii	"qdedde\332\323\337\312\266\377\350\345T\373\216\324"
 8823      6465DAD3 
 8823      DFCAB6FF 
 8823      E8E554FB 
 8823      8ED4
 8824 07bf 5D3B77D9 		.ascii	"];w\331wd\271\322\355;}H\031n\247;\355"
 8824      7764B9D2 
 8824      ED3B7D48 
 8824      196EA73B 
 8824      ED
 8825 07d0 0D8703D1 		.ascii	"\015\207\003\321\266/\217\262?\313\225\355&\234\035"
 8825      B62F8FB2 
 8825      3FCB95ED 
 8825      269C1D
 8826 07df A96FA191 		.ascii	"\251o\241\221\003a\322~\361b\006:F\246\356z9\236B\331"
 8826      0361D27E 
 8826      F162063A 
 8826      46A6EE7A 
 8826      399E42D9 
 8827 07f3 EF7226C6 		.ascii	"\357r&\306oNf\212\213\2312\3223\262\\\007\331\177\001"
 8827      6F4E668A 
ARM GAS  /tmp/cc0F93am.s 			page 229


 8827      8B9932D2 
 8827      33B25C07 
 8827      D97F01
 8828 0806 1038AFBF 		.ascii	"\0208\257\277"
 8829              		.text
 8830              		.section	.gnu.lto_ibqReadTimeout.e93b417e7755f224,"e",%progbits
 8831 0000 789CB558 		.ascii	"x\234\265XiPTW\026~\347\336\327\013\335\3204&\345\022"
 8831      69505457 
 8831      167EE7DE 
 8831      D70BDDD0 
 8831      3426E512 
 8832 0014 4509A571 		.ascii	"E\011\245q\211\322\304\222\2115\223\037\231\262\246"
 8832      89D2C492 
 8832      8935931F 
 8832      99B2A6
 8833 0023 6AF2C3AA 		.ascii	"j\362\303\252\224\346\317LYe\305\016&L\2028\200\251"
 8833      94E6CF4C 
 8833      5965C50E 
 8833      264C8238 
 8833      80A9
 8834 0035 64FECC63 		.ascii	"d\376\314c\321\304\015\263\210\210\3326\202\210K\200"
 8834      D1C40DB3 
 8834      8888DA36 
 8834      82884B80 
 8835 0045 C468A2C1 		.ascii	"\304h\242\301 \321\004\2031\023\307\270\022\005\225"
 8835      20D10483 
 8835      3113C7B8 
 8835      120595
 8836 0054 88EB6834 		.ascii	"\210\353h4\006\0357\346\234\363n\277\356\006$05C\301"
 8836      061D37E6 
 8836      9CF36EBF 
 8836      EE062430 
 8836      3543C1
 8837 0067 E5BCFBCE 		.ascii	"\345\274\373\316\371\316r\317\271\367\235\353\324@\373"
 8837      F9CE72CF 
 8837      B9F79DEB 
 8837      D440FB
 8838 0076 6890A6BD 		.ascii	"h\220\246\275\010\232f\303?\030\240\2010\014\343YG\236"
 8838      089A66C3 
 8838      3F18A081 
 8838      300CE359 
 8838      479E
 8839 0088 53805494 		.ascii	"S\200T\224\024z\373\325\367\335\272\341\262\257z\367"
 8839      147AFBD5 
 8839      F7DDBAE1 
 8839      B2AF7AF7 
 8840 0098 CA24DD88 		.ascii	"\312$\335\210\325\205\355\330\276=\222f6\355\370\374"
 8840      D585EDD8 
 8840      BE3D9266 
 8840      36EDF8FC 
 8841 00a8 199CB141 		.ascii	"\031\234\261A\202\342\266\013\007RI\370\316i\376\217"
 8841      82E2B60B 
 8841      075249F8 
 8841      CE69FE8F 
 8842 00b8 75408C7A 		.ascii	"u@\214z\347\264\250\030\341R\\\036\305\345\022n5\023"
 8842      E7B4A818 
 8842      E1525C1E 
ARM GAS  /tmp/cc0F93am.s 			page 230


 8842      C5E5126E 
 8842      3513
 8843 00ca AB66DC10 		.ascii	"\253f\334\020\253\270cE\334\252\217\333\307\023w\373"
 8843      ABB86345 
 8843      DCAA8FDB 
 8843      C71377FB 
 8844 00da 81D247F0 		.ascii	"\201\322G\360]\034x\324;\217\210W\266x\225-\361\226"
 8844      5D1C78D4 
 8844      3B8F8857 
 8844      B678952D 
 8844      F196
 8845 00ec 2D5EE5C3 		.ascii	"-^\345\303\027\316\004\000\246\014'h\177\027R\267\331"
 8845      17CE0400 
 8845      A60C2768 
 8845      7F1752B7 
 8845      D9
 8846 00fd 1DCE1897 		.ascii	"\035\316\030\227;6\316\023\357M\000\234\321\254\237"
 8846      3B36CE13 
 8846      EF4D009C 
 8846      D1AC9F
 8847 010c 65B24442 		.ascii	"e\262DBK~\340vl\221\014J\015t|\\\276\177[\223\213\036"
 8847      4B7EE076 
 8847      6C910C4A 
 8847      0D747C5C 
 8847      BE7F5B93 
 8848 0122 0192F0B1 		.ascii	"\001\222\360\261\360\350\332\235\372\330*\303\3107\032"
 8848      F0E8DA9D 
 8848      FAD82AC3 
 8848      C8371A
 8849 0131 4AD60C5A 		.ascii	"J\326\014Z\271\355\240\021\023\224B+E\366:\030\012\237"
 8849      B9EDA011 
 8849      1394422B 
 8849      45F63A18 
 8849      0A9F
 8850 0143 C1508682 		.ascii	"\301P\206\202]0\026\331\277\275\325q\300-SAC\332(\277"
 8850      5D3016D9 
 8850      BFBDD571 
 8850      C02D5341 
 8850      43DA28BF 
 8851 0157 5F1937BA 		.ascii	"_\0317\272\222EoVJcdPJ\370\034d\224(\316\245]\230\246"
 8851      92456F56 
 8851      4A636450 
 8851      4AF81C64 
 8851      9428CEA5 
 8852 016e 413D8C46 		.ascii	"A=\214F\221\273\213\217\254\210\221SY\274\362\340\231"
 8852      91BB8B8F 
 8852      AC889153 
 8852      59BCF2E0 
 8852      99
 8853 017f B336257E 		.ascii	"\2636%~\245\212\305u\330\335M\\O\373\005\305\033X\374"
 8853      A58AC575 
 8853      D8DD4D5C 
 8853      4FFB05C5 
 8853      1B58FC
 8854 0192 BEB17C85 		.ascii	"\276\261|\205G>\317\342\027[\367-\000%\376\340\344\260"
 8854      473ECFE2 
 8854      175BF72D 
ARM GAS  /tmp/cc0F93am.s 			page 231


 8854      0025FEE0 
 8854      E4B0
 8855 01a4 8A02E38F 		.ascii	"\212\002\343\217h7|\321\015@\244\345M\327`\017\003\234"
 8855      68377CD1 
 8855      0D40A4E5 
 8855      4DD7600F 
 8855      039C
 8856 01b6 2C5A7ECE 		.ascii	",Z~\316#\2471@\341\306;\307]\012\340\236i\276\015\366"
 8856      23A73140 
 8856      E1C63BC7 
 8856      5D0AE09E 
 8856      69BE0DF6 
 8857 01ca 7613B7A5 		.ascii	"v\023\267\245-A\361/a\264FBG\266\355o\004\371g\006\330"
 8857      2D41F12F 
 8857      61B44642 
 8857      47B6ED6F 
 8857      04F96706 
 8858 01df BCBAF160 		.ascii	"\274\272\361`\334\250\012\006h<\365\350\272\002\343"
 8858      DCA80A06 
 8858      683CF5E8 
 8858      BA02E3
 8859 01ee 6B43271B 		.ascii	"kC'\033\276\352\002\242ii\245\323I\342\354G\017\212"
 8859      BEEA02A2 
 8859      6969A5D3 
 8859      49E2EC47 
 8859      0F8A
 8860 0200 E3EC3A34 		.ascii	"\343\354:4\302(\0120\205u\037\330!\374\006g\001\276"
 8860      C2280A30 
 8860      85751FD8 
 8860      21FC0667 
 8860      01BE
 8861 0212 06BBA645 		.ascii	"\006\273\246E\315\011hRs\345yG\276\211\2233X\377\365"
 8861      CD096852 
 8861      73E57947 
 8861      BE899333 
 8861      58FFF5
 8862 0225 F9F58742 		.ascii	"\371\365\207B\372\037\234\032\034\326\277\277\273\376"
 8862      FA1F9C1A 
 8862      1CD6BFBF 
 8862      BBFE
 8863 0233 9A28FDDF 		.ascii	"\232(\375\337\240~\322\254\245UG\314\027bZ\031e\235"
 8863      A07ED2AC 
 8863      A55547CC 
 8863      17625A19 
 8863      659D
 8864 0245 DB6D1A1C 		.ascii	"\333m\032\034\000;j\215\262\002\276EK\233\242Lc\201"
 8864      003B6A8D 
 8864      B202BE45 
 8864      4B9BA24C 
 8864      6381
 8865 0257 D35545C3 		.ascii	"\323UE\303\226\3715\370\007\211\310no\327\025\017\234"
 8865      96F935F8 
 8865      0789C86E 
 8865      6FD7150F 
 8865      9C
 8866 0268 A1C177F4 		.ascii	"\241\301w\364R\347\227\225\373\017\355v\313:`\027v\234"
 8866      52E79795 
ARM GAS  /tmp/cc0F93am.s 			page 232


 8866      FB0FED76 
 8866      CB3A6017 
 8866      769C
 8867 027a 695FE056 		.ascii	"i_\340Vk\320\272c\374\375\303\027\015c@P\332\341\237"
 8867      6BD0BA63 
 8867      FCFDC317 
 8867      0D634050 
 8867      DAE19F
 8868 028d E402582E 		.ascii	"\344\002X.\300!\030\215\323i\347\377DR\037\037\235\277"
 8868      C021188D 
 8868      D369E7FF 
 8868      44521F1F 
 8868      9DBF
 8869 029f 4C2AC7BF 		.ascii	"L*\307\277k\232\264\245\255h\251Q\226\357\265\344\264"
 8869      6B9AB4A5 
 8869      AD68A951 
 8869      96EFB5E4 
 8869      B4
 8870 02b0 2839F2BF 		.ascii	"(9\362\277\213\217\237\036}\012\276\247\030\034$\273"
 8870      8B8F9F1E 
 8870      7D0ABEA7 
 8870      181C24BB 
 8871 02c0 20DACFC3 		.ascii	" \332\317\303\350'/\001\034AJ\323$-\027\205\014\231"
 8871      E8272F01 
 8871      1C414AD3 
 8871      242D1785 
 8871      0C99
 8872 02d2 0E7CB8F3 		.ascii	"\016|\270\363\230.\367\0106\376\356\322\023g\035d\206"
 8872      982EF708 
 8872      36FEEED2 
 8872      13671D64 
 8872      86
 8873 02e3 81A57374 		.ascii	"\201\245stP`\233a,|6(\035p\264{\374wa\016\035\203Q\265"
 8873      50609B61 
 8873      2C7C3628 
 8873      1D70B47B 
 8873      FC77610E 
 8874 02fb 876C0DC6 		.ascii	"\207l\015\306\203\316\267p\301f\334\276\371\343\300"
 8874      83CEB770 
 8874      C166DCBE 
 8874      F9E3C0
 8875 030a 6780325C 		.ascii	"g\2002\\\320 qp\352D\331\210\262\323\340\240G'\0151"
 8875      D0207170 
 8875      EA44D988 
 8875      B2D3E0A0 
 8875      47270D31 
 8876 031e 34B86870 		.ascii	"4\270hp\323\020KC\034\227\205\207\307x\215\254\364\362"
 8876      D3104B43 
 8876      1C978587 
 8876      C7788DAC 
 8876      F4F2
 8877 0330 9840493F 		.ascii	"\230@I?\030hz\010P\341=\006\224\277\303\330\202Df\031"
 8877      18687A08 
 8877      50E13D06 
 8877      94BFC3D8 
 8877      82446619 
 8878 0344 AE914323 		.ascii	"\256\221C#\200\312\"\211g\222\031f$\323O0=\206\351\261"
ARM GAS  /tmp/cc0F93am.s 			page 233


 8878      80CA2289 
 8878      67921966 
 8878      24D34F30 
 8878      3D86E9B1 
 8879 0358 64C7381A 		.ascii	"d\3078\032\236$\235\343\211\232@T\012\015>\032Rq\210"
 8879      9E249DE3 
 8879      899A4054 
 8879      0A0D3E1A 
 8879      527188
 8880 036b 99C8889A 		.ascii	"\231\310\210\232\266Xj?\225\264'\201\321\240iK\244`"
 8880      B6586A3F 
 8880      95B42781 
 8880      D1A0694B 
 8880      A460
 8881 037d BA00E976 		.ascii	"\272\000\351v\334.\332j$g];\344\227\375\2053\277\221"
 8881      DC2EDA6A 
 8881      24675D3B 
 8881      E497FD85 
 8881      33BF91
 8882 0390 A35A5470 		.ascii	"\243ZTp\255\305I[\022\306\025\216c\304\210\371\262\305"
 8882      ADC5495B 
 8882      12C6158E 
 8882      63C488F9 
 8882      B2C5
 8883 03a2 6C247723 		.ascii	"l$w#\312\257\247\204\310\266\252\242\333m\247E\227\264"
 8883      CAAFA784 
 8883      C8B6AAA2 
 8883      DB6DA745 
 8883      97B4
 8884 03b4 5B7CD22D 		.ascii	"[|\322-9\3059\215\341\204\311{\266\262\350\236?r\255"
 8884      39C5398D 
 8884      E184C97B 
 8884      B6B2E89E 
 8884      3F72AD
 8885 03c7 4F84721A 		.ascii	"O\204r\032\232\025ZE\361{%\003{\316\360f\225\341\360"
 8885      9A155A45 
 8885      F17B2503 
 8885      7BCEF066 
 8885      95E1F0
 8886 03da 83425B57 		.ascii	"\203B[W\274b\020{\326v~\375\235K\307e\027\261\212\342"
 8886      BC62107B 
 8886      D6767EFD 
 8886      9D4BC765 
 8886      17B18AE2 
 8887 03ee 8127EDCC 		.ascii	"\201'\355\314\315\271\017'\225\330\271\365\253^%\261"
 8887      CDB90F27 
 8887      95D8B9F5 
 8887      AB5E25B1 
 8888 03fe FCA4AEC9 		.ascii	"\374\244\256\311|u\213\254SY\364\320T\206S\034\263/"
 8888      7C758BAC 
 8888      5359F4D0 
 8888      5486531C 
 8888      B32F
 8889 0410 CF34CFE7 		.ascii	"\3174\317\347]\335\016I\320b\306\254\255z\315'#\272"
 8889      5DDD0E49 
 8889      D062C6AC 
 8889      AD7ACD27 
ARM GAS  /tmp/cc0F93am.s 			page 234


 8889      23BA
 8890 0422 18717EFD 		.ascii	"\030q~\375c\037\370I\206\365s\262C\2532\244z\315g#\""
 8890      631FF849 
 8890      86F573B2 
 8890      43AB32A4 
 8890      7ACD6723 
 8891 0437 A3D16A65 		.ascii	"\243\321je\376i\034/C~2\021\270&Z#\305\267<\270\365"
 8891      FE691C2F 
 8891      437E3211 
 8891      B8265A23 
 8891      C5B73CB8 
 8892 044c B6EBF163 		.ascii	"\266\353\361c\"h\254L\012J\027\031_\335Vg8u\212\360"
 8892      2268AC4C 
 8892      0A4A1719 
 8892      5FDD5667 
 8892      38758AF0 
 8893 0460 19789CCB 		.ascii	"\031x\234\313\350\376\372\306\357\005\316\300Y\320\331"
 8893      E8FEFAC6 
 8893      EF05CEC0 
 8893      59D0D9
 8894 046f 2E0DDAF8 		.ascii	".\015\332\370\334\331X\277\367\\\354\343\315J\332M\274"
 8894      DCD958BF 
 8894      F75CECE3 
 8894      CD4ADA4D 
 8894      BC
 8895 0480 376AB61E 		.ascii	"7j\266\036q\263\364\217$\015\347@\247\260\234\346\000"
 8895      71B3F48F 
 8895      240DE740 
 8895      A7B09CE6 
 8895      00
 8896 0491 B1CD6C66 		.ascii	"\261\315lfE\361\312\022\223,\377\264f<\305`\211\244"
 8896      45F1CA12 
 8896      932CFFB4 
 8896      663CC560 
 8896      89A4
 8897 04a3 C3D0D055 		.ascii	"\303\320\320Uf\011\316\324\200\2147i\314\335\200\214"
 8897      6609CED4 
 8897      808C3769 
 8897      CCDD808C 
 8898 04b3 63D1C52D 		.ascii	"c\321\305-\257Z)\323Yc\243}\215\351M>&/A\376\256\246"
 8898      AF5A29D3 
 8898      5963A37D 
 8898      8DE94D3E 
 8898      262F41FE 
 8899 04c9 44220312 		.ascii	"D\"\003\022\"\023Qr\20174\177x\302S\011\025yt\212\007"
 8899      22135172 
 8899      8137347F 
 8899      78C25309 
 8899      1579748A 
 8900 04de 656C400E 		.ascii	"el@\016\201vr\011\337\345\005[w\330Sk\014\363\225\016"
 8900      81767209 
 8900      DFE5055B 
 8900      77D8536B 
 8900      0CF3950E 
 8901 04f2 E7A11256 		.ascii	"\347\241\022V\232[\372\005H\325\316Aa\353\336/\241\007"
 8901      9A5BFA05 
 8901      48D5CE41 
ARM GAS  /tmp/cc0F93am.s 			page 235


 8901      61EBDE2F 
 8901      A107
 8902 0504 681DE379 		.ascii	"h\035\343y\321\334\025: . \007\013- =^|\210\247\334"
 8902      D1DC153A 
 8902      202E2007 
 8902      0B2D203D 
 8902      5E7C88A7 
 8903 0519 17AB3A0E 		.ascii	"\027\253:\016A@z\275\344\245\376a\307\332\023\232U?"
 8903      41407ABD 
 8903      E4A5FE61 
 8903      C7DA139A 
 8903      553F
 8904 052b B5B58E88 		.ascii	"\265\265\216\210M\374\030\255)y\221V\207\233\313%\345"
 8904      4DFC18AD 
 8904      29799156 
 8904      879BCB25 
 8904      E5
 8905 053c D94E1F93 		.ascii	"\331N\037\223W`~\331\353D\005\3440\224\011l<\320\031"
 8905      57607ED9 
 8905      EB4405E4 
 8905      3094096C 
 8905      3CD019
 8906 054f 5308F979 		.ascii	"S\010\371y\316\240\214+\2256\264\3622\024\002j\036\022"
 8906      CEA08C2B 
 8906      9536B4F2 
 8906      3214026A 
 8906      1E12
 8907 0561 908F05A5 		.ascii	"\220\217\005\245\207\323\221\370\011\026e\030\353|\255"
 8907      87D391F8 
 8907      09166518 
 8907      EB7CAD
 8908 0570 83C1D099 		.ascii	"\203\301\320\231\013{\017C\030\316r\306\201\316\\Q_"
 8908      0B7B0F43 
 8908      18CE72C6 
 8908      81CE5C51 
 8908      5F
 8909 0581 084BA46D 		.ascii	"\010K\244m\353\272\233\272e\355\345\332!!\253\260F\327"
 8909      EBBA9BBA 
 8909      65EDE5DA 
 8909      2121ABB0 
 8909      46D7
 8910 0593 B677AFD1 		.ascii	"\266w\257\321;\356!lx\251\244\234\373\227\312\312\252"
 8910      3BEE216C 
 8910      78A9A49C 
 8910      FB97CACA 
 8910      AA
 8911 05a4 A2ADED83 		.ascii	"\242\255\355\2035U\214\237\365P\214\003J\375\314]*\035"
 8911      35558C9F 
 8911      F5508C03 
 8911      4AFDCC5D 
 8911      2A1D
 8912 05b6 28765589 		.ascii	"(vU\211U\024\327\227\230\325X^Q\373\234I\324\325J&\222"
 8912      5514D797 
 8912      98D5585E 
 8912      51FB9C49 
 8912      D4D54A26 
 8913 05cb 23C6F28B 		.ascii	"#\306\362\213\276P\3156_\356\241f\037m\2653h\251t\""
ARM GAS  /tmp/cc0F93am.s 			page 236


 8913      BE50CD36 
 8913      5FEEA166 
 8913      1F6DB533 
 8913      68A97422 
 8914 05df FA35AB66 		.ascii	"\3725\253f\177zX\315\326\364\241f\177\212\336\347\250"
 8914      7F7A58CD 
 8914      D6F4A166 
 8914      7F8ADEE7 
 8914      A8
 8915 05f0 A6AEF756 		.ascii	"\246\256\367V\263\336Z?\311\260~\263fo<\244foX5\373"
 8915      B3DE5A3F 
 8915      C9B07EB3 
 8915      666F3CA4 
 8915      666F5835 
 8916 0605 73A8667F 		.ascii	"s\250f\177\216\250\331\267\317m\370\301\031*\307\353"
 8916      8EA8D9B7 
 8916      CF6DF8C1 
 8916      192AC7EB 
 8917 0615 5C8E37B9 		.ascii	"\\\2167\271\034\273\326\336/V\355\241\243\254\333,\240"
 8917      1CBBD6DE 
 8917      2F56EDA1 
 8917      A3ACDB2C 
 8917      A0
 8918 0626 BB5BECBC 		.ascii	"\273[\354\274\212\230\237\211Xa:\255\263\375`\313\342"
 8918      8A989F89 
 8918      58613AAD 
 8918      B3FD60CB 
 8918      E2
 8919 0637 BBD25AE8 		.ascii	"\273\322Z\350\212m\266p5M6S^\364\263|:\270|\200bu\013"
 8919      8A6DB670 
 8919      354D3653 
 8919      5EF4B37C 
 8919      3AB87C80 
 8920 064e CB07A1EE 		.ascii	"\313\007\241\356\275\325$M,\211p&\370\014sB\357'\370"
 8920      BDD5244D 
 8920      2C897026 
 8920      F80C7342 
 8920      EF27F8
 8921 0661 ED706DFE 		.ascii	"\355pm\376;\004\2760\306\304\262!\034\316\024\254]\260"
 8921      3B04BE30 
 8921      C6C4B221 
 8921      1CCE14AC 
 8921      5DB0
 8922 0673 49A91BCE 		.ascii	"I\251\033\316\032mfE\340\014\235k8\313\256VY\256\242"
 8922      1A6D6645 
 8922      E00C9D6B 
 8922      38CBAE56 
 8922      59AEA2
 8923 0686 C04E9B29 		.ascii	"\300N\233)\200\277#h\363\301\311\033v,\251\211<5\334"
 8923      80BF2368 
 8923      F3C1C91B 
 8923      762CA989 
 8923      3C35DC
 8924 0699 DC8C5878 		.ascii	"\334\214Xx\"\013\357V\302XN\247\254\275a\"}T\276\263"
 8924      220BEF56 
 8924      C2584EA7 
 8924      ACBD6122 
ARM GAS  /tmp/cc0F93am.s 			page 237


 8924      7D54BEB3 
 8925 06ad A53EC63C 		.ascii	"\245>\306<\377\0324\270c\325\223\243\352\332W\367\301"
 8925      FF1A34B8 
 8925      63D593A3 
 8925      EADA57F7 
 8925      C1
 8926 06be 8AF3F96D 		.ascii	"\212\363\371m\016\226\277\002\013\3300\255Ka\307\227"
 8926      0E96BF02 
 8926      0BD830AD 
 8926      4B61C797 
 8927 06ce CA1874F1 		.ascii	"\312\030t\361\256Y\330\270\265\350\204\025\224^3\355"
 8927      AE59D8B8 
 8927      B5E88415 
 8927      945E33ED 
 8928 06de 27852CDF 		.ascii	"'\205,\337\272\240TY\376\004\262!H\361\346/\356\251"
 8928      BAA05459 
 8928      FE04B221 
 8928      48F1E62F 
 8928      EEA9
 8929 06f0 0E01F5DF 		.ascii	"\016\001\365\337\343\304T\276\363^\372\004\003\\S\352"
 8929      E3C454BE 
 8929      F35EFA04 
 8929      035C53EA 
 8930 0700 7925C69A 		.ascii	"y%\306\232\000\216>\255D\012-\302\375\360\"<\340E@;"
 8930      008E3EAD 
 8930      440A2DC2 
 8930      FDF0223C 
 8930      E045403B 
 8931 0714 540C9C08 		.ascii	"T\014\234\010\304j\021\272e\021O\366\035\2673\214k\210"
 8931      C46A11BA 
 8931      65114FF6 
 8931      1DB7338C 
 8931      6B88
 8932 0726 54046363 		.ascii	"T\004cc\177\266\214-Xc\271;\006W\211\303k\271\307\307"
 8932      7FB68C2D 
 8932      5863B93B 
 8932      065789C3 
 8932      6BB9C7C7 
 8933 073a C6180EB6 		.ascii	"\306\030\016\2663:\330\235}\013v\236\260\202\215k\031"
 8933      333AD89D 
 8933      7D0B769E 
 8933      B0828D6B 
 8933      19
 8934 074b 8AF5BAB4 		.ascii	"\212\365\272\264\356\261Nf\256\211]B\233l\246\325\366"
 8934      EEB14E66 
 8934      AE895D42 
 8934      9B6CA6D5 
 8934      F6
 8935 075c EEA18DE9 		.ascii	"\356\241\215\351{\010\362\205\025\202\002\021\035Z\027"
 8935      7B08F285 
 8935      15820211 
 8935      1D5A17
 8936 076b 0291D6FF 		.ascii	"\002\221\326\377&\262\205a\330\371\024Y\027\333\272"
 8936      26B28561 
 8936      D8F91459 
 8936      17DBBA
 8937 077a 657B0F91 		.ascii	"e{\017\221\035\211\221\215r\216\003;\222\003\033\363"
ARM GAS  /tmp/cc0F93am.s 			page 238


 8937      1D89918D 
 8937      728E033B 
 8937      92031BF3 
 8938 078a 5DC46E11 		.ascii	"]\304n\021:\252\275\021G\265\307\334\253\267G\354\""
 8938      3AAABD11 
 8938      47B5C7DC 
 8938      ABB747EC 
 8938      22
 8939 079b EA4C76F7 		.ascii	"\352Lv\367\263\320\027\204-~\213\003\201P\2775\241b"
 8939      B3D01784 
 8939      2D7E8B03 
 8939      8150BF35 
 8939      A162
 8940 07ad FB09F5B6 		.ascii	"\373\011\365\266\2606\244\205\202\317\363\026\253f\335"
 8940      B036A485 
 8940      82CFF316 
 8940      AB66DD
 8941 07bc 08679EDF 		.ascii	"\010g\236\337\036,\016G\363\206o\004\256\244s\321f\331"
 8941      1E2C0E47 
 8941      F3866F04 
 8941      AEA473D1 
 8941      66D9
 8942 07ce 015E     		.ascii	"\001^"
 8943 07d0 CC27C7A2 		.ascii	"\314'\307\242*\334AF:\367o\226\350\277+:\261v\253\370"
 8943      2ADC4146 
 8943      3AF76F96 
 8943      E8BF2B3A 
 8943      B176ABF8 
 8944 07e4 8542D5A5 		.ascii	"\205B\325\245\221\276\3324l\003\267\262\252\225v\205"
 8944      91BEDA34 
 8944      6C03B7B2 
 8944      AA957685 
 8945 07f4 0F934562 		.ascii	"\017\223Eb4u\323\325/\220\275\307\013\362\022\325\011"
 8945      3475D3D5 
 8945      2F90BDC7 
 8945      0BF212D5 
 8945      09
 8946 0805 D471D21B 		.ascii	"\324q\322\033\352\375\272\365\337$\304\361X,0\352C\310"
 8946      EAFDBAF5 
 8946      DF24C4F1 
 8946      582C30EA 
 8946      43C8
 8947 0817 828A5F46 		.ascii	"\202\212_Fvi\207\310$|\257\332>\027r/\021\352\233i\275"
 8947      766987C8 
 8947      247CAFDA 
 8947      3E17722F 
 8947      11EA9B69 
 8948 082c 2FAA1175 		.ascii	"/\252\021u\301R\021\335\234\022\2539\011EJ\250\242R"
 8948      C15211DD 
 8948      9C12AB39 
 8948      09454AA8 
 8948      A252
 8949 083e 86E8E46E 		.ascii	"\206\350\344nDy\365(&/\301\236]M\016\"\003rl\304\332"
 8949      4479F528 
 8949      262FC19E 
 8949      5D4D0E22 
 8949      03726CC4 
ARM GAS  /tmp/cc0F93am.s 			page 239


 8950 0853 40977509 		.ascii	"@\227u\011,]\335.q]\012\363h]\022`\031\257\2130M\204"
 8950      2C5DDD2E 
 8950      715D0AF3 
 8950      685D1260 
 8950      19AF8B30 
 8951 0869 77CC74E7 		.ascii	"w\314t\347Dd\250q&\332\222\362\346\002I;Z\002t\342O"
 8951      4464A871 
 8951      26DA92F2 
 8951      E602493B 
 8951      5A0274E2 
 8952 087e 3CBC2B68 		.ascii	"<\274+hw\331C5\200|}\323W6\234\344\337\213R\370>\025"
 8952      77D94335 
 8952      807C7DD3 
 8952      57369CE4 
 8952      DF8B52F8 
 8953 0894 C23876E4 		.ascii	"\3028v\344c\345&g\331\030S\375\223\275 GT\326r\306\224"
 8953      63E52667 
 8953      D91853FD 
 8953      93BD2047 
 8953      54D672C6 
 8954 08a9 0AB33894 		.ascii	"\012\2638\224\252>\023d\374\257\202\204\322T\300\012"
 8954      AA3E1364 
 8954      FCAF8284 
 8954      D254C00A 
 8955 08b9 46D21552 		.ascii	"F\322\025RI\250\372\027\252pL@\223\0200T\376\275\273"
 8955      49A8FA17 
 8955      AA704C40 
 8955      93103054 
 8955      FEBDBB
 8956 08cc 1E61E0CA 		.ascii	"\036a\340\312(\003K\311\351\011\346\007x\244\323\277"
 8956      28034BC9 
 8956      E909E607 
 8956      78A4D3BF 
 8957 08dc 3395A4F4 		.ascii	"3\225\244\364\331^\035V1\260M\001\257\016U\326$\313"
 8957      D95E1D56 
 8957      31B04D01 
 8957      AF0E55D6 
 8957      24CB
 8958 08ee DC1475F6 		.ascii	"\334\024u\366\271\017\337:\373 \374\351[Wi\013\353\235"
 8958      B90FDF3A 
 8958      FB20FCE9 
 8958      5B57690B 
 8958      EB9D
 8959 0900 6C72FBFA 		.ascii	"lr\373\372\241w\015\353\265+\275\0013\342-\2136\331"
 8959      A1770DEB 
 8959      B52BBD01 
 8959      33E22D8B 
 8959      36D9
 8960 0912 FA1413C6 		.ascii	"\372\024\023\306)\233M@k\243\"\023\244\310\370\330\340"
 8960      299B4D40 
 8960      6BA32213 
 8960      A4C8F8D8 
 8960      E0
 8961 0923 D8E832BF 		.ascii	"\330\3502\277\034\016\324\215\257\023\373\241e8i)S\033"
 8961      1C0ED48D 
 8961      AF13FBA1 
 8961      65386929 
ARM GAS  /tmp/cc0F93am.s 			page 240


 8961      531B
 8962 0935 99A9659D 		.ascii	"\231\251e\235H\345\226\201poE.\300P3\020\251}\016\304"
 8962      48E59681 
 8962      706F452E 
 8962      C0503310 
 8962      A97D0EC4 
 8963 0949 00286764 		.ascii	"\000(gd\207B\2560\027\340Bh\001R#\277R\007\340W\344"
 8963      8742AE30 
 8963      17E04268 
 8963      015223BF 
 8963      5207E057 
 8964 095e 7A11FA18 		.ascii	"z\021\372\030\211\373\241\371\363\217\302\376\335U\013"
 8964      89FBA1F9 
 8964      F38FC2FE 
 8964      DD550B
 8965 096d 72050A93 		.ascii	"r\005\012\223\230@aj'\202\362\021f\367D\356\372\371"
 8965      9840616A 
 8965      2782F211 
 8965      66F744EE 
 8965      FAF9
 8966 097f 656AD7E3 		.ascii	"ej\327\343m\306\374\232\330nuc\017\351\016\352\342B"
 8966      6DC6FC9A 
 8966      D86E7563 
 8966      0FE90EEA 
 8966      E242
 8967 0991 1751B4B9 		.ascii	"\027Q\264\271T\212\376t\007\310mv\007\033\304\377\241"
 8967      548AFE74 
 8967      07C86D76 
 8967      071BC4FF 
 8967      A1
 8968 09a2 3BD82054 		.ascii	";\330 TwP%\376'\335\301F1\352\327\333\201\215\264AW"
 8968      775025FE 
 8968      27DDC146 
 8968      31EAD7DB 
 8968      818DB441 
 8969 09b7 09D50E6C 		.ascii	"\011\325\016l\022=\267\0038\257\332\201\315B\265\003"
 8969      123DB703 
 8969      38AFDA81 
 8969      CD42B503 
 8970 09c7 48F4D60E 		.ascii	"H\364\326\016l\021=\265\003\037\210\310v`\243\010\265"
 8970      6C113DB5 
 8970      031F88C8 
 8970      7660A308 
 8970      B5
 8971 09d8 03BBAA21 		.ascii	"\003\273\252!\364\015\033>\017\361\314\033\241\262$"
 8971      F40D1B3E 
 8971      0FF1CC1B 
 8971      A1B224
 8972 09e7 BEBEE3FA 		.ascii	"\276\276\343\372P+In\251\263\016O\312$d\363\020\207"
 8972      502B496E 
 8972      A9B30E4F 
 8972      CA2464F3 
 8972      1087
 8973 09f9 F7DD0BA5 		.ascii	"\367\335\013\245\255\341\346\2413*\017\350&\207.\032"
 8973      ADE1E6A1 
 8973      332A0FE8 
 8973      26872E1A 
ARM GAS  /tmp/cc0F93am.s 			page 241


 8974 0a09 CD14DBF7 		.ascii	"\315\024\333\367\024\335*\206\257e\350\032\321l\204"
 8974      14DD2A86 
 8974      AF65E81A 
 8974      D16C84
 8975 0a18 6B64E4BD 		.ascii	"kd\344\275\013]\343\231\273\323\321\247\3242\320\365"
 8975      0B5DE399 
 8975      BBD3D1A7 
 8975      D432D0F5 
 8976 0a28 9E752D52 		.ascii	"\236u-R\273\346\223\326D\272\3273\215\252\227t\263g"
 8976      BBE693D6 
 8976      44BAD733 
 8976      8DAA9774 
 8976      B367
 8977 0a3a 06E74844 		.ascii	"\006\347HD\257\324\303\325Eu\217\301\251\021\221\367"
 8977      AFD4C3D5 
 8977      45758FC1 
 8977      A91191F7 
 8978 0a4a 14DFF776 		.ascii	"\024\337\367vO\221`]\200]\005j\364\023\370\263!! \023"
 8978      4F91605D 
 8978      805D056A 
 8978      F413F8B3 
 8978      21212013 
 8979 0a5e 6DF89414 		.ascii	"m\370\224\024O\027f\300<\371\015$1!%\305\207\277\376"
 8979      4F1766C0 
 8979      3CF90D24 
 8979      312125C5 
 8979      87BFFE
 8980 0a71 57326665 		.ascii	"W2fed\345\314\314\315\2367\347U_V\216\357\225\027_\363"
 8980      64E5CCCC 
 8980      CD9E37E7 
 8980      555F568E 
 8980      EF95175F 
 8981 0a86 E564FBE9 		.ascii	"\345d\373\351\377\314Y\363f\317N\317\316I\361kz\306"
 8981      FFCC59F3 
 8981      66CF4ECF 
 8981      CE49F16B 
 8981      7AC6
 8982 0a98 ACBFCE1D 		.ascii	"\254\277\316\035\0245\227\362\322\323\351\223\375\251"
 8982      143597F2 
 8982      D2D3E993 
 8982      FDA9
 8983 0aa6 B37FA389 		.ascii	"\263\177\243\211Ysa\216#7#3=k^.d\3539\031\177KO\351"
 8983      5973618E 
 8983      23372333 
 8983      3D6B5E2E 
 8983      64EB3919 
 8984 0abe 053E2B07 		.ascii	"\005>+\007\207\354\334\011s2L:\345\025m\334C\330\263"
 8984      87ECDC09 
 8984      73324C3A 
 8984      E5156DDC 
 8984      43D8B3
 8985 0ad1 737D1973 		.ascii	"s}\031s\374\257\315{)\035\337\345\274\231\203\254\216"
 8985      FCAFCD7B 
 8985      291DDFE5 
 8985      BC9983AC 
 8985      8E
 8986 0ae2 592FE6A4 		.ascii	"Y/\346\244?\237\235\361\207\207\210\370\26323\263\346"
ARM GAS  /tmp/cc0F93am.s 			page 242


 8986      3F9F9DF1 
 8986      878788F8 
 8986      B33233B3 
 8986      E6
 8987 0af3 F8D2DFC8 		.ascii	"\370\322\337\310\365\375~\332T\337\224\251\323\237\233"
 8987      F5FD7EDA 
 8987      54DF94A9 
 8987      D39F9B
 8988 0b02 EE9B9295 		.ascii	"\356\233\222\225\235\356{.\204\224\231\223\2213\363"
 8988      9DEE7B2E 
 8988      84949993 
 8988      9133F3
 8989 0b11 65BF1FD1 		.ascii	"e\277\037\321&\367\21627+;7\207p\246L}\003\231\374\010"
 8989      26F78E32 
 8989      372B3B37 
 8989      8770A64C 
 8989      7D0399FC 
 8990 0b26 33F3F5A7 		.ascii	"3\363\365\2473QPf\346\274\354\235:}Z\022\23137;c|\322"
 8990      33515066 
 8990      E6BCEC9D 
 8990      3A7D5A12 
 8990      9933373B 
 8991 0b3d A8544D64 		.ascii	"\250TMdk\216\314\364\314\254\3547\265\377\000\242\267"
 8991      6B8ECCF4 
 8991      CCACEC37 
 8991      B5FF00A2 
 8991      B7
 8992 0b4e 3ADB     		.ascii	":\333"
 8993              		.text
 8994              		.section	.gnu.lto_obqObjectInit.e93b417e7755f224,"e",%progbits
 8995 0000 789CA596 		.ascii	"x\234\245\226\177PTU\024\307\357y\367\355/`w\032'\363"
 8995      7F505455 
 8995      14C7EF79 
 8995      F7ED2F60 
 8995      771A27F3 
 8996 0014 0763434D 		.ascii	"\007cCM\0169\216\260M\263\331\037\375\321\237\375\323"
 8996      0E398EB0 
 8996      4DB3D91F 
 8996      FDD19FFD 
 8996      D3
 8997 0025 1FF54F3F 		.ascii	"\037\365O?\376qdY\006F\007\220\205i\352\037/\273\264"
 8997      FE716459 
 8997      06460790 
 8997      8569EA1F 
 8997      2FBBB4
 8998 0038 A6248D3F 		.ascii	"\246$\215?\220Dp\031\010\234\242Qs\310\302HW\323\024"
 8998      90447019 
 8998      089CA251 
 8998      73C8C248 
 8998      57D314
 8999 004b 2D35D354 		.ascii	"-5\323T$@P\024\0150EAM\350\234\363\236\273\302\222c"
 8999      24405014 
 8999      0D304541 
 8999      4DE89CF3 
 8999      9EBBC292 
 9000 0060 C0B08F7B 		.ascii	"\300\260\217{\337\273\337\317\371\236s\317}\254]\200"
 9000      DFBBDFCF 
ARM GAS  /tmp/cc0F93am.s 			page 243


 9000      F99E73CF 
 9000      7DAC5D80 
 9001 0070 18491062 		.ascii	"\030I\020bD\0101\017? \005hJ\251\327m\305v\015\200G"
 9001      4408310F 
 9001      3F200568 
 9001      4AA9D76D 
 9001      C5760D80 
 9002 0085 CA0E62A5 		.ascii	"\312\016b\245\006+\3413Y!\341\300\252\336fm\3016|\242"
 9002      062BE133 
 9002      5921E1C0 
 9002      AADE666D 
 9002      C1367CA2 
 9003 0099 22152793 		.ascii	"\"\025'\223C\352\343\331a)\304f\374\030?\260\007\026"
 9003      43EAE3D9 
 9003      6129C466 
 9003      FC183FB0 
 9003      0716
 9004 00ab E0BA8E40 		.ascii	"\340\272\216@\365HR\231\014K\000\035\247\033\2176\265"
 9004      F5485299 
 9004      0C4B001D 
 9004      A71B8F36 
 9004      B5
 9005 00bc 26D05483 		.ascii	"&\320T\203\024\234^\251\371\244\301)\335 p\274\257\370"
 9005      149C5EA9 
 9005      F9A4C129 
 9005      DD2070BC 
 9005      AFF8
 9006 00ce CBE752EB 		.ascii	"\313\347R\353\225\012\250\310\245z\251^\010K\011?\202"
 9006      950AA8C8 
 9006      A57AA95E 
 9006      084B093F 
 9006      82
 9007 00df 4422B440 		.ascii	"D\"\264@2\374\000\311B\340=O\327[\002\366B**\202\353"
 9007      32FC00C9 
 9007      42E03D4F 
 9007      D75B02F6 
 9007      422A2A82 
 9008 00f4 D51E4DBE 		.ascii	"\325\036M\276\311\352=jw$\301\224\377\023\222*),u\330"
 9008      C9EA3D6A 
 9008      7724C194 
 9008      FF13922A 
 9008      292C75D8 
 9009 0108 67C85F4E 		.ascii	"g\310_N\0067\213uO?\212#,\276_zf\223C\276\303\342\372"
 9009      06378B75 
 9009      4F3F8A23 
 9009      2CBE5F7A 
 9009      669343BE 
 9010 011f 9317BB2D 		.ascii	"\223\027\273-\246\270}N\245\212\350ai\201\375q\301-"
 9010      A6B87D4E 
 9010      A58AE861 
 9010      6981FD71 
 9010      C12D
 9011 0131 9E7BA83F 		.ascii	"\236{\250?\300\372\332\3423\307\234\362}\326oh\212l"
 9011      C0FADAE2 
 9011      33C79CF2 
 9011      7DD66F68 
 9011      8A6C
ARM GAS  /tmp/cc0F93am.s 			page 244


 9012 0143 B699FAE3 		.ascii	"\266\231\372\343\003\317\324\005\325\033ai\205\237\342"
 9012      03CFD405 
 9012      D51B6169 
 9012      859FE2
 9013 0152 00564FE8 		.ascii	"\000VO\350m\001\007\031\360@m\334\344\222K\030\320\327"
 9013      6D010719 
 9013      F0406DDC 
 9013      E4924B18 
 9013      D0D7
 9014 0164 79380426 		.ascii	"y8\004&\340\240\221\274\025\016M\"\337\200\362\237Y"
 9014      E0A091BC 
 9014      150E4D22 
 9014      DF80F29F 
 9014      59
 9015 0175 DEB3E3D4 		.ascii	"\336\263\343\324V\207\\\312\362M\273O\004\037\306\037"
 9015      56875CCA 
 9015      F24DBB4F 
 9015      041FC61F 
 9016 0185 6A60B90D 		.ascii	"j`\271\015\016\307\311m\236\255(?\302\362\355\221\362"
 9016      0EC7C96D 
 9016      9EAD283F 
 9016      C2F2ED91 
 9016      F2
 9017 0196 EE4499C5 		.ascii	"\356D\231\305\362\206]\025u\016S~z\266\221\276\035Z"
 9017      F2865D15 
 9017      750E537E 
 9017      7AB691BE 
 9017      1D5A
 9018 01a8 E3F4764F 		.ascii	"\343\364vO#\352\217B\252 U\3677\243\345N\253nn9\034"
 9018      23EA8F42 
 9018      AA2055F7 
 9018      37A3E54E 
 9018      AB6E6E39 
 9019 01bd 032B3691 		.ascii	"\003+6\221\020;NY\"jtl\025&2\247\255;1\031P\350\320"
 9019      103B4E59 
 9019      226A746C 
 9019      152632A7 
 9019      AD3B3119 
 9020 01d4 F09220E9 		.ascii	"\360\222 \351\242S\031-@;h\003\332\012\007PB\211@eu"
 9020      A253192D 
 9020      403B6803 
 9020      DA0A0750 
 9020      42894065 
 9021 01e9 01D56626 		.ascii	"\001\325f&\220\307Y`D*\225\202\232L\007\025\021\342"
 9021      90C75960 
 9021      442A9582 
 9021      9A4C0715 
 9021      11E2
 9022 01fb 53A91993 		.ascii	"S\251\031\223 NzA\325\356\370Nrd\034?\0377\250\375v"
 9022      204E7A41 
 9022      D5EEF84E 
 9022      72641C3F 
 9022      1F37A8FD 
 9023 0210 310FAF41 		.ascii	"1\017\257A`\343\032\240a\265\004t^\026\034\354\260S"
 9023      60E31AA0 
 9023      61B50474 
 9023      5E161CEC 
ARM GAS  /tmp/cc0F93am.s 			page 245


 9023      B053
 9024 0222 134A4E3F 		.ascii	"\023JN?\322\266\363\274\253\036\352\212\221\\\363\025"
 9024      D2B6F3BC 
 9024      AB1EEA8A 
 9024      915CF315 
 9025 0232 594DACC6 		.ascii	"YM\254\306\355\377\205\222\306\307\305\341\316\357\255"
 9025      EDFF8592 
 9025      C6C7C5E1 
 9025      CEEFAD
 9026 0241 EEED1437 		.ascii	"\356\355\0247%,\223\340W\250\207\3179g|\330\322yi\227"
 9026      252C93E0 
 9026      57A887CF 
 9026      39677CD8 
 9026      D2796997 
 9027 0255 560201D6 		.ascii	"V\002\001\326\2720S8\016n\254\306\011(\001\264\020H"
 9027      BA305338 
 9027      0E6EACC6 
 9027      092801B4 
 9027      1048
 9028 0267 A1A8B8AE 		.ascii	"\241\250\270\256}K\307\250C.\343xu_W]u\231\345\036\253"
 9028      7D4BC7A8 
 9028      432EE378 
 9028      755F575D 
 9028      7599E51E 
 9029 027c 7EED424F 		.ascii	"~\355BOx\255\252\321H{\222J\016\321\222\303o\220\212"
 9029      78ADAAD1 
 9029      487B924A 
 9029      0ED192C3 
 9029      6F908A
 9030 028f B73DFBDF 		.ascii	"\267=\373\337\345M^w#\344\234_\3072<q\015AuD\351Q\225"
 9030      E54D5E77 
 9030      23E49C5F 
 9030      C7323C71 
 9030      0D417544 
 9031 02a6 18A7E21D 		.ascii	"\030\247\342\0359\005\3631_*D\317X\331\350\235.-\272"
 9031      3905F331 
 9031      5F2A44CF 
 9031      58D9E89D 
 9031      2E2DBA
 9032 02b9 6925944C 		.ascii	"i%\224LWi\277S\322\"\336;\214\213\222\337\215\302u?"
 9032      5769BF53 
 9032      D222DE3B 
 9032      8C8B92DF 
 9032      8DC2753F 
 9033 02cd 285BFF81 		.ascii	"([\377\201`\377\023\015\0177\246\364\015\365)5#\032"
 9033      60FF130D 
 9033      0F37A6F4 
 9033      0DF52935 
 9033      231A
 9034 02df 598B453E 		.ascii	"Y\213E>m\370\035\210\363Ki\006K1\315\300S\2239>m:>\023"
 9034      6DF81D88 
 9034      F34B6906 
 9034      4B31CDC0 
 9034      5393393E 
 9035 02f7 737CB77C 		.ascii	"s|\267|\347\334\011~\307\312f\264{i\015\373\304\300"
 9035      E7DC097E 
 9035      C7CA66B4 
ARM GAS  /tmp/cc0F93am.s 			page 246


 9035      7B690DFB 
 9035      C4C0
 9036 0309 A8F8C334 		.ascii	"\250\370\3034|\267\274i\356\344\206\007\233_,\015V\216"
 9036      7CB7BC69 
 9036      EEE48607 
 9036      9B5F2C0D 
 9036      568E
 9037 031b ABB08C45 		.ascii	"\253\260\214E>k8\336\373\336D\307\224\347\271\253J\255"
 9037      3E6B38DE 
 9037      FBDE44C7 
 9037      94E7B9AB 
 9037      4AAD
 9038 032d 573099E3 		.ascii	"W0\231\343\263\246\343s1\307\267\253\2062&8\276_\376"
 9038      B3A6E373 
 9038      31C7B7AB 
 9038      86322638 
 9038      BE5FFE
 9039 0340 749F95D6 		.ascii	"t\237\225\326\260Q\014\214\212\363\246\343\333U#\031"
 9039      B0510C8C 
 9039      8AF3A6E3 
 9039      DB552319 
 9040 0350 E34E9184 		.ascii	"\343N\221\2046|\364\350\311\242\265\306M\270`\264qe"
 9040      367CF4E8 
 9040      C9A2B5C6 
 9040      4DB860B4 
 9040      7165
 9041 0362 EB3C1A3E 		.ascii	"\353<\032>\332\303\216q=\214f\223\250y\333\343\233\267"
 9041      DAC38E71 
 9041      3D8C6693 
 9041      A879DBE3 
 9041      9BB7
 9042 0374 666E583A 		.ascii	"fnX:\341O\356^0|@\007\270M\373\265\303\207^\212\217"
 9042      E14FEE5E 
 9042      307C4007 
 9042      B84DFBB5 
 9042      C3875E8A 
 9043 0389 F2C4D84E 		.ascii	"\362\304\330N\306j&\266\353!6\200%hj\003\256\023oO\027"
 9043      C66A26B6 
 9043      EB213680 
 9043      25686A03 
 9043      AE136F4F 
 9044 039e 77166F22 		.ascii	"w\026o\"OW\367;\251\373\270\015\331Fs\364\310V\266."
 9044      4F57F73B 
 9044      A9FBB80D 
 9044      D94673F4 
 9044      C856B62E 
 9045 03b2 340FCFB8 		.ascii	"4\017\317\270\003\372\354c\217\247\016\027\331\011\235"
 9045      03FAEC63 
 9045      8FA70E17 
 9045      D9099D
 9046 03c1 4FE8261B 		.ascii	"O\350&\0336\306\3563\337\023\327\340\300\023r\253\327"
 9046      36C6EE33 
 9046      DF13D7E0 
 9046      C01372AB 
 9046      D7
 9047 03d2 6EE995C8 		.ascii	"n\351\225\310-)&\256\013z\230\253\023\367\022q\035\314"
 9047      2D2926AE 
ARM GAS  /tmp/cc0F93am.s 			page 247


 9047      0B7A98AB 
 9047      13F71271 
 9047      1DCC
 9048 03e4 ED8972A7 		.ascii	"\355\211r\247\346\327\002\227\231k!n/q\023\231{e\332"
 9048      E6D70297 
 9048      996B216E 
 9048      2F711399 
 9048      7B65DA
 9049 03f7 DC2BCCB5 		.ascii	"\334+\314\265\022\367j\214{=\312\015V\2056;\214w\242"
 9049      12F76A8C 
 9049      7B3DCA0D 
 9049      5685363B 
 9049      8C77A2
 9050 040a 562D5DF4 		.ascii	"V-]\364o\340\362\272\012\027\265\224\025t\350C,.\332"
 9050      6FE0F2BA 
 9050      0A17B594 
 9050      1574E843 
 9050      2C2EDA
 9051 041d 196A751A 		.ascii	"\031ju\032\213$\257s\320\315]\241\3256\343\246^M&$\331"
 9051      8B24AF73 
 9051      D0CD5DA1 
 9051      D536E3A6 
 9051      5E4D2624 
 9052 0432 EC58D36C 		.ascii	"\354X\323l\231\212\317k\354\323F>\257\223O\235}\016"
 9052      998ACF6B 
 9052      ECD3463E 
 9052      AF934F9D 
 9052      7D0E
 9053 0444 C6F29F1A 		.ascii	"\306\362\237\032\330\012\1771\330N\340~\002k\014\276"
 9053      D80A7F31 
 9053      D84EE07E 
 9053      026B0CBE 
 9054 0454 35CDC25A 		.ascii	"5\315\302Za\200\271\016\342\016\306\032ax\332\033v\203"
 9054      6180B90E 
 9054      E20EC61A 
 9054      6178DA1B 
 9054      7683
 9055 0466 B909C4FD 		.ascii	"\271\011\304\375;\266a\367c\334\233G\246\304\275\311"
 9055      3BB661F7 
 9055      63DC9B47 
 9055      A6C4BDC9 
 9056 0476 DC44E2DE 		.ascii	"\334D\342\336\002\367\243\257\016\013\036\314!TQ\234"
 9056      02F7A3AF 
 9056      0E0B1ECC 
 9056      2154519C 
 9057 0486 B169C7B9 		.ascii	"\261i\307\271\315q\222(\316\035pG\301u-\323+\214\015"
 9057      CD719228 
 9057      CE1D7047 
 9057      C1752DD3 
 9057      2B8C0D
 9058 0499 8619EC24 		.ascii	"\206\031\354$\360\010\025f&s\267\375on\270\361\213\316"
 9058      F0081566 
 9058      2673B7FD 
 9058      6F6EB8F1 
 9058      8BCE
 9059 04ab A428D70E 		.ascii	"\244(\327\016w\231\353\"\356=\342\316\022\003\020\250"
 9059      7799EB22 
ARM GAS  /tmp/cc0F93am.s 			page 248


 9059      EE3DE2CE 
 9059      120310A8 
 9060 04bb 696CE16F 		.ascii	"il\341o\012\374\035\266T\202\361u#\020\241\351\242\264"
 9060      0AFC1DB6 
 9060      5482F175 
 9060      2310A1E9 
 9060      A2B4
 9061 04cd B474FCF5 		.ascii	"\264t\374\365f\347d\344\344\371\227\024\026\024\345"
 9061      66E764E4 
 9061      E4F99714 
 9061      1614E5
 9062 04dc 2E4BCFF3 		.ascii	".K\317\363\247g/]\236\356/\360\322\337%\031EYY\276\002"
 9062      A7672F5D 
 9062      9EEE2FF0 
 9062      D2DF2519 
 9062      455959BE 
 9063 04f1 7F9A57E8 		.ascii	"\177\232W\350y\031+\362g\215\273\227\226\271\330\367"
 9063      79192BF2 
 9063      678DBB97 
 9063      96B9D8F7 
 9064 0501 AAD79DF5 		.ascii	"\252\327\235\365\212p\370\213\374\371\276\334L_\246"
 9064      8A70F88B 
 9064      FCF9BEDC 
 9064      4C5FA6
 9065 0510 9691AFFB 		.ascii	"\226\221\257\373s>\362A\256\236\227\233\365\241\276"
 9065      733EF241 
 9065      AE9E979B 
 9065      F5A1BE
 9066 051f 3C277799 		.ascii	"<'w\231,\\\221\237\366\230`y~\274\024\024.\312\3151"
 9066      2C5C919F 
 9066      F6986079 
 9066      7EBC1414 
 9066      2ECACD31 
 9067 0533 C669D9E2 		.ascii	"\306i\331\342\277\226\027\024\246\347\344z\227\027e"
 9067      BF961714 
 9067      A6E7E47A 
 9067      971765
 9068 0542 FAF05961 		.ascii	"\372\360Yav\201oi\246\037\227/|\222\345~ov&\256\375"
 9068      76816F69 
 9068      A61F972F 
 9068      7C92E57E 
 9068      6F7626AE 
 9069 0557 17B569EE 		.ascii	"\027\265i\356\353"
 9069      EB
 9070              		.text
 9071              		.section	.gnu.lto_obqResetI.e93b417e7755f224,"e",%progbits
 9072 0000 789CA594 		.ascii	"x\234\245\224\313OSA\024\306\347\273so)\362p\251\211"
 9072      CB4F5341 
 9072      14C6E7BB 
 9072      736F29F2 
 9072      70A989
 9073 0013 91602221 		.ascii	"\221`\"!\306\320v\203\217\235\377\200\013W\3564\202"
 9073      C6D07683 
 9073      8F9DFF80 
 9073      0B57EE34 
 9073      82
 9074 0024 22C40748 		.ascii	"\"\304\007Ha\343B\247\005\237X\214\211/T,\221\0244!"
ARM GAS  /tmp/cc0F93am.s 			page 249


 9074      61E342A7 
 9074      059F588C 
 9074      892F542C 
 9074      91143421 
 9075 0038 E22B1104 		.ascii	"\342+\021\004\244\242( \276\237 \002\001\203\306\370"
 9075      A4A22820 
 9075      BE9F2002 
 9075      0183C6F8 
 9076 0048 20EA8240 		.ascii	" \352\202@\202\2363\267)\264\013\343\243i\247gf\356"
 9076      829E33B7 
 9076      29B40BE3 
 9076      A369A767 
 9076      66EE
 9077 005a F9CD77EE 		.ascii	"\371\315w\356\231s\234\002\342\201%D\231\020b!\375 "
 9077      99739C02 
 9077      E2812544 
 9077      99106221 
 9077      FD20
 9078 006c 050CA5D4 		.ascii	"\005\014\245\324\252\004\237\323\000\264\245\234\020"
 9078      AA049FD3 
 9078      00B4A59C 
 9078      10
 9079 0079 BB0DECC6 		.ascii	"\273\015\354\306ayB\242c\337X\263\261\244\236vT\370"
 9079      617942A2 
 9079      63DF58B3 
 9079      B1A49E76 
 9079      54F8
 9080 008b C4CDB4BD 		.ascii	"\304\315\264\275j\317\374\240\024\242\212~\366\0077"
 9080      6ACFFCA0 
 9080      14A28A7E 
 9080      F60737
 9081 009a B0849E1B 		.ascii	"\260\204\236\033\364WO$W\312\240\004L\232\036\355\271"
 9081      F4574F24 
 9081      57CAA004 
 9081      4C9A1EED 
 9081      B9
 9082 00ab D63D87A7 		.ascii	"\326=\207\247\006\322i\372\276f\177]\212\364@\220\335"
 9082      06D269FA 
 9082      BE667F5D 
 9082      8AF44090 
 9082      DD
 9083 00bc EEBBB028 		.ascii	"\356\273\260(3\244\224_\205\357\204\244Z\034\224\022"
 9083      33A4945F 
 9083      85EF84A4 
 9083      5A1C9412 
 9084 00cc 6D904444 		.ascii	"m\220DD+\026\240\005\013\204\240\265\354\3165\0027\221"
 9084      2B16A005 
 9084      0B84A0B5 
 9084      ECCE3502 
 9084      3791
 9085 00de 29D867E4 		.ascii	")\330g\344\362\364\261\024\207\0319\026\355pP B4>\265"
 9085      F2F4B114 
 9085      87193916 
 9085      ED705020 
 9085      42343EB5 
 9086 00f2 C26AFAE7 		.ascii	"\302j\372\347>\025\376\021\302\367u\311 G\323\240\301"
 9086      3E15FE11 
ARM GAS  /tmp/cc0F93am.s 			page 250


 9086      C2F775C9 
 9086      2047D3A0 
 9086      C1
 9087 0103 9234382C 		.ascii	"\22248,\330\200\012)X\277\011\025\026\342\2204\354I"
 9087      D8800A29 
 9087      58BF0915 
 9087      16E29034 
 9087      EC49
 9088 0115 194DC6A0 		.ascii	"\031M\306\240\316\325\267\2715\220\355\3066\251\355"
 9088      CED5B7B9 
 9088      3590EDC6 
 9088      36A9ED
 9089 0124 8FF0B776 		.ascii	"\217\360\267vg\261Y-A\347W\226}\035tr8R\207\020\356"
 9089      67B1592D 
 9089      41E75796 
 9089      7D1D7472 
 9089      38528710 
 9090 0139 BFD4971A 		.ascii	"\277\324\227\032B\255\217@\351A\231P--\204Y7\355\371"
 9090      42AD8F40 
 9090      E9419950 
 9090      2D2D8459 
 9090      37EDF9
 9091 014c 82434D0E 		.ascii	"\202CM\016\317Eeo9q\013!\234\264ew\300C\344\216\301"
 9091      CF45656F 
 9091      39710B21 
 9091      9CB46577 
 9091      C043E48E 
 9092 0161 83CD16A3 		.ascii	"\203\315\026\243\343@5iq\244\352\300\3511I\244r\037"
 9092      E3403569 
 9092      71A4EAC0 
 9092      E93149A4 
 9092      721F
 9093 0173 9312715B 		.ascii	"\223\022q[\2238n\334\201\207\204i\311WgK^iK6\376J\243"
 9093      93386EDC 
 9093      81878469 
 9093      C957674B 
 9093      5E694B36 
 9094 018a 854E4D36 		.ascii	"\205NM6\230|Wk\364\377\251\306x\322=M\342p\321\305\032"
 9094      987C576B 
 9094      F4FFA9C6 
 9094      78D23D4D 
 9094      E270D1C5 
 9095 019f 0DADF1FA 		.ascii	"\015\255\361\372\214\306\177\005wk\260\311\340\236\031"
 9095      8CC67F05 
 9095      776BB0C9 
 9095      E09E19
 9096 01ae 70CB0CF8 		.ascii	"p\313\014\370[\327\322\177\341\336\327\\\213\271\275"
 9096      5BD7D27F 
 9096      E1DED75C 
 9096      8BB9BD
 9097 01bd F0CC4EB5 		.ascii	"\360\314N\265\005\201\007\344\305\347\264\377\3679\017"
 9097      058107E4 
 9097      C5E7B4FF 
 9097      F7390F
 9098 01cc F5390E3E 		.ascii	"\3659\016>\347\021<Q\360\350\014\370\350A\330\331\223"
 9098      E7113C51 
 9098      F0E80CF8 
ARM GAS  /tmp/cc0F93am.s 			page 251


 9098      E841D8D9 
 9098      93
 9099 01dd F1EC49BE 		.ascii	"\361\354I\276\327\277\241\317\301cMO\020z\263u\350\335"
 9099      D7BFA1CF 
 9099      C1634D4F 
 9099      107AB375 
 9099      E8DD
 9100 01ef 15A31C7E 		.ascii	"\025\243\034~\355\233Ju\200'\224T\201\247(\347+\343"
 9100      ED9B4A75 
 9100      80279454 
 9100      81A728E7 
 9100      2BE3
 9101 0201 4F8FE81F 		.ascii	"O\217\350\0378=8\235(W\353\033]\333p\346Cj\244*\037"
 9101      383D389D 
 9101      2857EB1B 
 9101      5DDB70E6 
 9101      436AA42A 
 9102 0216 9D5AF171 		.ascii	"\235Z\361q\364l@\325\030\354\373\214K\023\321\322\304"
 9102      F46C40D5 
 9102      18ECFB8C 
 9102      4B13D1D2 
 9102      C4
 9103 0227 7364D272 		.ascii	"sd\322rv\373Zv;~d|oJF\255v\243\356PW\246\272\224\031"
 9103      76FB5A76 
 9103      3B7E647C 
 9103      6F4A46AD 
 9103      76A3EE50 
 9104 0240 F512315E 		.ascii	"\365\0221^\272\004^ \203\002d\0255\221\320\211\322{"
 9104      BA045E20 
 9104      83026415 
 9104      3591D089 
 9104      D27B
 9105 0252 A9F99529 		.ascii	"\251\371\225)\025\264\222\211\251\241\317&+Q\266\222"
 9105      15B49289 
 9105      A9A1CF26 
 9105      2B51B692 
 9106 0262 DBA38F7D 		.ascii	"\333\243\217}\334$\222\3602N\311+V\222\224\335\253\225"
 9106      DC2492F0 
 9106      324EC92B 
 9106      569294DD 
 9106      AB95
 9107 0274 4C05FA46 		.ascii	"L\005\372F\022X\211\212Q\022\361\0221^Z\311kd\220\333"
 9107      1258898A 
 9107      5112F112 
 9107      315E5AC9 
 9107      6B6490DB 
 9108 0288 91867E17 		.ascii	"\221\206~\027';\031\273\320g\347d\264>009lD\273N93\207"
 9108      273B19BB 
 9108      D067E764 
 9108      B43E3030 
 9108      396C44BB 
 9109 02a0 2B9AE64A 		.ascii	"+\232\346J\366\341\010t\003\252\342JD\277\3358FB\201"
 9109      F6E10874 
 9109      03AAE24A 
 9109      44BFDD38 
 9109      464281
 9110 02b3 F19D317D 		.ascii	"\361\2351}\012xC[\263{\027?k/b\200\306O\330\223\256"
ARM GAS  /tmp/cc0F93am.s 			page 252


 9110      0A78435B 
 9110      B37B173F 
 9110      6B2F6280 
 9110      C64FD893 
 9111 02c8 0DAEF4F3 		.ascii	"\015\256\364\363\275?\0239c\316\240L\251\242\236\311"
 9111      BD3F1339 
 9111      63CEA04C 
 9111      A9A29EC9 
 9112 02d8 58BCE57C 		.ascii	"X\274\345|\321\333baA\231\312/m\370@\323\\>\\\253\210"
 9112      D1DB6261 
 9112      4199CA2F 
 9112      6DF840D3 
 9112      5C3E5CAB 
 9113 02ed E6927509 		.ascii	"\346\222u\011\361\205\336\351\3736}\207tc\256\220\260"
 9113      F185DEE9 
 9113      FB367D87 
 9113      7463AE90 
 9113      B0
 9114 02fe 1B9D3FCC 		.ascii	"\033\235?\314\323,\227\313M\337\334\374\202\234\202"
 9114      D32C97CB 
 9114      4DDFDCFC 
 9114      829C82
 9115 030d 42EFFA92 		.ascii	"B\357\372\222\342\322\355[\334\205^w\376\206\255noq"
 9115      E2D2ED5B 
 9115      DC855E77 
 9115      FE86AD6E 
 9115      6F71
 9116 031f 2EFFAFCF 		.ascii	".\377\257\317)\315\313\333T\354u\345\012\2630gG\321"
 9116      29CDCBDB 
 9116      54EC75E5 
 9116      0AB33067 
 9116      47D1
 9117 0331 BC9835D7 		.ascii	"\274\2305\327\306\345\233V\344z\362\226\011Y\262\243"
 9117      C6E59B56 
 9117      E47AF296 
 9117      0959B2A3 
 9118 0341 C8F51B5C 		.ascii	"\310\365\033\\\241\227\206\342\222\254\355\005\266\355"
 9118      A19786E2 
 9118      92ACED05 
 9118      B6ED
 9119 034f CA17729B 		.ascii	"\312\027r\233w\363/\203\204\017\251"
 9119      77F32F83 
 9119      840FA9
 9120              		.text
 9121              		.section	.gnu.lto_obqGetFullBufferI.e93b417e7755f224,"e",%progbits
 9122 0000 789C9553 		.ascii	"x\234\225S\315O\023A\024\2377ov\267-\224\213\007Mz\020"
 9122      CD4F1341 
 9122      149F376F 
 9122      76B72D94 
 9122      8B074D7A 
 9123 0015 1313821F 		.ascii	"\023\023\202\037m\017\240\3364\341\342\305\203\376\003"
 9123      6D0FA0DE 
 9123      34E1E2C5 
 9123      83FE03
 9124 0024 442A0422 		.ascii	"D*\004\"\021\244r\361\302\024\210\030\251pQ\021t-\021"
 9124      11A472F1 
 9124      C2148818 
ARM GAS  /tmp/cc0F93am.s 			page 253


 9124      A9705111 
 9124      742D11
 9125 0037 0AE1821F 		.ascii	"\012\341\202\037\345\240\200\264\200_E4\306\203F4\220"
 9125      E5A080B4 
 9125      805F4534 
 9125      C6834634 
 9125      90
 9126 0048 A0168289 		.ascii	"\240\026\202\211\030\017\212J\3207\273\265\200\232\030"
 9126      180F8A4A 
 9126      D037BBB5 
 9126      809A18
 9127 0057 37DDD937 		.ascii	"7\335\3317\357\343\367{\2777S\007\0036\217\214\035b"
 9127      EFE3F77B 
 9127      BF375307 
 9127      03368F8C 
 9127      1D62
 9128 0069 8C55D20B 		.ascii	"\214U\322\013\016\006\\J\271\317\01098\307\324d\373"
 9128      0E065C4A 
 9128      B9CF0839 
 9128      38C7D464 
 9128      FB
 9129 007a 06215DA2 		.ascii	"\006!]\242#\226\332!d6r\215b\271\312c\177\263\005h\351"
 9129      2396DA21 
 9129      6436728D 
 9129      62B9CA63 
 9129      7FB30568 
 9130 008f 6C8D1BA3 		.ascii	"l\215\033\243\263\255Y\024\323\343\346\307\002\212\351"
 9130      B3AD5914 
 9130      D3E3E6C7 
 9130      028AE9
 9131 009e 60A46306 		.ascii	"`\244c\006\200eI\007\260:\216B\323\015\250\203VlC\230"
 9131      80654907 
 9131      B03A8E42 
 9131      D30DA883 
 9131      566C4398 
 9132 00b2 AE3797B2 		.ascii	"\2567\227\262[0\202\014\004m\317M\014$]j\013\220K\333"
 9132      5B30820C 
 9132      046DCF4D 
 9132      0C245D6A 
 9132      0B904BDB 
 9133 00c6 C6E7576E 		.ascii	"\306\347Wn\213\374^)\353e\242\355\362\346\216\201\247"
 9133      8BFC5E29 
 9133      EB65A2ED 
 9133      F2E68E81 
 9133      A7
 9134 00d7 D21941CE 		.ascii	"\322\031A\316\332)}\010<0\010\036\246\036\030\206|J"
 9134      DA297D08 
 9134      3C30081E 
 9134      A61E1886 
 9134      7C4A
 9135 00e9 9FEB3CDD 		.ascii	"\237\353<\335\343F?0\262\343\241\276-yQ\253\362m\017"
 9135      E3463F30 
 9135      B2E3A1BE 
 9135      2D7951AB 
 9135      F26D0F
 9136 00fc CAAD1144 		.ascii	"\312\255\021D\270\003\270\256\222|\205m\007\031\214"
 9136      B803B8AE 
ARM GAS  /tmp/cc0F93am.s 			page 254


 9136      927C856D 
 9136      07198C
 9137 010b 401E552C 		.ascii	"@\036U,\365\017\017ix\300\252\216\205_\015:\322\345"
 9137      F50F0F69 
 9137      78C0AA8E 
 9137      855F0D3A 
 9137      D2E5
 9138 011d 2BCB9BBA 		.ascii	"+\313\233\272\033\344\376\010\012\210\377\001 \012\273"
 9138      1BE4FE08 
 9138      0A88FF01 
 9138      200ABB
 9139 012c 09200179 		.ascii	"\011 \001yL\225\315\336X9\357\326\205\352Ou5\012:\315"
 9139      4C95CDDE 
 9139      5839EFD6 
 9139      85EA4F75 
 9139      350A3ACD 
 9140 0140 97B16BCF 		.ascii	"\227\261k\317\264\204\\\371\321$\023\257\243\360\242"
 9140      B4845CF9 
 9140      D12413AF 
 9140      A3F0A2
 9141 014f 3807A890 		.ascii	"8\007\250\220s\265 -\232\240E\327\224\245\323b\030*"
 9141      73B5202D 
 9141      9AA045D7 
 9141      94A5D362 
 9141      182A
 9142 0161 E002D555 		.ascii	"\340\002\325U\026(h\267r0\326\214\214\246(\005\310\004"
 9142      162868B7 
 9142      7230D68C 
 9142      8CA62805 
 9142      C804
 9143 0173 6361E4F6 		.ascii	"ca\344\366&D\233\024\310\253s#>\213O\331\213#h\331\013"
 9143      26449B14 
 9143      C8AB7323 
 9143      3E8B4FD9 
 9143      8B2368D9 
 9144 0188 503F9C34 		.ascii	"P?\2344\224i\"P{-\015\213\323\0165]\264D&\246\256\277"
 9144      94692250 
 9144      7B2D0D8B 
 9144      D30E355D 
 9144      B44426A6 
 9145 019e CC894257 		.ascii	"\314\211BWH\035f\004\035&\272`L\311\242X(2sK\367\367"
 9145      481D6604 
 9145      1D26BA60 
 9145      4CC9A258 
 9145      2832734B 
 9146 01b4 4B3BC461 		.ascii	"K;\304a\034\242p\321Vu\027\374\026\262\323\006\346\377"
 9146      1CA270D1 
 9146      567517FC 
 9146      16B2D306 
 9146      E6FF
 9147 01c6 8974CF42 		.ascii	"\211t\317BRc\201\373\204\364\016\032g\212\322-\232J"
 9147      526381FB 
 9147      84F40E1A 
 9147      678AD22D 
 9147      9A4A
 9148 01d8 2653E230 		.ascii	"&S\3420FW\017\2248X\200\261_T\370\017*\363\354\245\024"
 9148      46570F94 
ARM GAS  /tmp/cc0F93am.s 			page 255


 9148      385880B1 
 9148      5F54F80F 
 9148      2AF3ECA5 
 9149 01ed 12556348 		.ascii	"\022UcH\205\234\360\300\242R\230\360\320\246\232/ZE"
 9149      859CF0C0 
 9149      A25298F0 
 9149      D0A69A2F 
 9149      5A45
 9150 01ff CA4CC309 		.ascii	"\312L\303\011\014\222\351\233\324\214b~\262=\206\212"
 9150      0C92E99B 
 9150      D48C627E 
 9150      B23D868A 
 9151 020f 5A8451CB 		.ascii	"Z\204Q\313\014Y'\311\313M`\227\013\023u\013n\274 \355"
 9151      0C5927C9 
 9151      CB4D6097 
 9151      0B13750B 
 9151      6EBC20ED 
 9152 0223 588BA713 		.ascii	"X\213\247\023\336\204\215\367\031t\330\356\301O\000"
 9152      DE848DF7 
 9152      1974D8EE 
 9152      C14F00
 9153 0232 DB3C8293 		.ascii	"\333<\202\2230}\351}\250\0273\247\326\025\317\234\324"
 9153      307DE97D 
 9153      A81733A7 
 9153      D615CF9C 
 9153      D4
 9154 0243 85E624DA 		.ascii	"\205\346$\332`\332Z0\361\267\243r\321\244\340\221\242"
 9154      60DA5A30 
 9154      F1B7A372 
 9154      D1A4E091 
 9154      A2
 9155 0254 8049D2A8 		.ascii	"\200I\322\250\312\247\317\364Y\345\277%w\346X\331Y\351"
 9155      CAA7CFF4 
 9155      59E5BF25 
 9155      77E658D9 
 9155      59E9
 9156 0266 ECC7944D 		.ascii	"\354\307\224M\004\026w\337\3364u\303\315S_5\233\332"
 9156      041677DF 
 9156      DE3475C3 
 9156      CD535F35 
 9156      9BDA
 9157 0278 AD80ED7F 		.ascii	"\255\200\355\177U\030\215\325\033\366\00183\321\260"
 9157      55188DD5 
 9157      1BF60138 
 9157      33D1B0
 9158 0287 14196BDB 		.ascii	"\024\031k\333\343\244\365\011x\264\216/o\010\330\255"
 9158      E3A4F509 
 9158      78B48E2F 
 9158      6F08D8AD 
 9159 0297 4F7DFBCE 		.ascii	"O}\373\316i\210\260zS\031\333\351\365\372\350\027(\257"
 9159      6988B07A 
 9159      5319DBE9 
 9159      F5FAE817 
 9159      28AF
 9160 02a9 28A9A80A 		.ascii	"(\251\250\012\026\237\250\251=v\324W\025\364\225\037"
 9160      169FA8A9 
 9160      3D76D457 
ARM GAS  /tmp/cc0F93am.s 			page 256


 9160      15F4951F 
 9161 02b9 AEF4056B 		.ascii	"\256\364\005k\002\352[\\R[VVZ\023\364\006\230\250*9"
 9161      02EA5B5C 
 9161      525B5656 
 9161      5A13F406 
 9161      98A82A39 
 9162 02cd 5EBD719D 		.ascii	"^\275q\235\317{dw\351\236\200\277l\027\323\202\025'"
 9162      CF7B6477 
 9162      E99E80BF 
 9162      6C17D382 
 9162      1527
 9163 02df 4BAB7F02 		.ascii	"K\253\177\002/\210e\364"
 9163      2F8865F4 
 9164              		.text
 9165              		.section	.gnu.lto_obqReleaseEmptyBufferI.e93b417e7755f224,"e",%progbits
 9166 0000 789C9554 		.ascii	"x\234\225T\337oTE\024\236\357\316\335\335\273?\332\310"
 9166      DF6F5445 
 9166      149EEFCE 
 9166      DDDDBB3F 
 9166      DAC8
 9167 0012 1326245A 		.ascii	"\023&$Z\015M\345\201\335%\261H\302\213\377\200\211>"
 9167      0D4DE581 
 9167      DD25B148 
 9167      C28BFF80 
 9167      893E
 9168 0024 F9486CA5 		.ascii	"\371Hl\245\266Q)t\313\213/\314\376\240P\312bHP\\a\263"
 9168      B6512974 
 9168      CB8B2FCC 
 9168      FEA050CA 
 9168      6248505C 
 9169 003a 0D4D5B9B 		.ascii	"\015M[\233\030\300\252(Z\355ZV\241X\005\021\205\326"
 9169      18C0AA28 
 9169      5AED5A56 
 9169      A1580511 
 9169      85D6
 9170 004c BA6D5A2D 		.ascii	"\272mZ-\376\240\342cC\223\326sf\256\273l%\255\334\354"
 9170      FEA0E263 
 9170      4393D673 
 9170      66AEBB6C 
 9170      25ADDCEC 
 9171 0060 CE3D73E7 		.ascii	"\316=s\347\236\357|\3377w\216# \216z\205H\012!\266\323"
 9171      9EEF7CDF 
 9171      37778E23 
 9171      208E7A85 
 9171      480A21B6 
 9172 0075 1F1E014B 		.ascii	"\037\036\001K)\365\264/\356X\226\244\250\306V\001\333"
 9172      29F5B42F 
 9172      EE5896A4 
 9172      A8C65601 
 9172      DB
 9173 0086 DC4312B6 		.ascii	"\334C\022\266\273f\003:R\016\304>K\332\330\207\327\345"
 9173      BB66033A 
 9173      520EC43E 
 9173      4BDAD887 
 9173      D7E5
 9174 0098 71899103 		.ascii	"q\211\221\003s\347\255M\375\264\246\362\307\027\036"
 9174      73E7AD4D 
ARM GAS  /tmp/cc0F93am.s 			page 257


 9174      FDB4A6F2 
 9174      C7171E
 9175 00a7 ED50FB1F 		.ascii	"\355P\373\037\316I!2\3647\027>\301&z\257\230\310.\204"
 9175      CE492132 
 9175      F437173E 
 9175      C1267AAF 
 9175      98C82E84 
 9176 00bb 8EC89C04 		.ascii	"\216\310\234\004l\232\036\273\374\301h\200\247\026j"
 9176      6C9A1EBB 
 9176      FCC16880 
 9176      A7166A
 9177 00ca 687AABFB 		.ascii	"hz\253\373`_\225\214BP<\034\037x\254\256W\251\204\312"
 9177      605F958C 
 9177      42503C1C 
 9177      1F78ACAE 
 9177      57A984CA 
 9178 00de DFEE936A 		.ascii	"\337\356\223jcNJ|\006I\210\030\302\006|\212\015B\320"
 9178      634E4A7C 
 9178      06498818 
 9178      C2067C8A 
 9178      0D42D0
 9179 00f1 B3FA8967 		.ascii	"\263\372\211g\005>G\235\340\234\231\367\226\336\250"
 9179      053E479D 
 9179      E09C99F7 
 9179      96DEA8
 9180 0100 F2DA6E59 		.ascii	"\362\332nY\014\303K2\2058s\315\223WK\313\007T~\262\037"
 9180      0CC34B32 
 9180      853873CD 
 9180      93574BCB 
 9180      07547EB2 
 9181 0115 1FCE380F 		.ascii	"\037\3168\017\001\234\342\241|\333\313\203\217\006\217"
 9181      019CE2A1 
 9181      7CDBCB83 
 9181      8F068F
 9182 0124 C3919FA3 		.ascii	"\303\221\237\243\000\017A\036B4\220K]R\2602\033*/\304"
 9182      000F411E 
 9182      4234904B 
 9182      5D52B032 
 9182      1B2A2FC4 
 9183 0138 61699949 		.ascii	"ai\231I\222&sP\247\026\207#\272\024\307\313\303\362"
 9183      92267350 
 9183      A7168723 
 9183      BA14C7CB 
 9183      C3F2
 9184 014a DFF8F1FF 		.ascii	"\337\370\361\377\004\247\006\012\320\361\037\030\031"
 9184      04A7060A 
 9184      D0F11F18 
 9184      19
 9185 0157 1AF57198 		.ascii	"\032\365q\230\225\036\342}$y\247\350\260\015RK\317O"
 9185      951EE27D 
 9185      2479A7E8 
 9185      B00D524B 
 9185      CF4F
 9186 0169 9C1DAFEE 		.ascii	"\234\035\257\356EO\234\355\317I_\226\334\312\263^Z\313"
 9186      454F9CED 
 9186      CF495F96 
 9186      DCCAB35E 
ARM GAS  /tmp/cc0F93am.s 			page 258


 9186      5ACB
 9187 017b A64FCCC9 		.ascii	"\246O\314\311\350i\225\212\363\222\203/\320\213\267"
 9187      E869958A 
 9187      F392832F 
 9187      D08BB7
 9188 018a 8CDC1144 		.ascii	"\214\334\021D\0119y\262#\3431\320.\372\271\316\371\001"
 9188      093979B2 
 9188      23E331D0 
 9188      2EFAB9CE 
 9188      F901
 9189 019c 3FA33BA4 		.ascii	"?\243;\244\373\002\341P\371\342!\315dE\261\356G\326"
 9189      FB02E150 
 9189      F9E221CD 
 9189      6445B1EE 
 9189      47D6
 9190 01ae A8562857 		.ascii	"\250V(W\373\022Q\252\240e\235)lqe%\206F\2370\265}k\350"
 9190      FB1251AA 
 9190      A0659D29 
 9190      6C716525 
 9190      86469F30 
 9191 01c6 88E7A63E 		.ascii	"\210\347\246>\366F\303\3441\276\322\240\274Q\270\250"
 9191      F646C3E4 
 9191      31BED2A0 
 9191      BC51B8A8 
 9192 01d6 25104AC4 		.ascii	"%\020J\304\2408\377\013\345\2642K~\\\322P\026C\215\032"
 9192      A038FF0B 
 9192      E5B4324B 
 9192      7E5CD250 
 9192      16438D1A 
 9193 01ea 37063B3A 		.ascii	"7\006;:]7\374Y\316u\030\377\376\352W\241x\271L\361k"
 9193      5D37FC59 
 9193      CE7518FF 
 9193      FEEA57A1 
 9193      78B94CF1 
 9194 01ff D6EDD7BA 		.ascii	"\326\355\327\272\337\277W\367vS%\360@\214=\030\323\310"
 9194      DFBF57F7 
 9194      765325F0 
 9194      408C3D18 
 9194      D3C8
 9195 0211 6C29BE21 		.ascii	"l)\276!\306\277\"U\274\360d\211p@\237\235\303R2\224"
 9195      C6BF2255 
 9195      BCF06489 
 9195      70409F9D 
 9195      C3523294 
 9196 0225 55FAE23E 		.ascii	"U\372\342>*<W.\274\315\274\035|\300\302\337\352\302"
 9196      2A3C572E 
 9196      BCCDBC1D 
 9196      7CC0C2DF 
 9196      EAC2
 9197 0237 3617BE62 		.ascii	"6\027\276b\\/\036\032\360\334\357\243h\022k@]-\273\363"
 9197      5C2F1E1A 
 9197      F0DCEFA3 
 9197      68126B40 
 9197      5D2DBBF3 
 9198 024b 1DBB13D4 		.ascii	"\035\273\023\324\234\355\312Sr\253l\3261c\177V\206V"
 9198      9CEDCA53 
 9198      72AB6CD6 
ARM GAS  /tmp/cc0F93am.s 			page 259


 9198      31637F56 
 9198      8656
 9199 025d 965AC2EA 		.ascii	"\226Z\302\352\265\002\270\246ky\204^\034\232\372e\320"
 9199      B502B8A6 
 9199      6B79845E 
 9199      1C9AFA65 
 9199      D0
 9200 026e 4A21A173 		.ascii	"J!\241s\253\351\250\342{\222\"p\035)P\321D\215+g\362"
 9200      ABE9A8E2 
 9200      7B922270 
 9200      1D2950D1 
 9200      448D2B67 
 9201 0283 4471C92F 		.ascii	"Dq\311/\237\321\207\253\347\335\223\277U\273\215\345"
 9201      9FD187AB 
 9201      E7DD93BF 
 9201      55BB8DE5 
 9202 0293 CADB1B7F 		.ascii	"\312\333\033\177O\346\322\252\333\342\334\037\270\273"
 9202      4FE6D2AA 
 9202      DBE2DC1F 
 9202      B8BB
 9203 02a1 A0D45DF0 		.ascii	"\240\324]\360#\352\350q\375\374\363\234\366\346\321"
 9203      23EAE871 
 9203      FDFCF39C 
 9203      F6E6D1
 9204 02b0 BF3BAA6A 		.ascii	"\277;\252j{t\0325\270\276\244\272\244\354R\226\250\310"
 9204      7B741A35 
 9204      B8BEA4BA 
 9204      A4EC5296 
 9204      A8C8
 9205 02c2 D2E7E306 		.ascii	"\322\347\343\006jI \263\350v\245\023\312\330\331\363"
 9205      6A4920B3 
 9205      E876A513 
 9205      CAD8D9F3 
 9206 02d2 376CA9A0 		.ascii	"7l\251\240\231,,N\315\333\314D\031&\263\263W\343\334"
 9206      992C2C4E 
 9206      CDDBCC44 
 9206      1926B3B3 
 9206      57E3DC
 9207 02e5 E782B8B9 		.ascii	"\347\202\270\271\202\31183\011\326\337\325L\026\323"
 9207      82C93833 
 9207      09D6DFD5 
 9207      4C16D3
 9208 02f4 E3333E66 		.ascii	"\3433>f\242*\230\270Y\242\"K3\231@-\245]\2743\177\035"
 9208      A22A98B8 
 9208      59A2224B 
 9208      3399402D 
 9208      A55DBC33 
 9209 030a DC054210 		.ascii	"\334\005B\020\370\211\326iSf\373\323\203w\247\255R\347"
 9209      F889D669 
 9209      5366FBD3 
 9209      8377A7AD 
 9209      52E7
 9210 031c 4C31E874 		.ascii	"L1\350tWf\335\026Nb\011\272\211fxo1i\232\330Lo\372\334"
 9210      5766DD16 
 9210      4E6209BA 
 9210      8966786F 
 9210      31699AD8 
ARM GAS  /tmp/cc0F93am.s 			page 260


 9211 0334 6B15BD16 		.ascii	"k\025\275\026\370\231\226\356\355\277\374\256y\210\""
 9211      F89996EE 
 9211      EDBFFCAE 
 9211      798822
 9212 0343 8DB7B1BF 		.ascii	"\215\267\261\277F\007\334Q\336\031[\366\363\22699Y\225"
 9212      4607DC51 
 9212      DE195BF6 
 9212      F3963939 
 9212      5995
 9213 0355 A1BECFB0 		.ascii	"\241\276\317\260\230\342\015#\273\230XNV\263k\323\235"
 9213      98E20D23 
 9213      BB98584E 
 9213      56B36BD3 
 9213      9D
 9214 0366 19ED9A66 		.ascii	"\031\355\232fQ\332L\346%\304_d\352\237\205u\372{\342"
 9214      51DA4CE6 
 9214      25C45F64 
 9214      EA9F8575 
 9214      FA7BE2
 9215 0379 AB4BC27C 		.ascii	"\253K\302|l\211<O7\207\303\021\37256\2674\264\264\306"
 9215      6C893C4F 
 9215      3787C311 
 9215      FA3536B7 
 9215      34B4B4C6 
 9216 038d 76B4B7ED 		.ascii	"v\264\267\355\335\365r\2445\026i~\341\225H\254\255\221"
 9216      DDF572A4 
 9216      3516697E 
 9216      E19548AC 
 9216      AD91
 9217 039f EF3B1AF6 		.ascii	"\357;\032\36665\355l\213\205\033\205\335\332\260g\367"
 9217      3635ED6C 
 9217      8B851B85 
 9217      DDDAB067 
 9217      F7
 9218 03b0 FA8A67E1 		.ascii	"\372\212g\341\027\237\332\271\2551\332\264U\310\366"
 9218      179FDAB9 
 9218      AD31DAB4 
 9218      55C8F6
 9219 03bf 3DBBC3AB 		.ascii	"=\273\303\253\300\265\306hhk\337\274\253\305\304\341"
 9219      C0B5C668 
 9219      686BDFBC 
 9219      ABC5C4E1 
 9220 03cf 66215F8D 		.ascii	"f!_\215\275\364\017\270\001J\024"
 9220      BDF40FB8 
 9220      014A14
 9221              		.text
 9222              		.section	.gnu.lto_obqGetEmptyBufferTimeoutS.e93b417e7755f224,"e",%progbits
 9223 0000 789C8555 		.ascii	"x\234\205U\335O\\U\020?s\347\336\335{\327]\210\276\230"
 9223      DD4F5C55 
 9223      103F73E7 
 9223      DEDD7BD7 
 9223      5D88BE98 
 9224 0014 483418C5 		.ascii	"H4\030\305\246\215]\350\003\325\027\223\376\003\206"
 9224      A68D5DE8 
 9224      03D51793 
 9224      FE0386
 9225 0023 F860A24F 		.ascii	"\370`\242OU(\010jKa\341\325\336]V\213\362\321\324`\351"
ARM GAS  /tmp/cc0F93am.s 			page 261


 9225      5528086A 
 9225      4B61E1D5 
 9225      DE5D568B 
 9225      F2D1D460 
 9226 0038 829BDD82 		.ascii	"\202\233\335\202|\030\215b\341A[,k\301\352\342\265`"
 9226      7C188D62 
 9226      E1415B2C 
 9226      6BC1EAE2 
 9226      B560
 9227 004a ADB45B1A 		.ascii	"\255\264[\032\266A\213\010\325\205\030\251\266\011u"
 9227      B6418B08 
 9227      D58518A9 
 9227      B60975
 9228 0059 E6DCCBF2 		.ascii	"\346\334\313\362aS7\354a\31693\363\373\235\337\3149"
 9228      615337EC 
 9228      61CE3933 
 9228      F3FB9DDF 
 9228      CC39
 9229 006b AB0B102F 		.ascii	"\253\013\020/\271\204h\022\366\027<\002\024\3234\367"
 9229      B9846812 
 9229      F6173C02 
 9229      14D334F7 
 9230 007b B883BA02 		.ascii	"\270\203\272\002.\307BE_\376\355#E5=\352\221c\027\237"
 9230      2EC74245 
 9230      5FFEED23 
 9230      45353DEA 
 9230      9163179F 
 9231 008f 514DAFAA 		.ascii	"QM\257\252h\316\212\341\254h\240;\336\206\023\007.\005"
 9231      68CE8AE1 
 9231      AC68A03B 
 9231      DE861307 
 9231      2E05
 9232 00a1 ED4D8FDB 		.ascii	"\355M\217\333v\366\272\035'\320\001\244a\352 \016)\250"
 9232      76F6BA1D 
 9232      27D001A4 
 9232      61EA200E 
 9232      29A8
 9233 00b3 6A86CBAD 		.ascii	"j\206\313\255\303!\205\250\254}\216`;\302L(\372\267"
 9233      C32185A8 
 9233      AC7D8E60 
 9233      3BC24C28 
 9233      FAB7
 9234 00c5 B7156328 		.ascii	"\267\025c(@\245i\333\370P\322\303S\200|\2326\007S\247"
 9234      40A569DB 
 9234      F850D2C3 
 9234      53807C9A 
 9234      360753A7 
 9235 00d9 717B1F65 		.ascii	"q{\037e2\023\355\357>\261<4i\0321TD\204\334OC\036\234"
 9235      3213EDEF 
 9235      3EB13C34 
 9235      691A3154 
 9235      4484DC4F 
 9236 00f0 823C990A 		.ascii	"\202<\231\012\206a;\271\377\032o\354\365a\021\010\262"
 9236      86613BB9 
 9236      FF1A6FEC 
 9236      F5611108 
 9236      B2
ARM GAS  /tmp/cc0F93am.s 			page 262


 9237 0101 47821F3E 		.ascii	"G\202\037>\272\255\3074Cf\302\352C\363\361\030\"|\011"
 9237      BAADC734 
 9237      4366C2EA 
 9237      43F3F118 
 9237      227C09
 9238 0114 B83112CE 		.ascii	"\2701\022\316\3006Z.\266J\244IAW[\333\256\347\340\263"
 9238      C0365A2E 
 9238      B64AA449 
 9238      41575BDB 
 9238      AEE7E0B3 
 9239 0128 3241B8FF 		.ascii	"2A\270\377\326e\217\223a\3528\246\207L\306VadK\222\004"
 9239      D6658F93 
 9239      61EA38A6 
 9239      874CC656 
 9239      61644B92 
 9240 013d 27518B53 		.ascii	"'Q\213S%\322\024\034:\373\331\352{>\227*i~\005td\036"
 9240      25D2141C 
 9240      3AFBD9EA 
 9240      7B3E972A 
 9240      697E0574 
 9241 0153 61D306C0 		.ascii	"a\323\006\300Y\336\2405k\340\213K*>/1o\267\244f\335"
 9241      59DEA035 
 9241      6BE08B4B 
 9241      2A3E2F31 
 9241      6FB7A466 
 9242 0168 05DDF2BC 		.ascii	"\005\335\362\274S\021\354$\314\267\367\320\201at\013"
 9242      5311EC24 
 9242      CCB7F7D0 
 9242      8161740B 
 9243 0178 E8181408 		.ascii	"\350\030\024\010Q\274T\262\001M\256I\240\257\301U\234"
 9243      51BC54B2 
 9243      014DAE49 
 9243      A0AFC155 
 9243      9C
 9244 0189 915B573B 		.ascii	"\221[W;gV\015|Q\346\356\376\370\375\371\034\347<\231"
 9244      67560D7C 
 9244      51E6EEFE 
 9244      F8FDF91C 
 9244      E73C99
 9245 019c CE27D30D 		.ascii	"\316'\323\015\263\223A\226E\203s\234\034\326\223\177"
 9245      B3934196 
 9245      4583739C 
 9245      1CD6937F 
 9246 01ac C327D28A 		.ascii	"\303'\322\212#/p\330\261\243Ko\371\230R\310)\201M\311"
 9246      232F70D8 
 9246      B1A34B6F 
 9246      F99852C8 
 9246      29814DC9 
 9247 01c0 89129BA2 		.ascii	"\211\022\233\242\270\024[\224\313t\026\245\273c-f\\"
 9247      B8145B94 
 9247      CB7416A5 
 9247      BB632D66 
 9247      5C
 9248 01d1 C96AB701 		.ascii	"\311j\267\001)ik\327+\221fNM,\334\005\351\277\212'\263"
 9248      29696BD7 
 9248      2B91664E 
 9248      4D2CDC05 
ARM GAS  /tmp/cc0F93am.s 			page 263


 9248      E9BF8A27 
 9249 01e6 48F6D1C3 		.ascii	"H\366\321\303\254W|\321:\012\012\214C\001|\313B\220"
 9249      AC577CD1 
 9249      3A0A0A8C 
 9249      43017CCB 
 9249      4290
 9250 01f8 0804B5A9 		.ascii	"\010\004\265\251\034\360\035\211#e\007\213,J\361\351"
 9250      1CF01D89 
 9250      2365078B 
 9250      2C4AF1E9 
 9251 0208 052D61AE 		.ascii	"\005-a\256\3369\314\025\206\340\304j\307c\271 b\350"
 9251      DE39CC15 
 9251      86E0C46A 
 9251      C763B920 
 9251      62E8
 9252 021a 5268D090 		.ascii	"Rh\320\220\006\267J\203\242\321\240SGS\223\030lz\200"
 9252      06B74A83 
 9252      A2D1A053 
 9252      47539318 
 9252      6C7A80
 9253 022d 4BED6593 		.ascii	"K\355e\223n\025\212\336T\373n0\023B4\243\"\355\006\262"
 9253      6E158ADE 
 9253      54FB6E30 
 9253      134234A3 
 9253      22ED06B2 
 9254 0241 E7C0EC1A 		.ascii	"\347\300\354\032\264\2265\331\001<9m\355\262\273\201"
 9254      B49635D9 
 9254      013C396D 
 9254      EDB2BB81 
 9255 0251 DCF0D6C0 		.ascii	"\334\360\326\300\211\3371\3537b=\307\204\305\002\204"
 9255      89DF31EB 
 9255      37623DC7 
 9255      84C50284 
 9256 0261 86930FB3 		.ascii	"\206\223\017\263\031E\356\227\326\206\314\214\316\327"
 9256      1945EE97 
 9256      D686CC8C 
 9256      CED7
 9257 026f 01650913 		.ascii	"\001e\011\023W\006R9=\320\035\244\363\346\307\320\210"
 9257      57065239 
 9257      3DD01DA4 
 9257      F3E6C7D0 
 9257      88
 9258 0280 A20EDFF3 		.ascii	"\242\016\337\363\025\240\275`,\375\271\253\350\023\323"
 9258      15A0BD60 
 9258      2CFDB9AB 
 9258      E813D3
 9259 028f DE72C179 		.ascii	"\336r\301y\350\201\343(/\307\004\024\211\353\020\236"
 9259      E881E328 
 9259      2FC70414 
 9259      89EB109E 
 9260 029f 1F1D83BB 		.ascii	"\037\035\203\273\244&!`\322\271G\315\250\376s\256cz"
 9260      A4262160 
 9260      D2B947CD 
 9260      A8FE73AE 
 9260      637A
 9261 02b1 9DD8E23A 		.ascii	"\235\330\342:\261\266w\"\232\035\256l\241\022\357b\251"
 9261      B1B67722 
ARM GAS  /tmp/cc0F93am.s 			page 264


 9261      9A1DAE6C 
 9261      A112EF62 
 9261      A9
 9262 02c2 EEC1C603 		.ascii	"\356\301\306\003?H6`Wm8\375\313I%\014!\031\333\013\334"
 9262      3F483660 
 9262      576D38FD 
 9262      CB49250C 
 9262      2119DB0B 
 9263 02d7 4C1788A2 		.ascii	"L\027\210\242\200\037!\014\004\033\312g\034.#a\255\317"
 9263      801F210C 
 9263      041BCA67 
 9263      1C2E2361 
 9263      ADCF
 9264 02e9 C779EE61 		.ascii	"\307y\356aZ?\337lY\2719\257p=%\313\333\231]\\Qq\003"
 9264      5A3FDF6C 
 9264      59B939AF 
 9264      703D25CB 
 9264      DB995D5C 
 9265 0300 DE8CBFCA 		.ascii	"\336\214\277\312V\024\275\204\023\355\267\356\030\214"
 9265      5614BD84 
 9265      13EDB7EE 
 9265      188C
 9266 030e A3C7F0BE 		.ascii	"\243\307\360\276\010\332\376p\221A(1\345\212\241\227"
 9266      08DAFE70 
 9266      91412831 
 9266      E58AA197 
 9267 031e D35F6BEA 		.ascii	"\323_k\352\030\374\000\3260\305&\304\015\2631\306\367"
 9267      18FC00D6 
 9267      30C526C4 
 9267      0DB331C6 
 9267      F7
 9268 032f 4AC08C23 		.ascii	"J\300\214#\013\251:\235U\325\273QU\205T\375)\253\252"
 9268      0BA93A9D 
 9268      55D5BB51 
 9268      558554FD 
 9268      29ABAA
 9269 0342 168B9FBC 		.ascii	"\026\213\237\274?+\352\237V\215\214\026+\240Q\230z&"
 9269      3F2BEA9F 
 9269      568D8C16 
 9269      2BA05198 
 9269      7A26
 9270 0354 736DE4B0 		.ascii	"sm\344\260\217\032\311H\365\316'\351~P\004\277\260\246"
 9270      8F1AC948 
 9270      F5CE27E9 
 9270      7E5004BF 
 9270      B0A6
 9271 0366 BA1632DB 		.ascii	"\272\0262\333\324:\270O6\317\002\234\035N>\304f\024"
 9271      D43AB84F 
 9271      36CF029C 
 9271      1D4E3EC4 
 9271      6614
 9272 0378 F17F5A22 		.ascii	"\361\177Z\"\332\3229\207T\204p\220\267|0%\213\240pK"
 9272      DAD23987 
 9272      54847090 
 9272      B77C3025 
 9272      8BA0704B 
 9273 038c 5CB25B22 		.ascii	"\\\262[\"=j\301z\256,y\037\221\277\234%\357n\234\230"
ARM GAS  /tmp/cc0F93am.s 			page 265


 9273      3D6AC17A 
 9273      AE2C791F 
 9273      91BF9C25 
 9273      EF6E9C98 
 9274 03a0 79809968 		.ascii	"y\200\231hst\301\310\233\337\351\271\306\277rw\364\313"
 9274      7374C1C8 
 9274      9BDFE9B9 
 9274      C6BF7277 
 9274      F4CB
 9275 03b2 876A2585 		.ascii	"\207j%\205'\032\302TFUt\241\363\266C\012vp\261n\200"
 9275      271AC254 
 9275      465574A1 
 9275      F3B6430A 
 9275      7670B16E 
 9276 03c7 6AE737B6 		.ascii	"j\3477\266\324#'\202\344\013W\354b\320B\256\304\322"
 9276      D4232782 
 9276      E40B57EC 
 9276      62D042AE 
 9276      C4D2
 9277 03d9 FBD6AECF 		.ascii	"\373\326\256\317\037\240\320\206*X%\376eX<\037_2le\337"
 9277      1FA0D086 
 9277      2A5825FE 
 9277      65583C1F 
 9277      5F326C65 
 9278 03ee 8069C8C3 		.ascii	"\200i\310\303\216\271\346G\242\250i\266z\204\340\346"
 9278      8EB9E647 
 9278      A2A869B6 
 9278      7A84E0E6 
 9279 03fe BB083241 		.ascii	"\273\0102A(\301$v\372\375\205\364WVYUZU\035\330[W[\177"
 9279      28C12476 
 9279      FAFD85F4 
 9279      57565955 
 9279      5A551DD8 
 9280 0416 E0B5C2EA 		.ascii	"\340\265\302\352@a\345\313\257\027\006j\313\370\377"
 9280      4061E5CB 
 9280      AF17066A 
 9280      CBF8FF
 9281 0425 DED2FA8A 		.ascii	"\336\322\372\212\212\362\332\200\277L\250\325\2455\007"
 9281      8AF2DA80 
 9281      BF4CA8D5 
 9281      A53507
 9282 0434 1FDCB4E6 		.ascii	"\037\334\264\346\337\367T\371\323eE\025\273\205\273"
 9282      DFF754F9 
 9282      D3654515 
 9282      BB85BB
 9283 0443 AE6A7F79 		.ascii	"\256j\177yu}\035\356\017\274\202u5\007\375\367H]\035"
 9283      757D1DEE 
 9283      0FBC8275 
 9283      3507FDF7 
 9283      485D1D
 9284 0456 A0A1B66E 		.ascii	"\240\241\266n\347\201*\333\366W\212\177\001\213yU\265"
 9284      E7812ADB 
 9284      F6578A7F 
 9284      018B7955 
 9284      B5
 9285              		.text
 9286              		.section	.gnu.lto_obqGetEmptyBufferTimeout.e93b417e7755f224,"e",%progbits
ARM GAS  /tmp/cc0F93am.s 			page 266


 9287 0000 789C9554 		.ascii	"x\234\225TmLSg\024~\317}oi\371pq\306\270\037\316\244"
 9287      6D4C5367 
 9287      147ECF7D 
 9287      6F69F970 
 9287      71C6B81F 
 9288 0016 B811E282 		.ascii	"\270\021\342\202\275\220\214\351O\027\262%\374 !\022"
 9288      BD908CE9 
 9288      4F17B225 
 9288      FC202112 
 9289 0026 7F2C5942 		.ascii	"\177,YB\244\026\251X\312\356-\213\376\362Ra\223\360"
 9289      A416A958 
 9289      CAEE2D8B 
 9289      FEF25261 
 9289      93F0
 9290 0038 95181664 		.ascii	"\225\030\026d\206\225 \010\313\"L\304\271\301F\353d"
 9290      86952008 
 9290      CB224CC4 
 9290      B9C146EB 
 9290      64
 9291 0049 A88880A8 		.ascii	"\250\210\200\250|i\020h\2008\227\271\355\317\210F\331"
 9291      7C691068 
 9291      803897B9 
 9291      EDCF8846 
 9291      D9
 9292 005a 39EF6DF9 		.ascii	"9\357m\371(h\262\246\351}\337s\316s\336\367y\236ska"
 9292      2868B2A6 
 9292      E97DDF73 
 9292      CE73DEF7 
 9292      799E736B 
 9293 006f C0164D8C 		.ascii	"\300\026M\214\035\000\306v0\306\2003\220t]\337g.\266"
 9293      1D00C676 
 9293      30C68033 
 9293      90745DDF 
 9293      672EB6
 9294 0082 480062A5 		.ascii	"H\000b\245[\200\235\220\340\004T\363Z\016S\336\372\305"
 9294      5B809D90 
 9294      E00454F3 
 9294      5A0E53DE 
 9294      FAC5
 9295 0094 B82AEEC3 		.ascii	"\270*\356\303B\031\2675\375\2357ch\013`\305mE\361D7"
 9295      4219B735 
 9295      FD9D3763 
 9295      680B60C5 
 9295      6D45F144 
 9296 00a9 DFD58238 		.ascii	"\337\325\2028=P{\372\235\277;\207\365h\037\227X\035"
 9296      3D507BFA 
 9296      9DBF3B87 
 9296      F5681F97 
 9296      581D
 9297 00bb 9677C376 		.ascii	"\226w\303v\350\202\355\214>\3603\354\302\362\205\206"
 9297      E882ED8C 
 9297      3EF033EC 
 9297      C2F28586 
 9298 00cb 53E737F1 		.ascii	"S\3477\361d`\270\366\027\177\033\237\330\254\353^=\320"
 9298      6460B8F6 
 9298      177F1B9F 
 9298      D8ACEB5E 
ARM GAS  /tmp/cc0F93am.s 			page 267


 9298      3DD0
 9299 00dd DBC2F577 		.ascii	"\333\302\365w}\234\303/\300\327 1\226\332\234\311\240"
 9299      7D9CC32F 
 9299      C0D72031 
 9299      96DA9CC9 
 9299      A0
 9300 00ee 071211F1 		.ascii	"\007\022\021\361\260\252f\356\015\236!\320%\255\317"
 9300      B0AA66EE 
 9300      0D9E21D0 
 9300      25ADCF
 9301 00fd C66342F0 		.ascii	"\306cB\360\321\012>\325\251\323\3012\370\327u\220S;"
 9301      D10A3ED5 
 9301      A9D3C132 
 9301      F8D77590 
 9301      533B
 9302 010f B0430012 		.ascii	"\260C\000\022\031\341\006\276\377iL\346\007D\217\347"
 9302      19E106BE 
 9302      FF694CE6 
 9302      07448FE7 
 9303 011f 9513B3E6 		.ascii	"\225\023\263\346\204s\342\362S\025\274\016{\224\355"
 9303      8473E2F2 
 9303      5315BC0E 
 9303      7B94ED
 9304 012e C3DBC3D5 		.ascii	"\303\333\303\325\210&\214\245\3723\0111{\361\345W\233"
 9304      88268CA5 
 9304      FA330931 
 9304      7BF1E557 
 9304      9B
 9305 013f A264F815 		.ascii	"\242d\370\025\022\210\"\021\273\006Q\322J\006\243\000"
 9305      12882211 
 9305      BB0651D2 
 9305      4A06A300 
 9306 014f BD10C556 		.ascii	"\275\020\305V\252K\250\177\303\225\276\024Q[\207\342"
 9306      AA4BA87F 
 9306      C395BE14 
 9306      515B87E2 
 9307 015f 44E4A6E7 		.ascii	"D\344\246\347*\337\256\306\343~\243,_\227\235\251\331"
 9307      2ADFAEC6 
 9307      E37EA32C 
 9307      5F979DA9 
 9307      D9
 9308 0170 F629833E 		.ascii	"\366)\203>J\312\"\331\334?\342\217\345\227@p\370qf\376"
 9308      4ACA22D9 
 9308      DC3FE28F 
 9308      E5974070 
 9308      F87166FE 
 9309 0184 8BD8900E 		.ascii	"\213\330\220\016\217\332\223^\334{\254\353[|\334\004"
 9309      8FDA935E 
 9309      DC7BACEB 
 9309      5B7CDC04 
 9310 0194 3788032C 		.ascii	"7\210\003,s\200\233\220\210\341\324\205O\010ui\264\264"
 9310      73809B90 
 9310      88E1D485 
 9310      4F087569 
 9310      B4B4
 9311 01a6 9A137344 		.ascii	"\232\023sD\015\335x\377\273`U\245\336\340\335\274\214"
 9311      0DDD78FF 
ARM GAS  /tmp/cc0F93am.s 			page 268


 9311      BB6055A5 
 9311      DEE0DDBC 
 9311      8C
 9312 01b7 636B70C4 		.ascii	"ckp\3043\222\316h\012\364\243\010p\235\356\005\253\362"
 9312      3392CE68 
 9312      0AF4A308 
 9312      709DEE05 
 9312      ABF2
 9313 01c9 32835B10 		.ascii	"2\203[\020eh\000\003\020\025\301\246l\350M\010\011a"
 9313      65680003 
 9313      1015C1A6 
 9313      6CE84D08 
 9313      0961
 9314 01db DA40882D 		.ascii	"\332@\210-t\366m\312\256\223\020\205\330\232\315`\220"
 9314      74F66DCA 
 9314      AE931085 
 9314      D89ACD60 
 9314      90
 9315 01ec 9266B601 		.ascii	"\222f\266\001\213\266\377\315\"8\226\002\303\304bh\003"
 9315      8BB6FFCD 
 9315      22389602 
 9315      C3C46268 
 9315      03
 9316 01fd 16779659 		.ascii	"\026w\226Y\214\340\012\037\344z\373\210)\240\277\\\372"
 9316      8CE00A1F 
 9316      E47AFB88 
 9316      29A0BF5C 
 9316      FA
 9317 020e 12A77D6B 		.ascii	"\022\247}kE\360\354\205\263\037\323k\203\343\211R\343"
 9317      45F0EC85 
 9317      B31FD36B 
 9317      83E38952 
 9317      E3
 9318 021f 88999818 		.ascii	"\210\231\230\030\015V\316\031\035 \203\036`\254\202"
 9318      0D56CE19 
 9318      1D20831E 
 9318      60AC82
 9319 022e 4BC6E624 		.ascii	"K\306\346$n\346Aol\357K!\005\304\372r\037\204\327\301"
 9319      6EE6416F 
 9319      6CEF4B21 
 9319      05C4FA72 
 9319      1F84D7C1 
 9320 0242 85CAC5E0 		.ascii	"\205\312\305\340\264Ds R\317\257\247\210\372`\260\346"
 9320      B4447320 
 9320      52CFAFA7 
 9320      88FA60B0 
 9320      E6
 9321 0253 74ED369A 		.ascii	"t\3556\232\000\003\335\306\215pK\323\263\337\30799 "
 9321      0003DDC6 
 9321      8D704BD3 
 9321      B3DFC739 
 9321      3920
 9322 0265 E26809C5 		.ascii	"\342h\011\305\275VF\316 \223\336\231\311R\361\346\232"
 9322      BD5646CE 
 9322      2093DE99 
 9322      C952F1E6 
 9322      9A
ARM GAS  /tmp/cc0F93am.s 			page 269


 9323 0276 C00A7751 		.ascii	"\300\012wQ\005\002=\255\375\341\321\016rH`\376\355\341"
 9323      05023DAD 
 9323      FDE1D10E 
 9323      724860FE 
 9323      EDE1
 9324 0288 E4117B02 		.ascii	"\344\021{\002\336\235\264@kX\027\215s\243\257c1&\376"
 9324      DE9DB440 
 9324      6B58178D 
 9324      73A3AF63 
 9324      3126FE
 9325 029b 96E4D3CF 		.ascii	"\226\344\323\317X}\350\005\206.\004\273u\213\214\323"
 9325      587DE805 
 9325      862E04BB 
 9325      758B8CD3 
 9326 02ab 0BF7205E 		.ascii	"\013\367 ^H\365\242\251\357\256\204\021\270\017\262"
 9326      48F5A2A9 
 9326      EFAE8411 
 9326      B80FB2
 9327 02ba 3880C1A8 		.ascii	"8\200\301\250\370\223h\355\2716\027\027?\030B\233\251"
 9327      F89368ED 
 9327      B9361717 
 9327      3F18429B 
 9327      A9
 9328 02cb F69FB68E 		.ascii	"\366\237\266\216\373\261\002=Fh\030\007\231.;\335\334"
 9328      FBB1023D 
 9328      46681807 
 9328      992E3BDD 
 9328      DC
 9329 02dc F475BEB8 		.ascii	"\364u\276\270\260\3404\033\2549Sk,\033\257\264%\031"
 9329      B0E0341B 
 9329      AC39536B 
 9329      2C1BAFB4 
 9329      2519
 9330 02ee B1F2C18B 		.ascii	"\261\362\301\213qB\243?\240\264!\227V\365\334\204-\353"
 9330      7142A33F 
 9330      A0B42197 
 9330      56F5DC84 
 9330      2DEB
 9331 0300 5B0796A2 		.ascii	"[\007\226\242K\300[l\361qK\035\267`\327\011(\001V\317"
 9331      4BC05B6C 
 9331      F1714B1D 
 9331      B760D709 
 9331      280156CF 
 9332 0314 A57A8EB4 		.ascii	"\245z\216\264\243\205\032TO\246 F\264\365\257\210\217"
 9332      A3851A54 
 9332      4FA62046 
 9332      B4F5AF88 
 9332      8F
 9333 0325 827F338F 		.ascii	"\202\1773\217\202\337\016\251\2610\260,x\027\012>\030"
 9333      82DF0EA9 
 9333      B130B02C 
 9333      78170A3E 
 9333      18
 9334 0336 0A2FB5D9 		.ascii	"\012/\265\331\214\033\235kO7\026\335\355\206\005;W\375"
 9334      8C1B9D6B 
 9334      4F3716DD 
 9334      ED86053B 
ARM GAS  /tmp/cc0F93am.s 			page 270


 9334      57FD
 9335 0348 363E56C2 		.ascii	"6>V\302\266L>A[\206Bh\234\261\260-\303\302\226\252\223"
 9335      B64C3E41 
 9335      5B864268 
 9335      9CB1B02D 
 9335      C3C296AA 
 9336 035d 4FA72C86 		.ascii	"O\247,\206-\014&\327\330rg\225-#a[FV\331rj\356\374\003"
 9336      2D0C26D7 
 9336      D8726795 
 9336      2D23615B 
 9336      4656D972 
 9337 0375 4B58F149 		.ascii	"KX\361I\241\370\003\241x\244\274\017\227\345\375+_\034"
 9337      A1F803A1 
 9337      78A4BC0F 
 9337      97E5FD2B 
 9337      5F1C
 9338 0387 6C485936 		.ascii	"lHY6a\220\377\023\274\015GBJ\322{Q\316\301\030Qo\200"
 9338      6190FF13 
 9338      BC0D4742 
 9338      4AD27B51 
 9338      CEC11851 
 9339 039d B6BB6D36 		.ascii	"\266\273m6\005\277\366<g\216\323\255e{\324\242\202|"
 9339      05BFF63C 
 9339      678ED3AD 
 9339      657BD4A2 
 9339      827C
 9340 03af C5AD2979 		.ascii	"\305\255)y\007\217*\232j\247gvNQn\256C\325lv&\273s>"
 9340      078F2A9A 
 9340      6AA76776 
 9340      4E516EAE 
 9340      43D56C76 
 9341 03c7 2B7C6B4D 		.ascii	"+|kM\314vh\217c\257=9\367\003f\3668]\016w\221\207\273"
 9341      CC76688F 
 9341      63AF3D39 
 9341      F70366F6 
 9341      385D0E77 
 9342 03de B4C3B6D7 		.ascii	"\264\303\266\327\264uk\370\243zv\0278\215\265-\217\275"
 9342      B4756BF8 
 9342      A37A7617 
 9342      388DB52D 
 9342      8FBD
 9343 03f0 F78A72D5 		.ascii	"\367\212r\325\2438\013\354G\213\01690\247\035\327\260"
 9343      A3380BEC 
 9343      478B0E39 
 9343      30A71DD7 
 9343      B0
 9344 0401 D49C7350 		.ascii	"\324\234sPsd\252\316\217^\001\261\273].w\201\3428\346"
 9344      7364AACE 
 9344      8F5E01B1 
 9344      BB5D2E77 
 9344      81E238E6 
 9345 0415 513EDC9F 		.ascii	"Q>\334\237\241\244ed\245g)in\325\241\244\207;\2714\247"
 9345      A1A46564 
 9345      A5672969 
 9345      6ED5A1A4 
 9345      873BB934 
 9346 042a 967DD86E 		.ascii	"\226}\330n\307n{_\337\245\320\255z4\352\223\226q\014"
ARM GAS  /tmp/cc0F93am.s 			page 271


 9346      C76E7B5F 
 9346      DFA5D0AD 
 9346      7A34EA93 
 9346      96710C
 9347 043d 8BECD826 		.ascii	"\213\354\330&\373\363=.\004n\316\310\332o\245\253\024"
 9347      FBF33D2E 
 9347      046ECEC8 
 9347      DA6FA5AB 
 9347      14
 9348 044e AACE246B 		.ascii	"\252\316$kB2\223Tfv9\\n\3658\373\017\226\335w("
 9348      42329354 
 9348      6676395C 
 9348      6EF538FB 
 9348      0F96DD77 
 9349              		.text
 9350              		.section	.gnu.lto_obqPostFullBuffer.e93b417e7755f224,"e",%progbits
 9351 0000 789C9556 		.ascii	"x\234\225V[L\224W\020>\363\237\177/\260\240F\215}\260"
 9351      5B4C9457 
 9351      103EF39F 
 9351      7F2FB0A0 
 9351      468D7DB0 
 9352 0014 9AC59410 		.ascii	"\232\305\224\020[d!\221j\3224ic\372\340\003\266\325"
 9352      5B642191 
 9352      6AD23469 
 9352      63FAE003 
 9352      B6D5
 9353 0026 27932644 		.ascii	"'\223&D\326\245\022\205\265\273\330h_\374Y\360\212h"
 9353      D6A51285 
 9353      B5BBD868 
 9353      5FFC59F0 
 9353      8A68
 9354 0038 D2D22054 		.ascii	"\322\322 T\\\262\024\250i\205\3265\336\260\260U\252"
 9354      5CB214A8 
 9354      6985D635 
 9354      DEB0B055 
 9354      AA
 9355 0049 A2081411 		.ascii	"\242\010\024\021\025[\256e\021\260^\333Jm\224\316\234"
 9355      155BAE65 
 9355      11B05EDB 
 9355      4A6D94CE 
 9355      9C
 9356 005a FF67DD05 		.ascii	"\377g\335\005\244\260\201\263\347\314\234\231ongf\215"
 9356      A4B081B3 
 9356      E7CC9C99 
 9356      6F6E6766 
 9356      8D
 9357 006b 0CD82E13 		.ascii	"\014\330.\023c\253\200\261\265\214100\220\024Ey\307"
 9357      63AB80B1 
 9357      B58C3130 
 9357      30901445 
 9357      79C7
 9358 007d 90659424 		.ascii	"\220e\224$\216;\263\254\204\313\352w\004\007Y\343\311"
 9358      8E3BB3AC 
 9358      84CBEA77 
 9358      040759E3 
 9358      C9
 9359 008e 92AEC8EB 		.ascii	"\222\256\310\353\217E\236\336\337P8\007y:\320k<=\200"
ARM GAS  /tmp/cc0F93am.s 			page 272


 9359      8F459EDE 
 9359      DF503807 
 9359      793AD06B 
 9359      3C3D80
 9360 00a1 D8294660 		.ascii	"\330)F`\333%.\353\364\260\035\016\360\002\016\347v\371"
 9360      DB252EEB 
 9360      F4B01D0E 
 9360      F0020EE7 
 9360      76F9
 9361 00b3 4F4B8B2B 		.ascii	"OK\213+\220\253\370\012\362c\272\225f\205\2739c\205"
 9361      90ABF80A 
 9361      F263BA95 
 9361      6685BB39 
 9361      6385
 9362 00c5 F8AF7EE0 		.ascii	"\370\257~\340\014,\306\213\035\256\342\341\210\375\310"
 9362      0C2CC68B 
 9362      1DAEE2E1 
 9362      88FDC8
 9363 00d4 0390F198 		.ascii	"\003\220\361\230\177\371x}8\035%0\343\261\277dwy$\217"
 9363      7FF9787D 
 9363      381D2530 
 9363      E3B1BF64 
 9363      7779248F 
 9364 00e8 0786FBDA 		.ascii	"\007\206\373\332\254#Q1e\212\342R|u\345\\y\315\3159"
 9364      AC235131 
 9364      658AE252 
 9364      7C75E55C 
 9364      79CDCD39 
 9365 00fc FC081C35 		.ascii	"\374\010\0345\302Y\230\017\3250\2371\244%\226\274\317"
 9365      C259980F 
 9365      D5309F31 
 9365      A42596BC 
 9365      CF
 9366 010d A0066250 		.ascii	"\240\006bP\302\223u\375J$O\022\322_\034\367\025\032"
 9366      C29375FD 
 9366      4A244F12 
 9366      D25F1CF7 
 9366      151A
 9367 011f 34F1BB15 		.ascii	"4\361\273\025B\\\206\332q\342r\342Q\024\367A\014#\241"
 9367      425C86DA 
 9367      71E272E2 
 9367      5114F741 
 9367      0C23A1
 9368 0132 9E1F9E7F 		.ascii	"\236\037\236\177\031\251\2275\253\341'\320K!T\200s\240"
 9368      19A99735 
 9368      ABE127D0 
 9368      4B215480 
 9368      73A0
 9369 0144 0FBA9943 		.ascii	"\017\272\231C\376\226x\033\023\304\335B.\215\345u\035"
 9369      FE96781B 
 9369      13C4DD42 
 9369      2E8DE575 
 9369      1D
 9370 0155 C97BF500 		.ascii	"\311{\365\000\"\236'.\037\307-\313\237\367\021\203:"
 9370      229E272E 
 9370      1FC72DCB 
 9370      9FF71183 
ARM GAS  /tmp/cc0F93am.s 			page 273


 9370      3A
 9371 0166 62CA8259 		.ascii	"b\312\202Yv\271\245\326\304\277\003\341\302\251n\377"
 9371      76B9A5D6 
 9371      C4BF03E1 
 9371      C2A96EFF 
 9372 0176 4E93E642 		.ascii	"N\223\346B\177e\354\263\326\001E\231\355\346:\270@n"
 9372      7F65ECB3 
 9372      D6014599 
 9372      EDE63AB8 
 9372      406E
 9373 0188 40C00DB8 		.ascii	"@\300\015\270\0101HN\354_KR\336\266\035\007xt\251\220"
 9373      0831484E 
 9373      EC5F4B52 
 9373      DEB61D07 
 9373      7874A990 
 9374 019c BA51BBF4 		.ascii	"\272Q\273\364\333\336\375yJ\211kV@\216\205\310\221\237"
 9374      DBDEFD79 
 9374      4A896B56 
 9374      408E85C8 
 9374      919F
 9375 01ae 63DC39D9 		.ascii	"c\3349\331\226\000\227 \232\301\317d\027\204\004\006"
 9375      96009720 
 9375      9AC1CF64 
 9375      17840406 
 9376 01be EA41AFC6 		.ascii	"\352A\257\306\000.\203~\2147{\032\347\200\026\010\335"
 9376      002E837E 
 9376      8C377B1A 
 9376      E7801608 
 9376      DD
 9377 01cf 0481984D 		.ascii	"\004\201\230M\330W\210;.\204\030\210\271\311\014\032"
 9377      D857883B 
 9377      2E841888 
 9377      B9C90C1A 
 9378 01df 88696013 		.ascii	"\210i`\023xQ9m/zo$@#yqu\002/\232\002^4\343\016\205\253"
 9378      7851396D 
 9378      2F7A6F24 
 9378      40237971 
 9378      75022F9A 
 9379 01fa 5A743EE5 		.ascii	"Zt>\345\371\310.,\336\271\207z{\232\335\375\306y\022"
 9379      F9C82E2C 
 9379      DEB9877A 
 9379      7B9ADDFD 
 9379      C67912
 9380 020d 5059619C 		.ascii	"PYa\234\261:d,\025\275\016\027\203\236\026\003-F\242"
 9380      B13A642C 
 9380      15BD0E17 
 9380      839E1603 
 9380      2D46A2
 9381 0220 85D1124E 		.ascii	"\205\321\022N\213\011\027#c\271\234\021\276\014\212"
 9381      8B091723 
 9381      63B99C11 
 9381      BE0C8A
 9382 022f 8FB17D5C 		.ascii	"\217\261}\\R\017\331x\360\203\342\301R\241\000\321\276"
 9382      520FD978 
 9382      F083E2C1 
 9382      52A100D1 
 9382      BE
ARM GAS  /tmp/cc0F93am.s 			page 274


 9383 0240 F7DBBCE1 		.ascii	"\367\333\274\341\336.\211JC\260\376\275\230 \356\364"
 9383      DE2E894A 
 9383      43B0FEBD 
 9383      9820EEF4 
 9384 0250 56E47F5E 		.ascii	"V\344\177^0\217\212B\220\253*\271J\036r?\035\274\311"
 9384      308F8A42 
 9384      90AB2AB9 
 9384      4A1E723F 
 9384      1DBCC9
 9385 0263 2929828E 		.ascii	"))\202\216Y\"\272\313\314(Y\350\\]w\373\016\361\260"
 9385      5922BACB 
 9385      CC2859E8 
 9385      5C5D77FB 
 9385      0EF1B0
 9386 0276 7460865F 		.ascii	"t`\206_00$\344-8\321\271\200\222&d\236\324pJ\033\033"
 9386      303024E4 
 9386      2D38D1B9 
 9386      80922664 
 9386      9ED4704A 
 9387 028c 02D722DA 		.ascii	"\002\327\"\332`\266\230\227*\334\343>6\034\036U'\271"
 9387      60B69897 
 9387      2ADCE33E 
 9387      361C1E55 
 9387      27B9
 9388 029e 95836637 		.ascii	"\225\203f7\017\243X\035\355\255V\260\027`\210Z JD\357"
 9388      0FA3581D 
 9388      EDAD56B0 
 9388      1760885A 
 9388      204A44EF 
 9389 02b2 D9D717AE 		.ascii	"\331\327\027\256IH\201k \013\000\006\255\342\015\177"
 9389      4948816B 
 9389      200B0006 
 9389      ADE20D7F 
 9390 02c2 5373BE2F 		.ascii	"Ss\276/\"\352\242&\035Nw\037U\036\273n\022\322\327I"
 9390      22EAA226 
 9390      1D4E771F 
 9390      551EBB6E 
 9390      12D2D749 
 9391 02d6 1ADA4026 		.ascii	"\032\332@&c\273\006\334E\033\205\301\302\247\236\212"
 9391      63BB06DC 
 9391      451B85C1 
 9391      C2A79E8A 
 9392 02e6 FC8305EA 		.ascii	"\374\203\005\352\326s\2622V\245\345^\365Fh1r\231i\023"
 9392      D673B232 
 9392      56A5E55E 
 9392      F5466831 
 9392      72996913 
 9393 02fa DA0ADA0E 		.ascii	"\332\012\332\016\363\201\343\212\022\026\350\006\306"
 9393      F381E38A 
 9393      1216E806 
 9393      C6
 9394 0307 17957083 		.ascii	"\027\225p\203\336\001Ol_E&\2349Q\324i\322*\250\355\020"
 9394      DE014F6C 
 9394      5F45269C 
 9394      3951D469 
 9394      D22AA8ED 
 9395 031c 2FCF562E 		.ascii	"/\317V.)\362\004=\204\244\304k\277\011\321\305\370\202"
ARM GAS  /tmp/cc0F93am.s 			page 275


 9395      29F2043D 
 9395      84A4C46B 
 9395      BF09D1C5 
 9395      F882
 9396 032e 11B6E4A4 		.ascii	"\021\266\344\244\232\2461m\004\241\237\253\320Z'\011"
 9396      9AA6316D 
 9396      04A19FAB 
 9396      D05A2709 
 9397 033e 82BE45D0 		.ascii	"\202\276E\320rb\277\200~\270\243\246%r<\364\270\376"
 9397      7262BF80 
 9397      7EB8A3A6 
 9397      25723CF4 
 9397      B8FE
 9398 0350 435202BA 		.ascii	"CR\002\272\235\2409\271_z\244\011\306\276G4\006/\220"
 9398      9DA039B9 
 9398      5F7AA409 
 9398      C6BE4734 
 9398      062F90
 9399 0363 7DDAEBC2 		.ascii	"}\332\353\3022\203\333ZN\275M\017u!=\312\010\277\206"
 9399      3283DB5A 
 9399      4EBD4D0F 
 9399      75213DCA 
 9399      08BF86
 9400 0376 F42859DC 		.ascii	"\364(Y\334U\211\360\333h\3654%\214\356\027\215\333x"
 9400      5589F0DB 
 9400      68F53425 
 9400      8CEE178D 
 9400      DB78
 9401 0388 4E37C124 		.ascii	"N7\301$\334>\215;\010\256\263\365o\320\266\230S\031"
 9401      DC3E8D3B 
 9401      08AEB3F5 
 9401      6FD0B698 
 9401      5319
 9402 039a ECCFBEDF 		.ascii	"\354\317\276\337a\244\002\344\242{\371\332\277\2775"
 9402      61A402E4 
 9402      A27BF9DA 
 9402      BFBF35
 9403 03a9 A30C4AC1 		.ascii	"\243\014J\301\315M\030W\350\240\212Az\226\273\363\224"
 9403      CD4D1857 
 9403      E8A08A41 
 9403      7A96BBF3 
 9403      94
 9404 03ba 3EBE925C 		.ascii	">\276\222\\\303j\321C'\224\301A\256y\004]\020O\212\213"
 9404      C36AD143 
 9404      2794C141 
 9404      AE79045D 
 9404      104F8A8B 
 9405 03ce EADF26C5 		.ascii	"\352\337&\305\301Z#\306j\225\021\026\272E\035\366\240"
 9405      C15A23C6 
 9405      6A951116 
 9405      BA451DF6 
 9405      A0
 9406 03df 0E2D809E 		.ascii	"\016-\200\236\307\232k\203p\356l\275A5O7\211=\305y_"
 9406      C79A6B83 
 9406      70EE6CBD 
 9406      41354F37 
 9406      893DC579 
ARM GAS  /tmp/cc0F93am.s 			page 276


 9407 03f4 F939DA93 		.ascii	"\3719\332\223\223E\366DB\257\260\0074{~\027\366d\037"
 9407      9345F644 
 9407      42AFB007 
 9407      347B7E17 
 9407      F6641F
 9408 0407 DA59A853 		.ascii	"\332Y\250SUi\332\366y\332\2639\231\025\011#\370\231"
 9408      5569DAF6 
 9408      79DAB339 
 9408      99150923 
 9408      F899
 9409 0419 097DA80E 		.ascii	"\011}\250\016!;\366\202f\370\024\360J\026\222\274?\004"
 9409      213BF682 
 9409      66F814F0 
 9409      4A1692BC 
 9409      3F04
 9410 042b B01FE211 		.ascii	"\260\037\342\021D}\256\001O0\320\026\025\3360\345\310"
 9410      447DAE01 
 9410      4F30D016 
 9410      15DE30E5 
 9410      C8
 9411 043c CA704728 		.ascii	"\312pG(\2264\305\003\252'\307v\356\321<1\026S\010\015"
 9411      9634C503 
 9411      AA27C776 
 9411      EED13C31 
 9411      1653080D 
 9412 0450 A4FEFFAD 		.ascii	"\244\376\377\255Vu\307Q\302\006C\0226D\366\032\325\016"
 9412      5675C751 
 9412      C2064312 
 9412      3644F61A 
 9412      D50E
 9413 0462 166CEF5B 		.ascii	"\026l\357[*H\3304*\341\256P\3145\305\177\240\275}\220"
 9413      2A48D834 
 9413      2AE1AE50 
 9413      CC35C57F 
 9413      A0BD7D90 
 9414 0476 D3717E69 		.ascii	"\323q~i\300\3340\361Cb\037\347Y(\"\005\232\352H\323"
 9414      C0DC30F1 
 9414      43621FE7 
 9414      59282205 
 9414      9AEA48D3 
 9415 048a 872F7097 		.ascii	"\207/p\227\253\267\303\247\201{O\340\312\032\356}\265"
 9415      ABB7C3A7 
 9415      817B4FE0 
 9415      CA1AEE7D 
 9415      B5
 9416 049b 023BF61E 		.ascii	"\002;\366\036\321M)&BOI*)z\020\022\231\207\024\231p"
 9416      D14D2926 
 9416      424F492A 
 9416      297A1012 
 9416      99871499 
 9417 04b0 61B01C3A 		.ascii	"a\260\034:\005\252Z\003\201zti\3014P\026\022\312#\201"
 9417      05AA5A03 
 9417      817A7469 
 9417      C1345016 
 9417      12CA2381 
 9418 04c4 A2D3501E 		.ascii	"\242\323P\036C|\360+\241\236\376\247\332\374=\325\255"
 9418      437CF02B 
ARM GAS  /tmp/cc0F93am.s 			page 277


 9418      A19EFEA7 
 9418      DAFC3DD5 
 9418      AD
 9419 04d5 41F998AF 		.ascii	"A\371\230\257\306\3054\345\270\314\200\277\004\220^"
 9419      C6C534E5 
 9419      B8CC80BF 
 9419      04905E
 9420 04e4 03FA5BCD 		.ascii	"\003\372[\315\307\235\321|\230\202ag \354\023R#\334"
 9420      C79DD17C 
 9420      98826167 
 9420      20EC1352 
 9420      23DC
 9421 04f6 D535167A 		.ascii	"\3255\026z\375/\362S\333\252\346\347.\344\230\305\006"
 9421      FD2FF253 
 9421      DBAAE6E7 
 9421      2EE498C5 
 9421      06
 9422 0507 85F15F72 		.ascii	"\205\361_r\363\231\342\272>8:\201\346+\372]`\010P\007"
 9422      F399E2BA 
 9422      3E383A81 
 9422      E62BFA5D 
 9422      60085007 
 9423 051b 54B59D6E 		.ascii	"T\265\235n\204\240\021z\330\217#\364\212\326\231\372"
 9423      84A0117A 
 9423      D88F23F4 
 9423      8AD699FA 
 9424 052b 1B0223F4 		.ascii	"\033\002#\364\014\216\320\006\215<R\031\247\212\226"
 9424      0C8ED006 
 9424      8D3C5219 
 9424      A78A96
 9425 053a 56AD5437 		.ascii	"V\255T7\325U\352P]\024\264z\006,\243\203\266}\010\007"
 9425      D555EA50 
 9425      5D14B47A 
 9425      062CA383 
 9425      B67D0807 
 9426 054e ED554D1A 		.ascii	"\355UM\032\177H\214\016\332F1h\003N\353\320\351\341"
 9426      7F488C0E 
 9426      DA463168 
 9426      034EEBD0 
 9426      E9E1
 9427 0560 9041DB14 		.ascii	"\220A\333\0244h\233G\007ms\320\240\335\335W~\3338:C"
 9427      34689B47 
 9427      076D73D0 
 9427      A0DDDD57 
 9427      7EDB383A 
 9428 0575 8745EFFA 		.ascii	"\207E\357\372G\314\320\261\003\363i``>\330(\200\031"
 9428      47CCD0B1 
 9428      03F36960 
 9428      603ED828 
 9428      8019
 9429 0587 BB87C7DC 		.ascii	"\273\207\307\334&\257,\274\247O.\0075r.\037\035\227"
 9429      26AF2CBC 
 9429      A74F2E07 
 9429      35722E1F 
 9429      1D97
 9430 0599 C4C559F0 		.ascii	"\304\305Y\360\317\272!-%\315\356L\316tl\311\330h\261"
 9430      CFBA212D 
ARM GAS  /tmp/cc0F93am.s 			page 278


 9430      25CDEE4C 
 9430      CE746CC9 
 9430      D868B1
 9431 05ac 3B2D1BD6 		.ascii	";-\033\326m\2628\035V\372NN\331\222\232js8\343\254L"
 9431      6DB2381D 
 9431      56FA4E4E 
 9431      D9929A6A 
 9431      7338E3AC 
 9432 05c1 B6A77CB2 		.ascii	"\266\247|\262\371\225\020Z\334\372e\266\345\326\370"
 9432      F995105A 
 9432      DCFA65B6 
 9432      E5D6F8
 9433 05d0 D43799EC 		.ascii	"\3247\231\354L\373\314\0267\211>\273\023\027G\346\222"
 9433      4CFBCC16 
 9433      37893EBB 
 9433      131747E6 
 9433      92
 9434 05e1 8C34751F 		.ascii	"\2144u\037\267\201\275\376\222\353\216LKZ\206u\323\226"
 9434      B781BDFE 
 9434      92EB8E4C 
 9434      4B5A8675 
 9434      D396
 9435 05f3 F536E439 		.ascii	"\3656\3449\2679\361\252!e\235\323\366\201#\355\275\227"
 9435      B739F1AA 
 9435      21659DD3 
 9435      F68123ED 
 9435      BD97
 9436 0605 8858EDE9 		.ascii	"\210X\355\351\351\366\014\213mk\246\345\335\325I\226"
 9436      E9F60C8B 
 9436      6D6BA6E5 
 9436      DDD54996 
 9437 0615 15496B56 		.ascii	"\025IkV\256\261\254\260;l\226\225\243\232\322\235i\316"
 9437      AEB1ACB0 
 9437      3B6C9695 
 9437      A39AD29D 
 9437      69CE
 9438 0627 E48FAD56 		.ascii	"\344\217\255V\324\266|r-\233\355\216L'\351Y\221\264"
 9438      D4B67C72 
 9438      2D9BED8E 
 9438      4C27E959 
 9438      91B4
 9439 0639 152F5951 		.ascii	"\025/YQM\362\247\313\322QpV\322\232\325f2e\263#-\326"
 9439      4DF2A7CB 
 9439      D2517056 
 9439      D29AD566 
 9439      3265B323 
 9440 064f 1C1DCF24 		.ascii	"\034\035\317$\0073\244\333\322\355\216m\354?\266^BQ"
 9440      0733A4DB 
 9440      D2ED8E6D 
 9440      EC3FB65E 
 9440      4251
 9441              		.text
 9442              		.section	.gnu.lto_obqPostFullBufferS.e93b417e7755f224,"e",%progbits
 9443 0000 789C9554 		.ascii	"x\234\225T\335K\024Q\024\277g\356\314\354w\021\005\005"
 9443      DD4B1451 
 9443      14BF67EE 
 9443      CCEC7711 
ARM GAS  /tmp/cc0F93am.s 			page 279


 9443      0505
 9444 0012 52D80748 		.ascii	"R\330\007HT\273\033d\005\021\364\017\024\364\330\223"
 9444      54BB1B64 
 9444      0511F40F 
 9444      14F4D893 
 9445 0022 E4E6A214 		.ascii	"\344\346\242\024Yn\276\364\322\335U\264\314\352\241"
 9445      596EBEF4 
 9445      D2DD55B4 
 9445      CCEAA1
 9446 0031 A2B65A56 		.ascii	"\242\266ZV6T|\311J\241\374(7\373r\315Z\263\265\017\203"
 9446      36547CC9 
 9446      4AA1FC28 
 9446      37FB72CD 
 9446      5AB3B50F 
 9447 0046 8D22D788 		.ascii	"\215\"\327\210(\214\240 \310\316\271\263\355\256&\331"
 9447      288CA020 
 9447      C8CEB9B3 
 9447      EDAE26D9 
 9448 0056 0E3367CE 		.ascii	"\0163g\316\2353\367\367\373\335\337\2713f\006l\245\316"
 9448      9D33F7F7 
 9448      FBDDDFB9 
 9448      3366066C 
 9448      A5CE
 9449 0068 D84EC6D8 		.ascii	"\330N\306\330.\274\300\304@\021Bl3\371\315\212\3021"
 9449      2EBCC0C4 
 9449      4011426C 
 9449      33F9CD8A 
 9449      C231
 9450 007a 2B548555 		.ascii	"+T\205U5\356v\016j\272\246*\332\205\216\324Z\254\351"
 9450      35EE760E 
 9450      6ABAA62A 
 9450      DA858ED4 
 9450      5AACE9
 9451 008d A9A1E042 		.ascii	"\251\241\340B\254i\240\247k:\200\314\204\031\330\021"
 9451      AC69A0A7 
 9451      6B3A80CC 
 9451      8419D811 
 9452 009d 85AB9A0E 		.ascii	"\205\253\232\016G\340\024?\307\241\277>\325\245\254"
 9452      47E0143F 
 9452      C7A1BF3E 
 9452      D5A5AC
 9453 00ac 6EC5AA88 		.ascii	"n\305\252\210\236K\024\275\025\303\202\2079cA\274\214"
 9453      9E4B14BD 
 9453      15C38287 
 9453      396341BC 
 9453      8C
 9454 00bd 03BA6135 		.ascii	"\003\272a5\276\230\014\204~\330Ob\015@\305\341\231\301"
 9454      BE980C84 
 9454      7ED84F62 
 9454      0D40C5E1 
 9454      99C1
 9455 00cf CE989586 		.ascii	"\316\230\225\206\012\024\342p\242\351h\213\203\273\201"
 9455      0A14E270 
 9455      A2E9688B 
 9455      83BB81
 9456 00de 61DEE76F 		.ascii	"a\336\347o[^\324,D@D\207Z\270X\025\346\034n\001GD\350"
 9456      5B5ED42C 
ARM GAS  /tmp/cc0F93am.s 			page 280


 9456      44404487 
 9456      5AB85815 
 9456      E61C6E01 
 9457 00f5 8502E881 		.ascii	"\205\002\350\201\002\006\267\241\010\037\027\217\355"
 9457      0206B7A1 
 9457      081F178F 
 9457      ED
 9458 0102 90294E8A 		.ascii	"\220)N\212\370G\0379\370v\011p\2723\0324\245\021\276"
 9458      F8471F39 
 9458      F8760970 
 9458      BA331A34 
 9458      A511BE
 9459 0115 B54A0415 		.ascii	"\265J\004\025\372f D\011A-\236\330!SF\363\336]\373u"
 9459      FA662044 
 9459      09412D9E 
 9459      D8215346 
 9459      F3DE5DFB 
 9460 012a D6A1ABA4 		.ascii	"\326\241\253\244\035\356\000Z(#\340\032\332G\264\250"
 9460      1DEE005A 
 9460      2823E01A 
 9460      DA47B4A8 
 9461 013a F835552F 		.ascii	"\3705U/\242\357\227t\267\234\200E*\013sM\303\240\353"
 9461      A2EF9774 
 9461      B79C8045 
 9461      2A0B734D 
 9461      C3A0EB
 9462 014d 144C14CC 		.ascii	"\024L\024\314\364\314B\301J\301\206\301d\007\322\347"
 9462      F4CC42C1 
 9462      4AC186C1 
 9462      6407D2E7 
 9463 015d 0083E338 		.ascii	"\000\203\3438gd\224\012\"\312X#W\214\201\037\007)\020"
 9463      6764940A 
 9463      22CA5823 
 9463      578C811F 
 9463      072910
 9464 0170 918EF8A4 		.ascii	"\221\216\370\244&\031ip#\276\376O\276\342\257$\322\025"
 9464      26196970 
 9464      23BEFE4F 
 9464      BEE2AF24 
 9464      D215
 9465 0182 877F54C7 		.ascii	"\207\177T\307\323\325\217\020\350\215\255\2414\304\311"
 9465      D3D58F10 
 9465      E88DADA1 
 9465      34C4C9
 9466 0191 F393355F 		.ascii	"\363\2235_\222f\362\234K\233\242cW_\315k\206\313~\332"
 9466      9266F29C 
 9466      4B9BA263 
 9466      575FCD6B 
 9466      86CB7EDA 
 9467 01a5 0A616E0E 		.ascii	"\012an\016q;\364\2435T\363\207\337\334\324\335W\204"
 9467      713BF4A3 
 9467      3554F387 
 9467      DFDCD4DD 
 9467      5784
 9468 01b7 51D2E02E 		.ascii	"Q\322\340.4\303y\331R\270\007nB\276\020\333J\310\271"
 9468      34C379D9 
 9468      52B8076E 
ARM GAS  /tmp/cc0F93am.s 			page 281


 9468      42BE10DB 
 9468      4AC8B9
 9469 01ca B096BF60 		.ascii	"\260\226\277`\233\346\241\307H\016\367\011\027\036 "
 9469      9BE6A1C7 
 9469      480EF709 
 9469      171E20
 9470 01d9 4A883BA4 		.ascii	"J\210;\244\310\311\214\310\376\336\230\311\020\251\315"
 9470      C8C98CC8 
 9470      FEDE98C9 
 9470      10A9CD
 9471 01e8 A12A74E2 		.ascii	"\241*t\342b\212\243\252Z?\225\254\360P\252\242\006\301"
 9471      628AA3AA 
 9471      5A3F95AC 
 9471      F050AAA2 
 9471      06C1
 9472 01fa 80545573 		.ascii	"\200TUs\251.\250\031Xi\270\306\310X\015'qV\230\302c"
 9472      A92EA819 
 9472      5869B8C6 
 9472      C8580D27 
 9472      715698C2 
 9473 020f 3EC4100B 		.ascii	">\304\020\0139\223\015\220\226?M\357\2629\030\007\263"
 9473      39930D90 
 9473      963F4DEF 
 9473      B2391807 
 9473      B3
 9474 0220 8C8FC08D 		.ascii	"\214\217\300\215,r-\337\323\315\222\206\273\014~S^\016"
 9474      2C722DDF 
 9474      D3CD9286 
 9474      BB0C7E53 
 9474      5E0E
 9475 0232 AB302491 		.ascii	"\2530$\221\025B~l\254\345z\335\261\364Zp\"\272h\"\374"
 9475      15427E6C 
 9475      ACE57ADD 
 9475      B1F45A70 
 9475      22BA6822 
 9476 0247 D975CF0E 		.ascii	"\331u\317\016\356\244\316=\311v.N\212\315R\361\317\\"
 9476      EEA4CE3D 
 9476      C9762E4E 
 9476      8ACD52F1 
 9476      CF5C
 9477 0259 C55B0C16 		.ascii	"\305[\014\026K\236{bX\"\0234<E\305\343P\233\274\273"
 9477      4B9E7B62 
 9477      58221334 
 9477      3C45C5E3 
 9477      509BBCBB 
 9478 026d 2123D822 		.ascii	"!#\330\"?\376F\316\011J\311l\362\251\370\316,\361f\343"
 9478      3FFE46CE 
 9478      094AC96C 
 9478      F2A9F8CE 
 9478      2CF166E3 
 9479 0281 6D6B9EC4 		.ascii	"mk\236\304#\222X%\342g\306fL6\264i\263\265\323\313\346"
 9479      23925825 
 9479      E267C666 
 9479      4C36B469 
 9479      B3B5D3CB 
 9480 0296 804A64DD 		.ascii	"\200Jd\335\031%w\254R\263:\375\303lOd\314\372:\260\364"
 9480      192577AC 
ARM GAS  /tmp/cc0F93am.s 			page 282


 9480      52B33AFD 
 9480      C36C4F64 
 9480      CCFA3AB0 
 9481 02ab 7FB6CD4C 		.ascii	"\177\266\315L\232\347\222F#\232\027\340\316\375f4`\360"
 9481      9AE79246 
 9481      239A17E0 
 9481      CEFD6634 
 9481      60F0
 9482 02bd 1267114F 		.ascii	"\022g\021OO\"\247)\005\2067\266\274\274\261\301+\311"
 9482      4F22A729 
 9482      058637B6 
 9482      BCBCB1C1 
 9482      2BC9
 9483 02cf A413D398 		.ascii	"\244\023\323\230\321\224\017\177\232b\313\345\265!\357"
 9483      D1940F7F 
 9483      9A62CBE5 
 9483      B521EF
 9484 02de 6BC2900B 		.ascii	"k\302\220\013\326\236\004;R\331&\365%\214&}\202\332"
 9484      D69E043B 
 9484      52D926F5 
 9484      258C267D 
 9484      82DA
 9485 02f0 4299E064 		.ascii	"B\231\340d\274\354an\227\257\353Y\177>C\240i\"\261\300"
 9485      BCEC616E 
 9485      97AFEB59 
 9485      7F3E43A0 
 9485      6922B1C0 
 9486 0304 F85F32FA 		.ascii	"\370_2\372\305A\366\027\307\330:\247\323\205\247\247"
 9486      C541F617 
 9486      C7D83AA7 
 9486      D385A7A7 
 9487 0314 BCA2B4A2 		.ascii	"\274\242\264\242\322Wr\250\252z\377^W\245\317U\276{"
 9487      D25772A8 
 9487      AA7AFF5E 
 9487      57A5CF55 
 9487      BE7B
 9488 0326 9FCB57E5 		.ascii	"\237\313W\345\241{Ii\265\327[V\345sz\230ZYz\360\300"
 9488      A17B4969 
 9488      B5D75B56 
 9488      E5737A98 
 9488      5A597AF0 
 9489 033b E269CF9C 		.ascii	"\342i\317\234{6\225m\366\270\275\033\231\352\2538\\"
 9489      7B36956D 
 9489      F6B8BD1B 
 9489      99EAAB38 
 9489      5C
 9490 034c F61B47A9 		.ascii	"\366\033G\251\0344"
 9490      1C34
 9491              		.text
 9492              		.section	.gnu.lto_obqPutTimeout.e93b417e7755f224,"e",%progbits
 9493 0000 789CAD57 		.ascii	"x\234\255W{P\225\307\025\337\363\355w\037\\@\300\010"
 9493      7B5095C7 
 9493      15DFF3ED 
 9493      771F5C40 
 9493      C008
 9494 0012 3E481874 		.ascii	">H\030tj\234X\303\305\2514\316t:\223\216\323\316\330"
 9494      6A9C58C3 
ARM GAS  /tmp/cc0F93am.s 			page 283


 9494      C5A934CE 
 9494      743A938E 
 9494      D3CED8
 9495 0025 19921AFF 		.ascii	"\031\222\032\377\350d&3\214\020\214\214\001\364^\354"
 9495      E8642633 
 9495      8C108C8C 
 9495      01F45EEC 
 9496 0035 24FD271F 		.ascii	"$\375'\037O%\0026\221\024\241\301KQ\"F\005\243\242\211"
 9496      4F250236 
 9496      9114A1C1 
 9496      4B512246 
 9496      05A3A289 
 9497 0049 5AA06A95 		.ascii	"Z\240j\225\227`\020y\305\202Hy)\361\225V\215F\3509\273"
 9497      97601079 
 9497      C5824879 
 9497      29F19556 
 9497      8D46E839 
 9498 005e DF7D0112 		.ascii	"\337}\001\022\231\226a\366\356\335\335\363;\277\363"
 9498      999661F6 
 9498      EEDDDDF3 
 9498      3BBFF3
 9499 006d DBB3BBE7 		.ascii	"\333\263\273\347\232\031\260mA\214\275\005\214\2253"
 9499      9A19B06D 
 9499      418CBD05 
 9499      8C9533
 9500 007c C6C08F81 		.ascii	"\306\300\217\201\242i\332\253\246T\263\242\360\301["
 9500      A269DAAB 
 9500      A654B3A2 
 9500      F0C15B
 9501 008b 3B7D55CD 		.ascii	";}U\315b(\372ht\205\252\371qE\035\335\323\027L#\371"
 9501      6228FA68 
 9501      7485AAF9 
 9501      71451DDD 
 9501      D3174C23 
 9502 00a0 57772FC5 		.ascii	"Ww/\305\021\025|\365\325\006\305\210\275p\234\263\310"
 9502      11157CF5 
 9502      D506C588 
 9502      BD709CB3 
 9502      C8
 9503 00b1 4F3FA362 		.ascii	"O?\243b\322G\314\372\210\011\314\372j\263\342Sttp\031"
 9503      D247CCFA 
 9503      8809CCFA 
 9503      6AB3E253 
 9503      74747019 
 9504 00c5 AD1E6C2A 		.ascii	"\255\036l*|\016\347|\300\242\317Y\\\230\276\000\242"
 9504      7C0EE77C 
 9504      C0A2CF59 
 9504      5C98BE00 
 9504      A2
 9505 00d6 A799817D 		.ascii	"\247\231\201}\240p\325`4\231},\276\360\001\354\340\005"
 9505      A070D560 
 9505      34997D2C 
 9505      BEF001EC 
 9505      E005
 9506 00e8 1C7AD28A 		.ascii	"\034z\322\212\037\372\345q\007g\240\342\327\374\206"
 9506      1FFAE571 
 9506      0767A0E2 
ARM GAS  /tmp/cc0F93am.s 			page 284


 9506      D7FC86
 9507 00f7 63F516FA 		.ascii	"c\365\026\372\012\020\216_sR\273N\361\227\366!\200V"
 9507      0A108E5F 
 9507      7352BB4E 
 9507      F197F621 
 9507      8056
 9508 0109 5B30B6F4 		.ascii	"[0\266\364\356\261K\232\217\203+\254\020\227\237\202"
 9508      EEB14B9A 
 9508      8F832BAC 
 9508      10979F82 
 9509 0119 503809A1 		.ascii	"P8\011\241\214\376\3404\274\204\313\207J\266}\346\317"
 9509      8CFEE034 
 9509      BC84CB87 
 9509      4AB67DE6 
 9509      CF
 9510 012a 238161BF 		.ascii	"#\201a\277&u\377\302%e\232\226\246\325\216\226q\355"
 9510      2675FFC2 
 9510      25659A96 
 9510      A6D58E96 
 9510      71ED
 9511 013c 270ECEE1 		.ascii	"'\016\316\341o\300\275,q,\252\3505\006\325\260\004-"
 9511      6FC0BD2C 
 9511      712CAAE8 
 9511      3506D5B0 
 9511      042D
 9512 014e 3ECDFA7C 		.ascii	">\315\372|\200\363ha\335x\277\356\234\242\233_\335\312"
 9512      80F36861 
 9512      DD78BFEE 
 9512      9CA29B5F 
 9512      DDCA
 9513 0160 353F0757 		.ascii	"5?\007W\241F\232\377,\024\"\205\261\032\265\017\215"
 9513      A1469AFF 
 9513      2C142285 
 9513      B11AB50F 
 9513      8D
 9514 0171 6B85F1D5 		.ascii	"k\205\361\325\274\374\201Y\374ua\234Q\376\250\323\242"
 9514      BCFC8159 
 9514      FC75619C 
 9514      51FEA8D3 
 9514      A2
 9515 0182 1B9F3FC8 		.ascii	"\033\237?\310\033\217i\304\332\000\177\237\344\336\020"
 9515      1B8F69C4 
 9515      DA007F9F 
 9515      E4DE10
 9516 0191 750411CE 		.ascii	"u\004\021\316\300\022FvM\207\277\352P\371\357\005\306"
 9516      C0124676 
 9516      4D87BFEA 
 9516      50F9EF05 
 9516      C6
 9517 01a2 E3DCAEEB 		.ascii	"\343\334\256\353\246\305{D\344\315\007y!bd\277\212\241"
 9517      A6C57B44 
 9517      E4CD0779 
 9517      216264BF 
 9517      8AA1
 9518 01b4 C3D90920 		.ascii	"\303\331\011 \214E\325\274F\026\327\277\030\373\304"
 9518      8C45D5BC 
 9518      4616D7BF 
ARM GAS  /tmp/cc0F93am.s 			page 285


 9518      18FBC4
 9519 01c3 DFA8C239 		.ascii	"\337\250\3029XL\372\220*\377\000#w\317\340(\300y02\367"
 9519      584CFA90 
 9519      2AFF0023 
 9519      77CFE028 
 9519      C0793032 
 9520 01d8 EA0CC22F 		.ascii	"\352\014\302/\351\357X.\326\026\242\262\023\346\256"
 9520      E9EF582E 
 9520      D616A2B2 
 9520      13E6AE
 9521 01e7 7D9B3B9B 		.ascii	"}\233;\233\334]\240Y>iv$\177N\014\203:\232T\305dYCk"
 9521      DC5DA059 
 9521      3E697624 
 9521      7F4E0C83 
 9521      3A9A54C5 
 9522 01ff 8D2FAF02 		.ascii	"\215/\257\002\021\303\227}\203Y\276\272\016\267+\227"
 9522      11C3977D 
 9522      8359BEBA 
 9522      0EB72B97 
 9523 020f 3D691BD1 		.ascii	"=i\033\321\264\331\016n\204\006\212\001\\1@#,\301\341"
 9523      B4D90E6E 
 9523      84068A01 
 9523      5C314023 
 9523      2CC1E1
 9524 0222 A8A137C9 		.ascii	"\250\2417\311\352h{\346\016N\221\243Uo\335\212\212\376"
 9524      EA687BE6 
 9524      0E4E91A3 
 9524      556FDD8A 
 9524      8AFE
 9525 0234 BC5CAD24 		.ascii	"\274\\\255$-\320e\307\274\354(\316\311\341@\023\212"
 9525      2DD065C7 
 9525      BCEC28CE 
 9525      C9E14013 
 9525      8A
 9526 0245 00F5C40B 		.ascii	"\000\365\304\013<\346U\006\027\301(5\200f0N\210f{W\360"
 9526      3CE65506 
 9526      17C12835 
 9526      8066304E 
 9526      88667B57 
 9527 025a E6A70A71 		.ascii	"\346\247\012q\033\205\210c\3202\235\020\227\334B\374"
 9527      1B858863 
 9527      D0329D10 
 9527      97DC42FC 
 9528 026a 5FA268A5 		.ascii	"_\242h\245(\276\236\"\212\313\256(\332&E\221\335\030"
 9528      28BE9E22 
 9528      8ACBAE28 
 9528      DA264591 
 9528      DD18
 9529 027c 0C7A1486 		.ascii	"\014z\024\206)\266\363\371\035\350\373\012\315NJ\004"
 9529      29B6F3F9 
 9529      1DE8FB0A 
 9529      CD4E4A04 
 9530 028c 8C22E42D 		.ascii	"\214\"\344-\006\3554i\232*\212\0033\216\342D\373r\350"
 9530      06ED3469 
 9530      9A2A8A03 
 9530      338EE244 
 9530      FB72E8
ARM GAS  /tmp/cc0F93am.s 			page 286


 9531 029f A4283AA6 		.ascii	"\244(:\246\210\242\313\025E7\366\360\203r\267\262\325"
 9531      88A2CB15 
 9531      4537F6F0 
 9531      8372B7B2 
 9531      D5
 9532 02b0 50AB8D8D 		.ascii	"P\253\215\215o\305\003\037x0\275\340P\357o^\004<)&\205"
 9532      6FC5031F 
 9532      7830BDE0 
 9532      50EF6F5E 
 9532      043C2926 
 9533 02c5 1A4E8D4A 		.ascii	"\032N\215J\215\201\032#6f\0235fl\024\177\240\223<\013"
 9533      8D811A23 
 9533      36661335 
 9533      666C147F 
 9533      A0933C0B 
 9534 02d9 E8400532 		.ascii	"\350@\0052\002\013\002:\236shm0-\013\241f.5\363hl>5"
 9534      020B023A 
 9534      9E73686D 
 9534      302D0BA1 
 9534      662E35F3 
 9535 02f1 0BA809C5 		.ascii	"\013\250\011\305\306\207\261\355\234\021m\025\264Z\306"
 9535      C687B1ED 
 9535      9C116D15 
 9535      B45AC6
 9536 0300 72B822BF 		.ascii	"r\270\"\277\244\343\227A\320J\367a0\250\253\350\037"
 9536      A4E39741 
 9536      D04AF761 
 9536      30A8ABE8 
 9536      1F
 9537 0311 6A0767BF 		.ascii	"j\007g\277\377v\356\303\376k\012\211*\246\036_X.\326"
 9537      FF76EEC3 
 9537      FE6B0A89 
 9537      2AA61E5F 
 9537      582ED6
 9538 0324 F7DFCCFF 		.ascii	"\367\337\314\377\270 \204\344\024\303\225\025\\\016"
 9538      B82084E4 
 9538      14C39515 
 9538      5C0E
 9539 0332 57EE7D74 		.ascii	"W\356}t\243\223\223\"b\034%\242\361\264pFJ\241>\347"
 9539      A3939322 
 9539      621C25A2 
 9539      F1B47046 
 9539      4AA13EE7 
 9540 0346 FABA33C5 		.ascii	"\372\2723\305\225h\204p\370\006\265%\243\007\005\307"
 9540      95688470 
 9540      F806B525 
 9540      A30705C7 
 9541 0356 7B5F20C5 		.ascii	"{_ \305\204\315\203jN\232\261\233\220\266H\212\007\354"
 9541      84CD836A 
 9541      4E9AB19B 
 9541      90B6488A 
 9541      07EC
 9542 0368 B482B6A5 		.ascii	"\264\202\266\245\216#\017-\013/*\016mW\270\203[H\356"
 9542      8E230F2D 
 9542      0B2F2A0E 
 9542      6D57B883 
 9542      5B48EE
ARM GAS  /tmp/cc0F93am.s 			page 287


 9543 037b 43FDA734 		.ascii	"C\375\2474\263\212\011\015Wa\241\330\200'{\317_Vp\004"
 9543      B38A090D 
 9543      5761A1D8 
 9543      80277BCF 
 9543      5F567004 
 9544 038f FE09AA70 		.ascii	"\376\011\252p\300\240G\334\276\345\325g\007\374\026"
 9544      C0A047DC 
 9544      BEE5D567 
 9544      07FC16
 9545 039e 5ED2AD7D 		.ascii	"^\322\255}i\355\275\212#W|\205u/Y\3035P\211\354\265"
 9545      69EDBD8A 
 9545      23577C85 
 9545      752F59C3 
 9545      355089EC 
 9546 03b3 437B8B36 		.ascii	"C{\2136\012\302\"\246\3537\363w\025\310n\351\211\212"
 9546      0AC222A6 
 9546      EB37F377 
 9546      15C86EE9 
 9546      898A
 9547 03c5 65726C7B 		.ascii	"erl{s\225\237\320\350\006\244\235\256\017\245n1\007"
 9547      73959FD0 
 9547      E806A49D 
 9547      AE0FA56E 
 9547      3107
 9548 03d7 C4CC4BBF 		.ascii	"\304\314K\277\335c\246\000\271\270&j\273\017w\315*\203"
 9548      DD63A600 
 9548      B9B8266A 
 9548      BB0F77CD 
 9548      2A83
 9549 03e9 3DA9F4C2 		.ascii	"=\251\364\3028\270_1\367\207>b\205s\251\216\336/\215"
 9549      38B85F31 
 9549      F7873E62 
 9549      8573A98E 
 9549      DE2F8D
 9550 03fc 91159A9C 		.ascii	"\221\025\232\2342\301u(\203]\362r\353\207H6\000\031"
 9550      32C17528 
 9550      835DF272 
 9550      EB874836 
 9550      0019
 9551 040e BD67574C 		.ascii	"\275gWL\201lBE\376\245?\0169\234\037\276\277\273\213"
 9551      816C4245 
 9551      FEA53F0E 
 9551      399C1FBE 
 9551      BFBB8B
 9552 0421 B9F6B1A6 		.ascii	"\271\366\261\246}\215\3405\012\231%I\3228\020\215\213"
 9552      7D8DE035 
 9552      0A992549 
 9552      D238108D 
 9552      8B
 9553 0432 CB9BC67D 		.ascii	"\313\233\306}2 -\325\354\340\376\205\334\214>\020\037"
 9553      32202DD5 
 9553      ECE0FE85 
 9553      DC8C3E10 
 9553      1F
 9554 0443 18F229E6 		.ascii	"\030\362)\346\263\034|\226\330%ZO\251\2056\002\254_"
 9554      B31C7C96 
 9554      D8255A4F 
ARM GAS  /tmp/cc0F93am.s 			page 288


 9554      A9853602 
 9554      AC5F
 9555 0455 07C3A5C3 		.ascii	"\007\303\245\303g\317\201\033\316\305EA.\203..j\347"
 9555      67CF811B 
 9555      CEC54541 
 9555      2E832E2E 
 9555      6AE7
 9556 0467 C0813017 		.ascii	"\300\2010\027\225\241\366\315\036i\264{\020\323\250"
 9556      95A1F6CD 
 9556      1E69B47B 
 9556      10D3A8
 9557 0476 45DFE3A1 		.ascii	"E\337\343\241&W\032\235\3044\272\244\017\217WDH\323"
 9557      26571A9D 
 9557      C434BAA4 
 9557      0F8F5744 
 9557      48D3
 9558 0488 3D95AB65 		.ascii	"=\225\253e\347T\245L\254E\036m\351\210\325\231l\335"
 9558      E754A54C 
 9558      AC451E6D 
 9558      E988D599 
 9558      6CDD
 9559 049a 3731D9BE 		.ascii	"71\331\276\326\255\351\252\327\223\255U$\233\213%\345"
 9559      D6ADE9AA 
 9559      D793AD55 
 9559      249B8B25 
 9559      E5
 9560 04ab D09057B2 		.ascii	"\320\220W\262]\366H\2666g\262\265y$\333\266\201\317"
 9560      5DF648B6 
 9560      3667B2B5 
 9560      7924DBB6 
 9560      81CF
 9561 04bd BE313BF3 		.ascii	"\2761;\363hH\344\321\260\310\243\211I3\342J\232;\033"
 9561      6848E4D1 
 9561      B0C8A389 
 9561      4933E24A 
 9561      9A3B1B
 9562 04d0 85633D41 		.ascii	"\205c=A\272\253\236\027\321\223.\206\375Em}\334%\314"
 9562      BAAB9E17 
 9562      D1932E86 
 9562      FD456D7D 
 9562      DC25CC
 9563 04e3 B87ED644 		.ascii	"\270~\326D\356\314\223\252*3L\226\033\356d\271\211\311"
 9563      EECC93AA 
 9563      2A334C96 
 9563      1BEE64B9 
 9563      89C9
 9564 04f5 825045F5 		.ascii	"\202PE\365a\0045\001\247\0047WEx\23110\212f\305<H\320"
 9564      61043501 
 9564      A7043757 
 9564      45789931 
 9564      308A66C5 
 9565 050c F86B07B8 		.ascii	"\370k\007\270i\230$\015>C\032\337\272i\334\0224\322"
 9565      6998240D 
 9565      3E431ADF 
 9565      BA69DC12 
 9565      34D2
 9566 051e 8F64D573 		.ascii	"\217d\325s\211\205n9U\023\210\337\363!L\305-\354G\320"
ARM GAS  /tmp/cc0F93am.s 			page 289


 9566      89856E39 
 9566      551388DF 
 9566      F3214CC5 
 9566      2DEC47D0 
 9567 0532 6FBBD1EF 		.ascii	"o\273\321\357@$\"\012\336G;<\344[)}\031f\310\373\256"
 9567      4024220A 
 9567      DE473B3C 
 9567      E45B297D 
 9567      1966C8FB 
 9568 0547 400642BE 		.ascii	"@\006B\276'\317Z\217\363\254!m\203\236\317\306\374\334"
 9568      27CF5A8F 
 9568      F3AC216D 
 9568      839ECFC6 
 9568      FCDC
 9569 0559 1B77C0B5 		.ascii	"\033w\300\265o':\326\270\035\377V\256\236\030\323\364"
 9569      6F273AD6 
 9569      B81DFF56 
 9569      AE9E18D3 
 9569      F4
 9570 056a 8E03E03B 		.ascii	"\216\003\340;\341X!\307\377\226\202}\232\365\246\204"
 9570      E15821C7 
 9570      FF96827D 
 9570      9AF5A684 
 9571 057a 3249B4BC 		.ascii	"2I\264\274\314\341.Q&\006\300\017\343\343\343\001\360"
 9571      CCE12E51 
 9571      2606C00F 
 9571      E3E3E301 
 9571      F0
 9572 058b 1F91B9F2 		.ascii	"\037\221\271\362tz\027\177\355\273\371\210,\300\364"
 9572      747A177F 
 9572      EDBBF988 
 9572      2CC0F4
 9573 059a FACFC7FD 		.ascii	"\372\317\307\375f\335\247\272\203Gu\213\372\351\344"
 9573      66DDA7BA 
 9573      8347758B 
 9573      FAE9E4
 9574 05a9 F1A25E5F 		.ascii	"\361\242^_\375\255\033;\300\367\245ku\232:E\325HVB\356"
 9574      FDAD1B3B 
 9574      C0F7A56B 
 9574      759A3A45 
 9574      D5485642 
 9575 05be 077409F8 		.ascii	"\007t\011\370\223\333\022=j\272\200S\2574\372\363NE"
 9575      93DB123D 
 9575      6ABA8053 
 9575      AF34FAF3 
 9575      4E45
 9576 05d0 DC6C3B8F 		.ascii	"\334l;\217\325\026\232\334<\306$\217\000x8\201\307\367"
 9576      D5169ADC 
 9576      3CC6248F 
 9576      00783881 
 9576      C7F7
 9577 05e2 C423206A 		.ascii	"\304# jH\360\270\233Y\335\352?\231\207n\305\274\254"
 9577      48F0B89B 
 9577      59DDEA3F 
 9577      99876EC5 
 9577      BCAC
 9578 05f4 048F47C4 		.ascii	"\004\217G\304\303D\352\3579\320\262n\342\003\214\314"
ARM GAS  /tmp/cc0F93am.s 			page 290


 9578      C344EAEF 
 9578      39D0B26E 
 9578      E2038CCC 
 9579 0604 700191D5 		.ascii	"p\001\221\325\213\002|\346\340\261~\264\217\266\334"
 9579      8B027CE6 
 9579      E0B17EB4 
 9579      8FB6DC
 9580 0613 35781588 		.ascii	"5x\025\210>\360\203W\201\250\212\265r\020\2368_\254"
 9580      3EF08357 
 9580      81A88AB5 
 9580      72109E38 
 9580      5FAC
 9581 0625 96E5CEFE 		.ascii	"\226\345\316\376\242I\235\322\257Z`\232\331\001}V\344"
 9581      A2499DD2 
 9581      AF5A609A 
 9581      D9017D56 
 9581      E4
 9582 0636 C74FA95B 		.ascii	"\307O\251[\314\347x\344\007\374HR\216\211\334\3402\004"
 9582      CCE778E4 
 9582      07FC4852 
 9582      8E89DCE0 
 9582      3204
 9583 0648 18771EEB 		.ascii	"\030w\036\353_\022\222\347u\026\350\365\264 j\000\372"
 9583      5F1292E7 
 9583      7516E8F5 
 9583      B4206A00 
 9583      FA
 9584 0659 014DA103 		.ascii	"\001M\241\003\236\252\320\001\027\212\225~\247\307r"
 9584      9EAAD001 
 9584      178A957E 
 9584      A7C772
 9585 0668 03CED001 		.ascii	"\003\316\320\001\027|\202\247\341S\234\373\227A\216"
 9585      177C82A7 
 9585      E1539CFB 
 9585      97418E
 9586 0677 7C325289 		.ascii	"|2R\211O\020\244)\304G\325\371\244+z\272\026\032$T\210"
 9586      4F10A429 
 9586      C447D5F9 
 9586      A42B7ABA 
 9586      161A2454 
 9587 068c 44CB29ED 		.ascii	"D\313)\355N\347D+\010\306E\276f(t\346\317\320\231\177"
 9587      4EE7442B 
 9587      08C645BE 
 9587      662874E6 
 9587      CFD0997F 
 9588 06a0 E275E6A7 		.ascii	"\342u\346\247\361GWA\020dz9\314R\360\310\207\310k\332"
 9588      F1475741 
 9588      10647A39 
 9588      CC52F0C8 
 9588      87C86BDA 
 9589 06b4 15092A6B 		.ascii	"\025\011*k\225\356\347>\263\262\001\260U\221\247N\002"
 9589      95EEE73E 
 9589      B3B201B0 
 9589      5591A74E 
 9589      02
 9590 06c5 6F53F49B 		.ascii	"oS\364\233*[\217d\036\352\207\200\316\233jz\326\022"
 9590      2A5B8F64 
ARM GAS  /tmp/cc0F93am.s 			page 291


 9590      1EEA8780 
 9590      CE9B6A7A 
 9590      D612
 9591 06d7 3B82362C 		.ascii	";\2026,[\361\334\260\017\211\357<Y&y\362\375\205t2\177"
 9591      5BF1DCB0 
 9591      0F89EF3C 
 9591      592679F2 
 9591      FD857432 
 9592 06ec 0699B05D 		.ascii	"\006\231\260]\000\033t\340\034\305uC9\351\316\327o("
 9592      001B74E0 
 9592      1CC57543 
 9592      39E9CED7 
 9592      6F28
 9593 06fe 534356D5 		.ascii	"SCV\325C\367\353?\336\262\306\355w\245\\\275`\006~s"
 9593      43F7EB3F 
 9593      DEB2C6ED 
 9593      77A55CBD 
 9593      60067E73 
 9594 0712 855FA3EE 		.ascii	"\205_\243\3567O\350\204\222\3547<\223&\002\247d=\001"
 9594      374FE884 
 9594      92EC373C 
 9594      932602A7 
 9594      643D01
 9595 0725 EDF052E6 		.ascii	"\355\360R\346O\244\314\002A\330\354}\245V\266\271\204"
 9595      4FA4CC02 
 9595      41D8EC7D 
 9595      A556B6B9 
 9595      84
 9596 0736 BA57F7C2 		.ascii	"\272W\367\302\014\274\204\221\227\217\024\371>H/\037"
 9596      0CBC8491 
 9596      978F14F9 
 9596      3E482F1F 
 9597 0746 2B91E295 		.ascii	"+\221\342\225\023uC\233\307\006\204J!B\237Y\210\331"
 9597      1375439B 
 9597      C706844A 
 9597      21429F59 
 9597      88D9
 9598 0758 B053209B 		.ascii	"\260S \233t\344|\271\001\303\316\015\010\365<\215\263"
 9598      74E47CB9 
 9598      01C3CE0D 
 9598      08F53C8D 
 9598      B3
 9599 0769 B166F844 		.ascii	"\261f\370Dq\226@>\303\245\015\345\356\370j\332\344\206"
 9599      7196403E 
 9599      C3A50DE5 
 9599      EEF86ADA 
 9599      E486
 9600 077b 8C4246B8 		.ascii	"\214BF\270\350\2401\025]\016\376\234Xn\371\334\2432"
 9600      E8A03115 
 9600      5D0EFE9C 
 9600      586EF9DC 
 9600      A332
 9601 078d 482BA992 		.ascii	"H+\251\222O\262\270\321\334\025\331#\275\250\240\012"
 9601      4FB2B8D1 
 9601      DC15D923 
 9601      BDA8A00A 
 9602 079d 67624575 		.ascii	"gbEua\352\212\252\356\177\252\250\352'WT\370\243sB\011"
ARM GAS  /tmp/cc0F93am.s 			page 292


 9602      61EA8AAA 
 9602      EE7FAAA8 
 9602      EA275754 
 9602      F8A37342 
 9603 07b2 75D1A384 		.ascii	"u\321\243\204jv\226P\315\323\227P\177V\246*\241\012"
 9603      6A769650 
 9603      CDD39750 
 9603      7F56A62A 
 9603      A10A
 9604 07c4 14CF12AA 		.ascii	"\024\317\022\252\311YBe\177\037\345\252"
 9604      C9594265 
 9604      7F1FE5AA 
 9605 07d0 A07CDDBF 		.ascii	"\240|\335\277Vn\201\202\012b\005\313\356\203\031\313"
 9605      566E8182 
 9605      0A6205CB 
 9605      EE8319CB 
 9606 07e0 51B5FB78 		.ascii	"Q\265\373xn\030\025\241\226\223\325\271\013\360g\016"
 9606      6E1815A1 
 9606      9693D5B9 
 9606      0BF0670E 
 9607 07f0 C8B569B5 		.ascii	"\310\265i\265\264#/GDX\361?nCBlB\262=&\305\266%i\243"
 9607      B4232F47 
 9607      4458F13F 
 9607      6E43426C 
 9607      42B23D26 
 9608 0809 35D96EDD 		.ascii	"5\331n\335\260\356]\253\335\026G\2371\261[\326\257\217"
 9608      B0EE5DAB 
 9608      DD16479F 
 9608      31B15BD6 
 9608      AF8F
 9609 081b B7D923E2 		.ascii	"\267\331#\342\230\232\034\273y\323\\\257\261\210\267"
 9609      989A1CBB 
 9609      79D35CAF 
 9609      B188B7
 9610 082a 5F895F19 		.ascii	"_\211_\031\027\271\376\347\014bM)\011\211\361\311[R"
 9610      17B9FEE7 
 9610      0C624D29 
 9610      0989F1C9 
 9610      5B52
 9611 083c 78A2FD9D 		.ascii	"x\242\375\235\210i\200\223\355\330\330R^NJ\220\375\210"
 9611      88698093 
 9611      EDD8D852 
 9611      5E4E4A90 
 9611      FD88
 9612 084e 0D6CE953 		.ascii	"\015l\351S\226\333R\254\011Iq\357ny;\036\347\354\357"
 9612      96DB52AC 
 9612      094971EF 
 9612      6E793B1E 
 9612      E7ECEF
 9613 0861 DB71A929 		.ascii	"\333q\251)v\235=\376w\266\204_?\305$.9119\311\032\377"
 9613      769D3DFE 
 9613      77B6845F 
 9613      3FC5242E 
 9613      39313139 
 9614 0878 5E8AF557 		.ascii	"^\212\365WoD[WE\257]\275\326\272*\331\026o]\355DJ\264"
 9614      6F445B57 
 9614      45AF5DBD 
ARM GAS  /tmp/cc0F93am.s 			page 293


 9614      D6BA2AD9 
 9614      166F5DED 
 9615 088f 27D863DE 		.ascii	"'\330c\336\211\213C\264\225\323\243lJ\266\245\330\011"
 9615      898B43B4 
 9615      95D3A36C 
 9615      4AB6A5D8 
 9615      09
 9616 08a0 6755F47B 		.ascii	"gU\364{\270(\016ab\376\360J\"\032\006F\257}#\234\250"
 9616      B8280E61 
 9616      62FEF04A 
 9616      221A0646 
 9616      AF7D239C 
 9617 08b5 6CB2252C 		.ascii	"l\262%,\013_\034\311\024\0333%\306'&\333\336g\252=\341"
 9617      0B5F1CC9 
 9617      141B3325 
 9617      C62726DB 
 9617      DE67AA3D 
 9618 08ca 8FF1FF05 		.ascii	"\217\361\377\005\276\004]0"
 9618      BE045D30 
 9619              		.text
 9620              		.section	.gnu.lto_obqWriteTimeout.e93b417e7755f224,"e",%progbits
 9621 0000 789CB558 		.ascii	"x\234\265X{T\225U\026\377\366w\356\233\327\005\235,"
 9621      7B549555 
 9621      16FFF677 
 9621      EE9BD705 
 9621      9D2C
 9622 0012 2905C647 		.ascii	")\005\306G\232r\241\005\223k\036kfV\253?Zkhe\3755\263"
 9622      9A72A105 
 9622      936B1E6B 
 9622      6656AB3F 
 9622      5A6B6865 
 9623 0029 5ACBA584 		.ascii	"Z\313\245\204\305\024\242\200M\315?\363\361\220R\024"
 9623      C514A280 
 9623      4DCD3FF3 
 9623      F1905214 
 9624 0039 B54484B8 		.ascii	"\265D\204\270\\\004\021\215\004R\023\205D|\244a\026"
 9624      5C04118D 
 9624      04521385 
 9624      447CA461 
 9624      16
 9625 004a 66804109 		.ascii	"f\200A\011*\202\012\246\251e\216\250\314\336\347\234"
 9625      2A820AA6 
 9625      A9658EA8 
 9625      CCDEE79C 
 9626 005a FBDD7B01 		.ascii	"\373\335{\001\011f\315\270\364\270\357\371\316\376\355"
 9626      0966CDB8 
 9626      F4B8EFF9 
 9626      CEFEED
 9627 0069 C7D97B9F 		.ascii	"\307\331{\237\263\217E\001\345\231G\024e!(\212\021\377"
 9627      B38F4501 
 9627      E5994714 
 9627      6521288A 
 9627      11FF
 9628 007b 418802AA 		.ascii	"A\210\002\252\246i\1772\247[T`\222b\252\241\367\352"
 9628      A6697F32 
 9628      A75B5460 
 9628      9262AAA1 
ARM GAS  /tmp/cc0F93am.s 			page 294


 9628      F7EA
 9629 008d 7B7E06CD 		.ascii	"{~\006\315f*\\\177%\306\240\371\033T\343\351c\207\030"
 9629      662A5C7F 
 9629      25C6A0F9 
 9629      1B54E3E9 
 9629      638718
 9630 00a0 CD6CDFBB 		.ascii	"\315l\337\273\377\3678c\204`\271\332\244\232\221\012"
 9630      FFF73863 
 9630      8460B9DA 
 9630      A49A910A 
 9631 00b0 C36F16F1 		.ascii	"\303o\026\361\277\277\031\254\362\233E\247\254\252M"
 9631      BFBF19AC 
 9631      F29B45A7 
 9631      ACAA4D
 9632 00bf AE0A94AB 		.ascii	"\256\012\224\253l\252\237\234\361\2273~\340/W\373\253"
 9632      6CAA9F9C 
 9632      F197337E 
 9632      E02F57FB 
 9632      AB
 9633 00d0 0185BB7A 		.ascii	"\001\205\273z\347\320\352\336\023\005\023\360[\000\004"
 9633      E7D0EADE 
 9633      130513F0 
 9633      5B0004
 9634 00df CA6F816A 		.ascii	"\312o\201j\220\324\305.u\011\322u\261K\033\016Z\202"
 9634      90D4C52E 
 9634      7509D275 
 9634      B14B1B0E 
 9634      5A82
 9635 00f1 0138A559 		.ascii	"\0018\245Y@\371\227\312\014F\223\331b\265\371\371\007"
 9635      40F997CA 
 9635      0C4693D9 
 9635      62B5F9F9 
 9635      07
 9636 0102 0406D983 		.ascii	"\004\006\331\203\001g\024\375\317Z\226\317\2403\303"
 9636      016714FD 
 9636      CF5A96CF 
 9636      A033C3
 9637 0111 79DB3F97 		.ascii	"y\333?\227\271\230\002\006\374\271\341\370\356&\033"
 9637      B9980206 
 9637      FCB9E1F8 
 9637      EE261B
 9638 0120 FD0408C3 		.ascii	"\375\004\010\303\237Ym\305\373\014\263*4-Ck\314?\025"
 9638      9F596DC5 
 9638      FB0CB32A 
 9638      342D436B 
 9638      CC3F15
 9639 0133 997E387B 		.ascii	"\231~8{\325:p1U)\300\365\365\020\012u\020\312\261\340"
 9639      D53A7031 
 9639      5529C0F5 
 9639      F5100A75 
 9639      10CAB1E0 
 9640 0147 139885EB 		.ascii	"\023\230\205\353/\226\274\2635\200E\201\202\364\201"
 9640      2F96BCB3 
 9640      35804581 
 9640      82F481
 9641 0156 F4EDE133 		.ascii	"\364\355\3413\3139\353\221\255L\233\346b\014\366\003"
 9641      CB39EB91 
ARM GAS  /tmp/cc0F93am.s 			page 295


 9641      AD4C9BE6 
 9641      620CF603 
 9642 0166 F3E1C4B9 		.ascii	"\363\341\304\271\330uq\0124\300L\344\030\310i\335he"
 9642      D875710A 
 9642      34C04CE4 
 9642      18C869DD 
 9642      6865
 9643 0178 719CBBFC 		.ascii	"q\234\273\374\344\271\363F\311~\345\341B\255\321\340"
 9643      E4B9F346 
 9643      C97EE5E1 
 9643      42ADD1E0 
 9644 0188 62063830 		.ascii	"b\00680\214\337\020\353D\376F\316\177O\333\2601\220"
 9644      8CDF10EB 
 9644      44FE46CE 
 9644      7F4FDBB0 
 9644      3190
 9645 019a 3DCFF92F 		.ascii	"=\317\371/w\035\313\006\311\337V\307\016\354\3264+*"
 9645      771DCB06 
 9645      C9DF56C7 
 9645      0EECD634 
 9645      2B2A
 9646 01ac 0E078721 		.ascii	"\016\007\207!\250\261\333\021\341\020G\370.wCO {\201"
 9646      A8B1DB11 
 9646      E11047F8 
 9646      2E77434F 
 9646      207B81
 9647 01bf 23646DBB 		.ascii	"#dm\273\363\215\315\327\000#\034\036\306n\214\335\215"
 9647      F38DCDD7 
 9647      00231C1E 
 9647      C66E8CDD 
 9647      8D
 9648 01d0 EC4760A6 		.ascii	"\354G`\246BL\355'kr\002\331\3378@\265V_l\235^\306\001"
 9648      424CED27 
 9648      6B7202D9 
 9648      DF3840B5 
 9648      565F6C9D 
 9649 01e7 3AEB5821 		.ascii	":\353X!\252\260\362O\244\303\247C@\024%\366`\034q\234"
 9649      AAB0F24F 
 9649      A4C3A743 
 9649      401425F6 
 9649      601C719C 
 9650 01fb FFE87E5E 		.ascii	"\377\350~^\200\311\000Ga:y\230\374z\014L\340\371\202"
 9650      80C90047 
 9650      613A7998 
 9650      FC7A0C4C 
 9650      E0F982
 9651 020e B3009F81 		.ascii	"\263\000\237\201IQ|\346Th\222s\245\351\255\237\007\260"
 9651      49517CE6 
 9651      54689273 
 9651      A5E9AD9F 
 9651      07B0
 9652 0220 97B8FCEB 		.ascii	"\227\270\374\353+\032N\005H\371m\365\254H\227\177|\270"
 9652      2B1A4E05 
 9652      48F96DF5 
 9652      AC48977F 
 9652      7CB8
 9653 0232 FC361FF9 		.ascii	"\3746\037\371\237\243|\222\254\304\266z\315ga`i%\375"
ARM GAS  /tmp/cc0F93am.s 			page 296


 9653      9FA37C92 
 9653      ACC4B67A 
 9653      CD676160 
 9653      6925FD
 9654 0245 17E62B70 		.ascii	"\027\346+p\002L(\325G\013\370\0025m\362Q\2153\234\255"
 9654      024C28D5 
 9654      470BF802 
 9654      356DF251 
 9654      8D339CAD 
 9655 0259 C87D746D 		.ascii	"\310}tm\274\002_\022\013\033\366us\336C/)\320L\037\015"
 9655      BC025F12 
 9655      0B1BF675 
 9655      73DE432F 
 9655      29D04C1F 
 9656 026e FC63F9F1 		.ascii	"\374c\371\361S\007\374X=p\023\366\236\353\315\366\223"
 9656      5307FC58 
 9656      3D7013F6 
 9656      9EEBCDF6 
 9656      93
 9657 027f 7BD0B577 		.ascii	"{\320\265w\316\275\226\313\232\026\342b&\370\212L\000"
 9657      CEBD96CB 
 9657      9A16E262 
 9657      26F88A4C 
 9657      00
 9658 0290 DD043805 		.ascii	"\335\0048\0053q:\366\342_\211kW\333\212\265L\032\336"
 9658      33713AF6 
 9658      E25F896B 
 9658      57DB8AB5 
 9658      4C1ADE
 9659 02a3 DC1453D9 		.ascii	"\334\024S\331\235\273F+\311\260\353|\212\017\037\331"
 9659      9DBB462B 
 9659      C9B0EB7C 
 9659      8A0F1FD9 
 9660 02b3 3FC4C6DA 		.ascii	"?\304\306\332\266h\370\232|p\222\364\002_;[\320N\276"
 9660      B668F89A 
 9660      7C7092F4 
 9660      025F3B5B 
 9660      D04EBE
 9661 02c6 05D08A94 		.ascii	"\005\320\212\224\2420\332.r\031.:Q\263\357\264\201\035"
 9661      A230DA2E 
 9661      72192E3A 
 9661      51B3EFB4 
 9661      811D
 9662 02d8 52B9F203 		.ascii	"R\271\362\003k\332\317\233I\015\015\223\347n\344W\207"
 9662      6BDACF9B 
 9662      490D0D93 
 9662      E76EE457 
 9662      87
 9663 02e9 B3B575E9 		.ascii	"\263\265u\351\026\0273C\333\360\015\270\200At\032\246"
 9663      16173343 
 9663      DBF00DB8 
 9663      8041741A 
 9663      A6
 9664 02fa 579F3236 		.ascii	"W\23726j\367\007\337\246\240\205\365\315\275M\277\376"
 9664      6AF707DF 
 9664      A6A085F5 
 9664      CDBD4DBF 
ARM GAS  /tmp/cc0F93am.s 			page 297


 9664      FE
 9665 030b 23609059 		.ascii	"#`\220YT\032\030\016V\003QF\242L4\230\351\247\205\006"
 9665      541A180E 
 9665      56035146 
 9665      A24C3498 
 9665      E9A78506 
 9666 031f 2B0D361A 		.ascii	"+\0156\032\374h\360\247!\200\226\004\322\020\304\223"
 9666      FC68F0A7 
 9666      21809604 
 9666      D210C493 
 9667 032f C4CEC760 		.ascii	"\304\316\307`\205T\016\341\343\004\312\200\311@\323"
 9667      85540EE1 
 9667      E304CA80 
 9667      C940D3
 9668 033e A14079F8 		.ascii	"\241@y\370(P0O\341\332L\345K\302\024\262.\034(G\"\370"
 9668      2850304F 
 9668      E1DA4CE5 
 9668      4BC214B2 
 9668      2E1C2847 
 9669 0354 CC340E33 		.ascii	"\3144\0163\203\323\217sz6\247\237 \231sH\334\\\032\""
 9669      83D38F73 
 9669      7A36A79F 
 9669      20997348 
 9669      DC5C1A22 
 9670 0368 6970D05C 		.ascii	"ip\320\\\024\015\3214<\211\203-\206#*J\016S~\310\357"
 9670      140DD134 
 9670      3C89832D 
 9670      86232A4A 
 9670      0E537EC8 
 9671 037d 0D03AD51 		.ascii	"\015\003\255QQV3\225\323\231H\367\202VZ}&\232\207`/"
 9671      51563395 
 9671      D39948F7 
 9671      82565A7D 
 9671      269A8760 
 9672 0392 6494FC9D 		.ascii	"d\224\374\235\247\301Q\356\342\334\314k\235\026\252"
 9672      A7C151EE 
 9672      E2DCCC6B 
 9672      9D16AA
 9673 03a1 50E864F8 		.ascii	"P\350d\370\006\275G\213k\365\305Z\3040\242t\377\031"
 9673      06BD478B 
 9673      6BF5C55A 
 9673      C430A274 
 9673      FF19
 9674 03b3 70D3DD15 		.ascii	"p\323\335\025\271\267\273\317\252C\2020\247zR4\017x"
 9674      B9B7BBCF 
 9674      AA438230 
 9674      A77A5234 
 9674      0F78
 9675 03c5 1ED4D02E 		.ascii	"\036\324\320.\326\236/\317\275\033\357\275\363\355\356"
 9675      D69E2FCF 
 9675      BD1BEFBD 
 9675      F3EDEE
 9676 03d4 08870E89 		.ascii	"\010\207\016\211V\226\367n\376C#\307{\207\214w\370V"
 9676      5696F76E 
 9676      FE4323C7 
 9676      7B878C77 
 9676      F856
ARM GAS  /tmp/cc0F93am.s 			page 298


 9677 03e6 A26DCEDB 		.ascii	"\242m\316\3338\211\233\326}q\313\235\276o\330\020\266"
 9677      38899BD6 
 9677      7D71CB9D 
 9677      BE6FD810 
 9677      B6
 9678 03f7 B2BC87BE 		.ascii	"\262\274\207\2763\361\325<\023\340;\311\326\263\245"
 9678      33F1D53C 
 9678      13E03BC9 
 9678      D6B3A5
 9679 0406 F03562CB 		.ascii	"\3605b\313\010\033\032\332W+Y\275\314\351\007\0066\234"
 9679      081B1ADA 
 9679      572B59BD 
 9679      CCE90706 
 9679      369C
 9680 0418 E14E3B72 		.ascii	"\341N;r\256c\005\257\362&\010\203N\341\264\356\035E"
 9680      AE6305AF 
 9680      F2260883 
 9680      4EE1B4EE 
 9680      1D45
 9681 042a 7BA60E51 		.ascii	"{\246\016Q\342\342\226\311\037\306\023\017\227\317C"
 9681      E2E296C9 
 9681      1FC6130F 
 9681      97CF43
 9682 0439 1FBAA422 		.ascii	"\037\272\244\";\212\352\246z{\243K\317\203\2638\366"
 9682      3B8AEAA6 
 9682      7A7BA34B 
 9682      CF83B338 
 9682      F6
 9683 044a 43460411 		.ascii	"CF\004\021\270)\312Q\362o\251k\347m[\370i\325\245m\012"
 9683      B829CA51 
 9683      F26FA96B 
 9683      E76D5BF8 
 9683      69D5A56D 
 9684 045f 73313F52 		.ascii	"s1?R~Gw\275f1\220\207\317A8O\252{[\216~\255\342\014"
 9684      7E4777BD 
 9684      66319087 
 9684      CF41384F 
 9684      AA7B5B8E 
 9685 0477 9C0703D7 		.ascii	"\234\007\003\327K\201n~\016mk8\334\343\037\336!\271"
 9685      4B816E7E 
 9685      0E6D6B38 
 9685      DCE31FDE 
 9685      21B9
 9686 0489 FD69ED8D 		.ascii	"\375i\355\215\252\235\255~\234\373\002qC\017\030\310"
 9686      AA9DAD7E 
 9686      9CFB0271 
 9686      430F18C8 
 9687 0499 2D67B983 		.ascii	"-g\271\203\270\316\\\315\262\274M\371\202,\255\255\232"
 9687      B8CE5CCD 
 9687      B2BC4DF9 
 9687      822CADAD 
 9687      9A
 9688 04aa 433E58CD 		.ascii	"C>X\315\350p\324\0142\264T\036\252N\026,h\014^'\013"
 9688      E870D40C 
 9688      32B4541E 
 9688      AA4E162C 
 9688      680C5E27 
ARM GAS  /tmp/cc0F93am.s 			page 299


 9689 04bf E2AC39FB 		.ascii	"\342\2549\373j\375\365\240\351?3\237\312\034\247\177"
 9689      6AFDF5A0 
 9689      E93F339F 
 9689      CA1CA77F 
 9690 04cf C20022BA 		.ascii	"\302\000\"\272\0172>iz\214H'\003\357Xd<\341\033;j\332"
 9690      0F323E69 
 9690      7A8C4827 
 9690      03EF5864 
 9690      3CE11B3B 
 9691 04e5 03CBA12C 		.ascii	"\003\313\241,\235\316u\027\013p\262P\350%\243\360[\272"
 9691      9DCE7517 
 9691      0B70B250 
 9691      E825A3F0 
 9691      5BBA
 9692 04f7 AB6BAF29 		.ascii	"\253k\257)\252J\023\237,p\021\312a\223(\361\227 J\351"
 9692      AA4A139F 
 9692      2C7011CA 
 9692      619328F1 
 9692      97204AE9 
 9693 050b 81ACAEC3 		.ascii	"\201\254\256\303G`\004h<\307\341\262(\022\267 \310\311"
 9693      47600468 
 9693      3CC7E1B2 
 9693      2812B720 
 9693      C8C9
 9694 051d 26AB8A93 		.ascii	"&\253\212\223\331\355\370#\230\302_\275\323\267f\262"
 9694      D9EDF823 
 9694      98C25FBD 
 9694      D3B766B2 
 9695 052d 9385D8C9 		.ascii	"\223\205\330\311NC\315\255\342vEO\241\2013\313\274\212"
 9695      4E43CDAD 
 9695      E276454F 
 9695      A18133CB 
 9695      BC8A
 9696 053f FA69DA55 		.ascii	"\372i\332U\262\"\266\033kM\2374\255\274\0238}\005V\224"
 9696      B222B61B 
 9696      6B4D9F34 
 9696      ADBC1338 
 9696      7D055694 
 9697 0553 BC419493 		.ascii	"\274A\224\223MA&\347\266\023\203\326,\310\240z\025X"
 9697      4D4126E7 
 9697      B61383D6 
 9697      2CC8A07A 
 9697      1558
 9698 0565 C08CA866 		.ascii	"\300\214\250f?d\001\212\016u\262G]\334a\031a\264\236"
 9698      3F64018A 
 9698      0E75B247 
 9698      5DDC6119 
 9698      61B49E
 9699 0578 70918783 		.ascii	"p\221\207\203\355\352\\\306\301\320\232K\207[\300\003"
 9699      EDEA5CC6 
 9699      C1D09A4B 
 9699      875BC003 
 9700 0588 A75B6346 		.ascii	"\247[cFk\256\310;\303jf\334\271\371G\203\256nm\347z"
 9700      6BAEC83B 
 9700      C36A66DC 
 9700      B9F94783 
 9700      AE6E6DE7 
ARM GAS  /tmp/cc0F93am.s 			page 300


 9701 059d E6D60BF3 		.ascii	"\346\326\013\363\264\270wx\236~1i=\343\272\0270\012"
 9701      B4B87778 
 9701      9E7E3169 
 9701      3DE3BA17 
 9701      300A
 9702 05af BCEF6568 		.ascii	"\274\357ehV\344\356\354}X\221\031Y7BF\206\024\304\363"
 9702      56E4EEEC 
 9702      7D589119 
 9702      59374246 
 9702      8614C4F3 
 9703 05c3 D505CC8C 		.ascii	"\325\005\314\214lW%[Y^C\276H\311\322\262\352g\005Q_"
 9703      6C57255B 
 9703      595E43BE 
 9703      48C9D2B2 
 9703      EA670551 
 9704 05d8 CD3811E1 		.ascii	"\3158\021\3415\226^v\270\023\267\243\177\204\304\235"
 9704      35965E76 
 9704      B813B7A3 
 9704      7F84C49D 
 9705 05e8 D865E2A0 		.ascii	"\330e\342\240\005\314\202\350\327\364\304\375\341A\211"
 9705      05CC82E8 
 9705      D7F4C4FD 
 9705      E14189
 9706 05f7 5B3586C4 		.ascii	"[5\206\304\375\301\267\332Qb]\037-q\355\325\361\304"
 9706      FDC1B7DA 
 9706      51625D1F 
 9706      2D71EDD5 
 9706      F1C4
 9707 0609 C3E58BC4 		.ascii	"\303\345\213\304\275\361\200\304\275\241'\356Mw\342"
 9707      BDF180C4 
 9707      BDA127EE 
 9707      4D77E2
 9708 0618 DEF44ADC 		.ascii	"\336\364J\334wz\266~kq\347\344u\236\223?\362\234\034"
 9708      777AB67E 
 9708      6B71E7E4 
 9708      759E933F 
 9708      F29C1C
 9709 062b 9A803FE9 		.ascii	"\232\200?\351\011\210\206r\331\"\213\276\254}\231o#"
 9709      09888672 
 9709      D9228BBE 
 9709      AC7D996F 
 9709      23
 9710 063c 86E8544C 		.ascii	"\206\350TL3\003\355\264\351dg\316\000\323\267\372Z\347"
 9710      3303EDB4 
 9710      E96467CE 
 9710      00D3B7FA 
 9710      5AE7
 9711 064e 7C4F42CD 		.ascii	"|OB\315\023Q\257\2163\203n\361\014\002\362\325\317\230"
 9711      1351AF8E 
 9711      33836EF1 
 9711      0C02F2D5 
 9711      CF98
 9712 0660 410875F7 		.ascii	"A\010u\367\355&&\260\030\302\011\360\227\304\204a\234"
 9712      ED2626B0 
 9712      18C209F0 
 9712      97C48461 
 9712      9C
ARM GAS  /tmp/cc0F93am.s 			page 301


 9713 0671 E0B73DE9 		.ascii	"\340\267=\351\371o7\370J\253\3002\"\034\316d\026go\227"
 9713      F96F37F8 
 9713      4AABC032 
 9713      221CCE64 
 9713      16676F97 
 9714 0685 E2C2B844 		.ascii	"\342\302\270D\243\310\011\234\241\323\015g\271\2517"
 9714      A3C8099C 
 9714      A1D30D67 
 9714      B9A937
 9715 0694 75539161 		.ascii	"uS\221a\237Q0\340\337p\252@8y\303\204I\025\303\247\302"
 9715      9F5130E0 
 9715      DF70AA40 
 9715      3879C384 
 9715      4915C3A7 
 9716 06a9 4445E2CC 		.ascii	"DE\342\3141\234\271\262K0cB\235\321\313C\014\352\333"
 9716      319CB9B2 
 9716      4B306342 
 9716      9DD1CB43 
 9716      0CEADB
 9717 06bc BAAEB2C1 		.ascii	"\272\256\262\301*N\301F\005\356\350\031e\256\270\366"
 9717      2A4EC146 
 9717      05EEE819 
 9717      65AEB8F6 
 9718 06cc E93DD0FD 		.ascii	"\351=\320\375\274\253k\031\347\277\002\331\\1eHj\333"
 9718      BCAB6B19 
 9718      E7BF02D9 
 9718      5C316548 
 9718      6ADB
 9719 06de 0B98154D 		.ascii	"\013\230\025M\034\020\251m\300B\210\013\362>8x\227\037"
 9719      1C10A96D 
 9719      C042880B 
 9719      F23E3878 
 9719      971F
 9720 06f0 1656C2BE 		.ascii	"\026V\302\276\013\241.^+\265\322\217\273\334e0sgv\201"
 9720      0BA12E5E 
 9720      2BB5D28F 
 9720      BBDC6530 
 9720      73677681 
 9721 0704 34E5F121 		.ascii	"4\345\361!L\0121\335\343\221*\235\301+\354\343\"\273"
 9721      4C0A31DD 
 9721      E3912A9D 
 9721      C12BECE3 
 9721      22BB
 9722 0716 A43E7C6B 		.ascii	"\244>|kf\011\000\363\230\266&\222v\345\276gW\006\371"
 9722      660900F3 
 9722      98B62692 
 9722      76E5BE67 
 9722      5706F9
 9723 0729 AEA01ED2 		.ascii	"\256\240\036\322)\026\004\342b\021\272s\025\237\034"
 9723      291604E2 
 9723      6211BA73 
 9723      159F1C
 9724 0738 3BAEA6EA 		.ascii	";\256\246\352\270\351j\024\202qe\017\350\312f\026\351"
 9724      B8E96A14 
 9724      8271650F 
 9724      E8CA6616 
 9724      E9
ARM GAS  /tmp/cc0F93am.s 			page 302


 9725 0749 E6CEC66D 		.ascii	"\346\316\306m\343\376\326\315\343\207\311l\356}\213"
 9725      E3FED6CD 
 9725      E387C96C 
 9725      EE7D8B
 9726 0758 AFF7FBC7 		.ascii	"\257\367\373\307\346\375\014U\367>n\256\333\331\337"
 9726      E6FD0C55 
 9726      F73E6EAE 
 9726      DBD9DF
 9727 0767 8FE4EC69 		.ascii	"\217\344\354ib\315\020\337N\023\2016\202o\255c\367A"
 9727      62CD10DF 
 9727      4E138136 
 9727      826FAD63 
 9727      F741
 9728 0779 A6C70759 		.ascii	"\246\307\007Y\252\257om\010DR\377\033\327\256\360\300"
 9728      AAAF6F6D 
 9728      084452FF 
 9728      1BD7AEF0 
 9728      C0
 9729 078a 66936B6D 		.ascii	"f\223km\\\327\237Gr\355\014t\255\217q\334\2633\270g"
 9729      5CD79F47 
 9729      72ED0C74 
 9729      AD8F71DC 
 9729      B333B867 
 9730 079e ADCD5EF5 		.ascii	"\255\315^\365\303}\202\207x\235\340v\216[q\301\253\256"
 9730      C37D8287 
 9730      789DE076 
 9730      8E5B71C1 
 9730      ABAE
 9731 07b0 C883DA6F 		.ascii	"\310\203\332o\234\251\377\266G\343w\270#\020\352\267"
 9731      9CA9FFB6 
 9731      47E377B8 
 9731      2310EAB7 
 9732 07c0 02CA7F9C 		.ascii	"\002\312\177\234P+U\275D\255R\371!\337\251g"
 9732      502B55BD 
 9732      44AD52F9 
 9732      21DFA967 
 9733 07d0 B11FC289 		.ascii	"\261\037\302\211C\335\216\331a\256\033X3\013w\322\322"
 9733      43DD8ED9 
 9733      61AE1B58 
 9733      330B77D2 
 9733      D2
 9734 07e1 773FE016 		.ascii	"w?\340\026\204`@\231\373\006\020{\206\345\203\301\000"
 9734      84604099 
 9734      FB06107B 
 9734      86E583C1 
 9734      00
 9735 07f2 B4DFE61B 		.ascii	"\264\337\346\033Y\225\027\274\366\372/\0020`\\\312\251"
 9735      599517BC 
 9735      F6FA2F02 
 9735      30605CCA 
 9735      A9
 9736 0803 90C39553 		.ascii	"\220\303\225SI\271\325b\303\213\262\337\022P\201\002"
 9736      49B9D562 
 9736      C38BB2DF 
 9736      12508102 
 9737 0813 2D77C5A5 		.ascii	"-w\305\245v\233(2w\007\007\007\203`\215\352\211{\337"
 9737      769B2832 
ARM GAS  /tmp/cc0F93am.s 			page 303


 9737      77070707 
 9737      83608DEA 
 9737      897BDF
 9738 0826 0EBFAD98 		.ascii	"\016\277\255\230]\026-\266l\362m\236\023-W\235I}~\307"
 9738      5D162DB6 
 9738      6CF26D9E 
 9738      132D579D 
 9738      497D7EC7 
 9739 083a 73A445DD 		.ascii	"s\244E\335\236\302.?y\016~Y\3076\311sp\330\323\000q"
 9739      9EC22E3F 
 9739      790E7E59 
 9739      C736C973 
 9739      70D8D300 
 9740 084f F13D58AB 		.ascii	"\361=X\253\342Ns\261%\322jDyowc\201\331#\372\276\273"
 9740      E24E73B1 
 9740      25D26A44 
 9740      796F7763 
 9740      81D923FA 
 9741 0865 BB3F3E44 		.ascii	"\273?>D\364:\022\255\306^|nh?\354%zX?L\\\\\364z\022"
 9741      F43A12AD 
 9741      C65E7C6E 
 9741      683FEC25 
 9741      7A583F4C 
 9742 087e 1D480E2F 		.ascii	"\035H\016/\253l^8\244G$ep\001\351'\373a\033\262\274"
 9742      AB6C5E38 
 9742      A4472465 
 9742      7001E927 
 9742      FB611BB2 
 9743 0893 AB8A6BD5 		.ascii	"\253\212k\325\256\346\353F\237\026\335\006\357\251\276"
 9743      AEE6EB46 
 9743      9F16DD06 
 9743      EFA9BE
 9744 08a2 6D3BAD15 		.ascii	"m;\255\025\223\260Ar\3256G\273\351\210aD\351\276f\030"
 9744      93B04172 
 9744      D53647BB 
 9744      E9886144 
 9744      E9BE6618 
 9745 08b6 E56B8FFC 		.ascii	"\345k\217\374\312C\342\011\"\235\354\011\257\220\200"
 9745      CA43E209 
 9745      229DEC09 
 9745      AF9080
 9746 08c5 5F88D53C 		.ascii	"_\210\325<\036\016L\230\000\033E\344\0276\375\201\220"
 9746      1E0E4C98 
 9746      001B45E4 
 9746      1736FD81 
 9746      90
 9747 08d6 BC2F2221 		.ascii	"\274/\"!>W]z\014B9\220\257\322=a\023bH\217\225\336\224"
 9747      3E575D7A 
 9747      0C423990 
 9747      AFD23D61 
 9747      1362488F 
 9748 08ed B6F4C1A1 		.ascii	"\266\364\301\241O\232\314B\2379\243\350\343\\\363~/"
 9748      4F9ACC42 
 9748      9F39A3E8 
 9748      E35CF37E 
 9748      2F
 9749 08fe 437DB2D2 		.ascii	"C}\262\322I\237\011P\300\3651H}\012\335\021\212\305"
ARM GAS  /tmp/cc0F93am.s 			page 304


 9749      499F0950 
 9749      C0F53148 
 9749      7D0ADD11 
 9749      8AC5
 9750 0910 8243CD15 		.ascii	"\202C\315\025h\253K;2\031\2515\001\006y\210\276\257"
 9750      68AB4B3B 
 9750      3219A935 
 9750      01067988 
 9750      BEAF
 9751 0922 D2117088 		.ascii	"\322\021p\210\352\224P|\014\362J\246\020\177\221\217"
 9751      EA94507C 
 9751      0CF24AA6 
 9751      107F918F 
 9752 0932 402715AB 		.ascii	"@'\025\253\271\242X\351\226\240g\035B|\344\230=\253"
 9752      B9A258E9 
 9752      96A0671D 
 9752      427CE498 
 9752      3DAB
 9753 0944 42B14C34 		.ascii	"B\261L4\001\354r\027\327\225\322\022\007\372\017\001"
 9753      01EC7217 
 9753      D795D212 
 9753      07FA0F01 
 9754 0954 DDD57574 		.ascii	"\335\325ut\255\275*k\211\317\206m&}\035\342\332\357"
 9754      ADBD2A6B 
 9754      89CF866D 
 9754      267D1DE2 
 9754      DAEF
 9755 0966 ADEFEF84 		.ascii	"\255\357\357\204\220\250qDB)\0076J\3402w\341\212\321"
 9755      90A87144 
 9755      42290736 
 9755      4AE03277 
 9755      E18AD1
 9756 0979 D58D9297 		.ascii	"\325\215\222\227\015\277\226\237\317\337\367\264\033"
 9756      0DBF969F 
 9756      CFDFF7B4 
 9756      1B
 9757 0986 83CDF33D 		.ascii	"\203\315\363=r\347\211\325\321\343\220\273\205\3135"
 9757      72E789D5 
 9757      D1E390BB 
 9757      85CB35
 9758 0995 49B9E522 		.ascii	"I\271\345\"\002;Wm7\216\311'\034\247d1\001m\365\361"
 9758      023B576D 
 9758      378EC927 
 9758      1CA76431 
 9758      016DF5F1 
 9759 09a9 4C057926 		.ascii	"L\005y&\232+\354\357[E\253[tG\335\370\354\261qH\231"
 9759      9A2BECEF 
 9759      5B45AB5B 
 9759      7447DDF8 
 9759      ECB17148 
 9760 09be 4252B6C9 		.ascii	"BR\266\311sBH\331\256F\3616\215\337rZ\2746 T8\342\311"
 9760      734248D9 
 9760      AE46F136 
 9760      8DDF725A 
 9760      BC362054 
 9761 09d5 313B6222 		.ascii	"1;b\"|\300\221\315\022\271Rl\300%\367\006<\351\235\215"
 9761      7CC091CD 
ARM GAS  /tmp/cc0F93am.s 			page 305


 9761      12B9526C 
 9761      C025F706 
 9761      3CE99D8D 
 9762 09e9 13F1DAFE 		.ascii	"\023\361\332\376\241\352\276\375\005|\333\261\377#\217"
 9762      A1EABEFD 
 9762      057CDBB1 
 9762      FF238F
 9763 09f8 7D075AC4 		.ascii	"}\007Z\304\206\\\201\2540N 3up.\366+\276<\320\373P\325"
 9763      865C81AC 
 9763      304E2033 
 9763      75702EF6 
 9763      2BBE3CD0 
 9764 0a0f CB2BAF68 		.ascii	"\313+\257h\236Cx\275*\273\351\372\013zC\374\200\356"
 9764      9E4378BD 
 9764      2ABBE9FA 
 9764      0B7A43FC 
 9764      80EE
 9765 0a21 2CF711F7 		.ascii	",\367\021\367\323 \025\265\035\352x\2323\\-\232\263"
 9765      D32015B5 
 9765      1DEA789A 
 9765      335C2D9A 
 9765      B3
 9766 0a32 2AF5FFD0 		.ascii	"*\365\377\320\234U\251\2629\253V\377'\315Y\015\026\376"
 9766      9C55A9B2 
 9766      39AB56FF 
 9766      27CD590D 
 9766      16FE
 9767 0a44 5FECC66A 		.ascii	"_\354\306j\350d\250Ve7\366\221:r7\206\363\262\033\333"
 9767      E864A856 
 9767      6537F691 
 9767      3A723786 
 9767      F3B21BDB 
 9768 0a58 A9CA6E0C 		.ascii	"\251\312n\014\211\321\272\261]\352H\335\330n\325\273"
 9768      89D1BAB1 
 9768      5DEA48DD 
 9768      D86ED5BB 
 9769 0a68 1BAB51DD 		.ascii	"\033\253Q\335\335\330\332}\023\335-\204\347\362\201"
 9769      DDD8DA7D 
 9769      13DD2D84 
 9769      E7F281
 9770 0a77 178C7019 		.ascii	"\027\214p\0313A\015\267\256\207\352!\323-/\026x-\211"
 9770      33410DB7 
 9770      AE87EA21 
 9770      D32D2F16 
 9770      782D89
 9771 0a8a C06581B4 		.ascii	"\300e\201\264\302\276\376RA\227\247w\353\367\211\003"
 9771      C2BEFE52 
 9771      4197A777 
 9771      EBF78903 
 9772 0a9a 7A4DA3A7 		.ascii	"zM\243\247_Qy\216E\323;\257\347i\214\036vE\252U1\357"
 9772      5F51798E 
 9772      45D33BAF 
 9772      E7698C1E 
 9772      7645AA55 
 9773 0ab0 B72F7A58 		.ascii	"\267/zX\025'^[\264\334\006zp\325\237\246\252\213\366"
 9773      15275E5B 
 9773      B4DC067A 
ARM GAS  /tmp/cc0F93am.s 			page 306


 9773      70D59FA6 
 9773      AA8BF6
 9774 0ac3 743D462F 		.ascii	"t=F/\255\242\00070zk\025\316i\365jUGx>\372xD\347\354"
 9774      ADA20037 
 9774      307A6B15 
 9774      CE69F56A 
 9774      5547783E 
 9775 0adc 51BDDF8A 		.ascii	"Q\275\337\212\276\036\355\255(X\177\205\274\012\364"
 9775      BE1EEDAD 
 9775      28587F85 
 9775      BC0AF4
 9776 0aeb D43281DF 		.ascii	"\3242\201\337\321&8\331T#\376\212\010\242WK\340k2\032"
 9776      D12638D9 
 9776      5423FE8A 
 9776      08A2574B 
 9776      E06B321A 
 9777 0aff 89636E64 		.ascii	"\211cnd\244\003\377\306\277\232\270(19uAZ\312\362%\257"
 9777      A403FFC6 
 9777      BF9AB828 
 9777      31397541 
 9777      5ACAF225 
 9778 0b14 3992531D 		.ascii	"9\222S\035\257.|\335\221\232\022O\377/X\264|\361\342"
 9778      AF2E7CDD 
 9778      919A124F 
 9778      FF2F58B4 
 9778      7CF1E2
 9779 0b27 8494D4C8 		.ascii	"\204\224\324\310x\305\220\274h\331\322I>s\221/?\225"
 9779      78C590BC 
 9779      68D9D249 
 9779      3E73912F 
 9779      3F95
 9780 0b39 302F3E6A 		.ascii	"0/>j\361o\024u\321RXbNKLJH^\236\006\3770\244&\3763!"
 9780      F16F1475 
 9780      D1525862 
 9780      4E4B4C4A 
 9780      485E9E06 
 9781 0b54 7214F8E4 		.ascii	"r\024\370\344T\034R\322\346.I\024t\344\253\312\354\007"
 9781      541C52D2 
 9781      E62E4914 
 9781      74E4ABCA 
 9781      EC07
 9782 0b66 2C4F4973 		.ascii	",OIs$.\211\177}\371\313\011\370-\365\255T\\j^\26405"
 9782      242E897F 
 9782      7DF9CB09 
 9782      F82DF5AD 
 9782      545C6A5E 
 9783 0b7d E1F994C4 		.ascii	"\341\371\224\304g\036\300\022\237\234\224\224\274\304"
 9783      671EC012 
 9783      9F9C9494 
 9783      BCC4
 9784 0b8b 91F0669A 		.ascii	"\221\360f\232\343\317/\3049\236\216{\361\331\027\035"
 9784      E3CF2FC4 
 9784      399E8E7B 
 9784      F1D9171D 
 9785 0b9b 4F27A724 		.ascii	"O'\247$8\236u#%\245&\246.x%>\036\321\346\215\216\262"
 9785      389E7523 
 9785      25A526A6 
ARM GAS  /tmp/cc0F93am.s 			page 307


 9785      2E78253E 
 9785      1ED1E68D 
 9786 0bb1 3439252D 		.ascii	"49%-\225p\236\216{\023\027\305#\314\2027\236JBF\226"
 9786      95709E8E 
 9786      7B1317C5 
 9786      23CC8237 
 9786      9E4A4246 
 9787 0bc6 94FA8A3D 		.ascii	"\224\372\212=\356\305\027\302H\235\245)\211s\302\246"
 9787      EEC517C2 
 9787      489DA529 
 9787      8973C2A6 
 9788 0bd6 47296A8A 		.ascii	"G)j\212bNJHJNyK\371\017K_\320y"
 9788      624E4A48 
 9788      4A4E794B 
 9788      F90F4B5F 
 9788      D079
 9789              		.text
 9790              		.section	.gnu.lto_obqTryFlushI.e93b417e7755f224,"e",%progbits
 9791 0000 789C9555 		.ascii	"x\234\225U\357O\233U\024\276\347\275\357\357\266@\342"
 9791      EF4F9B55 
 9791      14BEE7BD 
 9791      EFEFB640 
 9791      E2
 9792 0011 88894D16 		.ascii	"\210\211M\026\214.\013SK\325\241&.q\311>\231\314\017"
 9792      8C2E0B53 
 9792      4BD5A126 
 9792      2E71C93E 
 9792      99CC0F
 9793 0024 FB0B1641 		.ascii	"\373\013\026A\310\210f8p~\360\313\336\302d2+f\311&\242"
 9793      C8886638 
 9793      707EF0CB 
 9793      DEC26432 
 9793      2B66C926 
 9794 0039 EBBA4090 		.ascii	"\353\272@\220L\243\303\261\030#lT\272\315uts\342~\010"
 9794      4CA3C3B1 
 9794      18236C54 
 9794      BACD7574 
 9794      73E27E08 
 9795 004d 6211DCCA 		.ascii	"b\021\334\312\266\250\270\231\240&\013\365\234{_\372"
 9795      B6A8B899 
 9795      A0260BF5 
 9795      9C7B5FFA 
 9796 005d 16249925 		.ascii	"\026$\231%\345\364\336s\357}\236\347\234{\356\251\311"
 9796      E5F4DE73 
 9796      EF7D9EE7 
 9796      9C7BEEA9 
 9796      C9
 9797 006e 80AD3719 		.ascii	"\200\2557\031\333\302\030\353\307\177\3603P\034\307"
 9797      DBC218EB 
 9797      C77FF033 
 9797      501CC7
 9798 007d D968444C 		.ascii	"\331hDLE\341\331t\327}\252c\253\037\014d\037U\035?W"
 9798      45E1D974 
 9798      D77DAA63 
 9798      AB1F0C64 
 9798      1F551D3F 
 9799 0092 345CAB20 		.ascii	"4\\\253 \217\374\366\253\240\271\2735Ew\327|\356\232"
ARM GAS  /tmp/cc0F93am.s 			page 308


 9799      8FFCF6AB 
 9799      A0B9BB35 
 9799      4577D77C 
 9799      EE9A
 9800 00a4 AE18F29C 		.ascii	"\256\030\362\234\355\2238~C1\177\355\231.'\317\376\311"
 9800      ED93387E 
 9800      43317FED 
 9800      992E27CF 
 9800      FEC9
 9801 00b6 43EBD063 		.ascii	"C\353\320c*\226{\312vOY`\273\2106\370\334\221\017@\214"
 9801      2A967BCA 
 9801      764F5960 
 9801      BB8836F8 
 9801      DC910F40 
 9802 00cb 1C13D82E 		.ascii	"\034\023\330.\205\253\232n\230\226\355\203]\360.\357"
 9802      85AB9A6E 
 9802      9896ED83 
 9802      5DF02EEF 
 9803 00db E470A07D 		.ascii	"\344p\240}\360j\240\262\317qZ\234D\347\374\023\323\375"
 9803      F06AA0B2 
 9803      CF715A9C 
 9803      44E7FC13 
 9803      D3FD
 9804 00ed 171D1EE7 		.ascii	"\027\035\036\347\214uq\006O\006!\034d\364\007_A%n\316"
 9804      8C757106 
 9804      4F06211C 
 9804      64F4075F 
 9804      41256ECE 
 9805 0101 B4C4FEF6 		.ascii	"\264\304\376\366w\340:\200\212\323\375\347\216\247l"
 9805      77E03A80 
 9805      8AD3FDE7 
 9805      8EA76C
 9806 0110 9A2A5081 		.ascii	"\232*P\201\323\331\303o}\024\340a`8\036\216\034ypm\257"
 9806      D3D9C36F 
 9806      7D14E061 
 9806      60381E8E 
 9806      1C79706D 
 9807 0125 409DECE5 		.ascii	"@\235\354\345\316\303q\316\341\004pB\035\202 \014\002"
 9807      CEC371CE 
 9807      E1047042 
 9807      1D82200C 
 9807      02
 9808 0136 E2A2AF7A 		.ascii	"\342\242\257zf3\203\223\260\226\321\231\231\317\027"
 9808      66338393 
 9808      B096D199 
 9808      99CF17
 9809 0145 0E047495 		.ascii	"\016\004t\225\250\211r\030t@ow\344\362h\200\277 Po\277"
 9809      A8897218 
 9809      74406F77 
 9809      E4F26880 
 9809      BF20506F 
 9810 015a 79722CB0 		.ascii	"yr,\260\246G\300^I\363\203\307\035\247}c\234\253\220"
 9810      A647C05E 
 9810      49F383C7 
 9810      1DA77D63 
 9810      9CAB90
 9811 016d 5806CD58 		.ascii	"X\006\315X\365\037\233\0130\341kX#\020Y\365\0342\216"
ARM GAS  /tmp/cc0F93am.s 			page 309


 9811      F51F9B0B 
 9811      30E16B58 
 9811      231059F5 
 9811      1C328E
 9812 0180 20343290 		.ascii	" 42\220\367\350\230\226p\026r{\234Df\024\366\235_\270"
 9812      F7E89896 
 9812      7016727B 
 9812      9C446614 
 9812      F69D5FB8 
 9813 0194 F0501050 		.ascii	"\360P\020P\231\246\220\341hP\020\346C\243\251NS\203"
 9813      99A690E1 
 9813      685010E6 
 9813      43A3A94E 
 9813      5383
 9814 01a6 8C49C622 		.ascii	"\214I\306\"c\223\361\221\361\323\226\000\231\0222\245"
 9814      6393F191 
 9814      F1D39600 
 9814      991232A5 
 9815 01b6 688C323A 		.ascii	"h\2142:\273\012(\304r&D\260\2679\303\373pTp\022\214"
 9815      BB0A28C4 
 9815      722644B0 
 9815      B739C3FB 
 9815      70547012 
 9816 01cb 45B92227 		.ascii	"E\271\"'\021\234d\301\351\376\353\372mM\350\244I_\366"
 9816      119C64C1 
 9816      E9FEEBFA 
 9816      6D4DE8A4 
 9816      495FF6
 9817 01de 7131BE05 		.ascii	"q1\276\005-C)\203\2061N)\351h\235\313\230\224w.\262"
 9817      2D432983 
 9817      86314E29 
 9817      E9689DCB 
 9817      9894772E 
 9818 01f3 9298E81F 		.ascii	"\222\230\350\037/\351\205\236\010UA\234\2331\276\012"
 9818      2FE9859E 
 9818      0855419C 
 9818      9B31BE0A 
 9819 0203 9294055C 		.ascii	"\222\224\005\\\213\304\247\276\324\303\2379rI\203S\320"
 9819      8BC4A7BE 
 9819      D4C39F39 
 9819      72498353 
 9819      D0
 9820 0214 0BEFCBFC 		.ascii	"\013\357\313\374\236\206\260@\266$\260R$\322\031\201"
 9820      9E86B040 
 9820      B624B052 
 9820      24D21981 
 9821 0224 0484F40D 		.ascii	"\004\204\364\015\"]\207\335S\233\\\211\010&\252&\312"
 9821      225D87DD 
 9821      539B5C89 
 9821      0826AA26 
 9821      CA
 9822 0235 F900562F 		.ascii	"\371\000V/Ptp\013F\026\251\370=\250b\357|\230\345H\265"
 9822      5074700B 
 9822      4616A9F8 
 9822      3DA862EF 
 9822      7C98E548 
 9823 024a 3B424B16 		.ascii	";BK\026\234\025T\204\011)Iuc\223\207\224\317\206\005"
ARM GAS  /tmp/cc0F93am.s 			page 310


 9823      9C155484 
 9823      09294975 
 9823      63938794 
 9823      CF8605
 9824 025d 0CCEC9DB 		.ascii	"\014\316\311\333\307,\2537\322]\003\234\250\325(\327"
 9824      C72CAB37 
 9824      D25D039C 
 9824      A8D528D7 
 9825 026d F259D631 		.ascii	"\362Y\3261\344\273{@\036Wc\274T\300%\327\273\216B<|"
 9825      E4BB7B40 
 9825      1E5763BC 
 9825      54C025D7 
 9825      BB8E423C 
 9826 0282 DE302AF1 		.ascii	"\3360*\361\346\241\024\036\011\362;\000\353\202\252"
 9826      E6A1141E 
 9826      09F23B00 
 9826      EB82AA
 9827 0291 8281E9A4 		.ascii	"\202\201\351\244[!@C\334\316\363\362\274Vd\022\323\""
 9827      5B214043 
 9827      DCCEF3F2 
 9827      BC566412 
 9827      D322
 9828 02a3 32BA0F38 		.ascii	"2\272\0178\357F\226Ls\017+\257EC-\027\334\330\242\334"
 9828      EF46964C 
 9828      730F2BAF 
 9828      45432D17 
 9828      DCD8A2DC 
 9829 02b7 98C5D820 		.ascii	"\230\305\330 _4\237d\267PI3\021\332\270E\343\030'\004"
 9829      5F349F64 
 9829      B7504933 
 9829      11DAB845 
 9829      E3182704 
 9830 02cb E969F749 		.ascii	"\351i\367I\217\201W\203\236\326Cm\213{L\261\315 \347"
 9830      8F815783 
 9830      9ED6436D 
 9830      8B7B4CB1 
 9830      CD20E7
 9831 02de C1B61497 		.ascii	"\301\266\024\227\316r\364#u\347?\037'5\242\326\341n"
 9831      CE72F423 
 9831      75E73F1F 
 9831      2735A2D6 
 9831      E16E
 9832 02f0 2E972B85 		.ascii	".\227+\205o\221>\013-\025\342\365`)\343N\301>\340\262"
 9832      6F913E0B 
 9832      2D15E2F5 
 9832      6029E34E 
 9832      C13EE0B2 
 9833 0304 0BF1A7C0 		.ascii	"\013\361\247\300\005)\024\257\242\370\213y\361\346\247"
 9833      052914AF 
 9833      A2F88B79 
 9833      F1E6A7
 9834 0313 D7E637E4 		.ascii	"\327\3467\344\265\017gw,j\177\017\263\210\303\302\223"
 9834      B50F6777 
 9834      2C6A7F0F 
 9834      B388C3C2 
 9834      93
 9835 0324 F67F0AFC 		.ascii	"\366\177\012\374\360\3528]\033\300w\004\010c\230\300"
ARM GAS  /tmp/cc0F93am.s 			page 311


 9835      F0EA385D 
 9835      1BC07704 
 9835      086398C0 
 9836 0334 452137B3 		.ascii	"E!7\263\340B\215\014\245\202R\207Ud\251}\357\225\332"
 9836      E0428D0C 
 9836      A5825287 
 9836      5564A97D 
 9836      EF95DA
 9837 0347 25F13E30 		.ascii	"%\361>01\343\232\304\262%\\\264{\242\225\313z\313\211"
 9837      31E39AC4 
 9837      B2255CB4 
 9837      7BA295CB 
 9837      7ACB89
 9838 035a C45C462C 		.ascii	"\304\\F,\344\314\354\005W\376\022\275\333\331=(\257"
 9838      E4CCEC05 
 9838      57FE12BD 
 9838      DBD93D28 
 9838      AF
 9839 036b 78945721 		.ascii	"x\224W!\2144\"\2309//C\251g\245\000_Q\325\245\302\017"
 9839      8C342298 
 9839      392F2F43 
 9839      A967A500 
 9839      5F51D5A5 
 9840 0381 025925E4 		.ascii	"\002Y%\344q\031\314\261\266\224\033\214_\274S\037\341"
 9840      7119CCB1 
 9840      B6941B8C 
 9840      5FBC531F 
 9840      E1
 9841 0392 AF2C7C65 		.ascii	"\257,|e\360\020\225\342\204\327D~$\305~\241\370\317"
 9841      F01095E2 
 9841      84D7447E 
 9841      24C57EA1 
 9841      F8CF
 9842 03a4 42C5CF49 		.ascii	"B\305\317I\226@\221\357aR k\204\374\223|\017\231\344"
 9842      964091EF 
 9842      6152206B 
 9842      84FC937C 
 9842      0F99E4
 9843 03b7 25C82B0E 		.ascii	"%\310+\016\270%du\036\033\\\355\365\314\354>\3561o\220"
 9843      B8256475 
 9843      1E1B5CED 
 9843      F5CCEC3E 
 9843      EE316F90 
 9844 03cb BB4B8A64 		.ascii	"\273K\212d\316\010f\235\230\247dc\314\354\275\251\255"
 9844      CE08669D 
 9844      98A76463 
 9844      CCECBDA9 
 9844      AD
 9845 03dc 74A1AF2F 		.ascii	"t\241\257/\277\320\345P?{\351\231\246\364\224\010\315"
 9845      BFD0E550 
 9845      3F7BE999 
 9845      A6F49408 
 9845      CD
 9846 03ed F692B2EF 		.ascii	"\366\222\262\357\233\315'\353\316\331\312\377U7\313"
 9846      9BCD27EB 
 9846      CED9CAFF 
 9846      5537CB
ARM GAS  /tmp/cc0F93am.s 			page 312


 9847 03fc 6966BCDE 		.ascii	"if\274\336\361\013\204Ew \344\243.2q\372\274\037\227"
 9847      F10B8445 
 9847      7720E4A3 
 9847      2E3271FA 
 9847      BC1F97
 9848 040f DF416131 		.ascii	"\337Aa1^&zY\031\242}\321\376\333\021Kv9\200k\020\264"
 9848      5E267A59 
 9848      19A27DD1 
 9848      FEDB114B 
 9848      7639806B 
 9849 0425 C70C6A76 		.ascii	"\307\014jv\372\304`\307\0034\320\024\262\206\202\235"
 9849      FAC460C7 
 9849      0334D014 
 9849      B286829D 
 9850 0435 14BCDF2B 		.ascii	"\024\274\337+\306\036\013\205\252\360S\273\255\241\246"
 9850      C61E0B85 
 9850      AAF053BB 
 9850      ADA1A6
 9851 0444 A1B179EB 		.ascii	"\241\261y\353kM;\267\277\\\325\330\\\265\355\305W\252"
 9851      6B4D3BB7 
 9851      BF5CD5D8 
 9851      5CB5EDC5 
 9851      57AA
 9852 0456 9A9B6AE9 		.ascii	"\232\233j\351{k\315\316\372\372\272\246\346P-S\033k"
 9852      7B6BCDCE 
 9852      FAFABAA6 
 9852      E6502D53 
 9852      1B6B
 9853 0468 76BC7AFF 		.ascii	"v\274z\377\022_\350\245\247\353\236\251\015\327?\305"
 9853      125FE8A5 
 9853      A7EB9EA9 
 9853      0DD73FC5 
 9854 0478 D4E68637 		.ascii	"\324\346\2067\352\376\005\011\374\327\241"
 9854      EAFE0509 
 9854      FCD7A1
 9855              		.text
 9856              		.section	.gnu.lto_obqFlush.e93b417e7755f224,"e",%progbits
 9857 0000 789C9556 		.ascii	"x\234\225V{L\224G\020\337\371\366\373\356\001whlc\223"
 9857      7B4C9447 
 9857      10DFF9F6 
 9857      FBEE0177 
 9857      686C6393 
 9858 0014 D29AD3D6 		.ascii	"\322\232\323\326\030\033\345 \0215i\232\2641\375\303"
 9858      181BE520 
 9858      1135699A 
 9858      B431FDC3 
 9859 0024 444DAB7F 		.ascii	"DM\253\1775iB\364\304J\024O\357\260\321\376\343\307"
 9859      356942F4 
 9859      C44A144F 
 9859      EFB0D1FE 
 9859      E3C7
 9860 0036 A1589F34 		.ascii	"\241X\2374}!\266x\004\037\325\032\241\025\353\013\213"
 9860      7D21B678 
 9860      041FD51A 
 9860      A115EB0B 
 9860      8B
 9861 0047 2856C147 		.ascii	"(V\301GQDTl\361A9Di}U\261V\2443\273\313\307\035\242"
ARM GAS  /tmp/cc0F93am.s 			page 313


 9861      5144546C 
 9861      F1413944 
 9861      697D55B1 
 9861      56A433BB 
 9862 005f D50BECED 		.ascii	"\325\013\354\355\316\356\374f\3467\263;\347`\300n\272"
 9862      CEEEFC66 
 9862      E637B33B 
 9862      E760C06E 
 9862      BA
 9863 0070 189B048C 		.ascii	"\030\233\004\214-b\214A\034\003\3154\315\267\355\331"
 9863      2D628C41 
 9863      1C03CD34 
 9863      CDB7EDD9 
 9864 0080 0E4DE36B 		.ascii	"\016M\343k\313\"#t3\316\0319^\360\202n\272\270\246\343"
 9864      CB222374 
 9864      33CE1939 
 9864      5EF0826E 
 9864      BAB8A6E3 
 9865 0094 9E8724F2 		.ascii	"\236\207$\362\333\245k\206\222\330\224\304\000\233\322"
 9865      DBA56B86 
 9865      92D894C4 
 9865      009BD2
 9866 00a3 B769F65E 		.ascii	"\267i\366^\372vp\252='\200\230\231\016`\2134\256\033"
 9866      FA7670AA 
 9866      3D278098 
 9866      990E608B 
 9866      34AE1B
 9867 00b6 36BB1316 		.ascii	"6\273\023\026A\036\317\347ppid\2176\374;\3347+\363?"
 9867      411ECFE7 
 9867      70706964 
 9867      8F36FC3B 
 9867      DC372BF3 
 9868 00cb 1B7DD93C 		.ascii	"\033}\331<i\3620g\254\000\377\345\007\366\302p<\330"
 9868      69F23067 
 9868      AC00FFE5 
 9868      07F6C270 
 9868      3CD8
 9869 00dd 142ABCEF 		.ascii	"\024*\274\357Z\215{\000:.\277<\272\243&\216\226\032"
 9869      5A8D7B00 
 9869      3A2EBF3C 
 9869      BAA3268E 
 9869      961A
 9870 00ef 7870D95A 		.ascii	"xp\331Z\364\351&7O\006\206\363\375\331[\006\017\333"
 9870      F4E92637 
 9870      4F0686F3 
 9870      FDD95B06 
 9870      0FDB
 9871 0101 689A21B3 		.ascii	"h\232!\263\362\341\006n\276\036\346\034~\006\216\210"
 9871      F2E1066E 
 9871      BE1EE61C 
 9871      7E068E88 
 9872 0111 B00F12A1 		.ascii	"\260\017\022\241\034\022\031CYj\311\004\006\0250\214"
 9872      1C121943 
 9872      596AC904 
 9872      0615308C 
 9873 0121 91CE951F 		.ascii	"\221\316\225\037\037}\345\266\351\312,\354\007\033\217"
 9873      1F7DE5B6 
ARM GAS  /tmp/cc0F93am.s 			page 314


 9873      E9CA2CEC 
 9873      071B8F
 9874 0130 91025482 		.ascii	"\221\002T\202-\352\344br\270\250\243=E\234-\340Z\357"
 9874      2DEAE462 
 9874      72B8A8A3 
 9874      3D459C2D 
 9874      E05AEF
 9875 0143 BD4B7757 		.ascii	"\275KwW\016 \213\007h\227?\266{+\357\3054\006\007iS"
 9875      0E208B07 
 9875      68973FB6 
 9875      7B2BEFC5 
 9875      34060769 
 9876 0158 179B1B8F 		.ascii	"\027\233\033\217\326\355\217\347\337\201\210`\367\345"
 9876      D6ED8FE7 
 9876      DF818860 
 9876      F7E5
 9877 0166 486EBC0A 		.ascii	"Hn\274\012\241k\333\210\316\3726\323\034\020\346:\034"
 9877      A16BDB88 
 9877      CEFA36D3 
 9877      1C10E63A 
 9877      1C
 9878 0177 A230C00A 		.ascii	"\2420\300\012\003~\201a(Nm\375\200\264\312\032\226\344"
 9878      037E8161 
 9878      284E6DFD 
 9878      80B4CA1A 
 9878      96E4
 9879 0189 F1A1EB85 		.ascii	"\361\241\353\205\326\215\212Q%\315\253W\231E\241\376"
 9879      D68D8A51 
 9879      25CDAB57 
 9879      9945A1FE 
 9880 0199 961E8BD1 		.ascii	"\226\036\213\321\2438{\205\323|6\005\016\303P\006U\344"
 9880      A3387B85 
 9880      D37C3605 
 9880      0EC35006 
 9880      55E4
 9881 01ab 17C41003 		.ascii	"\027\304\020\003G\300&9\200j\260\365\212f\331\362DP"
 9881      47C02639 
 9881      806AB0F5 
 9881      8A66D9F2 
 9881      4450
 9882 01bd 44187D10 		.ascii	"D\030}\020\361J\036\332\256\241\335\307(D\"\006~\310"
 9882      F14A1EDA 
 9882      AEA1DDC7 
 9882      28442206 
 9882      7EC8
 9883 01cf E0286DDA 		.ascii	"\340(m\332Y\037Ql}\356(v5\244\300q\212\342X\037Q\234"
 9883      591F516C 
 9883      7DEE2876 
 9883      35A4C071 
 9883      8AE2581F 
 9884 01e5 B0A2F835 		.ascii	"\260\242\3705*\012\312\260\003jU\206\213\263\317\034"
 9884      2A0ACAB0 
 9884      036A5586 
 9884      8BB3CF1C 
 9885 01f5 73F3124D 		.ascii	"s\363\022M\244\342\326\222\212:\267r'\377\333\321\007"
 9885      A4E2D692 
 9885      8A3AB772 
ARM GAS  /tmp/cc0F93am.s 			page 315


 9885      27FFDBD1 
 9885      07
 9886 0206 AA72CDCF 		.ascii	"\252r\315\317\262\035an\300\311^%\305X\352\276\011Q"
 9886      B21D616E 
 9886      C0C95E25 
 9886      C558EABE 
 9886      0951
 9887 0218 C6E01439 		.ascii	"\306\340\0249\201\244\260\324\362\011\275\352\262a\035"
 9887      81A4B0D4 
 9887      F209BDEA 
 9887      B2611D
 9888 0227 6FDB619A 		.ascii	"o\333a\232N\2534\035=Q\235\246\234\362\324\306I\244"
 9888      4EAB341D 
 9888      3D519DA6 
 9888      9CF2D4C6 
 9888      49A4
 9889 0239 B377E7DA 		.ascii	"\263w\347\332\213\361\312\374\341s|S\216Ym\352}\024"
 9889      8BF1CAFC 
 9889      E1737C53 
 9889      8E596DEA 
 9889      7D14
 9890 024b 3469292E 		.ascii	"4i).\276\330QY`\357\261\363H\332Q\376F\3319Cv\214\324"
 9890      BED85159 
 9890      60EFB1F3 
 9890      48DA51FE 
 9890      46D93943 
 9891 0262 D649BDC3 		.ascii	"\326I\275\303\214\262\363X\224\244\325\007\347\255\355"
 9891      8CB2F358 
 9891      94A4D507 
 9891      E7ADED
 9892 0271 F3A00186 		.ascii	"\363\240\001\206B=\205\\G\274;by?\213\274\013~\341\034"
 9892      423D855C 
 9892      47BC3B62 
 9892      793F8BBC 
 9892      0B7EE11C 
 9893 0285 CEF08BD8 		.ascii	"\316\360\213\330)\2553*\315G]K\311$\234:v\357\374k/"
 9893      29AD332A 
 9893      CD475D4B 
 9893      C9249C3A 
 9893      76EFFC6B 
 9894 029a 03DE4C9B 		.ascii	"\003\336L\233\206\203\235\323L\247\231A\203\003\350"
 9894      86839DD3 
 9894      4CA79941 
 9894      8303E8
 9895 02a9 AE3A19E9 		.ascii	"\256:\031\351\305\221 \236\006\027\015n:\231@C?\032"
 9895      C591209E 
 9895      06170D6E 
 9895      3A994043 
 9895      3F1A
 9896 02bb FAE380D6 		.ascii	"\372\343\200\326Wp\326\205\037\016f%c+\271&\0279\270"
 9896      5770D685 
 9896      1F0E6625 
 9896      632BB926 
 9896      1739B8
 9897 02ce 888059BC 		.ascii	"\210\200Y\274\265=E\244\006\347\315\035+\3577_\322\250"
 9897      B53D45A4 
 9897      06E7CD1D 
ARM GAS  /tmp/cc0F93am.s 			page 316


 9897      2BEF375F 
 9897      D2A8
 9898 02e0 40C5D6BF 		.ascii	"@\305\326\277GR\304\231\346;y\237\347\017\244\322\024"
 9898      4752C499 
 9898      E63B799F 
 9898      E70FA4D2 
 9898      14
 9899 02f1 E2D2122E 		.ascii	"\342\322\022.\305\273\302\017\256\235\343T]B\216\345"
 9899      C5BBC20F 
 9899      AE9DE354 
 9899      5D428EE5 
 9900 0301 46F29087 		.ascii	"F\362\220\207Q\325a\314\207.7.\021\017\225\016\0368"
 9900      51D561CC 
 9900      872E372E 
 9900      110F950E 
 9900      1E38
 9901 0313 8F9C9152 		.ascii	"\217\234\221R\327\327;/\276J\325't:*8\325\037\273\016"
 9901      D7D73B2F 
 9901      BE4AD527 
 9901      743A2A38 
 9901      D51FBB0E 
 9902 0327 A12134C1 		.ascii	"\241!4\301\313\303\3124*\275\360\366\373q\203\017ia"
 9902      CBC3CA34 
 9902      2ABDF0F6 
 9902      FB71830F 
 9902      6961
 9903 0339 738D27CC 		.ascii	"s\215'\314\235D\341\266\346r\323\241\343\373\002\215"
 9903      9D44E1B6 
 9903      E672D3A1 
 9903      E3FB028D 
 9904 0349 305890DA 		.ascii	"0X\220\332\271\341\360i\015%p\001ta\200\301o\342M\334"
 9904      B9E1F069 
 9904      0D257001 
 9904      746180C1 
 9904      6FE24DDC 
 9905 035d 5C51D5E2 		.ascii	"\\Q\325\342\032|Di\307\321\331\333%\333\317\304\013"
 9905      1A7C4469 
 9905      C7D1D9DB 
 9905      25DBCFC4 
 9905      0B
 9906 036e EDDF491B 		.ascii	"\355\337I\033\232@'g/\375\024^;K8,b\272r'oM\276\234"
 9906      9A402767 
 9906      2FFD145E 
 9906      3B4B382C 
 9906      62BA7227 
 9907 0386 16EF2A19 		.ascii	"\026\357*\031!e+V\225\273\004G\327 \264\257&\221\246"
 9907      21652B56 
 9907      95BB0447 
 9907      D720B4AF 
 9907      2691A6
 9908 0399 851C1073 		.ascii	"\205\034\020su\316\215&\007\005\310\305\015\251l\374"
 9908      75CE8D26 
 9908      0705C8C5 
 9908      0DA96CFC 
 9909 03a9 E17CC246 		.ascii	"\341|\302FX\237M=!\314\343\013\261\310.\222W\270\227"
 9909      589F4D3D 
 9909      21CCE30B 
ARM GAS  /tmp/cc0F93am.s 			page 317


 9909      B1C82E92 
 9909      57B897
 9910 03bc 1DBEB8DB 		.ascii	"\035\276\270\333\226\\b\312-\033\\\202\215\260F>\261"
 9910      965C62CA 
 9910      2D1B5C82 
 9910      8DB0463E 
 9910      B1
 9911 03cd 972199B5 		.ascii	"\227!\231\265\300\342\253U\243\372@&F\256\310K\205\271"
 9911      C0E2AB55 
 9911      A3FA4026 
 9911      46AEC84B 
 9911      85B9
 9912 03df E3270ACA 		.ascii	"\343'\012\312\"\232\225\273\362\366\367\251\306\310"
 9912      229A95BB 
 9912      F2F6F7A9 
 9912      C6C8
 9913 03ed AF874B6B 		.ascii	"\257\207Kk\014\232\027r\015\021\244\247\263\245\200"
 9913      0C9A1772 
 9913      0D11A4A7 
 9913      B3A580
 9914 03fc 3FA76BCD 		.ascii	"?\247k\315\3025 \327\376@\327\004\370\262x\211\245#"
 9914      C23520D7 
 9914      FE40D704 
 9914      F8B27889 
 9914      A523
 9915 040e 1C4A72D6 		.ascii	"\034Jr\326\345\2669\245\304\020\026u\022~\233[\303\245"
 9915      E5B639A5 
 9915      C4101675 
 9915      127E9B5B 
 9915      C3A5
 9916 0420 D0897244 		.ascii	"\320\211rD\316\377\347\373*\203\242\260\303C,\272~\320"
 9916      CEFFE7FB 
 9916      2A83A2B0 
 9916      C3432CBA 
 9916      7ED0
 9917 0432 228A20E4 		.ascii	"\"\212 \344\241ST\277xR\004\322\254\002\0214\034\002"
 9917      A15354BF 
 9917      785204D2 
 9917      AC021134 
 9917      1C02
 9918 0444 0512CD83 		.ascii	"\005\022\315\203\201<D,\036t\354\254e`\361@\227\256"
 9918      813C442C 
 9918      1E74ECAC 
 9918      6560F140 
 9918      97AE
 9919 0456 4E549482 		.ascii	"NT\224\202\256'hG\317\272\3012\265~k\355T\272\203B\257"
 9919      AE276847 
 9919      CFBAC132 
 9919      B57E6BED 
 9919      54BA8342 
 9920 046b ACF69641 		.ascii	"\254\366\226A\327P\246\2736\245{>\344\261I\361\236Z"
 9920      D750A6BB 
 9920      36A57B3E 
 9920      E4B149F1 
 9920      9E5A
 9921 047d 78CA6E8B 		.ascii	"x\312n\213\332E\256\326\326\274E\323h\337]1\325\001"
 9921      DA45AED6 
ARM GAS  /tmp/cc0F93am.s 			page 318


 9921      D6BC45D3 
 9921      68DF5D31 
 9921      D501
 9922 048f 61E20C1B 		.ascii	"a\342\014\033\265\250\327\253Hv7\013w\224\007\327\340"
 9922      B5A8D7AB 
 9922      4876370B 
 9922      779407D7 
 9922      E0
 9923 04a0 E0BE1A3B 		.ascii	"\340\276\032;M\013y\\\254fL\342\012W}\023\341\230\270"
 9923      4D0B795C 
 9923      AC664CE2 
 9923      0A577D13 
 9923      E198B8
 9924 04b3 C5D99438 		.ascii	"\305\331\22487\264\211\304i\342\215apM\344\016\223R"
 9924      37B489C4 
 9924      69E28D61 
 9924      704DE40E 
 9924      9352
 9925 04c5 6048A878 		.ascii	"`H\250x\211\266\262\2701\207\223[n\350\022I\271\216"
 9925      89B6B2B8 
 9925      3187935B 
 9925      6EE81249 
 9925      B98E
 9926 04d7 7068B269 		.ascii	"ph\262i9(\307\237\301^\321 \322o\2171\370'$\243\021"
 9926      3928C79F 
 9926      C15ED120 
 9926      D26F8F31 
 9926      F82724A3 
 9927 04ec 79ADAD48 		.ascii	"y\255\255H\260\014\275\322\274\353)\310\261%h\300_\002"
 9927      B00CBDD2 
 9927      BCEB29C8 
 9927      B12568C0 
 9927      5F02
 9928 04fe 982BE01B 		.ascii	"\230+\340\0332\222\355\271\313T$n\344\017\001\011\376"
 9928      3292EDB9 
 9928      CB54246E 
 9928      E40F0109 
 9928      FE
 9929 050f FFBD96D8 		.ascii	"\377\275\226\330IT\3317UeK\330[\344\257[\276t\321\376"
 9929      4954D937 
 9929      55654BD8 
 9929      5BE4AF5B 
 9929      BE74D1FE 
 9930 0523 BE298D24 		.ascii	"\276)\215$<\263\2776\270-\200u\005|G^\350&\274\320\335"
 9930      3CB3BF36 
 9930      B82D8075 
 9930      057C475E 
 9930      E826BCD0 
 9931 0538 EE26A8C2 		.ascii	"\356&\250\3025\312\"\307\3173\253p\273j\337\357\261"
 9931      35CA22C7 
 9931      CF33AB70 
 9931      BB6ADFEF 
 9931      B1
 9932 0549 3B569EEE 		.ascii	";V\236\356\367\034v\377\026v\015e\367\256\274\255M\313"
 9932      F71C76FF 
 9932      16760D65 
 9932      F7AEBCAD 
ARM GAS  /tmp/cc0F93am.s 			page 319


 9932      4DCB
 9933 055b B718CFC4 		.ascii	"\267\030\317\304\211\300)\232A@\367b\230\351 f\372\011"
 9933      89C0299A 
 9933      4140F762 
 9933      98E92066 
 9933      FA09
 9934 056d 876DB137 		.ascii	"\207m\2617\255\264\336\"\352v\365\253\317ae\020Y\271"
 9934      ADB4DE22 
 9934      EA76F5AB 
 9934      CF616510 
 9934      59B9
 9935 057f AF1E3D69 		.ascii	"\257\036=i\345\037H\026O\233x\311\352\243\022\220(\211"
 9935      E51F4816 
 9935      4F9B78C9 
 9935      EAA31290 
 9935      2889
 9936 0591 E8FFCC44 		.ascii	"\350\377\314D$\300\003\201lS\310\377\366\274\250\026"
 9936      24C00381 
 9936      6C53C8FF 
 9936      F6BCA816 
 9937 05a1 92751B13 		.ascii	"\222u\033\0230\312\207\326Kb\177\260ywgOB\366\327\313"
 9937      30CA87D6 
 9937      4B627FB0 
 9937      7977674F 
 9937      42F6D7CB 
 9938 05b5 84B4C362 		.ascii	"\204\264\303b\217\230\2402\376\343\317\034I\007\375"
 9938      8F98A032 
 9938      FEE3CF1C 
 9938      4907FD
 9939 05c4 90377575 		.ascii	"\2207uu<T\244\036\036\321\355c^\033\211\326\021\323"
 9939      3C54A41E 
 9939      1ED1ED63 
 9939      5E1B89D6 
 9939      11D3
 9940 05d6 5BD745B0 		.ascii	"[\327E\260\267\036P/F\353q\253\267\356\305\336zP\211"
 9940      B71E502F 
 9940      46EB71AB 
 9940      B7EEC5DE 
 9940      7A5089
 9941 05e9 BB4A92A4 		.ascii	"\273J\222\244\352\372\322\361\352\215/\225\335vH\324"
 9941      EAFAD2F1 
 9941      EA8D2F95 
 9941      DD7648D4 
 9942 05f9 58DCE6ED 		.ascii	"X\334\346\355\356\300\215\327\261\003W)m\374\331\332"
 9942      EEC08DD7 
 9942      B1035729 
 9942      6DFCD9DA 
 9943 0609 DD810F8B 		.ascii	"\335\201\017\213\016l\005\255c\320\2351\035\370HT\007"
 9943      0E6C05AD 
 9943      63D09D31 
 9943      1DF84854 
 9943      07
 9944 061a AEEEEEC0 		.ascii	"\256\356\356\300\325Q\035\370\323\226M\027\034\335\315"
 9944      D5511DF8 
 9944      D3964D17 
 9944      1CDDCD
 9945 0629 B5533C56 		.ascii	"\265S<V\217Ds\355\335I\273\254Nzs\2260\314\330_\270"
ARM GAS  /tmp/cc0F93am.s 			page 320


 9945      8F4473ED 
 9945      DD49BBAC 
 9945      4E7A7396 
 9945      30CCD85F 
 9946 063e 5CB1AE5C 		.ascii	"\\\261\256\\\027\321\323g\005\007\311\\\250\222\226"
 9946      17D1D367 
 9946      0507C95C 
 9946      A89296
 9947 064d 239392BC 		.ascii	"#\223\222\274\370\347\233\2311-\303\037L\313\012\314"
 9947      F8E79B99 
 9947      312DC31F 
 9947      4CCB0ACC 
 9948 065d 9F33CBEB 		.ascii	"\2373\313\353\017zgN\235\355\015\006|\364\2356m\376"
 9948      0F7A674E 
 9948      9DED0D06 
 9948      7CF49D36 
 9948      6DFE
 9949 066f 8C19E981 		.ascii	"\214\031\351\201`\222\217\351\376i\363\346\276\024#"
 9949      60928FE9 
 9949      FE69F3E6 
 9949      BE1423
 9950 067e 4B9A3E26 		.ascii	"K\232>&}\254/y\306h\226\364\024(\177\020\207@\326\310"
 9950      7DAC2F79 
 9950      C66896F4 
 9950      14287F10 
 9950      8740D6C8 
 9951 0692 3919729E 		.ascii	"9\031r\2364\223\275\361\204\343\201,o\306\034\337\354"
 9951      3493BDF1 
 9951      84E3812C 
 9951      6FC61CDF 
 9951      EC
 9952 06a3 F9D3D371 		.ascii	"\371\323\323q/\2700\210G\355\323\246\006\323\337\013"
 9952      2FB83088 
 9952      47EDD3A6 
 9952      06D3DF0B 
 9953 06b3 64BCFB04 		.ascii	"d\274\373\004\025\237?3\323?\307\233\276 \313\373\316"
 9953      159F3F33 
 9953      D33FC79B 
 9953      BE20CBFB 
 9953      CE
 9954 06c4 E489DE71 		.ascii	"\344\211\336q\023\247\214\237\342\035\347\017\244{\307"
 9954      13A78C9F 
 9954      E21DE70F 
 9954      A47BC7
 9955 06d3 77236506 		.ascii	"w#e\0063\202i\037\371|\2106\366\351(s\375\201\254 \341"
 9955      3382691F 
 9955      F97C8836 
 9955      F6E92873 
 9955      FD81AC20 
 9956 06e8 8C9BB800 		.ascii	"\214\233\270\000\017\371\020&\355\3431\231\250\250\007"
 9956      0FF91026 
 9956      EDE33199 
 9956      A8A807
 9957 06f7 333E49EF 		.ascii	"3>I\357?q\312d\017\37137\2201\30234\231i\001f\317L\317"
 9957      3F71CA64 
 9957      0FF93337 
 9957      9031C233 
ARM GAS  /tmp/cc0F93am.s 			page 321


 9957      34996901 
 9958 070f F40716B2 		.ascii	"\364\007\026\262\377\000tZ\315R"
 9958      FF00745A 
 9958      CD52
 9959              		.text
 9960              		.section	.gnu.lto_.symbol_nodes.e93b417e7755f224,"e",%progbits
 9961 0000 789C75D2 		.ascii	"x\234u\322\273.\004a\024\300\361s\371\314\256\031v\306"
 9961      BB2E0461 
 9961      14C0F173 
 9961      F9CCAE19 
 9961      76C6
 9962 0012 DA715905 		.ascii	"\332qY\005O\241\346Yt\012\257p6\262\205D\243\021\241"
 9962      4FA1E659 
 9962      740AAF70 
 9962      36B28544 
 9962      A311A1
 9963 0025 5090A024 		.ascii	"P\220\240$\"A\242\220\240P\254J\201D\342\266\356w+H"
 9963      2241A290 
 9963      A050AC4A 
 9963      8144E2B6 
 9963      EE772B48 
 9964 0039 366B98B1 		.ascii	"6k\230\261+\3319\247:\231_N\362\317\227I\002B\326\000"
 9964      2BD939A7 
 9964      3A995F4E 
 9964      F2CF9749 
 9964      0242D600 
 9965 004d 008DB240 		.ascii	"\000\215\262@.\030\203c\005\000\001\\\313o\346z\002"
 9965      2E188363 
 9965      0500015C 
 9965      CB6FE67A 
 9965      02
 9966 005e FEC12916 		.ascii	"\376\301)\026T\361\204\204\376#\254\347\372#:%a\205"
 9966      54F18484 
 9966      FE23ACE7 
 9966      FA233A25 
 9966      6185
 9967 0070 CE488C42 		.ascii	"\316H\214B\347$\015\012\025I\254\271\203\211\336z\271"
 9967      E7240D0A 
 9967      1549ACB9 
 9967      8389DE7A 
 9967      B9
 9968 0081 20492847 		.ascii	" I(G\227$I\205\256H\032\025\272&\261\025\272!q\236&"
 9968      97244985 
 9968      AE481A15 
 9968      BA26B115 
 9968      BA21719E 
 9969 0096 8A3DF572 		.ascii	"\212=\365rK\322\244\034\335\2214+tO\222R\350\201\304"
 9969      4BD2A41C 
 9969      DD91342B 
 9969      744F9252 
 9969      E881C4
 9970 00a9 55E889C4 		.ascii	"U\350\211\304\213\177\213G\222\026\345\350\231$\255"
 9970      8B7F8B47 
 9970      9216E5E8 
 9970      9924AD
 9971 00b8 D00B49AB 		.ascii	"\320\013I\253B\257$\031\205\336H\374\370\267(\221\264"
 9971      42AF2419 
ARM GAS  /tmp/cc0F93am.s 			page 322


 9971      85DE48FC 
 9971      F8B72891 
 9971      B4
 9972 00c9 2947EF24 		.ascii	")G\357$\355\225`\270\216\360\203\244\243\022M\367/C"
 9972      ED9560B8 
 9972      8EF083A4 
 9972      A3124DF7 
 9972      2F43
 9973 00db F05FF605 		.ascii	"\360_\366\005\362E\322\031/e\222l\274TH\272b\205\271"
 9973      F245D219 
 9973      2F65926C 
 9973      BC5448BA 
 9973      6285B9
 9974 00ee 236C3BB7 		.ascii	"#l;\267\271\2413Z]\266\262\237;SG\214\371\004[0\262"
 9974      B9A1335A 
 9974      5DB6B29F 
 9974      3B53478C 
 9974      F9045B30 
 9975 0103 779CC6E1 		.ascii	"w\234\306\341\024'\254\320gl\223,L.\027\011Km`\032\303"
 9975      1427ACD0 
 9975      676C932C 
 9975      4C2E1709 
 9975      4B6D601A 
 9976 0118 753F056C 		.ascii	"u?\005l[\213\357\323\007\200\303\216\261\257fv\027\020"
 9976      5B8BEFD3 
 9976      0780C38E 
 9976      B1AF6676 
 9976      1710
 9977 012a 5706819D 		.ascii	"W\006\201\235\350\353\251\313N\327\374\343v\0311?P["
 9977      E8EBA9CB 
 9977      4ED7FCE3 
 9977      7619313F 
 9977      505B
 9978 013c 078D7374 		.ascii	"\007\215st\270\261\204X\022\340\346\250&\357\260\033"
 9978      B8B18458 
 9978      12E0E6A8 
 9978      26EFB01B 
 9979 014c D56CA5D8 		.ascii	"\325l\245\330\253\325x\370W\323\342Uk\322a\302J\026"
 9979      ABD578F8 
 9979      57D3E255 
 9979      6BD261C2 
 9979      4A16
 9980 015e 4C6B14E6 		.ascii	"Lk\024\346\002g\274jM&\254\031\037\002\366\275j\215"
 9980      0267BC6A 
 9980      4D26AC19 
 9980      1F02F6BD 
 9980      6A8D
 9981 0170 5FABF16B 		.ascii	"_\253\361k5~T3\213`\332\277\026V\313\200\343\335\000"
 9981      357E5433 
 9981      8B60DABF 
 9981      1656CB80 
 9981      E3DD00
 9982 0183 DF5F0341 		.ascii	"\337_\003A\262"
 9982      B2
 9983              		.text
 9984              		.section	.gnu.lto_.refs.e93b417e7755f224,"e",%progbits
 9985 0000 789CE360 		.ascii	"x\234\343``\004B \000\000\000]\000\013"
ARM GAS  /tmp/cc0F93am.s 			page 323


 9985      60044220 
 9985      0000005D 
 9985      000B
 9986              		.text
 9987              		.section	.gnu.lto_.decls.e93b417e7755f224,"e",%progbits
 9988 0000 789CB55A 		.ascii	"x\234\265ZyXT\331\225\257[\267\250*v\203\266m\307db"
 9988      795854D9 
 9988      95AF5BB7 
 9988      A82A7683 
 9988      B66DC764 
 9989 0015 7A4CBA93 		.ascii	"zL\272\223\216\242\335=\351Nf\276\257\267t\0223\351"
 9989      8EA2DD3D 
 9989      E94E66BE 
 9989      AFB77412 
 9989      33E9
 9990 0027 F4A29DB6 		.ascii	"\364\242\235\266\347\037\002X\012\335@\321T\321\352"
 9990      E71F0258 
 9990      0ADD40D1 
 9990      54D1EA
 9991 0036 4CBE2F05 		.ascii	"L\276/\005(\240\242 \202,.\354\202\240 \202\013\202"
 9991      28A0A220 
 9991      822C2EEC 
 9991      82A02082 
 9991      0B82
 9992 0048 B2BAB00A 		.ascii	"\262\272\260\012\250\240 \253\212\012\002\256\240\200"
 9992      A8A020AB 
 9992      8A0A02AE 
 9992      A080
 9993 0056 30E7DEFB 		.ascii	"0\347\336\373^\275\367\252^i'\223\251\217\303{\367\276"
 9993      5EBDF7AA 
 9993      5E692793 
 9993      A98FC37B 
 9993      F7BE
 9994 0068 73CFF99D 		.ascii	"s\317\371\235\345\236{\337\242U \305\237_W(\256h\024"
 9994      E59E7BDF 
 9994      A25520C5 
 9994      9F5F5728 
 9994      AE6814
 9995 007b 8A4C6785 		.ascii	"\212Lg\205b\006~/)\024\212\026 W G\244P\270\000\015"
 9995      62067E2F 
 9995      29148A16 
 9995      20572047 
 9995      A450B800 
 9996 0090 C0792B50 		.ascii	"\300y+P\007P=\320\032r\035\372\325p\234\015\3079\210"
 9996      07503DD0 
 9996      1A721DFA 
 9996      D5709C0D 
 9996      C73988
 9997 00a3 8D990BC7 		.ascii	"\215\231\013\307/\341xM\301~?\000z\005\372^\007\372"
 9997      2FE1784D 
 9997      C17E3F00 
 9997      7A05FA5E 
 9997      07FA
 9998 00b5 0FA07781 		.ascii	"\017\240w\201~\003\264\014h!\320\177\002}\004\3641\320"
 9998      7E03B40C 
 9998      6821D07F 
 9998      027D04F4 
ARM GAS  /tmp/cc0F93am.s 			page 324


 9998      31D0
 9999 00c7 A7402B81 		.ascii	"\247@+\201\274\200V\003}\015\344\017\344\016\244\007"
 9999      BC805603 
 9999      7D0DE40F 
 9999      E40EA407 
 10000 00d7 32027D0B 		.ascii	"2\002}\013\364W\2400\240\010\240M@\333\201v\000%\002"
 10000      F457A030 
 10000      A008A04D 
 10000      40DB8176 
 10000      002502
 10001 00ea E52085D5 		.ascii	"\345 \205\325\357c\245B\341\004G7\2409@/#f\027\301M"
 10001      EF63A542 
 10001      E1044737 
 10001      A039402F 
 10001      236617C1 
 10002 00ff 6C207611 		.ascii	"l v\021\314\304\026\007\316\026b'\006\322\302\37149"
 10002      CCC41607 
 10002      CE166227 
 10002      06D2C2F9 
 10002      3439
 10003 0111 47AC4D30 		.ascii	"G\254M0\023{r\201\210\252r\013]:\320\345h\241\313\305"
 10003      137B7281 
 10003      88AA720B 
 10003      5D3AD0E5 
 10003      68A1CBC5 
 10004 0125 862E674E 		.ascii	"\206.gN\217\212\2649=S\"]\356\234\337l\351Z\257d1\362"
 10004      8F8AB439 
 10004      3D53225D 
 10004      EE9CDF6C 
 10004      E95AAF64 
 10005 013b 11E9737C 		.ascii	"\021\351s|F\254\276\344\354\033\207\243\223\222\305"
 10005      46ACBEE4 
 10005      EC1B87A3 
 10005      9392C5
 10006 014a 888C7F0A 		.ascii	"\210\214\177\012\364\010\350!\220\222(B\314n\202\311"
 10006      F408E821 
 10006      90922842 
 10006      CC6E82C9 
 10007 015a 0E314C1A 		.ascii	"\0161L\0328\316(\004_\250\200&9\354$\256\263@\236\033"
 10007      38CE2804 
 10007      5FA88026 
 10007      39EC24AE 
 10007      B3409E1B 
 10008 016e D01CA5B5 		.ascii	"\320\034\245\265\377C\240\317Y\006g+\207\213`\"X\306"
 10008      FF43A0CF 
 10008      5906672B 
 10008      878B6022 
 10008      58C6
 10009 0180 397F11DF 		.ascii	"9\177\021\337\274\000cb\340\\\243`xf\024\002&\036\303"
 10009      BC006362 
 10009      E05CA360 
 10009      78661402 
 10009      261EC3
 10010 0193 532E4624 		.ascii	"S.F$\247^T\262<\260\374m\202~{\221\336VN7\361\005\361"
 10010      A75E54B2 
 10010      3CB0FC6D 
 10010      827E7B91 
ARM GAS  /tmp/cc0F93am.s 			page 325


 10010      DE564E37 
 10011 01aa D37F2904 		.ascii	"\323\177)\004\375\230\213\203\226\363\0019\374FF\346"
 10011      FD988B83 
 10011      96F30139 
 10011      FC4646E6 
 10012 01ba 0E90394B 		.ascii	"\016\2209K\306\236\016\205\020_\336\2569\317\260M\315"
 10012      C69E0E85 
 10012      105FDEAE 
 10012      39CFB04D 
 10012      CD
 10013 01cb E953703E 		.ascii	"\351Sp>\266\343\354\344\355\"s\344%%\313m\313\3372\016"
 10013      B6E3ECE4 
 10013      ED2273E4 
 10013      2525CB6D 
 10013      CBDF320E 
 10014 01df 83AD9C1E 		.ascii	"\203\255\234\036PHs\232\350\377>\214I\340\360\314\207"
 10014      5048739A 
 10014      E8FF3E8C 
 10014      49E0F0CC 
 10014      87
 10015 01f0 F39F7279 		.ascii	"\363\237ry\246\344|Ip\220x.\344r.\221\313u\271\334K"
 10015      A6E47C49 
 10015      7090782E 
 10015      E4722E91 
 10015      CB75B9DC 
 10016 0205 80F10E36 		.ascii	"\200\361\0166\364\377\020\256\375\010h!\320O\200\376"
 10016      F4FF10AE 
 10016      FD086821 
 10016      D04F80FE 
 10017 0215 95C34FE2 		.ascii	"\225\303O\342@\346\373k\320\267\030h\011\320\033@\377"
 10017      40E6FB6B 
 10017      D0B71868 
 10017      09D01B40 
 10017      FF
 10018 0226 06F416D0 		.ascii	"\006\364\026\320\257\225L\267\345o\227\215<'z\276\344"
 10018      AF954CB7 
 10018      E56F978D 
 10018      3C277ABE 
 10018      E4
 10019 0237 7C5EAB10 		.ascii	"|^\253\020t\362\361\344\363\377\234B\310#\255\205\257"
 10019      74F2F1E4 
 10019      F3FF9C42 
 10019      C823AD85 
 10019      AF
 10020 0248 492E915C 		.ascii	"I.\221\\&\330>z\016\266\217e\260\245p\265\305\022\233"
 10020      26D83E7A 
 10020      0EB68F65 
 10020      B0A570B5 
 10020      C5129B
 10021 025b 18D73F82 		.ascii	"\030\327?\202\207\250\222\323\227\241d:l\371\235\350"
 10021      87A892D3 
 10021      97A1643A 
 10021      6CF99DE8 
 10022 026b FC01177B 		.ascii	"\374\001\027{K\237\360\261 u\332\022\217V!\314+9\\\004"
 10022      4B9FF0B1 
 10022      2075DA12 
 10022      8F5621CC 
ARM GAS  /tmp/cc0F93am.s 			page 326


 10022      2B395C04 
 10023 027f 1389F7A7 		.ascii	"\023\211\367\247\234\217\304~\021\373\213\304O\016w"
 10023      9C8FC47E 
 10023      11FB8BC4 
 10023      4F0E77
 10024 028e A105EE0E 		.ascii	"\241\005\356\016\205P\003x\354/\243g\343\376w8\276\307"
 10024      85500378 
 10024      EC2FA367 
 10024      E3FE7738 
 10024      BEC7
 10025 02a0 D5ADBF07 		.ascii	"\325\255\277\0077\251\307+ebK\260\212\355\310\261\201"
 10025      37A9C72B 
 10025      65624BB0 
 10025      8AEDC8B1 
 10025      81
 10026 02b1 FDB44CFE 		.ascii	"\375\264L\376=kM$68\377?\324Y\257\347\324\331F\0338"
 10026      3D6B4D24 
 10026      3638FF3F 
 10026      D459AFE7 
 10026      D4D9461B 
 10027 02c6 F95C24D8 		.ascii	"\371\\$\330\3705\307VM\322r\030\236WsW?\243\346\266"
 10027      F835C756 
 10027      4DD27218 
 10027      9E577357 
 10027      3FA3E6B6 
 10028 02da 5BAC81AD 		.ascii	"[\254\201\255\034\2169\026u\327Y4/\344j\357\3272\262"
 10028      1C8E3916 
 10028      75D75934 
 10028      2FE46AEF 
 10028      D732B2
 10029 02ed 3BBFA38D 		.ascii	";\277\243\215\274\\[uW.Wx\333\374\237Qw=d\352\256x}"
 10029      BC5C5B75 
 10029      572E5778 
 10029      DBFC9F51 
 10029      773D64EA 
 10030 0304 17D75D3E 		.ascii	"\027\327]>\007\304u\367}8_j\243\356\272\213\352\356"
 10030      07C475F7 
 10030      7D385F6A 
 10030      A3EEBA8B 
 10030      EAEE
 10031 0316 EB36EA6E 		.ascii	"\3536\352n\217L\335\345\365\213\353\356\007$\327EuW"
 10031      8F4CDDE5 
 10031      F58BEBEE 
 10031      0724D745 
 10031      7557
 10032 0328 FF9CDAE6 		.ascii	"\377\234\332\346.c\353m\231u\316\205\313\037\276\326"
 10032      2E63EB6D 
 10032      9975CE85 
 10032      CB1FBED6 
 10033 0338 58CE5767 		.ascii	"X\316Wg$\254y\342Z'\267\316\211k\257\3619\370\276\225"
 10033      24AC79E2 
 10033      5A27B7CE 
 10033      896BAFF1 
 10033      39F8BE95 
 10034 034c C1372CB3 		.ascii	"\3017,\263\257\340\361\211\261\375#\230\310%9\235Od"
 10034      AFE0F189 
 10034      B1FD2398 
ARM GAS  /tmp/cc0F93am.s 			page 327


 10034      C825399D 
 10034      4F64
 10035 035e EAAF0B57 		.ascii	"\352\257\013WS\3055X\316/|L\010>K<\342:6%\302fY\177"
 10035      53C53558 
 10035      CE2F7C4C 
 10035      083E4B3C 
 10035      E23A3625 
 10036 0376 FFFA9CFA 		.ascii	"\377\372\234\372K\342(\207[\003\0117W!\255\277\004\367"
 10036      4BE22887 
 10036      5B030937 
 10036      5721ADBF 
 10036      04F7
 10037 0388 5C24ADBF 		.ascii	"\\$\255\277\317\303\316\327\340\177\004?\251\011a2q"
 10037      CFC3CED7 
 10037      E07F043F 
 10037      A9096132 
 10037      71
 10038 0399 7697A9C3 		.ascii	"v\227\251\303r6\270b&c\340\031\361\026\327\025\202\221"
 10038      7236B862 
 10038      2663E019 
 10038      F116D715 
 10038      8291
 10039 03ab 8F335F57 		.ascii	"\2173_W\370=6\217\213tG\310\350\232\215\345s\237\370"
 10039      F83D368F 
 10039      8B7447C8 
 10039      E89A8DE5 
 10039      739FF8
 10040 03be C932BF9E 		.ascii	"\3112\277\236\227\373\323\012\371\\\343s\177\323sb*"
 10040      97FBD30A 
 10040      F95CE373 
 10040      7FD37362 
 10040      2A
 10041 03cf E78B048C 		.ascii	"\347\213\004\214\272C\367<v\332\206\221\233\003RA3\256"
 10041      BA43F73C 
 10041      76DA8691 
 10041      9B035241 
 10041      33AE
 10042 03e1 AEB8D601 		.ascii	"\256\270\326\001\232s\034\320\002hV\037\353\274\255"
 10042      9A731CD0 
 10042      0268561F 
 10042      EBBCAD
 10043 03f0 64579740 		.ascii	"dW\227@soRi\267\012C\305\201\363\306\206\260\031{lO"
 10043      736F5269 
 10043      B70A43C5 
 10043      81F3C686 
 10043      B0197B6C 
 10044 0405 CF0F1637 		.ascii	"\317\017\0267\357\302\356\007M\354\247\015P\240S\010"
 10044      EFC2EE07 
 10044      4DECA70D 
 10044      50A05308 
 10045 0415 530DEF38 		.ascii	"S\015\3578\222\353#\031M\303N\370\013\312\273}\262l"
 10045      92EB2319 
 10045      4DC34EF8 
 10045      0BCABB7D 
 10045      B26C
 10046 0427 DC6EF676 		.ascii	"\334n\366v\216\327\204(,T\2010\252D\263Q9r\347\200\265"
 10046      8ED78428 
ARM GAS  /tmp/cc0F93am.s 			page 328


 10046      2C548130 
 10046      AA44B351 
 10046      3972E780 
 10047 043c 9D686944 		.ascii	"\235hiD\330\207\216\031\210\317\352v\261\032Se5f\272"
 10047      D8878E19 
 10047      88CFEA76 
 10047      B11A5365 
 10047      3566BA
 10048 044f B6371C39 		.ascii	"\2667\0349m6\231BM\251a&\373\337\243j\270\\\212\346"
 10048      6D369942 
 10048      4DA96126 
 10048      FBDFA36A 
 10048      B85C8AE6 
 10049 0463 A313683E 		.ascii	"\243\023h>\014\250AN\214\357i\346\225\006\254R\262."
 10049      0CA8414E 
 10049      8CEF69E6 
 10049      9506AC52 
 10049      B22E
 10050 0475 14AC227D 		.ascii	"\024\254\"}\341\247cJ\235\231\251Jh\246]j\016E\314\021"
 10050      E1A7634A 
 10050      9D99A94A 
 10050      68A65D6A 
 10050      0E45CC11 
 10051 0489 B3A099D8 		.ascii	"\263\240\231\330~\177R\375b<\321\036\023f\232\245D>"
 10051      7E7F52FD 
 10051      623CD11E 
 10051      13669AA5 
 10051      443E
 10052 049b 73D15910 		.ascii	"s\321Y\020|\206\012>\207^T\240\323H\305\244WL\014\236"
 10052      7C860A3E 
 10052      875E54A0 
 10052      D348C5A4 
 10052      574C0C9E 
 10053 04af 7215A380 		.ascii	"r\025\243\200\313\"\024\265\240\222B\006\326\015\203"
 10053      CB2214B5 
 10053      A0924206 
 10053      D60D83
 10054 04be 43956AFC 		.ascii	"C\225j\374?\324\310\350\273\267\217+m\015Cu`\254x\344"
 10054      3FD4C8E8 
 10054      BBB78F2B 
 10054      6D0D4375 
 10054      60AC78E4 
 10055 04d2 8DF43B2F 		.ascii	"\215\364;/0\264\257\2228m\334\270\002\207#*\247\242"
 10055      30B4AF92 
 10055      386DDCB8 
 10055      0287232A 
 10055      A7A2
 10056 04e4 77EB130C 		.ascii	"w\353\023\014\227~\340\200f\020\264\317\216\016_D\254"
 10056      977EE080 
 10056      6610B4CF 
 10056      8E0E5F44 
 10056      AC
 10057 04f5 4D2EEF4F 		.ascii	"M.\357O\311\251q\306\233\031\357\320\371\212\"G\207"
 10057      C9A971C6 
 10057      9B19EFD0 
 10057      F98A2247 
 10057      87
ARM GAS  /tmp/cc0F93am.s 			page 329


 10058 0506 48A2D394 		.ascii	"H\242\323\224a\302\363\024\350\215\371h\011\250kFt\000"
 10058      61C2F314 
 10058      E88DF968 
 10058      09A86B46 
 10058      7400
 10059 0518 6843E701 		.ascii	"hC\347\001B\023@ \376=\222\234\243\022ClA\016\"\313"
 10059      42134020 
 10059      FE3D929C 
 10059      A312436C 
 10059      410E22CB 
 10060 052c 5A79FF6E 		.ascii	"Zy\377n\273\270\271\037\343X\246\203O)7\226R\2757\236"
 10060      BBB8B91F 
 10060      E358A683 
 10060      4F293796 
 10060      52BD379E 
 10061 0540 5C73C13B 		.ascii	"\\s\301;\331\265\313\333\206c]\361^\326(\013\177zJ\003"
 10061      D9B5CBDB 
 10061      86635DF1 
 10061      5ED6280B 
 10061      7F7A4A03 
 10062 0554 8C5F0270 		.ascii	"\214_\002p\370\271\212\260\177\311\260g>\031=\346\204"
 10062      F8B98AB0 
 10062      7FC9B067 
 10062      3E193DE6 
 10062      84
 10063 0565 D318FBA5 		.ascii	"\323\030\373\245\321\204\010%\303N\301(\004g]At\010"
 10063      D1840825 
 10063      C34EC128 
 10063      04675D41 
 10063      7408
 10064 0577 417F19FA 		.ascii	"A\177\031\372\332\031\372\203G\243vi\030\220y\320\014"
 10064      DA19FA83 
 10064      47A37669 
 10064      189079D0 
 10064      0C
 10065 0588 1D1ABCE3 		.ascii	"\035\032\274\343\204s8G\034\214\277\341\212\363Y\203"
 10065      84733847 
 10065      1C8CBFE1 
 10065      8AF35983 
 10066 0598 8FBD1B8B 		.ascii	"\217\275\033\213\375\235#\017\003q\021\273\224Zp\370"
 10066      FD9D230F 
 10066      037111BB 
 10066      945A70F8 
 10067 05a8 BA169F60 		.ascii	"\272\026\237`\215\362\231\235\345*\306\247%\263#\353"
 10067      8DF2999D 
 10067      E52AC6A7 
 10067      25B323EB 
 10068 05b8 5AB71257 		.ascii	"Z\267\022W\262kI\371M\203\032\202.\354;\242\013\213"
 10068      B26B49F9 
 10068      4D831A82 
 10068      2EEC3BA2 
 10068      0B8B
 10069 05ca 359D50E2 		.ascii	"5\235P\342:6\272\361\364\205D\015\276H\033\2702\263"
 10069      3A36BAF1 
 10069      F485440D 
 10069      BE481BB8 
 10069      32B3
ARM GAS  /tmp/cc0F93am.s 			page 330


 10070 05dc BDC81ED9 		.ascii	"\275\310\036\331\317G\300\214\"h\254\302bf!s\254n\200"
 10070      CF47C08C 
 10070      2268ACC2 
 10070      62662173 
 10070      AC6E80
 10071 05ef BC0164AF 		.ascii	"\274\001d\257@7\201\341\026HK2iiG\222\011\364\317\242"
 10071      403781E1 
 10071      16484B32 
 10071      69694792 
 10071      09F4CFA2 
 10072 0603 A720333E 		.ascii	"\247 3>\267r\312\211et\005i\367\317L\177\205;\230\276"
 10072      B772CA89 
 10072      65740569 
 10072      F7CF4C7F 
 10072      853B98BE 
 10073 0617 98AB4FCA 		.ascii	"\230\253O\312\034q?\347\213\201\2746%\276\311\032\033"
 10073      1C713FE7 
 10073      8B81BC36 
 10073      25BEC91A 
 10073      1B
 10074 0628 22926A95 		.ascii	"\"\222j\225VS\357\016\250\034\226L\275\242\231\375\341"
 10074      5653EF0E 
 10074      A81C964C 
 10074      BDA299FD 
 10074      E1
 10075 0639 18DFE306 		.ascii	"\030\337\343\006=J\031\263\236\343#V\203v\3465\356\321"
 10075      3D4A19B3 
 10075      9EE32356 
 10075      8376E635 
 10075      EED1
 10076 064b 8AF36954 		.ascii	"\212\363iT2_\357\362\371Ts\355\3029;<\301\205\240\252"
 10076      325FEFF2 
 10076      F95473ED 
 10076      C2393B3C 
 10076      C185A0AA 
 10077 065f 6F11DE42 		.ascii	"o\021\336B\213\020N\313z\022o\207f/\\Hu\305\020]*\005"
 10077      8B104ECB 
 10077      7A126F87 
 10077      662F5C48 
 10077      75C5105D 
 10078 0675 BA0D12FA 		.ascii	"\272\015\022\372\210\247\357\201\306\007L#z\204\026"
 10078      88A7EF81 
 10078      C6074C23 
 10078      7A8416
 10079 0684 A2876821 		.ascii	"\242\207h!\321\234N\024V\234\255{3\347\341-\223)v\036"
 10079      D19C4E14 
 10079      569CAD7B 
 10079      33E7E12D 
 10079      9329761E 
 10080 0698 5184EE73 		.ascii	"Q\204\356s\274\202zw\362\257\224\234\262\001\375\257"
 10080      BC827A77 
 10080      F2AF949C 
 10080      B201FDAF 
 10081 06a8 269B2A36 		.ascii	"&\233*6\250)\367\220<\367\322\371\024\357\211\370\262"
 10081      A829F790 
 10081      3CF7D2F9 
 10081      14EF89F8 
ARM GAS  /tmp/cc0F93am.s 			page 331


 10081      B2
 10082 06b9 612D2E63 		.ascii	"a-.c\205\262\343\336\326\034\355ly\200c\362\000aT\313"
 10082      85B2E3DE 
 10082      D61CED6C 
 10082      798063F2 
 10082      006154CB 
 10083 06cd 8E8E1E7B 		.ascii	"\216\216\036{\226[oC\2639#.B\303\005\017C;\277\"\276"
 10083      965B6F43 
 10083      B339232E 
 10083      42C3050F 
 10083      433BBF22 
 10084 06e2 DF113750 		.ascii	"\337\0217P\015.\027\343b\012]\320B\372\233\315\016\013"
 10084      0D2E17E3 
 10084      620A5DD0 
 10084      42FA9BCD 
 10084      0E0B
 10085 06f4 19E4FA8E 		.ascii	"\031\344\372\216_\344\024\233L\233\234\320\032'4\001"
 10085      5FE4149B 
 10085      4C9B9CD0 
 10085      1A273401 
 10086 0704 CA429462 		.ascii	"\312B\224b\314e\310\302\304\266=n\031a\246s\177A\035"
 10086      CC65C8C2 
 10086      C4B63D6E 
 10086      1961A673 
 10086      7F411D
 10087 0717 30B1AF5A 		.ascii	"0\261\257Z\361wJ\370M\246\212\211\227B\250K\306\301"
 10087      F1774AF8 
 10087      4DA68A89 
 10087      9742A84B 
 10087      C6C1
 10088 0729 86418E9D 		.ascii	"\206A\216\2357N\344\022&|z\357\034&\034\352\004\272"
 10088      374EE412 
 10088      267C7AEF 
 10088      1C261CEA 
 10088      04BA
 10089 073b 6025BC01 		.ascii	"`%\274\001I\331[\377\205\271\233p_\262\342\276(\206"
 10089      49D95BFF 
 10089      85B99B70 
 10089      5FB2E2BE 
 10089      2886
 10090 074d B2210CA4 		.ascii	"\262!\014\244's\320\257\001\364~+\376>\201_\022\212"
 10090      2773D0AF 
 10090      01F47E2B 
 10090      FE3E815F 
 10090      128A
 10091 075f 27C0F198 		.ascii	"'\300\361\230\204\242\202\033BB\361\024B\021\252\\\210"
 10091      84A2821B 
 10091      4242F114 
 10091      4211AA5C 
 10091      88
 10092 0770 4C40E140 		.ascii	"L@\341@\221@\033\201\246\240?\002\2163p\234\006\012"
 10092      91401B81 
 10092      A6A03F02 
 10092      8E33709C 
 10092      060A
 10093 0782 83F30D40 		.ascii	"\203\363\015@\223\342\274\352\370~\242\251\"DM\246\035"
 10093      93E2BCEA 
ARM GAS  /tmp/cc0F93am.s 			page 332


 10093      F87EA2A9 
 10093      22444DA6 
 10093      1D
 10094 0793 BACE0965 		.ascii	"\272\316\011e3\225G!\330\330\235\"rI\243\015\227\210"
 10094      33954721 
 10094      D8D89D22 
 10094      7249A30D 
 10094      9788
 10095 07a5 E2339DC2 		.ascii	"\3423\235\302\031Y\017\374'm\304S$~\267H|\227\215p\012"
 10095      19590FFC 
 10095      276DC453 
 10095      247EB748 
 10095      7C978D70 
 10096 07ba EC1DF305 		.ascii	"\354\035\363\005\217\367Zqw[p\217\211s\245\315F\200"
 10096      8FF75A71 
 10096      775B708F 
 10096      8973A5CD 
 10096      4680
 10097 07cc 44D1DF25 		.ascii	"D\321\337%"
 10098 07d0 C2D26343 		.ascii	"\302\322cC:5\225,R-\375\0018\014\323\371s\272>\267\034"
 10098      3A35952C 
 10098      522DFD01 
 10098      380CD3F9 
 10098      73BA3EB7 
 10099 07e5 CF960FDA 		.ascii	"\317\226\017\332&\345\3779hdKR\026\035\242\021\227\241"
 10099      26E5FF39 
 10099      68644B52 
 10099      161DA211 
 10099      97A1
 10100 07f7 CD12685B 		.ascii	"\315\022h[\224\244\014\221\003\360f<\332\277\323\036"
 10100      94A40C91 
 10100      03F0663C 
 10100      DABFD31E 
 10101 0807 273168D7 		.ascii	"'1h\327B\312>\267\201,\352\237\202\354x\336\275\030"
 10101      42CA3EB7 
 10101      812CEA9F 
 10101      82EC78DE 
 10101      BD18
 10102 0819 C99E60AB 		.ascii	"\311\236`\253\004\3316\206l\033E\026\221Wt_\262\355"
 10102      04D93686 
 10102      6C1B4516 
 10102      9157745F 
 10102      B2ED
 10103 082b 1897D4A7 		.ascii	"\030\227\324\247h\306\033My\371\245\366\025\353\245"
 10103      68C61B4D 
 10103      79F9A5F6 
 10103      15EBA5
 10104 083a F615B6D4 		.ascii	"\366\025\266\324\216\325&\3449\343C\314\316\250-}\231"
 10104      8ED526E4 
 10104      39E343CC 
 10104      CEA82D7D 
 10104      99
 10105 084b 1AF9A536 		.ascii	"\032\371\2456VI\207\0203\267+\347\243\030%\364\355P"
 10105      56498710 
 10105      33B72BE7 
 10105      A31825F4 
 10105      ED50
ARM GAS  /tmp/cc0F93am.s 			page 333


 10106 085d 3AC0A05B 		.ascii	":\300\240[cWj$^\355\220l\026\342\030\2368\212g\177f"
 10106      63576A24 
 10106      5EED906C 
 10106      16E2189E 
 10106      388A677F 
 10107 0872 7583791F 		.ascii	"u\203y\037\262\341\271\373\220\201\361\222I\211[\342"
 10107      B2E1B9FB 
 10107      9081F192 
 10107      49895BE2 
 10108 0882 9562D13B 		.ascii	"\225b\321;\231\350\235Tt\376\365#_\365A\302\221G\035"
 10108      99E89D54 
 10108      74FEF523 
 10108      5FF541C2 
 10108      91471D
 10109 0895 084DC3F6 		.ascii	"\010M\303\366\032\261G\003\334\252D\216\210\234\023"
 10109      1AB14703 
 10109      DCAA448E 
 10109      889C13
 10110 08a4 9AE17F88 		.ascii	"\232\341\177\210\374(\237\022\361O\022\370>v\340\377"
 10110      FC289F12 
 10110      F14F12F8 
 10110      3E76E0FF 
 10111 08b4 B13E2527 		.ascii	"\261>%'\205\177\240\202\220\302\254\205\311\026\211"
 10111      857FA082 
 10111      90C2AC85 
 10111      C91689
 10112 08c3 66D71177 		.ascii	"f\327\021w\235\027\302\0060T\302@\256K\311\251\023\217"
 10112      9D17C206 
 10112      3054C240 
 10112      AE4BC9A9 
 10112      138F
 10113 08d5 40568805 		.ascii	"@V\210\005\201\012\263P\016\214\002\231\267\374\215"
 10113      810AB350 
 10113      0E8C0299 
 10113      B7FC8D
 10114 08e4 85E19176 		.ascii	"\205\341\221v\375\2507\004r6\365\336\275\377P\240\027"
 10114      FDA83704 
 10114      7236F5DE 
 10114      BDFF50A0 
 10114      17
 10115 08f5 62162868 		.ascii	"b\026(h\240\213/\326\\r\301\355,\352[\316\365\\p\304"
 10115      A08B2FD6 
 10115      5C72C1ED 
 10115      2CEA5BCE 
 10115      F55C70C4 
 10116 0909 E35C0AA4 		.ascii	"\343\\\012\244\357;\205\350\226\031\242\313m\231\213"
 10116      EF3B85E8 
 10116      9619A2CB 
 10116      6D998B
 10117 0918 130A0FBB 		.ascii	"\023\012\017\273Z-\363dNJ\267\345\351\2672\233%\313"
 10117      5A2DF364 
 10117      4E4AB7E5 
 10117      E9B7329B 
 10117      25CB
 10118 092a FC6E4916 		.ascii	"\374nI\026\357Qr\313\374\221\366\232\313vT\007t\241"
 10118      EF5172CB 
 10118      FC91F69A 
ARM GAS  /tmp/cc0F93am.s 			page 334


 10118      CB765407 
 10118      74A1
 10119 093c 5D4AAAE4 		.ascii	"]J\252\344Q\345\356f\262\311R\263T\325\220[\203\204"
 10119      51E5EE66 
 10119      B2C952B3 
 10119      54D5905B 
 10119      8384
 10120 094e B36FB11E 		.ascii	"\263o\261\036\242v\035\364\264G]\350T\343\030\025\205"
 10120      A2761DF4 
 10120      B4475DE8 
 10120      54E31815 
 10120      85
 10121 095f 3A913455 		.ascii	":\2214UH\223\311d\225\255iJ:\214\244S*dk\212\222\246"
 10121      4893C964 
 10121      95AD694A 
 10121      3A8CA453 
 10121      2A646B8A 
 10122 0975 D399A727 		.ascii	"\323\231\247'\316\331\2137\367\351`\242\260\273\317"
 10122      CED98B37 
 10122      F7E960A2 
 10122      B0BBCF
 10123 0984 50C2EE7E 		.ascii	"P\302\356~\257\222\333\335\027W\014\215\340\227SM\275"
 10123      AF92DBDD 
 10123      17570C8D 
 10123      E097534D 
 10123      BD
 10124 0995 BDA68AF1 		.ascii	"\275\246\212\361\315\370Tv\370VSj\210\351\335w\011\037"
 10124      CDF85476 
 10124      F856536A 
 10124      88E9DD77 
 10124      091F
 10125 09a7 4A0605CC 		.ascii	"J\006\005\314p\224\251|\2314\025(Q\011\033\253\004e"
 10125      7094A97C 
 10125      99341528 
 10125      51091BAB 
 10125      0465
 10126 09b9 1F7AA76B 		.ascii	"\037z\247k\005\335\351\215\015\324\253\314f2WV\017\215"
 10126      05DDE98D 
 10126      0DD4ABCC 
 10126      66325756 
 10126      0F8D
 10127 09cb 66AB6D43 		.ascii	"f\253mC\330G d\361\020\306.TD\331\003\204\012\200\320"
 10127      D8472064 
 10127      F110C62E 
 10127      5444D903 
 10127      840A80D0 
 10128 09df 1CA2CC81 		.ascii	"\034\242\314\201AK\010\013J\222jO\222h\207\316l\345"
 10128      414B080B 
 10128      4A926A4F 
 10128      926887CE 
 10128      6CE5
 10129 09f1 CB303CEB 		.ascii	"\3130<\353\\\\\225#\256a\316\032\270[^\342\204o\250"
 10129      5C5C9523 
 10129      AE61CE1A 
 10129      B85B5EE2 
 10129      846FA8
 10130 0a04 6C06F96A 		.ascii	"l\006\371j|\326}G\253 GY\005\271\372\310L\246\2638\310"
ARM GAS  /tmp/cc0F93am.s 			page 335


 10130      7CD67D47 
 10130      AB204759 
 10130      05B9FAC8 
 10130      4CA6B338 
 10131 0a19 7992201F 		.ascii	"y\222 \037\340\203\\Z\236\337\345Bu@\027\312eA\356\331"
 10131      E0835C5A 
 10131      9EDFE542 
 10131      754017CA 
 10131      6541EED9 
 10132 0a2d 16BA11D9 		.ascii	"\026\272\021\3316?\237\230\177\2207\177<,#\331\216\213"
 10132      363F9F98 
 10132      7F90377F 
 10132      3C2C23D9 
 10132      8E8B
 10133 0a3f 405322CE 		.ascii	"@S\"\316\0163\201\007b\026\020.\264_\360@\001x`\277"
 10133      0E338107 
 10133      6216102E 
 10133      B45FF040 
 10133      017860BF 
 10134 0a53 D4FFA51F 		.ascii	"\324\377\245\037\223\361\271[\316=T\231\0210+\013\256"
 10134      93F1B95B 
 10134      CE3D5499 
 10134      11302B0B 
 10134      AE
 10135 0a64 EC1C73B6 		.ascii	"\354\034s\266\015\240\220\0008\304\003(:v\254_e\351"
 10135      0DA09000 
 10135      38C40328 
 10135      3A76AC5F 
 10135      65E9
 10136 0a76 7F604139 		.ascii	"\177`A9R\3559\226\376?L\375\037_w9M\215g\230\313\363"
 10136      52ED3996 
 10136      FE3F4CFD 
 10136      1F5F7739 
 10136      4D8D6798 
 10137 0a8c 0F4C1E72 		.ascii	"\017L\036r\240`\326\360Xv\357\251\036u\242]d\225/f\036"
 10137      A060D6F0 
 10137      5876EFA9 
 10137      1E75A25D 
 10137      64952F66 
 10138 0aa1 BA7A332C 		.ascii	"\272z3,\324\225v\2222z\204u^\036\032\377\314\334w\224"
 10138      D4957692 
 10138      327A8475 
 10138      5E1E1AFF 
 10138      CCDC7794 
 10139 0ab5 F56DBE7F 		.ascii	"\365m\276\177\253GI;\311B{\214u\206O>\355q\246\235d"
 10139      AB47493B 
 10139      C9427B8C 
 10139      75864F3E 
 10139      ED71A69D 
 10140 0aca 57729C75 		.ascii	"Wr\234u\356\314\312\214\024\362\260\204u^\333\267\257"
 10140      EECCCA8C 
 10140      14F2B084 
 10140      755EDBB7 
 10140      AF
 10141 0adb DBD1E68D 		.ascii	"\333\321\346\215n)\361\303\011\336\017\005Y\207\263"
 10141      6E29F1C3 
 10141      09DE0F05 
ARM GAS  /tmp/cc0F93am.s 			page 336


 10141      5987B3
 10142 0aea 355C2006 		.ascii	"5\\ \006\222\234`\363\000\345\333\244$\\\250\310\354"
 10142      929C60F3 
 10142      00E5DBA4 
 10142      245CA8C8 
 10142      EC
 10143 0afb 0A053917 		.ascii	"\012\0059\027G\241\376\317\260S\241\236\330\337\337"
 10143      47A1FECF 
 10143      B053A19E 
 10143      D8DFDF
 10144 0b0a 745A8DB7 		.ascii	"tZ\215\267\332![\323\342Z\370\356wm\202)'`N\361`\356"
 10144      DA215BD3 
 10144      E25AF8EE 
 10144      776D8229 
 10144      27604EF1 
 10145 0b20 5E6FEBE0 		.ascii	"^o\353\340\301t\374\320\214\005\230\320I\021\226\223"
 10145      C174FCD0 
 10145      8C0598D0 
 10145      49119693 
 10146 0b30 522C8701 		.ascii	"R,\207\001K\005\305\262\2471\363\261\023N\260\215\345"
 10146      4B05C5B2 
 10146      A731F3B1 
 10146      134EB08D 
 10146      E5
 10147 0b41 7A7348B2 		.ascii	"zsH\262d\212\022\377\012h\252\011\232*\036M\364\346"
 10147      648A12FF 
 10147      0A68AA09 
 10147      9A2A1E4D 
 10147      F4E6
 10148 0b53 E9B7F814 		.ascii	"\351\267\370\024\315\231\223FS\324\264\2000\241J\021"
 10148      CD999346 
 10148      53D4B480 
 10148      30A14A11 
 10149 0b63 9A4A299A 		.ascii	"\232J)\232x@SC\321\\\332\034\231\356\214s\031\232\222"
 10149      78405343 
 10149      D15CDA1C 
 10149      99EE8C73 
 10149      199A92
 10150 0b76 FCF8366C 		.ascii	"\374\3706l\2163C\223\224<\371\246\031\340\031\026\273"
 10150      8E334393 
 10150      943CF9A6 
 10150      19E01916 
 10150      BB
 10151 0b87 3D49BBE3 		.ascii	"=I\273\343\\l?\244 \000\317\232kH\347\300\015\276\214"
 10151      5C6C3FA4 
 10151      2000CF9A 
 10151      6B48E7C0 
 10151      0DBE8C
 10152 0b9a 0DE40AB1 		.ascii	"\015\344\012\261\003.tZ\204\360\264\024\341\315\317"
 10152      032E745A 
 10152      84F0B414 
 10152      E1CDCF
 10153 0ba9 15A89622 		.ascii	"\025\250\226\"\274wiO\223\003>\311\020\356\216\234\310"
 10153      BC77694F 
 10153      93033EC9 
 10153      10EE8E9C 
 10153      C8
ARM GAS  /tmp/cc0F93am.s 			page 337


 10154 0bba 70E5A48D 		.ascii	"p\345\244\215\025\270\230\245\221\222X'\222Vg\341}\220"
 10154      15B898A5 
 10154      91925827 
 10154      925667E1 
 10154      7D90
 10155 0bcc 564FA599 		.ascii	"VO\245\231\222\016\224)\361%&m\250ok\2673/\255\334I"
 10155      920E9429 
 10155      F125266D 
 10155      A86F6BB7 
 10155      332FADDC 
 10156 0be1 12CB0691 		.ascii	"\022\313\006\221\264\006\251\264\232\025\012\324H\245"
 10156      B406A9B4 
 10156      9A150AD4 
 10156      48A5
 10157 0bef A565EECD 		.ascii	"\245e\356\315\306x\210I\033\254\177r\336\205\2236R;"
 10157      C6788849 
 10157      1BAC7F72 
 10157      DE859336 
 10157      523B
 10158 0c01 2B8D2F17 		.ascii	"+\215/\027DZ\2230a\317\303\204m\222\012L]A\273I\321"
 10158      445A9330 
 10158      61CFC384 
 10158      6D920A4C 
 10158      5D41BB49 
 10159 0c16 6FB95D85 		.ascii	"o\271]\205p\250\232\012\354\272\221{\330\201\027\330"
 10159      70A89A0A 
 10159      ECBA917B 
 10159      D88117D8 
 10160 0c26 2435B659 		.ascii	"$5\266Y\004\257\331\302u\313\025\250\205J;y\267/M\203"
 10160      04AFD9C2 
 10160      75CB15A8 
 10160      854A3B79 
 10160      B72F4D83 
 10161 0c3a 63D4366B 		.ascii	"c\3246k\356\323\360\221mB\300/p\023{gv\223\275yb_d\235"
 10161      EED3F091 
 10161      6D42C02F 
 10161      70137B67 
 10161      7693BD79 
 10162 0c52 1D558957 		.ascii	"\035U\211W\2209\017.\261\316\314\007\247\272$\353\031"
 10162      90390F2E 
 10162      B1CECC07 
 10162      A7BA24EB 
 10162      19
 10163 0c63 91222442 		.ascii	"\221\"$B;I\2046>\021\222\372\312v(yg_\235eNU\340B\255"
 10163      3B498436 
 10163      3E1192FA 
 10163      CA762879 
 10163      675F9D65 
 10164 0c7c 226B5AA5 		.ascii	"\"kZ\245\326\264\177\246@\227\331r2<T\242\301)\352\357"
 10164      D6B47FA6 
 10164      4097D972 
 10164      323C54A2 
 10164      C129EAEF 
 10165 0c90 56CE3AE4 		.ascii	"V\316:\344\312Y\247L9\273*W\316\272\344\312Y7\353\034"
 10165      CA59A74C 
 10165      39BB2A57 
 10165      CEBAE4CA 
ARM GAS  /tmp/cc0F93am.s 			page 338


 10165      5937EB1C 
 10166 0ca4 8FBBBA4F 		.ascii	"\217\273\272Om.\353=\254sr\303\336\036g\233S\242\217"
 10166      6D2EEB3D 
 10166      AC7372C3 
 10166      DE1E679B 
 10166      53A28F
 10167 0cb7 78A297F7 		.ascii	"x\242\227\367D\366\266\252]\216\234'\316\214\010i\007"
 10167      44F6B6AA 
 10167      5D8E9C27 
 10167      CE8C0869 
 10167      07
 10168 0cc8 5CE88AC8 		.ascii	"\\\350\212\310\023W\244\236\270\360\251\002\365SO\244"
 10168      1357A49E 
 10168      B8F0A902 
 10168      F5534FA4 
 10169 0cd8 DE4A4D77 		.ascii	"\336JMw\305\007\231'\344V\231\375\007\032\362\221M4"
 10169      C5079927 
 10169      E45699FD 
 10169      071AF291 
 10169      4D34
 10170 0cea 37089AEB 		.ascii	"7\010\232\353<\232\313\305\261\371*\016\315\304z3\030"
 10170      3C9ACBC5 
 10170      B1F92A0E 
 10170      CDC47A33 
 10170      18
 10171 0cfb 6042D744 		.ascii	"`B\327D`\256I\301\034\0070\003\024LuM\371\036'|\214"
 10171      60AE49C1 
 10171      1C073003 
 10171      144C754D 
 10171      F91E277C 
 10172 0d10 8129AD8C 		.ascii	"\201)\255\214\370\003\305\022g\306\322\267i\240Ki\306"
 10172      F803C512 
 10172      67C6D2B7 
 10172      69A04B69 
 10172      C6
 10173 0d21 778BB9AB 		.ascii	"w\213\271\253\353\356D\245\322v\215\033$\010o\363\010"
 10173      EBEE44A5 
 10173      D2768D1B 
 10173      24086FF3 
 10173      08
 10174 0d32 DBF3AE16 		.ascii	"\333\363\256\026#>s\246\204\"\007\\\350\246\010\342"
 10174      233E73A6 
 10174      8422075C 
 10174      E8A608E2 
 10175 0d42 4D29C470 		.ascii	"M)\304p\2008D!\336?\263q\223\012\3272\210!c\035q\274"
 10175      80384421 
 10175      DE3FB371 
 10175      930AD732 
 10175      8821631D 
 10176 0d58 BD03334E 		.ascii	"\275\0033N\022\203\357\210\244\335\221Jk\374D\201\206"
 10176      1283EF88 
 10176      A4DD914A 
 10176      6BFC4481 
 10176      86
 10177 0d69 A9B484B3 		.ascii	"\251\264\204\263\243w\354q/\223\026z%\353\"_\336\232"
 10177      A377EC71 
 10177      2F93167A 
ARM GAS  /tmp/cc0F93am.s 			page 339


 10177      25EB225F 
 10177      DE9A
 10178 0d7b A2B83D82 		.ascii	"\242\270=\202\211\355\021FD\322F\244\322\342@\332(\225"
 10178      89ED1146 
 10178      44D246A4 
 10178      D2E240DA 
 10178      2895
 10179 0d8d 5659B0AD 		.ascii	"VY\260\255\331\005?Q\333,\300\371\333{C\234\315\376"
 10179      D9053F51 
 10179      DB2CC0F9 
 10179      DB7B439C 
 10179      CDFE
 10180 0d9f BBC7FC57 		.ascii	"\273\307\374Wy\350\302>\245\315\000? \356\273\317\273"
 10180      79E8C23E 
 10180      A5CD003F 
 10180      20EEBBCF 
 10180      BB
 10181 0db0 AFBB734F 		.ascii	"\257\273sO(_3\333v\343}<D\340BwE\020\357J!\356\370X"
 10181      285F33DB 
 10181      76E37D3C 
 10181      44E04277 
 10181      4510EF4A 
 10182 0dc8 811E5288 		.ascii	"\201\036R\210\025C\333\213\234\360\026\015{z\034\226"
 10182      1543DB8B 
 10182      9CF0160D 
 10182      7B7A1C96 
 10183 0dd8 1BC157B9 		.ascii	"\033\301W\271\326\275\230\271/DI\245=\022\252\334\030"
 10183      D6BD98B9 
 10183      2F4449A5 
 10183      3D12AADC 
 10183      18
 10184 0de9 54B94716 		.ascii	"T\271G\026\036\374\023\355&\371[\221\236\250\305{56"
 10184      1EFC13ED 
 10184      26F95B91 
 10184      9EA8C57B 
 10184      3536
 10185 0dfb EB527C58 		.ascii	"\353R|XG$\233\265\344\301\357cfsg]\337\250\275\331\021"
 10185      47249BB5 
 10185      E4C1EF63 
 10185      6673675D 
 10185      DFA8BDD9 
 10186 0e10 4F5867F2 		.ascii	"OXg\362\335\253UN\266\367S\223\304\023\023\274'\"R\217"
 10186      DDAB554E 
 10186      B6F75393 
 10186      C41313BC 
 10186      2722528F 
 10187 0e24 16A839EC 		.ascii	"\026\2509\354\323yB\260\200\013\215\213<1.\005\276\011"
 10187      D37942B0 
 10187      800B8D8B 
 10187      3C312E05 
 10187      BE09
 10188 0e36 804F51E0 		.ascii	"\200OQ\340y1\033\343\355\360\001\333\300\245\005u\232"
 10188      79311BE3 
 10188      EDF001DB 
 10188      C0A50575 
 10188      9A
 10189 0e47 61DC3A9A 		.ascii	"a\334:\232[\307f(\334)\242\031\326\271\273e\353kfcL"
ARM GAS  /tmp/cc0F93am.s 			page 340


 10189      5BC76628 
 10189      DC29A219 
 10189      D6B9BB65 
 10189      EB6B6663 
 10190 0e5c 98F61DEF 		.ascii	"\230\366\035\357i-\302\266\353i(\006cB0g\314\215\223"
 10190      692DC2B6 
 10190      EB692806 
 10190      63423067 
 10190      CC8D93
 10191 0e6f 351B7863 		.ascii	"5\033xc\232N\340\304b\223i#\014T\0216\364Td\315S\251"
 10191      9A4EE0C4 
 10191      62936923 
 10191      0C541136 
 10191      F45464CD 
 10192 0e85 35337F54 		.ascii	"53\177T\2400LW\257\356+{5\270Lc\263\214d\036\033l\326"
 10192      A0304C57 
 10192      AFEE2B7B 
 10192      35B84C63 
 10192      B38C641E 
 10193 0e9c 88F1902A 		.ascii	"\210\361\220*(\340\011'x6\362x\372/4\\\340w\313\335"
 10193      28E00927 
 10193      7836F278 
 10193      FA2F345C 
 10193      E077CBDD 
 10194 0eb0 F5429A01 		.ascii	"\365B\232\001\027\332\200\0058p.\206\323\002p\"(\234"
 10194      17DA8005 
 10194      38702E86 
 10194      D3027022 
 10194      289C
 10195 0ec2 DEA10D3F 		.ascii	"\336\241\015?\305\265\014M]\316\216\024~\312W]\306\222"
 10195      C5B50C4D 
 10195      5DCE8E14 
 10195      7ECA575D 
 10195      C692
 10196 0ed4 491A2912 		.ascii	"I\032)\022\026)\025\226\006\3026Qa\271O\216\336\324"
 10196      16291596 
 10196      06C23651 
 10196      61B94F8E 
 10196      DED4
 10197 0ee6 E25626ED 		.ascii	"\342V&\355\311\355CU,s\322\315\221\352\352z\220\256"
 10197      C9ED4355 
 10197      2C73D2CD 
 10197      91EAEA7A 
 10197      90AE
 10198 0ef8 B6BADD20 		.ascii	"\266\272\335 \017r\243\260\370vc\264\360H\265\223\025"
 10198      0F72A3B0 
 10198      F87663B4 
 10198      F048B593 
 10198      15
 10199 0f09 DF9815DF 		.ascii	"\337\230\025\337\231\323Y\027\035$OP\260\344\011\012"
 10199      99D35917 
 10199      1D244F50 
 10199      B0E4090A 
 10200 0f19 E66E4B06 		.ascii	"\346nK\006\233\207Z\330t\206.\264\205\005\276\241\251"
 10200      9B875AD8 
 10200      74862EB4 
 10200      8505BEA1 
ARM GAS  /tmp/cc0F93am.s 			page 341


 10200      A9
 10201 0f2a E4A99DCD 		.ascii	"\344\251\235\315\351\034C\374\034\315\373y[hv\223\226"
 10201      E91C43FC 
 10201      1CCDFB79 
 10201      5B687693 
 10201      96
 10202 0f3b B8C664AA 		.ascii	"\270\306d\252\350\231\302S\021p_\230\206(\027\332,r"
 10202      E899C253 
 10202      11705F98 
 10202      862817DA 
 10202      2C72
 10203 0f4d 0D9CB39B 		.ascii	"\015\234\263\233\362\355\324!w#.\015:\340X-\273\343"
 10203      F2EDD421 
 10203      77232E0D 
 10203      3AE0582D 
 10203      BBE3
 10204 0f5f CE681AB2 		.ascii	"\316h\032\262\343dt\274\223l\252R\322\341\261\242\341"
 10204      E36474BC 
 10204      936CAA52 
 10204      D2E1B1A2 
 10204      E1
 10205 0f70 B1FCF01D 		.ascii	"\261\374\360\035t\370\256\320\230rG\234\251\265\231"
 10205      74F8AED0 
 10205      9872479C 
 10205      A9B599
 10206 0f7f F9559BAE 		.ascii	"\371U\233\256\027\011v\3053\273j\032\216M\332\331\236"
 10206      170976C5 
 10206      33BB6A1A 
 10206      8E4DDAD9 
 10206      9E
 10207 0f90 9D09C4B0 		.ascii	"\235\011\304\260\235\274a\343\351\375c\016\034\250\266"
 10207      9DBC61E3 
 10207      E9FD630E 
 10207      1CA8B6
 10208 0f9f 72       		.ascii	"r"
 10209 0fa0 B7B4B0D4 		.ascii	"\267\264\260\324W\011\007\212\023\241\212\343Q%2T\271"
 10209      5709078A 
 10209      13A18AE3 
 10209      51253254 
 10209      B9
 10210 0fb1 A5456A5C 		.ascii	"\245Ej\\\302P5\026\334\336\242\306\025\254qh\327@\235"
 10210      C2503516 
 10210      DCDEA2C6 
 10210      15AC7168 
 10210      D7409D
 10211 0fc4 06E0A064 		.ascii	"\006\340\240d:\202\364\204Td;\343\323\354rz\326\336"
 10211      3A82F484 
 10211      54643BE3 
 10211      D3EC727A 
 10211      D6DE
 10212 0fd6 56921168 		.ascii	"V\222\021h7I\240]\014\255\\\365m\311\216\315`\253\227"
 10212      3749A05D 
 10212      0CAD5CF5 
 10212      6DC98ECD 
 10212      60AB97
 10213 0fe9 AF13DACB 		.ascii	"\257\023\332\313\370bG\312j\315{\217\024\326\327\026"
 10213      F86247CA 
ARM GAS  /tmp/cc0F93am.s 			page 342


 10213      6ACD7B8F 
 10213      14D6D716 
 10214 0ff9 1635E6F2 		.ascii	"\0265\346\362\343Fm"
 10214      E3466D
 10215 1000 8A494BB5 		.ascii	"\212IK\265\235L\272]\304\246S\032\3761\333\010\367o"
 10215      9D4CBA5D 
 10215      C4A6531A 
 10215      FE31DB08 
 10215      F76F
 10216 1012 DDA1C1E7 		.ascii	"\335\241\301\347\231\376{)\017\350\036\002e\200q\351"
 10216      99FE7B29 
 10216      0FE81E02 
 10216      658071E9 
 10217 1022 C403D0F9 		.ascii	"\304\003\320\371\360jR\231\035ng\034y\011\231\315\324"
 10217      F06A5299 
 10217      1D6E671C 
 10217      790999CD 
 10217      D4
 10218 1033 802C8230 		.ascii	"\200,\2020\223i\351\351\337|Q2!\327\230WM\264\017XP"
 10218      9369E9E9 
 10218      DF7C5132 
 10218      21D79857 
 10218      4DB40F58 
 10219 1048 36F1682A 		.ascii	"6\361h*\357\321\252\324\231q\272\277\205[\310\311]?"
 10219      EFD1AAD4 
 10219      9971BABF 
 10219      855BC8C9 
 10219      5D3F
 10220 105a 292F366D 		.ascii	")/6m\330h\232\327\206\011\033J\342\335\212\366\220\221"
 10220      D8689AD7 
 10220      86091B4A 
 10220      E2DD8AF6 
 10220      9091
 10221 106c 49BC6773 		.ascii	"I\274gs\250g\243\307\017?\006,\354\265\353\215\260\360"
 10221      A867A3C7 
 10221      0F3F062C 
 10221      ECB5EB8D 
 10221      B0F0
 10222 107e 1847EE3E 		.ascii	"\030G\356>\364\374)\273\311\322\342\226\020\323\234"
 10222      F4FC29BB 
 10222      C9D2E296 
 10222      10D39C
 10223 108d 0DF6343C 		.ascii	"\015\3664<\373\315\341A\271\370e\322\024\317\310\310"
 10223      FBCDE141 
 10223      B9F865D2 
 10223      14CFC8C8 
 10224 109d 95B43B41 		.ascii	"\225\264;Ax-\344\306\275\026\272\330\334\015\246\245"
 10224      782DE4C6 
 10224      BD16BAD8 
 10224      DC0DA6A5 
 10225 10ad B2A780A6 		.ascii	"\262\247\200\246\270\311\024g\274\2375\216\216\367u"
 10225      B8C91467 
 10225      BC9F358E 
 10225      8EF775
 10226 10bc D8CB3F05 		.ascii	"\330\313?\005<\210\255\236\002\222M^\321\326j-.d\243"
 10226      3C88AD9E 
 10226      02924D5E 
ARM GAS  /tmp/cc0F93am.s 			page 343


 10226      D1D66A2D 
 10226      2E64A3
 10227 10cf A7B2CE5F 		.ascii	"\247\262\316_\326\342\022\326\270\376\340\300C\353'"
 10227      D6E212D6 
 10227      B8FEE0C0 
 10227      43EB27
 10228 10de 4787404A 		.ascii	"G\207@J\241d\366\036\250\313\217\223\314\336B\311\354"
 10228      A164F61E 
 10228      A8CB8F93 
 10228      CCDE42C9 
 10228      EC
 10229 10ef 3DCCCFDE 		.ascii	"=\314\317\336\260\353{\372\\p\025\023~&zC\224\003\256"
 10229      B0EB7BFA 
 10229      5C701513 
 10229      7E267A43 
 10229      9403AE
 10230 1102 678D2B0F 		.ascii	"g\215+\017\366\035w\224\007],\013z\377\211\007Yj\334"
 10230      F61D7794 
 10230      075D2C0B 
 10230      7AFF8907 
 10230      596ADC
 10231 1115 CE466F3A 		.ascii	"\316Fo:\260\351\214\013\356\245\015\345ps\333\"4\233"
 10231      B0E98C0B 
 10231      EEA50DE5 
 10231      7073DB22 
 10231      349B
 10232 1127 BD6A0259 		.ascii	"\275j\002Y\364y\257Y\3301\020v\234aG%X\372\232)E\364"
 10232      F479AF59 
 10232      D8311076 
 10232      9C614725 
 10232      58FA9A29 
 10233 113d 9A89BC38 		.ascii	"\232\211\2748:\216m\2758J//\275\243\301w9'\355,\314"
 10233      3A8E6DBD 
 10233      384A2F2F 
 10233      BDA3C177 
 10233      3927ED2C 
 10234 1152 70982DAF 		.ascii	"p\230-\257\356\204\265:\030\2213\010\225\007\317\260"
 10234      EE84B53A 
 10234      18913308 
 10234      9507CFB0 
 10235 1162 E17D57CF 		.ascii	"\341}W\317\036r\301!\216l\0038\276\253\324\025G\262"
 10235      1E72C121 
 10235      8E6C0338 
 10235      BEABD415 
 10235      47B2
 10236 1174 46E3B599 		.ascii	"F\343\265\231\373\0168\2325\266\304\017\357s\301;Y\243"
 10236      FB0E389A 
 10236      35B6C40F 
 10236      EF73C13B 
 10236      59A3
 10237 1186 E6C68518 		.ascii	"\346\306\205\030\231\227\363\240\254R\022\227\263\251"
 10237      9997F3A0 
 10237      AC521297 
 10237      B3A9
 10238 1194 AD494EE2 		.ascii	"\255IN\342\270TJL\252\342\343\322:\0219\255\302\031"
 10238      B8544A4C 
 10238      AAE2E3D2 
ARM GAS  /tmp/cc0F93am.s 			page 344


 10238      3A1139AD 
 10238      C219
 10239 11a6 4CF899F3 		.ascii	"L\370\231\363\251\017\2648\2175J\266\307\016Cn\260\306"
 10239      A90FB438 
 10239      8F354AB6 
 10239      C70E436E 
 10239      B0C6
 10240 11b8 F5F3C595 		.ascii	"\365\363\305\225j[\357\001\321iPo~\0258\022\225\332"
 10240      6A5BEF01 
 10240      D169506F 
 10240      7E153812 
 10240      95DA
 10241 11ca 2479057D 		.ascii	"$y\005}\006\312\232\240\371,\257\271;qK\251#\256a\362"
 10241      06CA9AA0 
 10241      F92CAFB9 
 10241      3B714BA9 
 10241      23AE61F2 
 10242 11de 4F45DF3F 		.ascii	"OE\337?n\217\353Y#\342q\377!W|\2216\354\243N\345\335"
 10242      6E8FEB59 
 10242      23E271FF 
 10242      21577C91 
 10242      36ECA34E 
 10243 11f4 7365AFCE 		.ascii	"se\257\316\346\260\267fP\345\246Opo6HY\254\005\355\315"
 10243      E6B0B766 
 10243      50E5A64F 
 10243      706F3648 
 10243      59AC05ED 
 10244 1209 788E5CC0 		.ascii	"x\216\\\300\030w\325\257\331[\023\302\\\367Lf\362\322"
 10244      1877D5AF 
 10244      D95B13C2 
 10244      5CF74C66 
 10244      F2D2
 10245 121b A4947B0B 		.ascii	"\244\224{\013\002\025\342\334\363\230\007\316q8\216"
 10245      0215E2DC 
 10245      F39807CE 
 10245      71388E
 10246 122a 600774F2 		.ascii	"`\007t\362y\334\335\2478\321\340}Tn\233;V.\241\024\224"
 10246      79DCDDA7 
 10246      38D1E07D 
 10246      546E9B3B 
 10246      562EA114 
 10247 123f 9B645303 		.ascii	"\233dS\003^\210\352\201\032\201Z\201Z\200\316\003]\000"
 10247      5E88EA81 
 10247      1A815A81 
 10247      5A80CE03 
 10247      5D00
 10248 1251 6A322736 		.ascii	"j2'6Y\013N\212\274T\375<t#e\034:\210\020\252y\036w\377"
 10248      590B4E8A 
 10248      BC54FD3C 
 10248      7423651C 
 10248      3A8810AA 
 10249 1269 3BCCA730 		.ascii	";\314\2470\301\321)\333\314d\335\016\253\350S\341N\026"
 10249      C1D129DB 
 10249      CC64DD0E 
 10249      ABE853E1 
 10249      4E16
 10250 127b DAD01D17 		.ascii	"\332\320\035\027\016\300-\000k\364oH\371H\356\323\206"
ARM GAS  /tmp/cc0F93am.s 			page 345


 10250      0EC02D00 
 10250      6BF46F48 
 10250      F948EED3 
 10250      86
 10251 128c 4B58EE95 		.ascii	"KX\356\225B|\362\300<|\213\233\022Q\323\005\030\217"
 10251      427CF2C0 
 10251      3C7C8B9B 
 10251      1251D305 
 10251      188F
 10252 129e 38720524 		.ascii	"8r\005$\355\252\223\234\234\313\262r\272\366\214>P\341"
 10252      EDAA939C 
 10252      9CCBB272 
 10252      BAF68C3E 
 10252      50E1
 10253 12b0 313636B3 		.ascii	"166\263\272\240E\203\247X\243\366\350\301d{9A\235\262"
 10253      BAA04583 
 10253      A758A3F6 
 10253      E8C1647B 
 10253      39419DB2 
 10254 12c4 8226E212 		.ascii	"\202&\342\022\337\300\033\235\350\320\003\243\217J\311"
 10254      DFC01B9D 
 10254      E8D003A3 
 10254      8F4AC9
 10255 12d3 EB9A571D 		.ascii	"\353\232W\035\320\337\022\204W5\257\262\211\336]\320"
 10255      D0DF1284 
 10255      5735AFB2 
 10255      89DE5DD0 
 10256 12e3 59A3C251 		.ascii	"Y\243\302Q\214\265ixc,W\357\016\205\231\276\027\262"
 10256      8CB56978 
 10256      632C57EF 
 10256      0E8599BE 
 10256      17B2
 10257 12f5 54F4B6B9 		.ascii	"T\364\266\271\027\3231DQ\017\236\217\2721U\3241\320"
 10257      17D33144 
 10257      510F9E8F 
 10257      BA3155D4 
 10257      31D0
 10258 1307 96EB289E 		.ascii	"\226\353(\236Q}X\3742\245\237\237Q\241\375G\333\020"
 10258      517D58FC 
 10258      32A59F9F 
 10258      51A1FD47 
 10258      DB10
 10259 1319 4E606A2E 		.ascii	"N`j.=>9\341\204w\323\006\016\331<q\005#\007\366\201"
 10259      3D3E39E1 
 10259      8477D306 
 10259      0ED93C71 
 10259      052307F6 
 10260 132e 828C81D7 		.ascii	"\202\214\201\327A\357\015\354\000w\246\240\365&f\037"
 10260      41EF0DEC 
 10260      0077A6A0 
 10260      F526661F 
 10261 133e 28900EFA 		.ascii	"(\220\016\372\201\302\335\277\321s\020\032y\375\321"
 10261      81C2DDBF 
 10261      D173101A 
 10261      79FDD1
 10262 134d 49D9B740 		.ascii	"I\331\267@V\002\310\266t\244*\006\213a\337\222\300\276"
 10262      5602C8B6 
ARM GAS  /tmp/cc0F93am.s 			page 346


 10262      74A42A06 
 10262      8B61DF92 
 10262      C0BE
 10263 135f CDC37E9C 		.ascii	"\315\303~\234X\233\351\214\323\030\354\330\003\315\355"
 10263      589BE98C 
 10263      D318ECD8 
 10263      03CDED
 10264 136e 6A9CC51A 		.ascii	"j\234\305\032y3\017\242\235p\016kl\032\035\372\276\365"
 10264      79330FA2 
 10264      9D700E6B 
 10264      6C1A1DFA 
 10264      BEF5
 10265 1380 670EA077 		.ascii	"g\016\240wXR\370r\006kB\355\305Z\207%\205o\304\\~\312"
 10265      5852F872 
 10265      066B42ED 
 10265      C55A8725 
 10265      856FC45C 
 10266 1396 D2C79D71 		.ascii	"\322\307\235q1\225\255,k\276=\242\264\271r\214\222\362"
 10266      3195AD2C 
 10266      6BBE3DA2 
 10266      B4B9728C 
 10266      92F2
 10267 13a8 C695F27B 		.ascii	"\306\225\362{\342\225\243>Q\323\321\030n\212\251DD."
 10267      E295A33E 
 10267      51D3D118 
 10267      6E8AA944 
 10267      442E
 10268 13ba 1AE2F8E4 		.ascii	"\032\342\370\344\347Aec\330~G<\301\214\351\177\232v"
 10268      E7416563 
 10268      D87E473C 
 10268      C18CE97F 
 10268      9A76
 10269 13cc 5D834DCE 		.ascii	"]\203M\316\314\314\320\233\303\030\207\263\306\304\216"
 10269      CCCCD09B 
 10269      C31887B3 
 10269      C6C48E
 10270 13db 92238E78 		.ascii	"\222#\216x\013\327\030\231\232teK\177\015M\365\222\231"
 10270      0BD71899 
 10270      9A74654B 
 10270      7F0D4DF5 
 10270      9299
 10271 13ed 33CEEC23 		.ascii	"3\316\354#\203T\3621\330\315\261\26165\336N\231\335"
 10271      8354F231 
 10271      D8CDB1B1 
 10271      3635DE4E 
 10271      99DD
 10272 13ff 5A06C7B2 		.ascii	"Z\006\307\262\355\271\217\014\370\337l\363\207\006g"
 10272      EDB98F0C 
 10272      F8DF6CF3 
 10272      870667
 10273 140e EB16E4DF 		.ascii	"\353\026\344\337\207\035b\370<t\005\342\320\016X#T\302"
 10273      871D62F8 
 10273      3C7405E2 
 10273      D00E5823 
 10273      54C2
 10274 1420 7B6FF632 		.ascii	"{o\3662\370\015\241\014\326s\325\200L\360\002\216Y0"
 10274      F80DA10C 
ARM GAS  /tmp/cc0F93am.s 			page 347


 10274      D673D580 
 10274      4CF0028E 
 10274      5930
 10275 1432 ECB1F8DD 		.ascii	"\354\261\370\3351\224\2321\276\020\222:Pf\305.\371\026"
 10275      31949A31 
 10275      BE10923A 
 10275      5066C52E 
 10275      F916
 10276 1444 80F0D7FD 		.ascii	"\200\360\327\375A\370,\341(\307.|\226\320`\311>\361"
 10276      41F82CE1 
 10276      28C72E7C 
 10276      96D060C9 
 10276      3EF1
 10277 1456 3381FD91 		.ascii	"3\201\375\221\025\273Eij\375#+M\371`\346\001\033\310"
 10277      15BB4569 
 10277      6AFD232B 
 10277      4DF960E6 
 10277      011BC8
 10278 1469 45B23B96 		.ascii	"E\262;\2261\366R\314\276\220\220\262[~\363\320\324("
 10278      31F652CC 
 10278      BE9090B2 
 10278      5B7EF3D0 
 10278      D428
 10279 147b 2C0F8FAD 		.ascii	",\017\217\255\204\347a\013(?\027>Hy`\305\335'\201\002"
 10279      84E7610B 
 10279      283F173E 
 10279      487960C5 
 10279      DD278102 
 10280 148f EC13BF60 		.ascii	"\354\023\277`\3540\243Q\227\025{\247%\373\375\327\030"
 10280      EC30A351 
 10280      97157BA7 
 10280      25FBFDD7 
 10280      18
 10281 14a0 3BCC2474 		.ascii	";\314$t\315\006\273h\255:\350\026\026fJ\374\013\272"
 10281      CD06BB68 
 10281      AD3AE816 
 10281      16664AFC 
 10281      0BBA
 10282 14b2 0A7EE990 		.ascii	"\012~\351\220\015\277h\251\312\345\314\244\037\336X"
 10282      0DBF68A9 
 10282      CAE5CCA4 
 10282      1FDE58
 10283 14c1 C9B6FCD2 		.ascii	"\311\266\374\322`$\237\223\335\006\262/\312\312>k\365"
 10283      60249F93 
 10283      DD06B22F 
 10283      CACA3E6B 
 10283      F5
 10284 14d2 61C73894 		.ascii	"a\3078\224\2121p\030\375V\211\014\240o\342a\021\213"
 10284      8A317018 
 10284      FD56890C 
 10284      A06FE261 
 10284      118B
 10285 14e4 542D4421 		.ascii	"T-D!@\033\2016\001\205\001\205\002m\000z\002\327\303"
 10285      401B8136 
 10285      01850185 
 10285      026D007A 
 10285      02D7C3
ARM GAS  /tmp/cc0F93am.s 			page 348


 10286 14f7 E13809C7 		.ascii	"\3418\011\307\031\240)\240\315\320\236\200\3434\220"
 10286      19A029A0 
 10286      CDD09E80 
 10286      E33490
 10287 1506 49259A9F 		.ascii	"I%\232\237U?\0272\341\241\015\367\0139\\\307\271\223"
 10287      553F1732 
 10287      E1A10DF7 
 10287      0B395CC7 
 10287      B993
 10288 1518 4CE1411B 		.ascii	"L\341A\033&\213\203\365\007\306N\226\376\"+v\321\207"
 10288      268B83F5 
 10288      07C64E96 
 10288      FE222B76 
 10288      D187
 10289 152a 3B6479B8 		.ascii	";dy\270\335\335\3404[\336\372\221\177\276\365\240\261"
 10289      DDDDE034 
 10289      5BDEFA91 
 10289      7FBEF5A0 
 10289      B1
 10290 153b 38B7E8BE 		.ascii	"8\267\350\276d\377\267E\002/J\305}\250H\316\310\203"
 10290      64FFB745 
 10290      022F4AC5 
 10290      7DA848CE 
 10290      C883
 10291 154d A5B0EC3C 		.ascii	"\245\260\354<X:X\325\351\231\236~\350b\276#e\267s\221"
 10291      583A58D5 
 10291      E9999E7E 
 10291      E862BE23 
 10291      65B77391 
 10292 1561 9BB30E6B 		.ascii	"\233\263\016kl\336hG\253\340\356i\233\212\377\274\362"
 10292      6CDE6847 
 10292      ABE0EE69 
 10292      9B8AFFBC 
 10292      F2
 10293 1572 E0FD1295 		.ascii	"\340\375\022\225p\327S^z\210\273\353\0016\264Ue\276"
 10293      70D7535E 
 10293      7A88BBEB 
 10293      0136B455 
 10293      65BE
 10294 1584 EB8951BD 		.ascii	"\353\211Q\275L\232\342\273\236\342\225\264\033\204\014"
 10294      4C9AE2BB 
 10294      9EE295B4 
 10294      1B840C
 10295 1593 EFBB57E3 		.ascii	"\357\273W\343\202\013\031\242\204\351\366\016;Nb\347"
 10295      820B19A2 
 10295      84E9F60E 
 10295      3B4E62E7 
 10296 15a3 144E84A2 		.ascii	"\024N\204\242\333\014\205\372\367T3\332.\210\214\005"
 10296      DB0C85FA 
 10296      F75433DA 
 10296      2E888C05 
 10297 15b3 91DBA522 		.ascii	"\221\333\245\"\373V\322n\220\022w{\020\356Z\3170\221"
 10297      FB56D26E 
 10297      9012777B 
 10297      10EE5ACF 
 10297      3091
 10298 15c5 E76F3ECD 		.ascii	"\347o>\315\342EV\327\275\272\245Z\"r\207 2\016D\356"
ARM GAS  /tmp/cc0F93am.s 			page 349


 10298      E24556D7 
 10298      BDBAA55A 
 10298      22728720 
 10298      320E44EE 
 10299 15d9 908A2CFC 		.ascii	"\220\212,\374\222v\223\273\334\315\005\217%\267?\344"
 10299      927693BB 
 10299      DCCD058F 
 10299      25B73FE4 
 10300 15e9 6980E0E6 		.ascii	"i\200\340\346x\025\375\316!\236\372\270\262\263\307"
 10300      7815FDCE 
 10300      219EFAB8 
 10300      B2B3C7
 10301 15f8 0DB730ED 		.ascii	"\015\2670\355\017\273\016\304!N{\375)\273\374\223p\377"
 10301      0FBB0EC4 
 10301      214E7BFD 
 10301      29BBFC93 
 10301      70FF
 10302 160a 01523620 		.ascii	"\001R6 \025\225\260SP\237\000\352wJ\325\037\376\202"
 10302      1595B053 
 10302      509F00EA 
 10302      774AD51F 
 10302      FE82
 10303 161c 76839883 		.ascii	"v\203\230\203\335\03335\370&\223y\321\264\367\025Nd"
 10303      DD1B3335 
 10303      F8269379 
 10303      D1B4F715 
 10303      4E64
 10304 162e DD6DEEC9 		.ascii	"\335m\356\311O\032{>\221(\310K\002y\211Ry\275_\320n"
 10304      4F1A7B3E 
 10304      9128C84B 
 10304      02798952 
 10304      79BD5FD0 
 10305 1643 B2BEE4DF 		.ascii	"\262\276\344\337\311\225|\007\220 1'\231\231\223L\315"
 10305      C9957C07 
 10305      90203127 
 10305      9999934C 
 10305      CD
 10306 1654 39119675 		.ascii	"9\021\226uBrK@\336o\013\274\273\030\357.\025\373zd{"
 10306      42724B40 
 10306      DE6F0BBC 
 10306      BB18EF2E 
 10306      15FB7A64 
 10307 1669 BA1A4F33 		.ascii	"\272\032O3\234\311\275yiN\3627|\273U\326\337\252\354"
 10307      9CC9BD79 
 10307      694EF237 
 10307      7CBB55D6 
 10307      DFAAEC
 10308 167c 51916F55 		.ascii	"Q\221oU\216\235\354\210v\021}2@\226DA\331^\225\003Y"
 10308      8E9DEC88 
 10308      76117D32 
 10308      40964441 
 10308      D95E9503 
 10309 1691 0648BD21 		.ascii	"\006H\275!O\003\363\253\272Un1\334l{\027\221\235\211"
 10309      4F03F3AB 
 10309      BA556E31 
 10309      DC6C7B17 
 10309      919D89
ARM GAS  /tmp/cc0F93am.s 			page 350


 10310 16a4 28595354 		.ascii	"(YSTnl\004;'\302\317'%\250\3312\253&\371\373\244\373"
 10310      6E6C043B 
 10310      27C2CF27 
 10310      25A8D932 
 10310      AB26F9FB 
 10311 16ba 96D6A6AE 		.ascii	"\226\326\246\2564NW\252\212\355r\2222wrc\311\227\017"
 10311      344E57AA 
 10311      8AED7292 
 10311      32777263 
 10311      C9970F
 10312 16cd FC578173 		.ascii	"\374W\201s\330W\201]\371M]v\226P2T\363Q\272\212\310"
 10312      D857815D 
 10312      F94D5D76 
 10312      96503254 
 10312      F351BA8A 
 10313 16e2 CA2450D2 		.ascii	"\312$P\322\030\224L\012\245!<5T\362MN\206\304\253Y\314"
 10313      18944C0A 
 10313      A5213C35 
 10313      54F24D4E 
 10313      86C4AB59 
 10314 16f7 AB59D4AB 		.ascii	"\253Y\324\253\355\003U\253p\204\013{\012yp/\334K\306"
 10314      ED0355AB 
 10314      70840B7B 
 10314      0A79702F 
 10314      DC4BC6
 10315 170a B3C696AA 		.ascii	"\263\306\226\252\352\335\364!I\266\212{\2063\320\275"
 10315      EADDF421 
 10315      49B68A7B 
 10315      8633D0BD 
 10316 171a AD93FB70 		.ascii	"\255\223\373pC\305?\241I\034\3363h\373Er.\231\322\373"
 10316      43C53FA1 
 10316      491CDE33 
 10316      68FB4572 
 10316      2E99D2FB 
 10317 172e F929DDBD 		.ascii	"\371)\335\275q\262@\303%WO\203\246st\033\373\246\342"
 10317      71B240C3 
 10317      25574F83 
 10317      A673741B 
 10317      FBA6E2
 10318 1741 9C9230A2 		.ascii	"\234\2220\242}|~\241\034\225\012\345A\212\355\223\246"
 10318      7D7C7EA1 
 10318      1C950AE5 
 10318      418AED93 
 10318      A6
 10319 1752 5837CC98 		.ascii	"X7\314\230<\232b\343a\275\0274\3706\003\032\237^s\321"
 10319      3C9A62E3 
 10319      61BD1734 
 10319      F836031A 
 10319      9F5E73D1 
 10320 1766 DE268483 		.ascii	"\336&\204\203\004B0\377:\264#fZTT\246\012\371\242\002"
 10320      044230FF 
 10320      3AB42366 
 10320      5A5454A6 
 10320      0AF9A202 
 10321 177a 5CE88090 		.ascii	"\\\350\200\220\337\371\240\374\200T\371\345\225\264"
 10321      DFF9A0FC 
 10321      8054F9E5 
ARM GAS  /tmp/cc0F93am.s 			page 351


 10321      95B4
 10322 1788 9B3C7FDB 		.ascii	"\233<\177\333\230\033\242\301\217\230\362m3%\3071'q"
 10322      981BA2C1 
 10322      8F98F26D 
 10322      3325C731 
 10322      2771
 10323 179a B247535B 		.ascii	"\262GS[o\256\000Dd\201 \362\020\210,\220\212\314\371"
 10323      6FAE0044 
 10323      648120F2 
 10323      10882C90 
 10323      8ACCF9
 10324 17ad 92768394 		.ascii	"\222v\203\224}\343\217\267\270\340\\W\033\216?\237\234"
 10324      7DE38FB7 
 10324      B8E05C57 
 10324      1B8E3F9F 
 10324      9C
 10325 17be 59CB2B39 		.ascii	"Y\313+9\237\2509y\344\016\205\3753\252\243\320\354\266"
 10325      9FA83979 
 10325      E40E85FD 
 10325      33AAA3D0 
 10325      ECB6
 10326 17d0 C3E0B622 		.ascii	"\303\340\266\"PS(Us\011\324\024\261\231\231\333wC\215"
 10326      50532855 
 10326      7309D414 
 10326      B19999DB 
 10326      77438D
 10327 17e3 8B999AD3 		.ascii	"\213\231\232\323\203\221W\235\005_D\027\211}Q,\000?"
 10327      8391579D 
 10327      055F4417 
 10327      897D512C 
 10327      003F
 10328 17f5 02128BA5 		.ascii	"\002\022\213\245\022\317\257\244\335 \244y\2444\312"
 10328      12CFAFA4 
 10328      DD20A479 
 10328      A434CA
 10329 1804 11573189 		.ascii	"\021W1\211}}\011\261J\301\027]R_\034\025D\036\003\221"
 10329      7D7D09B1 
 10329      4AC1175D 
 10329      525F1C15 
 10329      441E0391 
 10330 1818 47A522A7 		.ascii	"G\245\"\247V\322n2\027Rn\356p\306M\266|\321\022\235"
 10330      56D26E32 
 10330      17526EEE 
 10330      70C64DB6 
 10330      7CD1129D 
 10331 182c 75C345F0 		.ascii	"u\303E\360\305\260\304\027\307\315\276(\001_\234\000"
 10331      C5B0C417 
 10331      C7CDBE28 
 10331      015F9C00 
 10332 183c 35C7A56A 		.ascii	"5\307\245j\032\300\027'\250\232\247\015\325%\222\373"
 10332      1AC01727 
 10332      A89AA70D 
 10332      D52592FB 
 10333 184c A16C4995 		.ascii	"\241lI\225*es\244\224\316\021\271G\223cY\223G\314s,"
 10333      2A6573A4 
 10333      94CE11B9 
 10333      47936359 
ARM GAS  /tmp/cc0F93am.s 			page 352


 10333      9347CC73 
 10334 1861 04C67F35 		.ascii	"\004\306\1775W4\334\227\273A\030\215*\237fo+O\302bY"
 10334      5734DC97 
 10334      BB41188D 
 10334      2A9F666F 
 10334      2B4FC262 
 10335 1876 A6921FEA 		.ascii	"\246\222\037\352#\036\272F\370\372\377pGI5[C\313a\364"
 10335      231EBA46 
 10335      F8FAFF70 
 10335      4749355B 
 10335      43CB61F4 
 10336 188a 29367AF3 		.ascii	")6z\363\326\202h\355\263\236BV\222\214\257\240\223\216"
 10336      D68268ED 
 10336      B39E4256 
 10336      928CAFA0 
 10336      938E
 10337 189c 9C936279 		.ascii	"\234\223byx\270_\372|MR\017\252\230\255U\324\326\210"
 10337      78B85FFA 
 10337      7C4D520F 
 10337      AA98AD55 
 10337      D4D688
 10338 18af 4785E724 		.ascii	"G\205\347$\337\027\346Kx\253\031/9\250\003\364F\337"
 10338      DF17E64B 
 10338      78AB192F 
 10338      39A803F4 
 10338      46DF
 10339 18c1 D5EB7FB1 		.ascii	"\325\353\177\261x\261;\374y\373\370z\371\352\015\036"
 10339      78B13BFC 
 10339      79FBF87A 
 10339      F9EA0D1E 
 10340 18d1 C6A0E080 		.ascii	"\306\240\340\200\257\335\365\006w\037O?wC\22079zx\005"
 10340      AFDDF506 
 10340      771F4F3F 
 10340      77439037 
 10340      397A7805 
 10341 18e5 AF5EAD0B 		.ascii	"\257^\255\0132,\366\326\376\356O\237/\370`\351[\212"
 10341      322CF6D6 
 10341      FEEE4F9F 
 10341      2FF860E9 
 10341      5B8A
 10342 18f7 1725DD8B 		.ascii	"\027%\335\213W\275\245{\333{\311\352_*f\371\352\371"
 10342      57BDA57B 
 10342      DB7BC9EA 
 10342      5F2A66F9 
 10342      EAF9
 10343 1909 6E8F6F82 		.ascii	"n\217o\202u\301:7\313\016\017\243\203\3277L\265\207"
 10343      75C13A37 
 10343      CB0E0FA3 
 10343      83D7374C 
 10343      B587
 10344 191b 111BF581 		.ascii	"\021\033\365\201\232`\337\000\343\333p\036h\014\322"
 10344      9A60DF00 
 10344      E3DB701E 
 10344      680CD2
 10345 192a 70AC4AAF 		.ascii	"p\254J\257\000\265\301\367\277\201\331\316\213\034U"
 10345      00B5C1F7 
 10345      BF81D9CE 
ARM GAS  /tmp/cc0F93am.s 			page 353


 10345      8B1C55
 10346 1939 5EC0A8F6 		.ascii	"^\300\250\366\012Z\005<j\257\265Ap\320zy\353\203\003"
 10346      0A5A053C 
 10346      6AAFB541 
 10346      70D07A79 
 10346      EB8303
 10347 194c 8CBA207B 		.ascii	"\214\272 {C\260!P\027\260J\267\312\316\343}\275\336"
 10347      43B02150 
 10347      17B04AB7 
 10347      CACEE37D 
 10347      BDDE
 10348 195e 4FB3D6D3 		.ascii	"O\263\326\323\327\350\033\260F\025\240[g\264\367\366"
 10348      D7E81BB0 
 10348      4615A05B 
 10348      67B4F7F6 
 10349 196e F130FA04 		.ascii	"\3610\372\004\351<Wi\331\301\3038\313\334\305!R\005"
 10349      E93C5769 
 10349      D9C1C338 
 10349      CBDCC521 
 10349      5205
 10350 1980 06E9BE7D 		.ascii	"\006\351\276}\315\206\033\202\214\356\276\001\336~\301"
 10350      CD861B82 
 10350      8CEEBE01 
 10350      DE7EC1
 10351 198f AB7470CD 		.ascii	"\253tp\315\340\355\263j\261\217\302U2\334\303\250\362"
 10351      E0EDB36A 
 10351      B18FC255 
 10351      32DCC3A8 
 10351      F2
 10352 19a0 F30DF87A 		.ascii	"\363\015\370z\3513\374\310K\020;\315G\361\202o@`\260"
 10352      E933FCC8 
 10352      4B103BCD 
 10352      47F1826F 
 10352      4060B0
 10353 19b3 D1D23B73 		.ascii	"\321\322;s\365\301F\231ng\303z\203/1\367[\220a\304K"
 10353      F5C14699 
 10353      6E67C37A 
 10353      832F31F7 
 10353      5B9061C4 
 10354 19c8 7FA9B0F7 		.ascii	"\177\251\260\367\014\362\377\366-\335\"\177\205\203"
 10354      0CF2FFF6 
 10354      2DDD227F 
 10354      8583
 10355 19d6 B73EC8A8 		.ascii	"\267>\310\250[\267\310\377M\305\217|\275\276\371\235"
 10355      5BB7C8FF 
 10355      4DC58F7C 
 10355      BDBEF99D 
 10356 19e6 CEF8DB60 		.ascii	"\316\370\333`?\277\367\251\200\025\276\376:\220\270"
 10356      3FBFF7A9 
 10356      8015BEFE 
 10356      3A90B8
 10357 19f5 7C71A067 		.ascii	"|q\240g\220q\361\222y\266\256\333\371\033\326x\030\027"
 10357      9071F192 
 10357      79B6AEDB 
 10357      F91BD678 
 10357      1817
 10358 1a07 FD3DC9A0 		.ascii	"\375=\311\240X\240\247\302>\364\0174\256\227\325\366"
ARM GAS  /tmp/cc0F93am.s 			page 354


 10358      58A0A7C2 
 10358      3EF40F34 
 10358      AE97D5F6 
 10359 1a17 924D0667 		.ascii	"\222M\006g\300\361\261\327W:o\343\262\000_\243=\264"
 10359      C0F1B1D7 
 10359      573A6FE3 
 10359      B2005FA3 
 10359      3DB4
 10360 1a29 3ED31974 		.ascii	">\323\031t\306en\276\226#h\327'z\203\010\363\262\027"
 10360      C6656EBE 
 10360      962368D7 
 10360      277A8308 
 10360      F3B217
 10361 1a3c 6D58F102 		.ascii	"mX\361\002\225\343\247\3634\350D\022\346\312\366R\010"
 10361      95E3A7F3 
 10361      34E84412 
 10361      E6CAF652 
 10361      08
 10362 1a4d 20841BEA 		.ascii	" \204\033\352B\231<WqMg\275\004\237\236\307\367=\275"
 10362      42993C57 
 10362      714D67BD 
 10362      049F9EC7 
 10362      F73DBD
 10363 1a60 85E66573 		.ascii	"\205\346es\365r\322\227\315\263e:\221 5\307\315\252"
 10363      F572D297 
 10363      CDB3653A 
 10363      912035C7 
 10363      CDAA
 10364 1a72 673951FF 		.ascii	"g9Q\377I0\217\315\025Z_\004\371\032u\\\333\011\332+"
 10364      49308FCD 
 10364      155A5F04 
 10364      F91A755C 
 10364      DB09DA2B 
 10365 1a86 82D6FFD6 		.ascii	"\202\326\377\326/\330\340\263L\013\015z\006y\275\302"
 10365      2FD8E0B3 
 10365      4C0B0D7A 
 10365      0679BDC2 
 10366 1a96 67D56F74 		.ascii	"g\325ot4a\336\363\363[\266\370\273\2444\227\312\220"
 10366      3461DEF3 
 10366      F35BB6F8 
 10366      BBA43497 
 10366      CA90
 10367 1aa8 8EDF138F 		.ascii	"\216\337\023\217\377\023\314\235esh\317\207\001\264"
 10367      FF13CC9D 
 10367      657368CF 
 10367      8701B4
 10368 1ab7 878F9CDA 		.ascii	"\207\217\234\332_\347\357\035\270^\005\026\257\326\300"
 10368      5FE7EF1D 
 10368      B85E0516 
 10368      AFD6C0
 10369 1ac6 3CF609D2 		.ascii	"<\366\011\322\257EK5\253\003\026\300,\364\206\236\200"
 10369      AF454B35 
 10369      AB0316C0 
 10369      2CF4869E 
 10369      80
 10370 1ad7 00B063AD 		.ascii	"\000\260c\255\273\217\336_\347\036\244\367r\377$HO\374"
 10370      BB8FDE5F 
ARM GAS  /tmp/cc0F93am.s 			page 355


 10370      E71EA4F7 
 10370      72FF2448 
 10370      4FFC
 10371 1ae9 6870FF80 		.ascii	"hp\377\200\000Yn\014^\345\253\027\237{\274\276\304\335"
 10371      00596E0C 
 10371      5EE5AB17 
 10371      9F7BBCBE 
 10371      C4DD
 10372 1afb 08F3D6E0 		.ascii	"\010\363\326\340N\212\313\012r\266\340\275\317>Z\360"
 10372      4E8ACB0A 
 10372      72B6E0BD 
 10372      CF3E5AF0 
 10373 1b0b A1BF976E 		.ascii	"\241\277\227n\025\314j\367_-~}\361\322\005\257/Y\372"
 10373      15CC6AF7 
 10373      5F2D7E7D 
 10373      F1D205AF 
 10373      2F59FA
 10374 1b1e AB6FDE74 		.ascii	"\253o\336t\207\244_\004:t\213t\236^\276f;\014\306 \230"
 10374      87A45F04 
 10374      3A748B74 
 10374      9E5EBE66 
 10374      3B0CC620 
 10375 1b33 F160C44B 		.ascii	"\361`\304Kz\203\247\337\012j\223\005n[\336 \251M\006"
 10375      7A83A7DF 
 10375      0A6A9305 
 10375      6E5BDE20 
 10375      A94D06
 10376 1b46 815B1605 		.ascii	"\201[\026\005\370\262s\020\244\005\021~\201A\276z\215"
 10376      F8B27310 
 10376      A405117E 
 10376      8141BE7A 
 10376      8D
 10377 1b57 91FCF730 		.ascii	"\221\374\3670j\374\215\353\374|\015F-\224\017\377`\230"
 10377      6AFC8DEB 
 10377      FC7C0D46 
 10377      2D940FFF 
 10377      6098
 10378 1b69 6E5A1DA9 		.ascii	"nZ\035\251:\240\326Q\367\255.\300\350\357i\370\332\303"
 10378      3AA0D651 
 10378      F7AD2EC0 
 10378      E8EF69F8 
 10378      DAC3
 10379 1b7b A8856944 		.ascii	"\250\205iD\325\272\212\252\014\031\346\"nx\030Q\260"
 10379      D5BA8AAA 
 10379      0C19E622 
 10379      6E781851 
 10379      B0
 10380 1b8c 5AB7960C 		.ascii	"Z\267\226\014Q\2575\202\340@8\030t\376\201N0\012\216"
 10380      51AF3582 
 10380      E0403818 
 10380      74FE814E 
 10380      300A8E
 10381 1b9f 9E813EFA 		.ascii	"\236\201>\372 \235\306@\304\032\326\330\2555\032\203"
 10381      209DC640 
 10381      C41AD6D8 
 10381      AD351A83 
 10382 1baf 02DDB8FA 		.ascii	"\002\335\270\372\025\244\203\004\321\005xCM\200Az\257"
ARM GAS  /tmp/cc0F93am.s 			page 356


 10382      15A48304 
 10382      D1057843 
 10382      4D80417A 
 10382      AF
 10383 1bc0 AF02B5BA 		.ascii	"\257\002\265\272u\276Fo\375*\235:h\325z\340W\001\213"
 10383      75BE466F 
 10383      FD2A9D3A 
 10383      68D57AE0 
 10383      57018B
 10384 1bd3 416324FF 		.ascii	"Ac$\377\241~\256\366\363\\\003-\177\270\016-\203\321"
 10384      A17EAEF6 
 10384      F35C032D 
 10384      7FB80E2D 
 10384      83D1
 10385 1be5 D3A8D31A 		.ascii	"\323\250\323\032\351\201\010\360\364\202\274u0\030\277"
 10385      E98108F0 
 10385      F482BC75 
 10385      3018BF
 10386 1bf4 F6F4F35D 		.ascii	"\366\364\363]\023\000\245,\300\323_\247\362\366\361"
 10386      1300A52C 
 10386      C0D35FA7 
 10386      F2F6F1
 10387 1c03 0CC2DEC6 		.ascii	"\014\302\336\306uJC\240c \324\026\017\250<\320t\242"
 10387      754A43A0 
 10387      6320D416 
 10387      0FA83CD0 
 10387      74A2
 10388 1c15 E7DE7A28 		.ascii	"\347\336z(C\353\214o\333\360\247\267\336\337_\037\340"
 10388      43EB8C6F 
 10388      DBF0A7B7 
 10388      DEDF5F1F 
 10388      E0
 10389 1c26 4E580DEE 		.ascii	"NX\015\356\020\307\017>Z\007LP\241t\036\337\276\345"
 10389      10C70F3E 
 10389      5A074C50 
 10389      A1741EDF 
 10389      BEE5
 10390 1c38 0F9EB5D3 		.ascii	"\017\236\265\323\373\255\322\005\331\005\350\326\352"
 10390      FBADD205 
 10390      D905E8D6 
 10390      EA
 10391 1c45 8254C4B7 		.ascii	"\202T\304\267v\324av\376\201\020zQ\374>%\275\302\034"
 10391      76D46176 
 10391      FE81107A 
 10391      51FC3E25 
 10391      BDC21C
 10392 1c58 64C968D1 		.ascii	"d\311h\321\351\300\252\243/\234\276 \214\024\315\201"
 10392      E9C0AAA3 
 10392      2F9CBE20 
 10392      8C14CD81 
 10393 1c68 B956BD34 		.ascii	"\271V\2754\263\265d\315y\343u(\253\036\340o\243\307"
 10393      B3B564CD 
 10393      79E37528 
 10393      AB1EE06F 
 10393      A3C7
 10394 1c7a FBEF2DFF 		.ascii	"\373\357-\377\360\223\317\2269{\372\255\365\\o\000y"
 10394      F093CF96 
ARM GAS  /tmp/cc0F93am.s 			page 357


 10394      397BFAAD 
 10394      F55C6F00 
 10394      79
 10395 1c8b 50D1751F 		.ascii	"P\321u\037>\333B\220C\354s\377\340\243\345\313\226\273"
 10395      3EDB4290 
 10395      43EC73FF 
 10395      E0A3E5CB 
 10395      96BB
 10396 1c9d 7F0006BA 		.ascii	"\177\000\006\272/\343\247\225\277\301\327\340\261\306"
 10396      2FE3A795 
 10396      BFC1D7E0 
 10396      B1C6
 10397 1cab DB1BCC75 		.ascii	"\333\033\314u$\010\226\2577\374Q\357\3755\254F\334\331"
 10397      240896AF 
 10397      37FC51EF 
 10397      FD35AC46 
 10397      DCD9
 10398 1cbd CFBFD372 		.ascii	"\317\277\323r\263\236\314K{\352u?\030\344\314\211\372"
 10398      B39ECC4B 
 10398      7BEA753F 
 10398      18E4CC89 
 10398      FA
 10399 1cce 3C80B41C 		.ascii	"<\200\264\034\2510\356\234\362\004\323\363\377\005\323"
 10399      A930EE9C 
 10399      F204D3F3 
 10399      FF05D3
 10400 1cdd 9F5DC1   		.ascii	"\237]\301"
 10401              		.text
 10402              		.section	.gnu.lto_.symtab.e93b417e7755f224,"e",%progbits
 10403 0000 6962714F 		.ascii	"ibqObjectInit\000"
 10403      626A6563 
 10403      74496E69 
 10403      7400
 10404 000e 00       		.ascii	"\000"
 10405 000f 00       		.ascii	"\000"
 10406 0010 00       		.ascii	"\000"
 10407 0011 00000000 		.ascii	"\000\000\000\000\000\000\000\000"
 10407      00000000 
 10408 0019 3C010000 		.ascii	"<\001\000\000"
 10409 001d 69627152 		.ascii	"ibqResetI\000"
 10409      65736574 
 10409      4900
 10410 0027 00       		.ascii	"\000"
 10411 0028 00       		.ascii	"\000"
 10412 0029 00       		.ascii	"\000"
 10413 002a 00000000 		.ascii	"\000\000\000\000\000\000\000\000"
 10413      00000000 
 10414 0032 40010000 		.ascii	"@\001\000\000"
 10415 0036 69627147 		.ascii	"ibqGetEmptyBufferI\000"
 10415      6574456D 
 10415      70747942 
 10415      75666665 
 10415      724900
 10416 0049 00       		.ascii	"\000"
 10417 004a 00       		.ascii	"\000"
 10418 004b 00       		.ascii	"\000"
 10419 004c 00000000 		.ascii	"\000\000\000\000\000\000\000\000"
ARM GAS  /tmp/cc0F93am.s 			page 358


 10419      00000000 
 10420 0054 44010000 		.ascii	"D\001\000\000"
 10421 0058 69627150 		.ascii	"ibqPostFullBufferI\000"
 10421      6F737446 
 10421      756C6C42 
 10421      75666665 
 10421      724900
 10422 006b 00       		.ascii	"\000"
 10423 006c 00       		.ascii	"\000"
 10424 006d 00       		.ascii	"\000"
 10425 006e 00000000 		.ascii	"\000\000\000\000\000\000\000\000"
 10425      00000000 
 10426 0076 49010000 		.ascii	"I\001\000\000"
 10427 007a 69627147 		.ascii	"ibqGetFullBufferTimeoutS\000"
 10427      65744675 
 10427      6C6C4275 
 10427      66666572 
 10427      54696D65 
 10428 0093 00       		.ascii	"\000"
 10429 0094 00       		.ascii	"\000"
 10430 0095 00       		.ascii	"\000"
 10431 0096 00000000 		.ascii	"\000\000\000\000\000\000\000\000"
 10431      00000000 
 10432 009e 24010000 		.ascii	"$\001\000\000"
 10433 00a2 69627147 		.ascii	"ibqGetFullBufferTimeout\000"
 10433      65744675 
 10433      6C6C4275 
 10433      66666572 
 10433      54696D65 
 10434 00ba 00       		.ascii	"\000"
 10435 00bb 00       		.ascii	"\000"
 10436 00bc 00       		.ascii	"\000"
 10437 00bd 00000000 		.ascii	"\000\000\000\000\000\000\000\000"
 10437      00000000 
 10438 00c5 4B010000 		.ascii	"K\001\000\000"
 10439 00c9 69627152 		.ascii	"ibqReleaseEmptyBuffer\000"
 10439      656C6561 
 10439      7365456D 
 10439      70747942 
 10439      75666665 
 10440 00df 00       		.ascii	"\000"
 10441 00e0 00       		.ascii	"\000"
 10442 00e1 00       		.ascii	"\000"
 10443 00e2 00000000 		.ascii	"\000\000\000\000\000\000\000\000"
 10443      00000000 
 10444 00ea 4D010000 		.ascii	"M\001\000\000"
 10445 00ee 69627152 		.ascii	"ibqReleaseEmptyBufferS\000"
 10445      656C6561 
 10445      7365456D 
 10445      70747942 
 10445      75666665 
 10446 0105 00       		.ascii	"\000"
 10447 0106 00       		.ascii	"\000"
 10448 0107 00       		.ascii	"\000"
 10449 0108 00000000 		.ascii	"\000\000\000\000\000\000\000\000"
 10449      00000000 
 10450 0110 4F010000 		.ascii	"O\001\000\000"
ARM GAS  /tmp/cc0F93am.s 			page 359


 10451 0114 69627147 		.ascii	"ibqGetTimeout\000"
 10451      65745469 
 10451      6D656F75 
 10451      7400
 10452 0122 00       		.ascii	"\000"
 10453 0123 00       		.ascii	"\000"
 10454 0124 00       		.ascii	"\000"
 10455 0125 00000000 		.ascii	"\000\000\000\000\000\000\000\000"
 10455      00000000 
 10456 012d 51010000 		.ascii	"Q\001\000\000"
 10457 0131 69627152 		.ascii	"ibqReadTimeout\000"
 10457      65616454 
 10457      696D656F 
 10457      757400
 10458 0140 00       		.ascii	"\000"
 10459 0141 00       		.ascii	"\000"
 10460 0142 00       		.ascii	"\000"
 10461 0143 00000000 		.ascii	"\000\000\000\000\000\000\000\000"
 10461      00000000 
 10462 014b 58010000 		.ascii	"X\001\000\000"
 10463 014f 6F62714F 		.ascii	"obqObjectInit\000"
 10463      626A6563 
 10463      74496E69 
 10463      7400
 10464 015d 00       		.ascii	"\000"
 10465 015e 00       		.ascii	"\000"
 10466 015f 00       		.ascii	"\000"
 10467 0160 00000000 		.ascii	"\000\000\000\000\000\000\000\000"
 10467      00000000 
 10468 0168 62010000 		.ascii	"b\001\000\000"
 10469 016c 6F627152 		.ascii	"obqResetI\000"
 10469      65736574 
 10469      4900
 10470 0176 00       		.ascii	"\000"
 10471 0177 00       		.ascii	"\000"
 10472 0178 00       		.ascii	"\000"
 10473 0179 00000000 		.ascii	"\000\000\000\000\000\000\000\000"
 10473      00000000 
 10474 0181 66010000 		.ascii	"f\001\000\000"
 10475 0185 6F627147 		.ascii	"obqGetFullBufferI\000"
 10475      65744675 
 10475      6C6C4275 
 10475      66666572 
 10475      4900
 10476 0197 00       		.ascii	"\000"
 10477 0198 00       		.ascii	"\000"
 10478 0199 00       		.ascii	"\000"
 10479 019a 00000000 		.ascii	"\000\000\000\000\000\000\000\000"
 10479      00000000 
 10480 01a2 6B010000 		.ascii	"k\001\000\000"
 10481 01a6 6F627152 		.ascii	"obqReleaseEmptyBufferI\000"
 10481      656C6561 
 10481      7365456D 
 10481      70747942 
 10481      75666665 
 10482 01bd 00       		.ascii	"\000"
 10483 01be 00       		.ascii	"\000"
ARM GAS  /tmp/cc0F93am.s 			page 360


 10484 01bf 00       		.ascii	"\000"
 10485 01c0 00000000 		.ascii	"\000\000\000\000\000\000\000\000"
 10485      00000000 
 10486 01c8 6D010000 		.ascii	"m\001\000\000"
 10487 01cc 6F627147 		.ascii	"obqGetEmptyBufferTimeoutS\000"
 10487      6574456D 
 10487      70747942 
 10487      75666665 
 10487      7254696D 
 10488 01e6 00       		.ascii	"\000"
 10489 01e7 00       		.ascii	"\000"
 10490 01e8 00       		.ascii	"\000"
 10491 01e9 00000000 		.ascii	"\000\000\000\000\000\000\000\000"
 10491      00000000 
 10492 01f1 2F010000 		.ascii	"/\001\000\000"
 10493 01f5 6F627147 		.ascii	"obqGetEmptyBufferTimeout\000"
 10493      6574456D 
 10493      70747942 
 10493      75666665 
 10493      7254696D 
 10494 020e 00       		.ascii	"\000"
 10495 020f 00       		.ascii	"\000"
 10496 0210 00       		.ascii	"\000"
 10497 0211 00000000 		.ascii	"\000\000\000\000\000\000\000\000"
 10497      00000000 
 10498 0219 6F010000 		.ascii	"o\001\000\000"
 10499 021d 6F627150 		.ascii	"obqPostFullBuffer\000"
 10499      6F737446 
 10499      756C6C42 
 10499      75666665 
 10499      7200
 10500 022f 00       		.ascii	"\000"
 10501 0230 00       		.ascii	"\000"
 10502 0231 00       		.ascii	"\000"
 10503 0232 00000000 		.ascii	"\000\000\000\000\000\000\000\000"
 10503      00000000 
 10504 023a 74010000 		.ascii	"t\001\000\000"
 10505 023e 6F627150 		.ascii	"obqPostFullBufferS\000"
 10505      6F737446 
 10505      756C6C42 
 10505      75666665 
 10505      725300
 10506 0251 00       		.ascii	"\000"
 10507 0252 00       		.ascii	"\000"
 10508 0253 00       		.ascii	"\000"
 10509 0254 00000000 		.ascii	"\000\000\000\000\000\000\000\000"
 10509      00000000 
 10510 025c 76010000 		.ascii	"v\001\000\000"
 10511 0260 6F627150 		.ascii	"obqPutTimeout\000"
 10511      75745469 
 10511      6D656F75 
 10511      7400
 10512 026e 00       		.ascii	"\000"
 10513 026f 00       		.ascii	"\000"
 10514 0270 00       		.ascii	"\000"
 10515 0271 00000000 		.ascii	"\000\000\000\000\000\000\000\000"
 10515      00000000 
ARM GAS  /tmp/cc0F93am.s 			page 361


 10516 0279 7C010000 		.ascii	"|\001\000\000"
 10517 027d 6F627157 		.ascii	"obqWriteTimeout\000"
 10517      72697465 
 10517      54696D65 
 10517      6F757400 
 10518 028d 00       		.ascii	"\000"
 10519 028e 00       		.ascii	"\000"
 10520 028f 00       		.ascii	"\000"
 10521 0290 00000000 		.ascii	"\000\000\000\000\000\000\000\000"
 10521      00000000 
 10522 0298 83010000 		.ascii	"\203\001\000\000"
 10523 029c 6F627154 		.ascii	"obqTryFlushI\000"
 10523      7279466C 
 10523      75736849 
 10523      00
 10524 02a9 00       		.ascii	"\000"
 10525 02aa 00       		.ascii	"\000"
 10526 02ab 00       		.ascii	"\000"
 10527 02ac 00000000 		.ascii	"\000\000\000\000\000\000\000\000"
 10527      00000000 
 10528 02b4 87010000 		.ascii	"\207\001\000\000"
 10529 02b8 6F627146 		.ascii	"obqFlush\000"
 10529      6C757368 
 10529      00
 10530 02c1 00       		.ascii	"\000"
 10531 02c2 00       		.ascii	"\000"
 10532 02c3 00       		.ascii	"\000"
 10533 02c4 00000000 		.ascii	"\000\000\000\000\000\000\000\000"
 10533      00000000 
 10534 02cc 89010000 		.ascii	"\211\001\000\000"
 10535 02d0 63685468 		.ascii	"chThdDequeueAllI\000"
 10535      64446571 
 10535      75657565 
 10535      416C6C49 
 10535      00
 10536 02e1 00       		.ascii	"\000"
 10537 02e2 02       		.ascii	"\002"
 10538 02e3 00       		.ascii	"\000"
 10539 02e4 00000000 		.ascii	"\000\000\000\000\000\000\000\000"
 10539      00000000 
 10540 02ec 91010000 		.ascii	"\221\001\000\000"
 10541 02f0 63685468 		.ascii	"chThdDequeueNextI\000"
 10541      64446571 
 10541      75657565 
 10541      4E657874 
 10541      4900
 10542 0302 00       		.ascii	"\000"
 10543 0303 02       		.ascii	"\002"
 10544 0304 00       		.ascii	"\000"
 10545 0305 00000000 		.ascii	"\000\000\000\000\000\000\000\000"
 10545      00000000 
 10546 030d 93010000 		.ascii	"\223\001\000\000"
 10547 0311 63685468 		.ascii	"chThdEnqueueTimeoutS\000"
 10547      64456E71 
 10547      75657565 
 10547      54696D65 
 10547      6F757453 
ARM GAS  /tmp/cc0F93am.s 			page 362


 10548 0326 00       		.ascii	"\000"
 10549 0327 02       		.ascii	"\002"
 10550 0328 00       		.ascii	"\000"
 10551 0329 00000000 		.ascii	"\000\000\000\000\000\000\000\000"
 10551      00000000 
 10552 0331 98010000 		.ascii	"\230\001\000\000"
 10553              		.text
 10554              		.section	.gnu.lto_.opts,"e",%progbits
 10555 0000 272D666E 		.ascii	"'-fno-openmp' '-fno-openacc' '-fno-pie' '-mcpu=cort"
 10555      6F2D6F70 
 10555      656E6D70 
 10555      2720272D 
 10555      666E6F2D 
 10556 0033 65782D6D 		.ascii	"ex-m4' '-mthumb' '-mfloat-abi=soft' '-march=armv7e-"
 10556      34272027 
 10556      2D6D7468 
 10556      756D6227 
 10556      20272D6D 
 10557 0066 6D272027 		.ascii	"m' '-O2' '-fomit-frame-pointer' '-falign-functions="
 10557      2D4F3227 
 10557      20272D66 
 10557      6F6D6974 
 10557      2D667261 
 10558 0099 31362720 		.ascii	"16' '-ffunction-sections' '-fdata-sections' '-fno-c"
 10558      272D6666 
 10558      756E6374 
 10558      696F6E2D 
 10558      73656374 
 10559 00cc 6F6D6D6F 		.ascii	"ommon' '-flto'\000"
 10559      6E272027 
 10559      2D666C74 
 10559      6F2700
 10560              		.text
 10561              		.comm	__gnu_lto_v1,1,1
 10562              		.comm	__gnu_lto_slim,1,1
 10563              		.ident	"GCC: (GNU Tools for Arm Embedded Processors 9-2019-q4-major) 9.2.1 20191025 (release) [ARM
ARM GAS  /tmp/cc0F93am.s 			page 363


DEFINED SYMBOLS
                            *ABS*:0000000000000000 hal_buffers.c
     /tmp/cc0F93am.s:55     .gnu.debuglto_.debug_info:0000000000000000 hal_buffers.c.d7e8c0f6
                            *COM*:0000000000000001 __gnu_lto_v1
                            *COM*:0000000000000001 __gnu_lto_slim

NO UNDEFINED SYMBOLS
