ARM GAS  /tmp/cckyrRJs.s 			page 1


   1              		.cpu cortex-m4
   2              		.eabi_attribute 20, 1
   3              		.eabi_attribute 21, 1
   4              		.eabi_attribute 23, 3
   5              		.eabi_attribute 24, 1
   6              		.eabi_attribute 25, 1
   7              		.eabi_attribute 26, 1
   8              		.eabi_attribute 30, 2
   9              		.eabi_attribute 34, 1
  10              		.eabi_attribute 18, 4
  11              		.file	"main.c"
  12              		.file 1 "/home/rob/Projects/ChibiStudio/ChibiStudio_20/tools/GNU Tools ARM Embedded/9.2.1 2019q4/a
  13              		.file 2 "/home/rob/Projects/ChibiStudio/ChibiStudio_20/tools/GNU Tools ARM Embedded/9.2.1 2019q4/l
  14              		.file 3 "/home/rob/Projects/ChibiStudio/ChibiStudio_20/tools/GNU Tools ARM Embedded/9.2.1 2019q4/a
  15              		.file 4 "/home/rob/Projects/ChibiStudio/ChibiStudio_20/tools/GNU Tools ARM Embedded/9.2.1 2019q4/a
  16              		.file 5 "/home/rob/Projects/ChibiStudio/ChibiStudio_20/tools/GNU Tools ARM Embedded/9.2.1 2019q4/a
  17              		.file 6 "/home/rob/Projects/ChibiStudio/ChibiStudio_20/tools/GNU Tools ARM Embedded/9.2.1 2019q4/a
  18              		.file 7 "../../chibios_trunk/os/common/ports/ARMCMx/compilers/GCC/chtypes.h"
  19              		.file 8 "../../chibios_trunk/os/rt/include/chsystypes.h"
  20              		.file 9 "../../chibios_trunk/os/rt/include/chschd.h"
  21              		.file 10 "../../chibios_trunk/os/rt/include/chtime.h"
  22              		.file 11 "../../chibios_trunk/os/common/ext/ARM/CMSIS/Core/Include/core_cm4.h"
  23              		.file 12 "../../chibios_trunk/os/common/ext/ST/STM32F4xx/system_stm32f4xx.h"
  24              		.file 13 "../../chibios_trunk/os/common/ext/ST/STM32F4xx/stm32f401xe.h"
  25              		.file 14 "../../chibios_trunk/os/common/ports/ARMCMx/chcore.h"
  26              		.file 15 "../../chibios_trunk/os/common/ports/ARMCMx/chcore_v7m.h"
  27              		.file 16 "../../chibios_trunk/os/rt/include/chtm.h"
  28              		.file 17 "../../chibios_trunk/os/rt/include/chsem.h"
  29              		.file 18 "../../chibios_trunk/os/rt/include/chmtx.h"
  30              		.file 19 "../../chibios_trunk/os/rt/include/chsys.h"
  31              		.file 20 "../../chibios_trunk/os/rt/include/chregistry.h"
  32              		.file 21 "../../chibios_trunk/os/rt/include/chevents.h"
  33              		.file 22 "../../chibios_trunk/os/oslib/include/chmemcore.h"
  34              		.file 23 "../../chibios_trunk/os/oslib/include/chmempools.h"
  35              		.file 24 "../../chibios_trunk/os/oslib/include/chfactory.h"
  36              		.file 25 "../../chibios_trunk/os/hal/ports/STM32/LLD/DMAv2/stm32_dma.h"
  37              		.file 26 "../../chibios_trunk/os/hal/ports/STM32/LLD/TIMv1/stm32_tim.h"
  38              		.file 27 "../../chibios_trunk/os/hal/include/hal_streams.h"
  39              		.file 28 "../../chibios_trunk/os/hal/include/hal_buffers.h"
  40              		.file 29 "../../chibios_trunk/os/hal/include/hal_pal.h"
  41              		.file 30 "../../chibios_trunk/os/hal/ports/STM32/LLD/GPIOv2/stm32_gpio.h"
  42              		.file 31 "../../chibios_trunk/os/hal/ports/STM32/LLD/GPIOv2/hal_pal_lld.h"
  43              		.file 32 "../../chibios_trunk/os/hal/include/hal_icu.h"
  44              		.file 33 "../../chibios_trunk/os/hal/ports/STM32/LLD/TIMv1/hal_icu_lld.h"
  45              		.file 34 "../../chibios_trunk/os/hal/include/hal_uart.h"
  46              		.file 35 "../../chibios_trunk/os/hal/ports/STM32/LLD/USARTv1/hal_uart_lld.h"
  47              		.file 36 "../../chibios_trunk/os/hal/include/hal_usb.h"
  48              		.file 37 "../../chibios_trunk/os/hal/ports/STM32/LLD/OTGv1/hal_usb_lld.h"
  49              		.file 38 "../../chibios_trunk/os/hal/ports/STM32/LLD/OTGv1/stm32_otg.h"
  50              		.file 39 "../../chibios_trunk/os/hal/include/hal_serial_usb.h"
  51              		.file 40 "../../chibios_trunk/os/various/shell/shell.h"
  52              		.file 41 "main.h"
  53              		.file 42 "/home/rob/Projects/ChibiStudio/ChibiStudio_20/tools/GNU Tools ARM Embedded/9.2.1 2019q4/
  54              		.file 43 "./userlib/include/usbcfg.h"
  55              		.file 44 "main.c"
  56              		.file 45 "../../chibios_trunk/os/hal/osal/rt-nil/osal.h"
  57              		.file 46 "../../chibios_trunk/os/rt/include/chthreads.h"
ARM GAS  /tmp/cckyrRJs.s 			page 2


  58              		.file 47 "../../chibios_trunk/os/rt/include/chvt.h"
  59              		.file 48 "../../chibios_trunk/os/common/ports/ARMCMx/chcore_timer.h"
  60              		.file 49 "../../chibios_trunk/os/common/ext/ARM/CMSIS/Core/Include/cmsis_gcc.h"
  61              		.section	.gnu.debuglto_.debug_info,"e",%progbits
  62              	.Ldebug_info0:
  63              		.hidden	main.c.aae6c41c
  64              		.weak	main.c.aae6c41c
  65              	main.c.aae6c41c:
  66 0000 A6330000 		.4byte	0x33a6
  67 0004 0400     		.2byte	0x4
  68 0006 00000000 		.4byte	.Ldebug_abbrev0
  69 000a 04       		.byte	0x4
  70 000b 01       		.uleb128 0x1
  71 000c DA110000 		.4byte	.LASF661
  72 0010 0C       		.byte	0xc
  73 0011 35190000 		.4byte	.LASF662
  74 0015 65020000 		.4byte	.LASF663
  75 0019 00000000 		.4byte	.Ldebug_line0
  76 001d 02       		.uleb128 0x2
  77 001e 01       		.byte	0x1
  78 001f 06       		.byte	0x6
  79 0020 140E0000 		.4byte	.LASF0
  80 0024 03       		.uleb128 0x3
  81 0025 8F000000 		.4byte	.LASF3
  82 0029 01       		.byte	0x1
  83 002a 2B       		.byte	0x2b
  84 002b 18       		.byte	0x18
  85 002c 30000000 		.4byte	0x30
  86 0030 02       		.uleb128 0x2
  87 0031 01       		.byte	0x1
  88 0032 08       		.byte	0x8
  89 0033 7E060000 		.4byte	.LASF1
  90 0037 02       		.uleb128 0x2
  91 0038 02       		.byte	0x2
  92 0039 05       		.byte	0x5
  93 003a EA1A0000 		.4byte	.LASF2
  94 003e 03       		.uleb128 0x3
  95 003f 4A050000 		.4byte	.LASF4
  96 0043 01       		.byte	0x1
  97 0044 39       		.byte	0x39
  98 0045 19       		.byte	0x19
  99 0046 4A000000 		.4byte	0x4a
 100 004a 02       		.uleb128 0x2
 101 004b 02       		.byte	0x2
 102 004c 07       		.byte	0x7
 103 004d 010E0000 		.4byte	.LASF5
 104 0051 03       		.uleb128 0x3
 105 0052 9E150000 		.4byte	.LASF6
 106 0056 01       		.byte	0x1
 107 0057 4D       		.byte	0x4d
 108 0058 18       		.byte	0x18
 109 0059 5D000000 		.4byte	0x5d
 110 005d 02       		.uleb128 0x2
 111 005e 04       		.byte	0x4
 112 005f 05       		.byte	0x5
 113 0060 920F0000 		.4byte	.LASF7
 114 0064 03       		.uleb128 0x3
ARM GAS  /tmp/cckyrRJs.s 			page 3


 115 0065 A8150000 		.4byte	.LASF8
 116 0069 01       		.byte	0x1
 117 006a 4F       		.byte	0x4f
 118 006b 19       		.byte	0x19
 119 006c 70000000 		.4byte	0x70
 120 0070 02       		.uleb128 0x2
 121 0071 04       		.byte	0x4
 122 0072 07       		.byte	0x7
 123 0073 C0100000 		.4byte	.LASF9
 124 0077 02       		.uleb128 0x2
 125 0078 08       		.byte	0x8
 126 0079 05       		.byte	0x5
 127 007a A5180000 		.4byte	.LASF10
 128 007e 03       		.uleb128 0x3
 129 007f 080B0000 		.4byte	.LASF11
 130 0083 01       		.byte	0x1
 131 0084 69       		.byte	0x69
 132 0085 19       		.byte	0x19
 133 0086 8A000000 		.4byte	0x8a
 134 008a 02       		.uleb128 0x2
 135 008b 08       		.byte	0x8
 136 008c 07       		.byte	0x7
 137 008d BD160000 		.4byte	.LASF12
 138 0091 04       		.uleb128 0x4
 139 0092 04       		.byte	0x4
 140 0093 05       		.byte	0x5
 141 0094 696E7400 		.ascii	"int\000"
 142 0098 05       		.uleb128 0x5
 143 0099 91000000 		.4byte	0x91
 144 009d 02       		.uleb128 0x2
 145 009e 04       		.byte	0x4
 146 009f 07       		.byte	0x7
 147 00a0 891A0000 		.4byte	.LASF13
 148 00a4 03       		.uleb128 0x3
 149 00a5 FB080000 		.4byte	.LASF14
 150 00a9 02       		.byte	0x2
 151 00aa D1       		.byte	0xd1
 152 00ab 17       		.byte	0x17
 153 00ac 9D000000 		.4byte	0x9d
 154 00b0 06       		.uleb128 0x6
 155 00b1 A4000000 		.4byte	0xa4
 156 00b5 02       		.uleb128 0x2
 157 00b6 08       		.byte	0x8
 158 00b7 04       		.byte	0x4
 159 00b8 73100000 		.4byte	.LASF15
 160 00bc 07       		.uleb128 0x7
 161 00bd 04       		.byte	0x4
 162 00be 03       		.uleb128 0x3
 163 00bf 26050000 		.4byte	.LASF16
 164 00c3 03       		.byte	0x3
 165 00c4 22       		.byte	0x22
 166 00c5 19       		.byte	0x19
 167 00c6 CA000000 		.4byte	0xca
 168 00ca 08       		.uleb128 0x8
 169 00cb 04       		.byte	0x4
 170 00cc D0000000 		.4byte	0xd0
 171 00d0 09       		.uleb128 0x9
ARM GAS  /tmp/cckyrRJs.s 			page 4


 172 00d1 38040000 		.4byte	.LASF123
 173 00d5 03       		.uleb128 0x3
 174 00d6 E6080000 		.4byte	.LASF17
 175 00da 04       		.byte	0x4
 176 00db 2C       		.byte	0x2c
 177 00dc 0E       		.byte	0xe
 178 00dd 5D000000 		.4byte	0x5d
 179 00e1 03       		.uleb128 0x3
 180 00e2 8C140000 		.4byte	.LASF18
 181 00e6 04       		.byte	0x4
 182 00e7 72       		.byte	0x72
 183 00e8 0E       		.byte	0xe
 184 00e9 5D000000 		.4byte	0x5d
 185 00ed 0A       		.uleb128 0xa
 186 00ee 350A0000 		.4byte	.LASF19
 187 00f2 02       		.byte	0x2
 188 00f3 5E01     		.2byte	0x15e
 189 00f5 17       		.byte	0x17
 190 00f6 9D000000 		.4byte	0x9d
 191 00fa 0B       		.uleb128 0xb
 192 00fb 04       		.byte	0x4
 193 00fc 04       		.byte	0x4
 194 00fd A6       		.byte	0xa6
 195 00fe 03       		.byte	0x3
 196 00ff 1C010000 		.4byte	0x11c
 197 0103 0C       		.uleb128 0xc
 198 0104 FD0E0000 		.4byte	.LASF20
 199 0108 04       		.byte	0x4
 200 0109 A8       		.byte	0xa8
 201 010a 0C       		.byte	0xc
 202 010b ED000000 		.4byte	0xed
 203 010f 0C       		.uleb128 0xc
 204 0110 EA090000 		.4byte	.LASF21
 205 0114 04       		.byte	0x4
 206 0115 A9       		.byte	0xa9
 207 0116 13       		.byte	0x13
 208 0117 1C010000 		.4byte	0x11c
 209 011b 00       		.byte	0
 210 011c 0D       		.uleb128 0xd
 211 011d 30000000 		.4byte	0x30
 212 0121 2C010000 		.4byte	0x12c
 213 0125 0E       		.uleb128 0xe
 214 0126 9D000000 		.4byte	0x9d
 215 012a 03       		.byte	0x3
 216 012b 00       		.byte	0
 217 012c 0F       		.uleb128 0xf
 218 012d 08       		.byte	0x8
 219 012e 04       		.byte	0x4
 220 012f A3       		.byte	0xa3
 221 0130 09       		.byte	0x9
 222 0131 50010000 		.4byte	0x150
 223 0135 10       		.uleb128 0x10
 224 0136 2B090000 		.4byte	.LASF22
 225 013a 04       		.byte	0x4
 226 013b A5       		.byte	0xa5
 227 013c 07       		.byte	0x7
 228 013d 91000000 		.4byte	0x91
ARM GAS  /tmp/cckyrRJs.s 			page 5


 229 0141 00       		.byte	0
 230 0142 10       		.uleb128 0x10
 231 0143 D2150000 		.4byte	.LASF23
 232 0147 04       		.byte	0x4
 233 0148 AA       		.byte	0xaa
 234 0149 05       		.byte	0x5
 235 014a FA000000 		.4byte	0xfa
 236 014e 04       		.byte	0x4
 237 014f 00       		.byte	0
 238 0150 03       		.uleb128 0x3
 239 0151 07150000 		.4byte	.LASF24
 240 0155 04       		.byte	0x4
 241 0156 AB       		.byte	0xab
 242 0157 03       		.byte	0x3
 243 0158 2C010000 		.4byte	0x12c
 244 015c 03       		.uleb128 0x3
 245 015d 23180000 		.4byte	.LASF25
 246 0161 04       		.byte	0x4
 247 0162 AF       		.byte	0xaf
 248 0163 1B       		.byte	0x1b
 249 0164 BE000000 		.4byte	0xbe
 250 0168 03       		.uleb128 0x3
 251 0169 150D0000 		.4byte	.LASF26
 252 016d 05       		.byte	0x5
 253 016e 16       		.byte	0x16
 254 016f 19       		.byte	0x19
 255 0170 70000000 		.4byte	0x70
 256 0174 11       		.uleb128 0x11
 257 0175 B3110000 		.4byte	.LASF31
 258 0179 18       		.byte	0x18
 259 017a 05       		.byte	0x5
 260 017b 2F       		.byte	0x2f
 261 017c 08       		.byte	0x8
 262 017d CE010000 		.4byte	0x1ce
 263 0181 10       		.uleb128 0x10
 264 0182 310B0000 		.4byte	.LASF27
 265 0186 05       		.byte	0x5
 266 0187 31       		.byte	0x31
 267 0188 13       		.byte	0x13
 268 0189 CE010000 		.4byte	0x1ce
 269 018d 00       		.byte	0
 270 018e 12       		.uleb128 0x12
 271 018f 5F6B00   		.ascii	"_k\000"
 272 0192 05       		.byte	0x5
 273 0193 32       		.byte	0x32
 274 0194 07       		.byte	0x7
 275 0195 91000000 		.4byte	0x91
 276 0199 04       		.byte	0x4
 277 019a 10       		.uleb128 0x10
 278 019b 51100000 		.4byte	.LASF28
 279 019f 05       		.byte	0x5
 280 01a0 32       		.byte	0x32
 281 01a1 0B       		.byte	0xb
 282 01a2 91000000 		.4byte	0x91
 283 01a6 08       		.byte	0x8
 284 01a7 10       		.uleb128 0x10
 285 01a8 201A0000 		.4byte	.LASF29
ARM GAS  /tmp/cckyrRJs.s 			page 6


 286 01ac 05       		.byte	0x5
 287 01ad 32       		.byte	0x32
 288 01ae 14       		.byte	0x14
 289 01af 91000000 		.4byte	0x91
 290 01b3 0C       		.byte	0xc
 291 01b4 10       		.uleb128 0x10
 292 01b5 CB060000 		.4byte	.LASF30
 293 01b9 05       		.byte	0x5
 294 01ba 32       		.byte	0x32
 295 01bb 1B       		.byte	0x1b
 296 01bc 91000000 		.4byte	0x91
 297 01c0 10       		.byte	0x10
 298 01c1 12       		.uleb128 0x12
 299 01c2 5F7800   		.ascii	"_x\000"
 300 01c5 05       		.byte	0x5
 301 01c6 33       		.byte	0x33
 302 01c7 0B       		.byte	0xb
 303 01c8 D4010000 		.4byte	0x1d4
 304 01cc 14       		.byte	0x14
 305 01cd 00       		.byte	0
 306 01ce 08       		.uleb128 0x8
 307 01cf 04       		.byte	0x4
 308 01d0 74010000 		.4byte	0x174
 309 01d4 0D       		.uleb128 0xd
 310 01d5 68010000 		.4byte	0x168
 311 01d9 E4010000 		.4byte	0x1e4
 312 01dd 0E       		.uleb128 0xe
 313 01de 9D000000 		.4byte	0x9d
 314 01e2 00       		.byte	0
 315 01e3 00       		.byte	0
 316 01e4 11       		.uleb128 0x11
 317 01e5 A7040000 		.4byte	.LASF32
 318 01e9 24       		.byte	0x24
 319 01ea 05       		.byte	0x5
 320 01eb 37       		.byte	0x37
 321 01ec 08       		.byte	0x8
 322 01ed 67020000 		.4byte	0x267
 323 01f1 10       		.uleb128 0x10
 324 01f2 F80B0000 		.4byte	.LASF33
 325 01f6 05       		.byte	0x5
 326 01f7 39       		.byte	0x39
 327 01f8 09       		.byte	0x9
 328 01f9 91000000 		.4byte	0x91
 329 01fd 00       		.byte	0
 330 01fe 10       		.uleb128 0x10
 331 01ff 2F1A0000 		.4byte	.LASF34
 332 0203 05       		.byte	0x5
 333 0204 3A       		.byte	0x3a
 334 0205 09       		.byte	0x9
 335 0206 91000000 		.4byte	0x91
 336 020a 04       		.byte	0x4
 337 020b 10       		.uleb128 0x10
 338 020c 060A0000 		.4byte	.LASF35
 339 0210 05       		.byte	0x5
 340 0211 3B       		.byte	0x3b
 341 0212 09       		.byte	0x9
 342 0213 91000000 		.4byte	0x91
ARM GAS  /tmp/cckyrRJs.s 			page 7


 343 0217 08       		.byte	0x8
 344 0218 10       		.uleb128 0x10
 345 0219 940A0000 		.4byte	.LASF36
 346 021d 05       		.byte	0x5
 347 021e 3C       		.byte	0x3c
 348 021f 09       		.byte	0x9
 349 0220 91000000 		.4byte	0x91
 350 0224 0C       		.byte	0xc
 351 0225 10       		.uleb128 0x10
 352 0226 3A010000 		.4byte	.LASF37
 353 022a 05       		.byte	0x5
 354 022b 3D       		.byte	0x3d
 355 022c 09       		.byte	0x9
 356 022d 91000000 		.4byte	0x91
 357 0231 10       		.byte	0x10
 358 0232 10       		.uleb128 0x10
 359 0233 6A070000 		.4byte	.LASF38
 360 0237 05       		.byte	0x5
 361 0238 3E       		.byte	0x3e
 362 0239 09       		.byte	0x9
 363 023a 91000000 		.4byte	0x91
 364 023e 14       		.byte	0x14
 365 023f 10       		.uleb128 0x10
 366 0240 35060000 		.4byte	.LASF39
 367 0244 05       		.byte	0x5
 368 0245 3F       		.byte	0x3f
 369 0246 09       		.byte	0x9
 370 0247 91000000 		.4byte	0x91
 371 024b 18       		.byte	0x18
 372 024c 10       		.uleb128 0x10
 373 024d E0040000 		.4byte	.LASF40
 374 0251 05       		.byte	0x5
 375 0252 40       		.byte	0x40
 376 0253 09       		.byte	0x9
 377 0254 91000000 		.4byte	0x91
 378 0258 1C       		.byte	0x1c
 379 0259 10       		.uleb128 0x10
 380 025a 4B060000 		.4byte	.LASF41
 381 025e 05       		.byte	0x5
 382 025f 41       		.byte	0x41
 383 0260 09       		.byte	0x9
 384 0261 91000000 		.4byte	0x91
 385 0265 20       		.byte	0x20
 386 0266 00       		.byte	0
 387 0267 13       		.uleb128 0x13
 388 0268 0F0C0000 		.4byte	.LASF42
 389 026c 0801     		.2byte	0x108
 390 026e 05       		.byte	0x5
 391 026f 4A       		.byte	0x4a
 392 0270 08       		.byte	0x8
 393 0271 AC020000 		.4byte	0x2ac
 394 0275 10       		.uleb128 0x10
 395 0276 CB0A0000 		.4byte	.LASF43
 396 027a 05       		.byte	0x5
 397 027b 4B       		.byte	0x4b
 398 027c 0A       		.byte	0xa
 399 027d AC020000 		.4byte	0x2ac
ARM GAS  /tmp/cckyrRJs.s 			page 8


 400 0281 00       		.byte	0
 401 0282 10       		.uleb128 0x10
 402 0283 00060000 		.4byte	.LASF44
 403 0287 05       		.byte	0x5
 404 0288 4C       		.byte	0x4c
 405 0289 09       		.byte	0x9
 406 028a AC020000 		.4byte	0x2ac
 407 028e 80       		.byte	0x80
 408 028f 14       		.uleb128 0x14
 409 0290 43010000 		.4byte	.LASF45
 410 0294 05       		.byte	0x5
 411 0295 4E       		.byte	0x4e
 412 0296 0A       		.byte	0xa
 413 0297 68010000 		.4byte	0x168
 414 029b 0001     		.2byte	0x100
 415 029d 14       		.uleb128 0x14
 416 029e DA150000 		.4byte	.LASF46
 417 02a2 05       		.byte	0x5
 418 02a3 51       		.byte	0x51
 419 02a4 0A       		.byte	0xa
 420 02a5 68010000 		.4byte	0x168
 421 02a9 0401     		.2byte	0x104
 422 02ab 00       		.byte	0
 423 02ac 0D       		.uleb128 0xd
 424 02ad BC000000 		.4byte	0xbc
 425 02b1 BC020000 		.4byte	0x2bc
 426 02b5 0E       		.uleb128 0xe
 427 02b6 9D000000 		.4byte	0x9d
 428 02ba 1F       		.byte	0x1f
 429 02bb 00       		.byte	0
 430 02bc 13       		.uleb128 0x13
 431 02bd CE000000 		.4byte	.LASF47
 432 02c1 9001     		.2byte	0x190
 433 02c3 05       		.byte	0x5
 434 02c4 5D       		.byte	0x5d
 435 02c5 08       		.byte	0x8
 436 02c6 FF020000 		.4byte	0x2ff
 437 02ca 10       		.uleb128 0x10
 438 02cb 310B0000 		.4byte	.LASF27
 439 02cf 05       		.byte	0x5
 440 02d0 5E       		.byte	0x5e
 441 02d1 12       		.byte	0x12
 442 02d2 FF020000 		.4byte	0x2ff
 443 02d6 00       		.byte	0
 444 02d7 10       		.uleb128 0x10
 445 02d8 51010000 		.4byte	.LASF48
 446 02dc 05       		.byte	0x5
 447 02dd 5F       		.byte	0x5f
 448 02de 06       		.byte	0x6
 449 02df 91000000 		.4byte	0x91
 450 02e3 04       		.byte	0x4
 451 02e4 10       		.uleb128 0x10
 452 02e5 D2140000 		.4byte	.LASF49
 453 02e9 05       		.byte	0x5
 454 02ea 61       		.byte	0x61
 455 02eb 09       		.byte	0x9
 456 02ec 05030000 		.4byte	0x305
ARM GAS  /tmp/cckyrRJs.s 			page 9


 457 02f0 08       		.byte	0x8
 458 02f1 10       		.uleb128 0x10
 459 02f2 0F0C0000 		.4byte	.LASF42
 460 02f6 05       		.byte	0x5
 461 02f7 62       		.byte	0x62
 462 02f8 1E       		.byte	0x1e
 463 02f9 67020000 		.4byte	0x267
 464 02fd 88       		.byte	0x88
 465 02fe 00       		.byte	0
 466 02ff 08       		.uleb128 0x8
 467 0300 04       		.byte	0x4
 468 0301 BC020000 		.4byte	0x2bc
 469 0305 0D       		.uleb128 0xd
 470 0306 15030000 		.4byte	0x315
 471 030a 15030000 		.4byte	0x315
 472 030e 0E       		.uleb128 0xe
 473 030f 9D000000 		.4byte	0x9d
 474 0313 1F       		.byte	0x1f
 475 0314 00       		.byte	0
 476 0315 08       		.uleb128 0x8
 477 0316 04       		.byte	0x4
 478 0317 1B030000 		.4byte	0x31b
 479 031b 15       		.uleb128 0x15
 480 031c 11       		.uleb128 0x11
 481 031d 9D0E0000 		.4byte	.LASF50
 482 0321 08       		.byte	0x8
 483 0322 05       		.byte	0x5
 484 0323 75       		.byte	0x75
 485 0324 08       		.byte	0x8
 486 0325 44030000 		.4byte	0x344
 487 0329 10       		.uleb128 0x10
 488 032a 61040000 		.4byte	.LASF51
 489 032e 05       		.byte	0x5
 490 032f 76       		.byte	0x76
 491 0330 11       		.byte	0x11
 492 0331 44030000 		.4byte	0x344
 493 0335 00       		.byte	0
 494 0336 10       		.uleb128 0x10
 495 0337 D0060000 		.4byte	.LASF52
 496 033b 05       		.byte	0x5
 497 033c 77       		.byte	0x77
 498 033d 06       		.byte	0x6
 499 033e 91000000 		.4byte	0x91
 500 0342 04       		.byte	0x4
 501 0343 00       		.byte	0
 502 0344 08       		.uleb128 0x8
 503 0345 04       		.byte	0x4
 504 0346 30000000 		.4byte	0x30
 505 034a 11       		.uleb128 0x11
 506 034b C3140000 		.4byte	.LASF53
 507 034f 68       		.byte	0x68
 508 0350 05       		.byte	0x5
 509 0351 B5       		.byte	0xb5
 510 0352 08       		.byte	0x8
 511 0353 8D040000 		.4byte	0x48d
 512 0357 12       		.uleb128 0x12
 513 0358 5F7000   		.ascii	"_p\000"
ARM GAS  /tmp/cckyrRJs.s 			page 10


 514 035b 05       		.byte	0x5
 515 035c B6       		.byte	0xb6
 516 035d 12       		.byte	0x12
 517 035e 44030000 		.4byte	0x344
 518 0362 00       		.byte	0
 519 0363 12       		.uleb128 0x12
 520 0364 5F7200   		.ascii	"_r\000"
 521 0367 05       		.byte	0x5
 522 0368 B7       		.byte	0xb7
 523 0369 07       		.byte	0x7
 524 036a 91000000 		.4byte	0x91
 525 036e 04       		.byte	0x4
 526 036f 12       		.uleb128 0x12
 527 0370 5F7700   		.ascii	"_w\000"
 528 0373 05       		.byte	0x5
 529 0374 B8       		.byte	0xb8
 530 0375 07       		.byte	0x7
 531 0376 91000000 		.4byte	0x91
 532 037a 08       		.byte	0x8
 533 037b 10       		.uleb128 0x10
 534 037c A3010000 		.4byte	.LASF54
 535 0380 05       		.byte	0x5
 536 0381 B9       		.byte	0xb9
 537 0382 09       		.byte	0x9
 538 0383 37000000 		.4byte	0x37
 539 0387 0C       		.byte	0xc
 540 0388 10       		.uleb128 0x10
 541 0389 94140000 		.4byte	.LASF55
 542 038d 05       		.byte	0x5
 543 038e BA       		.byte	0xba
 544 038f 09       		.byte	0x9
 545 0390 37000000 		.4byte	0x37
 546 0394 0E       		.byte	0xe
 547 0395 12       		.uleb128 0x12
 548 0396 5F626600 		.ascii	"_bf\000"
 549 039a 05       		.byte	0x5
 550 039b BB       		.byte	0xbb
 551 039c 11       		.byte	0x11
 552 039d 1C030000 		.4byte	0x31c
 553 03a1 10       		.byte	0x10
 554 03a2 10       		.uleb128 0x10
 555 03a3 7A030000 		.4byte	.LASF56
 556 03a7 05       		.byte	0x5
 557 03a8 BC       		.byte	0xbc
 558 03a9 07       		.byte	0x7
 559 03aa 91000000 		.4byte	0x91
 560 03ae 18       		.byte	0x18
 561 03af 10       		.uleb128 0x10
 562 03b0 640B0000 		.4byte	.LASF57
 563 03b4 05       		.byte	0x5
 564 03b5 C3       		.byte	0xc3
 565 03b6 0A       		.byte	0xa
 566 03b7 BC000000 		.4byte	0xbc
 567 03bb 1C       		.byte	0x1c
 568 03bc 10       		.uleb128 0x10
 569 03bd 101B0000 		.4byte	.LASF58
 570 03c1 05       		.byte	0x5
ARM GAS  /tmp/cckyrRJs.s 			page 11


 571 03c2 C5       		.byte	0xc5
 572 03c3 1D       		.byte	0x1d
 573 03c4 11060000 		.4byte	0x611
 574 03c8 20       		.byte	0x20
 575 03c9 10       		.uleb128 0x10
 576 03ca 17070000 		.4byte	.LASF59
 577 03ce 05       		.byte	0x5
 578 03cf C7       		.byte	0xc7
 579 03d0 1D       		.byte	0x1d
 580 03d1 40060000 		.4byte	0x640
 581 03d5 24       		.byte	0x24
 582 03d6 10       		.uleb128 0x10
 583 03d7 CF0D0000 		.4byte	.LASF60
 584 03db 05       		.byte	0x5
 585 03dc CA       		.byte	0xca
 586 03dd 0D       		.byte	0xd
 587 03de 64060000 		.4byte	0x664
 588 03e2 28       		.byte	0x28
 589 03e3 10       		.uleb128 0x10
 590 03e4 38110000 		.4byte	.LASF61
 591 03e8 05       		.byte	0x5
 592 03e9 CB       		.byte	0xcb
 593 03ea 09       		.byte	0x9
 594 03eb 7E060000 		.4byte	0x67e
 595 03ef 2C       		.byte	0x2c
 596 03f0 12       		.uleb128 0x12
 597 03f1 5F756200 		.ascii	"_ub\000"
 598 03f5 05       		.byte	0x5
 599 03f6 CE       		.byte	0xce
 600 03f7 11       		.byte	0x11
 601 03f8 1C030000 		.4byte	0x31c
 602 03fc 30       		.byte	0x30
 603 03fd 12       		.uleb128 0x12
 604 03fe 5F757000 		.ascii	"_up\000"
 605 0402 05       		.byte	0x5
 606 0403 CF       		.byte	0xcf
 607 0404 12       		.byte	0x12
 608 0405 44030000 		.4byte	0x344
 609 0409 38       		.byte	0x38
 610 040a 12       		.uleb128 0x12
 611 040b 5F757200 		.ascii	"_ur\000"
 612 040f 05       		.byte	0x5
 613 0410 D0       		.byte	0xd0
 614 0411 07       		.byte	0x7
 615 0412 91000000 		.4byte	0x91
 616 0416 3C       		.byte	0x3c
 617 0417 10       		.uleb128 0x10
 618 0418 FC130000 		.4byte	.LASF62
 619 041c 05       		.byte	0x5
 620 041d D3       		.byte	0xd3
 621 041e 11       		.byte	0x11
 622 041f 84060000 		.4byte	0x684
 623 0423 40       		.byte	0x40
 624 0424 10       		.uleb128 0x10
 625 0425 42020000 		.4byte	.LASF63
 626 0429 05       		.byte	0x5
 627 042a D4       		.byte	0xd4
ARM GAS  /tmp/cckyrRJs.s 			page 12


 628 042b 11       		.byte	0x11
 629 042c 94060000 		.4byte	0x694
 630 0430 43       		.byte	0x43
 631 0431 12       		.uleb128 0x12
 632 0432 5F6C6200 		.ascii	"_lb\000"
 633 0436 05       		.byte	0x5
 634 0437 D7       		.byte	0xd7
 635 0438 11       		.byte	0x11
 636 0439 1C030000 		.4byte	0x31c
 637 043d 44       		.byte	0x44
 638 043e 10       		.uleb128 0x10
 639 043f EA130000 		.4byte	.LASF64
 640 0443 05       		.byte	0x5
 641 0444 DA       		.byte	0xda
 642 0445 07       		.byte	0x7
 643 0446 91000000 		.4byte	0x91
 644 044a 4C       		.byte	0x4c
 645 044b 10       		.uleb128 0x10
 646 044c 770E0000 		.4byte	.LASF65
 647 0450 05       		.byte	0x5
 648 0451 DB       		.byte	0xdb
 649 0452 0A       		.byte	0xa
 650 0453 D5000000 		.4byte	0xd5
 651 0457 50       		.byte	0x50
 652 0458 10       		.uleb128 0x10
 653 0459 D6030000 		.4byte	.LASF66
 654 045d 05       		.byte	0x5
 655 045e DE       		.byte	0xde
 656 045f 12       		.byte	0x12
 657 0460 AB040000 		.4byte	0x4ab
 658 0464 54       		.byte	0x54
 659 0465 10       		.uleb128 0x10
 660 0466 3C020000 		.4byte	.LASF67
 661 046a 05       		.byte	0x5
 662 046b E2       		.byte	0xe2
 663 046c 0C       		.byte	0xc
 664 046d 5C010000 		.4byte	0x15c
 665 0471 58       		.byte	0x58
 666 0472 10       		.uleb128 0x10
 667 0473 BB000000 		.4byte	.LASF68
 668 0477 05       		.byte	0x5
 669 0478 E4       		.byte	0xe4
 670 0479 0E       		.byte	0xe
 671 047a 50010000 		.4byte	0x150
 672 047e 5C       		.byte	0x5c
 673 047f 10       		.uleb128 0x10
 674 0480 C9180000 		.4byte	.LASF69
 675 0484 05       		.byte	0x5
 676 0485 E5       		.byte	0xe5
 677 0486 09       		.byte	0x9
 678 0487 91000000 		.4byte	0x91
 679 048b 64       		.byte	0x64
 680 048c 00       		.byte	0
 681 048d 16       		.uleb128 0x16
 682 048e 91000000 		.4byte	0x91
 683 0492 AB040000 		.4byte	0x4ab
 684 0496 17       		.uleb128 0x17
ARM GAS  /tmp/cckyrRJs.s 			page 13


 685 0497 AB040000 		.4byte	0x4ab
 686 049b 17       		.uleb128 0x17
 687 049c BC000000 		.4byte	0xbc
 688 04a0 17       		.uleb128 0x17
 689 04a1 FF050000 		.4byte	0x5ff
 690 04a5 17       		.uleb128 0x17
 691 04a6 91000000 		.4byte	0x91
 692 04aa 00       		.byte	0
 693 04ab 08       		.uleb128 0x8
 694 04ac 04       		.byte	0x4
 695 04ad B6040000 		.4byte	0x4b6
 696 04b1 05       		.uleb128 0x5
 697 04b2 AB040000 		.4byte	0x4ab
 698 04b6 18       		.uleb128 0x18
 699 04b7 3F040000 		.4byte	.LASF70
 700 04bb 2804     		.2byte	0x428
 701 04bd 05       		.byte	0x5
 702 04be 6002     		.2byte	0x260
 703 04c0 08       		.byte	0x8
 704 04c1 FF050000 		.4byte	0x5ff
 705 04c5 19       		.uleb128 0x19
 706 04c6 7A0A0000 		.4byte	.LASF71
 707 04ca 05       		.byte	0x5
 708 04cb 6202     		.2byte	0x262
 709 04cd 07       		.byte	0x7
 710 04ce 91000000 		.4byte	0x91
 711 04d2 00       		.byte	0
 712 04d3 19       		.uleb128 0x19
 713 04d4 26080000 		.4byte	.LASF72
 714 04d8 05       		.byte	0x5
 715 04d9 6702     		.2byte	0x267
 716 04db 0B       		.byte	0xb
 717 04dc F0060000 		.4byte	0x6f0
 718 04e0 04       		.byte	0x4
 719 04e1 19       		.uleb128 0x19
 720 04e2 8C060000 		.4byte	.LASF73
 721 04e6 05       		.byte	0x5
 722 04e7 6702     		.2byte	0x267
 723 04e9 14       		.byte	0x14
 724 04ea F0060000 		.4byte	0x6f0
 725 04ee 08       		.byte	0x8
 726 04ef 19       		.uleb128 0x19
 727 04f0 DA050000 		.4byte	.LASF74
 728 04f4 05       		.byte	0x5
 729 04f5 6702     		.2byte	0x267
 730 04f7 1E       		.byte	0x1e
 731 04f8 F0060000 		.4byte	0x6f0
 732 04fc 0C       		.byte	0xc
 733 04fd 19       		.uleb128 0x19
 734 04fe 4C010000 		.4byte	.LASF75
 735 0502 05       		.byte	0x5
 736 0503 6902     		.2byte	0x269
 737 0505 08       		.byte	0x8
 738 0506 91000000 		.4byte	0x91
 739 050a 10       		.byte	0x10
 740 050b 19       		.uleb128 0x19
 741 050c E20F0000 		.4byte	.LASF76
ARM GAS  /tmp/cckyrRJs.s 			page 14


 742 0510 05       		.byte	0x5
 743 0511 6A02     		.2byte	0x26a
 744 0513 08       		.byte	0x8
 745 0514 F0080000 		.4byte	0x8f0
 746 0518 14       		.byte	0x14
 747 0519 19       		.uleb128 0x19
 748 051a AF170000 		.4byte	.LASF77
 749 051e 05       		.byte	0x5
 750 051f 6D02     		.2byte	0x26d
 751 0521 07       		.byte	0x7
 752 0522 91000000 		.4byte	0x91
 753 0526 30       		.byte	0x30
 754 0527 19       		.uleb128 0x19
 755 0528 04190000 		.4byte	.LASF78
 756 052c 05       		.byte	0x5
 757 052d 6E02     		.2byte	0x26e
 758 052f 16       		.byte	0x16
 759 0530 05090000 		.4byte	0x905
 760 0534 34       		.byte	0x34
 761 0535 19       		.uleb128 0x19
 762 0536 DF170000 		.4byte	.LASF79
 763 053a 05       		.byte	0x5
 764 053b 7002     		.2byte	0x270
 765 053d 07       		.byte	0x7
 766 053e 91000000 		.4byte	0x91
 767 0542 38       		.byte	0x38
 768 0543 19       		.uleb128 0x19
 769 0544 49140000 		.4byte	.LASF80
 770 0548 05       		.byte	0x5
 771 0549 7202     		.2byte	0x272
 772 054b 0A       		.byte	0xa
 773 054c 16090000 		.4byte	0x916
 774 0550 3C       		.byte	0x3c
 775 0551 19       		.uleb128 0x19
 776 0552 E2050000 		.4byte	.LASF81
 777 0556 05       		.byte	0x5
 778 0557 7502     		.2byte	0x275
 779 0559 13       		.byte	0x13
 780 055a CE010000 		.4byte	0x1ce
 781 055e 40       		.byte	0x40
 782 055f 19       		.uleb128 0x19
 783 0560 CB050000 		.4byte	.LASF82
 784 0564 05       		.byte	0x5
 785 0565 7602     		.2byte	0x276
 786 0567 07       		.byte	0x7
 787 0568 91000000 		.4byte	0x91
 788 056c 44       		.byte	0x44
 789 056d 19       		.uleb128 0x19
 790 056e 0A160000 		.4byte	.LASF83
 791 0572 05       		.byte	0x5
 792 0573 7702     		.2byte	0x277
 793 0575 13       		.byte	0x13
 794 0576 CE010000 		.4byte	0x1ce
 795 057a 48       		.byte	0x48
 796 057b 19       		.uleb128 0x19
 797 057c 550E0000 		.4byte	.LASF84
 798 0580 05       		.byte	0x5
ARM GAS  /tmp/cckyrRJs.s 			page 15


 799 0581 7802     		.2byte	0x278
 800 0583 14       		.byte	0x14
 801 0584 1C090000 		.4byte	0x91c
 802 0588 4C       		.byte	0x4c
 803 0589 19       		.uleb128 0x19
 804 058a F5010000 		.4byte	.LASF85
 805 058e 05       		.byte	0x5
 806 058f 7B02     		.2byte	0x27b
 807 0591 07       		.byte	0x7
 808 0592 91000000 		.4byte	0x91
 809 0596 50       		.byte	0x50
 810 0597 19       		.uleb128 0x19
 811 0598 9F090000 		.4byte	.LASF86
 812 059c 05       		.byte	0x5
 813 059d 7C02     		.2byte	0x27c
 814 059f 09       		.byte	0x9
 815 05a0 FF050000 		.4byte	0x5ff
 816 05a4 54       		.byte	0x54
 817 05a5 19       		.uleb128 0x19
 818 05a6 3C0A0000 		.4byte	.LASF87
 819 05aa 05       		.byte	0x5
 820 05ab 9F02     		.2byte	0x29f
 821 05ad 07       		.byte	0x7
 822 05ae CB080000 		.4byte	0x8cb
 823 05b2 58       		.byte	0x58
 824 05b3 1A       		.uleb128 0x1a
 825 05b4 CE000000 		.4byte	.LASF47
 826 05b8 05       		.byte	0x5
 827 05b9 A302     		.2byte	0x2a3
 828 05bb 13       		.byte	0x13
 829 05bc FF020000 		.4byte	0x2ff
 830 05c0 4801     		.2byte	0x148
 831 05c2 1A       		.uleb128 0x1a
 832 05c3 E7120000 		.4byte	.LASF88
 833 05c7 05       		.byte	0x5
 834 05c8 A402     		.2byte	0x2a4
 835 05ca 12       		.byte	0x12
 836 05cb BC020000 		.4byte	0x2bc
 837 05cf 4C01     		.2byte	0x14c
 838 05d1 1A       		.uleb128 0x1a
 839 05d2 0E020000 		.4byte	.LASF89
 840 05d6 05       		.byte	0x5
 841 05d7 A802     		.2byte	0x2a8
 842 05d9 0C       		.byte	0xc
 843 05da 2D090000 		.4byte	0x92d
 844 05de DC02     		.2byte	0x2dc
 845 05e0 1A       		.uleb128 0x1a
 846 05e1 16140000 		.4byte	.LASF90
 847 05e5 05       		.byte	0x5
 848 05e6 AD02     		.2byte	0x2ad
 849 05e8 10       		.byte	0x10
 850 05e9 B1060000 		.4byte	0x6b1
 851 05ed E002     		.2byte	0x2e0
 852 05ef 1A       		.uleb128 0x1a
 853 05f0 53040000 		.4byte	.LASF91
 854 05f4 05       		.byte	0x5
 855 05f5 AF02     		.2byte	0x2af
ARM GAS  /tmp/cckyrRJs.s 			page 16


 856 05f7 0A       		.byte	0xa
 857 05f8 39090000 		.4byte	0x939
 858 05fc EC02     		.2byte	0x2ec
 859 05fe 00       		.byte	0
 860 05ff 08       		.uleb128 0x8
 861 0600 04       		.byte	0x4
 862 0601 05060000 		.4byte	0x605
 863 0605 02       		.uleb128 0x2
 864 0606 01       		.byte	0x1
 865 0607 08       		.byte	0x8
 866 0608 3F110000 		.4byte	.LASF92
 867 060c 05       		.uleb128 0x5
 868 060d 05060000 		.4byte	0x605
 869 0611 08       		.uleb128 0x8
 870 0612 04       		.byte	0x4
 871 0613 8D040000 		.4byte	0x48d
 872 0617 16       		.uleb128 0x16
 873 0618 91000000 		.4byte	0x91
 874 061c 35060000 		.4byte	0x635
 875 0620 17       		.uleb128 0x17
 876 0621 AB040000 		.4byte	0x4ab
 877 0625 17       		.uleb128 0x17
 878 0626 BC000000 		.4byte	0xbc
 879 062a 17       		.uleb128 0x17
 880 062b 35060000 		.4byte	0x635
 881 062f 17       		.uleb128 0x17
 882 0630 91000000 		.4byte	0x91
 883 0634 00       		.byte	0
 884 0635 08       		.uleb128 0x8
 885 0636 04       		.byte	0x4
 886 0637 0C060000 		.4byte	0x60c
 887 063b 06       		.uleb128 0x6
 888 063c 35060000 		.4byte	0x635
 889 0640 08       		.uleb128 0x8
 890 0641 04       		.byte	0x4
 891 0642 17060000 		.4byte	0x617
 892 0646 16       		.uleb128 0x16
 893 0647 E1000000 		.4byte	0xe1
 894 064b 64060000 		.4byte	0x664
 895 064f 17       		.uleb128 0x17
 896 0650 AB040000 		.4byte	0x4ab
 897 0654 17       		.uleb128 0x17
 898 0655 BC000000 		.4byte	0xbc
 899 0659 17       		.uleb128 0x17
 900 065a E1000000 		.4byte	0xe1
 901 065e 17       		.uleb128 0x17
 902 065f 91000000 		.4byte	0x91
 903 0663 00       		.byte	0
 904 0664 08       		.uleb128 0x8
 905 0665 04       		.byte	0x4
 906 0666 46060000 		.4byte	0x646
 907 066a 16       		.uleb128 0x16
 908 066b 91000000 		.4byte	0x91
 909 066f 7E060000 		.4byte	0x67e
 910 0673 17       		.uleb128 0x17
 911 0674 AB040000 		.4byte	0x4ab
 912 0678 17       		.uleb128 0x17
ARM GAS  /tmp/cckyrRJs.s 			page 17


 913 0679 BC000000 		.4byte	0xbc
 914 067d 00       		.byte	0
 915 067e 08       		.uleb128 0x8
 916 067f 04       		.byte	0x4
 917 0680 6A060000 		.4byte	0x66a
 918 0684 0D       		.uleb128 0xd
 919 0685 30000000 		.4byte	0x30
 920 0689 94060000 		.4byte	0x694
 921 068d 0E       		.uleb128 0xe
 922 068e 9D000000 		.4byte	0x9d
 923 0692 02       		.byte	0x2
 924 0693 00       		.byte	0
 925 0694 0D       		.uleb128 0xd
 926 0695 30000000 		.4byte	0x30
 927 0699 A4060000 		.4byte	0x6a4
 928 069d 0E       		.uleb128 0xe
 929 069e 9D000000 		.4byte	0x9d
 930 06a2 00       		.byte	0
 931 06a3 00       		.byte	0
 932 06a4 0A       		.uleb128 0xa
 933 06a5 001A0000 		.4byte	.LASF93
 934 06a9 05       		.byte	0x5
 935 06aa 1F01     		.2byte	0x11f
 936 06ac 1A       		.byte	0x1a
 937 06ad 4A030000 		.4byte	0x34a
 938 06b1 1B       		.uleb128 0x1b
 939 06b2 44110000 		.4byte	.LASF94
 940 06b6 0C       		.byte	0xc
 941 06b7 05       		.byte	0x5
 942 06b8 2301     		.2byte	0x123
 943 06ba 08       		.byte	0x8
 944 06bb EA060000 		.4byte	0x6ea
 945 06bf 19       		.uleb128 0x19
 946 06c0 310B0000 		.4byte	.LASF27
 947 06c4 05       		.byte	0x5
 948 06c5 2501     		.2byte	0x125
 949 06c7 11       		.byte	0x11
 950 06c8 EA060000 		.4byte	0x6ea
 951 06cc 00       		.byte	0
 952 06cd 19       		.uleb128 0x19
 953 06ce 600A0000 		.4byte	.LASF95
 954 06d2 05       		.byte	0x5
 955 06d3 2601     		.2byte	0x126
 956 06d5 07       		.byte	0x7
 957 06d6 91000000 		.4byte	0x91
 958 06da 04       		.byte	0x4
 959 06db 19       		.uleb128 0x19
 960 06dc DC0F0000 		.4byte	.LASF96
 961 06e0 05       		.byte	0x5
 962 06e1 2701     		.2byte	0x127
 963 06e3 0B       		.byte	0xb
 964 06e4 F0060000 		.4byte	0x6f0
 965 06e8 08       		.byte	0x8
 966 06e9 00       		.byte	0
 967 06ea 08       		.uleb128 0x8
 968 06eb 04       		.byte	0x4
 969 06ec B1060000 		.4byte	0x6b1
ARM GAS  /tmp/cckyrRJs.s 			page 18


 970 06f0 08       		.uleb128 0x8
 971 06f1 04       		.byte	0x4
 972 06f2 A4060000 		.4byte	0x6a4
 973 06f6 1B       		.uleb128 0x1b
 974 06f7 391B0000 		.4byte	.LASF97
 975 06fb 0E       		.byte	0xe
 976 06fc 05       		.byte	0x5
 977 06fd 3F01     		.2byte	0x13f
 978 06ff 08       		.byte	0x8
 979 0700 2F070000 		.4byte	0x72f
 980 0704 19       		.uleb128 0x19
 981 0705 C90D0000 		.4byte	.LASF98
 982 0709 05       		.byte	0x5
 983 070a 4001     		.2byte	0x140
 984 070c 12       		.byte	0x12
 985 070d 2F070000 		.4byte	0x72f
 986 0711 00       		.byte	0
 987 0712 19       		.uleb128 0x19
 988 0713 B6070000 		.4byte	.LASF99
 989 0717 05       		.byte	0x5
 990 0718 4101     		.2byte	0x141
 991 071a 12       		.byte	0x12
 992 071b 2F070000 		.4byte	0x72f
 993 071f 06       		.byte	0x6
 994 0720 19       		.uleb128 0x19
 995 0721 3E030000 		.4byte	.LASF100
 996 0725 05       		.byte	0x5
 997 0726 4201     		.2byte	0x142
 998 0728 12       		.byte	0x12
 999 0729 4A000000 		.4byte	0x4a
 1000 072d 0C       		.byte	0xc
 1001 072e 00       		.byte	0
 1002 072f 0D       		.uleb128 0xd
 1003 0730 4A000000 		.4byte	0x4a
 1004 0734 3F070000 		.4byte	0x73f
 1005 0738 0E       		.uleb128 0xe
 1006 0739 9D000000 		.4byte	0x9d
 1007 073d 02       		.byte	0x2
 1008 073e 00       		.byte	0
 1009 073f 1C       		.uleb128 0x1c
 1010 0740 D0       		.byte	0xd0
 1011 0741 05       		.byte	0x5
 1012 0742 8002     		.2byte	0x280
 1013 0744 07       		.byte	0x7
 1014 0745 54080000 		.4byte	0x854
 1015 0749 19       		.uleb128 0x19
 1016 074a 55050000 		.4byte	.LASF101
 1017 074e 05       		.byte	0x5
 1018 074f 8202     		.2byte	0x282
 1019 0751 18       		.byte	0x18
 1020 0752 9D000000 		.4byte	0x9d
 1021 0756 00       		.byte	0
 1022 0757 19       		.uleb128 0x19
 1023 0758 A40D0000 		.4byte	.LASF102
 1024 075c 05       		.byte	0x5
 1025 075d 8302     		.2byte	0x283
 1026 075f 12       		.byte	0x12
ARM GAS  /tmp/cckyrRJs.s 			page 19


 1027 0760 FF050000 		.4byte	0x5ff
 1028 0764 04       		.byte	0x4
 1029 0765 19       		.uleb128 0x19
 1030 0766 DE0E0000 		.4byte	.LASF103
 1031 076a 05       		.byte	0x5
 1032 076b 8402     		.2byte	0x284
 1033 076d 10       		.byte	0x10
 1034 076e 54080000 		.4byte	0x854
 1035 0772 08       		.byte	0x8
 1036 0773 19       		.uleb128 0x19
 1037 0774 02090000 		.4byte	.LASF104
 1038 0778 05       		.byte	0x5
 1039 0779 8502     		.2byte	0x285
 1040 077b 17       		.byte	0x17
 1041 077c E4010000 		.4byte	0x1e4
 1042 0780 24       		.byte	0x24
 1043 0781 19       		.uleb128 0x19
 1044 0782 F8160000 		.4byte	.LASF105
 1045 0786 05       		.byte	0x5
 1046 0787 8602     		.2byte	0x286
 1047 0789 0F       		.byte	0xf
 1048 078a 91000000 		.4byte	0x91
 1049 078e 48       		.byte	0x48
 1050 078f 19       		.uleb128 0x19
 1051 0790 11100000 		.4byte	.LASF106
 1052 0794 05       		.byte	0x5
 1053 0795 8702     		.2byte	0x287
 1054 0797 2C       		.byte	0x2c
 1055 0798 8A000000 		.4byte	0x8a
 1056 079c 50       		.byte	0x50
 1057 079d 19       		.uleb128 0x19
 1058 079e 961A0000 		.4byte	.LASF107
 1059 07a2 05       		.byte	0x5
 1060 07a3 8802     		.2byte	0x288
 1061 07a5 1A       		.byte	0x1a
 1062 07a6 F6060000 		.4byte	0x6f6
 1063 07aa 58       		.byte	0x58
 1064 07ab 19       		.uleb128 0x19
 1065 07ac 09140000 		.4byte	.LASF108
 1066 07b0 05       		.byte	0x5
 1067 07b1 8902     		.2byte	0x289
 1068 07b3 16       		.byte	0x16
 1069 07b4 50010000 		.4byte	0x150
 1070 07b8 68       		.byte	0x68
 1071 07b9 19       		.uleb128 0x19
 1072 07ba 71040000 		.4byte	.LASF109
 1073 07be 05       		.byte	0x5
 1074 07bf 8A02     		.2byte	0x28a
 1075 07c1 16       		.byte	0x16
 1076 07c2 50010000 		.4byte	0x150
 1077 07c6 70       		.byte	0x70
 1078 07c7 19       		.uleb128 0x19
 1079 07c8 AB0F0000 		.4byte	.LASF110
 1080 07cc 05       		.byte	0x5
 1081 07cd 8B02     		.2byte	0x28b
 1082 07cf 16       		.byte	0x16
 1083 07d0 50010000 		.4byte	0x150
ARM GAS  /tmp/cckyrRJs.s 			page 20


 1084 07d4 78       		.byte	0x78
 1085 07d5 19       		.uleb128 0x19
 1086 07d6 A40E0000 		.4byte	.LASF111
 1087 07da 05       		.byte	0x5
 1088 07db 8C02     		.2byte	0x28c
 1089 07dd 10       		.byte	0x10
 1090 07de 64080000 		.4byte	0x864
 1091 07e2 80       		.byte	0x80
 1092 07e3 19       		.uleb128 0x19
 1093 07e4 3F0B0000 		.4byte	.LASF112
 1094 07e8 05       		.byte	0x5
 1095 07e9 8D02     		.2byte	0x28d
 1096 07eb 10       		.byte	0x10
 1097 07ec 74080000 		.4byte	0x874
 1098 07f0 88       		.byte	0x88
 1099 07f1 19       		.uleb128 0x19
 1100 07f2 28130000 		.4byte	.LASF113
 1101 07f6 05       		.byte	0x5
 1102 07f7 8E02     		.2byte	0x28e
 1103 07f9 0F       		.byte	0xf
 1104 07fa 91000000 		.4byte	0x91
 1105 07fe A0       		.byte	0xa0
 1106 07ff 19       		.uleb128 0x19
 1107 0800 D0070000 		.4byte	.LASF114
 1108 0804 05       		.byte	0x5
 1109 0805 8F02     		.2byte	0x28f
 1110 0807 16       		.byte	0x16
 1111 0808 50010000 		.4byte	0x150
 1112 080c A4       		.byte	0xa4
 1113 080d 19       		.uleb128 0x19
 1114 080e F7090000 		.4byte	.LASF115
 1115 0812 05       		.byte	0x5
 1116 0813 9002     		.2byte	0x290
 1117 0815 16       		.byte	0x16
 1118 0816 50010000 		.4byte	0x150
 1119 081a AC       		.byte	0xac
 1120 081b 19       		.uleb128 0x19
 1121 081c BA060000 		.4byte	.LASF116
 1122 0820 05       		.byte	0x5
 1123 0821 9102     		.2byte	0x291
 1124 0823 16       		.byte	0x16
 1125 0824 50010000 		.4byte	0x150
 1126 0828 B4       		.byte	0xb4
 1127 0829 19       		.uleb128 0x19
 1128 082a 840C0000 		.4byte	.LASF117
 1129 082e 05       		.byte	0x5
 1130 082f 9202     		.2byte	0x292
 1131 0831 16       		.byte	0x16
 1132 0832 50010000 		.4byte	0x150
 1133 0836 BC       		.byte	0xbc
 1134 0837 19       		.uleb128 0x19
 1135 0838 100F0000 		.4byte	.LASF118
 1136 083c 05       		.byte	0x5
 1137 083d 9302     		.2byte	0x293
 1138 083f 16       		.byte	0x16
 1139 0840 50010000 		.4byte	0x150
 1140 0844 C4       		.byte	0xc4
ARM GAS  /tmp/cckyrRJs.s 			page 21


 1141 0845 19       		.uleb128 0x19
 1142 0846 12150000 		.4byte	.LASF119
 1143 084a 05       		.byte	0x5
 1144 084b 9402     		.2byte	0x294
 1145 084d 08       		.byte	0x8
 1146 084e 91000000 		.4byte	0x91
 1147 0852 CC       		.byte	0xcc
 1148 0853 00       		.byte	0
 1149 0854 0D       		.uleb128 0xd
 1150 0855 05060000 		.4byte	0x605
 1151 0859 64080000 		.4byte	0x864
 1152 085d 0E       		.uleb128 0xe
 1153 085e 9D000000 		.4byte	0x9d
 1154 0862 19       		.byte	0x19
 1155 0863 00       		.byte	0
 1156 0864 0D       		.uleb128 0xd
 1157 0865 05060000 		.4byte	0x605
 1158 0869 74080000 		.4byte	0x874
 1159 086d 0E       		.uleb128 0xe
 1160 086e 9D000000 		.4byte	0x9d
 1161 0872 07       		.byte	0x7
 1162 0873 00       		.byte	0
 1163 0874 0D       		.uleb128 0xd
 1164 0875 05060000 		.4byte	0x605
 1165 0879 84080000 		.4byte	0x884
 1166 087d 0E       		.uleb128 0xe
 1167 087e 9D000000 		.4byte	0x9d
 1168 0882 17       		.byte	0x17
 1169 0883 00       		.byte	0
 1170 0884 1C       		.uleb128 0x1c
 1171 0885 F0       		.byte	0xf0
 1172 0886 05       		.byte	0x5
 1173 0887 9902     		.2byte	0x299
 1174 0889 07       		.byte	0x7
 1175 088a AB080000 		.4byte	0x8ab
 1176 088e 19       		.uleb128 0x19
 1177 088f 04100000 		.4byte	.LASF120
 1178 0893 05       		.byte	0x5
 1179 0894 9C02     		.2byte	0x29c
 1180 0896 1B       		.byte	0x1b
 1181 0897 AB080000 		.4byte	0x8ab
 1182 089b 00       		.byte	0
 1183 089c 19       		.uleb128 0x19
 1184 089d 55080000 		.4byte	.LASF121
 1185 08a1 05       		.byte	0x5
 1186 08a2 9D02     		.2byte	0x29d
 1187 08a4 18       		.byte	0x18
 1188 08a5 BB080000 		.4byte	0x8bb
 1189 08a9 78       		.byte	0x78
 1190 08aa 00       		.byte	0
 1191 08ab 0D       		.uleb128 0xd
 1192 08ac 44030000 		.4byte	0x344
 1193 08b0 BB080000 		.4byte	0x8bb
 1194 08b4 0E       		.uleb128 0xe
 1195 08b5 9D000000 		.4byte	0x9d
 1196 08b9 1D       		.byte	0x1d
 1197 08ba 00       		.byte	0
ARM GAS  /tmp/cckyrRJs.s 			page 22


 1198 08bb 0D       		.uleb128 0xd
 1199 08bc 9D000000 		.4byte	0x9d
 1200 08c0 CB080000 		.4byte	0x8cb
 1201 08c4 0E       		.uleb128 0xe
 1202 08c5 9D000000 		.4byte	0x9d
 1203 08c9 1D       		.byte	0x1d
 1204 08ca 00       		.byte	0
 1205 08cb 1D       		.uleb128 0x1d
 1206 08cc F0       		.byte	0xf0
 1207 08cd 05       		.byte	0x5
 1208 08ce 7E02     		.2byte	0x27e
 1209 08d0 03       		.byte	0x3
 1210 08d1 F0080000 		.4byte	0x8f0
 1211 08d5 1E       		.uleb128 0x1e
 1212 08d6 3F040000 		.4byte	.LASF70
 1213 08da 05       		.byte	0x5
 1214 08db 9502     		.2byte	0x295
 1215 08dd 0B       		.byte	0xb
 1216 08de 3F070000 		.4byte	0x73f
 1217 08e2 1E       		.uleb128 0x1e
 1218 08e3 5D020000 		.4byte	.LASF122
 1219 08e7 05       		.byte	0x5
 1220 08e8 9E02     		.2byte	0x29e
 1221 08ea 0B       		.byte	0xb
 1222 08eb 84080000 		.4byte	0x884
 1223 08ef 00       		.byte	0
 1224 08f0 0D       		.uleb128 0xd
 1225 08f1 05060000 		.4byte	0x605
 1226 08f5 00090000 		.4byte	0x900
 1227 08f9 0E       		.uleb128 0xe
 1228 08fa 9D000000 		.4byte	0x9d
 1229 08fe 18       		.byte	0x18
 1230 08ff 00       		.byte	0
 1231 0900 09       		.uleb128 0x9
 1232 0901 1E140000 		.4byte	.LASF124
 1233 0905 08       		.uleb128 0x8
 1234 0906 04       		.byte	0x4
 1235 0907 00090000 		.4byte	0x900
 1236 090b 1F       		.uleb128 0x1f
 1237 090c 16090000 		.4byte	0x916
 1238 0910 17       		.uleb128 0x17
 1239 0911 AB040000 		.4byte	0x4ab
 1240 0915 00       		.byte	0
 1241 0916 08       		.uleb128 0x8
 1242 0917 04       		.byte	0x4
 1243 0918 0B090000 		.4byte	0x90b
 1244 091c 08       		.uleb128 0x8
 1245 091d 04       		.byte	0x4
 1246 091e CE010000 		.4byte	0x1ce
 1247 0922 1F       		.uleb128 0x1f
 1248 0923 2D090000 		.4byte	0x92d
 1249 0927 17       		.uleb128 0x17
 1250 0928 91000000 		.4byte	0x91
 1251 092c 00       		.byte	0
 1252 092d 08       		.uleb128 0x8
 1253 092e 04       		.byte	0x4
 1254 092f 33090000 		.4byte	0x933
ARM GAS  /tmp/cckyrRJs.s 			page 23


 1255 0933 08       		.uleb128 0x8
 1256 0934 04       		.byte	0x4
 1257 0935 22090000 		.4byte	0x922
 1258 0939 0D       		.uleb128 0xd
 1259 093a A4060000 		.4byte	0x6a4
 1260 093e 49090000 		.4byte	0x949
 1261 0942 0E       		.uleb128 0xe
 1262 0943 9D000000 		.4byte	0x9d
 1263 0947 02       		.byte	0x2
 1264 0948 00       		.byte	0
 1265 0949 20       		.uleb128 0x20
 1266 094a D6130000 		.4byte	.LASF125
 1267 094e 05       		.byte	0x5
 1268 094f 2E03     		.2byte	0x32e
 1269 0951 17       		.byte	0x17
 1270 0952 AB040000 		.4byte	0x4ab
 1271 0956 20       		.uleb128 0x20
 1272 0957 8B170000 		.4byte	.LASF126
 1273 095b 05       		.byte	0x5
 1274 095c 2F03     		.2byte	0x32f
 1275 095e 1D       		.byte	0x1d
 1276 095f B1040000 		.4byte	0x4b1
 1277 0963 03       		.uleb128 0x3
 1278 0964 3E090000 		.4byte	.LASF127
 1279 0968 06       		.byte	0x6
 1280 0969 18       		.byte	0x18
 1281 096a 13       		.byte	0x13
 1282 096b 24000000 		.4byte	0x24
 1283 096f 05       		.uleb128 0x5
 1284 0970 63090000 		.4byte	0x963
 1285 0974 03       		.uleb128 0x3
 1286 0975 71010000 		.4byte	.LASF128
 1287 0979 06       		.byte	0x6
 1288 097a 24       		.byte	0x24
 1289 097b 14       		.byte	0x14
 1290 097c 3E000000 		.4byte	0x3e
 1291 0980 06       		.uleb128 0x6
 1292 0981 74090000 		.4byte	0x974
 1293 0985 03       		.uleb128 0x3
 1294 0986 2C030000 		.4byte	.LASF129
 1295 098a 06       		.byte	0x6
 1296 098b 2C       		.byte	0x2c
 1297 098c 13       		.byte	0x13
 1298 098d 51000000 		.4byte	0x51
 1299 0991 06       		.uleb128 0x6
 1300 0992 85090000 		.4byte	0x985
 1301 0996 03       		.uleb128 0x3
 1302 0997 3B100000 		.4byte	.LASF130
 1303 099b 06       		.byte	0x6
 1304 099c 30       		.byte	0x30
 1305 099d 14       		.byte	0x14
 1306 099e 64000000 		.4byte	0x64
 1307 09a2 06       		.uleb128 0x6
 1308 09a3 96090000 		.4byte	0x996
 1309 09a7 03       		.uleb128 0x3
 1310 09a8 39070000 		.4byte	.LASF131
 1311 09ac 06       		.byte	0x6
ARM GAS  /tmp/cckyrRJs.s 			page 24


 1312 09ad 3C       		.byte	0x3c
 1313 09ae 14       		.byte	0x14
 1314 09af 7E000000 		.4byte	0x7e
 1315 09b3 03       		.uleb128 0x3
 1316 09b4 95080000 		.4byte	.LASF132
 1317 09b8 07       		.byte	0x7
 1318 09b9 27       		.byte	0x27
 1319 09ba 1D       		.byte	0x1d
 1320 09bb 96090000 		.4byte	0x996
 1321 09bf 03       		.uleb128 0x3
 1322 09c0 1D0C0000 		.4byte	.LASF133
 1323 09c4 07       		.byte	0x7
 1324 09c5 2A       		.byte	0x2a
 1325 09c6 1D       		.byte	0x1d
 1326 09c7 63090000 		.4byte	0x963
 1327 09cb 03       		.uleb128 0x3
 1328 09cc 82170000 		.4byte	.LASF134
 1329 09d0 07       		.byte	0x7
 1330 09d1 2B       		.byte	0x2b
 1331 09d2 1D       		.byte	0x1d
 1332 09d3 63090000 		.4byte	0x963
 1333 09d7 03       		.uleb128 0x3
 1334 09d8 D10B0000 		.4byte	.LASF135
 1335 09dc 07       		.byte	0x7
 1336 09dd 2C       		.byte	0x2c
 1337 09de 1D       		.byte	0x1d
 1338 09df 63090000 		.4byte	0x963
 1339 09e3 03       		.uleb128 0x3
 1340 09e4 8A040000 		.4byte	.LASF136
 1341 09e8 07       		.byte	0x7
 1342 09e9 2E       		.byte	0x2e
 1343 09ea 1D       		.byte	0x1d
 1344 09eb 96090000 		.4byte	0x996
 1345 09ef 03       		.uleb128 0x3
 1346 09f0 2E000000 		.4byte	.LASF137
 1347 09f4 07       		.byte	0x7
 1348 09f5 2F       		.byte	0x2f
 1349 09f6 1D       		.byte	0x1d
 1350 09f7 85090000 		.4byte	0x985
 1351 09fb 03       		.uleb128 0x3
 1352 09fc AF050000 		.4byte	.LASF138
 1353 0a00 07       		.byte	0x7
 1354 0a01 30       		.byte	0x30
 1355 0a02 1D       		.byte	0x1d
 1356 0a03 85090000 		.4byte	0x985
 1357 0a07 03       		.uleb128 0x3
 1358 0a08 8B100000 		.4byte	.LASF139
 1359 0a0c 07       		.byte	0x7
 1360 0a0d 31       		.byte	0x31
 1361 0a0e 1D       		.byte	0x1d
 1362 0a0f 96090000 		.4byte	0x996
 1363 0a13 03       		.uleb128 0x3
 1364 0a14 0C190000 		.4byte	.LASF140
 1365 0a18 07       		.byte	0x7
 1366 0a19 32       		.byte	0x32
 1367 0a1a 1D       		.byte	0x1d
 1368 0a1b 96090000 		.4byte	0x996
ARM GAS  /tmp/cckyrRJs.s 			page 25


 1369 0a1f 03       		.uleb128 0x3
 1370 0a20 62130000 		.4byte	.LASF141
 1371 0a24 07       		.byte	0x7
 1372 0a25 33       		.byte	0x33
 1373 0a26 1D       		.byte	0x1d
 1374 0a27 85090000 		.4byte	0x985
 1375 0a2b 03       		.uleb128 0x3
 1376 0a2c 250E0000 		.4byte	.LASF142
 1377 0a30 07       		.byte	0x7
 1378 0a31 34       		.byte	0x34
 1379 0a32 1D       		.byte	0x1d
 1380 0a33 96090000 		.4byte	0x996
 1381 0a37 03       		.uleb128 0x3
 1382 0a38 F6020000 		.4byte	.LASF143
 1383 0a3c 08       		.byte	0x8
 1384 0a3d 34       		.byte	0x34
 1385 0a3e 1A       		.byte	0x1a
 1386 0a3f 430A0000 		.4byte	0xa43
 1387 0a43 11       		.uleb128 0x11
 1388 0a44 B0060000 		.4byte	.LASF144
 1389 0a48 44       		.byte	0x44
 1390 0a49 09       		.byte	0x9
 1391 0a4a 8E       		.byte	0x8e
 1392 0a4b 08       		.byte	0x8
 1393 0a4c 330B0000 		.4byte	0xb33
 1394 0a50 10       		.uleb128 0x10
 1395 0a51 8F160000 		.4byte	.LASF145
 1396 0a55 09       		.byte	0x9
 1397 0a56 8F       		.byte	0x8f
 1398 0a57 19       		.byte	0x19
 1399 0a58 6C0B0000 		.4byte	0xb6c
 1400 0a5c 00       		.byte	0
 1401 0a5d 10       		.uleb128 0x10
 1402 0a5e 35010000 		.4byte	.LASF146
 1403 0a62 09       		.byte	0x9
 1404 0a63 90       		.byte	0x90
 1405 0a64 19       		.byte	0x19
 1406 0a65 E3090000 		.4byte	0x9e3
 1407 0a69 08       		.byte	0x8
 1408 0a6a 10       		.uleb128 0x10
 1409 0a6b A9050000 		.4byte	.LASF147
 1410 0a6f 09       		.byte	0x9
 1411 0a70 92       		.byte	0x92
 1412 0a71 1A       		.byte	0x1a
 1413 0a72 3F0B0000 		.4byte	0xb3f
 1414 0a76 0C       		.byte	0xc
 1415 0a77 10       		.uleb128 0x10
 1416 0a78 AF010000 		.4byte	.LASF148
 1417 0a7c 09       		.byte	0x9
 1418 0a7d 93       		.byte	0x93
 1419 0a7e 1A       		.byte	0x1a
 1420 0a7f 3F0B0000 		.4byte	0xb3f
 1421 0a83 10       		.byte	0x10
 1422 0a84 12       		.uleb128 0x12
 1423 0a85 63747800 		.ascii	"ctx\000"
 1424 0a89 09       		.byte	0x9
 1425 0a8a 99       		.byte	0x99
ARM GAS  /tmp/cckyrRJs.s 			page 26


 1426 0a8b 19       		.byte	0x19
 1427 0a8c 970F0000 		.4byte	0xf97
 1428 0a90 14       		.byte	0x14
 1429 0a91 10       		.uleb128 0x10
 1430 0a92 E20C0000 		.4byte	.LASF149
 1431 0a96 09       		.byte	0x9
 1432 0a97 9E       		.byte	0x9e
 1433 0a98 1A       		.byte	0x1a
 1434 0a99 35060000 		.4byte	0x635
 1435 0a9d 18       		.byte	0x18
 1436 0a9e 10       		.uleb128 0x10
 1437 0a9f CA0E0000 		.4byte	.LASF150
 1438 0aa3 09       		.byte	0x9
 1439 0aa4 A7       		.byte	0xa7
 1440 0aa5 1A       		.byte	0x1a
 1441 0aa6 B6100000 		.4byte	0x10b6
 1442 0aaa 1C       		.byte	0x1c
 1443 0aab 10       		.uleb128 0x10
 1444 0aac 970E0000 		.4byte	.LASF151
 1445 0ab0 09       		.byte	0x9
 1446 0ab1 AC       		.byte	0xac
 1447 0ab2 19       		.byte	0x19
 1448 0ab3 CB090000 		.4byte	0x9cb
 1449 0ab7 20       		.byte	0x20
 1450 0ab8 10       		.uleb128 0x10
 1451 0ab9 7A1B0000 		.4byte	.LASF152
 1452 0abd 09       		.byte	0x9
 1453 0abe B0       		.byte	0xb0
 1454 0abf 19       		.byte	0x19
 1455 0ac0 BF090000 		.4byte	0x9bf
 1456 0ac4 21       		.byte	0x21
 1457 0ac5 10       		.uleb128 0x10
 1458 0ac6 8D030000 		.4byte	.LASF153
 1459 0aca 09       		.byte	0x9
 1460 0acb B5       		.byte	0xb5
 1461 0acc 19       		.byte	0x19
 1462 0acd D7090000 		.4byte	0x9d7
 1463 0ad1 22       		.byte	0x22
 1464 0ad2 21       		.uleb128 0x21
 1465 0ad3 7500     		.ascii	"u\000"
 1466 0ad5 09       		.byte	0x9
 1467 0ad6 0601     		.2byte	0x106
 1468 0ad8 19       		.byte	0x19
 1469 0ad9 DC0F0000 		.4byte	0xfdc
 1470 0add 24       		.byte	0x24
 1471 0ade 19       		.uleb128 0x19
 1472 0adf 78150000 		.4byte	.LASF154
 1473 0ae3 09       		.byte	0x9
 1474 0ae4 0B01     		.2byte	0x10b
 1475 0ae6 19       		.byte	0x19
 1476 0ae7 450B0000 		.4byte	0xb45
 1477 0aeb 28       		.byte	0x28
 1478 0aec 19       		.uleb128 0x19
 1479 0aed 670E0000 		.4byte	.LASF155
 1480 0af1 09       		.byte	0x9
 1481 0af2 1101     		.2byte	0x111
 1482 0af4 19       		.byte	0x19
ARM GAS  /tmp/cckyrRJs.s 			page 27


 1483 0af5 6C0B0000 		.4byte	0xb6c
 1484 0af9 2C       		.byte	0x2c
 1485 0afa 19       		.uleb128 0x19
 1486 0afb B2000000 		.4byte	.LASF156
 1487 0aff 09       		.byte	0x9
 1488 0b00 1701     		.2byte	0x117
 1489 0b02 19       		.byte	0x19
 1490 0b03 070A0000 		.4byte	0xa07
 1491 0b07 34       		.byte	0x34
 1492 0b08 19       		.uleb128 0x19
 1493 0b09 AD030000 		.4byte	.LASF157
 1494 0b0d 09       		.byte	0x9
 1495 0b0e 1E01     		.2byte	0x11e
 1496 0b10 1A       		.byte	0x1a
 1497 0b11 B0100000 		.4byte	0x10b0
 1498 0b15 38       		.byte	0x38
 1499 0b16 19       		.uleb128 0x19
 1500 0b17 551B0000 		.4byte	.LASF158
 1501 0b1b 09       		.byte	0x9
 1502 0b1c 2201     		.2byte	0x122
 1503 0b1e 19       		.byte	0x19
 1504 0b1f E3090000 		.4byte	0x9e3
 1505 0b23 3C       		.byte	0x3c
 1506 0b24 19       		.uleb128 0x19
 1507 0b25 420F0000 		.4byte	.LASF159
 1508 0b29 09       		.byte	0x9
 1509 0b2a 2901     		.2byte	0x129
 1510 0b2c 1A       		.byte	0x1a
 1511 0b2d BC000000 		.4byte	0xbc
 1512 0b31 40       		.byte	0x40
 1513 0b32 00       		.byte	0
 1514 0b33 03       		.uleb128 0x3
 1515 0b34 D6190000 		.4byte	.LASF160
 1516 0b38 08       		.byte	0x8
 1517 0b39 39       		.byte	0x39
 1518 0b3a 14       		.byte	0x14
 1519 0b3b 3F0B0000 		.4byte	0xb3f
 1520 0b3f 08       		.uleb128 0x8
 1521 0b40 04       		.byte	0x4
 1522 0b41 370A0000 		.4byte	0xa37
 1523 0b45 03       		.uleb128 0x3
 1524 0b46 18040000 		.4byte	.LASF161
 1525 0b4a 08       		.byte	0x8
 1526 0b4b 3E       		.byte	0x3e
 1527 0b4c 20       		.byte	0x20
 1528 0b4d 510B0000 		.4byte	0xb51
 1529 0b51 11       		.uleb128 0x11
 1530 0b52 801B0000 		.4byte	.LASF162
 1531 0b56 04       		.byte	0x4
 1532 0b57 09       		.byte	0x9
 1533 0b58 7C       		.byte	0x7c
 1534 0b59 08       		.byte	0x8
 1535 0b5a 6C0B0000 		.4byte	0xb6c
 1536 0b5e 10       		.uleb128 0x10
 1537 0b5f AA010000 		.4byte	.LASF163
 1538 0b63 09       		.byte	0x9
 1539 0b64 7D       		.byte	0x7d
ARM GAS  /tmp/cckyrRJs.s 			page 28


 1540 0b65 1A       		.byte	0x1a
 1541 0b66 3F0B0000 		.4byte	0xb3f
 1542 0b6a 00       		.byte	0
 1543 0b6b 00       		.byte	0
 1544 0b6c 03       		.uleb128 0x3
 1545 0b6d 540F0000 		.4byte	.LASF164
 1546 0b71 08       		.byte	0x8
 1547 0b72 45       		.byte	0x45
 1548 0b73 21       		.byte	0x21
 1549 0b74 780B0000 		.4byte	0xb78
 1550 0b78 11       		.uleb128 0x11
 1551 0b79 FD010000 		.4byte	.LASF165
 1552 0b7d 08       		.byte	0x8
 1553 0b7e 09       		.byte	0x9
 1554 0b7f 83       		.byte	0x83
 1555 0b80 08       		.byte	0x8
 1556 0b81 A00B0000 		.4byte	0xba0
 1557 0b85 10       		.uleb128 0x10
 1558 0b86 AA010000 		.4byte	.LASF163
 1559 0b8a 09       		.byte	0x9
 1560 0b8b 84       		.byte	0x84
 1561 0b8c 1A       		.byte	0x1a
 1562 0b8d 3F0B0000 		.4byte	0xb3f
 1563 0b91 00       		.byte	0
 1564 0b92 10       		.uleb128 0x10
 1565 0b93 2C1B0000 		.4byte	.LASF166
 1566 0b97 09       		.byte	0x9
 1567 0b98 85       		.byte	0x85
 1568 0b99 1A       		.byte	0x1a
 1569 0b9a 3F0B0000 		.4byte	0xb3f
 1570 0b9e 04       		.byte	0x4
 1571 0b9f 00       		.byte	0
 1572 0ba0 03       		.uleb128 0x3
 1573 0ba1 A3060000 		.4byte	.LASF167
 1574 0ba5 08       		.byte	0x8
 1575 0ba6 4C       		.byte	0x4c
 1576 0ba7 1E       		.byte	0x1e
 1577 0ba8 AC0B0000 		.4byte	0xbac
 1578 0bac 1B       		.uleb128 0x1b
 1579 0bad 80150000 		.4byte	.LASF168
 1580 0bb1 18       		.byte	0x18
 1581 0bb2 09       		.byte	0x9
 1582 0bb3 6101     		.2byte	0x161
 1583 0bb5 08       		.byte	0x8
 1584 0bb6 010C0000 		.4byte	0xc01
 1585 0bba 19       		.uleb128 0x19
 1586 0bbb 8F160000 		.4byte	.LASF145
 1587 0bbf 09       		.byte	0x9
 1588 0bc0 6201     		.2byte	0x162
 1589 0bc2 19       		.byte	0x19
 1590 0bc3 6C0B0000 		.4byte	0xb6c
 1591 0bc7 00       		.byte	0
 1592 0bc8 19       		.uleb128 0x19
 1593 0bc9 35010000 		.4byte	.LASF146
 1594 0bcd 09       		.byte	0x9
 1595 0bce 6301     		.2byte	0x163
 1596 0bd0 19       		.byte	0x19
ARM GAS  /tmp/cckyrRJs.s 			page 29


 1597 0bd1 E3090000 		.4byte	0x9e3
 1598 0bd5 08       		.byte	0x8
 1599 0bd6 19       		.uleb128 0x19
 1600 0bd7 A9050000 		.4byte	.LASF147
 1601 0bdb 09       		.byte	0x9
 1602 0bdc 6601     		.2byte	0x166
 1603 0bde 1A       		.byte	0x1a
 1604 0bdf 3F0B0000 		.4byte	0xb3f
 1605 0be3 0C       		.byte	0xc
 1606 0be4 19       		.uleb128 0x19
 1607 0be5 AF010000 		.4byte	.LASF148
 1608 0be9 09       		.byte	0x9
 1609 0bea 6701     		.2byte	0x167
 1610 0bec 1A       		.byte	0x1a
 1611 0bed 3F0B0000 		.4byte	0xb3f
 1612 0bf1 10       		.byte	0x10
 1613 0bf2 19       		.uleb128 0x19
 1614 0bf3 2C0E0000 		.4byte	.LASF169
 1615 0bf7 09       		.byte	0x9
 1616 0bf8 6A01     		.2byte	0x16a
 1617 0bfa 1A       		.byte	0x1a
 1618 0bfb 3F0B0000 		.4byte	0xb3f
 1619 0bff 14       		.byte	0x14
 1620 0c00 00       		.byte	0
 1621 0c01 03       		.uleb128 0x3
 1622 0c02 7C140000 		.4byte	.LASF170
 1623 0c06 08       		.byte	0x8
 1624 0c07 51       		.byte	0x51
 1625 0c08 10       		.byte	0x10
 1626 0c09 0D0C0000 		.4byte	0xc0d
 1627 0c0d 08       		.uleb128 0x8
 1628 0c0e 04       		.byte	0x4
 1629 0c0f 130C0000 		.4byte	0xc13
 1630 0c13 1F       		.uleb128 0x1f
 1631 0c14 1E0C0000 		.4byte	0xc1e
 1632 0c18 17       		.uleb128 0x17
 1633 0c19 BC000000 		.4byte	0xbc
 1634 0c1d 00       		.byte	0
 1635 0c1e 03       		.uleb128 0x3
 1636 0c1f 7F080000 		.4byte	.LASF171
 1637 0c23 08       		.byte	0x8
 1638 0c24 56       		.byte	0x56
 1639 0c25 21       		.byte	0x21
 1640 0c26 2F0C0000 		.4byte	0xc2f
 1641 0c2a 05       		.uleb128 0x5
 1642 0c2b 1E0C0000 		.4byte	0xc1e
 1643 0c2f 1B       		.uleb128 0x1b
 1644 0c30 54170000 		.4byte	.LASF172
 1645 0c34 14       		.byte	0x14
 1646 0c35 09       		.byte	0x9
 1647 0c36 3C01     		.2byte	0x13c
 1648 0c38 08       		.byte	0x8
 1649 0c39 840C0000 		.4byte	0xc84
 1650 0c3d 19       		.uleb128 0x19
 1651 0c3e AA010000 		.4byte	.LASF163
 1652 0c42 09       		.byte	0x9
 1653 0c43 3D01     		.2byte	0x13d
ARM GAS  /tmp/cckyrRJs.s 			page 30


 1654 0c45 1A       		.byte	0x1a
 1655 0c46 BC100000 		.4byte	0x10bc
 1656 0c4a 00       		.byte	0
 1657 0c4b 19       		.uleb128 0x19
 1658 0c4c 2C1B0000 		.4byte	.LASF166
 1659 0c50 09       		.byte	0x9
 1660 0c51 3E01     		.2byte	0x13e
 1661 0c53 1A       		.byte	0x1a
 1662 0c54 BC100000 		.4byte	0x10bc
 1663 0c58 04       		.byte	0x4
 1664 0c59 19       		.uleb128 0x19
 1665 0c5a FD060000 		.4byte	.LASF173
 1666 0c5e 09       		.byte	0x9
 1667 0c5f 3F01     		.2byte	0x13f
 1668 0c61 19       		.byte	0x19
 1669 0c62 6C0D0000 		.4byte	0xd6c
 1670 0c66 08       		.byte	0x8
 1671 0c67 19       		.uleb128 0x19
 1672 0c68 F80E0000 		.4byte	.LASF174
 1673 0c6c 09       		.byte	0x9
 1674 0c6d 4001     		.2byte	0x140
 1675 0c6f 19       		.byte	0x19
 1676 0c70 010C0000 		.4byte	0xc01
 1677 0c74 0C       		.byte	0xc
 1678 0c75 21       		.uleb128 0x21
 1679 0c76 70617200 		.ascii	"par\000"
 1680 0c7a 09       		.byte	0x9
 1681 0c7b 4201     		.2byte	0x142
 1682 0c7d 1A       		.byte	0x1a
 1683 0c7e BC000000 		.4byte	0xbc
 1684 0c82 10       		.byte	0x10
 1685 0c83 00       		.byte	0
 1686 0c84 03       		.uleb128 0x3
 1687 0c85 2C180000 		.4byte	.LASF175
 1688 0c89 08       		.byte	0x8
 1689 0c8a 5B       		.byte	0x5b
 1690 0c8b 28       		.byte	0x28
 1691 0c8c 900C0000 		.4byte	0xc90
 1692 0c90 1B       		.uleb128 0x1b
 1693 0c91 06030000 		.4byte	.LASF176
 1694 0c95 10       		.byte	0x10
 1695 0c96 09       		.byte	0x9
 1696 0c97 4C01     		.2byte	0x14c
 1697 0c99 08       		.byte	0x8
 1698 0c9a D70C0000 		.4byte	0xcd7
 1699 0c9e 19       		.uleb128 0x19
 1700 0c9f AA010000 		.4byte	.LASF163
 1701 0ca3 09       		.byte	0x9
 1702 0ca4 4D01     		.2byte	0x14d
 1703 0ca6 1A       		.byte	0x1a
 1704 0ca7 BC100000 		.4byte	0x10bc
 1705 0cab 00       		.byte	0
 1706 0cac 19       		.uleb128 0x19
 1707 0cad 2C1B0000 		.4byte	.LASF166
 1708 0cb1 09       		.byte	0x9
 1709 0cb2 4F01     		.2byte	0x14f
 1710 0cb4 1A       		.byte	0x1a
ARM GAS  /tmp/cckyrRJs.s 			page 31


 1711 0cb5 BC100000 		.4byte	0x10bc
 1712 0cb9 04       		.byte	0x4
 1713 0cba 19       		.uleb128 0x19
 1714 0cbb FD060000 		.4byte	.LASF173
 1715 0cbf 09       		.byte	0x9
 1716 0cc0 5101     		.2byte	0x151
 1717 0cc2 19       		.byte	0x19
 1718 0cc3 6C0D0000 		.4byte	0xd6c
 1719 0cc7 08       		.byte	0x8
 1720 0cc8 19       		.uleb128 0x19
 1721 0cc9 4C0E0000 		.4byte	.LASF177
 1722 0ccd 09       		.byte	0x9
 1723 0cce 5901     		.2byte	0x159
 1724 0cd0 19       		.byte	0x19
 1725 0cd1 600D0000 		.4byte	0xd60
 1726 0cd5 0C       		.byte	0xc
 1727 0cd6 00       		.byte	0
 1728 0cd7 03       		.uleb128 0x3
 1729 0cd8 E2060000 		.4byte	.LASF178
 1730 0cdc 08       		.byte	0x8
 1731 0cdd 60       		.byte	0x60
 1732 0cde 20       		.byte	0x20
 1733 0cdf E30C0000 		.4byte	0xce3
 1734 0ce3 1B       		.uleb128 0x1b
 1735 0ce4 B9150000 		.4byte	.LASF179
 1736 0ce8 04       		.byte	0x4
 1737 0ce9 09       		.byte	0x9
 1738 0cea 7101     		.2byte	0x171
 1739 0cec 08       		.byte	0x8
 1740 0ced 000D0000 		.4byte	0xd00
 1741 0cf1 19       		.uleb128 0x19
 1742 0cf2 1D0D0000 		.4byte	.LASF180
 1743 0cf6 09       		.byte	0x9
 1744 0cf7 7901     		.2byte	0x179
 1745 0cf9 24       		.byte	0x24
 1746 0cfa 3B060000 		.4byte	0x63b
 1747 0cfe 00       		.byte	0
 1748 0cff 00       		.byte	0
 1749 0d00 03       		.uleb128 0x3
 1750 0d01 83000000 		.4byte	.LASF181
 1751 0d05 08       		.byte	0x8
 1752 0d06 65       		.byte	0x65
 1753 0d07 1A       		.byte	0x1a
 1754 0d08 0C0D0000 		.4byte	0xd0c
 1755 0d0c 1B       		.uleb128 0x1b
 1756 0d0d B30E0000 		.4byte	.LASF182
 1757 0d11 74       		.byte	0x74
 1758 0d12 09       		.byte	0x9
 1759 0d13 9101     		.2byte	0x191
 1760 0d15 08       		.byte	0x8
 1761 0d16 600D0000 		.4byte	0xd60
 1762 0d1a 19       		.uleb128 0x19
 1763 0d1b 12040000 		.4byte	.LASF183
 1764 0d1f 09       		.byte	0x9
 1765 0d20 9501     		.2byte	0x195
 1766 0d22 19       		.byte	0x19
 1767 0d23 A00B0000 		.4byte	0xba0
ARM GAS  /tmp/cckyrRJs.s 			page 32


 1768 0d27 00       		.byte	0
 1769 0d28 19       		.uleb128 0x19
 1770 0d29 DC030000 		.4byte	.LASF184
 1771 0d2d 09       		.byte	0x9
 1772 0d2e 9901     		.2byte	0x199
 1773 0d30 19       		.byte	0x19
 1774 0d31 840C0000 		.4byte	0xc84
 1775 0d35 18       		.byte	0x18
 1776 0d36 21       		.uleb128 0x21
 1777 0d37 64626700 		.ascii	"dbg\000"
 1778 0d3b 09       		.byte	0x9
 1779 0d3c 9D01     		.2byte	0x19d
 1780 0d3e 19       		.byte	0x19
 1781 0d3f D70C0000 		.4byte	0xcd7
 1782 0d43 28       		.byte	0x28
 1783 0d44 19       		.uleb128 0x19
 1784 0d45 9B0F0000 		.4byte	.LASF185
 1785 0d49 09       		.byte	0x9
 1786 0d4a A101     		.2byte	0x1a1
 1787 0d4c 19       		.byte	0x19
 1788 0d4d 370A0000 		.4byte	0xa37
 1789 0d51 2C       		.byte	0x2c
 1790 0d52 21       		.uleb128 0x21
 1791 0d53 746D00   		.ascii	"tm\000"
 1792 0d56 09       		.byte	0x9
 1793 0d57 A601     		.2byte	0x1a6
 1794 0d59 19       		.byte	0x19
 1795 0d5a D00F0000 		.4byte	0xfd0
 1796 0d5e 70       		.byte	0x70
 1797 0d5f 00       		.byte	0
 1798 0d60 03       		.uleb128 0x3
 1799 0d61 34030000 		.4byte	.LASF186
 1800 0d65 0A       		.byte	0xa
 1801 0d66 6D       		.byte	0x6d
 1802 0d67 12       		.byte	0x12
 1803 0d68 96090000 		.4byte	0x996
 1804 0d6c 03       		.uleb128 0x3
 1805 0d6d 1B150000 		.4byte	.LASF187
 1806 0d71 0A       		.byte	0xa
 1807 0d72 79       		.byte	0x79
 1808 0d73 12       		.byte	0x12
 1809 0d74 96090000 		.4byte	0x996
 1810 0d78 03       		.uleb128 0x3
 1811 0d79 501A0000 		.4byte	.LASF188
 1812 0d7d 0A       		.byte	0xa
 1813 0d7e 89       		.byte	0x89
 1814 0d7f 12       		.byte	0x12
 1815 0d80 96090000 		.4byte	0x996
 1816 0d84 03       		.uleb128 0x3
 1817 0d85 EC0B0000 		.4byte	.LASF189
 1818 0d89 0A       		.byte	0xa
 1819 0d8a 96       		.byte	0x96
 1820 0d8b 12       		.byte	0x12
 1821 0d8c A7090000 		.4byte	0x9a7
 1822 0d90 20       		.uleb128 0x20
 1823 0d91 A2160000 		.4byte	.LASF190
 1824 0d95 0B       		.byte	0xb
ARM GAS  /tmp/cckyrRJs.s 			page 33


 1825 0d96 0408     		.2byte	0x804
 1826 0d98 19       		.byte	0x19
 1827 0d99 91090000 		.4byte	0x991
 1828 0d9d 22       		.uleb128 0x22
 1829 0d9e 7F0E0000 		.4byte	.LASF191
 1830 0da2 0C       		.byte	0xc
 1831 0da3 4C       		.byte	0x4c
 1832 0da4 11       		.byte	0x11
 1833 0da5 96090000 		.4byte	0x996
 1834 0da9 0D       		.uleb128 0xd
 1835 0daa 6F090000 		.4byte	0x96f
 1836 0dae B90D0000 		.4byte	0xdb9
 1837 0db2 0E       		.uleb128 0xe
 1838 0db3 9D000000 		.4byte	0x9d
 1839 0db7 0F       		.byte	0xf
 1840 0db8 00       		.byte	0
 1841 0db9 05       		.uleb128 0x5
 1842 0dba A90D0000 		.4byte	0xda9
 1843 0dbe 22       		.uleb128 0x22
 1844 0dbf 3C190000 		.4byte	.LASF192
 1845 0dc3 0C       		.byte	0xc
 1846 0dc4 4E       		.byte	0x4e
 1847 0dc5 17       		.byte	0x17
 1848 0dc6 B90D0000 		.4byte	0xdb9
 1849 0dca 0D       		.uleb128 0xd
 1850 0dcb 6F090000 		.4byte	0x96f
 1851 0dcf DA0D0000 		.4byte	0xdda
 1852 0dd3 0E       		.uleb128 0xe
 1853 0dd4 9D000000 		.4byte	0x9d
 1854 0dd8 07       		.byte	0x7
 1855 0dd9 00       		.byte	0
 1856 0dda 05       		.uleb128 0x5
 1857 0ddb CA0D0000 		.4byte	0xdca
 1858 0ddf 22       		.uleb128 0x22
 1859 0de0 79110000 		.4byte	.LASF193
 1860 0de4 0C       		.byte	0xc
 1861 0de5 4F       		.byte	0x4f
 1862 0de6 17       		.byte	0x17
 1863 0de7 DA0D0000 		.4byte	0xdda
 1864 0deb 0F       		.uleb128 0xf
 1865 0dec 18       		.byte	0x18
 1866 0ded 0D       		.byte	0xd
 1867 0dee E8       		.byte	0xe8
 1868 0def 09       		.byte	0x9
 1869 0df0 420E0000 		.4byte	0xe42
 1870 0df4 12       		.uleb128 0x12
 1871 0df5 435200   		.ascii	"CR\000"
 1872 0df8 0D       		.byte	0xd
 1873 0df9 EA       		.byte	0xea
 1874 0dfa 11       		.byte	0x11
 1875 0dfb A2090000 		.4byte	0x9a2
 1876 0dff 00       		.byte	0
 1877 0e00 10       		.uleb128 0x10
 1878 0e01 F3160000 		.4byte	.LASF194
 1879 0e05 0D       		.byte	0xd
 1880 0e06 EB       		.byte	0xeb
 1881 0e07 11       		.byte	0x11
ARM GAS  /tmp/cckyrRJs.s 			page 34


 1882 0e08 A2090000 		.4byte	0x9a2
 1883 0e0c 04       		.byte	0x4
 1884 0e0d 12       		.uleb128 0x12
 1885 0e0e 50415200 		.ascii	"PAR\000"
 1886 0e12 0D       		.byte	0xd
 1887 0e13 EC       		.byte	0xec
 1888 0e14 11       		.byte	0x11
 1889 0e15 A2090000 		.4byte	0x9a2
 1890 0e19 08       		.byte	0x8
 1891 0e1a 10       		.uleb128 0x10
 1892 0e1b 43030000 		.4byte	.LASF195
 1893 0e1f 0D       		.byte	0xd
 1894 0e20 ED       		.byte	0xed
 1895 0e21 11       		.byte	0x11
 1896 0e22 A2090000 		.4byte	0x9a2
 1897 0e26 0C       		.byte	0xc
 1898 0e27 10       		.uleb128 0x10
 1899 0e28 72050000 		.4byte	.LASF196
 1900 0e2c 0D       		.byte	0xd
 1901 0e2d EE       		.byte	0xee
 1902 0e2e 11       		.byte	0x11
 1903 0e2f A2090000 		.4byte	0x9a2
 1904 0e33 10       		.byte	0x10
 1905 0e34 12       		.uleb128 0x12
 1906 0e35 46435200 		.ascii	"FCR\000"
 1907 0e39 0D       		.byte	0xd
 1908 0e3a EF       		.byte	0xef
 1909 0e3b 11       		.byte	0x11
 1910 0e3c A2090000 		.4byte	0x9a2
 1911 0e40 14       		.byte	0x14
 1912 0e41 00       		.byte	0
 1913 0e42 03       		.uleb128 0x3
 1914 0e43 82050000 		.4byte	.LASF197
 1915 0e47 0D       		.byte	0xd
 1916 0e48 F0       		.byte	0xf0
 1917 0e49 03       		.byte	0x3
 1918 0e4a EB0D0000 		.4byte	0xdeb
 1919 0e4e 0D       		.uleb128 0xd
 1920 0e4f A2090000 		.4byte	0x9a2
 1921 0e53 5E0E0000 		.4byte	0xe5e
 1922 0e57 0E       		.uleb128 0xe
 1923 0e58 9D000000 		.4byte	0x9d
 1924 0e5c 01       		.byte	0x1
 1925 0e5d 00       		.byte	0
 1926 0e5e 06       		.uleb128 0x6
 1927 0e5f 4E0E0000 		.4byte	0xe4e
 1928 0e63 0D       		.uleb128 0xd
 1929 0e64 A2090000 		.4byte	0x9a2
 1930 0e68 730E0000 		.4byte	0xe73
 1931 0e6c 0E       		.uleb128 0xe
 1932 0e6d 9D000000 		.4byte	0x9d
 1933 0e71 03       		.byte	0x3
 1934 0e72 00       		.byte	0
 1935 0e73 06       		.uleb128 0x6
 1936 0e74 630E0000 		.4byte	0xe63
 1937 0e78 1C       		.uleb128 0x1c
 1938 0e79 1C       		.byte	0x1c
ARM GAS  /tmp/cckyrRJs.s 			page 35


 1939 0e7a 0D       		.byte	0xd
 1940 0e7b 0502     		.2byte	0x205
 1941 0e7d 09       		.byte	0x9
 1942 0e7e E30E0000 		.4byte	0xee3
 1943 0e82 21       		.uleb128 0x21
 1944 0e83 535200   		.ascii	"SR\000"
 1945 0e86 0D       		.byte	0xd
 1946 0e87 0702     		.2byte	0x207
 1947 0e89 11       		.byte	0x11
 1948 0e8a A2090000 		.4byte	0x9a2
 1949 0e8e 00       		.byte	0
 1950 0e8f 21       		.uleb128 0x21
 1951 0e90 445200   		.ascii	"DR\000"
 1952 0e93 0D       		.byte	0xd
 1953 0e94 0802     		.2byte	0x208
 1954 0e96 11       		.byte	0x11
 1955 0e97 A2090000 		.4byte	0x9a2
 1956 0e9b 04       		.byte	0x4
 1957 0e9c 21       		.uleb128 0x21
 1958 0e9d 42525200 		.ascii	"BRR\000"
 1959 0ea1 0D       		.byte	0xd
 1960 0ea2 0902     		.2byte	0x209
 1961 0ea4 11       		.byte	0x11
 1962 0ea5 A2090000 		.4byte	0x9a2
 1963 0ea9 08       		.byte	0x8
 1964 0eaa 21       		.uleb128 0x21
 1965 0eab 43523100 		.ascii	"CR1\000"
 1966 0eaf 0D       		.byte	0xd
 1967 0eb0 0A02     		.2byte	0x20a
 1968 0eb2 11       		.byte	0x11
 1969 0eb3 A2090000 		.4byte	0x9a2
 1970 0eb7 0C       		.byte	0xc
 1971 0eb8 21       		.uleb128 0x21
 1972 0eb9 43523200 		.ascii	"CR2\000"
 1973 0ebd 0D       		.byte	0xd
 1974 0ebe 0B02     		.2byte	0x20b
 1975 0ec0 11       		.byte	0x11
 1976 0ec1 A2090000 		.4byte	0x9a2
 1977 0ec5 10       		.byte	0x10
 1978 0ec6 21       		.uleb128 0x21
 1979 0ec7 43523300 		.ascii	"CR3\000"
 1980 0ecb 0D       		.byte	0xd
 1981 0ecc 0C02     		.2byte	0x20c
 1982 0ece 11       		.byte	0x11
 1983 0ecf A2090000 		.4byte	0x9a2
 1984 0ed3 14       		.byte	0x14
 1985 0ed4 19       		.uleb128 0x19
 1986 0ed5 D5090000 		.4byte	.LASF198
 1987 0ed9 0D       		.byte	0xd
 1988 0eda 0D02     		.2byte	0x20d
 1989 0edc 11       		.byte	0x11
 1990 0edd A2090000 		.4byte	0x9a2
 1991 0ee1 18       		.byte	0x18
 1992 0ee2 00       		.byte	0
 1993 0ee3 0A       		.uleb128 0xa
 1994 0ee4 690F0000 		.4byte	.LASF199
 1995 0ee8 0D       		.byte	0xd
ARM GAS  /tmp/cckyrRJs.s 			page 36


 1996 0ee9 0E02     		.2byte	0x20e
 1997 0eeb 03       		.byte	0x3
 1998 0eec 780E0000 		.4byte	0xe78
 1999 0ef0 0D       		.uleb128 0xd
 2000 0ef1 A2090000 		.4byte	0x9a2
 2001 0ef5 000F0000 		.4byte	0xf00
 2002 0ef9 0E       		.uleb128 0xe
 2003 0efa 9D000000 		.4byte	0x9d
 2004 0efe 0E       		.byte	0xe
 2005 0eff 00       		.byte	0
 2006 0f00 06       		.uleb128 0x6
 2007 0f01 F00E0000 		.4byte	0xef0
 2008 0f05 03       		.uleb128 0x3
 2009 0f06 5D060000 		.4byte	.LASF200
 2010 0f0a 0E       		.byte	0xe
 2011 0f0b 68       		.byte	0x68
 2012 0f0c 12       		.byte	0x12
 2013 0f0d A7090000 		.4byte	0x9a7
 2014 0f11 1B       		.uleb128 0x1b
 2015 0f12 13000000 		.4byte	.LASF201
 2016 0f16 24       		.byte	0x24
 2017 0f17 0F       		.byte	0xf
 2018 0f18 8501     		.2byte	0x185
 2019 0f1a 08       		.byte	0x8
 2020 0f1b 970F0000 		.4byte	0xf97
 2021 0f1f 21       		.uleb128 0x21
 2022 0f20 723400   		.ascii	"r4\000"
 2023 0f23 0F       		.byte	0xf
 2024 0f24 9E01     		.2byte	0x19e
 2025 0f26 11       		.byte	0x11
 2026 0f27 96090000 		.4byte	0x996
 2027 0f2b 00       		.byte	0
 2028 0f2c 21       		.uleb128 0x21
 2029 0f2d 723500   		.ascii	"r5\000"
 2030 0f30 0F       		.byte	0xf
 2031 0f31 9F01     		.2byte	0x19f
 2032 0f33 11       		.byte	0x11
 2033 0f34 96090000 		.4byte	0x996
 2034 0f38 04       		.byte	0x4
 2035 0f39 21       		.uleb128 0x21
 2036 0f3a 723600   		.ascii	"r6\000"
 2037 0f3d 0F       		.byte	0xf
 2038 0f3e A001     		.2byte	0x1a0
 2039 0f40 11       		.byte	0x11
 2040 0f41 96090000 		.4byte	0x996
 2041 0f45 08       		.byte	0x8
 2042 0f46 21       		.uleb128 0x21
 2043 0f47 723700   		.ascii	"r7\000"
 2044 0f4a 0F       		.byte	0xf
 2045 0f4b A101     		.2byte	0x1a1
 2046 0f4d 11       		.byte	0x11
 2047 0f4e 96090000 		.4byte	0x996
 2048 0f52 0C       		.byte	0xc
 2049 0f53 21       		.uleb128 0x21
 2050 0f54 723800   		.ascii	"r8\000"
 2051 0f57 0F       		.byte	0xf
 2052 0f58 A201     		.2byte	0x1a2
ARM GAS  /tmp/cckyrRJs.s 			page 37


 2053 0f5a 11       		.byte	0x11
 2054 0f5b 96090000 		.4byte	0x996
 2055 0f5f 10       		.byte	0x10
 2056 0f60 21       		.uleb128 0x21
 2057 0f61 723900   		.ascii	"r9\000"
 2058 0f64 0F       		.byte	0xf
 2059 0f65 A301     		.2byte	0x1a3
 2060 0f67 11       		.byte	0x11
 2061 0f68 96090000 		.4byte	0x996
 2062 0f6c 14       		.byte	0x14
 2063 0f6d 21       		.uleb128 0x21
 2064 0f6e 72313000 		.ascii	"r10\000"
 2065 0f72 0F       		.byte	0xf
 2066 0f73 A401     		.2byte	0x1a4
 2067 0f75 11       		.byte	0x11
 2068 0f76 96090000 		.4byte	0x996
 2069 0f7a 18       		.byte	0x18
 2070 0f7b 21       		.uleb128 0x21
 2071 0f7c 72313100 		.ascii	"r11\000"
 2072 0f80 0F       		.byte	0xf
 2073 0f81 A501     		.2byte	0x1a5
 2074 0f83 11       		.byte	0x11
 2075 0f84 96090000 		.4byte	0x996
 2076 0f88 1C       		.byte	0x1c
 2077 0f89 21       		.uleb128 0x21
 2078 0f8a 6C7200   		.ascii	"lr\000"
 2079 0f8d 0F       		.byte	0xf
 2080 0f8e A601     		.2byte	0x1a6
 2081 0f90 11       		.byte	0x11
 2082 0f91 96090000 		.4byte	0x996
 2083 0f95 20       		.byte	0x20
 2084 0f96 00       		.byte	0
 2085 0f97 1B       		.uleb128 0x1b
 2086 0f98 830B0000 		.4byte	.LASF202
 2087 0f9c 04       		.byte	0x4
 2088 0f9d 0F       		.byte	0xf
 2089 0f9e A901     		.2byte	0x1a9
 2090 0fa0 08       		.byte	0x8
 2091 0fa1 B30F0000 		.4byte	0xfb3
 2092 0fa5 21       		.uleb128 0x21
 2093 0fa6 737000   		.ascii	"sp\000"
 2094 0fa9 0F       		.byte	0xf
 2095 0faa AA01     		.2byte	0x1aa
 2096 0fac 1A       		.byte	0x1a
 2097 0fad B30F0000 		.4byte	0xfb3
 2098 0fb1 00       		.byte	0
 2099 0fb2 00       		.byte	0
 2100 0fb3 08       		.uleb128 0x8
 2101 0fb4 04       		.byte	0x4
 2102 0fb5 110F0000 		.4byte	0xf11
 2103 0fb9 0F       		.uleb128 0xf
 2104 0fba 04       		.byte	0x4
 2105 0fbb 10       		.byte	0x10
 2106 0fbc 38       		.byte	0x38
 2107 0fbd 09       		.byte	0x9
 2108 0fbe D00F0000 		.4byte	0xfd0
 2109 0fc2 10       		.uleb128 0x10
ARM GAS  /tmp/cckyrRJs.s 			page 38


 2110 0fc3 D4160000 		.4byte	.LASF203
 2111 0fc7 10       		.byte	0x10
 2112 0fc8 3C       		.byte	0x3c
 2113 0fc9 19       		.byte	0x19
 2114 0fca B3090000 		.4byte	0x9b3
 2115 0fce 00       		.byte	0
 2116 0fcf 00       		.byte	0
 2117 0fd0 03       		.uleb128 0x3
 2118 0fd1 27040000 		.4byte	.LASF204
 2119 0fd5 10       		.byte	0x10
 2120 0fd6 3D       		.byte	0x3d
 2121 0fd7 03       		.byte	0x3
 2122 0fd8 B90F0000 		.4byte	0xfb9
 2123 0fdc 0B       		.uleb128 0xb
 2124 0fdd 04       		.byte	0x4
 2125 0fde 09       		.byte	0x9
 2126 0fdf C9       		.byte	0xc9
 2127 0fe0 03       		.byte	0x3
 2128 0fe1 47100000 		.4byte	0x1047
 2129 0fe5 0C       		.uleb128 0xc
 2130 0fe6 C40A0000 		.4byte	.LASF205
 2131 0fea 09       		.byte	0x9
 2132 0feb D0       		.byte	0xd0
 2133 0fec 19       		.byte	0x19
 2134 0fed EF090000 		.4byte	0x9ef
 2135 0ff1 0C       		.uleb128 0xc
 2136 0ff2 96090000 		.4byte	.LASF206
 2137 0ff6 09       		.byte	0x9
 2138 0ff7 D7       		.byte	0xd7
 2139 0ff8 19       		.byte	0x19
 2140 0ff9 EF090000 		.4byte	0x9ef
 2141 0ffd 0C       		.uleb128 0xc
 2142 0ffe 85140000 		.4byte	.LASF207
 2143 1002 09       		.byte	0x9
 2144 1003 DE       		.byte	0xde
 2145 1004 1A       		.byte	0x1a
 2146 1005 BC000000 		.4byte	0xbc
 2147 1009 0C       		.uleb128 0xc
 2148 100a FE0F0000 		.4byte	.LASF208
 2149 100e 09       		.byte	0x9
 2150 100f E5       		.byte	0xe5
 2151 1010 1A       		.byte	0x1a
 2152 1011 47100000 		.4byte	0x1047
 2153 1015 0C       		.uleb128 0xc
 2154 1016 0B000000 		.4byte	.LASF209
 2155 101a 09       		.byte	0x9
 2156 101b EA       		.byte	0xea
 2157 101c 19       		.byte	0x19
 2158 101d EF090000 		.4byte	0x9ef
 2159 1021 0C       		.uleb128 0xc
 2160 1022 99000000 		.4byte	.LASF210
 2161 1026 09       		.byte	0x9
 2162 1027 F3       		.byte	0xf3
 2163 1028 1A       		.byte	0x1a
 2164 1029 75100000 		.4byte	0x1075
 2165 102d 0C       		.uleb128 0xc
 2166 102e BC140000 		.4byte	.LASF211
ARM GAS  /tmp/cckyrRJs.s 			page 39


 2167 1032 09       		.byte	0x9
 2168 1033 FC       		.byte	0xfc
 2169 1034 1A       		.byte	0x1a
 2170 1035 B0100000 		.4byte	0x10b0
 2171 1039 1E       		.uleb128 0x1e
 2172 103a 65170000 		.4byte	.LASF212
 2173 103e 09       		.byte	0x9
 2174 103f 0401     		.2byte	0x104
 2175 1041 19       		.byte	0x19
 2176 1042 070A0000 		.4byte	0xa07
 2177 1046 00       		.byte	0
 2178 1047 08       		.uleb128 0x8
 2179 1048 04       		.byte	0x4
 2180 1049 330B0000 		.4byte	0xb33
 2181 104d 11       		.uleb128 0x11
 2182 104e 030F0000 		.4byte	.LASF213
 2183 1052 0C       		.byte	0xc
 2184 1053 11       		.byte	0x11
 2185 1054 34       		.byte	0x34
 2186 1055 10       		.byte	0x10
 2187 1056 75100000 		.4byte	0x1075
 2188 105a 10       		.uleb128 0x10
 2189 105b 8F160000 		.4byte	.LASF145
 2190 105f 11       		.byte	0x11
 2191 1060 35       		.byte	0x35
 2192 1061 19       		.byte	0x19
 2193 1062 6C0B0000 		.4byte	0xb6c
 2194 1066 00       		.byte	0
 2195 1067 12       		.uleb128 0x12
 2196 1068 636E7400 		.ascii	"cnt\000"
 2197 106c 11       		.byte	0x11
 2198 106d 37       		.byte	0x37
 2199 106e 19       		.byte	0x19
 2200 106f 1F0A0000 		.4byte	0xa1f
 2201 1073 08       		.byte	0x8
 2202 1074 00       		.byte	0
 2203 1075 08       		.uleb128 0x8
 2204 1076 04       		.byte	0x4
 2205 1077 4D100000 		.4byte	0x104d
 2206 107b 11       		.uleb128 0x11
 2207 107c BC070000 		.4byte	.LASF214
 2208 1080 10       		.byte	0x10
 2209 1081 12       		.byte	0x12
 2210 1082 39       		.byte	0x39
 2211 1083 08       		.byte	0x8
 2212 1084 B0100000 		.4byte	0x10b0
 2213 1088 10       		.uleb128 0x10
 2214 1089 8F160000 		.4byte	.LASF145
 2215 108d 12       		.byte	0x12
 2216 108e 3A       		.byte	0x3a
 2217 108f 19       		.byte	0x19
 2218 1090 6C0B0000 		.4byte	0xb6c
 2219 1094 00       		.byte	0
 2220 1095 10       		.uleb128 0x10
 2221 1096 CB080000 		.4byte	.LASF215
 2222 109a 12       		.byte	0x12
 2223 109b 3C       		.byte	0x3c
ARM GAS  /tmp/cckyrRJs.s 			page 40


 2224 109c 1A       		.byte	0x1a
 2225 109d 3F0B0000 		.4byte	0xb3f
 2226 10a1 08       		.byte	0x8
 2227 10a2 10       		.uleb128 0x10
 2228 10a3 AA010000 		.4byte	.LASF163
 2229 10a7 12       		.byte	0x12
 2230 10a8 3E       		.byte	0x3e
 2231 10a9 1A       		.byte	0x1a
 2232 10aa 13120000 		.4byte	0x1213
 2233 10ae 0C       		.byte	0xc
 2234 10af 00       		.byte	0
 2235 10b0 08       		.uleb128 0x8
 2236 10b1 04       		.byte	0x4
 2237 10b2 7B100000 		.4byte	0x107b
 2238 10b6 08       		.uleb128 0x8
 2239 10b7 04       		.byte	0x4
 2240 10b8 050F0000 		.4byte	0xf05
 2241 10bc 08       		.uleb128 0x8
 2242 10bd 04       		.byte	0x4
 2243 10be 1E0C0000 		.4byte	0xc1e
 2244 10c2 23       		.uleb128 0x23
 2245 10c3 636800   		.ascii	"ch\000"
 2246 10c6 09       		.byte	0x9
 2247 10c7 C801     		.2byte	0x1c8
 2248 10c9 14       		.byte	0x14
 2249 10ca 000D0000 		.4byte	0xd00
 2250 10ce 0D       		.uleb128 0xd
 2251 10cf 050F0000 		.4byte	0xf05
 2252 10d3 D9100000 		.4byte	0x10d9
 2253 10d7 24       		.uleb128 0x24
 2254 10d8 00       		.byte	0
 2255 10d9 20       		.uleb128 0x20
 2256 10da A2080000 		.4byte	.LASF216
 2257 10de 13       		.byte	0x13
 2258 10df 1701     		.2byte	0x117
 2259 10e1 13       		.byte	0x13
 2260 10e2 CE100000 		.4byte	0x10ce
 2261 10e6 0F       		.uleb128 0xf
 2262 10e7 16       		.byte	0x16
 2263 10e8 14       		.byte	0x14
 2264 10e9 34       		.byte	0x34
 2265 10ea 09       		.byte	0x9
 2266 10eb DA110000 		.4byte	0x11da
 2267 10ef 10       		.uleb128 0x10
 2268 10f0 33090000 		.4byte	.LASF217
 2269 10f4 14       		.byte	0x14
 2270 10f5 35       		.byte	0x35
 2271 10f6 0D       		.byte	0xd
 2272 10f7 DA110000 		.4byte	0x11da
 2273 10fb 00       		.byte	0
 2274 10fc 10       		.uleb128 0x10
 2275 10fd D2040000 		.4byte	.LASF218
 2276 1101 14       		.byte	0x14
 2277 1102 36       		.byte	0x36
 2278 1103 0D       		.byte	0xd
 2279 1104 63090000 		.4byte	0x963
 2280 1108 04       		.byte	0x4
ARM GAS  /tmp/cckyrRJs.s 			page 41


 2281 1109 10       		.uleb128 0x10
 2282 110a 9D080000 		.4byte	.LASF219
 2283 110e 14       		.byte	0x14
 2284 110f 37       		.byte	0x37
 2285 1110 0D       		.byte	0xd
 2286 1111 63090000 		.4byte	0x963
 2287 1115 05       		.byte	0x5
 2288 1116 10       		.uleb128 0x10
 2289 1117 5D1A0000 		.4byte	.LASF220
 2290 111b 14       		.byte	0x14
 2291 111c 38       		.byte	0x38
 2292 111d 0D       		.byte	0xd
 2293 111e 74090000 		.4byte	0x974
 2294 1122 06       		.byte	0x6
 2295 1123 10       		.uleb128 0x10
 2296 1124 100A0000 		.4byte	.LASF221
 2297 1128 14       		.byte	0x14
 2298 1129 39       		.byte	0x39
 2299 112a 0D       		.byte	0xd
 2300 112b 63090000 		.4byte	0x963
 2301 112f 08       		.byte	0x8
 2302 1130 10       		.uleb128 0x10
 2303 1131 56030000 		.4byte	.LASF222
 2304 1135 14       		.byte	0x14
 2305 1136 3A       		.byte	0x3a
 2306 1137 0D       		.byte	0xd
 2307 1138 63090000 		.4byte	0x963
 2308 113c 09       		.byte	0x9
 2309 113d 10       		.uleb128 0x10
 2310 113e 41170000 		.4byte	.LASF223
 2311 1142 14       		.byte	0x14
 2312 1143 3B       		.byte	0x3b
 2313 1144 0D       		.byte	0xd
 2314 1145 63090000 		.4byte	0x963
 2315 1149 0A       		.byte	0xa
 2316 114a 10       		.uleb128 0x10
 2317 114b 130B0000 		.4byte	.LASF224
 2318 114f 14       		.byte	0x14
 2319 1150 3C       		.byte	0x3c
 2320 1151 0D       		.byte	0xd
 2321 1152 63090000 		.4byte	0x963
 2322 1156 0B       		.byte	0xb
 2323 1157 10       		.uleb128 0x10
 2324 1158 440E0000 		.4byte	.LASF225
 2325 115c 14       		.byte	0x14
 2326 115d 3D       		.byte	0x3d
 2327 115e 0D       		.byte	0xd
 2328 115f 63090000 		.4byte	0x963
 2329 1163 0C       		.byte	0xc
 2330 1164 10       		.uleb128 0x10
 2331 1165 6A160000 		.4byte	.LASF226
 2332 1169 14       		.byte	0x14
 2333 116a 3E       		.byte	0x3e
 2334 116b 0D       		.byte	0xd
 2335 116c 63090000 		.4byte	0x963
 2336 1170 0D       		.byte	0xd
 2337 1171 10       		.uleb128 0x10
ARM GAS  /tmp/cckyrRJs.s 			page 42


 2338 1172 23110000 		.4byte	.LASF227
 2339 1176 14       		.byte	0x14
 2340 1177 3F       		.byte	0x3f
 2341 1178 0D       		.byte	0xd
 2342 1179 63090000 		.4byte	0x963
 2343 117d 0E       		.byte	0xe
 2344 117e 10       		.uleb128 0x10
 2345 117f 0C180000 		.4byte	.LASF228
 2346 1183 14       		.byte	0x14
 2347 1184 40       		.byte	0x40
 2348 1185 0D       		.byte	0xd
 2349 1186 63090000 		.4byte	0x963
 2350 118a 0F       		.byte	0xf
 2351 118b 10       		.uleb128 0x10
 2352 118c 44100000 		.4byte	.LASF229
 2353 1190 14       		.byte	0x14
 2354 1191 41       		.byte	0x41
 2355 1192 0D       		.byte	0xd
 2356 1193 63090000 		.4byte	0x963
 2357 1197 10       		.byte	0x10
 2358 1198 10       		.uleb128 0x10
 2359 1199 B7130000 		.4byte	.LASF230
 2360 119d 14       		.byte	0x14
 2361 119e 42       		.byte	0x42
 2362 119f 0D       		.byte	0xd
 2363 11a0 63090000 		.4byte	0x963
 2364 11a4 11       		.byte	0x11
 2365 11a5 10       		.uleb128 0x10
 2366 11a6 210F0000 		.4byte	.LASF231
 2367 11aa 14       		.byte	0x14
 2368 11ab 43       		.byte	0x43
 2369 11ac 0D       		.byte	0xd
 2370 11ad 63090000 		.4byte	0x963
 2371 11b1 12       		.byte	0x12
 2372 11b2 10       		.uleb128 0x10
 2373 11b3 33020000 		.4byte	.LASF232
 2374 11b7 14       		.byte	0x14
 2375 11b8 44       		.byte	0x44
 2376 11b9 0D       		.byte	0xd
 2377 11ba 63090000 		.4byte	0x963
 2378 11be 13       		.byte	0x13
 2379 11bf 10       		.uleb128 0x10
 2380 11c0 7F100000 		.4byte	.LASF233
 2381 11c4 14       		.byte	0x14
 2382 11c5 45       		.byte	0x45
 2383 11c6 0D       		.byte	0xd
 2384 11c7 63090000 		.4byte	0x963
 2385 11cb 14       		.byte	0x14
 2386 11cc 10       		.uleb128 0x10
 2387 11cd 3B0E0000 		.4byte	.LASF234
 2388 11d1 14       		.byte	0x14
 2389 11d2 46       		.byte	0x46
 2390 11d3 0D       		.byte	0xd
 2391 11d4 63090000 		.4byte	0x963
 2392 11d8 15       		.byte	0x15
 2393 11d9 00       		.byte	0
 2394 11da 0D       		.uleb128 0xd
ARM GAS  /tmp/cckyrRJs.s 			page 43


 2395 11db 05060000 		.4byte	0x605
 2396 11df EA110000 		.4byte	0x11ea
 2397 11e3 0E       		.uleb128 0xe
 2398 11e4 9D000000 		.4byte	0x9d
 2399 11e8 03       		.byte	0x3
 2400 11e9 00       		.byte	0
 2401 11ea 03       		.uleb128 0x3
 2402 11eb 530D0000 		.4byte	.LASF235
 2403 11ef 14       		.byte	0x14
 2404 11f0 47       		.byte	0x47
 2405 11f1 03       		.byte	0x3
 2406 11f2 E6100000 		.4byte	0x10e6
 2407 11f6 05       		.uleb128 0x5
 2408 11f7 EA110000 		.4byte	0x11ea
 2409 11fb 22       		.uleb128 0x22
 2410 11fc 42070000 		.4byte	.LASF236
 2411 1200 14       		.byte	0x14
 2412 1201 6C       		.byte	0x6c
 2413 1202 1D       		.byte	0x1d
 2414 1203 F6110000 		.4byte	0x11f6
 2415 1207 03       		.uleb128 0x3
 2416 1208 02160000 		.4byte	.LASF237
 2417 120c 12       		.byte	0x12
 2418 120d 34       		.byte	0x34
 2419 120e 19       		.byte	0x19
 2420 120f 7B100000 		.4byte	0x107b
 2421 1213 08       		.uleb128 0x8
 2422 1214 04       		.byte	0x4
 2423 1215 07120000 		.4byte	0x1207
 2424 1219 03       		.uleb128 0x3
 2425 121a 11090000 		.4byte	.LASF238
 2426 121e 15       		.byte	0x15
 2427 121f 34       		.byte	0x34
 2428 1220 1F       		.byte	0x1f
 2429 1221 25120000 		.4byte	0x1225
 2430 1225 11       		.uleb128 0x11
 2431 1226 94060000 		.4byte	.LASF239
 2432 122a 14       		.byte	0x14
 2433 122b 15       		.byte	0x15
 2434 122c 39       		.byte	0x39
 2435 122d 08       		.byte	0x8
 2436 122e 74120000 		.4byte	0x1274
 2437 1232 10       		.uleb128 0x10
 2438 1233 AA010000 		.4byte	.LASF163
 2439 1237 15       		.byte	0x15
 2440 1238 3A       		.byte	0x3a
 2441 1239 1A       		.byte	0x1a
 2442 123a 74120000 		.4byte	0x1274
 2443 123e 00       		.byte	0
 2444 123f 10       		.uleb128 0x10
 2445 1240 CC090000 		.4byte	.LASF240
 2446 1244 15       		.byte	0x15
 2447 1245 3D       		.byte	0x3d
 2448 1246 1A       		.byte	0x1a
 2449 1247 3F0B0000 		.4byte	0xb3f
 2450 124b 04       		.byte	0x4
 2451 124c 10       		.uleb128 0x10
ARM GAS  /tmp/cckyrRJs.s 			page 44


 2452 124d 651A0000 		.4byte	.LASF241
 2453 1251 15       		.byte	0x15
 2454 1252 3F       		.byte	0x3f
 2455 1253 19       		.byte	0x19
 2456 1254 070A0000 		.4byte	0xa07
 2457 1258 08       		.byte	0x8
 2458 1259 10       		.uleb128 0x10
 2459 125a 7A1B0000 		.4byte	.LASF152
 2460 125e 15       		.byte	0x15
 2461 125f 41       		.byte	0x41
 2462 1260 19       		.byte	0x19
 2463 1261 130A0000 		.4byte	0xa13
 2464 1265 0C       		.byte	0xc
 2465 1266 10       		.uleb128 0x10
 2466 1267 62150000 		.4byte	.LASF242
 2467 126b 15       		.byte	0x15
 2468 126c 43       		.byte	0x43
 2469 126d 19       		.byte	0x19
 2470 126e 130A0000 		.4byte	0xa13
 2471 1272 10       		.byte	0x10
 2472 1273 00       		.byte	0
 2473 1274 08       		.uleb128 0x8
 2474 1275 04       		.byte	0x4
 2475 1276 19120000 		.4byte	0x1219
 2476 127a 11       		.uleb128 0x11
 2477 127b 75170000 		.4byte	.LASF243
 2478 127f 04       		.byte	0x4
 2479 1280 15       		.byte	0x15
 2480 1281 4A       		.byte	0x4a
 2481 1282 10       		.byte	0x10
 2482 1283 95120000 		.4byte	0x1295
 2483 1287 10       		.uleb128 0x10
 2484 1288 AA010000 		.4byte	.LASF163
 2485 128c 15       		.byte	0x15
 2486 128d 4B       		.byte	0x4b
 2487 128e 1A       		.byte	0x1a
 2488 128f 74120000 		.4byte	0x1274
 2489 1293 00       		.byte	0
 2490 1294 00       		.byte	0
 2491 1295 03       		.uleb128 0x3
 2492 1296 B10D0000 		.4byte	.LASF244
 2493 129a 15       		.byte	0x15
 2494 129b 4E       		.byte	0x4e
 2495 129c 03       		.byte	0x3
 2496 129d 7A120000 		.4byte	0x127a
 2497 12a1 02       		.uleb128 0x2
 2498 12a2 01       		.byte	0x1
 2499 12a3 02       		.byte	0x2
 2500 12a4 A6000000 		.4byte	.LASF245
 2501 12a8 03       		.uleb128 0x3
 2502 12a9 0F010000 		.4byte	.LASF246
 2503 12ad 16       		.byte	0x16
 2504 12ae 47       		.byte	0x47
 2505 12af 11       		.byte	0x11
 2506 12b0 B4120000 		.4byte	0x12b4
 2507 12b4 08       		.uleb128 0x8
 2508 12b5 04       		.byte	0x4
ARM GAS  /tmp/cckyrRJs.s 			page 45


 2509 12b6 BA120000 		.4byte	0x12ba
 2510 12ba 16       		.uleb128 0x16
 2511 12bb BC000000 		.4byte	0xbc
 2512 12bf CE120000 		.4byte	0x12ce
 2513 12c3 17       		.uleb128 0x17
 2514 12c4 A4000000 		.4byte	0xa4
 2515 12c8 17       		.uleb128 0x17
 2516 12c9 9D000000 		.4byte	0x9d
 2517 12cd 00       		.byte	0
 2518 12ce 0F       		.uleb128 0xf
 2519 12cf 08       		.byte	0x8
 2520 12d0 16       		.byte	0x16
 2521 12d1 51       		.byte	0x51
 2522 12d2 09       		.byte	0x9
 2523 12d3 F2120000 		.4byte	0x12f2
 2524 12d7 10       		.uleb128 0x10
 2525 12d8 D2100000 		.4byte	.LASF247
 2526 12dc 16       		.byte	0x16
 2527 12dd 55       		.byte	0x55
 2528 12de 0C       		.byte	0xc
 2529 12df F2120000 		.4byte	0x12f2
 2530 12e3 00       		.byte	0
 2531 12e4 10       		.uleb128 0x10
 2532 12e5 F6060000 		.4byte	.LASF248
 2533 12e9 16       		.byte	0x16
 2534 12ea 59       		.byte	0x59
 2535 12eb 0C       		.byte	0xc
 2536 12ec F2120000 		.4byte	0x12f2
 2537 12f0 04       		.byte	0x4
 2538 12f1 00       		.byte	0
 2539 12f2 08       		.uleb128 0x8
 2540 12f3 04       		.byte	0x4
 2541 12f4 63090000 		.4byte	0x963
 2542 12f8 03       		.uleb128 0x3
 2543 12f9 8A0A0000 		.4byte	.LASF249
 2544 12fd 16       		.byte	0x16
 2545 12fe 5A       		.byte	0x5a
 2546 12ff 03       		.byte	0x3
 2547 1300 CE120000 		.4byte	0x12ce
 2548 1304 22       		.uleb128 0x22
 2549 1305 00000000 		.4byte	.LASF250
 2550 1309 16       		.byte	0x16
 2551 130a 75       		.byte	0x75
 2552 130b 12       		.byte	0x12
 2553 130c F8120000 		.4byte	0x12f8
 2554 1310 11       		.uleb128 0x11
 2555 1311 D6060000 		.4byte	.LASF251
 2556 1315 04       		.byte	0x4
 2557 1316 17       		.byte	0x17
 2558 1317 38       		.byte	0x38
 2559 1318 08       		.byte	0x8
 2560 1319 2B130000 		.4byte	0x132b
 2561 131d 10       		.uleb128 0x10
 2562 131e AA010000 		.4byte	.LASF163
 2563 1322 17       		.byte	0x17
 2564 1323 39       		.byte	0x39
 2565 1324 1A       		.byte	0x1a
ARM GAS  /tmp/cckyrRJs.s 			page 46


 2566 1325 2B130000 		.4byte	0x132b
 2567 1329 00       		.byte	0
 2568 132a 00       		.byte	0
 2569 132b 08       		.uleb128 0x8
 2570 132c 04       		.byte	0x4
 2571 132d 10130000 		.4byte	0x1310
 2572 1331 0F       		.uleb128 0xf
 2573 1332 10       		.byte	0x10
 2574 1333 17       		.byte	0x17
 2575 1334 40       		.byte	0x40
 2576 1335 09       		.byte	0x9
 2577 1336 6F130000 		.4byte	0x136f
 2578 133a 10       		.uleb128 0x10
 2579 133b AA010000 		.4byte	.LASF163
 2580 133f 17       		.byte	0x17
 2581 1340 41       		.byte	0x41
 2582 1341 1A       		.byte	0x1a
 2583 1342 2B130000 		.4byte	0x132b
 2584 1346 00       		.byte	0
 2585 1347 10       		.uleb128 0x10
 2586 1348 6D090000 		.4byte	.LASF252
 2587 134c 17       		.byte	0x17
 2588 134d 42       		.byte	0x42
 2589 134e 19       		.byte	0x19
 2590 134f A4000000 		.4byte	0xa4
 2591 1353 04       		.byte	0x4
 2592 1354 10       		.uleb128 0x10
 2593 1355 0E050000 		.4byte	.LASF253
 2594 1359 17       		.byte	0x17
 2595 135a 44       		.byte	0x44
 2596 135b 19       		.byte	0x19
 2597 135c 9D000000 		.4byte	0x9d
 2598 1360 08       		.byte	0x8
 2599 1361 10       		.uleb128 0x10
 2600 1362 D6000000 		.4byte	.LASF254
 2601 1366 17       		.byte	0x17
 2602 1367 45       		.byte	0x45
 2603 1368 19       		.byte	0x19
 2604 1369 A8120000 		.4byte	0x12a8
 2605 136d 0C       		.byte	0xc
 2606 136e 00       		.byte	0
 2607 136f 03       		.uleb128 0x3
 2608 1370 021B0000 		.4byte	.LASF255
 2609 1374 17       		.byte	0x17
 2610 1375 47       		.byte	0x47
 2611 1376 03       		.byte	0x3
 2612 1377 31130000 		.4byte	0x1331
 2613 137b 11       		.uleb128 0x11
 2614 137c B5010000 		.4byte	.LASF256
 2615 1380 10       		.byte	0x10
 2616 1381 18       		.byte	0x18
 2617 1382 A9       		.byte	0xa9
 2618 1383 10       		.byte	0x10
 2619 1384 B0130000 		.4byte	0x13b0
 2620 1388 10       		.uleb128 0x10
 2621 1389 AA010000 		.4byte	.LASF163
 2622 138d 18       		.byte	0x18
ARM GAS  /tmp/cckyrRJs.s 			page 47


 2623 138e AD       		.byte	0xad
 2624 138f 1A       		.byte	0x1a
 2625 1390 B0130000 		.4byte	0x13b0
 2626 1394 00       		.byte	0
 2627 1395 10       		.uleb128 0x10
 2628 1396 8D030000 		.4byte	.LASF153
 2629 139a 18       		.byte	0x18
 2630 139b B1       		.byte	0xb1
 2631 139c 19       		.byte	0x19
 2632 139d 2B0A0000 		.4byte	0xa2b
 2633 13a1 04       		.byte	0x4
 2634 13a2 10       		.uleb128 0x10
 2635 13a3 E20C0000 		.4byte	.LASF149
 2636 13a7 18       		.byte	0x18
 2637 13a8 B3       		.byte	0xb3
 2638 13a9 19       		.byte	0x19
 2639 13aa 64080000 		.4byte	0x864
 2640 13ae 08       		.byte	0x8
 2641 13af 00       		.byte	0
 2642 13b0 08       		.uleb128 0x8
 2643 13b1 04       		.byte	0x4
 2644 13b2 7B130000 		.4byte	0x137b
 2645 13b6 03       		.uleb128 0x3
 2646 13b7 2B0F0000 		.4byte	.LASF257
 2647 13bb 18       		.byte	0x18
 2648 13bc B7       		.byte	0xb7
 2649 13bd 03       		.byte	0x3
 2650 13be 7B130000 		.4byte	0x137b
 2651 13c2 11       		.uleb128 0x11
 2652 13c3 AC040000 		.4byte	.LASF258
 2653 13c7 04       		.byte	0x4
 2654 13c8 18       		.byte	0x18
 2655 13c9 BC       		.byte	0xbc
 2656 13ca 10       		.byte	0x10
 2657 13cb DD130000 		.4byte	0x13dd
 2658 13cf 10       		.uleb128 0x10
 2659 13d0 AA010000 		.4byte	.LASF163
 2660 13d4 18       		.byte	0x18
 2661 13d5 BD       		.byte	0xbd
 2662 13d6 1A       		.byte	0x1a
 2663 13d7 DD130000 		.4byte	0x13dd
 2664 13db 00       		.byte	0
 2665 13dc 00       		.byte	0
 2666 13dd 08       		.uleb128 0x8
 2667 13de 04       		.byte	0x4
 2668 13df B6130000 		.4byte	0x13b6
 2669 13e3 03       		.uleb128 0x3
 2670 13e4 1C0B0000 		.4byte	.LASF259
 2671 13e8 18       		.byte	0x18
 2672 13e9 BE       		.byte	0xbe
 2673 13ea 03       		.byte	0x3
 2674 13eb C2130000 		.4byte	0x13c2
 2675 13ef 1B       		.uleb128 0x1b
 2676 13f0 87010000 		.4byte	.LASF260
 2677 13f4 48       		.byte	0x48
 2678 13f5 18       		.byte	0x18
 2679 13f6 2001     		.2byte	0x120
ARM GAS  /tmp/cckyrRJs.s 			page 48


 2680 13f8 10       		.byte	0x10
 2681 13f9 7C140000 		.4byte	0x147c
 2682 13fd 21       		.uleb128 0x21
 2683 13fe 6D747800 		.ascii	"mtx\000"
 2684 1402 18       		.byte	0x18
 2685 1403 2501     		.2byte	0x125
 2686 1405 19       		.byte	0x19
 2687 1406 07120000 		.4byte	0x1207
 2688 140a 00       		.byte	0
 2689 140b 19       		.uleb128 0x19
 2690 140c 3D080000 		.4byte	.LASF261
 2691 1410 18       		.byte	0x18
 2692 1411 2C01     		.2byte	0x12c
 2693 1413 19       		.byte	0x19
 2694 1414 E3130000 		.4byte	0x13e3
 2695 1418 10       		.byte	0x10
 2696 1419 19       		.uleb128 0x19
 2697 141a 9A140000 		.4byte	.LASF262
 2698 141e 18       		.byte	0x18
 2699 141f 3001     		.2byte	0x130
 2700 1421 19       		.byte	0x19
 2701 1422 6F130000 		.4byte	0x136f
 2702 1426 14       		.byte	0x14
 2703 1427 19       		.uleb128 0x19
 2704 1428 2A100000 		.4byte	.LASF263
 2705 142c 18       		.byte	0x18
 2706 142d 3501     		.2byte	0x135
 2707 142f 19       		.byte	0x19
 2708 1430 E3130000 		.4byte	0x13e3
 2709 1434 24       		.byte	0x24
 2710 1435 19       		.uleb128 0x19
 2711 1436 03180000 		.4byte	.LASF264
 2712 143a 18       		.byte	0x18
 2713 143b 3B01     		.2byte	0x13b
 2714 143d 19       		.byte	0x19
 2715 143e E3130000 		.4byte	0x13e3
 2716 1442 28       		.byte	0x28
 2717 1443 19       		.uleb128 0x19
 2718 1444 6C080000 		.4byte	.LASF265
 2719 1448 18       		.byte	0x18
 2720 1449 3F01     		.2byte	0x13f
 2721 144b 19       		.byte	0x19
 2722 144c 6F130000 		.4byte	0x136f
 2723 1450 2C       		.byte	0x2c
 2724 1451 19       		.uleb128 0x19
 2725 1452 61160000 		.4byte	.LASF266
 2726 1456 18       		.byte	0x18
 2727 1457 4501     		.2byte	0x145
 2728 1459 19       		.byte	0x19
 2729 145a E3130000 		.4byte	0x13e3
 2730 145e 3C       		.byte	0x3c
 2731 145f 19       		.uleb128 0x19
 2732 1460 C2090000 		.4byte	.LASF267
 2733 1464 18       		.byte	0x18
 2734 1465 4B01     		.2byte	0x14b
 2735 1467 19       		.byte	0x19
 2736 1468 E3130000 		.4byte	0x13e3
ARM GAS  /tmp/cckyrRJs.s 			page 49


 2737 146c 40       		.byte	0x40
 2738 146d 19       		.uleb128 0x19
 2739 146e E10A0000 		.4byte	.LASF268
 2740 1472 18       		.byte	0x18
 2741 1473 5101     		.2byte	0x151
 2742 1475 19       		.byte	0x19
 2743 1476 E3130000 		.4byte	0x13e3
 2744 147a 44       		.byte	0x44
 2745 147b 00       		.byte	0
 2746 147c 0A       		.uleb128 0xa
 2747 147d DF000000 		.4byte	.LASF269
 2748 1481 18       		.byte	0x18
 2749 1482 5301     		.2byte	0x153
 2750 1484 03       		.byte	0x3
 2751 1485 EF130000 		.4byte	0x13ef
 2752 1489 20       		.uleb128 0x20
 2753 148a A3140000 		.4byte	.LASF270
 2754 148e 18       		.byte	0x18
 2755 148f 5E01     		.2byte	0x15e
 2756 1491 1A       		.byte	0x1a
 2757 1492 7C140000 		.4byte	0x147c
 2758 1496 1C       		.uleb128 0x1c
 2759 1497 0C       		.byte	0xc
 2760 1498 19       		.byte	0x19
 2761 1499 A201     		.2byte	0x1a2
 2762 149b 09       		.byte	0x9
 2763 149c F5140000 		.4byte	0x14f5
 2764 14a0 19       		.uleb128 0x19
 2765 14a1 AB1A0000 		.4byte	.LASF271
 2766 14a5 19       		.byte	0x19
 2767 14a6 A301     		.2byte	0x1a3
 2768 14a8 1A       		.byte	0x1a
 2769 14a9 F5140000 		.4byte	0x14f5
 2770 14ad 00       		.byte	0
 2771 14ae 19       		.uleb128 0x19
 2772 14af 9E0A0000 		.4byte	.LASF272
 2773 14b3 19       		.byte	0x19
 2774 14b4 A401     		.2byte	0x1a4
 2775 14b6 1A       		.byte	0x1a
 2776 14b7 FB140000 		.4byte	0x14fb
 2777 14bb 04       		.byte	0x4
 2778 14bc 19       		.uleb128 0x19
 2779 14bd B21A0000 		.4byte	.LASF273
 2780 14c1 19       		.byte	0x19
 2781 14c2 A801     		.2byte	0x1a8
 2782 14c4 19       		.byte	0x19
 2783 14c5 63090000 		.4byte	0x963
 2784 14c9 08       		.byte	0x8
 2785 14ca 19       		.uleb128 0x19
 2786 14cb 8F080000 		.4byte	.LASF274
 2787 14cf 19       		.byte	0x19
 2788 14d0 AA01     		.2byte	0x1aa
 2789 14d2 19       		.byte	0x19
 2790 14d3 63090000 		.4byte	0x963
 2791 14d7 09       		.byte	0x9
 2792 14d8 19       		.uleb128 0x19
 2793 14d9 EB150000 		.4byte	.LASF275
ARM GAS  /tmp/cckyrRJs.s 			page 50


 2794 14dd 19       		.byte	0x19
 2795 14de AC01     		.2byte	0x1ac
 2796 14e0 19       		.byte	0x19
 2797 14e1 63090000 		.4byte	0x963
 2798 14e5 0A       		.byte	0xa
 2799 14e6 19       		.uleb128 0x19
 2800 14e7 1D030000 		.4byte	.LASF276
 2801 14eb 19       		.byte	0x19
 2802 14ec AD01     		.2byte	0x1ad
 2803 14ee 19       		.byte	0x19
 2804 14ef 63090000 		.4byte	0x963
 2805 14f3 0B       		.byte	0xb
 2806 14f4 00       		.byte	0
 2807 14f5 08       		.uleb128 0x8
 2808 14f6 04       		.byte	0x4
 2809 14f7 420E0000 		.4byte	0xe42
 2810 14fb 08       		.uleb128 0x8
 2811 14fc 04       		.byte	0x4
 2812 14fd A2090000 		.4byte	0x9a2
 2813 1501 0A       		.uleb128 0xa
 2814 1502 600C0000 		.4byte	.LASF277
 2815 1506 19       		.byte	0x19
 2816 1507 AE01     		.2byte	0x1ae
 2817 1509 03       		.byte	0x3
 2818 150a 96140000 		.4byte	0x1496
 2819 150e 05       		.uleb128 0x5
 2820 150f 01150000 		.4byte	0x1501
 2821 1513 0D       		.uleb128 0xd
 2822 1514 0E150000 		.4byte	0x150e
 2823 1518 23150000 		.4byte	0x1523
 2824 151c 0E       		.uleb128 0xe
 2825 151d 9D000000 		.4byte	0x9d
 2826 1521 0F       		.byte	0xf
 2827 1522 00       		.byte	0
 2828 1523 05       		.uleb128 0x5
 2829 1524 13150000 		.4byte	0x1513
 2830 1528 20       		.uleb128 0x20
 2831 1529 15130000 		.4byte	.LASF278
 2832 152d 19       		.byte	0x19
 2833 152e 9002     		.2byte	0x290
 2834 1530 21       		.byte	0x21
 2835 1531 23150000 		.4byte	0x1523
 2836 1535 1C       		.uleb128 0x1c
 2837 1536 60       		.byte	0x60
 2838 1537 1A       		.byte	0x1a
 2839 1538 F601     		.2byte	0x1f6
 2840 153a 09       		.byte	0x9
 2841 153b 56160000 		.4byte	0x1656
 2842 153f 21       		.uleb128 0x21
 2843 1540 43523100 		.ascii	"CR1\000"
 2844 1544 1A       		.byte	0x1a
 2845 1545 F701     		.2byte	0x1f7
 2846 1547 19       		.byte	0x19
 2847 1548 A2090000 		.4byte	0x9a2
 2848 154c 00       		.byte	0
 2849 154d 21       		.uleb128 0x21
 2850 154e 43523200 		.ascii	"CR2\000"
ARM GAS  /tmp/cckyrRJs.s 			page 51


 2851 1552 1A       		.byte	0x1a
 2852 1553 F801     		.2byte	0x1f8
 2853 1555 19       		.byte	0x19
 2854 1556 A2090000 		.4byte	0x9a2
 2855 155a 04       		.byte	0x4
 2856 155b 19       		.uleb128 0x19
 2857 155c 34170000 		.4byte	.LASF279
 2858 1560 1A       		.byte	0x1a
 2859 1561 F901     		.2byte	0x1f9
 2860 1563 19       		.byte	0x19
 2861 1564 A2090000 		.4byte	0x9a2
 2862 1568 08       		.byte	0x8
 2863 1569 19       		.uleb128 0x19
 2864 156a F1060000 		.4byte	.LASF280
 2865 156e 1A       		.byte	0x1a
 2866 156f FA01     		.2byte	0x1fa
 2867 1571 19       		.byte	0x19
 2868 1572 A2090000 		.4byte	0x9a2
 2869 1576 0C       		.byte	0xc
 2870 1577 21       		.uleb128 0x21
 2871 1578 535200   		.ascii	"SR\000"
 2872 157b 1A       		.byte	0x1a
 2873 157c FB01     		.2byte	0x1fb
 2874 157e 19       		.byte	0x19
 2875 157f A2090000 		.4byte	0x9a2
 2876 1583 10       		.byte	0x10
 2877 1584 21       		.uleb128 0x21
 2878 1585 45475200 		.ascii	"EGR\000"
 2879 1589 1A       		.byte	0x1a
 2880 158a FC01     		.2byte	0x1fc
 2881 158c 19       		.byte	0x19
 2882 158d A2090000 		.4byte	0x9a2
 2883 1591 14       		.byte	0x14
 2884 1592 19       		.uleb128 0x19
 2885 1593 771A0000 		.4byte	.LASF281
 2886 1597 1A       		.byte	0x1a
 2887 1598 FD01     		.2byte	0x1fd
 2888 159a 19       		.byte	0x19
 2889 159b A2090000 		.4byte	0x9a2
 2890 159f 18       		.byte	0x18
 2891 15a0 19       		.uleb128 0x19
 2892 15a1 7D1A0000 		.4byte	.LASF282
 2893 15a5 1A       		.byte	0x1a
 2894 15a6 FE01     		.2byte	0x1fe
 2895 15a8 19       		.byte	0x19
 2896 15a9 A2090000 		.4byte	0x9a2
 2897 15ad 1C       		.byte	0x1c
 2898 15ae 19       		.uleb128 0x19
 2899 15af F3040000 		.4byte	.LASF283
 2900 15b3 1A       		.byte	0x1a
 2901 15b4 FF01     		.2byte	0x1ff
 2902 15b6 19       		.byte	0x19
 2903 15b7 A2090000 		.4byte	0x9a2
 2904 15bb 20       		.byte	0x20
 2905 15bc 21       		.uleb128 0x21
 2906 15bd 434E5400 		.ascii	"CNT\000"
 2907 15c1 1A       		.byte	0x1a
ARM GAS  /tmp/cckyrRJs.s 			page 52


 2908 15c2 0002     		.2byte	0x200
 2909 15c4 19       		.byte	0x19
 2910 15c5 A2090000 		.4byte	0x9a2
 2911 15c9 24       		.byte	0x24
 2912 15ca 21       		.uleb128 0x21
 2913 15cb 50534300 		.ascii	"PSC\000"
 2914 15cf 1A       		.byte	0x1a
 2915 15d0 0102     		.2byte	0x201
 2916 15d2 19       		.byte	0x19
 2917 15d3 A2090000 		.4byte	0x9a2
 2918 15d7 28       		.byte	0x28
 2919 15d8 21       		.uleb128 0x21
 2920 15d9 41525200 		.ascii	"ARR\000"
 2921 15dd 1A       		.byte	0x1a
 2922 15de 0202     		.2byte	0x202
 2923 15e0 19       		.byte	0x19
 2924 15e1 A2090000 		.4byte	0x9a2
 2925 15e5 2C       		.byte	0x2c
 2926 15e6 21       		.uleb128 0x21
 2927 15e7 52435200 		.ascii	"RCR\000"
 2928 15eb 1A       		.byte	0x1a
 2929 15ec 0302     		.2byte	0x203
 2930 15ee 19       		.byte	0x19
 2931 15ef A2090000 		.4byte	0x9a2
 2932 15f3 30       		.byte	0x30
 2933 15f4 21       		.uleb128 0x21
 2934 15f5 43435200 		.ascii	"CCR\000"
 2935 15f9 1A       		.byte	0x1a
 2936 15fa 0402     		.2byte	0x204
 2937 15fc 19       		.byte	0x19
 2938 15fd 730E0000 		.4byte	0xe73
 2939 1601 34       		.byte	0x34
 2940 1602 19       		.uleb128 0x19
 2941 1603 6C010000 		.4byte	.LASF284
 2942 1607 1A       		.byte	0x1a
 2943 1608 0502     		.2byte	0x205
 2944 160a 19       		.byte	0x19
 2945 160b A2090000 		.4byte	0x9a2
 2946 160f 44       		.byte	0x44
 2947 1610 21       		.uleb128 0x21
 2948 1611 44435200 		.ascii	"DCR\000"
 2949 1615 1A       		.byte	0x1a
 2950 1616 0602     		.2byte	0x206
 2951 1618 19       		.byte	0x19
 2952 1619 A2090000 		.4byte	0x9a2
 2953 161d 48       		.byte	0x48
 2954 161e 19       		.uleb128 0x19
 2955 161f AE0E0000 		.4byte	.LASF285
 2956 1623 1A       		.byte	0x1a
 2957 1624 0702     		.2byte	0x207
 2958 1626 19       		.byte	0x19
 2959 1627 A2090000 		.4byte	0x9a2
 2960 162b 4C       		.byte	0x4c
 2961 162c 21       		.uleb128 0x21
 2962 162d 4F5200   		.ascii	"OR\000"
 2963 1630 1A       		.byte	0x1a
 2964 1631 0802     		.2byte	0x208
ARM GAS  /tmp/cckyrRJs.s 			page 53


 2965 1633 19       		.byte	0x19
 2966 1634 A2090000 		.4byte	0x9a2
 2967 1638 50       		.byte	0x50
 2968 1639 19       		.uleb128 0x19
 2969 163a 831A0000 		.4byte	.LASF286
 2970 163e 1A       		.byte	0x1a
 2971 163f 0902     		.2byte	0x209
 2972 1641 19       		.byte	0x19
 2973 1642 A2090000 		.4byte	0x9a2
 2974 1646 54       		.byte	0x54
 2975 1647 19       		.uleb128 0x19
 2976 1648 D1080000 		.4byte	.LASF287
 2977 164c 1A       		.byte	0x1a
 2978 164d 0A02     		.2byte	0x20a
 2979 164f 19       		.byte	0x19
 2980 1650 5E0E0000 		.4byte	0xe5e
 2981 1654 58       		.byte	0x58
 2982 1655 00       		.byte	0
 2983 1656 0A       		.uleb128 0xa
 2984 1657 83160000 		.4byte	.LASF288
 2985 165b 1A       		.byte	0x1a
 2986 165c 0B02     		.2byte	0x20b
 2987 165e 03       		.byte	0x3
 2988 165f 35150000 		.4byte	0x1535
 2989 1663 11       		.uleb128 0x11
 2990 1664 BE190000 		.4byte	.LASF289
 2991 1668 14       		.byte	0x14
 2992 1669 1B       		.byte	0x1b
 2993 166a 48       		.byte	0x48
 2994 166b 08       		.byte	0x8
 2995 166c B2160000 		.4byte	0x16b2
 2996 1670 10       		.uleb128 0x10
 2997 1671 25010000 		.4byte	.LASF290
 2998 1675 1B       		.byte	0x1b
 2999 1676 49       		.byte	0x49
 3000 1677 03       		.byte	0x3
 3001 1678 A4000000 		.4byte	0xa4
 3002 167c 00       		.byte	0
 3003 167d 10       		.uleb128 0x10
 3004 167e 0B100000 		.4byte	.LASF291
 3005 1682 1B       		.byte	0x1b
 3006 1683 49       		.byte	0x49
 3007 1684 03       		.byte	0x3
 3008 1685 D6160000 		.4byte	0x16d6
 3009 1689 04       		.byte	0x4
 3010 168a 10       		.uleb128 0x10
 3011 168b 56010000 		.4byte	.LASF292
 3012 168f 1B       		.byte	0x1b
 3013 1690 49       		.byte	0x49
 3014 1691 03       		.byte	0x3
 3015 1692 F5160000 		.4byte	0x16f5
 3016 1696 08       		.byte	0x8
 3017 1697 12       		.uleb128 0x12
 3018 1698 70757400 		.ascii	"put\000"
 3019 169c 1B       		.byte	0x1b
 3020 169d 49       		.byte	0x49
 3021 169e 03       		.byte	0x3
ARM GAS  /tmp/cckyrRJs.s 			page 54


 3022 169f 0F170000 		.4byte	0x170f
 3023 16a3 0C       		.byte	0xc
 3024 16a4 12       		.uleb128 0x12
 3025 16a5 67657400 		.ascii	"get\000"
 3026 16a9 1B       		.byte	0x1b
 3027 16aa 49       		.byte	0x49
 3028 16ab 03       		.byte	0x3
 3029 16ac 24170000 		.4byte	0x1724
 3030 16b0 10       		.byte	0x10
 3031 16b1 00       		.byte	0
 3032 16b2 05       		.uleb128 0x5
 3033 16b3 63160000 		.4byte	0x1663
 3034 16b7 16       		.uleb128 0x16
 3035 16b8 A4000000 		.4byte	0xa4
 3036 16bc D0160000 		.4byte	0x16d0
 3037 16c0 17       		.uleb128 0x17
 3038 16c1 BC000000 		.4byte	0xbc
 3039 16c5 17       		.uleb128 0x17
 3040 16c6 D0160000 		.4byte	0x16d0
 3041 16ca 17       		.uleb128 0x17
 3042 16cb A4000000 		.4byte	0xa4
 3043 16cf 00       		.byte	0
 3044 16d0 08       		.uleb128 0x8
 3045 16d1 04       		.byte	0x4
 3046 16d2 6F090000 		.4byte	0x96f
 3047 16d6 08       		.uleb128 0x8
 3048 16d7 04       		.byte	0x4
 3049 16d8 B7160000 		.4byte	0x16b7
 3050 16dc 16       		.uleb128 0x16
 3051 16dd A4000000 		.4byte	0xa4
 3052 16e1 F5160000 		.4byte	0x16f5
 3053 16e5 17       		.uleb128 0x17
 3054 16e6 BC000000 		.4byte	0xbc
 3055 16ea 17       		.uleb128 0x17
 3056 16eb F2120000 		.4byte	0x12f2
 3057 16ef 17       		.uleb128 0x17
 3058 16f0 A4000000 		.4byte	0xa4
 3059 16f4 00       		.byte	0
 3060 16f5 08       		.uleb128 0x8
 3061 16f6 04       		.byte	0x4
 3062 16f7 DC160000 		.4byte	0x16dc
 3063 16fb 16       		.uleb128 0x16
 3064 16fc EF090000 		.4byte	0x9ef
 3065 1700 0F170000 		.4byte	0x170f
 3066 1704 17       		.uleb128 0x17
 3067 1705 BC000000 		.4byte	0xbc
 3068 1709 17       		.uleb128 0x17
 3069 170a 63090000 		.4byte	0x963
 3070 170e 00       		.byte	0
 3071 170f 08       		.uleb128 0x8
 3072 1710 04       		.byte	0x4
 3073 1711 FB160000 		.4byte	0x16fb
 3074 1715 16       		.uleb128 0x16
 3075 1716 EF090000 		.4byte	0x9ef
 3076 171a 24170000 		.4byte	0x1724
 3077 171e 17       		.uleb128 0x17
 3078 171f BC000000 		.4byte	0xbc
ARM GAS  /tmp/cckyrRJs.s 			page 55


 3079 1723 00       		.byte	0
 3080 1724 08       		.uleb128 0x8
 3081 1725 04       		.byte	0x4
 3082 1726 15170000 		.4byte	0x1715
 3083 172a 0F       		.uleb128 0xf
 3084 172b 04       		.byte	0x4
 3085 172c 1B       		.byte	0x1b
 3086 172d 53       		.byte	0x53
 3087 172e 09       		.byte	0x9
 3088 172f 41170000 		.4byte	0x1741
 3089 1733 12       		.uleb128 0x12
 3090 1734 766D7400 		.ascii	"vmt\000"
 3091 1738 1B       		.byte	0x1b
 3092 1739 55       		.byte	0x55
 3093 173a 29       		.byte	0x29
 3094 173b 41170000 		.4byte	0x1741
 3095 173f 00       		.byte	0
 3096 1740 00       		.byte	0
 3097 1741 08       		.uleb128 0x8
 3098 1742 04       		.byte	0x4
 3099 1743 B2160000 		.4byte	0x16b2
 3100 1747 03       		.uleb128 0x3
 3101 1748 48020000 		.4byte	.LASF293
 3102 174c 1B       		.byte	0x1b
 3103 174d 57       		.byte	0x57
 3104 174e 03       		.byte	0x3
 3105 174f 2A170000 		.4byte	0x172a
 3106 1753 16       		.uleb128 0x16
 3107 1754 EF090000 		.4byte	0x9ef
 3108 1758 6C170000 		.4byte	0x176c
 3109 175c 17       		.uleb128 0x17
 3110 175d BC000000 		.4byte	0xbc
 3111 1761 17       		.uleb128 0x17
 3112 1762 63090000 		.4byte	0x963
 3113 1766 17       		.uleb128 0x17
 3114 1767 6C0D0000 		.4byte	0xd6c
 3115 176b 00       		.byte	0
 3116 176c 08       		.uleb128 0x8
 3117 176d 04       		.byte	0x4
 3118 176e 53170000 		.4byte	0x1753
 3119 1772 16       		.uleb128 0x16
 3120 1773 EF090000 		.4byte	0x9ef
 3121 1777 86170000 		.4byte	0x1786
 3122 177b 17       		.uleb128 0x17
 3123 177c BC000000 		.4byte	0xbc
 3124 1780 17       		.uleb128 0x17
 3125 1781 6C0D0000 		.4byte	0xd6c
 3126 1785 00       		.byte	0
 3127 1786 08       		.uleb128 0x8
 3128 1787 04       		.byte	0x4
 3129 1788 72170000 		.4byte	0x1772
 3130 178c 16       		.uleb128 0x16
 3131 178d A4000000 		.4byte	0xa4
 3132 1791 AA170000 		.4byte	0x17aa
 3133 1795 17       		.uleb128 0x17
 3134 1796 BC000000 		.4byte	0xbc
 3135 179a 17       		.uleb128 0x17
ARM GAS  /tmp/cckyrRJs.s 			page 56


 3136 179b D0160000 		.4byte	0x16d0
 3137 179f 17       		.uleb128 0x17
 3138 17a0 A4000000 		.4byte	0xa4
 3139 17a4 17       		.uleb128 0x17
 3140 17a5 6C0D0000 		.4byte	0xd6c
 3141 17a9 00       		.byte	0
 3142 17aa 08       		.uleb128 0x8
 3143 17ab 04       		.byte	0x4
 3144 17ac 8C170000 		.4byte	0x178c
 3145 17b0 16       		.uleb128 0x16
 3146 17b1 A4000000 		.4byte	0xa4
 3147 17b5 CE170000 		.4byte	0x17ce
 3148 17b9 17       		.uleb128 0x17
 3149 17ba BC000000 		.4byte	0xbc
 3150 17be 17       		.uleb128 0x17
 3151 17bf F2120000 		.4byte	0x12f2
 3152 17c3 17       		.uleb128 0x17
 3153 17c4 A4000000 		.4byte	0xa4
 3154 17c8 17       		.uleb128 0x17
 3155 17c9 6C0D0000 		.4byte	0xd6c
 3156 17cd 00       		.byte	0
 3157 17ce 08       		.uleb128 0x8
 3158 17cf 04       		.byte	0x4
 3159 17d0 B0170000 		.4byte	0x17b0
 3160 17d4 16       		.uleb128 0x16
 3161 17d5 EF090000 		.4byte	0x9ef
 3162 17d9 ED170000 		.4byte	0x17ed
 3163 17dd 17       		.uleb128 0x17
 3164 17de BC000000 		.4byte	0xbc
 3165 17e2 17       		.uleb128 0x17
 3166 17e3 9D000000 		.4byte	0x9d
 3167 17e7 17       		.uleb128 0x17
 3168 17e8 BC000000 		.4byte	0xbc
 3169 17ec 00       		.byte	0
 3170 17ed 08       		.uleb128 0x8
 3171 17ee 04       		.byte	0x4
 3172 17ef D4170000 		.4byte	0x17d4
 3173 17f3 03       		.uleb128 0x3
 3174 17f4 3D130000 		.4byte	.LASF294
 3175 17f8 1C       		.byte	0x1c
 3176 17f9 3F       		.byte	0x3f
 3177 17fa 21       		.byte	0x21
 3178 17fb FF170000 		.4byte	0x17ff
 3179 17ff 11       		.uleb128 0x11
 3180 1800 B4080000 		.4byte	.LASF295
 3181 1804 38       		.byte	0x38
 3182 1805 1C       		.byte	0x1c
 3183 1806 4B       		.byte	0x4b
 3184 1807 08       		.byte	0x8
 3185 1808 B5180000 		.4byte	0x18b5
 3186 180c 10       		.uleb128 0x10
 3187 180d 78150000 		.4byte	.LASF154
 3188 1811 1C       		.byte	0x1c
 3189 1812 4F       		.byte	0x4f
 3190 1813 19       		.byte	0x19
 3191 1814 6C0B0000 		.4byte	0xb6c
 3192 1818 00       		.byte	0
ARM GAS  /tmp/cckyrRJs.s 			page 57


 3193 1819 10       		.uleb128 0x10
 3194 181a D5170000 		.4byte	.LASF296
 3195 181e 1C       		.byte	0x1c
 3196 181f 53       		.byte	0x53
 3197 1820 19       		.byte	0x19
 3198 1821 A1120000 		.4byte	0x12a1
 3199 1825 08       		.byte	0x8
 3200 1826 10       		.uleb128 0x10
 3201 1827 6C170000 		.4byte	.LASF297
 3202 182b 1C       		.byte	0x1c
 3203 182c 57       		.byte	0x57
 3204 182d 19       		.byte	0x19
 3205 182e B0000000 		.4byte	0xb0
 3206 1832 0C       		.byte	0xc
 3207 1833 10       		.uleb128 0x10
 3208 1834 D6080000 		.4byte	.LASF298
 3209 1838 1C       		.byte	0x1c
 3210 1839 5B       		.byte	0x5b
 3211 183a 1A       		.byte	0x1a
 3212 183b F2120000 		.4byte	0x12f2
 3213 183f 10       		.byte	0x10
 3214 1840 10       		.uleb128 0x10
 3215 1841 7C000000 		.4byte	.LASF299
 3216 1845 1C       		.byte	0x1c
 3217 1846 5F       		.byte	0x5f
 3218 1847 1A       		.byte	0x1a
 3219 1848 F2120000 		.4byte	0x12f2
 3220 184c 14       		.byte	0x14
 3221 184d 10       		.uleb128 0x10
 3222 184e C50E0000 		.4byte	.LASF300
 3223 1852 1C       		.byte	0x1c
 3224 1853 63       		.byte	0x63
 3225 1854 1A       		.byte	0x1a
 3226 1855 F2120000 		.4byte	0x12f2
 3227 1859 18       		.byte	0x18
 3228 185a 10       		.uleb128 0x10
 3229 185b F8040000 		.4byte	.LASF301
 3230 185f 1C       		.byte	0x1c
 3231 1860 6A       		.byte	0x6a
 3232 1861 19       		.byte	0x19
 3233 1862 A4000000 		.4byte	0xa4
 3234 1866 1C       		.byte	0x1c
 3235 1867 12       		.uleb128 0x12
 3236 1868 626E00   		.ascii	"bn\000"
 3237 186b 1C       		.byte	0x1c
 3238 186c 6E       		.byte	0x6e
 3239 186d 19       		.byte	0x19
 3240 186e A4000000 		.4byte	0xa4
 3241 1872 20       		.byte	0x20
 3242 1873 10       		.uleb128 0x10
 3243 1874 39170000 		.4byte	.LASF302
 3244 1878 1C       		.byte	0x1c
 3245 1879 72       		.byte	0x72
 3246 187a 1A       		.byte	0x1a
 3247 187b F2120000 		.4byte	0x12f2
 3248 187f 24       		.byte	0x24
 3249 1880 12       		.uleb128 0x12
ARM GAS  /tmp/cckyrRJs.s 			page 58


 3250 1881 70747200 		.ascii	"ptr\000"
 3251 1885 1C       		.byte	0x1c
 3252 1886 77       		.byte	0x77
 3253 1887 1A       		.byte	0x1a
 3254 1888 F2120000 		.4byte	0x12f2
 3255 188c 28       		.byte	0x28
 3256 188d 12       		.uleb128 0x12
 3257 188e 746F7000 		.ascii	"top\000"
 3258 1892 1C       		.byte	0x1c
 3259 1893 7B       		.byte	0x7b
 3260 1894 1A       		.byte	0x1a
 3261 1895 F2120000 		.4byte	0x12f2
 3262 1899 2C       		.byte	0x2c
 3263 189a 10       		.uleb128 0x10
 3264 189b 250C0000 		.4byte	.LASF303
 3265 189f 1C       		.byte	0x1c
 3266 18a0 7F       		.byte	0x7f
 3267 18a1 19       		.byte	0x19
 3268 18a2 B5180000 		.4byte	0x18b5
 3269 18a6 30       		.byte	0x30
 3270 18a7 10       		.uleb128 0x10
 3271 18a8 7A080000 		.4byte	.LASF304
 3272 18ac 1C       		.byte	0x1c
 3273 18ad 83       		.byte	0x83
 3274 18ae 1A       		.byte	0x1a
 3275 18af BC000000 		.4byte	0xbc
 3276 18b3 34       		.byte	0x34
 3277 18b4 00       		.byte	0
 3278 18b5 03       		.uleb128 0x3
 3279 18b6 A4170000 		.4byte	.LASF305
 3280 18ba 1C       		.byte	0x1c
 3281 18bb 46       		.byte	0x46
 3282 18bc 10       		.byte	0x10
 3283 18bd C1180000 		.4byte	0x18c1
 3284 18c1 08       		.uleb128 0x8
 3285 18c2 04       		.byte	0x4
 3286 18c3 C7180000 		.4byte	0x18c7
 3287 18c7 1F       		.uleb128 0x1f
 3288 18c8 D2180000 		.4byte	0x18d2
 3289 18cc 17       		.uleb128 0x17
 3290 18cd D2180000 		.4byte	0x18d2
 3291 18d1 00       		.byte	0
 3292 18d2 08       		.uleb128 0x8
 3293 18d3 04       		.byte	0x4
 3294 18d4 F3170000 		.4byte	0x17f3
 3295 18d8 03       		.uleb128 0x3
 3296 18d9 1F060000 		.4byte	.LASF306
 3297 18dd 1C       		.byte	0x1c
 3298 18de 89       		.byte	0x89
 3299 18df 1C       		.byte	0x1c
 3300 18e0 F3170000 		.4byte	0x17f3
 3301 18e4 03       		.uleb128 0x3
 3302 18e5 56090000 		.4byte	.LASF307
 3303 18e9 1C       		.byte	0x1c
 3304 18ea 8E       		.byte	0x8e
 3305 18eb 1C       		.byte	0x1c
 3306 18ec F3170000 		.4byte	0x17f3
ARM GAS  /tmp/cckyrRJs.s 			page 59


 3307 18f0 03       		.uleb128 0x3
 3308 18f1 A5110000 		.4byte	.LASF308
 3309 18f5 1D       		.byte	0x1d
 3310 18f6 94       		.byte	0x94
 3311 18f7 10       		.byte	0x10
 3312 18f8 0D0C0000 		.4byte	0xc0d
 3313 18fc 0F       		.uleb128 0xf
 3314 18fd 08       		.byte	0x8
 3315 18fe 1D       		.byte	0x1d
 3316 18ff 9A       		.byte	0x9a
 3317 1900 09       		.byte	0x9
 3318 1901 1F190000 		.4byte	0x191f
 3319 1905 12       		.uleb128 0x12
 3320 1906 636200   		.ascii	"cb\000"
 3321 1909 1D       		.byte	0x1d
 3322 190a A5       		.byte	0xa5
 3323 190b 19       		.byte	0x19
 3324 190c F0180000 		.4byte	0x18f0
 3325 1910 00       		.byte	0
 3326 1911 12       		.uleb128 0x12
 3327 1912 61726700 		.ascii	"arg\000"
 3328 1916 1D       		.byte	0x1d
 3329 1917 A9       		.byte	0xa9
 3330 1918 1A       		.byte	0x1a
 3331 1919 BC000000 		.4byte	0xbc
 3332 191d 04       		.byte	0x4
 3333 191e 00       		.byte	0
 3334 191f 03       		.uleb128 0x3
 3335 1920 14060000 		.4byte	.LASF309
 3336 1924 1D       		.byte	0x1d
 3337 1925 AB       		.byte	0xab
 3338 1926 03       		.byte	0x3
 3339 1927 FC180000 		.4byte	0x18fc
 3340 192b 0F       		.uleb128 0xf
 3341 192c 04       		.byte	0x4
 3342 192d 1E       		.byte	0x1e
 3343 192e 5B       		.byte	0x5b
 3344 192f 05       		.byte	0x5
 3345 1930 4F190000 		.4byte	0x194f
 3346 1934 12       		.uleb128 0x12
 3347 1935 73657400 		.ascii	"set\000"
 3348 1939 1E       		.byte	0x1e
 3349 193a 5C       		.byte	0x5c
 3350 193b 19       		.byte	0x19
 3351 193c 74090000 		.4byte	0x974
 3352 1940 00       		.byte	0
 3353 1941 10       		.uleb128 0x10
 3354 1942 0F160000 		.4byte	.LASF310
 3355 1946 1E       		.byte	0x1e
 3356 1947 5D       		.byte	0x5d
 3357 1948 19       		.byte	0x19
 3358 1949 74090000 		.4byte	0x974
 3359 194d 02       		.byte	0x2
 3360 194e 00       		.byte	0
 3361 194f 0B       		.uleb128 0xb
 3362 1950 04       		.byte	0x4
 3363 1951 1E       		.byte	0x1e
ARM GAS  /tmp/cckyrRJs.s 			page 60


 3364 1952 59       		.byte	0x59
 3365 1953 0C       		.byte	0xc
 3366 1954 6D190000 		.4byte	0x196d
 3367 1958 25       		.uleb128 0x25
 3368 1959 5700     		.ascii	"W\000"
 3369 195b 1E       		.byte	0x1e
 3370 195c 5A       		.byte	0x5a
 3371 195d 19       		.byte	0x19
 3372 195e 96090000 		.4byte	0x996
 3373 1962 25       		.uleb128 0x25
 3374 1963 4800     		.ascii	"H\000"
 3375 1965 1E       		.byte	0x1e
 3376 1966 5E       		.byte	0x5e
 3377 1967 07       		.byte	0x7
 3378 1968 2B190000 		.4byte	0x192b
 3379 196c 00       		.byte	0
 3380 196d 06       		.uleb128 0x6
 3381 196e 4F190000 		.4byte	0x194f
 3382 1972 0F       		.uleb128 0xf
 3383 1973 28       		.byte	0x28
 3384 1974 1E       		.byte	0x1e
 3385 1975 51       		.byte	0x51
 3386 1976 09       		.byte	0x9
 3387 1977 FE190000 		.4byte	0x19fe
 3388 197b 10       		.uleb128 0x10
 3389 197c 15160000 		.4byte	.LASF311
 3390 1980 1E       		.byte	0x1e
 3391 1981 53       		.byte	0x53
 3392 1982 19       		.byte	0x19
 3393 1983 A2090000 		.4byte	0x9a2
 3394 1987 00       		.byte	0
 3395 1988 10       		.uleb128 0x10
 3396 1989 D0020000 		.4byte	.LASF312
 3397 198d 1E       		.byte	0x1e
 3398 198e 54       		.byte	0x54
 3399 198f 19       		.byte	0x19
 3400 1990 A2090000 		.4byte	0x9a2
 3401 1994 04       		.byte	0x4
 3402 1995 10       		.uleb128 0x10
 3403 1996 DA090000 		.4byte	.LASF313
 3404 199a 1E       		.byte	0x1e
 3405 199b 55       		.byte	0x55
 3406 199c 19       		.byte	0x19
 3407 199d A2090000 		.4byte	0x9a2
 3408 19a1 08       		.byte	0x8
 3409 19a2 10       		.uleb128 0x10
 3410 19a3 98150000 		.4byte	.LASF314
 3411 19a7 1E       		.byte	0x1e
 3412 19a8 56       		.byte	0x56
 3413 19a9 19       		.byte	0x19
 3414 19aa A2090000 		.4byte	0x9a2
 3415 19ae 0C       		.byte	0xc
 3416 19af 12       		.uleb128 0x12
 3417 19b0 49445200 		.ascii	"IDR\000"
 3418 19b4 1E       		.byte	0x1e
 3419 19b5 57       		.byte	0x57
 3420 19b6 19       		.byte	0x19
ARM GAS  /tmp/cckyrRJs.s 			page 61


 3421 19b7 A2090000 		.4byte	0x9a2
 3422 19bb 10       		.byte	0x10
 3423 19bc 12       		.uleb128 0x12
 3424 19bd 4F445200 		.ascii	"ODR\000"
 3425 19c1 1E       		.byte	0x1e
 3426 19c2 58       		.byte	0x58
 3427 19c3 19       		.byte	0x19
 3428 19c4 A2090000 		.4byte	0x9a2
 3429 19c8 14       		.byte	0x14
 3430 19c9 10       		.uleb128 0x10
 3431 19ca 500C0000 		.4byte	.LASF315
 3432 19ce 1E       		.byte	0x1e
 3433 19cf 5F       		.byte	0x5f
 3434 19d0 05       		.byte	0x5
 3435 19d1 6D190000 		.4byte	0x196d
 3436 19d5 18       		.byte	0x18
 3437 19d6 10       		.uleb128 0x10
 3438 19d7 CC0C0000 		.4byte	.LASF316
 3439 19db 1E       		.byte	0x1e
 3440 19dc 60       		.byte	0x60
 3441 19dd 19       		.byte	0x19
 3442 19de A2090000 		.4byte	0x9a2
 3443 19e2 1C       		.byte	0x1c
 3444 19e3 10       		.uleb128 0x10
 3445 19e4 AA130000 		.4byte	.LASF317
 3446 19e8 1E       		.byte	0x1e
 3447 19e9 61       		.byte	0x61
 3448 19ea 19       		.byte	0x19
 3449 19eb A2090000 		.4byte	0x9a2
 3450 19ef 20       		.byte	0x20
 3451 19f0 10       		.uleb128 0x10
 3452 19f1 A5130000 		.4byte	.LASF318
 3453 19f5 1E       		.byte	0x1e
 3454 19f6 62       		.byte	0x62
 3455 19f7 19       		.byte	0x19
 3456 19f8 A2090000 		.4byte	0x9a2
 3457 19fc 24       		.byte	0x24
 3458 19fd 00       		.byte	0
 3459 19fe 03       		.uleb128 0x3
 3460 19ff B70A0000 		.4byte	.LASF319
 3461 1a03 1E       		.byte	0x1e
 3462 1a04 63       		.byte	0x63
 3463 1a05 03       		.byte	0x3
 3464 1a06 72190000 		.4byte	0x1972
 3465 1a0a 03       		.uleb128 0x3
 3466 1a0b D50D0000 		.4byte	.LASF320
 3467 1a0f 1F       		.byte	0x1f
 3468 1a10 C2       		.byte	0xc2
 3469 1a11 12       		.byte	0x12
 3470 1a12 96090000 		.4byte	0x996
 3471 1a16 03       		.uleb128 0x3
 3472 1a17 69150000 		.4byte	.LASF321
 3473 1a1b 1F       		.byte	0x1f
 3474 1a1c CC       		.byte	0xcc
 3475 1a1d 12       		.byte	0x12
 3476 1a1e 96090000 		.4byte	0x996
 3477 1a22 0D       		.uleb128 0xd
ARM GAS  /tmp/cckyrRJs.s 			page 62


 3478 1a23 1F190000 		.4byte	0x191f
 3479 1a27 321A0000 		.4byte	0x1a32
 3480 1a2b 0E       		.uleb128 0xe
 3481 1a2c 9D000000 		.4byte	0x9d
 3482 1a30 0F       		.byte	0xf
 3483 1a31 00       		.byte	0
 3484 1a32 20       		.uleb128 0x20
 3485 1a33 56150000 		.4byte	.LASF322
 3486 1a37 1F       		.byte	0x1f
 3487 1a38 EB01     		.2byte	0x1eb
 3488 1a3a 13       		.byte	0x13
 3489 1a3b 221A0000 		.4byte	0x1a22
 3490 1a3f 26       		.uleb128 0x26
 3491 1a40 07       		.byte	0x7
 3492 1a41 01       		.byte	0x1
 3493 1a42 30000000 		.4byte	0x30
 3494 1a46 20       		.byte	0x20
 3495 1a47 31       		.byte	0x31
 3496 1a48 0E       		.byte	0xe
 3497 1a49 6C1A0000 		.4byte	0x1a6c
 3498 1a4d 27       		.uleb128 0x27
 3499 1a4e CB130000 		.4byte	.LASF323
 3500 1a52 00       		.byte	0
 3501 1a53 27       		.uleb128 0x27
 3502 1a54 E2150000 		.4byte	.LASF324
 3503 1a58 01       		.byte	0x1
 3504 1a59 27       		.uleb128 0x27
 3505 1a5a E3030000 		.4byte	.LASF325
 3506 1a5e 02       		.byte	0x2
 3507 1a5f 27       		.uleb128 0x27
 3508 1a60 770D0000 		.4byte	.LASF326
 3509 1a64 03       		.byte	0x3
 3510 1a65 27       		.uleb128 0x27
 3511 1a66 5D140000 		.4byte	.LASF327
 3512 1a6a 04       		.byte	0x4
 3513 1a6b 00       		.byte	0
 3514 1a6c 03       		.uleb128 0x3
 3515 1a6d 17170000 		.4byte	.LASF328
 3516 1a71 20       		.byte	0x20
 3517 1a72 37       		.byte	0x37
 3518 1a73 03       		.byte	0x3
 3519 1a74 3F1A0000 		.4byte	0x1a3f
 3520 1a78 03       		.uleb128 0x3
 3521 1a79 DA100000 		.4byte	.LASF329
 3522 1a7d 20       		.byte	0x20
 3523 1a7e 3C       		.byte	0x3c
 3524 1a7f 1A       		.byte	0x1a
 3525 1a80 841A0000 		.4byte	0x1a84
 3526 1a84 1B       		.uleb128 0x1b
 3527 1a85 DA100000 		.4byte	.LASF329
 3528 1a89 18       		.byte	0x18
 3529 1a8a 21       		.byte	0x21
 3530 1a8b 2803     		.2byte	0x328
 3531 1a8d 08       		.byte	0x8
 3532 1a8e E71A0000 		.4byte	0x1ae7
 3533 1a92 19       		.uleb128 0x19
 3534 1a93 970E0000 		.4byte	.LASF151
ARM GAS  /tmp/cckyrRJs.s 			page 63


 3535 1a97 21       		.byte	0x21
 3536 1a98 2C03     		.2byte	0x32c
 3537 1a9a 1D       		.byte	0x1d
 3538 1a9b 6C1A0000 		.4byte	0x1a6c
 3539 1a9f 00       		.byte	0
 3540 1aa0 19       		.uleb128 0x19
 3541 1aa1 02140000 		.4byte	.LASF330
 3542 1aa5 21       		.byte	0x21
 3543 1aa6 3003     		.2byte	0x330
 3544 1aa8 1E       		.byte	0x1e
 3545 1aa9 031C0000 		.4byte	0x1c03
 3546 1aad 04       		.byte	0x4
 3547 1aae 19       		.uleb128 0x19
 3548 1aaf C5080000 		.4byte	.LASF331
 3549 1ab3 21       		.byte	0x21
 3550 1ab4 3803     		.2byte	0x338
 3551 1ab6 1D       		.byte	0x1d
 3552 1ab7 96090000 		.4byte	0x996
 3553 1abb 08       		.byte	0x8
 3554 1abc 21       		.uleb128 0x21
 3555 1abd 74696D00 		.ascii	"tim\000"
 3556 1ac1 21       		.byte	0x21
 3557 1ac2 3C03     		.2byte	0x33c
 3558 1ac4 1E       		.byte	0x1e
 3559 1ac5 091C0000 		.4byte	0x1c09
 3560 1ac9 0C       		.byte	0xc
 3561 1aca 19       		.uleb128 0x19
 3562 1acb B3150000 		.4byte	.LASF332
 3563 1acf 21       		.byte	0x21
 3564 1ad0 4003     		.2byte	0x340
 3565 1ad2 1E       		.byte	0x1e
 3566 1ad3 FB140000 		.4byte	0x14fb
 3567 1ad7 10       		.byte	0x10
 3568 1ad8 19       		.uleb128 0x19
 3569 1ad9 0C040000 		.4byte	.LASF333
 3570 1add 21       		.byte	0x21
 3571 1ade 4403     		.2byte	0x344
 3572 1ae0 1E       		.byte	0x1e
 3573 1ae1 FB140000 		.4byte	0x14fb
 3574 1ae5 14       		.byte	0x14
 3575 1ae6 00       		.byte	0
 3576 1ae7 03       		.uleb128 0x3
 3577 1ae8 C3110000 		.4byte	.LASF334
 3578 1aec 20       		.byte	0x20
 3579 1aed 43       		.byte	0x43
 3580 1aee 10       		.byte	0x10
 3581 1aef F31A0000 		.4byte	0x1af3
 3582 1af3 08       		.uleb128 0x8
 3583 1af4 04       		.byte	0x4
 3584 1af5 F91A0000 		.4byte	0x1af9
 3585 1af9 1F       		.uleb128 0x1f
 3586 1afa 041B0000 		.4byte	0x1b04
 3587 1afe 17       		.uleb128 0x17
 3588 1aff 041B0000 		.4byte	0x1b04
 3589 1b03 00       		.byte	0
 3590 1b04 08       		.uleb128 0x8
 3591 1b05 04       		.byte	0x4
ARM GAS  /tmp/cckyrRJs.s 			page 64


 3592 1b06 781A0000 		.4byte	0x1a78
 3593 1b0a 28       		.uleb128 0x28
 3594 1b0b 07       		.byte	0x7
 3595 1b0c 01       		.byte	0x1
 3596 1b0d 30000000 		.4byte	0x30
 3597 1b11 21       		.byte	0x21
 3598 1b12 E002     		.2byte	0x2e0
 3599 1b14 0E       		.byte	0xe
 3600 1b15 261B0000 		.4byte	0x1b26
 3601 1b19 27       		.uleb128 0x27
 3602 1b1a EA050000 		.4byte	.LASF335
 3603 1b1e 00       		.byte	0
 3604 1b1f 27       		.uleb128 0x27
 3605 1b20 F0120000 		.4byte	.LASF336
 3606 1b24 01       		.byte	0x1
 3607 1b25 00       		.byte	0
 3608 1b26 0A       		.uleb128 0xa
 3609 1b27 E2180000 		.4byte	.LASF337
 3610 1b2b 21       		.byte	0x21
 3611 1b2c E302     		.2byte	0x2e3
 3612 1b2e 03       		.byte	0x3
 3613 1b2f 0A1B0000 		.4byte	0x1b0a
 3614 1b33 0A       		.uleb128 0xa
 3615 1b34 50130000 		.4byte	.LASF338
 3616 1b38 21       		.byte	0x21
 3617 1b39 E802     		.2byte	0x2e8
 3618 1b3b 12       		.byte	0x12
 3619 1b3c 96090000 		.4byte	0x996
 3620 1b40 28       		.uleb128 0x28
 3621 1b41 07       		.byte	0x7
 3622 1b42 01       		.byte	0x1
 3623 1b43 30000000 		.4byte	0x30
 3624 1b47 21       		.byte	0x21
 3625 1b48 ED02     		.2byte	0x2ed
 3626 1b4a 0E       		.byte	0xe
 3627 1b4b 5C1B0000 		.4byte	0x1b5c
 3628 1b4f 27       		.uleb128 0x27
 3629 1b50 AE140000 		.4byte	.LASF339
 3630 1b54 00       		.byte	0
 3631 1b55 27       		.uleb128 0x27
 3632 1b56 AF160000 		.4byte	.LASF340
 3633 1b5a 01       		.byte	0x1
 3634 1b5b 00       		.byte	0
 3635 1b5c 0A       		.uleb128 0xa
 3636 1b5d 46040000 		.4byte	.LASF341
 3637 1b61 21       		.byte	0x21
 3638 1b62 F002     		.2byte	0x2f0
 3639 1b64 03       		.byte	0x3
 3640 1b65 401B0000 		.4byte	0x1b40
 3641 1b69 0A       		.uleb128 0xa
 3642 1b6a 380D0000 		.4byte	.LASF342
 3643 1b6e 21       		.byte	0x21
 3644 1b6f F502     		.2byte	0x2f5
 3645 1b71 12       		.byte	0x12
 3646 1b72 96090000 		.4byte	0x996
 3647 1b76 1C       		.uleb128 0x1c
 3648 1b77 20       		.byte	0x20
ARM GAS  /tmp/cckyrRJs.s 			page 65


 3649 1b78 21       		.byte	0x21
 3650 1b79 FB02     		.2byte	0x2fb
 3651 1b7b 09       		.byte	0x9
 3652 1b7c F11B0000 		.4byte	0x1bf1
 3653 1b80 19       		.uleb128 0x19
 3654 1b81 D5050000 		.4byte	.LASF343
 3655 1b85 21       		.byte	0x21
 3656 1b86 FF02     		.2byte	0x2ff
 3657 1b88 1D       		.byte	0x1d
 3658 1b89 261B0000 		.4byte	0x1b26
 3659 1b8d 00       		.byte	0
 3660 1b8e 19       		.uleb128 0x19
 3661 1b8f 161A0000 		.4byte	.LASF344
 3662 1b93 21       		.byte	0x21
 3663 1b94 0503     		.2byte	0x305
 3664 1b96 1D       		.byte	0x1d
 3665 1b97 331B0000 		.4byte	0x1b33
 3666 1b9b 04       		.byte	0x4
 3667 1b9c 19       		.uleb128 0x19
 3668 1b9d C30C0000 		.4byte	.LASF345
 3669 1ba1 21       		.byte	0x21
 3670 1ba2 0903     		.2byte	0x309
 3671 1ba4 1D       		.byte	0x1d
 3672 1ba5 E71A0000 		.4byte	0x1ae7
 3673 1ba9 08       		.byte	0x8
 3674 1baa 19       		.uleb128 0x19
 3675 1bab 4B0B0000 		.4byte	.LASF346
 3676 1baf 21       		.byte	0x21
 3677 1bb0 0D03     		.2byte	0x30d
 3678 1bb2 1D       		.byte	0x1d
 3679 1bb3 E71A0000 		.4byte	0x1ae7
 3680 1bb7 0C       		.byte	0xc
 3681 1bb8 19       		.uleb128 0x19
 3682 1bb9 2D070000 		.4byte	.LASF347
 3683 1bbd 21       		.byte	0x21
 3684 1bbe 1103     		.2byte	0x311
 3685 1bc0 1D       		.byte	0x1d
 3686 1bc1 E71A0000 		.4byte	0x1ae7
 3687 1bc5 10       		.byte	0x10
 3688 1bc6 19       		.uleb128 0x19
 3689 1bc7 BE0B0000 		.4byte	.LASF348
 3690 1bcb 21       		.byte	0x21
 3691 1bcc 1703     		.2byte	0x317
 3692 1bce 1D       		.byte	0x1d
 3693 1bcf 5C1B0000 		.4byte	0x1b5c
 3694 1bd3 14       		.byte	0x14
 3695 1bd4 19       		.uleb128 0x19
 3696 1bd5 5E080000 		.4byte	.LASF349
 3697 1bd9 21       		.byte	0x21
 3698 1bda 1D03     		.2byte	0x31d
 3699 1bdc 1D       		.byte	0x1d
 3700 1bdd 96090000 		.4byte	0x996
 3701 1be1 18       		.byte	0x18
 3702 1be2 21       		.uleb128 0x21
 3703 1be3 61727200 		.ascii	"arr\000"
 3704 1be7 21       		.byte	0x21
 3705 1be8 2203     		.2byte	0x322
ARM GAS  /tmp/cckyrRJs.s 			page 66


 3706 1bea 1D       		.byte	0x1d
 3707 1beb 96090000 		.4byte	0x996
 3708 1bef 1C       		.byte	0x1c
 3709 1bf0 00       		.byte	0
 3710 1bf1 0A       		.uleb128 0xa
 3711 1bf2 E4100000 		.4byte	.LASF350
 3712 1bf6 21       		.byte	0x21
 3713 1bf7 2303     		.2byte	0x323
 3714 1bf9 03       		.byte	0x3
 3715 1bfa 761B0000 		.4byte	0x1b76
 3716 1bfe 05       		.uleb128 0x5
 3717 1bff F11B0000 		.4byte	0x1bf1
 3718 1c03 08       		.uleb128 0x8
 3719 1c04 04       		.byte	0x4
 3720 1c05 FE1B0000 		.4byte	0x1bfe
 3721 1c09 08       		.uleb128 0x8
 3722 1c0a 04       		.byte	0x4
 3723 1c0b 56160000 		.4byte	0x1656
 3724 1c0f 20       		.uleb128 0x20
 3725 1c10 F1090000 		.4byte	.LASF351
 3726 1c14 21       		.byte	0x21
 3727 1c15 7503     		.2byte	0x375
 3728 1c17 12       		.byte	0x12
 3729 1c18 781A0000 		.4byte	0x1a78
 3730 1c1c 20       		.uleb128 0x20
 3731 1c1d 9C160000 		.4byte	.LASF352
 3732 1c21 21       		.byte	0x21
 3733 1c22 7903     		.2byte	0x379
 3734 1c24 12       		.byte	0x12
 3735 1c25 781A0000 		.4byte	0x1a78
 3736 1c29 26       		.uleb128 0x26
 3737 1c2a 07       		.byte	0x7
 3738 1c2b 01       		.byte	0x1
 3739 1c2c 30000000 		.4byte	0x30
 3740 1c30 22       		.byte	0x22
 3741 1c31 59       		.byte	0x59
 3742 1c32 0E       		.byte	0xe
 3743 1c33 4A1C0000 		.4byte	0x1c4a
 3744 1c37 27       		.uleb128 0x27
 3745 1c38 F9070000 		.4byte	.LASF353
 3746 1c3c 00       		.byte	0
 3747 1c3d 27       		.uleb128 0x27
 3748 1c3e 53140000 		.4byte	.LASF354
 3749 1c42 01       		.byte	0x1
 3750 1c43 27       		.uleb128 0x27
 3751 1c44 6C1A0000 		.4byte	.LASF355
 3752 1c48 02       		.byte	0x2
 3753 1c49 00       		.byte	0
 3754 1c4a 03       		.uleb128 0x3
 3755 1c4b F20F0000 		.4byte	.LASF356
 3756 1c4f 22       		.byte	0x22
 3757 1c50 5D       		.byte	0x5d
 3758 1c51 03       		.byte	0x3
 3759 1c52 291C0000 		.4byte	0x1c29
 3760 1c56 26       		.uleb128 0x26
 3761 1c57 07       		.byte	0x7
 3762 1c58 01       		.byte	0x1
ARM GAS  /tmp/cckyrRJs.s 			page 67


 3763 1c59 30000000 		.4byte	0x30
 3764 1c5d 22       		.byte	0x22
 3765 1c5e 62       		.byte	0x62
 3766 1c5f 0E       		.byte	0xe
 3767 1c60 771C0000 		.4byte	0x1c77
 3768 1c64 27       		.uleb128 0x27
 3769 1c65 49000000 		.4byte	.LASF357
 3770 1c69 00       		.byte	0
 3771 1c6a 27       		.uleb128 0x27
 3772 1c6b 1E070000 		.4byte	.LASF358
 3773 1c6f 01       		.byte	0x1
 3774 1c70 27       		.uleb128 0x27
 3775 1c71 691B0000 		.4byte	.LASF359
 3776 1c75 02       		.byte	0x2
 3777 1c76 00       		.byte	0
 3778 1c77 03       		.uleb128 0x3
 3779 1c78 42180000 		.4byte	.LASF360
 3780 1c7c 22       		.byte	0x22
 3781 1c7d 66       		.byte	0x66
 3782 1c7e 03       		.byte	0x3
 3783 1c7f 561C0000 		.4byte	0x1c56
 3784 1c83 26       		.uleb128 0x26
 3785 1c84 07       		.byte	0x7
 3786 1c85 01       		.byte	0x1
 3787 1c86 30000000 		.4byte	0x30
 3788 1c8a 22       		.byte	0x22
 3789 1c8b 6B       		.byte	0x6b
 3790 1c8c 0E       		.byte	0xe
 3791 1c8d A41C0000 		.4byte	0x1ca4
 3792 1c91 27       		.uleb128 0x27
 3793 1c92 EB0E0000 		.4byte	.LASF361
 3794 1c96 00       		.byte	0
 3795 1c97 27       		.uleb128 0x27
 3796 1c98 08070000 		.4byte	.LASF362
 3797 1c9c 01       		.byte	0x1
 3798 1c9d 27       		.uleb128 0x27
 3799 1c9e 12110000 		.4byte	.LASF363
 3800 1ca2 02       		.byte	0x2
 3801 1ca3 00       		.byte	0
 3802 1ca4 03       		.uleb128 0x3
 3803 1ca5 15180000 		.4byte	.LASF364
 3804 1ca9 22       		.byte	0x22
 3805 1caa 6F       		.byte	0x6f
 3806 1cab 03       		.byte	0x3
 3807 1cac 831C0000 		.4byte	0x1c83
 3808 1cb0 0A       		.uleb128 0xa
 3809 1cb1 29140000 		.4byte	.LASF365
 3810 1cb5 23       		.byte	0x23
 3811 1cb6 2602     		.2byte	0x226
 3812 1cb8 12       		.byte	0x12
 3813 1cb9 96090000 		.4byte	0x996
 3814 1cbd 0A       		.uleb128 0xa
 3815 1cbe 450C0000 		.4byte	.LASF366
 3816 1cc2 23       		.byte	0x23
 3817 1cc3 2B02     		.2byte	0x22b
 3818 1cc5 1B       		.byte	0x1b
 3819 1cc6 CA1C0000 		.4byte	0x1cca
ARM GAS  /tmp/cckyrRJs.s 			page 68


 3820 1cca 1B       		.uleb128 0x1b
 3821 1ccb 450C0000 		.4byte	.LASF366
 3822 1ccf 20       		.byte	0x20
 3823 1cd0 23       		.byte	0x23
 3824 1cd1 7902     		.2byte	0x279
 3825 1cd3 08       		.byte	0x8
 3826 1cd4 651D0000 		.4byte	0x1d65
 3827 1cd8 19       		.uleb128 0x19
 3828 1cd9 970E0000 		.4byte	.LASF151
 3829 1cdd 23       		.byte	0x23
 3830 1cde 7D02     		.2byte	0x27d
 3831 1ce0 1D       		.byte	0x1d
 3832 1ce1 4A1C0000 		.4byte	0x1c4a
 3833 1ce5 00       		.byte	0
 3834 1ce6 19       		.uleb128 0x19
 3835 1ce7 311B0000 		.4byte	.LASF367
 3836 1ceb 23       		.byte	0x23
 3837 1cec 8102     		.2byte	0x281
 3838 1cee 1D       		.byte	0x1d
 3839 1cef 771C0000 		.4byte	0x1c77
 3840 1cf3 01       		.byte	0x1
 3841 1cf4 19       		.uleb128 0x19
 3842 1cf5 5F0E0000 		.4byte	.LASF368
 3843 1cf9 23       		.byte	0x23
 3844 1cfa 8502     		.2byte	0x285
 3845 1cfc 1D       		.byte	0x1d
 3846 1cfd A41C0000 		.4byte	0x1ca4
 3847 1d01 02       		.byte	0x2
 3848 1d02 19       		.uleb128 0x19
 3849 1d03 02140000 		.4byte	.LASF330
 3850 1d07 23       		.byte	0x23
 3851 1d08 8902     		.2byte	0x289
 3852 1d0a 1E       		.byte	0x1e
 3853 1d0b 781E0000 		.4byte	0x1e78
 3854 1d0f 04       		.byte	0x4
 3855 1d10 19       		.uleb128 0x19
 3856 1d11 8F110000 		.4byte	.LASF369
 3857 1d15 23       		.byte	0x23
 3858 1d16 A502     		.2byte	0x2a5
 3859 1d18 1E       		.byte	0x1e
 3860 1d19 7E1E0000 		.4byte	0x1e7e
 3861 1d1d 08       		.byte	0x8
 3862 1d1e 19       		.uleb128 0x19
 3863 1d1f 270B0000 		.4byte	.LASF370
 3864 1d23 23       		.byte	0x23
 3865 1d24 A902     		.2byte	0x2a9
 3866 1d26 1D       		.byte	0x1d
 3867 1d27 96090000 		.4byte	0x996
 3868 1d2b 0C       		.byte	0xc
 3869 1d2c 19       		.uleb128 0x19
 3870 1d2d DB160000 		.4byte	.LASF371
 3871 1d31 23       		.byte	0x23
 3872 1d32 AD02     		.2byte	0x2ad
 3873 1d34 1D       		.byte	0x1d
 3874 1d35 96090000 		.4byte	0x996
 3875 1d39 10       		.byte	0x10
 3876 1d3a 19       		.uleb128 0x19
ARM GAS  /tmp/cckyrRJs.s 			page 69


 3877 1d3b AC000000 		.4byte	.LASF372
 3878 1d3f 23       		.byte	0x23
 3879 1d40 B102     		.2byte	0x2b1
 3880 1d42 1E       		.byte	0x1e
 3881 1d43 841E0000 		.4byte	0x1e84
 3882 1d47 14       		.byte	0x14
 3883 1d48 19       		.uleb128 0x19
 3884 1d49 7A010000 		.4byte	.LASF373
 3885 1d4d 23       		.byte	0x23
 3886 1d4e B502     		.2byte	0x2b5
 3887 1d50 1E       		.byte	0x1e
 3888 1d51 841E0000 		.4byte	0x1e84
 3889 1d55 18       		.byte	0x18
 3890 1d56 19       		.uleb128 0x19
 3891 1d57 B0070000 		.4byte	.LASF374
 3892 1d5b 23       		.byte	0x23
 3893 1d5c B902     		.2byte	0x2b9
 3894 1d5e 1D       		.byte	0x1d
 3895 1d5f 80090000 		.4byte	0x980
 3896 1d63 1C       		.byte	0x1c
 3897 1d64 00       		.byte	0
 3898 1d65 0A       		.uleb128 0xa
 3899 1d66 09110000 		.4byte	.LASF375
 3900 1d6a 23       		.byte	0x23
 3901 1d6b 3202     		.2byte	0x232
 3902 1d6d 10       		.byte	0x10
 3903 1d6e 721D0000 		.4byte	0x1d72
 3904 1d72 08       		.uleb128 0x8
 3905 1d73 04       		.byte	0x4
 3906 1d74 781D0000 		.4byte	0x1d78
 3907 1d78 1F       		.uleb128 0x1f
 3908 1d79 831D0000 		.4byte	0x1d83
 3909 1d7d 17       		.uleb128 0x17
 3910 1d7e 831D0000 		.4byte	0x1d83
 3911 1d82 00       		.byte	0
 3912 1d83 08       		.uleb128 0x8
 3913 1d84 04       		.byte	0x4
 3914 1d85 BD1C0000 		.4byte	0x1cbd
 3915 1d89 0A       		.uleb128 0xa
 3916 1d8a E70C0000 		.4byte	.LASF376
 3917 1d8e 23       		.byte	0x23
 3918 1d8f 3A02     		.2byte	0x23a
 3919 1d91 10       		.byte	0x10
 3920 1d92 961D0000 		.4byte	0x1d96
 3921 1d96 08       		.uleb128 0x8
 3922 1d97 04       		.byte	0x4
 3923 1d98 9C1D0000 		.4byte	0x1d9c
 3924 1d9c 1F       		.uleb128 0x1f
 3925 1d9d AC1D0000 		.4byte	0x1dac
 3926 1da1 17       		.uleb128 0x17
 3927 1da2 831D0000 		.4byte	0x1d83
 3928 1da6 17       		.uleb128 0x17
 3929 1da7 74090000 		.4byte	0x974
 3930 1dab 00       		.byte	0
 3931 1dac 0A       		.uleb128 0xa
 3932 1dad 5F030000 		.4byte	.LASF377
 3933 1db1 23       		.byte	0x23
ARM GAS  /tmp/cckyrRJs.s 			page 70


 3934 1db2 4202     		.2byte	0x242
 3935 1db4 10       		.byte	0x10
 3936 1db5 B91D0000 		.4byte	0x1db9
 3937 1db9 08       		.uleb128 0x8
 3938 1dba 04       		.byte	0x4
 3939 1dbb BF1D0000 		.4byte	0x1dbf
 3940 1dbf 1F       		.uleb128 0x1f
 3941 1dc0 CF1D0000 		.4byte	0x1dcf
 3942 1dc4 17       		.uleb128 0x17
 3943 1dc5 831D0000 		.4byte	0x1d83
 3944 1dc9 17       		.uleb128 0x17
 3945 1dca B01C0000 		.4byte	0x1cb0
 3946 1dce 00       		.byte	0
 3947 1dcf 1C       		.uleb128 0x1c
 3948 1dd0 24       		.byte	0x24
 3949 1dd1 23       		.byte	0x23
 3950 1dd2 4802     		.2byte	0x248
 3951 1dd4 09       		.byte	0x9
 3952 1dd5 661E0000 		.4byte	0x1e66
 3953 1dd9 19       		.uleb128 0x19
 3954 1dda 9A0C0000 		.4byte	.LASF378
 3955 1dde 23       		.byte	0x23
 3956 1ddf 4C02     		.2byte	0x24c
 3957 1de1 1D       		.byte	0x1d
 3958 1de2 651D0000 		.4byte	0x1d65
 3959 1de6 00       		.byte	0
 3960 1de7 19       		.uleb128 0x19
 3961 1de8 8E150000 		.4byte	.LASF379
 3962 1dec 23       		.byte	0x23
 3963 1ded 5002     		.2byte	0x250
 3964 1def 1D       		.byte	0x1d
 3965 1df0 651D0000 		.4byte	0x1d65
 3966 1df4 04       		.byte	0x4
 3967 1df5 19       		.uleb128 0x19
 3968 1df6 68140000 		.4byte	.LASF380
 3969 1dfa 23       		.byte	0x23
 3970 1dfb 5402     		.2byte	0x254
 3971 1dfd 1D       		.byte	0x1d
 3972 1dfe 651D0000 		.4byte	0x1d65
 3973 1e02 08       		.byte	0x8
 3974 1e03 19       		.uleb128 0x19
 3975 1e04 B90C0000 		.4byte	.LASF381
 3976 1e08 23       		.byte	0x23
 3977 1e09 5802     		.2byte	0x258
 3978 1e0b 1D       		.byte	0x1d
 3979 1e0c 891D0000 		.4byte	0x1d89
 3980 1e10 0C       		.byte	0xc
 3981 1e11 19       		.uleb128 0x19
 3982 1e12 E5160000 		.4byte	.LASF382
 3983 1e16 23       		.byte	0x23
 3984 1e17 5C02     		.2byte	0x25c
 3985 1e19 1D       		.byte	0x1d
 3986 1e1a AC1D0000 		.4byte	0x1dac
 3987 1e1e 10       		.byte	0x10
 3988 1e1f 19       		.uleb128 0x19
 3989 1e20 DE070000 		.4byte	.LASF383
 3990 1e24 23       		.byte	0x23
ARM GAS  /tmp/cckyrRJs.s 			page 71


 3991 1e25 6302     		.2byte	0x263
 3992 1e27 1D       		.byte	0x1d
 3993 1e28 651D0000 		.4byte	0x1d65
 3994 1e2c 14       		.byte	0x14
 3995 1e2d 19       		.uleb128 0x19
 3996 1e2e 72150000 		.4byte	.LASF384
 3997 1e32 23       		.byte	0x23
 3998 1e33 6702     		.2byte	0x267
 3999 1e35 1D       		.byte	0x1d
 4000 1e36 96090000 		.4byte	0x996
 4001 1e3a 18       		.byte	0x18
 4002 1e3b 21       		.uleb128 0x21
 4003 1e3c 63723100 		.ascii	"cr1\000"
 4004 1e40 23       		.byte	0x23
 4005 1e41 6B02     		.2byte	0x26b
 4006 1e43 1D       		.byte	0x1d
 4007 1e44 74090000 		.4byte	0x974
 4008 1e48 1C       		.byte	0x1c
 4009 1e49 21       		.uleb128 0x21
 4010 1e4a 63723200 		.ascii	"cr2\000"
 4011 1e4e 23       		.byte	0x23
 4012 1e4f 6F02     		.2byte	0x26f
 4013 1e51 1D       		.byte	0x1d
 4014 1e52 74090000 		.4byte	0x974
 4015 1e56 1E       		.byte	0x1e
 4016 1e57 21       		.uleb128 0x21
 4017 1e58 63723300 		.ascii	"cr3\000"
 4018 1e5c 23       		.byte	0x23
 4019 1e5d 7302     		.2byte	0x273
 4020 1e5f 1D       		.byte	0x1d
 4021 1e60 74090000 		.4byte	0x974
 4022 1e64 20       		.byte	0x20
 4023 1e65 00       		.byte	0
 4024 1e66 0A       		.uleb128 0xa
 4025 1e67 550C0000 		.4byte	.LASF385
 4026 1e6b 23       		.byte	0x23
 4027 1e6c 7402     		.2byte	0x274
 4028 1e6e 03       		.byte	0x3
 4029 1e6f CF1D0000 		.4byte	0x1dcf
 4030 1e73 05       		.uleb128 0x5
 4031 1e74 661E0000 		.4byte	0x1e66
 4032 1e78 08       		.uleb128 0x8
 4033 1e79 04       		.byte	0x4
 4034 1e7a 731E0000 		.4byte	0x1e73
 4035 1e7e 08       		.uleb128 0x8
 4036 1e7f 04       		.byte	0x4
 4037 1e80 E30E0000 		.4byte	0xee3
 4038 1e84 08       		.uleb128 0x8
 4039 1e85 04       		.byte	0x4
 4040 1e86 0E150000 		.4byte	0x150e
 4041 1e8a 20       		.uleb128 0x20
 4042 1e8b A40C0000 		.4byte	.LASF386
 4043 1e8f 23       		.byte	0x23
 4044 1e90 C502     		.2byte	0x2c5
 4045 1e92 13       		.byte	0x13
 4046 1e93 BD1C0000 		.4byte	0x1cbd
 4047 1e97 20       		.uleb128 0x20
ARM GAS  /tmp/cckyrRJs.s 			page 72


 4048 1e98 AB0C0000 		.4byte	.LASF387
 4049 1e9c 23       		.byte	0x23
 4050 1e9d C902     		.2byte	0x2c9
 4051 1e9f 13       		.byte	0x13
 4052 1ea0 BD1C0000 		.4byte	0x1cbd
 4053 1ea4 20       		.uleb128 0x20
 4054 1ea5 B20C0000 		.4byte	.LASF388
 4055 1ea9 23       		.byte	0x23
 4056 1eaa D902     		.2byte	0x2d9
 4057 1eac 13       		.byte	0x13
 4058 1ead BD1C0000 		.4byte	0x1cbd
 4059 1eb1 0A       		.uleb128 0xa
 4060 1eb2 9A0B0000 		.4byte	.LASF389
 4061 1eb6 24       		.byte	0x24
 4062 1eb7 0301     		.2byte	0x103
 4063 1eb9 1A       		.byte	0x1a
 4064 1eba BE1E0000 		.4byte	0x1ebe
 4065 1ebe 1B       		.uleb128 0x1b
 4066 1ebf 9A0B0000 		.4byte	.LASF389
 4067 1ec3 60       		.byte	0x60
 4068 1ec4 25       		.byte	0x25
 4069 1ec5 A501     		.2byte	0x1a5
 4070 1ec7 08       		.byte	0x8
 4071 1ec8 D71F0000 		.4byte	0x1fd7
 4072 1ecc 19       		.uleb128 0x19
 4073 1ecd 970E0000 		.4byte	.LASF151
 4074 1ed1 25       		.byte	0x25
 4075 1ed2 A901     		.2byte	0x1a9
 4076 1ed4 21       		.byte	0x21
 4077 1ed5 18200000 		.4byte	0x2018
 4078 1ed9 00       		.byte	0
 4079 1eda 19       		.uleb128 0x19
 4080 1edb 02140000 		.4byte	.LASF330
 4081 1edf 25       		.byte	0x25
 4082 1ee0 AD01     		.2byte	0x1ad
 4083 1ee2 22       		.byte	0x22
 4084 1ee3 1C290000 		.4byte	0x291c
 4085 1ee7 04       		.byte	0x4
 4086 1ee8 19       		.uleb128 0x19
 4087 1ee9 C8170000 		.4byte	.LASF390
 4088 1eed 25       		.byte	0x25
 4089 1eee B101     		.2byte	0x1b1
 4090 1ef0 21       		.byte	0x21
 4091 1ef1 74090000 		.4byte	0x974
 4092 1ef5 08       		.byte	0x8
 4093 1ef6 19       		.uleb128 0x19
 4094 1ef7 F6190000 		.4byte	.LASF391
 4095 1efb 25       		.byte	0x25
 4096 1efc B501     		.2byte	0x1b5
 4097 1efe 21       		.byte	0x21
 4098 1eff 74090000 		.4byte	0x974
 4099 1f03 0A       		.byte	0xa
 4100 1f04 21       		.uleb128 0x21
 4101 1f05 65706300 		.ascii	"epc\000"
 4102 1f09 25       		.byte	0x25
 4103 1f0a B901     		.2byte	0x1b9
 4104 1f0c 22       		.byte	0x22
ARM GAS  /tmp/cckyrRJs.s 			page 73


 4105 1f0d 22290000 		.4byte	0x2922
 4106 1f11 0C       		.byte	0xc
 4107 1f12 19       		.uleb128 0x19
 4108 1f13 D4010000 		.4byte	.LASF392
 4109 1f17 25       		.byte	0x25
 4110 1f18 C001     		.2byte	0x1c0
 4111 1f1a 22       		.byte	0x22
 4112 1f1b 38290000 		.4byte	0x2938
 4113 1f1f 1C       		.byte	0x1c
 4114 1f20 19       		.uleb128 0x19
 4115 1f21 15080000 		.4byte	.LASF393
 4116 1f25 25       		.byte	0x25
 4117 1f26 C701     		.2byte	0x1c7
 4118 1f28 22       		.byte	0x22
 4119 1f29 38290000 		.4byte	0x2938
 4120 1f2d 28       		.byte	0x28
 4121 1f2e 19       		.uleb128 0x19
 4122 1f2f 810A0000 		.4byte	.LASF394
 4123 1f33 25       		.byte	0x25
 4124 1f34 CB01     		.2byte	0x1cb
 4125 1f36 21       		.byte	0x21
 4126 1f37 5F200000 		.4byte	0x205f
 4127 1f3b 34       		.byte	0x34
 4128 1f3c 19       		.uleb128 0x19
 4129 1f3d 68130000 		.4byte	.LASF395
 4130 1f41 25       		.byte	0x25
 4131 1f42 CF01     		.2byte	0x1cf
 4132 1f44 22       		.byte	0x22
 4133 1f45 F2120000 		.4byte	0x12f2
 4134 1f49 38       		.byte	0x38
 4135 1f4a 19       		.uleb128 0x19
 4136 1f4b A60F0000 		.4byte	.LASF396
 4137 1f4f 25       		.byte	0x25
 4138 1f50 D301     		.2byte	0x1d3
 4139 1f52 21       		.byte	0x21
 4140 1f53 A4000000 		.4byte	0xa4
 4141 1f57 3C       		.byte	0x3c
 4142 1f58 19       		.uleb128 0x19
 4143 1f59 92030000 		.4byte	.LASF397
 4144 1f5d 25       		.byte	0x25
 4145 1f5e D701     		.2byte	0x1d7
 4146 1f60 21       		.byte	0x21
 4147 1f61 EC200000 		.4byte	0x20ec
 4148 1f65 40       		.byte	0x40
 4149 1f66 19       		.uleb128 0x19
 4150 1f67 CC040000 		.4byte	.LASF398
 4151 1f6b 25       		.byte	0x25
 4152 1f6c DB01     		.2byte	0x1db
 4153 1f6e 21       		.byte	0x21
 4154 1f6f 48290000 		.4byte	0x2948
 4155 1f73 44       		.byte	0x44
 4156 1f74 19       		.uleb128 0x19
 4157 1f75 340E0000 		.4byte	.LASF399
 4158 1f79 25       		.byte	0x25
 4159 1f7a DF01     		.2byte	0x1df
 4160 1f7c 21       		.byte	0x21
 4161 1f7d 74090000 		.4byte	0x974
ARM GAS  /tmp/cckyrRJs.s 			page 74


 4162 1f81 4C       		.byte	0x4c
 4163 1f82 19       		.uleb128 0x19
 4164 1f83 5C0B0000 		.4byte	.LASF400
 4165 1f87 25       		.byte	0x25
 4166 1f88 E301     		.2byte	0x1e3
 4167 1f8a 21       		.byte	0x21
 4168 1f8b 63090000 		.4byte	0x963
 4169 1f8f 4E       		.byte	0x4e
 4170 1f90 19       		.uleb128 0x19
 4171 1f91 C1120000 		.4byte	.LASF401
 4172 1f95 25       		.byte	0x25
 4173 1f96 E701     		.2byte	0x1e7
 4174 1f98 21       		.byte	0x21
 4175 1f99 63090000 		.4byte	0x963
 4176 1f9d 4F       		.byte	0x4f
 4177 1f9e 19       		.uleb128 0x19
 4178 1f9f 92040000 		.4byte	.LASF402
 4179 1fa3 25       		.byte	0x25
 4180 1fa4 EB01     		.2byte	0x1eb
 4181 1fa6 21       		.byte	0x21
 4182 1fa7 18200000 		.4byte	0x2018
 4183 1fab 50       		.byte	0x50
 4184 1fac 21       		.uleb128 0x21
 4185 1fad 6F746700 		.ascii	"otg\000"
 4186 1fb1 25       		.byte	0x25
 4187 1fb2 F301     		.2byte	0x1f3
 4188 1fb4 22       		.byte	0x22
 4189 1fb5 58290000 		.4byte	0x2958
 4190 1fb9 54       		.byte	0x54
 4191 1fba 19       		.uleb128 0x19
 4192 1fbb 8C090000 		.4byte	.LASF403
 4193 1fbf 25       		.byte	0x25
 4194 1fc0 F701     		.2byte	0x1f7
 4195 1fc2 22       		.byte	0x22
 4196 1fc3 5E290000 		.4byte	0x295e
 4197 1fc7 58       		.byte	0x58
 4198 1fc8 19       		.uleb128 0x19
 4199 1fc9 95160000 		.4byte	.LASF404
 4200 1fcd 25       		.byte	0x25
 4201 1fce FB01     		.2byte	0x1fb
 4202 1fd0 21       		.byte	0x21
 4203 1fd1 96090000 		.4byte	0x996
 4204 1fd5 5C       		.byte	0x5c
 4205 1fd6 00       		.byte	0
 4206 1fd7 0A       		.uleb128 0xa
 4207 1fd8 0E1A0000 		.4byte	.LASF405
 4208 1fdc 24       		.byte	0x24
 4209 1fdd 0801     		.2byte	0x108
 4210 1fdf 11       		.byte	0x11
 4211 1fe0 63090000 		.4byte	0x963
 4212 1fe4 28       		.uleb128 0x28
 4213 1fe5 07       		.byte	0x7
 4214 1fe6 01       		.byte	0x1
 4215 1fe7 30000000 		.4byte	0x30
 4216 1feb 24       		.byte	0x24
 4217 1fec 0D01     		.2byte	0x10d
 4218 1fee 0E       		.byte	0xe
ARM GAS  /tmp/cckyrRJs.s 			page 75


 4219 1fef 18200000 		.4byte	0x2018
 4220 1ff3 27       		.uleb128 0x27
 4221 1ff4 A01A0000 		.4byte	.LASF406
 4222 1ff8 00       		.byte	0
 4223 1ff9 27       		.uleb128 0x27
 4224 1ffa A0050000 		.4byte	.LASF407
 4225 1ffe 01       		.byte	0x1
 4226 1fff 27       		.uleb128 0x27
 4227 2000 D20C0000 		.4byte	.LASF408
 4228 2004 02       		.byte	0x2
 4229 2005 27       		.uleb128 0x27
 4230 2006 B3100000 		.4byte	.LASF409
 4231 200a 03       		.byte	0x3
 4232 200b 27       		.uleb128 0x27
 4233 200c 95050000 		.4byte	.LASF410
 4234 2010 04       		.byte	0x4
 4235 2011 27       		.uleb128 0x27
 4236 2012 50180000 		.4byte	.LASF411
 4237 2016 05       		.byte	0x5
 4238 2017 00       		.byte	0
 4239 2018 0A       		.uleb128 0xa
 4240 2019 EF170000 		.4byte	.LASF412
 4241 201d 24       		.byte	0x24
 4242 201e 1401     		.2byte	0x114
 4243 2020 03       		.byte	0x3
 4244 2021 E41F0000 		.4byte	0x1fe4
 4245 2025 28       		.uleb128 0x28
 4246 2026 07       		.byte	0x7
 4247 2027 01       		.byte	0x1
 4248 2028 30000000 		.4byte	0x30
 4249 202c 24       		.byte	0x24
 4250 202d 2201     		.2byte	0x122
 4251 202f 0E       		.byte	0xe
 4252 2030 5F200000 		.4byte	0x205f
 4253 2034 27       		.uleb128 0x27
 4254 2035 85130000 		.4byte	.LASF413
 4255 2039 00       		.byte	0
 4256 203a 27       		.uleb128 0x27
 4257 203b 19190000 		.4byte	.LASF414
 4258 203f 09       		.byte	0x9
 4259 2040 27       		.uleb128 0x27
 4260 2041 DE010000 		.4byte	.LASF415
 4261 2045 0A       		.byte	0xa
 4262 2046 27       		.uleb128 0x27
 4263 2047 35150000 		.4byte	.LASF416
 4264 204b 0B       		.byte	0xb
 4265 204c 27       		.uleb128 0x27
 4266 204d CF120000 		.4byte	.LASF417
 4267 2051 14       		.byte	0x14
 4268 2052 27       		.uleb128 0x27
 4269 2053 260A0000 		.4byte	.LASF418
 4270 2057 15       		.byte	0x15
 4271 2058 27       		.uleb128 0x27
 4272 2059 180A0000 		.4byte	.LASF419
 4273 205d 06       		.byte	0x6
 4274 205e 00       		.byte	0
 4275 205f 0A       		.uleb128 0xa
ARM GAS  /tmp/cckyrRJs.s 			page 76


 4276 2060 6C0B0000 		.4byte	.LASF420
 4277 2064 24       		.byte	0x24
 4278 2065 2A01     		.2byte	0x12a
 4279 2067 03       		.byte	0x3
 4280 2068 25200000 		.4byte	0x2025
 4281 206c 28       		.uleb128 0x28
 4282 206d 07       		.byte	0x7
 4283 206e 01       		.byte	0x1
 4284 206f 30000000 		.4byte	0x30
 4285 2073 24       		.byte	0x24
 4286 2074 2F01     		.2byte	0x12f
 4287 2076 0E       		.byte	0xe
 4288 2077 A6200000 		.4byte	0x20a6
 4289 207b 27       		.uleb128 0x27
 4290 207c A3100000 		.4byte	.LASF421
 4291 2080 00       		.byte	0
 4292 2081 27       		.uleb128 0x27
 4293 2082 EE100000 		.4byte	.LASF422
 4294 2086 01       		.byte	0x1
 4295 2087 27       		.uleb128 0x27
 4296 2088 8A0D0000 		.4byte	.LASF423
 4297 208c 02       		.byte	0x2
 4298 208d 27       		.uleb128 0x27
 4299 208e 56000000 		.4byte	.LASF424
 4300 2092 03       		.byte	0x3
 4301 2093 27       		.uleb128 0x27
 4302 2094 E20D0000 		.4byte	.LASF425
 4303 2098 04       		.byte	0x4
 4304 2099 27       		.uleb128 0x27
 4305 209a 70190000 		.4byte	.LASF426
 4306 209e 05       		.byte	0x5
 4307 209f 27       		.uleb128 0x27
 4308 20a0 410D0000 		.4byte	.LASF427
 4309 20a4 06       		.byte	0x6
 4310 20a5 00       		.byte	0
 4311 20a6 0A       		.uleb128 0xa
 4312 20a7 2D110000 		.4byte	.LASF428
 4313 20ab 24       		.byte	0x24
 4314 20ac 3701     		.2byte	0x137
 4315 20ae 03       		.byte	0x3
 4316 20af 6C200000 		.4byte	0x206c
 4317 20b3 1C       		.uleb128 0x1c
 4318 20b4 08       		.byte	0x8
 4319 20b5 24       		.byte	0x24
 4320 20b6 3C01     		.2byte	0x13c
 4321 20b8 09       		.byte	0x9
 4322 20b9 DA200000 		.4byte	0x20da
 4323 20bd 19       		.uleb128 0x19
 4324 20be 4D1B0000 		.4byte	.LASF429
 4325 20c2 24       		.byte	0x24
 4326 20c3 4001     		.2byte	0x140
 4327 20c5 21       		.byte	0x21
 4328 20c6 A4000000 		.4byte	0xa4
 4329 20ca 00       		.byte	0
 4330 20cb 19       		.uleb128 0x19
 4331 20cc 83030000 		.4byte	.LASF430
 4332 20d0 24       		.byte	0x24
ARM GAS  /tmp/cckyrRJs.s 			page 77


 4333 20d1 4401     		.2byte	0x144
 4334 20d3 22       		.byte	0x22
 4335 20d4 D0160000 		.4byte	0x16d0
 4336 20d8 04       		.byte	0x4
 4337 20d9 00       		.byte	0
 4338 20da 0A       		.uleb128 0xa
 4339 20db 4A110000 		.4byte	.LASF431
 4340 20df 24       		.byte	0x24
 4341 20e0 4501     		.2byte	0x145
 4342 20e2 03       		.byte	0x3
 4343 20e3 B3200000 		.4byte	0x20b3
 4344 20e7 05       		.uleb128 0x5
 4345 20e8 DA200000 		.4byte	0x20da
 4346 20ec 0A       		.uleb128 0xa
 4347 20ed F41A0000 		.4byte	.LASF432
 4348 20f1 24       		.byte	0x24
 4349 20f2 4D01     		.2byte	0x14d
 4350 20f4 10       		.byte	0x10
 4351 20f5 F9200000 		.4byte	0x20f9
 4352 20f9 08       		.uleb128 0x8
 4353 20fa 04       		.byte	0x4
 4354 20fb FF200000 		.4byte	0x20ff
 4355 20ff 1F       		.uleb128 0x1f
 4356 2100 0A210000 		.4byte	0x210a
 4357 2104 17       		.uleb128 0x17
 4358 2105 0A210000 		.4byte	0x210a
 4359 2109 00       		.byte	0
 4360 210a 08       		.uleb128 0x8
 4361 210b 04       		.byte	0x4
 4362 210c B11E0000 		.4byte	0x1eb1
 4363 2110 0A       		.uleb128 0xa
 4364 2111 C6030000 		.4byte	.LASF433
 4365 2115 24       		.byte	0x24
 4366 2116 5601     		.2byte	0x156
 4367 2118 10       		.byte	0x10
 4368 2119 1D210000 		.4byte	0x211d
 4369 211d 08       		.uleb128 0x8
 4370 211e 04       		.byte	0x4
 4371 211f 23210000 		.4byte	0x2123
 4372 2123 1F       		.uleb128 0x1f
 4373 2124 33210000 		.4byte	0x2133
 4374 2128 17       		.uleb128 0x17
 4375 2129 0A210000 		.4byte	0x210a
 4376 212d 17       		.uleb128 0x17
 4377 212e D71F0000 		.4byte	0x1fd7
 4378 2132 00       		.byte	0
 4379 2133 0A       		.uleb128 0xa
 4380 2134 5D070000 		.4byte	.LASF434
 4381 2138 24       		.byte	0x24
 4382 2139 5F01     		.2byte	0x15f
 4383 213b 10       		.byte	0x10
 4384 213c 40210000 		.4byte	0x2140
 4385 2140 08       		.uleb128 0x8
 4386 2141 04       		.byte	0x4
 4387 2142 46210000 		.4byte	0x2146
 4388 2146 1F       		.uleb128 0x1f
 4389 2147 56210000 		.4byte	0x2156
ARM GAS  /tmp/cckyrRJs.s 			page 78


 4390 214b 17       		.uleb128 0x17
 4391 214c 0A210000 		.4byte	0x210a
 4392 2150 17       		.uleb128 0x17
 4393 2151 A6200000 		.4byte	0x20a6
 4394 2155 00       		.byte	0
 4395 2156 0A       		.uleb128 0xa
 4396 2157 59100000 		.4byte	.LASF435
 4397 215b 24       		.byte	0x24
 4398 215c 6B01     		.2byte	0x16b
 4399 215e 10       		.byte	0x10
 4400 215f 63210000 		.4byte	0x2163
 4401 2163 08       		.uleb128 0x8
 4402 2164 04       		.byte	0x4
 4403 2165 69210000 		.4byte	0x2169
 4404 2169 16       		.uleb128 0x16
 4405 216a A1120000 		.4byte	0x12a1
 4406 216e 78210000 		.4byte	0x2178
 4407 2172 17       		.uleb128 0x17
 4408 2173 0A210000 		.4byte	0x210a
 4409 2177 00       		.byte	0
 4410 2178 0A       		.uleb128 0xa
 4411 2179 670A0000 		.4byte	.LASF436
 4412 217d 24       		.byte	0x24
 4413 217e 7001     		.2byte	0x170
 4414 2180 21       		.byte	0x21
 4415 2181 85210000 		.4byte	0x2185
 4416 2185 08       		.uleb128 0x8
 4417 2186 04       		.byte	0x4
 4418 2187 8B210000 		.4byte	0x218b
 4419 218b 16       		.uleb128 0x16
 4420 218c A9210000 		.4byte	0x21a9
 4421 2190 A9210000 		.4byte	0x21a9
 4422 2194 17       		.uleb128 0x17
 4423 2195 0A210000 		.4byte	0x210a
 4424 2199 17       		.uleb128 0x17
 4425 219a 63090000 		.4byte	0x963
 4426 219e 17       		.uleb128 0x17
 4427 219f 63090000 		.4byte	0x963
 4428 21a3 17       		.uleb128 0x17
 4429 21a4 74090000 		.4byte	0x974
 4430 21a8 00       		.byte	0
 4431 21a9 08       		.uleb128 0x8
 4432 21aa 04       		.byte	0x4
 4433 21ab E7200000 		.4byte	0x20e7
 4434 21af 0F       		.uleb128 0xf
 4435 21b0 20       		.byte	0x20
 4436 21b1 26       		.byte	0x26
 4437 21b2 29       		.byte	0x29
 4438 21b3 09       		.byte	0x9
 4439 21b4 21220000 		.4byte	0x2221
 4440 21b8 10       		.uleb128 0x10
 4441 21b9 EF020000 		.4byte	.LASF437
 4442 21bd 26       		.byte	0x26
 4443 21be 2A       		.byte	0x2a
 4444 21bf 15       		.byte	0x15
 4445 21c0 A2090000 		.4byte	0x9a2
 4446 21c4 00       		.byte	0
ARM GAS  /tmp/cckyrRJs.s 			page 79


 4447 21c5 10       		.uleb128 0x10
 4448 21c6 F4080000 		.4byte	.LASF438
 4449 21ca 26       		.byte	0x26
 4450 21cb 2C       		.byte	0x2c
 4451 21cc 15       		.byte	0x15
 4452 21cd A2090000 		.4byte	0x9a2
 4453 21d1 04       		.byte	0x4
 4454 21d2 10       		.uleb128 0x10
 4455 21d3 2D020000 		.4byte	.LASF439
 4456 21d7 26       		.byte	0x26
 4457 21d8 2D       		.byte	0x2d
 4458 21d9 15       		.byte	0x15
 4459 21da A2090000 		.4byte	0x9a2
 4460 21de 08       		.byte	0x8
 4461 21df 10       		.uleb128 0x10
 4462 21e0 F3130000 		.4byte	.LASF440
 4463 21e4 26       		.byte	0x26
 4464 21e5 2E       		.byte	0x2e
 4465 21e6 15       		.byte	0x15
 4466 21e7 A2090000 		.4byte	0x9a2
 4467 21eb 0C       		.byte	0xc
 4468 21ec 10       		.uleb128 0x10
 4469 21ed 830D0000 		.4byte	.LASF441
 4470 21f1 26       		.byte	0x26
 4471 21f2 30       		.byte	0x30
 4472 21f3 15       		.byte	0x15
 4473 21f4 A2090000 		.4byte	0x9a2
 4474 21f8 10       		.byte	0x10
 4475 21f9 10       		.uleb128 0x10
 4476 21fa 46090000 		.4byte	.LASF442
 4477 21fe 26       		.byte	0x26
 4478 21ff 32       		.byte	0x32
 4479 2200 15       		.byte	0x15
 4480 2201 A2090000 		.4byte	0x9a2
 4481 2205 14       		.byte	0x14
 4482 2206 10       		.uleb128 0x10
 4483 2207 4E090000 		.4byte	.LASF443
 4484 220b 26       		.byte	0x26
 4485 220c 33       		.byte	0x33
 4486 220d 15       		.byte	0x15
 4487 220e A2090000 		.4byte	0x9a2
 4488 2212 18       		.byte	0x18
 4489 2213 10       		.uleb128 0x10
 4490 2214 48030000 		.4byte	.LASF444
 4491 2218 26       		.byte	0x26
 4492 2219 34       		.byte	0x34
 4493 221a 15       		.byte	0x15
 4494 221b A2090000 		.4byte	0x9a2
 4495 221f 1C       		.byte	0x1c
 4496 2220 00       		.byte	0
 4497 2221 03       		.uleb128 0x3
 4498 2222 70130000 		.4byte	.LASF445
 4499 2226 26       		.byte	0x26
 4500 2227 35       		.byte	0x35
 4501 2228 03       		.byte	0x3
 4502 2229 AF210000 		.4byte	0x21af
 4503 222d 0F       		.uleb128 0xf
ARM GAS  /tmp/cckyrRJs.s 			page 80


 4504 222e 20       		.byte	0x20
 4505 222f 26       		.byte	0x26
 4506 2230 3A       		.byte	0x3a
 4507 2231 09       		.byte	0x9
 4508 2232 9F220000 		.4byte	0x229f
 4509 2236 10       		.uleb128 0x10
 4510 2237 84090000 		.4byte	.LASF446
 4511 223b 26       		.byte	0x26
 4512 223c 3B       		.byte	0x3b
 4513 223d 15       		.byte	0x15
 4514 223e A2090000 		.4byte	0x9a2
 4515 2242 00       		.byte	0
 4516 2243 10       		.uleb128 0x10
 4517 2244 ED080000 		.4byte	.LASF447
 4518 2248 26       		.byte	0x26
 4519 2249 3D       		.byte	0x3d
 4520 224a 15       		.byte	0x15
 4521 224b A2090000 		.4byte	0x9a2
 4522 224f 04       		.byte	0x4
 4523 2250 10       		.uleb128 0x10
 4524 2251 0F170000 		.4byte	.LASF448
 4525 2255 26       		.byte	0x26
 4526 2256 3E       		.byte	0x3e
 4527 2257 15       		.byte	0x15
 4528 2258 A2090000 		.4byte	0x9a2
 4529 225c 08       		.byte	0x8
 4530 225d 10       		.uleb128 0x10
 4531 225e B70B0000 		.4byte	.LASF449
 4532 2262 26       		.byte	0x26
 4533 2263 40       		.byte	0x40
 4534 2264 15       		.byte	0x15
 4535 2265 A2090000 		.4byte	0x9a2
 4536 2269 0C       		.byte	0xc
 4537 226a 10       		.uleb128 0x10
 4538 226b 390F0000 		.4byte	.LASF450
 4539 226f 26       		.byte	0x26
 4540 2270 41       		.byte	0x41
 4541 2271 15       		.byte	0x15
 4542 2272 A2090000 		.4byte	0x9a2
 4543 2276 10       		.byte	0x10
 4544 2277 10       		.uleb128 0x10
 4545 2278 46090000 		.4byte	.LASF442
 4546 227c 26       		.byte	0x26
 4547 227d 43       		.byte	0x43
 4548 227e 15       		.byte	0x15
 4549 227f A2090000 		.4byte	0x9a2
 4550 2283 14       		.byte	0x14
 4551 2284 10       		.uleb128 0x10
 4552 2285 5A130000 		.4byte	.LASF451
 4553 2289 26       		.byte	0x26
 4554 228a 44       		.byte	0x44
 4555 228b 15       		.byte	0x15
 4556 228c A2090000 		.4byte	0x9a2
 4557 2290 18       		.byte	0x18
 4558 2291 10       		.uleb128 0x10
 4559 2292 07170000 		.4byte	.LASF452
 4560 2296 26       		.byte	0x26
ARM GAS  /tmp/cckyrRJs.s 			page 81


 4561 2297 46       		.byte	0x46
 4562 2298 15       		.byte	0x15
 4563 2299 A2090000 		.4byte	0x9a2
 4564 229d 1C       		.byte	0x1c
 4565 229e 00       		.byte	0
 4566 229f 03       		.uleb128 0x3
 4567 22a0 B9050000 		.4byte	.LASF453
 4568 22a4 26       		.byte	0x26
 4569 22a5 47       		.byte	0x47
 4570 22a6 03       		.byte	0x3
 4571 22a7 2D220000 		.4byte	0x222d
 4572 22ab 0F       		.uleb128 0xf
 4573 22ac 20       		.byte	0x20
 4574 22ad 26       		.byte	0x26
 4575 22ae 4C       		.byte	0x4c
 4576 22af 09       		.byte	0x9
 4577 22b0 1D230000 		.4byte	0x231d
 4578 22b4 10       		.uleb128 0x10
 4579 22b5 F40D0000 		.4byte	.LASF454
 4580 22b9 26       		.byte	0x26
 4581 22ba 4D       		.byte	0x4d
 4582 22bb 15       		.byte	0x15
 4583 22bc A2090000 		.4byte	0x9a2
 4584 22c0 00       		.byte	0
 4585 22c1 10       		.uleb128 0x10
 4586 22c2 ED080000 		.4byte	.LASF447
 4587 22c6 26       		.byte	0x26
 4588 22c7 4F       		.byte	0x4f
 4589 22c8 15       		.byte	0x15
 4590 22c9 A2090000 		.4byte	0x9a2
 4591 22cd 04       		.byte	0x4
 4592 22ce 10       		.uleb128 0x10
 4593 22cf 22100000 		.4byte	.LASF455
 4594 22d3 26       		.byte	0x26
 4595 22d4 50       		.byte	0x50
 4596 22d5 15       		.byte	0x15
 4597 22d6 A2090000 		.4byte	0x9a2
 4598 22da 08       		.byte	0x8
 4599 22db 10       		.uleb128 0x10
 4600 22dc B70B0000 		.4byte	.LASF449
 4601 22e0 26       		.byte	0x26
 4602 22e1 52       		.byte	0x52
 4603 22e2 15       		.byte	0x15
 4604 22e3 A2090000 		.4byte	0x9a2
 4605 22e7 0C       		.byte	0xc
 4606 22e8 10       		.uleb128 0x10
 4607 22e9 FA170000 		.4byte	.LASF456
 4608 22ed 26       		.byte	0x26
 4609 22ee 53       		.byte	0x53
 4610 22ef 15       		.byte	0x15
 4611 22f0 A2090000 		.4byte	0x9a2
 4612 22f4 10       		.byte	0x10
 4613 22f5 10       		.uleb128 0x10
 4614 22f6 46090000 		.4byte	.LASF442
 4615 22fa 26       		.byte	0x26
 4616 22fb 55       		.byte	0x55
 4617 22fc 15       		.byte	0x15
ARM GAS  /tmp/cckyrRJs.s 			page 82


 4618 22fd A2090000 		.4byte	0x9a2
 4619 2301 14       		.byte	0x14
 4620 2302 10       		.uleb128 0x10
 4621 2303 4E090000 		.4byte	.LASF443
 4622 2307 26       		.byte	0x26
 4623 2308 56       		.byte	0x56
 4624 2309 15       		.byte	0x15
 4625 230a A2090000 		.4byte	0x9a2
 4626 230e 18       		.byte	0x18
 4627 230f 10       		.uleb128 0x10
 4628 2310 07170000 		.4byte	.LASF452
 4629 2314 26       		.byte	0x26
 4630 2315 57       		.byte	0x57
 4631 2316 15       		.byte	0x15
 4632 2317 A2090000 		.4byte	0x9a2
 4633 231b 1C       		.byte	0x1c
 4634 231c 00       		.byte	0
 4635 231d 03       		.uleb128 0x3
 4636 231e 7F0F0000 		.4byte	.LASF457
 4637 2322 26       		.byte	0x26
 4638 2323 58       		.byte	0x58
 4639 2324 03       		.byte	0x3
 4640 2325 AB220000 		.4byte	0x22ab
 4641 2329 29       		.uleb128 0x29
 4642 232a 00100100 		.4byte	0x11000
 4643 232e 26       		.byte	0x26
 4644 232f 5D       		.byte	0x5d
 4645 2330 09       		.byte	0x9
 4646 2331 40260000 		.4byte	0x2640
 4647 2335 10       		.uleb128 0x10
 4648 2336 B5030000 		.4byte	.LASF458
 4649 233a 26       		.byte	0x26
 4650 233b 5E       		.byte	0x5e
 4651 233c 15       		.byte	0x15
 4652 233d A2090000 		.4byte	0x9a2
 4653 2341 00       		.byte	0
 4654 2342 10       		.uleb128 0x10
 4655 2343 F1070000 		.4byte	.LASF459
 4656 2347 26       		.byte	0x26
 4657 2348 5F       		.byte	0x5f
 4658 2349 15       		.byte	0x15
 4659 234a A2090000 		.4byte	0x9a2
 4660 234e 04       		.byte	0x4
 4661 234f 10       		.uleb128 0x10
 4662 2350 14050000 		.4byte	.LASF460
 4663 2354 26       		.byte	0x26
 4664 2355 60       		.byte	0x60
 4665 2356 15       		.byte	0x15
 4666 2357 A2090000 		.4byte	0x9a2
 4667 235b 08       		.byte	0x8
 4668 235c 10       		.uleb128 0x10
 4669 235d 241B0000 		.4byte	.LASF461
 4670 2361 26       		.byte	0x26
 4671 2362 61       		.byte	0x61
 4672 2363 15       		.byte	0x15
 4673 2364 A2090000 		.4byte	0x9a2
 4674 2368 0C       		.byte	0xc
ARM GAS  /tmp/cckyrRJs.s 			page 83


 4675 2369 10       		.uleb128 0x10
 4676 236a 5E180000 		.4byte	.LASF462
 4677 236e 26       		.byte	0x26
 4678 236f 62       		.byte	0x62
 4679 2370 15       		.byte	0x15
 4680 2371 A2090000 		.4byte	0x9a2
 4681 2375 10       		.byte	0x10
 4682 2376 10       		.uleb128 0x10
 4683 2377 24030000 		.4byte	.LASF463
 4684 237b 26       		.byte	0x26
 4685 237c 63       		.byte	0x63
 4686 237d 15       		.byte	0x15
 4687 237e A2090000 		.4byte	0x9a2
 4688 2382 14       		.byte	0x14
 4689 2383 10       		.uleb128 0x10
 4690 2384 BB110000 		.4byte	.LASF464
 4691 2388 26       		.byte	0x26
 4692 2389 64       		.byte	0x64
 4693 238a 15       		.byte	0x15
 4694 238b A2090000 		.4byte	0x9a2
 4695 238f 18       		.byte	0x18
 4696 2390 10       		.uleb128 0x10
 4697 2391 6A050000 		.4byte	.LASF465
 4698 2395 26       		.byte	0x26
 4699 2396 65       		.byte	0x65
 4700 2397 15       		.byte	0x15
 4701 2398 A2090000 		.4byte	0x9a2
 4702 239c 1C       		.byte	0x1c
 4703 239d 10       		.uleb128 0x10
 4704 239e 62050000 		.4byte	.LASF466
 4705 23a2 26       		.byte	0x26
 4706 23a3 67       		.byte	0x67
 4707 23a4 15       		.byte	0x15
 4708 23a5 A2090000 		.4byte	0x9a2
 4709 23a9 20       		.byte	0x20
 4710 23aa 10       		.uleb128 0x10
 4711 23ab 87110000 		.4byte	.LASF467
 4712 23af 26       		.byte	0x26
 4713 23b0 69       		.byte	0x69
 4714 23b1 15       		.byte	0x15
 4715 23b2 A2090000 		.4byte	0x9a2
 4716 23b6 24       		.byte	0x24
 4717 23b7 10       		.uleb128 0x10
 4718 23b8 6D000000 		.4byte	.LASF468
 4719 23bc 26       		.byte	0x26
 4720 23bd 6A       		.byte	0x6a
 4721 23be 15       		.byte	0x15
 4722 23bf A2090000 		.4byte	0x9a2
 4723 23c3 28       		.byte	0x28
 4724 23c4 10       		.uleb128 0x10
 4725 23c5 D1110000 		.4byte	.LASF469
 4726 23c9 26       		.byte	0x26
 4727 23ca 6C       		.byte	0x6c
 4728 23cb 15       		.byte	0x15
 4729 23cc A2090000 		.4byte	0x9a2
 4730 23d0 2C       		.byte	0x2c
 4731 23d1 10       		.uleb128 0x10
ARM GAS  /tmp/cckyrRJs.s 			page 84


 4732 23d2 E2090000 		.4byte	.LASF470
 4733 23d6 26       		.byte	0x26
 4734 23d7 6E       		.byte	0x6e
 4735 23d8 15       		.byte	0x15
 4736 23d9 A2090000 		.4byte	0x9a2
 4737 23dd 30       		.byte	0x30
 4738 23de 10       		.uleb128 0x10
 4739 23df B6190000 		.4byte	.LASF471
 4740 23e3 26       		.byte	0x26
 4741 23e4 6F       		.byte	0x6f
 4742 23e5 15       		.byte	0x15
 4743 23e6 A2090000 		.4byte	0x9a2
 4744 23ea 34       		.byte	0x34
 4745 23eb 10       		.uleb128 0x10
 4746 23ec 5B010000 		.4byte	.LASF472
 4747 23f0 26       		.byte	0x26
 4748 23f1 70       		.byte	0x70
 4749 23f2 15       		.byte	0x15
 4750 23f3 A2090000 		.4byte	0x9a2
 4751 23f7 38       		.byte	0x38
 4752 23f8 12       		.uleb128 0x12
 4753 23f9 43494400 		.ascii	"CID\000"
 4754 23fd 26       		.byte	0x26
 4755 23fe 71       		.byte	0x71
 4756 23ff 15       		.byte	0x15
 4757 2400 A2090000 		.4byte	0x9a2
 4758 2404 3C       		.byte	0x3c
 4759 2405 10       		.uleb128 0x10
 4760 2406 0C060000 		.4byte	.LASF473
 4761 240a 26       		.byte	0x26
 4762 240b 72       		.byte	0x72
 4763 240c 15       		.byte	0x15
 4764 240d 50260000 		.4byte	0x2650
 4765 2411 40       		.byte	0x40
 4766 2412 14       		.uleb128 0x14
 4767 2413 B3180000 		.4byte	.LASF474
 4768 2417 26       		.byte	0x26
 4769 2418 73       		.byte	0x73
 4770 2419 15       		.byte	0x15
 4771 241a A2090000 		.4byte	0x9a2
 4772 241e 0001     		.2byte	0x100
 4773 2420 14       		.uleb128 0x14
 4774 2421 CC010000 		.4byte	.LASF475
 4775 2425 26       		.byte	0x26
 4776 2426 75       		.byte	0x75
 4777 2427 15       		.byte	0x15
 4778 2428 000F0000 		.4byte	0xf00
 4779 242c 0401     		.2byte	0x104
 4780 242e 14       		.uleb128 0x14
 4781 242f C00D0000 		.4byte	.LASF476
 4782 2433 26       		.byte	0x26
 4783 2434 77       		.byte	0x77
 4784 2435 15       		.byte	0x15
 4785 2436 65260000 		.4byte	0x2665
 4786 243a 4001     		.2byte	0x140
 4787 243c 14       		.uleb128 0x14
 4788 243d D70F0000 		.4byte	.LASF477
ARM GAS  /tmp/cckyrRJs.s 			page 85


 4789 2441 26       		.byte	0x26
 4790 2442 78       		.byte	0x78
 4791 2443 15       		.byte	0x15
 4792 2444 A2090000 		.4byte	0x9a2
 4793 2448 0004     		.2byte	0x400
 4794 244a 14       		.uleb128 0x14
 4795 244b 9B1A0000 		.4byte	.LASF478
 4796 244f 26       		.byte	0x26
 4797 2450 79       		.byte	0x79
 4798 2451 15       		.byte	0x15
 4799 2452 A2090000 		.4byte	0x9a2
 4800 2456 0404     		.2byte	0x404
 4801 2458 14       		.uleb128 0x14
 4802 2459 69030000 		.4byte	.LASF479
 4803 245d 26       		.byte	0x26
 4804 245e 7A       		.byte	0x7a
 4805 245f 15       		.byte	0x15
 4806 2460 A2090000 		.4byte	0x9a2
 4807 2464 0804     		.2byte	0x408
 4808 2466 14       		.uleb128 0x14
 4809 2467 63080000 		.4byte	.LASF480
 4810 246b 26       		.byte	0x26
 4811 246c 7C       		.byte	0x7c
 4812 246d 15       		.byte	0x15
 4813 246e A2090000 		.4byte	0x9a2
 4814 2472 0C04     		.2byte	0x40c
 4815 2474 14       		.uleb128 0x14
 4816 2475 C8020000 		.4byte	.LASF481
 4817 2479 26       		.byte	0x26
 4818 247a 7D       		.byte	0x7d
 4819 247b 15       		.byte	0x15
 4820 247c A2090000 		.4byte	0x9a2
 4821 2480 1004     		.2byte	0x410
 4822 2482 14       		.uleb128 0x14
 4823 2483 50030000 		.4byte	.LASF482
 4824 2487 26       		.byte	0x26
 4825 2488 7F       		.byte	0x7f
 4826 2489 15       		.byte	0x15
 4827 248a A2090000 		.4byte	0x9a2
 4828 248e 1404     		.2byte	0x414
 4829 2490 14       		.uleb128 0x14
 4830 2491 0C080000 		.4byte	.LASF483
 4831 2495 26       		.byte	0x26
 4832 2496 81       		.byte	0x81
 4833 2497 15       		.byte	0x15
 4834 2498 A2090000 		.4byte	0x9a2
 4835 249c 1804     		.2byte	0x418
 4836 249e 14       		.uleb128 0x14
 4837 249f FE140000 		.4byte	.LASF484
 4838 24a3 26       		.byte	0x26
 4839 24a4 83       		.byte	0x83
 4840 24a5 15       		.byte	0x15
 4841 24a6 7A260000 		.4byte	0x267a
 4842 24aa 1C04     		.2byte	0x41c
 4843 24ac 14       		.uleb128 0x14
 4844 24ad 28020000 		.4byte	.LASF485
 4845 24b1 26       		.byte	0x26
ARM GAS  /tmp/cckyrRJs.s 			page 86


 4846 24b2 84       		.byte	0x84
 4847 24b3 15       		.byte	0x15
 4848 24b4 A2090000 		.4byte	0x9a2
 4849 24b8 4004     		.2byte	0x440
 4850 24ba 14       		.uleb128 0x14
 4851 24bb 33160000 		.4byte	.LASF486
 4852 24bf 26       		.byte	0x26
 4853 24c0 86       		.byte	0x86
 4854 24c1 15       		.byte	0x15
 4855 24c2 8F260000 		.4byte	0x268f
 4856 24c6 4404     		.2byte	0x444
 4857 24c8 2A       		.uleb128 0x2a
 4858 24c9 686300   		.ascii	"hc\000"
 4859 24cc 26       		.byte	0x26
 4860 24cd 87       		.byte	0x87
 4861 24ce 18       		.byte	0x18
 4862 24cf 94260000 		.4byte	0x2694
 4863 24d3 0005     		.2byte	0x500
 4864 24d5 14       		.uleb128 0x14
 4865 24d6 85180000 		.4byte	.LASF487
 4866 24da 26       		.byte	0x26
 4867 24db 88       		.byte	0x88
 4868 24dc 15       		.byte	0x15
 4869 24dd B4260000 		.4byte	0x26b4
 4870 24e1 0007     		.2byte	0x700
 4871 24e3 14       		.uleb128 0x14
 4872 24e4 A0110000 		.4byte	.LASF488
 4873 24e8 26       		.byte	0x26
 4874 24e9 89       		.byte	0x89
 4875 24ea 15       		.byte	0x15
 4876 24eb A2090000 		.4byte	0x9a2
 4877 24ef 0008     		.2byte	0x800
 4878 24f1 14       		.uleb128 0x14
 4879 24f2 5D190000 		.4byte	.LASF489
 4880 24f6 26       		.byte	0x26
 4881 24f7 8A       		.byte	0x8a
 4882 24f8 15       		.byte	0x15
 4883 24f9 A2090000 		.4byte	0x9a2
 4884 24fd 0408     		.2byte	0x804
 4885 24ff 14       		.uleb128 0x14
 4886 2500 2C0C0000 		.4byte	.LASF490
 4887 2504 26       		.byte	0x26
 4888 2505 8B       		.byte	0x8b
 4889 2506 15       		.byte	0x15
 4890 2507 A2090000 		.4byte	0x9a2
 4891 250b 0808     		.2byte	0x808
 4892 250d 14       		.uleb128 0x14
 4893 250e 9B030000 		.4byte	.LASF491
 4894 2512 26       		.byte	0x26
 4895 2513 8C       		.byte	0x8c
 4896 2514 15       		.byte	0x15
 4897 2515 A2090000 		.4byte	0x9a2
 4898 2519 0C08     		.2byte	0x80c
 4899 251b 14       		.uleb128 0x14
 4900 251c E9070000 		.4byte	.LASF492
 4901 2520 26       		.byte	0x26
 4902 2521 8D       		.byte	0x8d
ARM GAS  /tmp/cckyrRJs.s 			page 87


 4903 2522 15       		.byte	0x15
 4904 2523 A2090000 		.4byte	0x9a2
 4905 2527 1008     		.2byte	0x810
 4906 2529 14       		.uleb128 0x14
 4907 252a 4C170000 		.4byte	.LASF493
 4908 252e 26       		.byte	0x26
 4909 252f 8F       		.byte	0x8f
 4910 2530 15       		.byte	0x15
 4911 2531 A2090000 		.4byte	0x9a2
 4912 2535 1408     		.2byte	0x814
 4913 2537 14       		.uleb128 0x14
 4914 2538 9E170000 		.4byte	.LASF494
 4915 253c 26       		.byte	0x26
 4916 253d 91       		.byte	0x91
 4917 253e 15       		.byte	0x15
 4918 253f A2090000 		.4byte	0x9a2
 4919 2543 1808     		.2byte	0x818
 4920 2545 14       		.uleb128 0x14
 4921 2546 C9150000 		.4byte	.LASF495
 4922 254a 26       		.byte	0x26
 4923 254b 93       		.byte	0x93
 4924 254c 15       		.byte	0x15
 4925 254d A2090000 		.4byte	0x9a2
 4926 2551 1C08     		.2byte	0x81c
 4927 2553 14       		.uleb128 0x14
 4928 2554 58040000 		.4byte	.LASF496
 4929 2558 26       		.byte	0x26
 4930 2559 95       		.byte	0x95
 4931 255a 15       		.byte	0x15
 4932 255b A2090000 		.4byte	0x9a2
 4933 255f 2008     		.2byte	0x820
 4934 2561 14       		.uleb128 0x14
 4935 2562 FB030000 		.4byte	.LASF497
 4936 2566 26       		.byte	0x26
 4937 2567 96       		.byte	0x96
 4938 2568 15       		.byte	0x15
 4939 2569 A2090000 		.4byte	0x9a2
 4940 256d 2408     		.2byte	0x824
 4941 256f 14       		.uleb128 0x14
 4942 2570 1C010000 		.4byte	.LASF498
 4943 2574 26       		.byte	0x26
 4944 2575 97       		.byte	0x97
 4945 2576 15       		.byte	0x15
 4946 2577 A2090000 		.4byte	0x9a2
 4947 257b 2808     		.2byte	0x828
 4948 257d 14       		.uleb128 0x14
 4949 257e C1040000 		.4byte	.LASF499
 4950 2582 26       		.byte	0x26
 4951 2583 99       		.byte	0x99
 4952 2584 15       		.byte	0x15
 4953 2585 A2090000 		.4byte	0x9a2
 4954 2589 2C08     		.2byte	0x82c
 4955 258b 14       		.uleb128 0x14
 4956 258c 9E040000 		.4byte	.LASF500
 4957 2590 26       		.byte	0x26
 4958 2591 9B       		.byte	0x9b
 4959 2592 15       		.byte	0x15
ARM GAS  /tmp/cckyrRJs.s 			page 88


 4960 2593 A2090000 		.4byte	0x9a2
 4961 2597 3008     		.2byte	0x830
 4962 2599 14       		.uleb128 0x14
 4963 259a 79090000 		.4byte	.LASF501
 4964 259e 26       		.byte	0x26
 4965 259f 9C       		.byte	0x9c
 4966 25a0 15       		.byte	0x15
 4967 25a1 A2090000 		.4byte	0x9a2
 4968 25a5 3408     		.2byte	0x834
 4969 25a7 14       		.uleb128 0x14
 4970 25a8 B8040000 		.4byte	.LASF502
 4971 25ac 26       		.byte	0x26
 4972 25ad 9E       		.byte	0x9e
 4973 25ae 15       		.byte	0x15
 4974 25af A2090000 		.4byte	0x9a2
 4975 25b3 3808     		.2byte	0x838
 4976 25b5 14       		.uleb128 0x14
 4977 25b6 D7040000 		.4byte	.LASF503
 4978 25ba 26       		.byte	0x26
 4979 25bb 9F       		.byte	0x9f
 4980 25bc 15       		.byte	0x15
 4981 25bd A2090000 		.4byte	0x9a2
 4982 25c1 3C08     		.2byte	0x83c
 4983 25c3 14       		.uleb128 0x14
 4984 25c4 2E050000 		.4byte	.LASF504
 4985 25c8 26       		.byte	0x26
 4986 25c9 A0       		.byte	0xa0
 4987 25ca 15       		.byte	0x15
 4988 25cb C9260000 		.4byte	0x26c9
 4989 25cf 4008     		.2byte	0x840
 4990 25d1 14       		.uleb128 0x14
 4991 25d2 22090000 		.4byte	.LASF505
 4992 25d6 26       		.byte	0x26
 4993 25d7 A1       		.byte	0xa1
 4994 25d8 15       		.byte	0x15
 4995 25d9 C9260000 		.4byte	0x26c9
 4996 25dd 8008     		.2byte	0x880
 4997 25df 14       		.uleb128 0x14
 4998 25e0 A40B0000 		.4byte	.LASF506
 4999 25e4 26       		.byte	0x26
 5000 25e5 A2       		.byte	0xa2
 5001 25e6 15       		.byte	0x15
 5002 25e7 C9260000 		.4byte	0x26c9
 5003 25eb C008     		.2byte	0x8c0
 5004 25ed 2A       		.uleb128 0x2a
 5005 25ee 696500   		.ascii	"ie\000"
 5006 25f1 26       		.byte	0x26
 5007 25f2 A3       		.byte	0xa3
 5008 25f3 15       		.byte	0x15
 5009 25f4 CE260000 		.4byte	0x26ce
 5010 25f8 0009     		.2byte	0x900
 5011 25fa 2A       		.uleb128 0x2a
 5012 25fb 6F6500   		.ascii	"oe\000"
 5013 25fe 26       		.byte	0x26
 5014 25ff A4       		.byte	0xa4
 5015 2600 16       		.byte	0x16
 5016 2601 DE260000 		.4byte	0x26de
ARM GAS  /tmp/cckyrRJs.s 			page 89


 5017 2605 000B     		.2byte	0xb00
 5018 2607 14       		.uleb128 0x14
 5019 2608 A7070000 		.4byte	.LASF507
 5020 260c 26       		.byte	0x26
 5021 260d A5       		.byte	0xa5
 5022 260e 15       		.byte	0x15
 5023 260f B4260000 		.4byte	0x26b4
 5024 2613 000D     		.2byte	0xd00
 5025 2615 14       		.uleb128 0x14
 5026 2616 68190000 		.4byte	.LASF508
 5027 261a 26       		.byte	0x26
 5028 261b A6       		.byte	0xa6
 5029 261c 15       		.byte	0x15
 5030 261d A2090000 		.4byte	0x9a2
 5031 2621 000E     		.2byte	0xe00
 5032 2623 14       		.uleb128 0x14
 5033 2624 410A0000 		.4byte	.LASF509
 5034 2628 26       		.byte	0x26
 5035 2629 A8       		.byte	0xa8
 5036 262a 15       		.byte	0x15
 5037 262b FE260000 		.4byte	0x26fe
 5038 262f 040E     		.2byte	0xe04
 5039 2631 14       		.uleb128 0x14
 5040 2632 30190000 		.4byte	.LASF510
 5041 2636 26       		.byte	0x26
 5042 2637 A9       		.byte	0xa9
 5043 2638 15       		.byte	0x15
 5044 2639 1A270000 		.4byte	0x271a
 5045 263d 0010     		.2byte	0x1000
 5046 263f 00       		.byte	0
 5047 2640 0D       		.uleb128 0xd
 5048 2641 A2090000 		.4byte	0x9a2
 5049 2645 50260000 		.4byte	0x2650
 5050 2649 0E       		.uleb128 0xe
 5051 264a 9D000000 		.4byte	0x9d
 5052 264e 2F       		.byte	0x2f
 5053 264f 00       		.byte	0
 5054 2650 06       		.uleb128 0x6
 5055 2651 40260000 		.4byte	0x2640
 5056 2655 0D       		.uleb128 0xd
 5057 2656 A2090000 		.4byte	0x9a2
 5058 265a 65260000 		.4byte	0x2665
 5059 265e 0E       		.uleb128 0xe
 5060 265f 9D000000 		.4byte	0x9d
 5061 2663 AF       		.byte	0xaf
 5062 2664 00       		.byte	0
 5063 2665 06       		.uleb128 0x6
 5064 2666 55260000 		.4byte	0x2655
 5065 266a 0D       		.uleb128 0xd
 5066 266b A2090000 		.4byte	0x9a2
 5067 266f 7A260000 		.4byte	0x267a
 5068 2673 0E       		.uleb128 0xe
 5069 2674 9D000000 		.4byte	0x9d
 5070 2678 08       		.byte	0x8
 5071 2679 00       		.byte	0
 5072 267a 06       		.uleb128 0x6
 5073 267b 6A260000 		.4byte	0x266a
ARM GAS  /tmp/cckyrRJs.s 			page 90


 5074 267f 0D       		.uleb128 0xd
 5075 2680 A2090000 		.4byte	0x9a2
 5076 2684 8F260000 		.4byte	0x268f
 5077 2688 0E       		.uleb128 0xe
 5078 2689 9D000000 		.4byte	0x9d
 5079 268d 2E       		.byte	0x2e
 5080 268e 00       		.byte	0
 5081 268f 06       		.uleb128 0x6
 5082 2690 7F260000 		.4byte	0x267f
 5083 2694 0D       		.uleb128 0xd
 5084 2695 21220000 		.4byte	0x2221
 5085 2699 A4260000 		.4byte	0x26a4
 5086 269d 0E       		.uleb128 0xe
 5087 269e 9D000000 		.4byte	0x9d
 5088 26a2 0F       		.byte	0xf
 5089 26a3 00       		.byte	0
 5090 26a4 0D       		.uleb128 0xd
 5091 26a5 A2090000 		.4byte	0x9a2
 5092 26a9 B4260000 		.4byte	0x26b4
 5093 26ad 0E       		.uleb128 0xe
 5094 26ae 9D000000 		.4byte	0x9d
 5095 26b2 3F       		.byte	0x3f
 5096 26b3 00       		.byte	0
 5097 26b4 06       		.uleb128 0x6
 5098 26b5 A4260000 		.4byte	0x26a4
 5099 26b9 0D       		.uleb128 0xd
 5100 26ba A2090000 		.4byte	0x9a2
 5101 26be C9260000 		.4byte	0x26c9
 5102 26c2 0E       		.uleb128 0xe
 5103 26c3 9D000000 		.4byte	0x9d
 5104 26c7 0F       		.byte	0xf
 5105 26c8 00       		.byte	0
 5106 26c9 06       		.uleb128 0x6
 5107 26ca B9260000 		.4byte	0x26b9
 5108 26ce 0D       		.uleb128 0xd
 5109 26cf 9F220000 		.4byte	0x229f
 5110 26d3 DE260000 		.4byte	0x26de
 5111 26d7 0E       		.uleb128 0xe
 5112 26d8 9D000000 		.4byte	0x9d
 5113 26dc 0F       		.byte	0xf
 5114 26dd 00       		.byte	0
 5115 26de 0D       		.uleb128 0xd
 5116 26df 1D230000 		.4byte	0x231d
 5117 26e3 EE260000 		.4byte	0x26ee
 5118 26e7 0E       		.uleb128 0xe
 5119 26e8 9D000000 		.4byte	0x9d
 5120 26ec 0F       		.byte	0xf
 5121 26ed 00       		.byte	0
 5122 26ee 0D       		.uleb128 0xd
 5123 26ef A2090000 		.4byte	0x9a2
 5124 26f3 FE260000 		.4byte	0x26fe
 5125 26f7 0E       		.uleb128 0xe
 5126 26f8 9D000000 		.4byte	0x9d
 5127 26fc 7E       		.byte	0x7e
 5128 26fd 00       		.byte	0
 5129 26fe 06       		.uleb128 0x6
 5130 26ff EE260000 		.4byte	0x26ee
ARM GAS  /tmp/cckyrRJs.s 			page 91


 5131 2703 0D       		.uleb128 0xd
 5132 2704 A2090000 		.4byte	0x9a2
 5133 2708 1A270000 		.4byte	0x271a
 5134 270c 0E       		.uleb128 0xe
 5135 270d 9D000000 		.4byte	0x9d
 5136 2711 0F       		.byte	0xf
 5137 2712 2B       		.uleb128 0x2b
 5138 2713 9D000000 		.4byte	0x9d
 5139 2717 FF03     		.2byte	0x3ff
 5140 2719 00       		.byte	0
 5141 271a 06       		.uleb128 0x6
 5142 271b 03270000 		.4byte	0x2703
 5143 271f 03       		.uleb128 0x3
 5144 2720 411B0000 		.4byte	.LASF511
 5145 2724 26       		.byte	0x26
 5146 2725 AA       		.byte	0xaa
 5147 2726 03       		.byte	0x3
 5148 2727 29230000 		.4byte	0x2329
 5149 272b 1C       		.uleb128 0x1c
 5150 272c 0C       		.byte	0xc
 5151 272d 25       		.byte	0x25
 5152 272e 0401     		.2byte	0x104
 5153 2730 09       		.byte	0x9
 5154 2731 60270000 		.4byte	0x2760
 5155 2735 19       		.uleb128 0x19
 5156 2736 68060000 		.4byte	.LASF512
 5157 273a 25       		.byte	0x25
 5158 273b 0501     		.2byte	0x105
 5159 273d 21       		.byte	0x21
 5160 273e 96090000 		.4byte	0x996
 5161 2742 00       		.byte	0
 5162 2743 19       		.uleb128 0x19
 5163 2744 74070000 		.4byte	.LASF513
 5164 2748 25       		.byte	0x25
 5165 2749 0601     		.2byte	0x106
 5166 274b 21       		.byte	0x21
 5167 274c 96090000 		.4byte	0x996
 5168 2750 04       		.byte	0x4
 5169 2751 19       		.uleb128 0x19
 5170 2752 4A0A0000 		.4byte	.LASF514
 5171 2756 25       		.byte	0x25
 5172 2757 0701     		.2byte	0x107
 5173 2759 21       		.byte	0x21
 5174 275a 96090000 		.4byte	0x996
 5175 275e 08       		.byte	0x8
 5176 275f 00       		.byte	0
 5177 2760 0A       		.uleb128 0xa
 5178 2761 94070000 		.4byte	.LASF515
 5179 2765 25       		.byte	0x25
 5180 2766 0801     		.2byte	0x108
 5181 2768 03       		.byte	0x3
 5182 2769 2B270000 		.4byte	0x272b
 5183 276d 05       		.uleb128 0x5
 5184 276e 60270000 		.4byte	0x2760
 5185 2772 1C       		.uleb128 0x1c
 5186 2773 10       		.byte	0x10
 5187 2774 25       		.byte	0x25
ARM GAS  /tmp/cckyrRJs.s 			page 92


 5188 2775 0D01     		.2byte	0x10d
 5189 2777 09       		.byte	0x9
 5190 2778 B5270000 		.4byte	0x27b5
 5191 277c 19       		.uleb128 0x19
 5192 277d 930C0000 		.4byte	.LASF516
 5193 2781 25       		.byte	0x25
 5194 2782 1101     		.2byte	0x111
 5195 2784 21       		.byte	0x21
 5196 2785 A4000000 		.4byte	0xa4
 5197 2789 00       		.byte	0
 5198 278a 19       		.uleb128 0x19
 5199 278b EC180000 		.4byte	.LASF517
 5200 278f 25       		.byte	0x25
 5201 2790 1501     		.2byte	0x115
 5202 2792 21       		.byte	0x21
 5203 2793 A4000000 		.4byte	0xa4
 5204 2797 04       		.byte	0x4
 5205 2798 19       		.uleb128 0x19
 5206 2799 62190000 		.4byte	.LASF518
 5207 279d 25       		.byte	0x25
 5208 279e 1901     		.2byte	0x119
 5209 27a0 22       		.byte	0x22
 5210 27a1 D0160000 		.4byte	0x16d0
 5211 27a5 08       		.byte	0x8
 5212 27a6 19       		.uleb128 0x19
 5213 27a7 580A0000 		.4byte	.LASF519
 5214 27ab 25       		.byte	0x25
 5215 27ac 2401     		.2byte	0x124
 5216 27ae 21       		.byte	0x21
 5217 27af A4000000 		.4byte	0xa4
 5218 27b3 0C       		.byte	0xc
 5219 27b4 00       		.byte	0
 5220 27b5 0A       		.uleb128 0xa
 5221 27b6 EB0A0000 		.4byte	.LASF520
 5222 27ba 25       		.byte	0x25
 5223 27bb 2501     		.2byte	0x125
 5224 27bd 03       		.byte	0x3
 5225 27be 72270000 		.4byte	0x2772
 5226 27c2 1C       		.uleb128 0x1c
 5227 27c3 10       		.byte	0x10
 5228 27c4 25       		.byte	0x25
 5229 27c5 2A01     		.2byte	0x12a
 5230 27c7 09       		.byte	0x9
 5231 27c8 05280000 		.4byte	0x2805
 5232 27cc 19       		.uleb128 0x19
 5233 27cd 700D0000 		.4byte	.LASF521
 5234 27d1 25       		.byte	0x25
 5235 27d2 2E01     		.2byte	0x12e
 5236 27d4 21       		.byte	0x21
 5237 27d5 A4000000 		.4byte	0xa4
 5238 27d9 00       		.byte	0
 5239 27da 19       		.uleb128 0x19
 5240 27db 57070000 		.4byte	.LASF522
 5241 27df 25       		.byte	0x25
 5242 27e0 3201     		.2byte	0x132
 5243 27e2 21       		.byte	0x21
 5244 27e3 A4000000 		.4byte	0xa4
ARM GAS  /tmp/cckyrRJs.s 			page 93


 5245 27e7 04       		.byte	0x4
 5246 27e8 19       		.uleb128 0x19
 5247 27e9 B0070000 		.4byte	.LASF374
 5248 27ed 25       		.byte	0x25
 5249 27ee 3601     		.2byte	0x136
 5250 27f0 22       		.byte	0x22
 5251 27f1 F2120000 		.4byte	0x12f2
 5252 27f5 08       		.byte	0x8
 5253 27f6 19       		.uleb128 0x19
 5254 27f7 580A0000 		.4byte	.LASF519
 5255 27fb 25       		.byte	0x25
 5256 27fc 4101     		.2byte	0x141
 5257 27fe 21       		.byte	0x21
 5258 27ff A4000000 		.4byte	0xa4
 5259 2803 0C       		.byte	0xc
 5260 2804 00       		.byte	0
 5261 2805 0A       		.uleb128 0xa
 5262 2806 EA140000 		.4byte	.LASF523
 5263 280a 25       		.byte	0x25
 5264 280b 4201     		.2byte	0x142
 5265 280d 03       		.byte	0x3
 5266 280e C2270000 		.4byte	0x27c2
 5267 2812 1C       		.uleb128 0x1c
 5268 2813 24       		.byte	0x24
 5269 2814 25       		.byte	0x25
 5270 2815 4801     		.2byte	0x148
 5271 2817 09       		.byte	0x9
 5272 2818 A9280000 		.4byte	0x28a9
 5273 281c 19       		.uleb128 0x19
 5274 281d 770F0000 		.4byte	.LASF524
 5275 2821 25       		.byte	0x25
 5276 2822 4C01     		.2byte	0x14c
 5277 2824 21       		.byte	0x21
 5278 2825 96090000 		.4byte	0x996
 5279 2829 00       		.byte	0
 5280 282a 19       		.uleb128 0x19
 5281 282b 75060000 		.4byte	.LASF525
 5282 282f 25       		.byte	0x25
 5283 2830 5701     		.2byte	0x157
 5284 2832 21       		.byte	0x21
 5285 2833 10210000 		.4byte	0x2110
 5286 2837 04       		.byte	0x4
 5287 2838 19       		.uleb128 0x19
 5288 2839 1C100000 		.4byte	.LASF526
 5289 283d 25       		.byte	0x25
 5290 283e 5C01     		.2byte	0x15c
 5291 2840 21       		.byte	0x21
 5292 2841 10210000 		.4byte	0x2110
 5293 2845 08       		.byte	0x8
 5294 2846 19       		.uleb128 0x19
 5295 2847 05080000 		.4byte	.LASF527
 5296 284b 25       		.byte	0x25
 5297 284c 6101     		.2byte	0x161
 5298 284e 21       		.byte	0x21
 5299 284f 10210000 		.4byte	0x2110
 5300 2853 0C       		.byte	0xc
 5301 2854 19       		.uleb128 0x19
ARM GAS  /tmp/cckyrRJs.s 			page 94


 5302 2855 5E1B0000 		.4byte	.LASF528
 5303 2859 25       		.byte	0x25
 5304 285a 6601     		.2byte	0x166
 5305 285c 21       		.byte	0x21
 5306 285d 74090000 		.4byte	0x974
 5307 2861 10       		.byte	0x10
 5308 2862 19       		.uleb128 0x19
 5309 2863 A30A0000 		.4byte	.LASF529
 5310 2867 25       		.byte	0x25
 5311 2868 6B01     		.2byte	0x16b
 5312 286a 21       		.byte	0x21
 5313 286b 74090000 		.4byte	0x974
 5314 286f 12       		.byte	0x12
 5315 2870 19       		.uleb128 0x19
 5316 2871 261A0000 		.4byte	.LASF530
 5317 2875 25       		.byte	0x25
 5318 2876 7101     		.2byte	0x171
 5319 2878 22       		.byte	0x22
 5320 2879 A9280000 		.4byte	0x28a9
 5321 287d 14       		.byte	0x14
 5322 287e 19       		.uleb128 0x19
 5323 287f A7090000 		.4byte	.LASF531
 5324 2883 25       		.byte	0x25
 5325 2884 7701     		.2byte	0x177
 5326 2886 22       		.byte	0x22
 5327 2887 AF280000 		.4byte	0x28af
 5328 288b 18       		.byte	0x18
 5329 288c 19       		.uleb128 0x19
 5330 288d 010C0000 		.4byte	.LASF532
 5331 2891 25       		.byte	0x25
 5332 2892 7E01     		.2byte	0x17e
 5333 2894 21       		.byte	0x21
 5334 2895 74090000 		.4byte	0x974
 5335 2899 1C       		.byte	0x1c
 5336 289a 19       		.uleb128 0x19
 5337 289b A0190000 		.4byte	.LASF533
 5338 289f 25       		.byte	0x25
 5339 28a0 8401     		.2byte	0x184
 5340 28a2 22       		.byte	0x22
 5341 28a3 F2120000 		.4byte	0x12f2
 5342 28a7 20       		.byte	0x20
 5343 28a8 00       		.byte	0
 5344 28a9 08       		.uleb128 0x8
 5345 28aa 04       		.byte	0x4
 5346 28ab B5270000 		.4byte	0x27b5
 5347 28af 08       		.uleb128 0x8
 5348 28b0 04       		.byte	0x4
 5349 28b1 05280000 		.4byte	0x2805
 5350 28b5 0A       		.uleb128 0xa
 5351 28b6 21160000 		.4byte	.LASF534
 5352 28ba 25       		.byte	0x25
 5353 28bb 8501     		.2byte	0x185
 5354 28bd 03       		.byte	0x3
 5355 28be 12280000 		.4byte	0x2812
 5356 28c2 05       		.uleb128 0x5
 5357 28c3 B5280000 		.4byte	0x28b5
 5358 28c7 1C       		.uleb128 0x1c
ARM GAS  /tmp/cckyrRJs.s 			page 95


 5359 28c8 10       		.byte	0x10
 5360 28c9 25       		.byte	0x25
 5361 28ca 8A01     		.2byte	0x18a
 5362 28cc 09       		.byte	0x9
 5363 28cd 0A290000 		.4byte	0x290a
 5364 28d1 19       		.uleb128 0x19
 5365 28d2 A4030000 		.4byte	.LASF535
 5366 28d6 25       		.byte	0x25
 5367 28d7 8F01     		.2byte	0x18f
 5368 28d9 21       		.byte	0x21
 5369 28da 33210000 		.4byte	0x2133
 5370 28de 00       		.byte	0
 5371 28df 19       		.uleb128 0x19
 5372 28e0 F2180000 		.4byte	.LASF536
 5373 28e4 25       		.byte	0x25
 5374 28e5 9401     		.2byte	0x194
 5375 28e7 21       		.byte	0x21
 5376 28e8 78210000 		.4byte	0x2178
 5377 28ec 04       		.byte	0x4
 5378 28ed 19       		.uleb128 0x19
 5379 28ee 730C0000 		.4byte	.LASF537
 5380 28f2 25       		.byte	0x25
 5381 28f3 9A01     		.2byte	0x19a
 5382 28f5 21       		.byte	0x21
 5383 28f6 56210000 		.4byte	0x2156
 5384 28fa 08       		.byte	0x8
 5385 28fb 19       		.uleb128 0x19
 5386 28fc 80010000 		.4byte	.LASF538
 5387 2900 25       		.byte	0x25
 5388 2901 9E01     		.2byte	0x19e
 5389 2903 21       		.byte	0x21
 5390 2904 EC200000 		.4byte	0x20ec
 5391 2908 0C       		.byte	0xc
 5392 2909 00       		.byte	0
 5393 290a 0A       		.uleb128 0xa
 5394 290b AD0B0000 		.4byte	.LASF539
 5395 290f 25       		.byte	0x25
 5396 2910 A001     		.2byte	0x1a0
 5397 2912 03       		.byte	0x3
 5398 2913 C7280000 		.4byte	0x28c7
 5399 2917 05       		.uleb128 0x5
 5400 2918 0A290000 		.4byte	0x290a
 5401 291c 08       		.uleb128 0x8
 5402 291d 04       		.byte	0x4
 5403 291e 17290000 		.4byte	0x2917
 5404 2922 0D       		.uleb128 0xd
 5405 2923 32290000 		.4byte	0x2932
 5406 2927 32290000 		.4byte	0x2932
 5407 292b 0E       		.uleb128 0xe
 5408 292c 9D000000 		.4byte	0x9d
 5409 2930 03       		.byte	0x3
 5410 2931 00       		.byte	0
 5411 2932 08       		.uleb128 0x8
 5412 2933 04       		.byte	0x4
 5413 2934 C2280000 		.4byte	0x28c2
 5414 2938 0D       		.uleb128 0xd
 5415 2939 BC000000 		.4byte	0xbc
ARM GAS  /tmp/cckyrRJs.s 			page 96


 5416 293d 48290000 		.4byte	0x2948
 5417 2941 0E       		.uleb128 0xe
 5418 2942 9D000000 		.4byte	0x9d
 5419 2946 02       		.byte	0x2
 5420 2947 00       		.byte	0
 5421 2948 0D       		.uleb128 0xd
 5422 2949 63090000 		.4byte	0x963
 5423 294d 58290000 		.4byte	0x2958
 5424 2951 0E       		.uleb128 0xe
 5425 2952 9D000000 		.4byte	0x9d
 5426 2956 07       		.byte	0x7
 5427 2957 00       		.byte	0
 5428 2958 08       		.uleb128 0x8
 5429 2959 04       		.byte	0x4
 5430 295a 1F270000 		.4byte	0x271f
 5431 295e 08       		.uleb128 0x8
 5432 295f 04       		.byte	0x4
 5433 2960 6D270000 		.4byte	0x276d
 5434 2964 20       		.uleb128 0x20
 5435 2965 76000000 		.4byte	.LASF540
 5436 2969 25       		.byte	0x25
 5437 296a 3A02     		.2byte	0x23a
 5438 296c 12       		.byte	0x12
 5439 296d B11E0000 		.4byte	0x1eb1
 5440 2971 26       		.uleb128 0x26
 5441 2972 07       		.byte	0x7
 5442 2973 01       		.byte	0x1
 5443 2974 30000000 		.4byte	0x30
 5444 2978 27       		.byte	0x27
 5445 2979 4F       		.byte	0x4f
 5446 297a 0E       		.byte	0xe
 5447 297b 92290000 		.4byte	0x2992
 5448 297f 27       		.uleb128 0x27
 5449 2980 C5070000 		.4byte	.LASF541
 5450 2984 00       		.byte	0
 5451 2985 27       		.uleb128 0x27
 5452 2986 00110000 		.4byte	.LASF542
 5453 298a 01       		.byte	0x1
 5454 298b 27       		.uleb128 0x27
 5455 298c 1C050000 		.4byte	.LASF543
 5456 2990 02       		.byte	0x2
 5457 2991 00       		.byte	0
 5458 2992 03       		.uleb128 0x3
 5459 2993 77050000 		.4byte	.LASF544
 5460 2997 27       		.byte	0x27
 5461 2998 53       		.byte	0x53
 5462 2999 03       		.byte	0x3
 5463 299a 71290000 		.4byte	0x2971
 5464 299e 03       		.uleb128 0x3
 5465 299f FE040000 		.4byte	.LASF545
 5466 29a3 27       		.byte	0x27
 5467 29a4 58       		.byte	0x58
 5468 29a5 20       		.byte	0x20
 5469 29a6 AA290000 		.4byte	0x29aa
 5470 29aa 13       		.uleb128 0x13
 5471 29ab FE040000 		.4byte	.LASF545
 5472 29af 9010     		.2byte	0x1090
ARM GAS  /tmp/cckyrRJs.s 			page 97


 5473 29b1 27       		.byte	0x27
 5474 29b2 9F       		.byte	0x9f
 5475 29b3 08       		.byte	0x8
 5476 29b4 212A0000 		.4byte	0x2a21
 5477 29b8 12       		.uleb128 0x12
 5478 29b9 766D7400 		.ascii	"vmt\000"
 5479 29bd 27       		.byte	0x27
 5480 29be A1       		.byte	0xa1
 5481 29bf 24       		.byte	0x24
 5482 29c0 052B0000 		.4byte	0x2b05
 5483 29c4 00       		.byte	0
 5484 29c5 10       		.uleb128 0x10
 5485 29c6 1F000000 		.4byte	.LASF546
 5486 29ca 27       		.byte	0x27
 5487 29cb A2       		.byte	0xa2
 5488 29cc 03       		.byte	0x3
 5489 29cd 95120000 		.4byte	0x1295
 5490 29d1 04       		.byte	0x4
 5491 29d2 10       		.uleb128 0x10
 5492 29d3 970E0000 		.4byte	.LASF151
 5493 29d7 27       		.byte	0x27
 5494 29d8 A2       		.byte	0xa2
 5495 29d9 03       		.byte	0x3
 5496 29da 92290000 		.4byte	0x2992
 5497 29de 08       		.byte	0x8
 5498 29df 10       		.uleb128 0x10
 5499 29e0 35130000 		.4byte	.LASF547
 5500 29e4 27       		.byte	0x27
 5501 29e5 A2       		.byte	0xa2
 5502 29e6 03       		.byte	0x3
 5503 29e7 D8180000 		.4byte	0x18d8
 5504 29eb 0C       		.byte	0xc
 5505 29ec 10       		.uleb128 0x10
 5506 29ed 370B0000 		.4byte	.LASF548
 5507 29f1 27       		.byte	0x27
 5508 29f2 A2       		.byte	0xa2
 5509 29f3 03       		.byte	0x3
 5510 29f4 E4180000 		.4byte	0x18e4
 5511 29f8 44       		.byte	0x44
 5512 29f9 12       		.uleb128 0x12
 5513 29fa 696200   		.ascii	"ib\000"
 5514 29fd 27       		.byte	0x27
 5515 29fe A2       		.byte	0xa2
 5516 29ff 03       		.byte	0x3
 5517 2a00 0B2B0000 		.4byte	0x2b0b
 5518 2a04 7C       		.byte	0x7c
 5519 2a05 2A       		.uleb128 0x2a
 5520 2a06 6F6200   		.ascii	"ob\000"
 5521 2a09 27       		.byte	0x27
 5522 2a0a A2       		.byte	0xa2
 5523 2a0b 03       		.byte	0x3
 5524 2a0c 0B2B0000 		.4byte	0x2b0b
 5525 2a10 8408     		.2byte	0x884
 5526 2a12 14       		.uleb128 0x14
 5527 2a13 02140000 		.4byte	.LASF330
 5528 2a17 27       		.byte	0x27
 5529 2a18 A2       		.byte	0xa2
ARM GAS  /tmp/cckyrRJs.s 			page 98


 5530 2a19 03       		.byte	0x3
 5531 2a1a 1C2B0000 		.4byte	0x2b1c
 5532 2a1e 8C10     		.2byte	0x108c
 5533 2a20 00       		.byte	0
 5534 2a21 0F       		.uleb128 0xf
 5535 2a22 08       		.byte	0x8
 5536 2a23 27       		.byte	0x27
 5537 2a24 5F       		.byte	0x5f
 5538 2a25 09       		.byte	0x9
 5539 2a26 5F2A0000 		.4byte	0x2a5f
 5540 2a2a 10       		.uleb128 0x10
 5541 2a2b EA170000 		.4byte	.LASF549
 5542 2a2f 27       		.byte	0x27
 5543 2a30 63       		.byte	0x63
 5544 2a31 1E       		.byte	0x1e
 5545 2a32 0A210000 		.4byte	0x210a
 5546 2a36 00       		.byte	0
 5547 2a37 10       		.uleb128 0x10
 5548 2a38 AF0A0000 		.4byte	.LASF550
 5549 2a3c 27       		.byte	0x27
 5550 2a3d 67       		.byte	0x67
 5551 2a3e 1D       		.byte	0x1d
 5552 2a3f D71F0000 		.4byte	0x1fd7
 5553 2a43 04       		.byte	0x4
 5554 2a44 10       		.uleb128 0x10
 5555 2a45 BD030000 		.4byte	.LASF551
 5556 2a49 27       		.byte	0x27
 5557 2a4a 6B       		.byte	0x6b
 5558 2a4b 1D       		.byte	0x1d
 5559 2a4c D71F0000 		.4byte	0x1fd7
 5560 2a50 05       		.byte	0x5
 5561 2a51 10       		.uleb128 0x10
 5562 2a52 550B0000 		.4byte	.LASF552
 5563 2a56 27       		.byte	0x27
 5564 2a57 71       		.byte	0x71
 5565 2a58 1D       		.byte	0x1d
 5566 2a59 D71F0000 		.4byte	0x1fd7
 5567 2a5d 06       		.byte	0x6
 5568 2a5e 00       		.byte	0
 5569 2a5f 03       		.uleb128 0x3
 5570 2a60 66180000 		.4byte	.LASF553
 5571 2a64 27       		.byte	0x27
 5572 2a65 72       		.byte	0x72
 5573 2a66 03       		.byte	0x3
 5574 2a67 212A0000 		.4byte	0x2a21
 5575 2a6b 05       		.uleb128 0x5
 5576 2a6c 5F2A0000 		.4byte	0x2a5f
 5577 2a70 11       		.uleb128 0x11
 5578 2a71 B90F0000 		.4byte	.LASF554
 5579 2a75 28       		.byte	0x28
 5580 2a76 27       		.byte	0x27
 5581 2a77 94       		.byte	0x94
 5582 2a78 08       		.byte	0x8
 5583 2a79 002B0000 		.4byte	0x2b00
 5584 2a7d 10       		.uleb128 0x10
 5585 2a7e 25010000 		.4byte	.LASF290
 5586 2a82 27       		.byte	0x27
ARM GAS  /tmp/cckyrRJs.s 			page 99


 5587 2a83 95       		.byte	0x95
 5588 2a84 03       		.byte	0x3
 5589 2a85 A4000000 		.4byte	0xa4
 5590 2a89 00       		.byte	0
 5591 2a8a 10       		.uleb128 0x10
 5592 2a8b 0B100000 		.4byte	.LASF291
 5593 2a8f 27       		.byte	0x27
 5594 2a90 95       		.byte	0x95
 5595 2a91 03       		.byte	0x3
 5596 2a92 D6160000 		.4byte	0x16d6
 5597 2a96 04       		.byte	0x4
 5598 2a97 10       		.uleb128 0x10
 5599 2a98 56010000 		.4byte	.LASF292
 5600 2a9c 27       		.byte	0x27
 5601 2a9d 95       		.byte	0x95
 5602 2a9e 03       		.byte	0x3
 5603 2a9f F5160000 		.4byte	0x16f5
 5604 2aa3 08       		.byte	0x8
 5605 2aa4 12       		.uleb128 0x12
 5606 2aa5 70757400 		.ascii	"put\000"
 5607 2aa9 27       		.byte	0x27
 5608 2aaa 95       		.byte	0x95
 5609 2aab 03       		.byte	0x3
 5610 2aac 0F170000 		.4byte	0x170f
 5611 2ab0 0C       		.byte	0xc
 5612 2ab1 12       		.uleb128 0x12
 5613 2ab2 67657400 		.ascii	"get\000"
 5614 2ab6 27       		.byte	0x27
 5615 2ab7 95       		.byte	0x95
 5616 2ab8 03       		.byte	0x3
 5617 2ab9 24170000 		.4byte	0x1724
 5618 2abd 10       		.byte	0x10
 5619 2abe 10       		.uleb128 0x10
 5620 2abf 9F0D0000 		.4byte	.LASF555
 5621 2ac3 27       		.byte	0x27
 5622 2ac4 95       		.byte	0x95
 5623 2ac5 03       		.byte	0x3
 5624 2ac6 6C170000 		.4byte	0x176c
 5625 2aca 14       		.byte	0x14
 5626 2acb 10       		.uleb128 0x10
 5627 2acc ED0F0000 		.4byte	.LASF556
 5628 2ad0 27       		.byte	0x27
 5629 2ad1 95       		.byte	0x95
 5630 2ad2 03       		.byte	0x3
 5631 2ad3 86170000 		.4byte	0x1786
 5632 2ad7 18       		.byte	0x18
 5633 2ad8 10       		.uleb128 0x10
 5634 2ad9 9E180000 		.4byte	.LASF557
 5635 2add 27       		.byte	0x27
 5636 2ade 95       		.byte	0x95
 5637 2adf 03       		.byte	0x3
 5638 2ae0 AA170000 		.4byte	0x17aa
 5639 2ae4 1C       		.byte	0x1c
 5640 2ae5 10       		.uleb128 0x10
 5641 2ae6 DC0C0000 		.4byte	.LASF558
 5642 2aea 27       		.byte	0x27
 5643 2aeb 95       		.byte	0x95
ARM GAS  /tmp/cckyrRJs.s 			page 100


 5644 2aec 03       		.byte	0x3
 5645 2aed CE170000 		.4byte	0x17ce
 5646 2af1 20       		.byte	0x20
 5647 2af2 12       		.uleb128 0x12
 5648 2af3 63746C00 		.ascii	"ctl\000"
 5649 2af7 27       		.byte	0x27
 5650 2af8 95       		.byte	0x95
 5651 2af9 03       		.byte	0x3
 5652 2afa ED170000 		.4byte	0x17ed
 5653 2afe 24       		.byte	0x24
 5654 2aff 00       		.byte	0
 5655 2b00 05       		.uleb128 0x5
 5656 2b01 702A0000 		.4byte	0x2a70
 5657 2b05 08       		.uleb128 0x8
 5658 2b06 04       		.byte	0x4
 5659 2b07 002B0000 		.4byte	0x2b00
 5660 2b0b 0D       		.uleb128 0xd
 5661 2b0c 63090000 		.4byte	0x963
 5662 2b10 1C2B0000 		.4byte	0x2b1c
 5663 2b14 2B       		.uleb128 0x2b
 5664 2b15 9D000000 		.4byte	0x9d
 5665 2b19 0708     		.2byte	0x807
 5666 2b1b 00       		.byte	0
 5667 2b1c 08       		.uleb128 0x8
 5668 2b1d 04       		.byte	0x4
 5669 2b1e 6B2A0000 		.4byte	0x2a6b
 5670 2b22 03       		.uleb128 0x3
 5671 2b23 C60B0000 		.4byte	.LASF559
 5672 2b27 28       		.byte	0x28
 5673 2b28 7F       		.byte	0x7f
 5674 2b29 10       		.byte	0x10
 5675 2b2a 2E2B0000 		.4byte	0x2b2e
 5676 2b2e 08       		.uleb128 0x8
 5677 2b2f 04       		.byte	0x4
 5678 2b30 342B0000 		.4byte	0x2b34
 5679 2b34 1F       		.uleb128 0x1f
 5680 2b35 492B0000 		.4byte	0x2b49
 5681 2b39 17       		.uleb128 0x17
 5682 2b3a 492B0000 		.4byte	0x2b49
 5683 2b3e 17       		.uleb128 0x17
 5684 2b3f 91000000 		.4byte	0x91
 5685 2b43 17       		.uleb128 0x17
 5686 2b44 542B0000 		.4byte	0x2b54
 5687 2b48 00       		.byte	0
 5688 2b49 08       		.uleb128 0x8
 5689 2b4a 04       		.byte	0x4
 5690 2b4b 47170000 		.4byte	0x1747
 5691 2b4f 05       		.uleb128 0x5
 5692 2b50 492B0000 		.4byte	0x2b49
 5693 2b54 08       		.uleb128 0x8
 5694 2b55 04       		.byte	0x4
 5695 2b56 FF050000 		.4byte	0x5ff
 5696 2b5a 0F       		.uleb128 0xf
 5697 2b5b 08       		.byte	0x8
 5698 2b5c 28       		.byte	0x28
 5699 2b5d 84       		.byte	0x84
 5700 2b5e 09       		.byte	0x9
ARM GAS  /tmp/cckyrRJs.s 			page 101


 5701 2b5f 7E2B0000 		.4byte	0x2b7e
 5702 2b63 10       		.uleb128 0x10
 5703 2b64 E2130000 		.4byte	.LASF560
 5704 2b68 28       		.byte	0x28
 5705 2b69 85       		.byte	0x85
 5706 2b6a 1A       		.byte	0x1a
 5707 2b6b 35060000 		.4byte	0x635
 5708 2b6f 00       		.byte	0
 5709 2b70 10       		.uleb128 0x10
 5710 2b71 29150000 		.4byte	.LASF561
 5711 2b75 28       		.byte	0x28
 5712 2b76 86       		.byte	0x86
 5713 2b77 19       		.byte	0x19
 5714 2b78 222B0000 		.4byte	0x2b22
 5715 2b7c 04       		.byte	0x4
 5716 2b7d 00       		.byte	0
 5717 2b7e 03       		.uleb128 0x3
 5718 2b7f E9190000 		.4byte	.LASF562
 5719 2b83 28       		.byte	0x28
 5720 2b84 87       		.byte	0x87
 5721 2b85 03       		.byte	0x3
 5722 2b86 5A2B0000 		.4byte	0x2b5a
 5723 2b8a 05       		.uleb128 0x5
 5724 2b8b 7E2B0000 		.4byte	0x2b7e
 5725 2b8f 0F       		.uleb128 0xf
 5726 2b90 14       		.byte	0x14
 5727 2b91 28       		.byte	0x28
 5728 2b92 9C       		.byte	0x9c
 5729 2b93 09       		.byte	0x9
 5730 2b94 DA2B0000 		.4byte	0x2bda
 5731 2b98 10       		.uleb128 0x10
 5732 2b99 61010000 		.4byte	.LASF563
 5733 2b9d 28       		.byte	0x28
 5734 2b9e 9D       		.byte	0x9d
 5735 2b9f 1A       		.byte	0x1a
 5736 2ba0 492B0000 		.4byte	0x2b49
 5737 2ba4 00       		.byte	0
 5738 2ba5 10       		.uleb128 0x10
 5739 2ba6 4B070000 		.4byte	.LASF564
 5740 2baa 28       		.byte	0x28
 5741 2bab 9F       		.byte	0x9f
 5742 2bac 1A       		.byte	0x1a
 5743 2bad DA2B0000 		.4byte	0x2bda
 5744 2bb1 04       		.byte	0x4
 5745 2bb2 10       		.uleb128 0x10
 5746 2bb3 7F040000 		.4byte	.LASF565
 5747 2bb7 28       		.byte	0x28
 5748 2bb8 A2       		.byte	0xa2
 5749 2bb9 1A       		.byte	0x1a
 5750 2bba FF050000 		.4byte	0x5ff
 5751 2bbe 08       		.byte	0x8
 5752 2bbf 10       		.uleb128 0x10
 5753 2bc0 97100000 		.4byte	.LASF566
 5754 2bc4 28       		.byte	0x28
 5755 2bc5 A4       		.byte	0xa4
 5756 2bc6 19       		.byte	0x19
 5757 2bc7 98000000 		.4byte	0x98
ARM GAS  /tmp/cckyrRJs.s 			page 102


 5758 2bcb 0C       		.byte	0xc
 5759 2bcc 10       		.uleb128 0x10
 5760 2bcd ED030000 		.4byte	.LASF567
 5761 2bd1 28       		.byte	0x28
 5762 2bd2 A8       		.byte	0xa8
 5763 2bd3 1B       		.byte	0x1b
 5764 2bd4 542B0000 		.4byte	0x2b54
 5765 2bd8 10       		.byte	0x10
 5766 2bd9 00       		.byte	0
 5767 2bda 08       		.uleb128 0x8
 5768 2bdb 04       		.byte	0x4
 5769 2bdc 8A2B0000 		.4byte	0x2b8a
 5770 2be0 03       		.uleb128 0x3
 5771 2be1 48160000 		.4byte	.LASF568
 5772 2be5 28       		.byte	0x28
 5773 2be6 AB       		.byte	0xab
 5774 2be7 03       		.byte	0x3
 5775 2be8 8F2B0000 		.4byte	0x2b8f
 5776 2bec 05       		.uleb128 0x5
 5777 2bed E02B0000 		.4byte	0x2be0
 5778 2bf1 22       		.uleb128 0x22
 5779 2bf2 270D0000 		.4byte	.LASF569
 5780 2bf6 28       		.byte	0x28
 5781 2bf7 D6       		.byte	0xd6
 5782 2bf8 17       		.byte	0x17
 5783 2bf9 95120000 		.4byte	0x1295
 5784 2bfd 0F       		.uleb128 0xf
 5785 2bfe 08       		.byte	0x8
 5786 2bff 29       		.byte	0x29
 5787 2c00 17       		.byte	0x17
 5788 2c01 09       		.byte	0x9
 5789 2c02 2E2C0000 		.4byte	0x2c2e
 5790 2c06 10       		.uleb128 0x10
 5791 2c07 9A010000 		.4byte	.LASF570
 5792 2c0b 29       		.byte	0x29
 5793 2c0c 18       		.byte	0x18
 5794 2c0d 0B       		.byte	0xb
 5795 2c0e 63090000 		.4byte	0x963
 5796 2c12 00       		.byte	0
 5797 2c13 12       		.uleb128 0x12
 5798 2c14 73726300 		.ascii	"src\000"
 5799 2c18 29       		.byte	0x29
 5800 2c19 19       		.byte	0x19
 5801 2c1a 0B       		.byte	0xb
 5802 2c1b 63090000 		.4byte	0x963
 5803 2c1f 01       		.byte	0x1
 5804 2c20 10       		.uleb128 0x10
 5805 2c21 FE0A0000 		.4byte	.LASF571
 5806 2c25 29       		.byte	0x29
 5807 2c26 1A       		.byte	0x1a
 5808 2c27 0D       		.byte	0xd
 5809 2c28 600D0000 		.4byte	0xd60
 5810 2c2c 04       		.byte	0x4
 5811 2c2d 00       		.byte	0
 5812 2c2e 03       		.uleb128 0x3
 5813 2c2f 700E0000 		.4byte	.LASF572
 5814 2c33 29       		.byte	0x29
ARM GAS  /tmp/cckyrRJs.s 			page 103


 5815 2c34 1B       		.byte	0x1b
 5816 2c35 03       		.byte	0x3
 5817 2c36 FD2B0000 		.4byte	0x2bfd
 5818 2c3a 22       		.uleb128 0x22
 5819 2c3b F1000000 		.4byte	.LASF573
 5820 2c3f 2A       		.byte	0x2a
 5821 2c40 64       		.byte	0x64
 5822 2c41 0E       		.byte	0xe
 5823 2c42 FF050000 		.4byte	0x5ff
 5824 2c46 22       		.uleb128 0x22
 5825 2c47 56060000 		.4byte	.LASF574
 5826 2c4b 2B       		.byte	0x2b
 5827 2c4c 14       		.byte	0x14
 5828 2c4d 18       		.byte	0x18
 5829 2c4e 17290000 		.4byte	0x2917
 5830 2c52 22       		.uleb128 0x22
 5831 2c53 451A0000 		.4byte	.LASF575
 5832 2c57 2B       		.byte	0x2b
 5833 2c58 15       		.byte	0x15
 5834 2c59 18       		.byte	0x18
 5835 2c5a 5F2A0000 		.4byte	0x2a5f
 5836 2c5e 22       		.uleb128 0x22
 5837 2c5f 03070000 		.4byte	.LASF576
 5838 2c63 2B       		.byte	0x2b
 5839 2c64 16       		.byte	0x16
 5840 2c65 18       		.byte	0x18
 5841 2c66 9E290000 		.4byte	0x299e
 5842 2c6a 2C       		.uleb128 0x2c
 5843 2c6b 09010000 		.4byte	.LASF577
 5844 2c6f 2C       		.byte	0x2c
 5845 2c70 25       		.byte	0x25
 5846 2c71 1D       		.byte	0x1d
 5847 2c72 4F2B0000 		.4byte	0x2b4f
 5848 2c76 2D       		.uleb128 0x2d
 5849 2c77 64626700 		.ascii	"dbg\000"
 5850 2c7b 2C       		.byte	0x2c
 5851 2c7c 26       		.byte	0x26
 5852 2c7d 1D       		.byte	0x1d
 5853 2c7e 4F2B0000 		.4byte	0x2b4f
 5854 2c82 0D       		.uleb128 0xd
 5855 2c83 2E2C0000 		.4byte	0x2c2e
 5856 2c87 932C0000 		.4byte	0x2c93
 5857 2c8b 2B       		.uleb128 0x2b
 5858 2c8c 9D000000 		.4byte	0x9d
 5859 2c90 6F17     		.2byte	0x176f
 5860 2c92 00       		.byte	0
 5861 2c93 2C       		.uleb128 0x2c
 5862 2c94 18020000 		.4byte	.LASF578
 5863 2c98 2C       		.byte	0x2c
 5864 2c99 2B       		.byte	0x2b
 5865 2c9a 08       		.byte	0x8
 5866 2c9b 822C0000 		.4byte	0x2c82
 5867 2c9f 2C       		.uleb128 0x2c
 5868 2ca0 900B0000 		.4byte	.LASF579
 5869 2ca4 2C       		.byte	0x2c
 5870 2ca5 2C       		.byte	0x2c
 5871 2ca6 0A       		.byte	0xa
ARM GAS  /tmp/cckyrRJs.s 			page 104


 5872 2ca7 96090000 		.4byte	0x996
 5873 2cab 2C       		.uleb128 0x2c
 5874 2cac 27190000 		.4byte	.LASF580
 5875 2cb0 2C       		.byte	0x2c
 5876 2cb1 2C       		.byte	0x2c
 5877 2cb2 19       		.byte	0x19
 5878 2cb3 96090000 		.4byte	0x996
 5879 2cb7 2C       		.uleb128 0x2c
 5880 2cb8 C1020000 		.4byte	.LASF581
 5881 2cbc 2C       		.byte	0x2c
 5882 2cbd 2D       		.byte	0x2d
 5883 2cbe 0A       		.byte	0xa
 5884 2cbf 96090000 		.4byte	0x996
 5885 2cc3 2C       		.uleb128 0x2c
 5886 2cc4 FF020000 		.4byte	.LASF582
 5887 2cc8 2C       		.byte	0x2c
 5888 2cc9 2D       		.byte	0x2d
 5889 2cca 16       		.byte	0x16
 5890 2ccb 96090000 		.4byte	0x996
 5891 2ccf 2C       		.uleb128 0x2c
 5892 2cd0 58110000 		.4byte	.LASF583
 5893 2cd4 2C       		.byte	0x2c
 5894 2cd5 2E       		.byte	0x2e
 5895 2cd6 0A       		.byte	0xa
 5896 2cd7 74090000 		.4byte	0x974
 5897 2cdb 2C       		.uleb128 0x2c
 5898 2cdc E3020000 		.4byte	.LASF584
 5899 2ce0 2C       		.byte	0x2c
 5900 2ce1 2F       		.byte	0x2f
 5901 2ce2 09       		.byte	0x9
 5902 2ce3 63090000 		.4byte	0x963
 5903 2ce7 2C       		.uleb128 0x2c
 5904 2ce8 B1090000 		.4byte	.LASF585
 5905 2cec 2C       		.byte	0x2c
 5906 2ced 2F       		.byte	0x2f
 5907 2cee 1A       		.byte	0x1a
 5908 2cef 63090000 		.4byte	0x963
 5909 2cf3 2C       		.uleb128 0x2c
 5910 2cf4 71140000 		.4byte	.LASF586
 5911 2cf8 2C       		.byte	0x2c
 5912 2cf9 2F       		.byte	0x2f
 5913 2cfa 30       		.byte	0x30
 5914 2cfb 63090000 		.4byte	0x963
 5915 2cff 2C       		.uleb128 0x2c
 5916 2d00 BC180000 		.4byte	.LASF587
 5917 2d04 2C       		.byte	0x2c
 5918 2d05 30       		.byte	0x30
 5919 2d06 0B       		.byte	0xb
 5920 2d07 600D0000 		.4byte	0xd60
 5921 2d0b 2C       		.uleb128 0x2c
 5922 2d0c D90B0000 		.4byte	.LASF588
 5923 2d10 2C       		.byte	0x2c
 5924 2d11 30       		.byte	0x30
 5925 2d12 19       		.byte	0x19
 5926 2d13 600D0000 		.4byte	0xd60
 5927 2d17 2C       		.uleb128 0x2c
 5928 2d18 04040000 		.4byte	.LASF589
ARM GAS  /tmp/cckyrRJs.s 			page 105


 5929 2d1c 2C       		.byte	0x2c
 5930 2d1d 32       		.byte	0x32
 5931 2d1e 09       		.byte	0x9
 5932 2d1f 63090000 		.4byte	0x963
 5933 2d23 2C       		.uleb128 0x2c
 5934 2d24 74160000 		.4byte	.LASF590
 5935 2d28 2C       		.byte	0x2c
 5936 2d29 33       		.byte	0x33
 5937 2d2a 0A       		.byte	0xa
 5938 2d2b 96090000 		.4byte	0x996
 5939 2d2f 2C       		.uleb128 0x2c
 5940 2d30 3F060000 		.4byte	.LASF591
 5941 2d34 2C       		.byte	0x2c
 5942 2d35 34       		.byte	0x34
 5943 2d36 0A       		.byte	0xa
 5944 2d37 691B0000 		.4byte	0x1b69
 5945 2d3b 2C       		.uleb128 0x2c
 5946 2d3c 37050000 		.4byte	.LASF592
 5947 2d40 2C       		.byte	0x2c
 5948 2d41 34       		.byte	0x34
 5949 2d42 17       		.byte	0x17
 5950 2d43 691B0000 		.4byte	0x1b69
 5951 2d47 2C       		.uleb128 0x2c
 5952 2d48 BD0E0000 		.4byte	.LASF593
 5953 2d4c 2C       		.byte	0x2c
 5954 2d4d 35       		.byte	0x35
 5955 2d4e 0A       		.byte	0xa
 5956 2d4f 96090000 		.4byte	0x996
 5957 2d53 2E       		.uleb128 0x2e
 5958 2d54 8E180000 		.4byte	.LASF594
 5959 2d58 2C       		.byte	0x2c
 5960 2d59 3F       		.byte	0x3f
 5961 2d5a 10       		.byte	0x10
 5962 2d5b 63090000 		.4byte	0x963
 5963 2d5f 2E       		.uleb128 0x2e
 5964 2d60 AF130000 		.4byte	.LASF595
 5965 2d64 2C       		.byte	0x2c
 5966 2d65 3F       		.byte	0x3f
 5967 2d66 25       		.byte	0x25
 5968 2d67 63090000 		.4byte	0x963
 5969 2d6b 2F       		.uleb128 0x2f
 5970 2d6c 767400   		.ascii	"vt\000"
 5971 2d6f 2C       		.byte	0x2c
 5972 2d70 42       		.byte	0x42
 5973 2d71 18       		.byte	0x18
 5974 2d72 1E0C0000 		.4byte	0xc1e
 5975 2d76 2F       		.uleb128 0x2f
 5976 2d77 76743200 		.ascii	"vt2\000"
 5977 2d7b 2C       		.byte	0x2c
 5978 2d7c 42       		.byte	0x42
 5979 2d7d 1C       		.byte	0x1c
 5980 2d7e 1E0C0000 		.4byte	0xc1e
 5981 2d82 2C       		.uleb128 0x2c
 5982 2d83 35140000 		.4byte	.LASF596
 5983 2d87 2C       		.byte	0x2c
 5984 2d88 A3       		.byte	0xa3
 5985 2d89 0C       		.byte	0xc
ARM GAS  /tmp/cckyrRJs.s 			page 106


 5986 2d8a 661E0000 		.4byte	0x1e66
 5987 2d8e 2C       		.uleb128 0x2c
 5988 2d8f 3F140000 		.4byte	.LASF597
 5989 2d93 2C       		.byte	0x2c
 5990 2d94 B7       		.byte	0xb7
 5991 2d95 0C       		.byte	0xc
 5992 2d96 661E0000 		.4byte	0x1e66
 5993 2d9a 2C       		.uleb128 0x2c
 5994 2d9b 8F0E0000 		.4byte	.LASF598
 5995 2d9f 2C       		.byte	0x2c
 5996 2da0 DB       		.byte	0xdb
 5997 2da1 0B       		.byte	0xb
 5998 2da2 F11B0000 		.4byte	0x1bf1
 5999 2da6 0D       		.uleb128 0xd
 6000 2da7 05060000 		.4byte	0x605
 6001 2dab B72D0000 		.4byte	0x2db7
 6002 2daf 2B       		.uleb128 0x2b
 6003 2db0 9D000000 		.4byte	0x9d
 6004 2db4 FF01     		.2byte	0x1ff
 6005 2db6 00       		.byte	0
 6006 2db7 2C       		.uleb128 0x2c
 6007 2db8 76180000 		.4byte	.LASF599
 6008 2dbc 2C       		.byte	0x2c
 6009 2dbd F7       		.byte	0xf7
 6010 2dbe 06       		.byte	0x6
 6011 2dbf A62D0000 		.4byte	0x2da6
 6012 2dc3 0D       		.uleb128 0xd
 6013 2dc4 FF050000 		.4byte	0x5ff
 6014 2dc8 D32D0000 		.4byte	0x2dd3
 6015 2dcc 0E       		.uleb128 0xe
 6016 2dcd 9D000000 		.4byte	0x9d
 6017 2dd1 03       		.byte	0x3
 6018 2dd2 00       		.byte	0
 6019 2dd3 2C       		.uleb128 0x2c
 6020 2dd4 D81A0000 		.4byte	.LASF600
 6021 2dd8 2C       		.byte	0x2c
 6022 2dd9 F8       		.byte	0xf8
 6023 2dda 07       		.byte	0x7
 6024 2ddb C32D0000 		.4byte	0x2dc3
 6025 2ddf 0D       		.uleb128 0xd
 6026 2de0 8A2B0000 		.4byte	0x2b8a
 6027 2de4 EF2D0000 		.4byte	0x2def
 6028 2de8 0E       		.uleb128 0xe
 6029 2de9 9D000000 		.4byte	0x9d
 6030 2ded 06       		.byte	0x6
 6031 2dee 00       		.byte	0
 6032 2def 05       		.uleb128 0x5
 6033 2df0 DF2D0000 		.4byte	0x2ddf
 6034 2df4 2E       		.uleb128 0x2e
 6035 2df5 7A0B0000 		.4byte	.LASF601
 6036 2df9 2C       		.byte	0x2c
 6037 2dfa FA       		.byte	0xfa
 6038 2dfb 1B       		.byte	0x1b
 6039 2dfc EF2D0000 		.4byte	0x2def
 6040 2e00 30       		.uleb128 0x30
 6041 2e01 95110000 		.4byte	.LASF602
 6042 2e05 2C       		.byte	0x2c
ARM GAS  /tmp/cckyrRJs.s 			page 107


 6043 2e06 0401     		.2byte	0x104
 6044 2e08 1A       		.byte	0x1a
 6045 2e09 EC2B0000 		.4byte	0x2bec
 6046 2e0d 0D       		.uleb128 0xd
 6047 2e0e 050F0000 		.4byte	0xf05
 6048 2e12 1D2E0000 		.4byte	0x2e1d
 6049 2e16 0E       		.uleb128 0xe
 6050 2e17 9D000000 		.4byte	0x9d
 6051 2e1b 28       		.byte	0x28
 6052 2e1c 00       		.byte	0
 6053 2e1d 30       		.uleb128 0x30
 6054 2e1e 8A070000 		.4byte	.LASF603
 6055 2e22 2C       		.byte	0x2c
 6056 2e23 2701     		.2byte	0x127
 6057 2e25 08       		.byte	0x8
 6058 2e26 0D2E0000 		.4byte	0x2e0d
 6059 2e2a 30       		.uleb128 0x30
 6060 2e2b 3C160000 		.4byte	.LASF604
 6061 2e2f 2C       		.byte	0x2c
 6062 2e30 D801     		.2byte	0x1d8
 6063 2e32 08       		.byte	0x8
 6064 2e33 0D2E0000 		.4byte	0x2e0d
 6065 2e37 31       		.uleb128 0x31
 6066 2e38 381A0000 		.4byte	.LASF616
 6067 2e3c 2C       		.byte	0x2c
 6068 2e3d E801     		.2byte	0x1e8
 6069 2e3f 05       		.byte	0x5
 6070 2e40 91000000 		.4byte	0x91
 6071 2e44 632E0000 		.4byte	0x2e63
 6072 2e48 30       		.uleb128 0x30
 6073 2e49 33100000 		.4byte	.LASF605
 6074 2e4d 2C       		.byte	0x2c
 6075 2e4e E901     		.2byte	0x1e9
 6076 2e50 0D       		.byte	0xd
 6077 2e51 3F0B0000 		.4byte	0xb3f
 6078 2e55 30       		.uleb128 0x30
 6079 2e56 EA040000 		.4byte	.LASF606
 6080 2e5a 2C       		.byte	0x2c
 6081 2e5b EA01     		.2byte	0x1ea
 6082 2e5d 14       		.byte	0x14
 6083 2e5e 19120000 		.4byte	0x1219
 6084 2e62 00       		.byte	0
 6085 2e63 32       		.uleb128 0x32
 6086 2e64 C1130000 		.4byte	.LASF621
 6087 2e68 2C       		.byte	0x2c
 6088 2e69 D901     		.2byte	0x1d9
 6089 2e6b 08       		.byte	0x8
 6090 2e6c 8B2E0000 		.4byte	0x2e8b
 6091 2e70 33       		.uleb128 0x33
 6092 2e71 61726700 		.ascii	"arg\000"
 6093 2e75 2C       		.byte	0x2c
 6094 2e76 D901     		.2byte	0x1d9
 6095 2e78 08       		.byte	0x8
 6096 2e79 BC000000 		.4byte	0xbc
 6097 2e7d 30       		.uleb128 0x30
 6098 2e7e B81A0000 		.4byte	.LASF607
 6099 2e82 2C       		.byte	0x2c
ARM GAS  /tmp/cckyrRJs.s 			page 108


 6100 2e83 DD01     		.2byte	0x1dd
 6101 2e85 12       		.byte	0x12
 6102 2e86 63090000 		.4byte	0x963
 6103 2e8a 00       		.byte	0
 6104 2e8b 34       		.uleb128 0x34
 6105 2e8c 6F030000 		.4byte	.LASF609
 6106 2e90 2C       		.byte	0x2c
 6107 2e91 B701     		.2byte	0x1b7
 6108 2e93 06       		.byte	0x6
 6109 2e94 B32E0000 		.4byte	0x2eb3
 6110 2e98 35       		.uleb128 0x35
 6111 2e99 636E7400 		.ascii	"cnt\000"
 6112 2e9d 2C       		.byte	0x2c
 6113 2e9e B801     		.2byte	0x1b8
 6114 2ea0 0C       		.byte	0xc
 6115 2ea1 96090000 		.4byte	0x996
 6116 2ea5 30       		.uleb128 0x30
 6117 2ea6 200E0000 		.4byte	.LASF608
 6118 2eaa 2C       		.byte	0x2c
 6119 2eab B901     		.2byte	0x1b9
 6120 2ead 0B       		.byte	0xb
 6121 2eae 85090000 		.4byte	0x985
 6122 2eb2 00       		.byte	0
 6123 2eb3 34       		.uleb128 0x34
 6124 2eb4 090D0000 		.4byte	.LASF610
 6125 2eb8 2C       		.byte	0x2c
 6126 2eb9 9301     		.2byte	0x193
 6127 2ebb 06       		.byte	0x6
 6128 2ebc 302F0000 		.4byte	0x2f30
 6129 2ec0 33       		.uleb128 0x33
 6130 2ec1 636E7400 		.ascii	"cnt\000"
 6131 2ec5 2C       		.byte	0x2c
 6132 2ec6 9301     		.2byte	0x193
 6133 2ec8 1B       		.byte	0x1b
 6134 2ec9 96090000 		.4byte	0x996
 6135 2ecd 35       		.uleb128 0x35
 6136 2ece 6900     		.ascii	"i\000"
 6137 2ed0 2C       		.byte	0x2c
 6138 2ed1 9401     		.2byte	0x194
 6139 2ed3 0C       		.byte	0xc
 6140 2ed4 96090000 		.4byte	0x996
 6141 2ed8 35       		.uleb128 0x35
 6142 2ed9 6A00     		.ascii	"j\000"
 6143 2edb 2C       		.byte	0x2c
 6144 2edc 9401     		.2byte	0x194
 6145 2ede 0F       		.byte	0xf
 6146 2edf 96090000 		.4byte	0x996
 6147 2ee3 30       		.uleb128 0x30
 6148 2ee4 75080000 		.4byte	.LASF611
 6149 2ee8 2C       		.byte	0x2c
 6150 2ee9 9401     		.2byte	0x194
 6151 2eeb 12       		.byte	0x12
 6152 2eec 96090000 		.4byte	0x996
 6153 2ef0 30       		.uleb128 0x30
 6154 2ef1 1B160000 		.4byte	.LASF612
 6155 2ef5 2C       		.byte	0x2c
 6156 2ef6 9401     		.2byte	0x194
ARM GAS  /tmp/cckyrRJs.s 			page 109


 6157 2ef8 18       		.byte	0x18
 6158 2ef9 96090000 		.4byte	0x996
 6159 2efd 35       		.uleb128 0x35
 6160 2efe 636800   		.ascii	"ch\000"
 6161 2f01 2C       		.byte	0x2c
 6162 2f02 9501     		.2byte	0x195
 6163 2f04 0B       		.byte	0xb
 6164 2f05 63090000 		.4byte	0x963
 6165 2f09 35       		.uleb128 0x35
 6166 2f0a 73726300 		.ascii	"src\000"
 6167 2f0e 2C       		.byte	0x2c
 6168 2f0f 9501     		.2byte	0x195
 6169 2f11 0F       		.byte	0xf
 6170 2f12 63090000 		.4byte	0x963
 6171 2f16 30       		.uleb128 0x30
 6172 2f17 A0000000 		.4byte	.LASF613
 6173 2f1b 2C       		.byte	0x2c
 6174 2f1c 9601     		.2byte	0x196
 6175 2f1e 0B       		.byte	0xb
 6176 2f1f 302F0000 		.4byte	0x2f30
 6177 2f23 35       		.uleb128 0x35
 6178 2f24 746D00   		.ascii	"tm\000"
 6179 2f27 2C       		.byte	0x2c
 6180 2f28 9701     		.2byte	0x197
 6181 2f2a 0D       		.byte	0xd
 6182 2f2b 600D0000 		.4byte	0xd60
 6183 2f2f 00       		.byte	0
 6184 2f30 0D       		.uleb128 0xd
 6185 2f31 63090000 		.4byte	0x963
 6186 2f35 402F0000 		.4byte	0x2f40
 6187 2f39 0E       		.uleb128 0xe
 6188 2f3a 9D000000 		.4byte	0x9d
 6189 2f3e 0F       		.byte	0xf
 6190 2f3f 00       		.byte	0
 6191 2f40 34       		.uleb128 0x34
 6192 2f41 FD0C0000 		.4byte	.LASF614
 6193 2f45 2C       		.byte	0x2c
 6194 2f46 7F01     		.2byte	0x17f
 6195 2f48 06       		.byte	0x6
 6196 2f49 8B2F0000 		.4byte	0x2f8b
 6197 2f4d 33       		.uleb128 0x33
 6198 2f4e 636E7400 		.ascii	"cnt\000"
 6199 2f52 2C       		.byte	0x2c
 6200 2f53 7F01     		.2byte	0x17f
 6201 2f55 1B       		.byte	0x1b
 6202 2f56 96090000 		.4byte	0x996
 6203 2f5a 35       		.uleb128 0x35
 6204 2f5b 6900     		.ascii	"i\000"
 6205 2f5d 2C       		.byte	0x2c
 6206 2f5e 8001     		.2byte	0x180
 6207 2f60 0C       		.byte	0xc
 6208 2f61 96090000 		.4byte	0x996
 6209 2f65 35       		.uleb128 0x35
 6210 2f66 636800   		.ascii	"ch\000"
 6211 2f69 2C       		.byte	0x2c
 6212 2f6a 8101     		.2byte	0x181
 6213 2f6c 0B       		.byte	0xb
ARM GAS  /tmp/cckyrRJs.s 			page 110


 6214 2f6d 63090000 		.4byte	0x963
 6215 2f71 35       		.uleb128 0x35
 6216 2f72 73726300 		.ascii	"src\000"
 6217 2f76 2C       		.byte	0x2c
 6218 2f77 8101     		.2byte	0x181
 6219 2f79 0F       		.byte	0xf
 6220 2f7a 63090000 		.4byte	0x963
 6221 2f7e 35       		.uleb128 0x35
 6222 2f7f 746D00   		.ascii	"tm\000"
 6223 2f82 2C       		.byte	0x2c
 6224 2f83 8201     		.2byte	0x182
 6225 2f85 0D       		.byte	0xd
 6226 2f86 600D0000 		.4byte	0xd60
 6227 2f8a 00       		.byte	0
 6228 2f8b 34       		.uleb128 0x34
 6229 2f8c F10C0000 		.4byte	.LASF615
 6230 2f90 2C       		.byte	0x2c
 6231 2f91 6801     		.2byte	0x168
 6232 2f93 06       		.byte	0x6
 6233 2f94 E22F0000 		.4byte	0x2fe2
 6234 2f98 33       		.uleb128 0x33
 6235 2f99 636E7400 		.ascii	"cnt\000"
 6236 2f9d 2C       		.byte	0x2c
 6237 2f9e 6801     		.2byte	0x168
 6238 2fa0 1B       		.byte	0x1b
 6239 2fa1 96090000 		.4byte	0x996
 6240 2fa5 35       		.uleb128 0x35
 6241 2fa6 6900     		.ascii	"i\000"
 6242 2fa8 2C       		.byte	0x2c
 6243 2fa9 6901     		.2byte	0x169
 6244 2fab 0C       		.byte	0xc
 6245 2fac 96090000 		.4byte	0x996
 6246 2fb0 35       		.uleb128 0x35
 6247 2fb1 636800   		.ascii	"ch\000"
 6248 2fb4 2C       		.byte	0x2c
 6249 2fb5 6A01     		.2byte	0x16a
 6250 2fb7 0B       		.byte	0xb
 6251 2fb8 63090000 		.4byte	0x963
 6252 2fbc 35       		.uleb128 0x35
 6253 2fbd 73726300 		.ascii	"src\000"
 6254 2fc1 2C       		.byte	0x2c
 6255 2fc2 6A01     		.2byte	0x16a
 6256 2fc4 0F       		.byte	0xf
 6257 2fc5 63090000 		.4byte	0x963
 6258 2fc9 35       		.uleb128 0x35
 6259 2fca 746D00   		.ascii	"tm\000"
 6260 2fcd 2C       		.byte	0x2c
 6261 2fce 6B01     		.2byte	0x16b
 6262 2fd0 0D       		.byte	0xd
 6263 2fd1 600D0000 		.4byte	0xd60
 6264 2fd5 35       		.uleb128 0x35
 6265 2fd6 647400   		.ascii	"dt\000"
 6266 2fd9 2C       		.byte	0x2c
 6267 2fda 6B01     		.2byte	0x16b
 6268 2fdc 11       		.byte	0x11
 6269 2fdd 600D0000 		.4byte	0xd60
 6270 2fe1 00       		.byte	0
ARM GAS  /tmp/cckyrRJs.s 			page 111


 6271 2fe2 31       		.uleb128 0x31
 6272 2fe3 4C150000 		.4byte	.LASF617
 6273 2fe7 2C       		.byte	0x2c
 6274 2fe8 4F01     		.2byte	0x14f
 6275 2fea 09       		.byte	0x9
 6276 2feb 85090000 		.4byte	0x985
 6277 2fef 1B300000 		.4byte	0x301b
 6278 2ff3 30       		.uleb128 0x30
 6279 2ff4 81070000 		.4byte	.LASF618
 6280 2ff8 2C       		.byte	0x2c
 6281 2ff9 5801     		.2byte	0x158
 6282 2ffb 0C       		.byte	0xc
 6283 2ffc 96090000 		.4byte	0x996
 6284 3000 35       		.uleb128 0x35
 6285 3001 73726300 		.ascii	"src\000"
 6286 3005 2C       		.byte	0x2c
 6287 3006 5901     		.2byte	0x159
 6288 3008 0B       		.byte	0xb
 6289 3009 63090000 		.4byte	0x963
 6290 300d 30       		.uleb128 0x30
 6291 300e AA010000 		.4byte	.LASF163
 6292 3012 2C       		.byte	0x2c
 6293 3013 5901     		.2byte	0x159
 6294 3015 10       		.byte	0x10
 6295 3016 63090000 		.4byte	0x963
 6296 301a 00       		.byte	0
 6297 301b 31       		.uleb128 0x31
 6298 301c 46080000 		.4byte	.LASF619
 6299 3020 2C       		.byte	0x2c
 6300 3021 4901     		.2byte	0x149
 6301 3023 0A       		.byte	0xa
 6302 3024 96090000 		.4byte	0x996
 6303 3028 3A300000 		.4byte	0x303a
 6304 302c 33       		.uleb128 0x33
 6305 302d 636E7400 		.ascii	"cnt\000"
 6306 3031 2C       		.byte	0x2c
 6307 3032 4901     		.2byte	0x149
 6308 3034 22       		.byte	0x22
 6309 3035 96090000 		.4byte	0x996
 6310 3039 00       		.byte	0
 6311 303a 34       		.uleb128 0x34
 6312 303b CC0F0000 		.4byte	.LASF620
 6313 303f 2C       		.byte	0x2c
 6314 3040 4201     		.2byte	0x142
 6315 3042 06       		.byte	0x6
 6316 3043 53300000 		.4byte	0x3053
 6317 3047 33       		.uleb128 0x33
 6318 3048 6300     		.ascii	"c\000"
 6319 304a 2C       		.byte	0x2c
 6320 304b 4201     		.2byte	0x142
 6321 304d 19       		.byte	0x19
 6322 304e 63090000 		.4byte	0x963
 6323 3052 00       		.byte	0
 6324 3053 32       		.uleb128 0x32
 6325 3054 3D1A0000 		.4byte	.LASF622
 6326 3058 2C       		.byte	0x2c
 6327 3059 2801     		.2byte	0x128
ARM GAS  /tmp/cckyrRJs.s 			page 112


 6328 305b 08       		.byte	0x8
 6329 305c 7D300000 		.4byte	0x307d
 6330 3060 33       		.uleb128 0x33
 6331 3061 61726700 		.ascii	"arg\000"
 6332 3065 2C       		.byte	0x2c
 6333 3066 2801     		.2byte	0x128
 6334 3068 08       		.byte	0x8
 6335 3069 BC000000 		.4byte	0xbc
 6336 306d 36       		.uleb128 0x36
 6337 306e 30       		.uleb128 0x30
 6338 306f 640F0000 		.4byte	.LASF623
 6339 3073 2C       		.byte	0x2c
 6340 3074 2D01     		.2byte	0x12d
 6341 3076 0F       		.byte	0xf
 6342 3077 600D0000 		.4byte	0xd60
 6343 307b 00       		.byte	0
 6344 307c 00       		.byte	0
 6345 307d 31       		.uleb128 0x31
 6346 307e 33080000 		.4byte	.LASF624
 6347 3082 2C       		.byte	0x2c
 6348 3083 0C01     		.2byte	0x10c
 6349 3085 0A       		.byte	0xa
 6350 3086 96090000 		.4byte	0x996
 6351 308a EA300000 		.4byte	0x30ea
 6352 308e 37       		.uleb128 0x37
 6353 308f 640F0000 		.4byte	.LASF623
 6354 3093 2C       		.byte	0x2c
 6355 3094 0C01     		.2byte	0x10c
 6356 3096 1D       		.byte	0x1d
 6357 3097 96090000 		.4byte	0x996
 6358 309b 30       		.uleb128 0x30
 6359 309c 20080000 		.4byte	.LASF625
 6360 30a0 2C       		.byte	0x2c
 6361 30a1 0D01     		.2byte	0x10d
 6362 30a3 0A       		.byte	0xa
 6363 30a4 EA300000 		.4byte	0x30ea
 6364 30a8 30       		.uleb128 0x30
 6365 30a9 EE160000 		.4byte	.LASF626
 6366 30ad 2C       		.byte	0x2c
 6367 30ae 0E01     		.2byte	0x10e
 6368 30b0 0C       		.byte	0xc
 6369 30b1 96090000 		.4byte	0x996
 6370 30b5 30       		.uleb128 0x30
 6371 30b6 C01A0000 		.4byte	.LASF627
 6372 30ba 2C       		.byte	0x2c
 6373 30bb 0E01     		.2byte	0x10e
 6374 30bd 12       		.byte	0x12
 6375 30be 96090000 		.4byte	0x996
 6376 30c2 30       		.uleb128 0x30
 6377 30c3 2D080000 		.4byte	.LASF628
 6378 30c7 2C       		.byte	0x2c
 6379 30c8 0E01     		.2byte	0x10e
 6380 30ca 19       		.byte	0x19
 6381 30cb 96090000 		.4byte	0x996
 6382 30cf 35       		.uleb128 0x35
 6383 30d0 73627200 		.ascii	"sbr\000"
 6384 30d4 2C       		.byte	0x2c
ARM GAS  /tmp/cckyrRJs.s 			page 113


 6385 30d5 0F01     		.2byte	0x10f
 6386 30d7 0C       		.byte	0xc
 6387 30d8 F1300000 		.4byte	0x30f1
 6388 30dc 35       		.uleb128 0x35
 6389 30dd 69647800 		.ascii	"idx\000"
 6390 30e1 2C       		.byte	0x2c
 6391 30e2 1001     		.2byte	0x110
 6392 30e4 0B       		.byte	0xb
 6393 30e5 63090000 		.4byte	0x963
 6394 30e9 00       		.byte	0
 6395 30ea 02       		.uleb128 0x2
 6396 30eb 08       		.byte	0x8
 6397 30ec 04       		.byte	0x4
 6398 30ed CB140000 		.4byte	.LASF629
 6399 30f1 0D       		.uleb128 0xd
 6400 30f2 96090000 		.4byte	0x996
 6401 30f6 01310000 		.4byte	0x3101
 6402 30fa 0E       		.uleb128 0xe
 6403 30fb 9D000000 		.4byte	0x9d
 6404 30ff 0B       		.byte	0xb
 6405 3100 00       		.byte	0
 6406 3101 38       		.uleb128 0x38
 6407 3102 F5150000 		.4byte	.LASF664
 6408 3106 2C       		.byte	0x2c
 6409 3107 E6       		.byte	0xe6
 6410 3108 06       		.byte	0x6
 6411 3109 39       		.uleb128 0x39
 6412 310a 54160000 		.4byte	.LASF630
 6413 310e 2C       		.byte	0x2c
 6414 310f D0       		.byte	0xd0
 6415 3110 0D       		.byte	0xd
 6416 3111 22310000 		.4byte	0x3122
 6417 3115 3A       		.uleb128 0x3a
 6418 3116 FC0D0000 		.4byte	.LASF631
 6419 311a 2C       		.byte	0x2c
 6420 311b D0       		.byte	0xd0
 6421 311c 25       		.byte	0x25
 6422 311d 041B0000 		.4byte	0x1b04
 6423 3121 00       		.byte	0
 6424 3122 39       		.uleb128 0x39
 6425 3123 AA190000 		.4byte	.LASF632
 6426 3127 2C       		.byte	0x2c
 6427 3128 C8       		.byte	0xc8
 6428 3129 0D       		.byte	0xd
 6429 312a 3B310000 		.4byte	0x313b
 6430 312e 3A       		.uleb128 0x3a
 6431 312f FC0D0000 		.4byte	.LASF631
 6432 3133 2C       		.byte	0x2c
 6433 3134 C8       		.byte	0xc8
 6434 3135 24       		.byte	0x24
 6435 3136 041B0000 		.4byte	0x1b04
 6436 313a 00       		.byte	0
 6437 313b 39       		.uleb128 0x39
 6438 313c 0D130000 		.4byte	.LASF633
 6439 3140 2C       		.byte	0x2c
 6440 3141 B0       		.byte	0xb0
 6441 3142 0D       		.byte	0xd
ARM GAS  /tmp/cckyrRJs.s 			page 114


 6442 3143 5E310000 		.4byte	0x315e
 6443 3147 3A       		.uleb128 0x3a
 6444 3148 DB0A0000 		.4byte	.LASF634
 6445 314c 2C       		.byte	0x2c
 6446 314d B0       		.byte	0xb0
 6447 314e 21       		.byte	0x21
 6448 314f 831D0000 		.4byte	0x1d83
 6449 3153 3B       		.uleb128 0x3b
 6450 3154 6300     		.ascii	"c\000"
 6451 3156 2C       		.byte	0x2c
 6452 3157 B0       		.byte	0xb0
 6453 3158 31       		.byte	0x31
 6454 3159 74090000 		.4byte	0x974
 6455 315d 00       		.byte	0
 6456 315e 39       		.uleb128 0x39
 6457 315f 05130000 		.4byte	.LASF635
 6458 3163 2C       		.byte	0x2c
 6459 3164 9C       		.byte	0x9c
 6460 3165 0D       		.byte	0xd
 6461 3166 81310000 		.4byte	0x3181
 6462 316a 3A       		.uleb128 0x3a
 6463 316b DB0A0000 		.4byte	.LASF634
 6464 316f 2C       		.byte	0x2c
 6465 3170 9C       		.byte	0x9c
 6466 3171 21       		.byte	0x21
 6467 3172 831D0000 		.4byte	0x1d83
 6468 3176 3B       		.uleb128 0x3b
 6469 3177 6300     		.ascii	"c\000"
 6470 3179 2C       		.byte	0x2c
 6471 317a 9C       		.byte	0x9c
 6472 317b 31       		.byte	0x31
 6473 317c 74090000 		.4byte	0x974
 6474 3180 00       		.byte	0
 6475 3181 3C       		.uleb128 0x3c
 6476 3182 DD080000 		.4byte	.LASF636
 6477 3186 2C       		.byte	0x2c
 6478 3187 84       		.byte	0x84
 6479 3188 06       		.byte	0x6
 6480 3189 A4310000 		.4byte	0x31a4
 6481 318d 3B       		.uleb128 0x3b
 6482 318e 6300     		.ascii	"c\000"
 6483 3190 2C       		.byte	0x2c
 6484 3191 84       		.byte	0x84
 6485 3192 17       		.byte	0x17
 6486 3193 63090000 		.4byte	0x963
 6487 3197 3B       		.uleb128 0x3b
 6488 3198 73726300 		.ascii	"src\000"
 6489 319c 2C       		.byte	0x2c
 6490 319d 84       		.byte	0x84
 6491 319e 22       		.byte	0x22
 6492 319f 63090000 		.4byte	0x963
 6493 31a3 00       		.byte	0
 6494 31a4 39       		.uleb128 0x39
 6495 31a5 C4000000 		.4byte	.LASF637
 6496 31a9 2C       		.byte	0x2c
 6497 31aa 69       		.byte	0x69
 6498 31ab 0D       		.byte	0xd
ARM GAS  /tmp/cckyrRJs.s 			page 115


 6499 31ac BD310000 		.4byte	0x31bd
 6500 31b0 3B       		.uleb128 0x3b
 6501 31b1 61726700 		.ascii	"arg\000"
 6502 31b5 2C       		.byte	0x2c
 6503 31b6 69       		.byte	0x69
 6504 31b7 1D       		.byte	0x1d
 6505 31b8 BC000000 		.4byte	0xbc
 6506 31bc 00       		.byte	0
 6507 31bd 39       		.uleb128 0x39
 6508 31be 071A0000 		.4byte	.LASF638
 6509 31c2 2C       		.byte	0x2c
 6510 31c3 52       		.byte	0x52
 6511 31c4 0D       		.byte	0xd
 6512 31c5 E0310000 		.4byte	0x31e0
 6513 31c9 3B       		.uleb128 0x3b
 6514 31ca 76747000 		.ascii	"vtp\000"
 6515 31ce 2C       		.byte	0x2c
 6516 31cf 52       		.byte	0x52
 6517 31d0 25       		.byte	0x25
 6518 31d1 BC100000 		.4byte	0x10bc
 6519 31d5 3B       		.uleb128 0x3b
 6520 31d6 7000     		.ascii	"p\000"
 6521 31d8 2C       		.byte	0x2c
 6522 31d9 52       		.byte	0x52
 6523 31da 30       		.byte	0x30
 6524 31db BC000000 		.4byte	0xbc
 6525 31df 00       		.byte	0
 6526 31e0 39       		.uleb128 0x39
 6527 31e1 44050000 		.4byte	.LASF639
 6528 31e5 2C       		.byte	0x2c
 6529 31e6 45       		.byte	0x45
 6530 31e7 0D       		.byte	0xd
 6531 31e8 03320000 		.4byte	0x3203
 6532 31ec 3B       		.uleb128 0x3b
 6533 31ed 76747000 		.ascii	"vtp\000"
 6534 31f1 2C       		.byte	0x2c
 6535 31f2 45       		.byte	0x45
 6536 31f3 24       		.byte	0x24
 6537 31f4 BC100000 		.4byte	0x10bc
 6538 31f8 3B       		.uleb128 0x3b
 6539 31f9 7000     		.ascii	"p\000"
 6540 31fb 2C       		.byte	0x2c
 6541 31fc 45       		.byte	0x45
 6542 31fd 2F       		.byte	0x2f
 6543 31fe BC000000 		.4byte	0xbc
 6544 3202 00       		.byte	0
 6545 3203 3D       		.uleb128 0x3d
 6546 3204 FB000000 		.4byte	.LASF640
 6547 3208 2D       		.byte	0x2d
 6548 3209 4702     		.2byte	0x247
 6549 320b 14       		.byte	0x14
 6550 320c 3D       		.uleb128 0x3d
 6551 320d 99130000 		.4byte	.LASF641
 6552 3211 2D       		.byte	0x2d
 6553 3212 3C02     		.2byte	0x23c
 6554 3214 14       		.byte	0x14
 6555 3215 39       		.uleb128 0x39
ARM GAS  /tmp/cckyrRJs.s 			page 116


 6556 3216 161B0000 		.4byte	.LASF642
 6557 321a 15       		.byte	0x15
 6558 321b D2       		.byte	0xd2
 6559 321c 14       		.byte	0x14
 6560 321d 46320000 		.4byte	0x3246
 6561 3221 3B       		.uleb128 0x3b
 6562 3222 65737000 		.ascii	"esp\000"
 6563 3226 15       		.byte	0x15
 6564 3227 D2       		.byte	0xd2
 6565 3228 32       		.byte	0x32
 6566 3229 46320000 		.4byte	0x3246
 6567 322d 3B       		.uleb128 0x3b
 6568 322e 656C7000 		.ascii	"elp\000"
 6569 3232 15       		.byte	0x15
 6570 3233 D3       		.byte	0xd3
 6571 3234 34       		.byte	0x34
 6572 3235 74120000 		.4byte	0x1274
 6573 3239 3A       		.uleb128 0x3a
 6574 323a 1F000000 		.4byte	.LASF546
 6575 323e 15       		.byte	0x15
 6576 323f D4       		.byte	0xd4
 6577 3240 2C       		.byte	0x2c
 6578 3241 FB090000 		.4byte	0x9fb
 6579 3245 00       		.byte	0
 6580 3246 08       		.uleb128 0x8
 6581 3247 04       		.byte	0x4
 6582 3248 95120000 		.4byte	0x1295
 6583 324c 39       		.uleb128 0x39
 6584 324d C61A0000 		.4byte	.LASF643
 6585 3251 15       		.byte	0x15
 6586 3252 BE       		.byte	0xbe
 6587 3253 14       		.byte	0x14
 6588 3254 7D320000 		.4byte	0x327d
 6589 3258 3B       		.uleb128 0x3b
 6590 3259 65737000 		.ascii	"esp\000"
 6591 325d 15       		.byte	0x15
 6592 325e BE       		.byte	0xbe
 6593 325f 36       		.byte	0x36
 6594 3260 46320000 		.4byte	0x3246
 6595 3264 3B       		.uleb128 0x3b
 6596 3265 656C7000 		.ascii	"elp\000"
 6597 3269 15       		.byte	0x15
 6598 326a BF       		.byte	0xbf
 6599 326b 38       		.byte	0x38
 6600 326c 74120000 		.4byte	0x1274
 6601 3270 3A       		.uleb128 0x3a
 6602 3271 651A0000 		.4byte	.LASF241
 6603 3275 15       		.byte	0x15
 6604 3276 C0       		.byte	0xc0
 6605 3277 32       		.byte	0x32
 6606 3278 070A0000 		.4byte	0xa07
 6607 327c 00       		.byte	0
 6608 327d 39       		.uleb128 0x39
 6609 327e 4A190000 		.4byte	.LASF644
 6610 3282 14       		.byte	0x14
 6611 3283 85       		.byte	0x85
 6612 3284 14       		.byte	0x14
ARM GAS  /tmp/cckyrRJs.s 			page 117


 6613 3285 96320000 		.4byte	0x3296
 6614 3289 3A       		.uleb128 0x3a
 6615 328a E20C0000 		.4byte	.LASF149
 6616 328e 14       		.byte	0x14
 6617 328f 85       		.byte	0x85
 6618 3290 33       		.byte	0x33
 6619 3291 35060000 		.4byte	0x635
 6620 3295 00       		.byte	0
 6621 3296 3E       		.uleb128 0x3e
 6622 3297 8F190000 		.4byte	.LASF646
 6623 329b 2E       		.byte	0x2e
 6624 329c 4C01     		.2byte	0x14c
 6625 329e 14       		.byte	0x14
 6626 329f A1120000 		.4byte	0x12a1
 6627 32a3 B4320000 		.4byte	0x32b4
 6628 32a7 33       		.uleb128 0x33
 6629 32a8 747000   		.ascii	"tp\000"
 6630 32ab 2E       		.byte	0x2e
 6631 32ac 4C01     		.2byte	0x14c
 6632 32ae 2F       		.byte	0x2f
 6633 32af 3F0B0000 		.4byte	0xb3f
 6634 32b3 00       		.byte	0
 6635 32b4 32       		.uleb128 0x32
 6636 32b5 1D020000 		.4byte	.LASF645
 6637 32b9 2F       		.byte	0x2f
 6638 32ba 1401     		.2byte	0x114
 6639 32bc 14       		.byte	0x14
 6640 32bd CF320000 		.4byte	0x32cf
 6641 32c1 33       		.uleb128 0x33
 6642 32c2 76747000 		.ascii	"vtp\000"
 6643 32c6 2F       		.byte	0x2f
 6644 32c7 1401     		.2byte	0x114
 6645 32c9 30       		.byte	0x30
 6646 32ca BC100000 		.4byte	0x10bc
 6647 32ce 00       		.byte	0
 6648 32cf 3F       		.uleb128 0x3f
 6649 32d0 D10E0000 		.4byte	.LASF647
 6650 32d4 2F       		.byte	0x2f
 6651 32d5 EF       		.byte	0xef
 6652 32d6 14       		.byte	0x14
 6653 32d7 A1120000 		.4byte	0x12a1
 6654 32db EC320000 		.4byte	0x32ec
 6655 32df 3B       		.uleb128 0x3b
 6656 32e0 76747000 		.ascii	"vtp\000"
 6657 32e4 2F       		.byte	0x2f
 6658 32e5 EF       		.byte	0xef
 6659 32e6 38       		.byte	0x38
 6660 32e7 EC320000 		.4byte	0x32ec
 6661 32eb 00       		.byte	0
 6662 32ec 08       		.uleb128 0x8
 6663 32ed 04       		.byte	0x4
 6664 32ee 2A0C0000 		.4byte	0xc2a
 6665 32f2 3F       		.uleb128 0x3f
 6666 32f3 22170000 		.4byte	.LASF648
 6667 32f7 2F       		.byte	0x2f
 6668 32f8 86       		.byte	0x86
 6669 32f9 19       		.byte	0x19
ARM GAS  /tmp/cckyrRJs.s 			page 118


 6670 32fa 600D0000 		.4byte	0xd60
 6671 32fe 0F330000 		.4byte	0x330f
 6672 3302 2E       		.uleb128 0x2e
 6673 3303 D30A0000 		.4byte	.LASF649
 6674 3307 2F       		.byte	0x2f
 6675 3308 87       		.byte	0x87
 6676 3309 0D       		.byte	0xd
 6677 330a 600D0000 		.4byte	0xd60
 6678 330e 00       		.byte	0
 6679 330f 40       		.uleb128 0x40
 6680 3310 D7140000 		.4byte	.LASF654
 6681 3314 2F       		.byte	0x2f
 6682 3315 73       		.byte	0x73
 6683 3316 19       		.byte	0x19
 6684 3317 600D0000 		.4byte	0xd60
 6685 331b 3D       		.uleb128 0x3d
 6686 331c 66110000 		.4byte	.LASF650
 6687 3320 13       		.byte	0x13
 6688 3321 9D01     		.2byte	0x19d
 6689 3323 14       		.byte	0x14
 6690 3324 3D       		.uleb128 0x3d
 6691 3325 D1180000 		.4byte	.LASF651
 6692 3329 13       		.byte	0x13
 6693 332a 8901     		.2byte	0x189
 6694 332c 14       		.byte	0x14
 6695 332d 32       		.uleb128 0x32
 6696 332e D7020000 		.4byte	.LASF652
 6697 3332 13       		.byte	0x13
 6698 3333 6D01     		.2byte	0x16d
 6699 3335 14       		.byte	0x14
 6700 3336 44330000 		.4byte	0x3344
 6701 333a 41       		.uleb128 0x41
 6702 333b 25000000 		.4byte	.LASF665
 6703 333f 54330000 		.4byte	0x3354
 6704 3343 00       		.byte	0
 6705 3344 0D       		.uleb128 0xd
 6706 3345 0C060000 		.4byte	0x60c
 6707 3349 54330000 		.4byte	0x3354
 6708 334d 0E       		.uleb128 0xe
 6709 334e 9D000000 		.4byte	0x9d
 6710 3352 0B       		.byte	0xb
 6711 3353 00       		.byte	0
 6712 3354 05       		.uleb128 0x5
 6713 3355 44330000 		.4byte	0x3344
 6714 3359 3D       		.uleb128 0x3d
 6715 335a 67040000 		.4byte	.LASF653
 6716 335e 13       		.byte	0x13
 6717 335f 6101     		.2byte	0x161
 6718 3361 14       		.byte	0x14
 6719 3362 40       		.uleb128 0x40
 6720 3363 310C0000 		.4byte	.LASF655
 6721 3367 30       		.byte	0x30
 6722 3368 72       		.byte	0x72
 6723 3369 19       		.byte	0x19
 6724 336a 600D0000 		.4byte	0xd60
 6725 336e 3D       		.uleb128 0x3d
 6726 336f 34000000 		.4byte	.LASF656
ARM GAS  /tmp/cckyrRJs.s 			page 119


 6727 3373 0F       		.byte	0xf
 6728 3374 CF02     		.2byte	0x2cf
 6729 3376 1B       		.byte	0x1b
 6730 3377 3D       		.uleb128 0x3d
 6731 3378 5D0D0000 		.4byte	.LASF657
 6732 337c 0F       		.byte	0xf
 6733 337d C402     		.2byte	0x2c4
 6734 337f 1B       		.byte	0x1b
 6735 3380 3D       		.uleb128 0x3d
 6736 3381 480F0000 		.4byte	.LASF658
 6737 3385 0F       		.byte	0xf
 6738 3386 B502     		.2byte	0x2b5
 6739 3388 1B       		.byte	0x1b
 6740 3389 3D       		.uleb128 0x3d
 6741 338a 69100000 		.4byte	.LASF659
 6742 338e 0F       		.byte	0xf
 6743 338f 9D02     		.2byte	0x29d
 6744 3391 1B       		.byte	0x1b
 6745 3392 42       		.uleb128 0x42
 6746 3393 81190000 		.4byte	.LASF666
 6747 3397 31       		.byte	0x31
 6748 3398 EB01     		.2byte	0x1eb
 6749 339a 1B       		.byte	0x1b
 6750 339b 37       		.uleb128 0x37
 6751 339c C4010000 		.4byte	.LASF660
 6752 33a0 31       		.byte	0x31
 6753 33a1 EB01     		.2byte	0x1eb
 6754 33a3 32       		.byte	0x32
 6755 33a4 96090000 		.4byte	0x996
 6756 33a8 00       		.byte	0
 6757 33a9 00       		.byte	0
 6758              		.section	.gnu.debuglto_.debug_abbrev,"e",%progbits
 6759              	.Ldebug_abbrev0:
 6760 0000 01       		.uleb128 0x1
 6761 0001 11       		.uleb128 0x11
 6762 0002 01       		.byte	0x1
 6763 0003 25       		.uleb128 0x25
 6764 0004 0E       		.uleb128 0xe
 6765 0005 13       		.uleb128 0x13
 6766 0006 0B       		.uleb128 0xb
 6767 0007 03       		.uleb128 0x3
 6768 0008 0E       		.uleb128 0xe
 6769 0009 1B       		.uleb128 0x1b
 6770 000a 0E       		.uleb128 0xe
 6771 000b 10       		.uleb128 0x10
 6772 000c 17       		.uleb128 0x17
 6773 000d 00       		.byte	0
 6774 000e 00       		.byte	0
 6775 000f 02       		.uleb128 0x2
 6776 0010 24       		.uleb128 0x24
 6777 0011 00       		.byte	0
 6778 0012 0B       		.uleb128 0xb
 6779 0013 0B       		.uleb128 0xb
 6780 0014 3E       		.uleb128 0x3e
 6781 0015 0B       		.uleb128 0xb
 6782 0016 03       		.uleb128 0x3
 6783 0017 0E       		.uleb128 0xe
ARM GAS  /tmp/cckyrRJs.s 			page 120


 6784 0018 00       		.byte	0
 6785 0019 00       		.byte	0
 6786 001a 03       		.uleb128 0x3
 6787 001b 16       		.uleb128 0x16
 6788 001c 00       		.byte	0
 6789 001d 03       		.uleb128 0x3
 6790 001e 0E       		.uleb128 0xe
 6791 001f 3A       		.uleb128 0x3a
 6792 0020 0B       		.uleb128 0xb
 6793 0021 3B       		.uleb128 0x3b
 6794 0022 0B       		.uleb128 0xb
 6795 0023 39       		.uleb128 0x39
 6796 0024 0B       		.uleb128 0xb
 6797 0025 49       		.uleb128 0x49
 6798 0026 13       		.uleb128 0x13
 6799 0027 00       		.byte	0
 6800 0028 00       		.byte	0
 6801 0029 04       		.uleb128 0x4
 6802 002a 24       		.uleb128 0x24
 6803 002b 00       		.byte	0
 6804 002c 0B       		.uleb128 0xb
 6805 002d 0B       		.uleb128 0xb
 6806 002e 3E       		.uleb128 0x3e
 6807 002f 0B       		.uleb128 0xb
 6808 0030 03       		.uleb128 0x3
 6809 0031 08       		.uleb128 0x8
 6810 0032 00       		.byte	0
 6811 0033 00       		.byte	0
 6812 0034 05       		.uleb128 0x5
 6813 0035 26       		.uleb128 0x26
 6814 0036 00       		.byte	0
 6815 0037 49       		.uleb128 0x49
 6816 0038 13       		.uleb128 0x13
 6817 0039 00       		.byte	0
 6818 003a 00       		.byte	0
 6819 003b 06       		.uleb128 0x6
 6820 003c 35       		.uleb128 0x35
 6821 003d 00       		.byte	0
 6822 003e 49       		.uleb128 0x49
 6823 003f 13       		.uleb128 0x13
 6824 0040 00       		.byte	0
 6825 0041 00       		.byte	0
 6826 0042 07       		.uleb128 0x7
 6827 0043 0F       		.uleb128 0xf
 6828 0044 00       		.byte	0
 6829 0045 0B       		.uleb128 0xb
 6830 0046 0B       		.uleb128 0xb
 6831 0047 00       		.byte	0
 6832 0048 00       		.byte	0
 6833 0049 08       		.uleb128 0x8
 6834 004a 0F       		.uleb128 0xf
 6835 004b 00       		.byte	0
 6836 004c 0B       		.uleb128 0xb
 6837 004d 0B       		.uleb128 0xb
 6838 004e 49       		.uleb128 0x49
 6839 004f 13       		.uleb128 0x13
 6840 0050 00       		.byte	0
ARM GAS  /tmp/cckyrRJs.s 			page 121


 6841 0051 00       		.byte	0
 6842 0052 09       		.uleb128 0x9
 6843 0053 13       		.uleb128 0x13
 6844 0054 00       		.byte	0
 6845 0055 03       		.uleb128 0x3
 6846 0056 0E       		.uleb128 0xe
 6847 0057 3C       		.uleb128 0x3c
 6848 0058 19       		.uleb128 0x19
 6849 0059 00       		.byte	0
 6850 005a 00       		.byte	0
 6851 005b 0A       		.uleb128 0xa
 6852 005c 16       		.uleb128 0x16
 6853 005d 00       		.byte	0
 6854 005e 03       		.uleb128 0x3
 6855 005f 0E       		.uleb128 0xe
 6856 0060 3A       		.uleb128 0x3a
 6857 0061 0B       		.uleb128 0xb
 6858 0062 3B       		.uleb128 0x3b
 6859 0063 05       		.uleb128 0x5
 6860 0064 39       		.uleb128 0x39
 6861 0065 0B       		.uleb128 0xb
 6862 0066 49       		.uleb128 0x49
 6863 0067 13       		.uleb128 0x13
 6864 0068 00       		.byte	0
 6865 0069 00       		.byte	0
 6866 006a 0B       		.uleb128 0xb
 6867 006b 17       		.uleb128 0x17
 6868 006c 01       		.byte	0x1
 6869 006d 0B       		.uleb128 0xb
 6870 006e 0B       		.uleb128 0xb
 6871 006f 3A       		.uleb128 0x3a
 6872 0070 0B       		.uleb128 0xb
 6873 0071 3B       		.uleb128 0x3b
 6874 0072 0B       		.uleb128 0xb
 6875 0073 39       		.uleb128 0x39
 6876 0074 0B       		.uleb128 0xb
 6877 0075 01       		.uleb128 0x1
 6878 0076 13       		.uleb128 0x13
 6879 0077 00       		.byte	0
 6880 0078 00       		.byte	0
 6881 0079 0C       		.uleb128 0xc
 6882 007a 0D       		.uleb128 0xd
 6883 007b 00       		.byte	0
 6884 007c 03       		.uleb128 0x3
 6885 007d 0E       		.uleb128 0xe
 6886 007e 3A       		.uleb128 0x3a
 6887 007f 0B       		.uleb128 0xb
 6888 0080 3B       		.uleb128 0x3b
 6889 0081 0B       		.uleb128 0xb
 6890 0082 39       		.uleb128 0x39
 6891 0083 0B       		.uleb128 0xb
 6892 0084 49       		.uleb128 0x49
 6893 0085 13       		.uleb128 0x13
 6894 0086 00       		.byte	0
 6895 0087 00       		.byte	0
 6896 0088 0D       		.uleb128 0xd
 6897 0089 01       		.uleb128 0x1
ARM GAS  /tmp/cckyrRJs.s 			page 122


 6898 008a 01       		.byte	0x1
 6899 008b 49       		.uleb128 0x49
 6900 008c 13       		.uleb128 0x13
 6901 008d 01       		.uleb128 0x1
 6902 008e 13       		.uleb128 0x13
 6903 008f 00       		.byte	0
 6904 0090 00       		.byte	0
 6905 0091 0E       		.uleb128 0xe
 6906 0092 21       		.uleb128 0x21
 6907 0093 00       		.byte	0
 6908 0094 49       		.uleb128 0x49
 6909 0095 13       		.uleb128 0x13
 6910 0096 2F       		.uleb128 0x2f
 6911 0097 0B       		.uleb128 0xb
 6912 0098 00       		.byte	0
 6913 0099 00       		.byte	0
 6914 009a 0F       		.uleb128 0xf
 6915 009b 13       		.uleb128 0x13
 6916 009c 01       		.byte	0x1
 6917 009d 0B       		.uleb128 0xb
 6918 009e 0B       		.uleb128 0xb
 6919 009f 3A       		.uleb128 0x3a
 6920 00a0 0B       		.uleb128 0xb
 6921 00a1 3B       		.uleb128 0x3b
 6922 00a2 0B       		.uleb128 0xb
 6923 00a3 39       		.uleb128 0x39
 6924 00a4 0B       		.uleb128 0xb
 6925 00a5 01       		.uleb128 0x1
 6926 00a6 13       		.uleb128 0x13
 6927 00a7 00       		.byte	0
 6928 00a8 00       		.byte	0
 6929 00a9 10       		.uleb128 0x10
 6930 00aa 0D       		.uleb128 0xd
 6931 00ab 00       		.byte	0
 6932 00ac 03       		.uleb128 0x3
 6933 00ad 0E       		.uleb128 0xe
 6934 00ae 3A       		.uleb128 0x3a
 6935 00af 0B       		.uleb128 0xb
 6936 00b0 3B       		.uleb128 0x3b
 6937 00b1 0B       		.uleb128 0xb
 6938 00b2 39       		.uleb128 0x39
 6939 00b3 0B       		.uleb128 0xb
 6940 00b4 49       		.uleb128 0x49
 6941 00b5 13       		.uleb128 0x13
 6942 00b6 38       		.uleb128 0x38
 6943 00b7 0B       		.uleb128 0xb
 6944 00b8 00       		.byte	0
 6945 00b9 00       		.byte	0
 6946 00ba 11       		.uleb128 0x11
 6947 00bb 13       		.uleb128 0x13
 6948 00bc 01       		.byte	0x1
 6949 00bd 03       		.uleb128 0x3
 6950 00be 0E       		.uleb128 0xe
 6951 00bf 0B       		.uleb128 0xb
 6952 00c0 0B       		.uleb128 0xb
 6953 00c1 3A       		.uleb128 0x3a
 6954 00c2 0B       		.uleb128 0xb
ARM GAS  /tmp/cckyrRJs.s 			page 123


 6955 00c3 3B       		.uleb128 0x3b
 6956 00c4 0B       		.uleb128 0xb
 6957 00c5 39       		.uleb128 0x39
 6958 00c6 0B       		.uleb128 0xb
 6959 00c7 01       		.uleb128 0x1
 6960 00c8 13       		.uleb128 0x13
 6961 00c9 00       		.byte	0
 6962 00ca 00       		.byte	0
 6963 00cb 12       		.uleb128 0x12
 6964 00cc 0D       		.uleb128 0xd
 6965 00cd 00       		.byte	0
 6966 00ce 03       		.uleb128 0x3
 6967 00cf 08       		.uleb128 0x8
 6968 00d0 3A       		.uleb128 0x3a
 6969 00d1 0B       		.uleb128 0xb
 6970 00d2 3B       		.uleb128 0x3b
 6971 00d3 0B       		.uleb128 0xb
 6972 00d4 39       		.uleb128 0x39
 6973 00d5 0B       		.uleb128 0xb
 6974 00d6 49       		.uleb128 0x49
 6975 00d7 13       		.uleb128 0x13
 6976 00d8 38       		.uleb128 0x38
 6977 00d9 0B       		.uleb128 0xb
 6978 00da 00       		.byte	0
 6979 00db 00       		.byte	0
 6980 00dc 13       		.uleb128 0x13
 6981 00dd 13       		.uleb128 0x13
 6982 00de 01       		.byte	0x1
 6983 00df 03       		.uleb128 0x3
 6984 00e0 0E       		.uleb128 0xe
 6985 00e1 0B       		.uleb128 0xb
 6986 00e2 05       		.uleb128 0x5
 6987 00e3 3A       		.uleb128 0x3a
 6988 00e4 0B       		.uleb128 0xb
 6989 00e5 3B       		.uleb128 0x3b
 6990 00e6 0B       		.uleb128 0xb
 6991 00e7 39       		.uleb128 0x39
 6992 00e8 0B       		.uleb128 0xb
 6993 00e9 01       		.uleb128 0x1
 6994 00ea 13       		.uleb128 0x13
 6995 00eb 00       		.byte	0
 6996 00ec 00       		.byte	0
 6997 00ed 14       		.uleb128 0x14
 6998 00ee 0D       		.uleb128 0xd
 6999 00ef 00       		.byte	0
 7000 00f0 03       		.uleb128 0x3
 7001 00f1 0E       		.uleb128 0xe
 7002 00f2 3A       		.uleb128 0x3a
 7003 00f3 0B       		.uleb128 0xb
 7004 00f4 3B       		.uleb128 0x3b
 7005 00f5 0B       		.uleb128 0xb
 7006 00f6 39       		.uleb128 0x39
 7007 00f7 0B       		.uleb128 0xb
 7008 00f8 49       		.uleb128 0x49
 7009 00f9 13       		.uleb128 0x13
 7010 00fa 38       		.uleb128 0x38
 7011 00fb 05       		.uleb128 0x5
ARM GAS  /tmp/cckyrRJs.s 			page 124


 7012 00fc 00       		.byte	0
 7013 00fd 00       		.byte	0
 7014 00fe 15       		.uleb128 0x15
 7015 00ff 15       		.uleb128 0x15
 7016 0100 00       		.byte	0
 7017 0101 27       		.uleb128 0x27
 7018 0102 19       		.uleb128 0x19
 7019 0103 00       		.byte	0
 7020 0104 00       		.byte	0
 7021 0105 16       		.uleb128 0x16
 7022 0106 15       		.uleb128 0x15
 7023 0107 01       		.byte	0x1
 7024 0108 27       		.uleb128 0x27
 7025 0109 19       		.uleb128 0x19
 7026 010a 49       		.uleb128 0x49
 7027 010b 13       		.uleb128 0x13
 7028 010c 01       		.uleb128 0x1
 7029 010d 13       		.uleb128 0x13
 7030 010e 00       		.byte	0
 7031 010f 00       		.byte	0
 7032 0110 17       		.uleb128 0x17
 7033 0111 05       		.uleb128 0x5
 7034 0112 00       		.byte	0
 7035 0113 49       		.uleb128 0x49
 7036 0114 13       		.uleb128 0x13
 7037 0115 00       		.byte	0
 7038 0116 00       		.byte	0
 7039 0117 18       		.uleb128 0x18
 7040 0118 13       		.uleb128 0x13
 7041 0119 01       		.byte	0x1
 7042 011a 03       		.uleb128 0x3
 7043 011b 0E       		.uleb128 0xe
 7044 011c 0B       		.uleb128 0xb
 7045 011d 05       		.uleb128 0x5
 7046 011e 3A       		.uleb128 0x3a
 7047 011f 0B       		.uleb128 0xb
 7048 0120 3B       		.uleb128 0x3b
 7049 0121 05       		.uleb128 0x5
 7050 0122 39       		.uleb128 0x39
 7051 0123 0B       		.uleb128 0xb
 7052 0124 01       		.uleb128 0x1
 7053 0125 13       		.uleb128 0x13
 7054 0126 00       		.byte	0
 7055 0127 00       		.byte	0
 7056 0128 19       		.uleb128 0x19
 7057 0129 0D       		.uleb128 0xd
 7058 012a 00       		.byte	0
 7059 012b 03       		.uleb128 0x3
 7060 012c 0E       		.uleb128 0xe
 7061 012d 3A       		.uleb128 0x3a
 7062 012e 0B       		.uleb128 0xb
 7063 012f 3B       		.uleb128 0x3b
 7064 0130 05       		.uleb128 0x5
 7065 0131 39       		.uleb128 0x39
 7066 0132 0B       		.uleb128 0xb
 7067 0133 49       		.uleb128 0x49
 7068 0134 13       		.uleb128 0x13
ARM GAS  /tmp/cckyrRJs.s 			page 125


 7069 0135 38       		.uleb128 0x38
 7070 0136 0B       		.uleb128 0xb
 7071 0137 00       		.byte	0
 7072 0138 00       		.byte	0
 7073 0139 1A       		.uleb128 0x1a
 7074 013a 0D       		.uleb128 0xd
 7075 013b 00       		.byte	0
 7076 013c 03       		.uleb128 0x3
 7077 013d 0E       		.uleb128 0xe
 7078 013e 3A       		.uleb128 0x3a
 7079 013f 0B       		.uleb128 0xb
 7080 0140 3B       		.uleb128 0x3b
 7081 0141 05       		.uleb128 0x5
 7082 0142 39       		.uleb128 0x39
 7083 0143 0B       		.uleb128 0xb
 7084 0144 49       		.uleb128 0x49
 7085 0145 13       		.uleb128 0x13
 7086 0146 38       		.uleb128 0x38
 7087 0147 05       		.uleb128 0x5
 7088 0148 00       		.byte	0
 7089 0149 00       		.byte	0
 7090 014a 1B       		.uleb128 0x1b
 7091 014b 13       		.uleb128 0x13
 7092 014c 01       		.byte	0x1
 7093 014d 03       		.uleb128 0x3
 7094 014e 0E       		.uleb128 0xe
 7095 014f 0B       		.uleb128 0xb
 7096 0150 0B       		.uleb128 0xb
 7097 0151 3A       		.uleb128 0x3a
 7098 0152 0B       		.uleb128 0xb
 7099 0153 3B       		.uleb128 0x3b
 7100 0154 05       		.uleb128 0x5
 7101 0155 39       		.uleb128 0x39
 7102 0156 0B       		.uleb128 0xb
 7103 0157 01       		.uleb128 0x1
 7104 0158 13       		.uleb128 0x13
 7105 0159 00       		.byte	0
 7106 015a 00       		.byte	0
 7107 015b 1C       		.uleb128 0x1c
 7108 015c 13       		.uleb128 0x13
 7109 015d 01       		.byte	0x1
 7110 015e 0B       		.uleb128 0xb
 7111 015f 0B       		.uleb128 0xb
 7112 0160 3A       		.uleb128 0x3a
 7113 0161 0B       		.uleb128 0xb
 7114 0162 3B       		.uleb128 0x3b
 7115 0163 05       		.uleb128 0x5
 7116 0164 39       		.uleb128 0x39
 7117 0165 0B       		.uleb128 0xb
 7118 0166 01       		.uleb128 0x1
 7119 0167 13       		.uleb128 0x13
 7120 0168 00       		.byte	0
 7121 0169 00       		.byte	0
 7122 016a 1D       		.uleb128 0x1d
 7123 016b 17       		.uleb128 0x17
 7124 016c 01       		.byte	0x1
 7125 016d 0B       		.uleb128 0xb
ARM GAS  /tmp/cckyrRJs.s 			page 126


 7126 016e 0B       		.uleb128 0xb
 7127 016f 3A       		.uleb128 0x3a
 7128 0170 0B       		.uleb128 0xb
 7129 0171 3B       		.uleb128 0x3b
 7130 0172 05       		.uleb128 0x5
 7131 0173 39       		.uleb128 0x39
 7132 0174 0B       		.uleb128 0xb
 7133 0175 01       		.uleb128 0x1
 7134 0176 13       		.uleb128 0x13
 7135 0177 00       		.byte	0
 7136 0178 00       		.byte	0
 7137 0179 1E       		.uleb128 0x1e
 7138 017a 0D       		.uleb128 0xd
 7139 017b 00       		.byte	0
 7140 017c 03       		.uleb128 0x3
 7141 017d 0E       		.uleb128 0xe
 7142 017e 3A       		.uleb128 0x3a
 7143 017f 0B       		.uleb128 0xb
 7144 0180 3B       		.uleb128 0x3b
 7145 0181 05       		.uleb128 0x5
 7146 0182 39       		.uleb128 0x39
 7147 0183 0B       		.uleb128 0xb
 7148 0184 49       		.uleb128 0x49
 7149 0185 13       		.uleb128 0x13
 7150 0186 00       		.byte	0
 7151 0187 00       		.byte	0
 7152 0188 1F       		.uleb128 0x1f
 7153 0189 15       		.uleb128 0x15
 7154 018a 01       		.byte	0x1
 7155 018b 27       		.uleb128 0x27
 7156 018c 19       		.uleb128 0x19
 7157 018d 01       		.uleb128 0x1
 7158 018e 13       		.uleb128 0x13
 7159 018f 00       		.byte	0
 7160 0190 00       		.byte	0
 7161 0191 20       		.uleb128 0x20
 7162 0192 34       		.uleb128 0x34
 7163 0193 00       		.byte	0
 7164 0194 03       		.uleb128 0x3
 7165 0195 0E       		.uleb128 0xe
 7166 0196 3A       		.uleb128 0x3a
 7167 0197 0B       		.uleb128 0xb
 7168 0198 3B       		.uleb128 0x3b
 7169 0199 05       		.uleb128 0x5
 7170 019a 39       		.uleb128 0x39
 7171 019b 0B       		.uleb128 0xb
 7172 019c 49       		.uleb128 0x49
 7173 019d 13       		.uleb128 0x13
 7174 019e 3F       		.uleb128 0x3f
 7175 019f 19       		.uleb128 0x19
 7176 01a0 3C       		.uleb128 0x3c
 7177 01a1 19       		.uleb128 0x19
 7178 01a2 00       		.byte	0
 7179 01a3 00       		.byte	0
 7180 01a4 21       		.uleb128 0x21
 7181 01a5 0D       		.uleb128 0xd
 7182 01a6 00       		.byte	0
ARM GAS  /tmp/cckyrRJs.s 			page 127


 7183 01a7 03       		.uleb128 0x3
 7184 01a8 08       		.uleb128 0x8
 7185 01a9 3A       		.uleb128 0x3a
 7186 01aa 0B       		.uleb128 0xb
 7187 01ab 3B       		.uleb128 0x3b
 7188 01ac 05       		.uleb128 0x5
 7189 01ad 39       		.uleb128 0x39
 7190 01ae 0B       		.uleb128 0xb
 7191 01af 49       		.uleb128 0x49
 7192 01b0 13       		.uleb128 0x13
 7193 01b1 38       		.uleb128 0x38
 7194 01b2 0B       		.uleb128 0xb
 7195 01b3 00       		.byte	0
 7196 01b4 00       		.byte	0
 7197 01b5 22       		.uleb128 0x22
 7198 01b6 34       		.uleb128 0x34
 7199 01b7 00       		.byte	0
 7200 01b8 03       		.uleb128 0x3
 7201 01b9 0E       		.uleb128 0xe
 7202 01ba 3A       		.uleb128 0x3a
 7203 01bb 0B       		.uleb128 0xb
 7204 01bc 3B       		.uleb128 0x3b
 7205 01bd 0B       		.uleb128 0xb
 7206 01be 39       		.uleb128 0x39
 7207 01bf 0B       		.uleb128 0xb
 7208 01c0 49       		.uleb128 0x49
 7209 01c1 13       		.uleb128 0x13
 7210 01c2 3F       		.uleb128 0x3f
 7211 01c3 19       		.uleb128 0x19
 7212 01c4 3C       		.uleb128 0x3c
 7213 01c5 19       		.uleb128 0x19
 7214 01c6 00       		.byte	0
 7215 01c7 00       		.byte	0
 7216 01c8 23       		.uleb128 0x23
 7217 01c9 34       		.uleb128 0x34
 7218 01ca 00       		.byte	0
 7219 01cb 03       		.uleb128 0x3
 7220 01cc 08       		.uleb128 0x8
 7221 01cd 3A       		.uleb128 0x3a
 7222 01ce 0B       		.uleb128 0xb
 7223 01cf 3B       		.uleb128 0x3b
 7224 01d0 05       		.uleb128 0x5
 7225 01d1 39       		.uleb128 0x39
 7226 01d2 0B       		.uleb128 0xb
 7227 01d3 49       		.uleb128 0x49
 7228 01d4 13       		.uleb128 0x13
 7229 01d5 3F       		.uleb128 0x3f
 7230 01d6 19       		.uleb128 0x19
 7231 01d7 3C       		.uleb128 0x3c
 7232 01d8 19       		.uleb128 0x19
 7233 01d9 00       		.byte	0
 7234 01da 00       		.byte	0
 7235 01db 24       		.uleb128 0x24
 7236 01dc 21       		.uleb128 0x21
 7237 01dd 00       		.byte	0
 7238 01de 00       		.byte	0
 7239 01df 00       		.byte	0
ARM GAS  /tmp/cckyrRJs.s 			page 128


 7240 01e0 25       		.uleb128 0x25
 7241 01e1 0D       		.uleb128 0xd
 7242 01e2 00       		.byte	0
 7243 01e3 03       		.uleb128 0x3
 7244 01e4 08       		.uleb128 0x8
 7245 01e5 3A       		.uleb128 0x3a
 7246 01e6 0B       		.uleb128 0xb
 7247 01e7 3B       		.uleb128 0x3b
 7248 01e8 0B       		.uleb128 0xb
 7249 01e9 39       		.uleb128 0x39
 7250 01ea 0B       		.uleb128 0xb
 7251 01eb 49       		.uleb128 0x49
 7252 01ec 13       		.uleb128 0x13
 7253 01ed 00       		.byte	0
 7254 01ee 00       		.byte	0
 7255 01ef 26       		.uleb128 0x26
 7256 01f0 04       		.uleb128 0x4
 7257 01f1 01       		.byte	0x1
 7258 01f2 3E       		.uleb128 0x3e
 7259 01f3 0B       		.uleb128 0xb
 7260 01f4 0B       		.uleb128 0xb
 7261 01f5 0B       		.uleb128 0xb
 7262 01f6 49       		.uleb128 0x49
 7263 01f7 13       		.uleb128 0x13
 7264 01f8 3A       		.uleb128 0x3a
 7265 01f9 0B       		.uleb128 0xb
 7266 01fa 3B       		.uleb128 0x3b
 7267 01fb 0B       		.uleb128 0xb
 7268 01fc 39       		.uleb128 0x39
 7269 01fd 0B       		.uleb128 0xb
 7270 01fe 01       		.uleb128 0x1
 7271 01ff 13       		.uleb128 0x13
 7272 0200 00       		.byte	0
 7273 0201 00       		.byte	0
 7274 0202 27       		.uleb128 0x27
 7275 0203 28       		.uleb128 0x28
 7276 0204 00       		.byte	0
 7277 0205 03       		.uleb128 0x3
 7278 0206 0E       		.uleb128 0xe
 7279 0207 1C       		.uleb128 0x1c
 7280 0208 0B       		.uleb128 0xb
 7281 0209 00       		.byte	0
 7282 020a 00       		.byte	0
 7283 020b 28       		.uleb128 0x28
 7284 020c 04       		.uleb128 0x4
 7285 020d 01       		.byte	0x1
 7286 020e 3E       		.uleb128 0x3e
 7287 020f 0B       		.uleb128 0xb
 7288 0210 0B       		.uleb128 0xb
 7289 0211 0B       		.uleb128 0xb
 7290 0212 49       		.uleb128 0x49
 7291 0213 13       		.uleb128 0x13
 7292 0214 3A       		.uleb128 0x3a
 7293 0215 0B       		.uleb128 0xb
 7294 0216 3B       		.uleb128 0x3b
 7295 0217 05       		.uleb128 0x5
 7296 0218 39       		.uleb128 0x39
ARM GAS  /tmp/cckyrRJs.s 			page 129


 7297 0219 0B       		.uleb128 0xb
 7298 021a 01       		.uleb128 0x1
 7299 021b 13       		.uleb128 0x13
 7300 021c 00       		.byte	0
 7301 021d 00       		.byte	0
 7302 021e 29       		.uleb128 0x29
 7303 021f 13       		.uleb128 0x13
 7304 0220 01       		.byte	0x1
 7305 0221 0B       		.uleb128 0xb
 7306 0222 06       		.uleb128 0x6
 7307 0223 3A       		.uleb128 0x3a
 7308 0224 0B       		.uleb128 0xb
 7309 0225 3B       		.uleb128 0x3b
 7310 0226 0B       		.uleb128 0xb
 7311 0227 39       		.uleb128 0x39
 7312 0228 0B       		.uleb128 0xb
 7313 0229 01       		.uleb128 0x1
 7314 022a 13       		.uleb128 0x13
 7315 022b 00       		.byte	0
 7316 022c 00       		.byte	0
 7317 022d 2A       		.uleb128 0x2a
 7318 022e 0D       		.uleb128 0xd
 7319 022f 00       		.byte	0
 7320 0230 03       		.uleb128 0x3
 7321 0231 08       		.uleb128 0x8
 7322 0232 3A       		.uleb128 0x3a
 7323 0233 0B       		.uleb128 0xb
 7324 0234 3B       		.uleb128 0x3b
 7325 0235 0B       		.uleb128 0xb
 7326 0236 39       		.uleb128 0x39
 7327 0237 0B       		.uleb128 0xb
 7328 0238 49       		.uleb128 0x49
 7329 0239 13       		.uleb128 0x13
 7330 023a 38       		.uleb128 0x38
 7331 023b 05       		.uleb128 0x5
 7332 023c 00       		.byte	0
 7333 023d 00       		.byte	0
 7334 023e 2B       		.uleb128 0x2b
 7335 023f 21       		.uleb128 0x21
 7336 0240 00       		.byte	0
 7337 0241 49       		.uleb128 0x49
 7338 0242 13       		.uleb128 0x13
 7339 0243 2F       		.uleb128 0x2f
 7340 0244 05       		.uleb128 0x5
 7341 0245 00       		.byte	0
 7342 0246 00       		.byte	0
 7343 0247 2C       		.uleb128 0x2c
 7344 0248 34       		.uleb128 0x34
 7345 0249 00       		.byte	0
 7346 024a 03       		.uleb128 0x3
 7347 024b 0E       		.uleb128 0xe
 7348 024c 3A       		.uleb128 0x3a
 7349 024d 0B       		.uleb128 0xb
 7350 024e 3B       		.uleb128 0x3b
 7351 024f 0B       		.uleb128 0xb
 7352 0250 39       		.uleb128 0x39
 7353 0251 0B       		.uleb128 0xb
ARM GAS  /tmp/cckyrRJs.s 			page 130


 7354 0252 49       		.uleb128 0x49
 7355 0253 13       		.uleb128 0x13
 7356 0254 3F       		.uleb128 0x3f
 7357 0255 19       		.uleb128 0x19
 7358 0256 00       		.byte	0
 7359 0257 00       		.byte	0
 7360 0258 2D       		.uleb128 0x2d
 7361 0259 34       		.uleb128 0x34
 7362 025a 00       		.byte	0
 7363 025b 03       		.uleb128 0x3
 7364 025c 08       		.uleb128 0x8
 7365 025d 3A       		.uleb128 0x3a
 7366 025e 0B       		.uleb128 0xb
 7367 025f 3B       		.uleb128 0x3b
 7368 0260 0B       		.uleb128 0xb
 7369 0261 39       		.uleb128 0x39
 7370 0262 0B       		.uleb128 0xb
 7371 0263 49       		.uleb128 0x49
 7372 0264 13       		.uleb128 0x13
 7373 0265 3F       		.uleb128 0x3f
 7374 0266 19       		.uleb128 0x19
 7375 0267 00       		.byte	0
 7376 0268 00       		.byte	0
 7377 0269 2E       		.uleb128 0x2e
 7378 026a 34       		.uleb128 0x34
 7379 026b 00       		.byte	0
 7380 026c 03       		.uleb128 0x3
 7381 026d 0E       		.uleb128 0xe
 7382 026e 3A       		.uleb128 0x3a
 7383 026f 0B       		.uleb128 0xb
 7384 0270 3B       		.uleb128 0x3b
 7385 0271 0B       		.uleb128 0xb
 7386 0272 39       		.uleb128 0x39
 7387 0273 0B       		.uleb128 0xb
 7388 0274 49       		.uleb128 0x49
 7389 0275 13       		.uleb128 0x13
 7390 0276 00       		.byte	0
 7391 0277 00       		.byte	0
 7392 0278 2F       		.uleb128 0x2f
 7393 0279 34       		.uleb128 0x34
 7394 027a 00       		.byte	0
 7395 027b 03       		.uleb128 0x3
 7396 027c 08       		.uleb128 0x8
 7397 027d 3A       		.uleb128 0x3a
 7398 027e 0B       		.uleb128 0xb
 7399 027f 3B       		.uleb128 0x3b
 7400 0280 0B       		.uleb128 0xb
 7401 0281 39       		.uleb128 0x39
 7402 0282 0B       		.uleb128 0xb
 7403 0283 49       		.uleb128 0x49
 7404 0284 13       		.uleb128 0x13
 7405 0285 00       		.byte	0
 7406 0286 00       		.byte	0
 7407 0287 30       		.uleb128 0x30
 7408 0288 34       		.uleb128 0x34
 7409 0289 00       		.byte	0
 7410 028a 03       		.uleb128 0x3
ARM GAS  /tmp/cckyrRJs.s 			page 131


 7411 028b 0E       		.uleb128 0xe
 7412 028c 3A       		.uleb128 0x3a
 7413 028d 0B       		.uleb128 0xb
 7414 028e 3B       		.uleb128 0x3b
 7415 028f 05       		.uleb128 0x5
 7416 0290 39       		.uleb128 0x39
 7417 0291 0B       		.uleb128 0xb
 7418 0292 49       		.uleb128 0x49
 7419 0293 13       		.uleb128 0x13
 7420 0294 00       		.byte	0
 7421 0295 00       		.byte	0
 7422 0296 31       		.uleb128 0x31
 7423 0297 2E       		.uleb128 0x2e
 7424 0298 01       		.byte	0x1
 7425 0299 3F       		.uleb128 0x3f
 7426 029a 19       		.uleb128 0x19
 7427 029b 03       		.uleb128 0x3
 7428 029c 0E       		.uleb128 0xe
 7429 029d 3A       		.uleb128 0x3a
 7430 029e 0B       		.uleb128 0xb
 7431 029f 3B       		.uleb128 0x3b
 7432 02a0 05       		.uleb128 0x5
 7433 02a1 39       		.uleb128 0x39
 7434 02a2 0B       		.uleb128 0xb
 7435 02a3 27       		.uleb128 0x27
 7436 02a4 19       		.uleb128 0x19
 7437 02a5 49       		.uleb128 0x49
 7438 02a6 13       		.uleb128 0x13
 7439 02a7 01       		.uleb128 0x1
 7440 02a8 13       		.uleb128 0x13
 7441 02a9 00       		.byte	0
 7442 02aa 00       		.byte	0
 7443 02ab 32       		.uleb128 0x32
 7444 02ac 2E       		.uleb128 0x2e
 7445 02ad 01       		.byte	0x1
 7446 02ae 03       		.uleb128 0x3
 7447 02af 0E       		.uleb128 0xe
 7448 02b0 3A       		.uleb128 0x3a
 7449 02b1 0B       		.uleb128 0xb
 7450 02b2 3B       		.uleb128 0x3b
 7451 02b3 05       		.uleb128 0x5
 7452 02b4 39       		.uleb128 0x39
 7453 02b5 0B       		.uleb128 0xb
 7454 02b6 27       		.uleb128 0x27
 7455 02b7 19       		.uleb128 0x19
 7456 02b8 01       		.uleb128 0x1
 7457 02b9 13       		.uleb128 0x13
 7458 02ba 00       		.byte	0
 7459 02bb 00       		.byte	0
 7460 02bc 33       		.uleb128 0x33
 7461 02bd 05       		.uleb128 0x5
 7462 02be 00       		.byte	0
 7463 02bf 03       		.uleb128 0x3
 7464 02c0 08       		.uleb128 0x8
 7465 02c1 3A       		.uleb128 0x3a
 7466 02c2 0B       		.uleb128 0xb
 7467 02c3 3B       		.uleb128 0x3b
ARM GAS  /tmp/cckyrRJs.s 			page 132


 7468 02c4 05       		.uleb128 0x5
 7469 02c5 39       		.uleb128 0x39
 7470 02c6 0B       		.uleb128 0xb
 7471 02c7 49       		.uleb128 0x49
 7472 02c8 13       		.uleb128 0x13
 7473 02c9 00       		.byte	0
 7474 02ca 00       		.byte	0
 7475 02cb 34       		.uleb128 0x34
 7476 02cc 2E       		.uleb128 0x2e
 7477 02cd 01       		.byte	0x1
 7478 02ce 3F       		.uleb128 0x3f
 7479 02cf 19       		.uleb128 0x19
 7480 02d0 03       		.uleb128 0x3
 7481 02d1 0E       		.uleb128 0xe
 7482 02d2 3A       		.uleb128 0x3a
 7483 02d3 0B       		.uleb128 0xb
 7484 02d4 3B       		.uleb128 0x3b
 7485 02d5 05       		.uleb128 0x5
 7486 02d6 39       		.uleb128 0x39
 7487 02d7 0B       		.uleb128 0xb
 7488 02d8 27       		.uleb128 0x27
 7489 02d9 19       		.uleb128 0x19
 7490 02da 01       		.uleb128 0x1
 7491 02db 13       		.uleb128 0x13
 7492 02dc 00       		.byte	0
 7493 02dd 00       		.byte	0
 7494 02de 35       		.uleb128 0x35
 7495 02df 34       		.uleb128 0x34
 7496 02e0 00       		.byte	0
 7497 02e1 03       		.uleb128 0x3
 7498 02e2 08       		.uleb128 0x8
 7499 02e3 3A       		.uleb128 0x3a
 7500 02e4 0B       		.uleb128 0xb
 7501 02e5 3B       		.uleb128 0x3b
 7502 02e6 05       		.uleb128 0x5
 7503 02e7 39       		.uleb128 0x39
 7504 02e8 0B       		.uleb128 0xb
 7505 02e9 49       		.uleb128 0x49
 7506 02ea 13       		.uleb128 0x13
 7507 02eb 00       		.byte	0
 7508 02ec 00       		.byte	0
 7509 02ed 36       		.uleb128 0x36
 7510 02ee 0B       		.uleb128 0xb
 7511 02ef 01       		.byte	0x1
 7512 02f0 00       		.byte	0
 7513 02f1 00       		.byte	0
 7514 02f2 37       		.uleb128 0x37
 7515 02f3 05       		.uleb128 0x5
 7516 02f4 00       		.byte	0
 7517 02f5 03       		.uleb128 0x3
 7518 02f6 0E       		.uleb128 0xe
 7519 02f7 3A       		.uleb128 0x3a
 7520 02f8 0B       		.uleb128 0xb
 7521 02f9 3B       		.uleb128 0x3b
 7522 02fa 05       		.uleb128 0x5
 7523 02fb 39       		.uleb128 0x39
 7524 02fc 0B       		.uleb128 0xb
ARM GAS  /tmp/cckyrRJs.s 			page 133


 7525 02fd 49       		.uleb128 0x49
 7526 02fe 13       		.uleb128 0x13
 7527 02ff 00       		.byte	0
 7528 0300 00       		.byte	0
 7529 0301 38       		.uleb128 0x38
 7530 0302 2E       		.uleb128 0x2e
 7531 0303 00       		.byte	0
 7532 0304 3F       		.uleb128 0x3f
 7533 0305 19       		.uleb128 0x19
 7534 0306 03       		.uleb128 0x3
 7535 0307 0E       		.uleb128 0xe
 7536 0308 3A       		.uleb128 0x3a
 7537 0309 0B       		.uleb128 0xb
 7538 030a 3B       		.uleb128 0x3b
 7539 030b 0B       		.uleb128 0xb
 7540 030c 39       		.uleb128 0x39
 7541 030d 0B       		.uleb128 0xb
 7542 030e 27       		.uleb128 0x27
 7543 030f 19       		.uleb128 0x19
 7544 0310 00       		.byte	0
 7545 0311 00       		.byte	0
 7546 0312 39       		.uleb128 0x39
 7547 0313 2E       		.uleb128 0x2e
 7548 0314 01       		.byte	0x1
 7549 0315 03       		.uleb128 0x3
 7550 0316 0E       		.uleb128 0xe
 7551 0317 3A       		.uleb128 0x3a
 7552 0318 0B       		.uleb128 0xb
 7553 0319 3B       		.uleb128 0x3b
 7554 031a 0B       		.uleb128 0xb
 7555 031b 39       		.uleb128 0x39
 7556 031c 0B       		.uleb128 0xb
 7557 031d 27       		.uleb128 0x27
 7558 031e 19       		.uleb128 0x19
 7559 031f 01       		.uleb128 0x1
 7560 0320 13       		.uleb128 0x13
 7561 0321 00       		.byte	0
 7562 0322 00       		.byte	0
 7563 0323 3A       		.uleb128 0x3a
 7564 0324 05       		.uleb128 0x5
 7565 0325 00       		.byte	0
 7566 0326 03       		.uleb128 0x3
 7567 0327 0E       		.uleb128 0xe
 7568 0328 3A       		.uleb128 0x3a
 7569 0329 0B       		.uleb128 0xb
 7570 032a 3B       		.uleb128 0x3b
 7571 032b 0B       		.uleb128 0xb
 7572 032c 39       		.uleb128 0x39
 7573 032d 0B       		.uleb128 0xb
 7574 032e 49       		.uleb128 0x49
 7575 032f 13       		.uleb128 0x13
 7576 0330 00       		.byte	0
 7577 0331 00       		.byte	0
 7578 0332 3B       		.uleb128 0x3b
 7579 0333 05       		.uleb128 0x5
 7580 0334 00       		.byte	0
 7581 0335 03       		.uleb128 0x3
ARM GAS  /tmp/cckyrRJs.s 			page 134


 7582 0336 08       		.uleb128 0x8
 7583 0337 3A       		.uleb128 0x3a
 7584 0338 0B       		.uleb128 0xb
 7585 0339 3B       		.uleb128 0x3b
 7586 033a 0B       		.uleb128 0xb
 7587 033b 39       		.uleb128 0x39
 7588 033c 0B       		.uleb128 0xb
 7589 033d 49       		.uleb128 0x49
 7590 033e 13       		.uleb128 0x13
 7591 033f 00       		.byte	0
 7592 0340 00       		.byte	0
 7593 0341 3C       		.uleb128 0x3c
 7594 0342 2E       		.uleb128 0x2e
 7595 0343 01       		.byte	0x1
 7596 0344 3F       		.uleb128 0x3f
 7597 0345 19       		.uleb128 0x19
 7598 0346 03       		.uleb128 0x3
 7599 0347 0E       		.uleb128 0xe
 7600 0348 3A       		.uleb128 0x3a
 7601 0349 0B       		.uleb128 0xb
 7602 034a 3B       		.uleb128 0x3b
 7603 034b 0B       		.uleb128 0xb
 7604 034c 39       		.uleb128 0x39
 7605 034d 0B       		.uleb128 0xb
 7606 034e 27       		.uleb128 0x27
 7607 034f 19       		.uleb128 0x19
 7608 0350 01       		.uleb128 0x1
 7609 0351 13       		.uleb128 0x13
 7610 0352 00       		.byte	0
 7611 0353 00       		.byte	0
 7612 0354 3D       		.uleb128 0x3d
 7613 0355 2E       		.uleb128 0x2e
 7614 0356 00       		.byte	0
 7615 0357 03       		.uleb128 0x3
 7616 0358 0E       		.uleb128 0xe
 7617 0359 3A       		.uleb128 0x3a
 7618 035a 0B       		.uleb128 0xb
 7619 035b 3B       		.uleb128 0x3b
 7620 035c 05       		.uleb128 0x5
 7621 035d 39       		.uleb128 0x39
 7622 035e 0B       		.uleb128 0xb
 7623 035f 27       		.uleb128 0x27
 7624 0360 19       		.uleb128 0x19
 7625 0361 00       		.byte	0
 7626 0362 00       		.byte	0
 7627 0363 3E       		.uleb128 0x3e
 7628 0364 2E       		.uleb128 0x2e
 7629 0365 01       		.byte	0x1
 7630 0366 03       		.uleb128 0x3
 7631 0367 0E       		.uleb128 0xe
 7632 0368 3A       		.uleb128 0x3a
 7633 0369 0B       		.uleb128 0xb
 7634 036a 3B       		.uleb128 0x3b
 7635 036b 05       		.uleb128 0x5
 7636 036c 39       		.uleb128 0x39
 7637 036d 0B       		.uleb128 0xb
 7638 036e 27       		.uleb128 0x27
ARM GAS  /tmp/cckyrRJs.s 			page 135


 7639 036f 19       		.uleb128 0x19
 7640 0370 49       		.uleb128 0x49
 7641 0371 13       		.uleb128 0x13
 7642 0372 01       		.uleb128 0x1
 7643 0373 13       		.uleb128 0x13
 7644 0374 00       		.byte	0
 7645 0375 00       		.byte	0
 7646 0376 3F       		.uleb128 0x3f
 7647 0377 2E       		.uleb128 0x2e
 7648 0378 01       		.byte	0x1
 7649 0379 03       		.uleb128 0x3
 7650 037a 0E       		.uleb128 0xe
 7651 037b 3A       		.uleb128 0x3a
 7652 037c 0B       		.uleb128 0xb
 7653 037d 3B       		.uleb128 0x3b
 7654 037e 0B       		.uleb128 0xb
 7655 037f 39       		.uleb128 0x39
 7656 0380 0B       		.uleb128 0xb
 7657 0381 27       		.uleb128 0x27
 7658 0382 19       		.uleb128 0x19
 7659 0383 49       		.uleb128 0x49
 7660 0384 13       		.uleb128 0x13
 7661 0385 01       		.uleb128 0x1
 7662 0386 13       		.uleb128 0x13
 7663 0387 00       		.byte	0
 7664 0388 00       		.byte	0
 7665 0389 40       		.uleb128 0x40
 7666 038a 2E       		.uleb128 0x2e
 7667 038b 00       		.byte	0
 7668 038c 03       		.uleb128 0x3
 7669 038d 0E       		.uleb128 0xe
 7670 038e 3A       		.uleb128 0x3a
 7671 038f 0B       		.uleb128 0xb
 7672 0390 3B       		.uleb128 0x3b
 7673 0391 0B       		.uleb128 0xb
 7674 0392 39       		.uleb128 0x39
 7675 0393 0B       		.uleb128 0xb
 7676 0394 27       		.uleb128 0x27
 7677 0395 19       		.uleb128 0x19
 7678 0396 49       		.uleb128 0x49
 7679 0397 13       		.uleb128 0x13
 7680 0398 00       		.byte	0
 7681 0399 00       		.byte	0
 7682 039a 41       		.uleb128 0x41
 7683 039b 34       		.uleb128 0x34
 7684 039c 00       		.byte	0
 7685 039d 03       		.uleb128 0x3
 7686 039e 0E       		.uleb128 0xe
 7687 039f 49       		.uleb128 0x49
 7688 03a0 13       		.uleb128 0x13
 7689 03a1 34       		.uleb128 0x34
 7690 03a2 19       		.uleb128 0x19
 7691 03a3 00       		.byte	0
 7692 03a4 00       		.byte	0
 7693 03a5 42       		.uleb128 0x42
 7694 03a6 2E       		.uleb128 0x2e
 7695 03a7 01       		.byte	0x1
ARM GAS  /tmp/cckyrRJs.s 			page 136


 7696 03a8 03       		.uleb128 0x3
 7697 03a9 0E       		.uleb128 0xe
 7698 03aa 3A       		.uleb128 0x3a
 7699 03ab 0B       		.uleb128 0xb
 7700 03ac 3B       		.uleb128 0x3b
 7701 03ad 05       		.uleb128 0x5
 7702 03ae 39       		.uleb128 0x39
 7703 03af 0B       		.uleb128 0xb
 7704 03b0 27       		.uleb128 0x27
 7705 03b1 19       		.uleb128 0x19
 7706 03b2 00       		.byte	0
 7707 03b3 00       		.byte	0
 7708 03b4 00       		.byte	0
 7709              		.section	.gnu.debuglto_.debug_line,"e",%progbits
 7710              	.Ldebug_line0:
 7711 0000 29070000 		.4byte	.LELT0-.LSLT0
 7712              	.LSLT0:
 7713 0004 0400     		.2byte	0x4
 7714 0006 23070000 		.4byte	.LELTP0-.LASLTP0
 7715              	.LASLTP0:
 7716 000a 01       		.byte	0x1
 7717 000b 01       		.byte	0x1
 7718 000c 01       		.byte	0x1
 7719 000d F6       		.byte	0xf6
 7720 000e F2       		.byte	0xf2
 7721 000f 0D       		.byte	0xd
 7722 0010 00       		.byte	0
 7723 0011 01       		.byte	0x1
 7724 0012 01       		.byte	0x1
 7725 0013 01       		.byte	0x1
 7726 0014 01       		.byte	0x1
 7727 0015 00       		.byte	0
 7728 0016 00       		.byte	0
 7729 0017 00       		.byte	0
 7730 0018 01       		.byte	0x1
 7731 0019 00       		.byte	0
 7732 001a 00       		.byte	0
 7733 001b 01       		.byte	0x1
 7734 001c 2E2E2F2E 		.ascii	"../../chibios_trunk/os/common/ext/ARM/CMSIS/Core/In"
 7734      2E2F6368 
 7734      6962696F 
 7734      735F7472 
 7734      756E6B2F 
 7735 004f 636C7564 		.ascii	"clude"
 7735      65
 7736 0054 00       		.byte	0
 7737 0055 2E2E2F2E 		.ascii	"../../chibios_trunk/os/common/ext/ST/STM32F4xx"
 7737      2E2F6368 
 7737      6962696F 
 7737      735F7472 
 7737      756E6B2F 
 7738 0083 00       		.byte	0
 7739 0084 2E2E2F2E 		.ascii	"../../chibios_trunk/os/common/ports/ARMCMx/compiler"
 7739      2E2F6368 
 7739      6962696F 
 7739      735F7472 
 7739      756E6B2F 
ARM GAS  /tmp/cckyrRJs.s 			page 137


 7740 00b7 732F4743 		.ascii	"s/GCC"
 7740      43
 7741 00bc 00       		.byte	0
 7742 00bd 2E2E2F2E 		.ascii	"../../chibios_trunk/os/common/ports/ARMCMx"
 7742      2E2F6368 
 7742      6962696F 
 7742      735F7472 
 7742      756E6B2F 
 7743 00e7 00       		.byte	0
 7744 00e8 2E2E2F2E 		.ascii	"../../chibios_trunk/os/hal/include"
 7744      2E2F6368 
 7744      6962696F 
 7744      735F7472 
 7744      756E6B2F 
 7745 010a 00       		.byte	0
 7746 010b 2E2E2F2E 		.ascii	"../../chibios_trunk/os/hal/osal/rt-nil"
 7746      2E2F6368 
 7746      6962696F 
 7746      735F7472 
 7746      756E6B2F 
 7747 0131 00       		.byte	0
 7748 0132 2E2E2F2E 		.ascii	"../../chibios_trunk/os/hal/ports/STM32/LLD/DMAv2"
 7748      2E2F6368 
 7748      6962696F 
 7748      735F7472 
 7748      756E6B2F 
 7749 0162 00       		.byte	0
 7750 0163 2E2E2F2E 		.ascii	"../../chibios_trunk/os/hal/ports/STM32/LLD/GPIOv2"
 7750      2E2F6368 
 7750      6962696F 
 7750      735F7472 
 7750      756E6B2F 
 7751 0194 00       		.byte	0
 7752 0195 2E2E2F2E 		.ascii	"../../chibios_trunk/os/hal/ports/STM32/LLD/OTGv1"
 7752      2E2F6368 
 7752      6962696F 
 7752      735F7472 
 7752      756E6B2F 
 7753 01c5 00       		.byte	0
 7754 01c6 2E2E2F2E 		.ascii	"../../chibios_trunk/os/hal/ports/STM32/LLD/TIMv1"
 7754      2E2F6368 
 7754      6962696F 
 7754      735F7472 
 7754      756E6B2F 
 7755 01f6 00       		.byte	0
 7756 01f7 2E2E2F2E 		.ascii	"../../chibios_trunk/os/hal/ports/STM32/LLD/USARTv1"
 7756      2E2F6368 
 7756      6962696F 
 7756      735F7472 
 7756      756E6B2F 
 7757 0229 00       		.byte	0
 7758 022a 2E2E2F2E 		.ascii	"../../chibios_trunk/os/oslib/include"
 7758      2E2F6368 
 7758      6962696F 
 7758      735F7472 
 7758      756E6B2F 
 7759 024e 00       		.byte	0
ARM GAS  /tmp/cckyrRJs.s 			page 138


 7760 024f 2E2E2F2E 		.ascii	"../../chibios_trunk/os/rt/include"
 7760      2E2F6368 
 7760      6962696F 
 7760      735F7472 
 7760      756E6B2F 
 7761 0270 00       		.byte	0
 7762 0271 2E2E2F2E 		.ascii	"../../chibios_trunk/os/various/shell"
 7762      2E2F6368 
 7762      6962696F 
 7762      735F7472 
 7762      756E6B2F 
 7763 0295 00       		.byte	0
 7764 0296 2F686F6D 		.ascii	"/home/rob/Projects/ChibiStudio/ChibiStudio_20/tools"
 7764      652F726F 
 7764      622F5072 
 7764      6F6A6563 
 7764      74732F43 
 7765 02c9 2F474E55 		.ascii	"/GNU Tools ARM Embedded/9.2.1 2019q4/arm-none-eabi/"
 7765      20546F6F 
 7765      6C732041 
 7765      524D2045 
 7765      6D626564 
 7766 02fc 696E636C 		.ascii	"include/machine"
 7766      7564652F 
 7766      6D616368 
 7766      696E65
 7767 030b 00       		.byte	0
 7768 030c 2F686F6D 		.ascii	"/home/rob/Projects/ChibiStudio/ChibiStudio_20/tools"
 7768      652F726F 
 7768      622F5072 
 7768      6F6A6563 
 7768      74732F43 
 7769 033f 2F474E55 		.ascii	"/GNU Tools ARM Embedded/9.2.1 2019q4/arm-none-eabi/"
 7769      20546F6F 
 7769      6C732041 
 7769      524D2045 
 7769      6D626564 
 7770 0372 696E636C 		.ascii	"include/sys"
 7770      7564652F 
 7770      737973
 7771 037d 00       		.byte	0
 7772 037e 2F686F6D 		.ascii	"/home/rob/Projects/ChibiStudio/ChibiStudio_20/tools"
 7772      652F726F 
 7772      622F5072 
 7772      6F6A6563 
 7772      74732F43 
 7773 03b1 2F474E55 		.ascii	"/GNU Tools ARM Embedded/9.2.1 2019q4/arm-none-eabi/"
 7773      20546F6F 
 7773      6C732041 
 7773      524D2045 
 7773      6D626564 
 7774 03e4 696E636C 		.ascii	"include"
 7774      756465
 7775 03eb 00       		.byte	0
 7776 03ec 2F686F6D 		.ascii	"/home/rob/Projects/ChibiStudio/ChibiStudio_20/tools"
 7776      652F726F 
 7776      622F5072 
ARM GAS  /tmp/cckyrRJs.s 			page 139


 7776      6F6A6563 
 7776      74732F43 
 7777 041f 2F474E55 		.ascii	"/GNU Tools ARM Embedded/9.2.1 2019q4/lib/gcc/arm-no"
 7777      20546F6F 
 7777      6C732041 
 7777      524D2045 
 7777      6D626564 
 7778 0452 6E652D65 		.ascii	"ne-eabi/9.2.1/include"
 7778      6162692F 
 7778      392E322E 
 7778      312F696E 
 7778      636C7564 
 7779 0467 00       		.byte	0
 7780 0468 75736572 		.ascii	"userlib/include"
 7780      6C69622F 
 7780      696E636C 
 7780      756465
 7781 0477 00       		.byte	0
 7782 0478 00       		.byte	0
 7783 0479 5F646566 		.ascii	"_default_types.h\000"
 7783      61756C74 
 7783      5F747970 
 7783      65732E68 
 7783      00
 7784 048a 0F       		.uleb128 0xf
 7785 048b 00       		.uleb128 0
 7786 048c 00       		.uleb128 0
 7787 048d 73746464 		.ascii	"stddef.h\000"
 7787      65662E68 
 7787      00
 7788 0496 12       		.uleb128 0x12
 7789 0497 00       		.uleb128 0
 7790 0498 00       		.uleb128 0
 7791 0499 6C6F636B 		.ascii	"lock.h\000"
 7791      2E6800
 7792 04a0 10       		.uleb128 0x10
 7793 04a1 00       		.uleb128 0
 7794 04a2 00       		.uleb128 0
 7795 04a3 5F747970 		.ascii	"_types.h\000"
 7795      65732E68 
 7795      00
 7796 04ac 10       		.uleb128 0x10
 7797 04ad 00       		.uleb128 0
 7798 04ae 00       		.uleb128 0
 7799 04af 7265656E 		.ascii	"reent.h\000"
 7799      742E6800 
 7800 04b7 10       		.uleb128 0x10
 7801 04b8 00       		.uleb128 0
 7802 04b9 00       		.uleb128 0
 7803 04ba 5F737464 		.ascii	"_stdint.h\000"
 7803      696E742E 
 7803      6800
 7804 04c4 10       		.uleb128 0x10
 7805 04c5 00       		.uleb128 0
 7806 04c6 00       		.uleb128 0
 7807 04c7 63687479 		.ascii	"chtypes.h\000"
 7807      7065732E 
ARM GAS  /tmp/cckyrRJs.s 			page 140


 7807      6800
 7808 04d1 03       		.uleb128 0x3
 7809 04d2 00       		.uleb128 0
 7810 04d3 00       		.uleb128 0
 7811 04d4 63687379 		.ascii	"chsystypes.h\000"
 7811      73747970 
 7811      65732E68 
 7811      00
 7812 04e1 0D       		.uleb128 0xd
 7813 04e2 00       		.uleb128 0
 7814 04e3 00       		.uleb128 0
 7815 04e4 63687363 		.ascii	"chschd.h\000"
 7815      68642E68 
 7815      00
 7816 04ed 0D       		.uleb128 0xd
 7817 04ee 00       		.uleb128 0
 7818 04ef 00       		.uleb128 0
 7819 04f0 63687469 		.ascii	"chtime.h\000"
 7819      6D652E68 
 7819      00
 7820 04f9 0D       		.uleb128 0xd
 7821 04fa 00       		.uleb128 0
 7822 04fb 00       		.uleb128 0
 7823 04fc 636F7265 		.ascii	"core_cm4.h\000"
 7823      5F636D34 
 7823      2E6800
 7824 0507 01       		.uleb128 0x1
 7825 0508 00       		.uleb128 0
 7826 0509 00       		.uleb128 0
 7827 050a 73797374 		.ascii	"system_stm32f4xx.h\000"
 7827      656D5F73 
 7827      746D3332 
 7827      66347878 
 7827      2E6800
 7828 051d 02       		.uleb128 0x2
 7829 051e 00       		.uleb128 0
 7830 051f 00       		.uleb128 0
 7831 0520 73746D33 		.ascii	"stm32f401xe.h\000"
 7831      32663430 
 7831      3178652E 
 7831      6800
 7832 052e 02       		.uleb128 0x2
 7833 052f 00       		.uleb128 0
 7834 0530 00       		.uleb128 0
 7835 0531 6368636F 		.ascii	"chcore.h\000"
 7835      72652E68 
 7835      00
 7836 053a 04       		.uleb128 0x4
 7837 053b 00       		.uleb128 0
 7838 053c 00       		.uleb128 0
 7839 053d 6368636F 		.ascii	"chcore_v7m.h\000"
 7839      72655F76 
 7839      376D2E68 
 7839      00
 7840 054a 04       		.uleb128 0x4
 7841 054b 00       		.uleb128 0
 7842 054c 00       		.uleb128 0
ARM GAS  /tmp/cckyrRJs.s 			page 141


 7843 054d 6368746D 		.ascii	"chtm.h\000"
 7843      2E6800
 7844 0554 0D       		.uleb128 0xd
 7845 0555 00       		.uleb128 0
 7846 0556 00       		.uleb128 0
 7847 0557 63687365 		.ascii	"chsem.h\000"
 7847      6D2E6800 
 7848 055f 0D       		.uleb128 0xd
 7849 0560 00       		.uleb128 0
 7850 0561 00       		.uleb128 0
 7851 0562 63686D74 		.ascii	"chmtx.h\000"
 7851      782E6800 
 7852 056a 0D       		.uleb128 0xd
 7853 056b 00       		.uleb128 0
 7854 056c 00       		.uleb128 0
 7855 056d 63687379 		.ascii	"chsys.h\000"
 7855      732E6800 
 7856 0575 0D       		.uleb128 0xd
 7857 0576 00       		.uleb128 0
 7858 0577 00       		.uleb128 0
 7859 0578 63687265 		.ascii	"chregistry.h\000"
 7859      67697374 
 7859      72792E68 
 7859      00
 7860 0585 0D       		.uleb128 0xd
 7861 0586 00       		.uleb128 0
 7862 0587 00       		.uleb128 0
 7863 0588 63686576 		.ascii	"chevents.h\000"
 7863      656E7473 
 7863      2E6800
 7864 0593 0D       		.uleb128 0xd
 7865 0594 00       		.uleb128 0
 7866 0595 00       		.uleb128 0
 7867 0596 63686D65 		.ascii	"chmemcore.h\000"
 7867      6D636F72 
 7867      652E6800 
 7868 05a2 0C       		.uleb128 0xc
 7869 05a3 00       		.uleb128 0
 7870 05a4 00       		.uleb128 0
 7871 05a5 63686D65 		.ascii	"chmempools.h\000"
 7871      6D706F6F 
 7871      6C732E68 
 7871      00
 7872 05b2 0C       		.uleb128 0xc
 7873 05b3 00       		.uleb128 0
 7874 05b4 00       		.uleb128 0
 7875 05b5 63686661 		.ascii	"chfactory.h\000"
 7875      63746F72 
 7875      792E6800 
 7876 05c1 0C       		.uleb128 0xc
 7877 05c2 00       		.uleb128 0
 7878 05c3 00       		.uleb128 0
 7879 05c4 73746D33 		.ascii	"stm32_dma.h\000"
 7879      325F646D 
 7879      612E6800 
 7880 05d0 07       		.uleb128 0x7
 7881 05d1 00       		.uleb128 0
ARM GAS  /tmp/cckyrRJs.s 			page 142


 7882 05d2 00       		.uleb128 0
 7883 05d3 73746D33 		.ascii	"stm32_tim.h\000"
 7883      325F7469 
 7883      6D2E6800 
 7884 05df 0A       		.uleb128 0xa
 7885 05e0 00       		.uleb128 0
 7886 05e1 00       		.uleb128 0
 7887 05e2 68616C5F 		.ascii	"hal_streams.h\000"
 7887      73747265 
 7887      616D732E 
 7887      6800
 7888 05f0 05       		.uleb128 0x5
 7889 05f1 00       		.uleb128 0
 7890 05f2 00       		.uleb128 0
 7891 05f3 68616C5F 		.ascii	"hal_buffers.h\000"
 7891      62756666 
 7891      6572732E 
 7891      6800
 7892 0601 05       		.uleb128 0x5
 7893 0602 00       		.uleb128 0
 7894 0603 00       		.uleb128 0
 7895 0604 68616C5F 		.ascii	"hal_pal.h\000"
 7895      70616C2E 
 7895      6800
 7896 060e 05       		.uleb128 0x5
 7897 060f 00       		.uleb128 0
 7898 0610 00       		.uleb128 0
 7899 0611 73746D33 		.ascii	"stm32_gpio.h\000"
 7899      325F6770 
 7899      696F2E68 
 7899      00
 7900 061e 08       		.uleb128 0x8
 7901 061f 00       		.uleb128 0
 7902 0620 00       		.uleb128 0
 7903 0621 68616C5F 		.ascii	"hal_pal_lld.h\000"
 7903      70616C5F 
 7903      6C6C642E 
 7903      6800
 7904 062f 08       		.uleb128 0x8
 7905 0630 00       		.uleb128 0
 7906 0631 00       		.uleb128 0
 7907 0632 68616C5F 		.ascii	"hal_icu.h\000"
 7907      6963752E 
 7907      6800
 7908 063c 05       		.uleb128 0x5
 7909 063d 00       		.uleb128 0
 7910 063e 00       		.uleb128 0
 7911 063f 68616C5F 		.ascii	"hal_icu_lld.h\000"
 7911      6963755F 
 7911      6C6C642E 
 7911      6800
 7912 064d 0A       		.uleb128 0xa
 7913 064e 00       		.uleb128 0
 7914 064f 00       		.uleb128 0
 7915 0650 68616C5F 		.ascii	"hal_uart.h\000"
 7915      75617274 
 7915      2E6800
ARM GAS  /tmp/cckyrRJs.s 			page 143


 7916 065b 05       		.uleb128 0x5
 7917 065c 00       		.uleb128 0
 7918 065d 00       		.uleb128 0
 7919 065e 68616C5F 		.ascii	"hal_uart_lld.h\000"
 7919      75617274 
 7919      5F6C6C64 
 7919      2E6800
 7920 066d 0B       		.uleb128 0xb
 7921 066e 00       		.uleb128 0
 7922 066f 00       		.uleb128 0
 7923 0670 68616C5F 		.ascii	"hal_usb.h\000"
 7923      7573622E 
 7923      6800
 7924 067a 05       		.uleb128 0x5
 7925 067b 00       		.uleb128 0
 7926 067c 00       		.uleb128 0
 7927 067d 68616C5F 		.ascii	"hal_usb_lld.h\000"
 7927      7573625F 
 7927      6C6C642E 
 7927      6800
 7928 068b 09       		.uleb128 0x9
 7929 068c 00       		.uleb128 0
 7930 068d 00       		.uleb128 0
 7931 068e 73746D33 		.ascii	"stm32_otg.h\000"
 7931      325F6F74 
 7931      672E6800 
 7932 069a 09       		.uleb128 0x9
 7933 069b 00       		.uleb128 0
 7934 069c 00       		.uleb128 0
 7935 069d 68616C5F 		.ascii	"hal_serial_usb.h\000"
 7935      73657269 
 7935      616C5F75 
 7935      73622E68 
 7935      00
 7936 06ae 05       		.uleb128 0x5
 7937 06af 00       		.uleb128 0
 7938 06b0 00       		.uleb128 0
 7939 06b1 7368656C 		.ascii	"shell.h\000"
 7939      6C2E6800 
 7940 06b9 0E       		.uleb128 0xe
 7941 06ba 00       		.uleb128 0
 7942 06bb 00       		.uleb128 0
 7943 06bc 6D61696E 		.ascii	"main.h\000"
 7943      2E6800
 7944 06c3 00       		.uleb128 0
 7945 06c4 00       		.uleb128 0
 7946 06c5 00       		.uleb128 0
 7947 06c6 7374646C 		.ascii	"stdlib.h\000"
 7947      69622E68 
 7947      00
 7948 06cf 11       		.uleb128 0x11
 7949 06d0 00       		.uleb128 0
 7950 06d1 00       		.uleb128 0
 7951 06d2 75736263 		.ascii	"usbcfg.h\000"
 7951      66672E68 
 7951      00
 7952 06db 13       		.uleb128 0x13
ARM GAS  /tmp/cckyrRJs.s 			page 144


 7953 06dc 00       		.uleb128 0
 7954 06dd 00       		.uleb128 0
 7955 06de 6D61696E 		.ascii	"main.c\000"
 7955      2E6300
 7956 06e5 00       		.uleb128 0
 7957 06e6 00       		.uleb128 0
 7958 06e7 00       		.uleb128 0
 7959 06e8 6F73616C 		.ascii	"osal.h\000"
 7959      2E6800
 7960 06ef 06       		.uleb128 0x6
 7961 06f0 00       		.uleb128 0
 7962 06f1 00       		.uleb128 0
 7963 06f2 63687468 		.ascii	"chthreads.h\000"
 7963      72656164 
 7963      732E6800 
 7964 06fe 0D       		.uleb128 0xd
 7965 06ff 00       		.uleb128 0
 7966 0700 00       		.uleb128 0
 7967 0701 63687674 		.ascii	"chvt.h\000"
 7967      2E6800
 7968 0708 0D       		.uleb128 0xd
 7969 0709 00       		.uleb128 0
 7970 070a 00       		.uleb128 0
 7971 070b 6368636F 		.ascii	"chcore_timer.h\000"
 7971      72655F74 
 7971      696D6572 
 7971      2E6800
 7972 071a 04       		.uleb128 0x4
 7973 071b 00       		.uleb128 0
 7974 071c 00       		.uleb128 0
 7975 071d 636D7369 		.ascii	"cmsis_gcc.h\000"
 7975      735F6763 
 7975      632E6800 
 7976 0729 01       		.uleb128 0x1
 7977 072a 00       		.uleb128 0
 7978 072b 00       		.uleb128 0
 7979 072c 00       		.byte	0
 7980              	.LELTP0:
 7981              	.LELT0:
 7982              		.section	.gnu.debuglto_.debug_str,"eMS",%progbits,1
 7983              	.LASF250:
 7984 0000 63685F6D 		.ascii	"ch_memcore\000"
 7984      656D636F 
 7984      726500
 7985              	.LASF209:
 7986 000b 73656E74 		.ascii	"sentmsg\000"
 7986      6D736700 
 7987              	.LASF201:
 7988 0013 706F7274 		.ascii	"port_intctx\000"
 7988      5F696E74 
 7988      63747800 
 7989              	.LASF546:
 7990 001f 6576656E 		.ascii	"event\000"
 7990      7400
 7991              	.LASF665:
 7992 0025 5F5F6675 		.ascii	"__func__\000"
 7992      6E635F5F 
ARM GAS  /tmp/cckyrRJs.s 			page 145


 7992      00
 7993              	.LASF137:
 7994 002e 6D73675F 		.ascii	"msg_t\000"
 7994      7400
 7995              	.LASF656:
 7996 0034 706F7274 		.ascii	"port_unlock_from_isr\000"
 7996      5F756E6C 
 7996      6F636B5F 
 7996      66726F6D 
 7996      5F697372 
 7997              	.LASF357:
 7998 0049 55415254 		.ascii	"UART_TX_IDLE\000"
 7998      5F54585F 
 7998      49444C45 
 7998      00
 7999              	.LASF424:
 8000 0056 5553425F 		.ascii	"USB_EVENT_UNCONFIGURED\000"
 8000      4556454E 
 8000      545F554E 
 8000      434F4E46 
 8000      49475552 
 8001              	.LASF468:
 8002 006d 44494550 		.ascii	"DIEPTXF0\000"
 8002      54584630 
 8002      00
 8003              	.LASF540:
 8004 0076 55534244 		.ascii	"USBD1\000"
 8004      3100
 8005              	.LASF299:
 8006 007c 62726470 		.ascii	"brdptr\000"
 8006      747200
 8007              	.LASF181:
 8008 0083 63685F73 		.ascii	"ch_system_t\000"
 8008      79737465 
 8008      6D5F7400 
 8009              	.LASF3:
 8010 008f 5F5F7569 		.ascii	"__uint8_t\000"
 8010      6E74385F 
 8010      7400
 8011              	.LASF210:
 8012 0099 77747365 		.ascii	"wtsemp\000"
 8012      6D7000
 8013              	.LASF613:
 8014 00a0 61736369 		.ascii	"ascii\000"
 8014      6900
 8015              	.LASF245:
 8016 00a6 5F426F6F 		.ascii	"_Bool\000"
 8016      6C00
 8017              	.LASF372:
 8018 00ac 646D6172 		.ascii	"dmarx\000"
 8018      7800
 8019              	.LASF156:
 8020 00b2 6570656E 		.ascii	"epending\000"
 8020      64696E67 
 8020      00
 8021              	.LASF68:
 8022 00bb 5F6D6273 		.ascii	"_mbstate\000"
ARM GAS  /tmp/cckyrRJs.s 			page 146


 8022      74617465 
 8022      00
 8023              	.LASF637:
 8024 00c4 62757474 		.ascii	"button_cb\000"
 8024      6F6E5F63 
 8024      6200
 8025              	.LASF47:
 8026 00ce 5F617465 		.ascii	"_atexit\000"
 8026      78697400 
 8027              	.LASF254:
 8028 00d6 70726F76 		.ascii	"provider\000"
 8028      69646572 
 8028      00
 8029              	.LASF269:
 8030 00df 6F626A65 		.ascii	"objects_factory_t\000"
 8030      6374735F 
 8030      66616374 
 8030      6F72795F 
 8030      7400
 8031              	.LASF573:
 8032 00f1 7375626F 		.ascii	"suboptarg\000"
 8032      70746172 
 8032      6700
 8033              	.LASF640:
 8034 00fb 6F73616C 		.ascii	"osalSysUnlock\000"
 8034      53797355 
 8034      6E6C6F63 
 8034      6B00
 8035              	.LASF577:
 8036 0109 7368656C 		.ascii	"shell\000"
 8036      6C00
 8037              	.LASF246:
 8038 010f 6D656D67 		.ascii	"memgetfunc_t\000"
 8038      65746675 
 8038      6E635F74 
 8038      00
 8039              	.LASF498:
 8040 011c 44564255 		.ascii	"DVBUSDIS\000"
 8040      53444953 
 8040      00
 8041              	.LASF290:
 8042 0125 696E7374 		.ascii	"instance_offset\000"
 8042      616E6365 
 8042      5F6F6666 
 8042      73657400 
 8043              	.LASF146:
 8044 0135 7072696F 		.ascii	"prio\000"
 8044      00
 8045              	.LASF37:
 8046 013a 5F5F746D 		.ascii	"__tm_mon\000"
 8046      5F6D6F6E 
 8046      00
 8047              	.LASF45:
 8048 0143 5F666E74 		.ascii	"_fntypes\000"
 8048      79706573 
 8048      00
 8049              	.LASF75:
ARM GAS  /tmp/cckyrRJs.s 			page 147


 8050 014c 5F696E63 		.ascii	"_inc\000"
 8050      00
 8051              	.LASF48:
 8052 0151 5F696E64 		.ascii	"_ind\000"
 8052      00
 8053              	.LASF292:
 8054 0156 72656164 		.ascii	"read\000"
 8054      00
 8055              	.LASF472:
 8056 015b 47434346 		.ascii	"GCCFG\000"
 8056      4700
 8057              	.LASF563:
 8058 0161 73635F63 		.ascii	"sc_channel\000"
 8058      68616E6E 
 8058      656C00
 8059              	.LASF284:
 8060 016c 42445452 		.ascii	"BDTR\000"
 8060      00
 8061              	.LASF128:
 8062 0171 75696E74 		.ascii	"uint16_t\000"
 8062      31365F74 
 8062      00
 8063              	.LASF373:
 8064 017a 646D6174 		.ascii	"dmatx\000"
 8064      7800
 8065              	.LASF538:
 8066 0180 736F665F 		.ascii	"sof_cb\000"
 8066      636200
 8067              	.LASF260:
 8068 0187 63685F6F 		.ascii	"ch_objects_factory\000"
 8068      626A6563 
 8068      74735F66 
 8068      6163746F 
 8068      727900
 8069              	.LASF570:
 8070 019a 6C617374 		.ascii	"lastchar\000"
 8070      63686172 
 8070      00
 8071              	.LASF54:
 8072 01a3 5F666C61 		.ascii	"_flags\000"
 8072      677300
 8073              	.LASF163:
 8074 01aa 6E657874 		.ascii	"next\000"
 8074      00
 8075              	.LASF148:
 8076 01af 6F6C6465 		.ascii	"older\000"
 8076      7200
 8077              	.LASF256:
 8078 01b5 63685F64 		.ascii	"ch_dyn_element\000"
 8078      796E5F65 
 8078      6C656D65 
 8078      6E7400
 8079              	.LASF660:
 8080 01c4 62617365 		.ascii	"basePri\000"
 8080      50726900 
 8081              	.LASF475:
 8082 01cc 44494550 		.ascii	"DIEPTXF\000"
ARM GAS  /tmp/cckyrRJs.s 			page 148


 8082      54584600 
 8083              	.LASF392:
 8084 01d4 696E5F70 		.ascii	"in_params\000"
 8084      6172616D 
 8084      7300
 8085              	.LASF415:
 8086 01de 5553425F 		.ascii	"USB_EP0_IN_WAITING_TX0\000"
 8086      4550305F 
 8086      494E5F57 
 8086      41495449 
 8086      4E475F54 
 8087              	.LASF85:
 8088 01f5 5F637674 		.ascii	"_cvtlen\000"
 8088      6C656E00 
 8089              	.LASF165:
 8090 01fd 63685F74 		.ascii	"ch_threads_queue\000"
 8090      68726561 
 8090      64735F71 
 8090      75657565 
 8090      00
 8091              	.LASF89:
 8092 020e 5F736967 		.ascii	"_sig_func\000"
 8092      5F66756E 
 8092      6300
 8093              	.LASF578:
 8094 0218 6C646174 		.ascii	"ldat\000"
 8094      00
 8095              	.LASF645:
 8096 021d 63685654 		.ascii	"chVTResetI\000"
 8096      52657365 
 8096      744900
 8097              	.LASF485:
 8098 0228 48505254 		.ascii	"HPRT\000"
 8098      00
 8099              	.LASF439:
 8100 022d 4843494E 		.ascii	"HCINT\000"
 8100      5400
 8101              	.LASF232:
 8102 0233 6F66665F 		.ascii	"off_refs\000"
 8102      72656673 
 8102      00
 8103              	.LASF67:
 8104 023c 5F6C6F63 		.ascii	"_lock\000"
 8104      6B00
 8105              	.LASF63:
 8106 0242 5F6E6275 		.ascii	"_nbuf\000"
 8106      6600
 8107              	.LASF293:
 8108 0248 42617365 		.ascii	"BaseSequentialStream\000"
 8108      53657175 
 8108      656E7469 
 8108      616C5374 
 8108      7265616D 
 8109              	.LASF122:
 8110 025d 5F756E75 		.ascii	"_unused\000"
 8110      73656400 
 8111              	.LASF663:
ARM GAS  /tmp/cckyrRJs.s 			page 149


 8112 0265 2F686F6D 		.ascii	"/home/rob/Projects/ChibiStudio/ChibiStudio_20/works"
 8112      652F726F 
 8112      622F5072 
 8112      6F6A6563 
 8112      74732F43 
 8113 0298 70616365 		.ascii	"pace_trunk/F401_blackpill_SerialSniffer/\000"
 8113      5F747275 
 8113      6E6B2F46 
 8113      3430315F 
 8113      626C6163 
 8114              	.LASF581:
 8115 02c1 72785F63 		.ascii	"rx_cnt\000"
 8115      6E7400
 8116              	.LASF481:
 8117 02c8 48505458 		.ascii	"HPTXSTS\000"
 8117      53545300 
 8118              	.LASF312:
 8119 02d0 4F545950 		.ascii	"OTYPER\000"
 8119      455200
 8120              	.LASF652:
 8121 02d7 63685379 		.ascii	"chSysUnlock\000"
 8121      73556E6C 
 8121      6F636B00 
 8122              	.LASF584:
 8123 02e3 64756D70 		.ascii	"dump_format\000"
 8123      5F666F72 
 8123      6D617400 
 8124              	.LASF437:
 8125 02ef 48434348 		.ascii	"HCCHAR\000"
 8125      415200
 8126              	.LASF143:
 8127 02f6 74687265 		.ascii	"thread_t\000"
 8127      61645F74 
 8127      00
 8128              	.LASF582:
 8129 02ff 74785F63 		.ascii	"tx_cnt\000"
 8129      6E7400
 8130              	.LASF176:
 8131 0306 63685F76 		.ascii	"ch_virtual_timers_list\000"
 8131      69727475 
 8131      616C5F74 
 8131      696D6572 
 8131      735F6C69 
 8132              	.LASF276:
 8133 031d 76656374 		.ascii	"vector\000"
 8133      6F7200
 8134              	.LASF463:
 8135 0324 47494E54 		.ascii	"GINTSTS\000"
 8135      53545300 
 8136              	.LASF129:
 8137 032c 696E7433 		.ascii	"int32_t\000"
 8137      325F7400 
 8138              	.LASF186:
 8139 0334 73797374 		.ascii	"systime_t\000"
 8139      696D655F 
 8139      7400
 8140              	.LASF100:
ARM GAS  /tmp/cckyrRJs.s 			page 150


 8141 033e 5F616464 		.ascii	"_add\000"
 8141      00
 8142              	.LASF195:
 8143 0343 4D304152 		.ascii	"M0AR\000"
 8143      00
 8144              	.LASF444:
 8145 0348 72657376 		.ascii	"resvd1c\000"
 8145      64316300 
 8146              	.LASF482:
 8147 0350 4841494E 		.ascii	"HAINT\000"
 8147      5400
 8148              	.LASF222:
 8149 0356 74696D65 		.ascii	"timesize\000"
 8149      73697A65 
 8149      00
 8150              	.LASF377:
 8151 035f 75617274 		.ascii	"uartecb_t\000"
 8151      6563625F 
 8151      7400
 8152              	.LASF479:
 8153 0369 48464E55 		.ascii	"HFNUM\000"
 8153      4D00
 8154              	.LASF609:
 8155 036f 63686563 		.ascii	"check_data\000"
 8155      6B5F6461 
 8155      746100
 8156              	.LASF56:
 8157 037a 5F6C6266 		.ascii	"_lbfsize\000"
 8157      73697A65 
 8157      00
 8158              	.LASF430:
 8159 0383 75645F73 		.ascii	"ud_string\000"
 8159      7472696E 
 8159      6700
 8160              	.LASF153:
 8161 038d 72656673 		.ascii	"refs\000"
 8161      00
 8162              	.LASF397:
 8163 0392 65703065 		.ascii	"ep0endcb\000"
 8163      6E646362 
 8163      00
 8164              	.LASF491:
 8165 039b 72657376 		.ascii	"resvd80C\000"
 8165      64383043 
 8165      00
 8166              	.LASF535:
 8167 03a4 6576656E 		.ascii	"event_cb\000"
 8167      745F6362 
 8167      00
 8168              	.LASF157:
 8169 03ad 6D74786C 		.ascii	"mtxlist\000"
 8169      69737400 
 8170              	.LASF458:
 8171 03b5 474F5447 		.ascii	"GOTGCTL\000"
 8171      43544C00 
 8172              	.LASF551:
 8173 03bd 62756C6B 		.ascii	"bulk_out\000"
ARM GAS  /tmp/cckyrRJs.s 			page 151


 8173      5F6F7574 
 8173      00
 8174              	.LASF433:
 8175 03c6 75736265 		.ascii	"usbepcallback_t\000"
 8175      7063616C 
 8175      6C626163 
 8175      6B5F7400 
 8176              	.LASF66:
 8177 03d6 5F646174 		.ascii	"_data\000"
 8177      6100
 8178              	.LASF184:
 8179 03dc 76746C69 		.ascii	"vtlist\000"
 8179      737400
 8180              	.LASF325:
 8181 03e3 4943555F 		.ascii	"ICU_READY\000"
 8181      52454144 
 8181      5900
 8182              	.LASF567:
 8183 03ed 73635F63 		.ascii	"sc_completion\000"
 8183      6F6D706C 
 8183      6574696F 
 8183      6E00
 8184              	.LASF497:
 8185 03fb 72657376 		.ascii	"resvd824\000"
 8185      64383234 
 8185      00
 8186              	.LASF589:
 8187 0404 73657273 		.ascii	"serstat\000"
 8187      74617400 
 8188              	.LASF333:
 8189 040c 70636372 		.ascii	"pccrp\000"
 8189      7000
 8190              	.LASF183:
 8191 0412 726C6973 		.ascii	"rlist\000"
 8191      7400
 8192              	.LASF161:
 8193 0418 74687265 		.ascii	"threads_list_t\000"
 8193      6164735F 
 8193      6C697374 
 8193      5F7400
 8194              	.LASF204:
 8195 0427 746D5F63 		.ascii	"tm_calibration_t\000"
 8195      616C6962 
 8195      72617469 
 8195      6F6E5F74 
 8195      00
 8196              	.LASF123:
 8197 0438 5F5F6C6F 		.ascii	"__lock\000"
 8197      636B00
 8198              	.LASF70:
 8199 043f 5F726565 		.ascii	"_reent\000"
 8199      6E7400
 8200              	.LASF341:
 8201 0446 69637563 		.ascii	"icuchannel_t\000"
 8201      68616E6E 
 8201      656C5F74 
 8201      00
ARM GAS  /tmp/cckyrRJs.s 			page 152


 8202              	.LASF91:
 8203 0453 5F5F7366 		.ascii	"__sf\000"
 8203      00
 8204              	.LASF496:
 8205 0458 72657376 		.ascii	"resvd820\000"
 8205      64383230 
 8205      00
 8206              	.LASF51:
 8207 0461 5F626173 		.ascii	"_base\000"
 8207      6500
 8208              	.LASF653:
 8209 0467 63685379 		.ascii	"chSysLock\000"
 8209      734C6F63 
 8209      6B00
 8210              	.LASF109:
 8211 0471 5F6D6274 		.ascii	"_mbtowc_state\000"
 8211      6F77635F 
 8211      73746174 
 8211      6500
 8212              	.LASF565:
 8213 047f 73635F68 		.ascii	"sc_histbuf\000"
 8213      69737462 
 8213      756600
 8214              	.LASF136:
 8215 048a 74707269 		.ascii	"tprio_t\000"
 8215      6F5F7400 
 8216              	.LASF402:
 8217 0492 73617665 		.ascii	"saved_state\000"
 8217      645F7374 
 8217      61746500 
 8218              	.LASF500:
 8219 049e 72657376 		.ascii	"resvd830\000"
 8219      64383330 
 8219      00
 8220              	.LASF32:
 8221 04a7 5F5F746D 		.ascii	"__tm\000"
 8221      00
 8222              	.LASF258:
 8223 04ac 63685F64 		.ascii	"ch_dyn_list\000"
 8223      796E5F6C 
 8223      69737400 
 8224              	.LASF502:
 8225 04b8 72657376 		.ascii	"resvd838\000"
 8225      64383338 
 8225      00
 8226              	.LASF499:
 8227 04c1 44564255 		.ascii	"DVBUSPULSE\000"
 8227      5350554C 
 8227      534500
 8228              	.LASF398:
 8229 04cc 73657475 		.ascii	"setup\000"
 8229      7000
 8230              	.LASF218:
 8231 04d2 7A65726F 		.ascii	"zero\000"
 8231      00
 8232              	.LASF503:
 8233 04d7 72657376 		.ascii	"resvd83C\000"
ARM GAS  /tmp/cckyrRJs.s 			page 153


 8233      64383343 
 8233      00
 8234              	.LASF40:
 8235 04e0 5F5F746D 		.ascii	"__tm_yday\000"
 8235      5F796461 
 8235      7900
 8236              	.LASF606:
 8237 04ea 7368656C 		.ascii	"shell_el\000"
 8237      6C5F656C 
 8237      00
 8238              	.LASF283:
 8239 04f3 43434552 		.ascii	"CCER\000"
 8239      00
 8240              	.LASF301:
 8241 04f8 6273697A 		.ascii	"bsize\000"
 8241      6500
 8242              	.LASF545:
 8243 04fe 53657269 		.ascii	"SerialUSBDriver\000"
 8243      616C5553 
 8243      42447269 
 8243      76657200 
 8244              	.LASF253:
 8245 050e 616C6967 		.ascii	"align\000"
 8245      6E00
 8246              	.LASF460:
 8247 0514 47414842 		.ascii	"GAHBCFG\000"
 8247      43464700 
 8248              	.LASF543:
 8249 051c 5344555F 		.ascii	"SDU_READY\000"
 8249      52454144 
 8249      5900
 8250              	.LASF16:
 8251 0526 5F4C4F43 		.ascii	"_LOCK_T\000"
 8251      4B5F5400 
 8252              	.LASF504:
 8253 052e 72657376 		.ascii	"resvd840\000"
 8253      64383430 
 8253      00
 8254              	.LASF592:
 8255 0537 6C617374 		.ascii	"last_period1\000"
 8255      5F706572 
 8255      696F6431 
 8255      00
 8256              	.LASF639:
 8257 0544 76745F63 		.ascii	"vt_cb\000"
 8257      6200
 8258              	.LASF4:
 8259 054a 5F5F7569 		.ascii	"__uint16_t\000"
 8259      6E743136 
 8259      5F7400
 8260              	.LASF101:
 8261 0555 5F756E75 		.ascii	"_unused_rand\000"
 8261      7365645F 
 8261      72616E64 
 8261      00
 8262              	.LASF466:
 8263 0562 47525853 		.ascii	"GRXSTSP\000"
ARM GAS  /tmp/cckyrRJs.s 			page 154


 8263      54535000 
 8264              	.LASF465:
 8265 056a 47525853 		.ascii	"GRXSTSR\000"
 8265      54535200 
 8266              	.LASF196:
 8267 0572 4D314152 		.ascii	"M1AR\000"
 8267      00
 8268              	.LASF544:
 8269 0577 73647573 		.ascii	"sdustate_t\000"
 8269      74617465 
 8269      5F7400
 8270              	.LASF197:
 8271 0582 444D415F 		.ascii	"DMA_Stream_TypeDef\000"
 8271      53747265 
 8271      616D5F54 
 8271      79706544 
 8271      656600
 8272              	.LASF410:
 8273 0595 5553425F 		.ascii	"USB_ACTIVE\000"
 8273      41435449 
 8273      564500
 8274              	.LASF407:
 8275 05a0 5553425F 		.ascii	"USB_STOP\000"
 8275      53544F50 
 8275      00
 8276              	.LASF147:
 8277 05a9 6E657765 		.ascii	"newer\000"
 8277      7200
 8278              	.LASF138:
 8279 05af 6576656E 		.ascii	"eventid_t\000"
 8279      7469645F 
 8279      7400
 8280              	.LASF453:
 8281 05b9 73746D33 		.ascii	"stm32_otg_in_ep_t\000"
 8281      325F6F74 
 8281      675F696E 
 8281      5F65705F 
 8281      7400
 8282              	.LASF82:
 8283 05cb 5F726573 		.ascii	"_result_k\000"
 8283      756C745F 
 8283      6B00
 8284              	.LASF343:
 8285 05d5 6D6F6465 		.ascii	"mode\000"
 8285      00
 8286              	.LASF74:
 8287 05da 5F737464 		.ascii	"_stderr\000"
 8287      65727200 
 8288              	.LASF81:
 8289 05e2 5F726573 		.ascii	"_result\000"
 8289      756C7400 
 8290              	.LASF335:
 8291 05ea 4943555F 		.ascii	"ICU_INPUT_ACTIVE_HIGH\000"
 8291      494E5055 
 8291      545F4143 
 8291      54495645 
 8291      5F484947 
ARM GAS  /tmp/cckyrRJs.s 			page 155


 8292              	.LASF44:
 8293 0600 5F64736F 		.ascii	"_dso_handle\000"
 8293      5F68616E 
 8293      646C6500 
 8294              	.LASF473:
 8295 060c 72657376 		.ascii	"resvd58\000"
 8295      64353800 
 8296              	.LASF309:
 8297 0614 70616C65 		.ascii	"palevent_t\000"
 8297      76656E74 
 8297      5F7400
 8298              	.LASF306:
 8299 061f 696E7075 		.ascii	"input_buffers_queue_t\000"
 8299      745F6275 
 8299      66666572 
 8299      735F7175 
 8299      6575655F 
 8300              	.LASF39:
 8301 0635 5F5F746D 		.ascii	"__tm_wday\000"
 8301      5F776461 
 8301      7900
 8302              	.LASF591:
 8303 063f 6C617374 		.ascii	"last_width1\000"
 8303      5F776964 
 8303      74683100 
 8304              	.LASF41:
 8305 064b 5F5F746D 		.ascii	"__tm_isdst\000"
 8305      5F697364 
 8305      737400
 8306              	.LASF574:
 8307 0656 75736263 		.ascii	"usbcfg\000"
 8307      666700
 8308              	.LASF200:
 8309 065d 73746B61 		.ascii	"stkalign_t\000"
 8309      6C69676E 
 8309      5F7400
 8310              	.LASF512:
 8311 0668 72785F66 		.ascii	"rx_fifo_size\000"
 8311      69666F5F 
 8311      73697A65 
 8311      00
 8312              	.LASF525:
 8313 0675 73657475 		.ascii	"setup_cb\000"
 8313      705F6362 
 8313      00
 8314              	.LASF1:
 8315 067e 756E7369 		.ascii	"unsigned char\000"
 8315      676E6564 
 8315      20636861 
 8315      7200
 8316              	.LASF73:
 8317 068c 5F737464 		.ascii	"_stdout\000"
 8317      6F757400 
 8318              	.LASF239:
 8319 0694 6576656E 		.ascii	"event_listener\000"
 8319      745F6C69 
 8319      7374656E 
ARM GAS  /tmp/cckyrRJs.s 			page 156


 8319      657200
 8320              	.LASF167:
 8321 06a3 72656164 		.ascii	"ready_list_t\000"
 8321      795F6C69 
 8321      73745F74 
 8321      00
 8322              	.LASF144:
 8323 06b0 63685F74 		.ascii	"ch_thread\000"
 8323      68726561 
 8323      6400
 8324              	.LASF116:
 8325 06ba 5F6D6273 		.ascii	"_mbsrtowcs_state\000"
 8325      72746F77 
 8325      63735F73 
 8325      74617465 
 8325      00
 8326              	.LASF30:
 8327 06cb 5F776473 		.ascii	"_wds\000"
 8327      00
 8328              	.LASF52:
 8329 06d0 5F73697A 		.ascii	"_size\000"
 8329      6500
 8330              	.LASF251:
 8331 06d6 706F6F6C 		.ascii	"pool_header\000"
 8331      5F686561 
 8331      64657200 
 8332              	.LASF178:
 8333 06e2 73797374 		.ascii	"system_debug_t\000"
 8333      656D5F64 
 8333      65627567 
 8333      5F7400
 8334              	.LASF280:
 8335 06f1 44494552 		.ascii	"DIER\000"
 8335      00
 8336              	.LASF248:
 8337 06f6 746F706D 		.ascii	"topmem\000"
 8337      656D00
 8338              	.LASF173:
 8339 06fd 64656C74 		.ascii	"delta\000"
 8339      6100
 8340              	.LASF576:
 8341 0703 53445531 		.ascii	"SDU1\000"
 8341      00
 8342              	.LASF362:
 8343 0708 55415254 		.ascii	"UART_RX_ACTIVE\000"
 8343      5F52585F 
 8343      41435449 
 8343      564500
 8344              	.LASF59:
 8345 0717 5F777269 		.ascii	"_write\000"
 8345      746500
 8346              	.LASF358:
 8347 071e 55415254 		.ascii	"UART_TX_ACTIVE\000"
 8347      5F54585F 
 8347      41435449 
 8347      564500
 8348              	.LASF347:
ARM GAS  /tmp/cckyrRJs.s 			page 157


 8349 072d 6F766572 		.ascii	"overflow_cb\000"
 8349      666C6F77 
 8349      5F636200 
 8350              	.LASF131:
 8351 0739 75696E74 		.ascii	"uint64_t\000"
 8351      36345F74 
 8351      00
 8352              	.LASF236:
 8353 0742 63685F64 		.ascii	"ch_debug\000"
 8353      65627567 
 8353      00
 8354              	.LASF564:
 8355 074b 73635F63 		.ascii	"sc_commands\000"
 8355      6F6D6D61 
 8355      6E647300 
 8356              	.LASF522:
 8357 0757 7278636E 		.ascii	"rxcnt\000"
 8357      7400
 8358              	.LASF434:
 8359 075d 75736265 		.ascii	"usbeventcb_t\000"
 8359      76656E74 
 8359      63625F74 
 8359      00
 8360              	.LASF38:
 8361 076a 5F5F746D 		.ascii	"__tm_year\000"
 8361      5F796561 
 8361      7200
 8362              	.LASF513:
 8363 0774 6F74675F 		.ascii	"otg_ram_size\000"
 8363      72616D5F 
 8363      73697A65 
 8363      00
 8364              	.LASF618:
 8365 0781 74656D70 		.ascii	"temp_cnt\000"
 8365      5F636E74 
 8365      00
 8366              	.LASF603:
 8367 078a 77615468 		.ascii	"waThread1\000"
 8367      72656164 
 8367      3100
 8368              	.LASF515:
 8369 0794 73746D33 		.ascii	"stm32_otg_params_t\000"
 8369      325F6F74 
 8369      675F7061 
 8369      72616D73 
 8369      5F7400
 8370              	.LASF507:
 8371 07a7 72657376 		.ascii	"resvdD00\000"
 8371      64443030 
 8371      00
 8372              	.LASF374:
 8373 07b0 72786275 		.ascii	"rxbuf\000"
 8373      6600
 8374              	.LASF99:
 8375 07b6 5F6D756C 		.ascii	"_mult\000"
 8375      7400
 8376              	.LASF214:
ARM GAS  /tmp/cckyrRJs.s 			page 158


 8377 07bc 63685F6D 		.ascii	"ch_mutex\000"
 8377      75746578 
 8377      00
 8378              	.LASF541:
 8379 07c5 5344555F 		.ascii	"SDU_UNINIT\000"
 8379      554E494E 
 8379      495400
 8380              	.LASF114:
 8381 07d0 5F6D6272 		.ascii	"_mbrlen_state\000"
 8381      6C656E5F 
 8381      73746174 
 8381      6500
 8382              	.LASF383:
 8383 07de 74696D65 		.ascii	"timeout_cb\000"
 8383      6F75745F 
 8383      636200
 8384              	.LASF492:
 8385 07e9 44494550 		.ascii	"DIEPMSK\000"
 8385      4D534B00 
 8386              	.LASF459:
 8387 07f1 474F5447 		.ascii	"GOTGINT\000"
 8387      494E5400 
 8388              	.LASF353:
 8389 07f9 55415254 		.ascii	"UART_UNINIT\000"
 8389      5F554E49 
 8389      4E495400 
 8390              	.LASF527:
 8391 0805 6F75745F 		.ascii	"out_cb\000"
 8391      636200
 8392              	.LASF483:
 8393 080c 4841494E 		.ascii	"HAINTMSK\000"
 8393      544D534B 
 8393      00
 8394              	.LASF393:
 8395 0815 6F75745F 		.ascii	"out_params\000"
 8395      70617261 
 8395      6D7300
 8396              	.LASF625:
 8397 0820 62617564 		.ascii	"baudf\000"
 8397      6600
 8398              	.LASF72:
 8399 0826 5F737464 		.ascii	"_stdin\000"
 8399      696E00
 8400              	.LASF628:
 8401 082d 62617564 		.ascii	"baudl\000"
 8401      6C00
 8402              	.LASF624:
 8403 0833 63616C63 		.ascii	"calc_baud\000"
 8403      5F626175 
 8403      6400
 8404              	.LASF261:
 8405 083d 6F626A5F 		.ascii	"obj_list\000"
 8405      6C697374 
 8405      00
 8406              	.LASF619:
 8407 0846 696E6372 		.ascii	"increase_rwcnt\000"
 8407      65617365 
ARM GAS  /tmp/cckyrRJs.s 			page 159


 8407      5F727763 
 8407      6E7400
 8408              	.LASF121:
 8409 0855 5F6E6D61 		.ascii	"_nmalloc\000"
 8409      6C6C6F63 
 8409      00
 8410              	.LASF349:
 8411 085e 64696572 		.ascii	"dier\000"
 8411      00
 8412              	.LASF480:
 8413 0863 72657376 		.ascii	"resvd40C\000"
 8413      64343043 
 8413      00
 8414              	.LASF265:
 8415 086c 73656D5F 		.ascii	"sem_pool\000"
 8415      706F6F6C 
 8415      00
 8416              	.LASF611:
 8417 0875 6C696E65 		.ascii	"line\000"
 8417      00
 8418              	.LASF304:
 8419 087a 6C696E6B 		.ascii	"link\000"
 8419      00
 8420              	.LASF171:
 8421 087f 76697274 		.ascii	"virtual_timer_t\000"
 8421      75616C5F 
 8421      74696D65 
 8421      725F7400 
 8422              	.LASF274:
 8423 088f 73686966 		.ascii	"shift\000"
 8423      7400
 8424              	.LASF132:
 8425 0895 7274636E 		.ascii	"rtcnt_t\000"
 8425      745F7400 
 8426              	.LASF219:
 8427 089d 73697A65 		.ascii	"size\000"
 8427      00
 8428              	.LASF216:
 8429 08a2 63685F69 		.ascii	"ch_idle_thread_wa\000"
 8429      646C655F 
 8429      74687265 
 8429      61645F77 
 8429      6100
 8430              	.LASF295:
 8431 08b4 696F5F62 		.ascii	"io_buffers_queue\000"
 8431      75666665 
 8431      72735F71 
 8431      75657565 
 8431      00
 8432              	.LASF331:
 8433 08c5 636C6F63 		.ascii	"clock\000"
 8433      6B00
 8434              	.LASF215:
 8435 08cb 6F776E65 		.ascii	"owner\000"
 8435      7200
 8436              	.LASF287:
 8437 08d1 43435852 		.ascii	"CCXR\000"
ARM GAS  /tmp/cckyrRJs.s 			page 160


 8437      00
 8438              	.LASF298:
 8439 08d6 62777270 		.ascii	"bwrptr\000"
 8439      747200
 8440              	.LASF636:
 8441 08dd 676F745F 		.ascii	"got_char\000"
 8441      63686172 
 8441      00
 8442              	.LASF17:
 8443 08e6 5F6F6666 		.ascii	"_off_t\000"
 8443      5F7400
 8444              	.LASF447:
 8445 08ed 72657376 		.ascii	"resvd4\000"
 8445      643400
 8446              	.LASF438:
 8447 08f4 72657376 		.ascii	"resvd8\000"
 8447      643800
 8448              	.LASF14:
 8449 08fb 73697A65 		.ascii	"size_t\000"
 8449      5F7400
 8450              	.LASF104:
 8451 0902 5F6C6F63 		.ascii	"_localtime_buf\000"
 8451      616C7469 
 8451      6D655F62 
 8451      756600
 8452              	.LASF238:
 8453 0911 6576656E 		.ascii	"event_listener_t\000"
 8453      745F6C69 
 8453      7374656E 
 8453      65725F74 
 8453      00
 8454              	.LASF505:
 8455 0922 72657376 		.ascii	"resvd880\000"
 8455      64383830 
 8455      00
 8456              	.LASF22:
 8457 092b 5F5F636F 		.ascii	"__count\000"
 8457      756E7400 
 8458              	.LASF217:
 8459 0933 6964656E 		.ascii	"identifier\000"
 8459      74696669 
 8459      657200
 8460              	.LASF127:
 8461 093e 75696E74 		.ascii	"uint8_t\000"
 8461      385F7400 
 8462              	.LASF442:
 8463 0946 72657376 		.ascii	"resvd14\000"
 8463      64313400 
 8464              	.LASF443:
 8465 094e 72657376 		.ascii	"resvd18\000"
 8465      64313800 
 8466              	.LASF307:
 8467 0956 6F757470 		.ascii	"output_buffers_queue_t\000"
 8467      75745F62 
 8467      75666665 
 8467      72735F71 
 8467      75657565 
ARM GAS  /tmp/cckyrRJs.s 			page 161


 8468              	.LASF252:
 8469 096d 6F626A65 		.ascii	"object_size\000"
 8469      63745F73 
 8469      697A6500 
 8470              	.LASF501:
 8471 0979 44494550 		.ascii	"DIEPEMPMSK\000"
 8471      454D504D 
 8471      534B00
 8472              	.LASF446:
 8473 0984 44494550 		.ascii	"DIEPCTL\000"
 8473      43544C00 
 8474              	.LASF403:
 8475 098c 6F746770 		.ascii	"otgparams\000"
 8475      6172616D 
 8475      7300
 8476              	.LASF206:
 8477 0996 65786974 		.ascii	"exitcode\000"
 8477      636F6465 
 8477      00
 8478              	.LASF86:
 8479 099f 5F637674 		.ascii	"_cvtbuf\000"
 8479      62756600 
 8480              	.LASF531:
 8481 09a7 6F75745F 		.ascii	"out_state\000"
 8481      73746174 
 8481      6500
 8482              	.LASF585:
 8483 09b1 64756D70 		.ascii	"dump_in_progress\000"
 8483      5F696E5F 
 8483      70726F67 
 8483      72657373 
 8483      00
 8484              	.LASF267:
 8485 09c2 6669666F 		.ascii	"fifo_list\000"
 8485      5F6C6973 
 8485      7400
 8486              	.LASF240:
 8487 09cc 6C697374 		.ascii	"listener\000"
 8487      656E6572 
 8487      00
 8488              	.LASF198:
 8489 09d5 47545052 		.ascii	"GTPR\000"
 8489      00
 8490              	.LASF313:
 8491 09da 4F535045 		.ascii	"OSPEEDR\000"
 8491      45445200 
 8492              	.LASF470:
 8493 09e2 72657376 		.ascii	"resvd30\000"
 8493      64333000 
 8494              	.LASF21:
 8495 09ea 5F5F7763 		.ascii	"__wchb\000"
 8495      686200
 8496              	.LASF351:
 8497 09f1 49435544 		.ascii	"ICUD1\000"
 8497      3100
 8498              	.LASF115:
 8499 09f7 5F6D6272 		.ascii	"_mbrtowc_state\000"
ARM GAS  /tmp/cckyrRJs.s 			page 162


 8499      746F7763 
 8499      5F737461 
 8499      746500
 8500              	.LASF35:
 8501 0a06 5F5F746D 		.ascii	"__tm_hour\000"
 8501      5F686F75 
 8501      7200
 8502              	.LASF221:
 8503 0a10 70747273 		.ascii	"ptrsize\000"
 8503      697A6500 
 8504              	.LASF419:
 8505 0a18 5553425F 		.ascii	"USB_EP0_ERROR\000"
 8505      4550305F 
 8505      4552524F 
 8505      5200
 8506              	.LASF418:
 8507 0a26 5553425F 		.ascii	"USB_EP0_OUT_RX\000"
 8507      4550305F 
 8507      4F55545F 
 8507      525800
 8508              	.LASF19:
 8509 0a35 77696E74 		.ascii	"wint_t\000"
 8509      5F7400
 8510              	.LASF87:
 8511 0a3c 5F6E6577 		.ascii	"_new\000"
 8511      00
 8512              	.LASF509:
 8513 0a41 72657376 		.ascii	"resvdE04\000"
 8513      64453034 
 8513      00
 8514              	.LASF514:
 8515 0a4a 6E756D5F 		.ascii	"num_endpoints\000"
 8515      656E6470 
 8515      6F696E74 
 8515      7300
 8516              	.LASF519:
 8517 0a58 746F7473 		.ascii	"totsize\000"
 8517      697A6500 
 8518              	.LASF95:
 8519 0a60 5F6E696F 		.ascii	"_niobs\000"
 8519      627300
 8520              	.LASF436:
 8521 0a67 75736267 		.ascii	"usbgetdescriptor_t\000"
 8521      65746465 
 8521      73637269 
 8521      70746F72 
 8521      5F7400
 8522              	.LASF71:
 8523 0a7a 5F657272 		.ascii	"_errno\000"
 8523      6E6F00
 8524              	.LASF394:
 8525 0a81 65703073 		.ascii	"ep0state\000"
 8525      74617465 
 8525      00
 8526              	.LASF249:
 8527 0a8a 6D656D63 		.ascii	"memcore_t\000"
 8527      6F72655F 
ARM GAS  /tmp/cckyrRJs.s 			page 163


 8527      7400
 8528              	.LASF36:
 8529 0a94 5F5F746D 		.ascii	"__tm_mday\000"
 8529      5F6D6461 
 8529      7900
 8530              	.LASF272:
 8531 0a9e 69666372 		.ascii	"ifcr\000"
 8531      00
 8532              	.LASF529:
 8533 0aa3 6F75745F 		.ascii	"out_maxsize\000"
 8533      6D617873 
 8533      697A6500 
 8534              	.LASF550:
 8535 0aaf 62756C6B 		.ascii	"bulk_in\000"
 8535      5F696E00 
 8536              	.LASF319:
 8537 0ab7 73746D33 		.ascii	"stm32_gpio_t\000"
 8537      325F6770 
 8537      696F5F74 
 8537      00
 8538              	.LASF205:
 8539 0ac4 7264796D 		.ascii	"rdymsg\000"
 8539      736700
 8540              	.LASF43:
 8541 0acb 5F666E61 		.ascii	"_fnargs\000"
 8541      72677300 
 8542              	.LASF649:
 8543 0ad3 73797374 		.ascii	"systime\000"
 8543      696D6500 
 8544              	.LASF634:
 8545 0adb 75617274 		.ascii	"uartp\000"
 8545      7000
 8546              	.LASF268:
 8547 0ae1 70697065 		.ascii	"pipe_list\000"
 8547      5F6C6973 
 8547      7400
 8548              	.LASF520:
 8549 0aeb 55534249 		.ascii	"USBInEndpointState\000"
 8549      6E456E64 
 8549      706F696E 
 8549      74537461 
 8549      746500
 8550              	.LASF571:
 8551 0afe 74696D65 		.ascii	"timestamp\000"
 8551      7374616D 
 8551      7000
 8552              	.LASF11:
 8553 0b08 5F5F7569 		.ascii	"__uint64_t\000"
 8553      6E743634 
 8553      5F7400
 8554              	.LASF224:
 8555 0b13 6F66665F 		.ascii	"off_prio\000"
 8555      7072696F 
 8555      00
 8556              	.LASF259:
 8557 0b1c 64796E5F 		.ascii	"dyn_list_t\000"
 8557      6C697374 
ARM GAS  /tmp/cckyrRJs.s 			page 164


 8557      5F7400
 8558              	.LASF370:
 8559 0b27 646D6172 		.ascii	"dmarxmode\000"
 8559      786D6F64 
 8559      6500
 8560              	.LASF27:
 8561 0b31 5F6E6578 		.ascii	"_next\000"
 8561      7400
 8562              	.LASF548:
 8563 0b37 6F627175 		.ascii	"obqueue\000"
 8563      65756500 
 8564              	.LASF112:
 8565 0b3f 5F736967 		.ascii	"_signal_buf\000"
 8565      6E616C5F 
 8565      62756600 
 8566              	.LASF346:
 8567 0b4b 70657269 		.ascii	"period_cb\000"
 8567      6F645F63 
 8567      6200
 8568              	.LASF552:
 8569 0b55 696E745F 		.ascii	"int_in\000"
 8569      696E00
 8570              	.LASF400:
 8571 0b5c 61646472 		.ascii	"address\000"
 8571      65737300 
 8572              	.LASF57:
 8573 0b64 5F636F6F 		.ascii	"_cookie\000"
 8573      6B696500 
 8574              	.LASF420:
 8575 0b6c 75736265 		.ascii	"usbep0state_t\000"
 8575      70307374 
 8575      6174655F 
 8575      7400
 8576              	.LASF601:
 8577 0b7a 636F6D6D 		.ascii	"commands\000"
 8577      616E6473 
 8577      00
 8578              	.LASF202:
 8579 0b83 706F7274 		.ascii	"port_context\000"
 8579      5F636F6E 
 8579      74657874 
 8579      00
 8580              	.LASF579:
 8581 0b90 77726974 		.ascii	"write_cnt\000"
 8581      655F636E 
 8581      7400
 8582              	.LASF389:
 8583 0b9a 55534244 		.ascii	"USBDriver\000"
 8583      72697665 
 8583      7200
 8584              	.LASF506:
 8585 0ba4 72657376 		.ascii	"resvd8C0\000"
 8585      64384330 
 8585      00
 8586              	.LASF539:
 8587 0bad 55534243 		.ascii	"USBConfig\000"
 8587      6F6E6669 
ARM GAS  /tmp/cckyrRJs.s 			page 165


 8587      6700
 8588              	.LASF449:
 8589 0bb7 72657376 		.ascii	"resvdC\000"
 8589      644300
 8590              	.LASF348:
 8591 0bbe 6368616E 		.ascii	"channel\000"
 8591      6E656C00 
 8592              	.LASF559:
 8593 0bc6 7368656C 		.ascii	"shellcmd_t\000"
 8593      6C636D64 
 8593      5F7400
 8594              	.LASF135:
 8595 0bd1 74726566 		.ascii	"trefs_t\000"
 8595      735F7400 
 8596              	.LASF588:
 8597 0bd9 6C617374 		.ascii	"last_received_char\000"
 8597      5F726563 
 8597      65697665 
 8597      645F6368 
 8597      617200
 8598              	.LASF189:
 8599 0bec 74696D65 		.ascii	"time_conv_t\000"
 8599      5F636F6E 
 8599      765F7400 
 8600              	.LASF33:
 8601 0bf8 5F5F746D 		.ascii	"__tm_sec\000"
 8601      5F736563 
 8601      00
 8602              	.LASF532:
 8603 0c01 696E5F6D 		.ascii	"in_multiplier\000"
 8603      756C7469 
 8603      706C6965 
 8603      7200
 8604              	.LASF42:
 8605 0c0f 5F6F6E5F 		.ascii	"_on_exit_args\000"
 8605      65786974 
 8605      5F617267 
 8605      7300
 8606              	.LASF133:
 8607 0c1d 746D6F64 		.ascii	"tmode_t\000"
 8607      655F7400 
 8608              	.LASF303:
 8609 0c25 6E6F7469 		.ascii	"notify\000"
 8609      667900
 8610              	.LASF490:
 8611 0c2c 44535453 		.ascii	"DSTS\000"
 8611      00
 8612              	.LASF655:
 8613 0c31 706F7274 		.ascii	"port_timer_get_time\000"
 8613      5F74696D 
 8613      65725F67 
 8613      65745F74 
 8613      696D6500 
 8614              	.LASF366:
 8615 0c45 55415254 		.ascii	"UARTDriver\000"
 8615      44726976 
 8615      657200
ARM GAS  /tmp/cckyrRJs.s 			page 166


 8616              	.LASF315:
 8617 0c50 42535252 		.ascii	"BSRR\000"
 8617      00
 8618              	.LASF385:
 8619 0c55 55415254 		.ascii	"UARTConfig\000"
 8619      436F6E66 
 8619      696700
 8620              	.LASF277:
 8621 0c60 73746D33 		.ascii	"stm32_dma_stream_t\000"
 8621      325F646D 
 8621      615F7374 
 8621      7265616D 
 8621      5F7400
 8622              	.LASF537:
 8623 0c73 72657175 		.ascii	"requests_hook_cb\000"
 8623      65737473 
 8623      5F686F6F 
 8623      6B5F6362 
 8623      00
 8624              	.LASF117:
 8625 0c84 5F776372 		.ascii	"_wcrtomb_state\000"
 8625      746F6D62 
 8625      5F737461 
 8625      746500
 8626              	.LASF516:
 8627 0c93 74787369 		.ascii	"txsize\000"
 8627      7A6500
 8628              	.LASF378:
 8629 0c9a 7478656E 		.ascii	"txend1_cb\000"
 8629      64315F63 
 8629      6200
 8630              	.LASF386:
 8631 0ca4 55415254 		.ascii	"UARTD1\000"
 8631      443100
 8632              	.LASF387:
 8633 0cab 55415254 		.ascii	"UARTD2\000"
 8633      443200
 8634              	.LASF388:
 8635 0cb2 55415254 		.ascii	"UARTD6\000"
 8635      443600
 8636              	.LASF381:
 8637 0cb9 72786368 		.ascii	"rxchar_cb\000"
 8637      61725F63 
 8637      6200
 8638              	.LASF345:
 8639 0cc3 77696474 		.ascii	"width_cb\000"
 8639      685F6362 
 8639      00
 8640              	.LASF316:
 8641 0ccc 4C4F434B 		.ascii	"LOCKR\000"
 8641      5200
 8642              	.LASF408:
 8643 0cd2 5553425F 		.ascii	"USB_READY\000"
 8643      52454144 
 8643      5900
 8644              	.LASF558:
 8645 0cdc 72656164 		.ascii	"readt\000"
ARM GAS  /tmp/cckyrRJs.s 			page 167


 8645      7400
 8646              	.LASF149:
 8647 0ce2 6E616D65 		.ascii	"name\000"
 8647      00
 8648              	.LASF376:
 8649 0ce7 75617274 		.ascii	"uartccb_t\000"
 8649      6363625F 
 8649      7400
 8650              	.LASF615:
 8651 0cf1 64756D70 		.ascii	"dump_data_0\000"
 8651      5F646174 
 8651      615F3000 
 8652              	.LASF614:
 8653 0cfd 64756D70 		.ascii	"dump_data_1\000"
 8653      5F646174 
 8653      615F3100 
 8654              	.LASF610:
 8655 0d09 64756D70 		.ascii	"dump_data_2\000"
 8655      5F646174 
 8655      615F3200 
 8656              	.LASF26:
 8657 0d15 5F5F554C 		.ascii	"__ULong\000"
 8657      6F6E6700 
 8658              	.LASF180:
 8659 0d1d 70616E69 		.ascii	"panic_msg\000"
 8659      635F6D73 
 8659      6700
 8660              	.LASF569:
 8661 0d27 7368656C 		.ascii	"shell_terminated\000"
 8661      6C5F7465 
 8661      726D696E 
 8661      61746564 
 8661      00
 8662              	.LASF342:
 8663 0d38 69637563 		.ascii	"icucnt_t\000"
 8663      6E745F74 
 8663      00
 8664              	.LASF427:
 8665 0d41 5553425F 		.ascii	"USB_EVENT_STALLED\000"
 8665      4556454E 
 8665      545F5354 
 8665      414C4C45 
 8665      4400
 8666              	.LASF235:
 8667 0d53 63686465 		.ascii	"chdebug_t\000"
 8667      6275675F 
 8667      7400
 8668              	.LASF657:
 8669 0d5d 706F7274 		.ascii	"port_lock_from_isr\000"
 8669      5F6C6F63 
 8669      6B5F6672 
 8669      6F6D5F69 
 8669      737200
 8670              	.LASF521:
 8671 0d70 72787369 		.ascii	"rxsize\000"
 8671      7A6500
 8672              	.LASF326:
ARM GAS  /tmp/cckyrRJs.s 			page 168


 8673 0d77 4943555F 		.ascii	"ICU_WAITING\000"
 8673      57414954 
 8673      494E4700 
 8674              	.LASF441:
 8675 0d83 48435453 		.ascii	"HCTSIZ\000"
 8675      495A00
 8676              	.LASF423:
 8677 0d8a 5553425F 		.ascii	"USB_EVENT_CONFIGURED\000"
 8677      4556454E 
 8677      545F434F 
 8677      4E464947 
 8677      55524544 
 8678              	.LASF555:
 8679 0d9f 70757474 		.ascii	"putt\000"
 8679      00
 8680              	.LASF102:
 8681 0da4 5F737472 		.ascii	"_strtok_last\000"
 8681      746F6B5F 
 8681      6C617374 
 8681      00
 8682              	.LASF244:
 8683 0db1 6576656E 		.ascii	"event_source_t\000"
 8683      745F736F 
 8683      75726365 
 8683      5F7400
 8684              	.LASF476:
 8685 0dc0 72657376 		.ascii	"resvd140\000"
 8685      64313430 
 8685      00
 8686              	.LASF98:
 8687 0dc9 5F736565 		.ascii	"_seed\000"
 8687      6400
 8688              	.LASF60:
 8689 0dcf 5F736565 		.ascii	"_seek\000"
 8689      6B00
 8690              	.LASF320:
 8691 0dd5 696F706F 		.ascii	"ioportmask_t\000"
 8691      72746D61 
 8691      736B5F74 
 8691      00
 8692              	.LASF425:
 8693 0de2 5553425F 		.ascii	"USB_EVENT_SUSPEND\000"
 8693      4556454E 
 8693      545F5355 
 8693      5350454E 
 8693      4400
 8694              	.LASF454:
 8695 0df4 444F4550 		.ascii	"DOEPCTL\000"
 8695      43544C00 
 8696              	.LASF631:
 8697 0dfc 69637570 		.ascii	"icup\000"
 8697      00
 8698              	.LASF5:
 8699 0e01 73686F72 		.ascii	"short unsigned int\000"
 8699      7420756E 
 8699      7369676E 
 8699      65642069 
ARM GAS  /tmp/cckyrRJs.s 			page 169


 8699      6E7400
 8700              	.LASF0:
 8701 0e14 7369676E 		.ascii	"signed char\000"
 8701      65642063 
 8701      68617200 
 8702              	.LASF608:
 8703 0e20 74656D70 		.ascii	"temp\000"
 8703      00
 8704              	.LASF142:
 8705 0e25 75636E74 		.ascii	"ucnt_t\000"
 8705      5F7400
 8706              	.LASF169:
 8707 0e2c 63757272 		.ascii	"current\000"
 8707      656E7400 
 8708              	.LASF399:
 8709 0e34 73746174 		.ascii	"status\000"
 8709      757300
 8710              	.LASF234:
 8711 0e3b 6F66665F 		.ascii	"off_time\000"
 8711      74696D65 
 8711      00
 8712              	.LASF225:
 8713 0e44 6F66665F 		.ascii	"off_ctx\000"
 8713      63747800 
 8714              	.LASF177:
 8715 0e4c 6C617374 		.ascii	"lasttime\000"
 8715      74696D65 
 8715      00
 8716              	.LASF84:
 8717 0e55 5F667265 		.ascii	"_freelist\000"
 8717      656C6973 
 8717      7400
 8718              	.LASF368:
 8719 0e5f 72787374 		.ascii	"rxstate\000"
 8719      61746500 
 8720              	.LASF155:
 8721 0e67 6D736771 		.ascii	"msgqueue\000"
 8721      75657565 
 8721      00
 8722              	.LASF572:
 8723 0e70 6C73745F 		.ascii	"lst_st\000"
 8723      737400
 8724              	.LASF65:
 8725 0e77 5F6F6666 		.ascii	"_offset\000"
 8725      73657400 
 8726              	.LASF191:
 8727 0e7f 53797374 		.ascii	"SystemCoreClock\000"
 8727      656D436F 
 8727      7265436C 
 8727      6F636B00 
 8728              	.LASF598:
 8729 0e8f 69637563 		.ascii	"icucfg1\000"
 8729      66673100 
 8730              	.LASF151:
 8731 0e97 73746174 		.ascii	"state\000"
 8731      6500
 8732              	.LASF50:
ARM GAS  /tmp/cckyrRJs.s 			page 170


 8733 0e9d 5F5F7362 		.ascii	"__sbuf\000"
 8733      756600
 8734              	.LASF111:
 8735 0ea4 5F6C3634 		.ascii	"_l64a_buf\000"
 8735      615F6275 
 8735      6600
 8736              	.LASF285:
 8737 0eae 444D4152 		.ascii	"DMAR\000"
 8737      00
 8738              	.LASF182:
 8739 0eb3 63685F73 		.ascii	"ch_system\000"
 8739      79737465 
 8739      6D00
 8740              	.LASF593:
 8741 0ebd 73705F74 		.ascii	"sp_temp\000"
 8741      656D7000 
 8742              	.LASF300:
 8743 0ec5 62746F70 		.ascii	"btop\000"
 8743      00
 8744              	.LASF150:
 8745 0eca 77616261 		.ascii	"wabase\000"
 8745      736500
 8746              	.LASF647:
 8747 0ed1 63685654 		.ascii	"chVTIsArmedI\000"
 8747      49734172 
 8747      6D656449 
 8747      00
 8748              	.LASF103:
 8749 0ede 5F617363 		.ascii	"_asctime_buf\000"
 8749      74696D65 
 8749      5F627566 
 8749      00
 8750              	.LASF361:
 8751 0eeb 55415254 		.ascii	"UART_RX_IDLE\000"
 8751      5F52585F 
 8751      49444C45 
 8751      00
 8752              	.LASF174:
 8753 0ef8 66756E63 		.ascii	"func\000"
 8753      00
 8754              	.LASF20:
 8755 0efd 5F5F7763 		.ascii	"__wch\000"
 8755      6800
 8756              	.LASF213:
 8757 0f03 63685F73 		.ascii	"ch_semaphore\000"
 8757      656D6170 
 8757      686F7265 
 8757      00
 8758              	.LASF118:
 8759 0f10 5F776373 		.ascii	"_wcsrtombs_state\000"
 8759      72746F6D 
 8759      62735F73 
 8759      74617465 
 8759      00
 8760              	.LASF231:
 8761 0f21 6F66665F 		.ascii	"off_flags\000"
 8761      666C6167 
ARM GAS  /tmp/cckyrRJs.s 			page 171


 8761      7300
 8762              	.LASF257:
 8763 0f2b 64796E5F 		.ascii	"dyn_element_t\000"
 8763      656C656D 
 8763      656E745F 
 8763      7400
 8764              	.LASF450:
 8765 0f39 44494550 		.ascii	"DIEPTSIZ\000"
 8765      5453495A 
 8765      00
 8766              	.LASF159:
 8767 0f42 6D706F6F 		.ascii	"mpool\000"
 8767      6C00
 8768              	.LASF658:
 8769 0f48 706F7274 		.ascii	"port_unlock\000"
 8769      5F756E6C 
 8769      6F636B00 
 8770              	.LASF164:
 8771 0f54 74687265 		.ascii	"threads_queue_t\000"
 8771      6164735F 
 8771      71756575 
 8771      655F7400 
 8772              	.LASF623:
 8773 0f64 74696D65 		.ascii	"time\000"
 8773      00
 8774              	.LASF199:
 8775 0f69 55534152 		.ascii	"USART_TypeDef\000"
 8775      545F5479 
 8775      70654465 
 8775      6600
 8776              	.LASF524:
 8777 0f77 65705F6D 		.ascii	"ep_mode\000"
 8777      6F646500 
 8778              	.LASF457:
 8779 0f7f 73746D33 		.ascii	"stm32_otg_out_ep_t\000"
 8779      325F6F74 
 8779      675F6F75 
 8779      745F6570 
 8779      5F7400
 8780              	.LASF7:
 8781 0f92 6C6F6E67 		.ascii	"long int\000"
 8781      20696E74 
 8781      00
 8782              	.LASF185:
 8783 0f9b 6D61696E 		.ascii	"mainthread\000"
 8783      74687265 
 8783      616400
 8784              	.LASF396:
 8785 0fa6 6570306E 		.ascii	"ep0n\000"
 8785      00
 8786              	.LASF110:
 8787 0fab 5F776374 		.ascii	"_wctomb_state\000"
 8787      6F6D625F 
 8787      73746174 
 8787      6500
 8788              	.LASF554:
 8789 0fb9 53657269 		.ascii	"SerialUSBDriverVMT\000"
ARM GAS  /tmp/cckyrRJs.s 			page 172


 8789      616C5553 
 8789      42447269 
 8789      76657256 
 8789      4D5400
 8790              	.LASF620:
 8791 0fcc 73616665 		.ascii	"safe_print\000"
 8791      5F707269 
 8791      6E7400
 8792              	.LASF477:
 8793 0fd7 48434647 		.ascii	"HCFG\000"
 8793      00
 8794              	.LASF96:
 8795 0fdc 5F696F62 		.ascii	"_iobs\000"
 8795      7300
 8796              	.LASF76:
 8797 0fe2 5F656D65 		.ascii	"_emergency\000"
 8797      7267656E 
 8797      637900
 8798              	.LASF556:
 8799 0fed 67657474 		.ascii	"gett\000"
 8799      00
 8800              	.LASF356:
 8801 0ff2 75617274 		.ascii	"uartstate_t\000"
 8801      73746174 
 8801      655F7400 
 8802              	.LASF208:
 8803 0ffe 77747472 		.ascii	"wttrp\000"
 8803      7000
 8804              	.LASF120:
 8805 1004 5F6E6578 		.ascii	"_nextf\000"
 8805      746600
 8806              	.LASF291:
 8807 100b 77726974 		.ascii	"write\000"
 8807      6500
 8808              	.LASF106:
 8809 1011 5F72616E 		.ascii	"_rand_next\000"
 8809      645F6E65 
 8809      787400
 8810              	.LASF526:
 8811 101c 696E5F63 		.ascii	"in_cb\000"
 8811      6200
 8812              	.LASF455:
 8813 1022 444F4550 		.ascii	"DOEPINT\000"
 8813      494E5400 
 8814              	.LASF263:
 8815 102a 6275665F 		.ascii	"buf_list\000"
 8815      6C697374 
 8815      00
 8816              	.LASF605:
 8817 1033 7368656C 		.ascii	"shelltp\000"
 8817      6C747000 
 8818              	.LASF130:
 8819 103b 75696E74 		.ascii	"uint32_t\000"
 8819      33325F74 
 8819      00
 8820              	.LASF229:
 8821 1044 6F66665F 		.ascii	"off_stklimit\000"
ARM GAS  /tmp/cckyrRJs.s 			page 173


 8821      73746B6C 
 8821      696D6974 
 8821      00
 8822              	.LASF28:
 8823 1051 5F6D6178 		.ascii	"_maxwds\000"
 8823      77647300 
 8824              	.LASF435:
 8825 1059 75736272 		.ascii	"usbreqhandler_t\000"
 8825      65716861 
 8825      6E646C65 
 8825      725F7400 
 8826              	.LASF659:
 8827 1069 706F7274 		.ascii	"port_lock\000"
 8827      5F6C6F63 
 8827      6B00
 8828              	.LASF15:
 8829 1073 6C6F6E67 		.ascii	"long double\000"
 8829      20646F75 
 8829      626C6500 
 8830              	.LASF233:
 8831 107f 6F66665F 		.ascii	"off_preempt\000"
 8831      70726565 
 8831      6D707400 
 8832              	.LASF139:
 8833 108b 6576656E 		.ascii	"eventmask_t\000"
 8833      746D6173 
 8833      6B5F7400 
 8834              	.LASF566:
 8835 1097 73635F68 		.ascii	"sc_histsize\000"
 8835      69737473 
 8835      697A6500 
 8836              	.LASF421:
 8837 10a3 5553425F 		.ascii	"USB_EVENT_RESET\000"
 8837      4556454E 
 8837      545F5245 
 8837      53455400 
 8838              	.LASF409:
 8839 10b3 5553425F 		.ascii	"USB_SELECTED\000"
 8839      53454C45 
 8839      43544544 
 8839      00
 8840              	.LASF9:
 8841 10c0 6C6F6E67 		.ascii	"long unsigned int\000"
 8841      20756E73 
 8841      69676E65 
 8841      6420696E 
 8841      7400
 8842              	.LASF247:
 8843 10d2 62617365 		.ascii	"basemem\000"
 8843      6D656D00 
 8844              	.LASF329:
 8845 10da 49435544 		.ascii	"ICUDriver\000"
 8845      72697665 
 8845      7200
 8846              	.LASF350:
 8847 10e4 49435543 		.ascii	"ICUConfig\000"
 8847      6F6E6669 
ARM GAS  /tmp/cckyrRJs.s 			page 174


 8847      6700
 8848              	.LASF422:
 8849 10ee 5553425F 		.ascii	"USB_EVENT_ADDRESS\000"
 8849      4556454E 
 8849      545F4144 
 8849      44524553 
 8849      5300
 8850              	.LASF542:
 8851 1100 5344555F 		.ascii	"SDU_STOP\000"
 8851      53544F50 
 8851      00
 8852              	.LASF375:
 8853 1109 75617274 		.ascii	"uartcb_t\000"
 8853      63625F74 
 8853      00
 8854              	.LASF363:
 8855 1112 55415254 		.ascii	"UART_RX_COMPLETE\000"
 8855      5F52585F 
 8855      434F4D50 
 8855      4C455445 
 8855      00
 8856              	.LASF227:
 8857 1123 6F66665F 		.ascii	"off_older\000"
 8857      6F6C6465 
 8857      7200
 8858              	.LASF428:
 8859 112d 75736265 		.ascii	"usbevent_t\000"
 8859      76656E74 
 8859      5F7400
 8860              	.LASF61:
 8861 1138 5F636C6F 		.ascii	"_close\000"
 8861      736500
 8862              	.LASF92:
 8863 113f 63686172 		.ascii	"char\000"
 8863      00
 8864              	.LASF94:
 8865 1144 5F676C75 		.ascii	"_glue\000"
 8865      6500
 8866              	.LASF431:
 8867 114a 55534244 		.ascii	"USBDescriptor\000"
 8867      65736372 
 8867      6970746F 
 8867      7200
 8868              	.LASF583:
 8869 1158 666C7573 		.ascii	"flush_timeout\000"
 8869      685F7469 
 8869      6D656F75 
 8869      7400
 8870              	.LASF650:
 8871 1166 63685379 		.ascii	"chSysUnlockFromISR\000"
 8871      73556E6C 
 8871      6F636B46 
 8871      726F6D49 
 8871      535200
 8872              	.LASF193:
 8873 1179 41504250 		.ascii	"APBPrescTable\000"
 8873      72657363 
ARM GAS  /tmp/cckyrRJs.s 			page 175


 8873      5461626C 
 8873      6500
 8874              	.LASF467:
 8875 1187 47525846 		.ascii	"GRXFSIZ\000"
 8875      53495A00 
 8876              	.LASF369:
 8877 118f 75736172 		.ascii	"usart\000"
 8877      7400
 8878              	.LASF602:
 8879 1195 7368656C 		.ascii	"shell_cfg1\000"
 8879      6C5F6366 
 8879      673100
 8880              	.LASF488:
 8881 11a0 44434647 		.ascii	"DCFG\000"
 8881      00
 8882              	.LASF308:
 8883 11a5 70616C63 		.ascii	"palcallback_t\000"
 8883      616C6C62 
 8883      61636B5F 
 8883      7400
 8884              	.LASF31:
 8885 11b3 5F426967 		.ascii	"_Bigint\000"
 8885      696E7400 
 8886              	.LASF464:
 8887 11bb 47494E54 		.ascii	"GINTMSK\000"
 8887      4D534B00 
 8888              	.LASF334:
 8889 11c3 69637563 		.ascii	"icucallback_t\000"
 8889      616C6C62 
 8889      61636B5F 
 8889      7400
 8890              	.LASF469:
 8891 11d1 484E5054 		.ascii	"HNPTXSTS\000"
 8891      58535453 
 8891      00
 8892              	.LASF661:
 8893 11da 474E5520 		.ascii	"GNU C17 9.2.1 20191025 (release) [ARM/arm-9-branch "
 8893      43313720 
 8893      392E322E 
 8893      31203230 
 8893      31393130 
 8894 120d 72657669 		.ascii	"revision 277599] -mcpu=cortex-m4 -mthumb -mfloat-ab"
 8894      73696F6E 
 8894      20323737 
 8894      3539395D 
 8894      202D6D63 
 8895 1240 693D736F 		.ascii	"i=soft -march=armv7e-m -ggdb -O2 -fomit-frame-point"
 8895      6674202D 
 8895      6D617263 
 8895      683D6172 
 8895      6D763765 
 8896 1273 6572202D 		.ascii	"er -falign-functions=16 -ffunction-sections -fdata-"
 8896      66616C69 
 8896      676E2D66 
 8896      756E6374 
 8896      696F6E73 
 8897 12a6 73656374 		.ascii	"sections -fno-common -flto\000"
ARM GAS  /tmp/cckyrRJs.s 			page 176


 8897      696F6E73 
 8897      202D666E 
 8897      6F2D636F 
 8897      6D6D6F6E 
 8898              	.LASF401:
 8899 12c1 636F6E66 		.ascii	"configuration\000"
 8899      69677572 
 8899      6174696F 
 8899      6E00
 8900              	.LASF417:
 8901 12cf 5553425F 		.ascii	"USB_EP0_OUT_WAITING_STS\000"
 8901      4550305F 
 8901      4F55545F 
 8901      57414954 
 8901      494E475F 
 8902              	.LASF88:
 8903 12e7 5F617465 		.ascii	"_atexit0\000"
 8903      78697430 
 8903      00
 8904              	.LASF336:
 8905 12f0 4943555F 		.ascii	"ICU_INPUT_ACTIVE_LOW\000"
 8905      494E5055 
 8905      545F4143 
 8905      54495645 
 8905      5F4C4F57 
 8906              	.LASF635:
 8907 1305 72786368 		.ascii	"rxchar1\000"
 8907      61723100 
 8908              	.LASF633:
 8909 130d 72786368 		.ascii	"rxchar2\000"
 8909      61723200 
 8910              	.LASF278:
 8911 1315 5F73746D 		.ascii	"_stm32_dma_streams\000"
 8911      33325F64 
 8911      6D615F73 
 8911      74726561 
 8911      6D7300
 8912              	.LASF113:
 8913 1328 5F676574 		.ascii	"_getdate_err\000"
 8913      64617465 
 8913      5F657272 
 8913      00
 8914              	.LASF547:
 8915 1335 69627175 		.ascii	"ibqueue\000"
 8915      65756500 
 8916              	.LASF294:
 8917 133d 696F5F62 		.ascii	"io_buffers_queue_t\000"
 8917      75666665 
 8917      72735F71 
 8917      75657565 
 8917      5F7400
 8918              	.LASF338:
 8919 1350 69637566 		.ascii	"icufreq_t\000"
 8919      7265715F 
 8919      7400
 8920              	.LASF451:
 8921 135a 44545846 		.ascii	"DTXFSTS\000"
ARM GAS  /tmp/cckyrRJs.s 			page 177


 8921      53545300 
 8922              	.LASF141:
 8923 1362 636E745F 		.ascii	"cnt_t\000"
 8923      7400
 8924              	.LASF395:
 8925 1368 6570306E 		.ascii	"ep0next\000"
 8925      65787400 
 8926              	.LASF445:
 8927 1370 73746D33 		.ascii	"stm32_otg_host_chn_t\000"
 8927      325F6F74 
 8927      675F686F 
 8927      73745F63 
 8927      686E5F74 
 8928              	.LASF413:
 8929 1385 5553425F 		.ascii	"USB_EP0_STP_WAITING\000"
 8929      4550305F 
 8929      5354505F 
 8929      57414954 
 8929      494E4700 
 8930              	.LASF641:
 8931 1399 6F73616C 		.ascii	"osalSysLock\000"
 8931      5379734C 
 8931      6F636B00 
 8932              	.LASF318:
 8933 13a5 41465248 		.ascii	"AFRH\000"
 8933      00
 8934              	.LASF317:
 8935 13aa 4146524C 		.ascii	"AFRL\000"
 8935      00
 8936              	.LASF595:
 8937 13af 62746E5F 		.ascii	"btn_cnt\000"
 8937      636E7400 
 8938              	.LASF230:
 8939 13b7 6F66665F 		.ascii	"off_state\000"
 8939      73746174 
 8939      6500
 8940              	.LASF621:
 8941 13c1 4C697374 		.ascii	"Listener3\000"
 8941      656E6572 
 8941      3300
 8942              	.LASF323:
 8943 13cb 4943555F 		.ascii	"ICU_UNINIT\000"
 8943      554E494E 
 8943      495400
 8944              	.LASF125:
 8945 13d6 5F696D70 		.ascii	"_impure_ptr\000"
 8945      7572655F 
 8945      70747200 
 8946              	.LASF560:
 8947 13e2 73635F6E 		.ascii	"sc_name\000"
 8947      616D6500 
 8948              	.LASF64:
 8949 13ea 5F626C6B 		.ascii	"_blksize\000"
 8949      73697A65 
 8949      00
 8950              	.LASF440:
 8951 13f3 4843494E 		.ascii	"HCINTMSK\000"
ARM GAS  /tmp/cckyrRJs.s 			page 178


 8951      544D534B 
 8951      00
 8952              	.LASF62:
 8953 13fc 5F756275 		.ascii	"_ubuf\000"
 8953      6600
 8954              	.LASF330:
 8955 1402 636F6E66 		.ascii	"config\000"
 8955      696700
 8956              	.LASF108:
 8957 1409 5F6D626C 		.ascii	"_mblen_state\000"
 8957      656E5F73 
 8957      74617465 
 8957      00
 8958              	.LASF90:
 8959 1416 5F5F7367 		.ascii	"__sglue\000"
 8959      6C756500 
 8960              	.LASF124:
 8961 141e 5F5F6C6F 		.ascii	"__locale_t\000"
 8961      63616C65 
 8961      5F7400
 8962              	.LASF365:
 8963 1429 75617274 		.ascii	"uartflags_t\000"
 8963      666C6167 
 8963      735F7400 
 8964              	.LASF596:
 8965 1435 75617274 		.ascii	"uart_cfg1\000"
 8965      5F636667 
 8965      3100
 8966              	.LASF597:
 8967 143f 75617274 		.ascii	"uart_cfg2\000"
 8967      5F636667 
 8967      3200
 8968              	.LASF80:
 8969 1449 5F5F636C 		.ascii	"__cleanup\000"
 8969      65616E75 
 8969      7000
 8970              	.LASF354:
 8971 1453 55415254 		.ascii	"UART_STOP\000"
 8971      5F53544F 
 8971      5000
 8972              	.LASF327:
 8973 145d 4943555F 		.ascii	"ICU_ACTIVE\000"
 8973      41435449 
 8973      564500
 8974              	.LASF380:
 8975 1468 7278656E 		.ascii	"rxend_cb\000"
 8975      645F6362 
 8975      00
 8976              	.LASF586:
 8977 1471 66697273 		.ascii	"first_char\000"
 8977      745F6368 
 8977      617200
 8978              	.LASF170:
 8979 147c 76746675 		.ascii	"vtfunc_t\000"
 8979      6E635F74 
 8979      00
 8980              	.LASF207:
ARM GAS  /tmp/cckyrRJs.s 			page 179


 8981 1485 77746F62 		.ascii	"wtobjp\000"
 8981      6A7000
 8982              	.LASF18:
 8983 148c 5F66706F 		.ascii	"_fpos_t\000"
 8983      735F7400 
 8984              	.LASF55:
 8985 1494 5F66696C 		.ascii	"_file\000"
 8985      6500
 8986              	.LASF262:
 8987 149a 6F626A5F 		.ascii	"obj_pool\000"
 8987      706F6F6C 
 8987      00
 8988              	.LASF270:
 8989 14a3 63685F66 		.ascii	"ch_factory\000"
 8989      6163746F 
 8989      727900
 8990              	.LASF339:
 8991 14ae 4943555F 		.ascii	"ICU_CHANNEL_1\000"
 8991      4348414E 
 8991      4E454C5F 
 8991      3100
 8992              	.LASF211:
 8993 14bc 77746D74 		.ascii	"wtmtxp\000"
 8993      787000
 8994              	.LASF53:
 8995 14c3 5F5F7346 		.ascii	"__sFILE\000"
 8995      494C4500 
 8996              	.LASF629:
 8997 14cb 646F7562 		.ascii	"double\000"
 8997      6C6500
 8998              	.LASF49:
 8999 14d2 5F666E73 		.ascii	"_fns\000"
 8999      00
 9000              	.LASF654:
 9001 14d7 63685654 		.ascii	"chVTGetSystemTimeX\000"
 9001      47657453 
 9001      79737465 
 9001      6D54696D 
 9001      655800
 9002              	.LASF523:
 9003 14ea 5553424F 		.ascii	"USBOutEndpointState\000"
 9003      7574456E 
 9003      64706F69 
 9003      6E745374 
 9003      61746500 
 9004              	.LASF484:
 9005 14fe 72657376 		.ascii	"resvd41C\000"
 9005      64343143 
 9005      00
 9006              	.LASF24:
 9007 1507 5F6D6273 		.ascii	"_mbstate_t\000"
 9007      74617465 
 9007      5F7400
 9008              	.LASF119:
 9009 1512 5F685F65 		.ascii	"_h_errno\000"
 9009      72726E6F 
 9009      00
ARM GAS  /tmp/cckyrRJs.s 			page 180


 9010              	.LASF187:
 9011 151b 73797369 		.ascii	"sysinterval_t\000"
 9011      6E746572 
 9011      76616C5F 
 9011      7400
 9012              	.LASF561:
 9013 1529 73635F66 		.ascii	"sc_function\000"
 9013      756E6374 
 9013      696F6E00 
 9014              	.LASF416:
 9015 1535 5553425F 		.ascii	"USB_EP0_IN_SENDING_STS\000"
 9015      4550305F 
 9015      494E5F53 
 9015      454E4449 
 9015      4E475F53 
 9016              	.LASF617:
 9017 154c 6765745F 		.ascii	"get_count\000"
 9017      636F756E 
 9017      7400
 9018              	.LASF322:
 9019 1556 5F70616C 		.ascii	"_pal_events\000"
 9019      5F657665 
 9019      6E747300 
 9020              	.LASF242:
 9021 1562 77666C61 		.ascii	"wflags\000"
 9021      677300
 9022              	.LASF321:
 9023 1569 696F6C69 		.ascii	"ioline_t\000"
 9023      6E655F74 
 9023      00
 9024              	.LASF384:
 9025 1572 73706565 		.ascii	"speed\000"
 9025      6400
 9026              	.LASF154:
 9027 1578 77616974 		.ascii	"waiting\000"
 9027      696E6700 
 9028              	.LASF168:
 9029 1580 63685F72 		.ascii	"ch_ready_list\000"
 9029      65616479 
 9029      5F6C6973 
 9029      7400
 9030              	.LASF379:
 9031 158e 7478656E 		.ascii	"txend2_cb\000"
 9031      64325F63 
 9031      6200
 9032              	.LASF314:
 9033 1598 50555044 		.ascii	"PUPDR\000"
 9033      5200
 9034              	.LASF6:
 9035 159e 5F5F696E 		.ascii	"__int32_t\000"
 9035      7433325F 
 9035      7400
 9036              	.LASF8:
 9037 15a8 5F5F7569 		.ascii	"__uint32_t\000"
 9037      6E743332 
 9037      5F7400
 9038              	.LASF332:
ARM GAS  /tmp/cckyrRJs.s 			page 181


 9039 15b3 77636372 		.ascii	"wccrp\000"
 9039      7000
 9040              	.LASF179:
 9041 15b9 63685F73 		.ascii	"ch_system_debug\000"
 9041      79737465 
 9041      6D5F6465 
 9041      62756700 
 9042              	.LASF495:
 9043 15c9 4441494E 		.ascii	"DAINTMSK\000"
 9043      544D534B 
 9043      00
 9044              	.LASF23:
 9045 15d2 5F5F7661 		.ascii	"__value\000"
 9045      6C756500 
 9046              	.LASF46:
 9047 15da 5F69735F 		.ascii	"_is_cxa\000"
 9047      63786100 
 9048              	.LASF324:
 9049 15e2 4943555F 		.ascii	"ICU_STOP\000"
 9049      53544F50 
 9049      00
 9050              	.LASF275:
 9051 15eb 73656C66 		.ascii	"selfindex\000"
 9051      696E6465 
 9051      7800
 9052              	.LASF664:
 9053 15f5 666C7573 		.ascii	"flush_buffer\000"
 9053      685F6275 
 9053      66666572 
 9053      00
 9054              	.LASF237:
 9055 1602 6D757465 		.ascii	"mutex_t\000"
 9055      785F7400 
 9056              	.LASF83:
 9057 160a 5F703573 		.ascii	"_p5s\000"
 9057      00
 9058              	.LASF310:
 9059 160f 636C6561 		.ascii	"clear\000"
 9059      7200
 9060              	.LASF311:
 9061 1615 4D4F4445 		.ascii	"MODER\000"
 9061      5200
 9062              	.LASF612:
 9063 161b 77696474 		.ascii	"width\000"
 9063      6800
 9064              	.LASF534:
 9065 1621 55534245 		.ascii	"USBEndpointConfig\000"
 9065      6E64706F 
 9065      696E7443 
 9065      6F6E6669 
 9065      6700
 9066              	.LASF486:
 9067 1633 72657376 		.ascii	"resvd444\000"
 9067      64343434 
 9067      00
 9068              	.LASF604:
 9069 163c 77614C69 		.ascii	"waListener3\000"
ARM GAS  /tmp/cckyrRJs.s 			page 182


 9069      7374656E 
 9069      65723300 
 9070              	.LASF568:
 9071 1648 5368656C 		.ascii	"ShellConfig\000"
 9071      6C436F6E 
 9071      66696700 
 9072              	.LASF630:
 9073 1654 69637570 		.ascii	"icuperiodcb1\000"
 9073      6572696F 
 9073      64636231 
 9073      00
 9074              	.LASF266:
 9075 1661 6D62785F 		.ascii	"mbx_list\000"
 9075      6C697374 
 9075      00
 9076              	.LASF226:
 9077 166a 6F66665F 		.ascii	"off_newer\000"
 9077      6E657765 
 9077      7200
 9078              	.LASF590:
 9079 1674 736D616C 		.ascii	"smallest_pulse\000"
 9079      6C657374 
 9079      5F70756C 
 9079      736500
 9080              	.LASF288:
 9081 1683 73746D33 		.ascii	"stm32_tim_t\000"
 9081      325F7469 
 9081      6D5F7400 
 9082              	.LASF145:
 9083 168f 71756575 		.ascii	"queue\000"
 9083      6500
 9084              	.LASF404:
 9085 1695 706D6E65 		.ascii	"pmnext\000"
 9085      787400
 9086              	.LASF352:
 9087 169c 49435544 		.ascii	"ICUD2\000"
 9087      3200
 9088              	.LASF190:
 9089 16a2 49544D5F 		.ascii	"ITM_RxBuffer\000"
 9089      52784275 
 9089      66666572 
 9089      00
 9090              	.LASF340:
 9091 16af 4943555F 		.ascii	"ICU_CHANNEL_2\000"
 9091      4348414E 
 9091      4E454C5F 
 9091      3200
 9092              	.LASF12:
 9093 16bd 6C6F6E67 		.ascii	"long long unsigned int\000"
 9093      206C6F6E 
 9093      6720756E 
 9093      7369676E 
 9093      65642069 
 9094              	.LASF203:
 9095 16d4 6F666673 		.ascii	"offset\000"
 9095      657400
 9096              	.LASF371:
ARM GAS  /tmp/cckyrRJs.s 			page 183


 9097 16db 646D6174 		.ascii	"dmatxmode\000"
 9097      786D6F64 
 9097      6500
 9098              	.LASF382:
 9099 16e5 72786572 		.ascii	"rxerr_cb\000"
 9099      725F6362 
 9099      00
 9100              	.LASF626:
 9101 16ee 62617564 		.ascii	"baud\000"
 9101      00
 9102              	.LASF194:
 9103 16f3 4E445452 		.ascii	"NDTR\000"
 9103      00
 9104              	.LASF105:
 9105 16f8 5F67616D 		.ascii	"_gamma_signgam\000"
 9105      6D615F73 
 9105      69676E67 
 9105      616D00
 9106              	.LASF452:
 9107 1707 72657376 		.ascii	"resvd1C\000"
 9107      64314300 
 9108              	.LASF448:
 9109 170f 44494550 		.ascii	"DIEPINT\000"
 9109      494E5400 
 9110              	.LASF328:
 9111 1717 69637573 		.ascii	"icustate_t\000"
 9111      74617465 
 9111      5F7400
 9112              	.LASF648:
 9113 1722 63685654 		.ascii	"chVTGetSystemTime\000"
 9113      47657453 
 9113      79737465 
 9113      6D54696D 
 9113      6500
 9114              	.LASF279:
 9115 1734 534D4352 		.ascii	"SMCR\000"
 9115      00
 9116              	.LASF302:
 9117 1739 62756666 		.ascii	"buffers\000"
 9117      65727300 
 9118              	.LASF223:
 9119 1741 74687265 		.ascii	"threadsize\000"
 9119      61647369 
 9119      7A6500
 9120              	.LASF493:
 9121 174c 444F4550 		.ascii	"DOEPMSK\000"
 9121      4D534B00 
 9122              	.LASF172:
 9123 1754 63685F76 		.ascii	"ch_virtual_timer\000"
 9123      69727475 
 9123      616C5F74 
 9123      696D6572 
 9123      00
 9124              	.LASF212:
 9125 1765 65776D61 		.ascii	"ewmask\000"
 9125      736B00
 9126              	.LASF297:
ARM GAS  /tmp/cckyrRJs.s 			page 184


 9127 176c 62636F75 		.ascii	"bcounter\000"
 9127      6E746572 
 9127      00
 9128              	.LASF243:
 9129 1775 6576656E 		.ascii	"event_source\000"
 9129      745F736F 
 9129      75726365 
 9129      00
 9130              	.LASF134:
 9131 1782 74737461 		.ascii	"tstate_t\000"
 9131      74655F74 
 9131      00
 9132              	.LASF126:
 9133 178b 5F676C6F 		.ascii	"_global_impure_ptr\000"
 9133      62616C5F 
 9133      696D7075 
 9133      72655F70 
 9133      747200
 9134              	.LASF494:
 9135 179e 4441494E 		.ascii	"DAINT\000"
 9135      5400
 9136              	.LASF305:
 9137 17a4 62716E6F 		.ascii	"bqnotify_t\000"
 9137      74696679 
 9137      5F7400
 9138              	.LASF77:
 9139 17af 5F756E73 		.ascii	"_unspecified_locale_info\000"
 9139      70656369 
 9139      66696564 
 9139      5F6C6F63 
 9139      616C655F 
 9140              	.LASF390:
 9141 17c8 7472616E 		.ascii	"transmitting\000"
 9141      736D6974 
 9141      74696E67 
 9141      00
 9142              	.LASF296:
 9143 17d5 73757370 		.ascii	"suspended\000"
 9143      656E6465 
 9143      6400
 9144              	.LASF79:
 9145 17df 5F5F7364 		.ascii	"__sdidinit\000"
 9145      6964696E 
 9145      697400
 9146              	.LASF549:
 9147 17ea 75736270 		.ascii	"usbp\000"
 9147      00
 9148              	.LASF412:
 9149 17ef 75736273 		.ascii	"usbstate_t\000"
 9149      74617465 
 9149      5F7400
 9150              	.LASF456:
 9151 17fa 444F4550 		.ascii	"DOEPTSIZ\000"
 9151      5453495A 
 9151      00
 9152              	.LASF264:
 9153 1803 73656D5F 		.ascii	"sem_list\000"
ARM GAS  /tmp/cckyrRJs.s 			page 185


 9153      6C697374 
 9153      00
 9154              	.LASF228:
 9155 180c 6F66665F 		.ascii	"off_name\000"
 9155      6E616D65 
 9155      00
 9156              	.LASF364:
 9157 1815 75617274 		.ascii	"uartrxstate_t\000"
 9157      72787374 
 9157      6174655F 
 9157      7400
 9158              	.LASF25:
 9159 1823 5F666C6F 		.ascii	"_flock_t\000"
 9159      636B5F74 
 9159      00
 9160              	.LASF175:
 9161 182c 76697274 		.ascii	"virtual_timers_list_t\000"
 9161      75616C5F 
 9161      74696D65 
 9161      72735F6C 
 9161      6973745F 
 9162              	.LASF360:
 9163 1842 75617274 		.ascii	"uarttxstate_t\000"
 9163      74787374 
 9163      6174655F 
 9163      7400
 9164              	.LASF411:
 9165 1850 5553425F 		.ascii	"USB_SUSPENDED\000"
 9165      53555350 
 9165      454E4445 
 9165      4400
 9166              	.LASF462:
 9167 185e 47525354 		.ascii	"GRSTCTL\000"
 9167      43544C00 
 9168              	.LASF553:
 9169 1866 53657269 		.ascii	"SerialUSBConfig\000"
 9169      616C5553 
 9169      42436F6E 
 9169      66696700 
 9170              	.LASF599:
 9171 1876 68697374 		.ascii	"history_buffer\000"
 9171      6F72795F 
 9171      62756666 
 9171      657200
 9172              	.LASF487:
 9173 1885 72657376 		.ascii	"resvd700\000"
 9173      64373030 
 9173      00
 9174              	.LASF594:
 9175 188e 62746E5F 		.ascii	"btn_second_edge\000"
 9175      7365636F 
 9175      6E645F65 
 9175      64676500 
 9176              	.LASF557:
 9177 189e 77726974 		.ascii	"writet\000"
 9177      657400
 9178              	.LASF10:
ARM GAS  /tmp/cckyrRJs.s 			page 186


 9179 18a5 6C6F6E67 		.ascii	"long long int\000"
 9179      206C6F6E 
 9179      6720696E 
 9179      7400
 9180              	.LASF474:
 9181 18b3 48505458 		.ascii	"HPTXFSIZ\000"
 9181      4653495A 
 9181      00
 9182              	.LASF587:
 9183 18bc 66635F74 		.ascii	"fc_timestamp\000"
 9183      696D6573 
 9183      74616D70 
 9183      00
 9184              	.LASF69:
 9185 18c9 5F666C61 		.ascii	"_flags2\000"
 9185      67733200 
 9186              	.LASF651:
 9187 18d1 63685379 		.ascii	"chSysLockFromISR\000"
 9187      734C6F63 
 9187      6B46726F 
 9187      6D495352 
 9187      00
 9188              	.LASF337:
 9189 18e2 6963756D 		.ascii	"icumode_t\000"
 9189      6F64655F 
 9189      7400
 9190              	.LASF517:
 9191 18ec 7478636E 		.ascii	"txcnt\000"
 9191      7400
 9192              	.LASF536:
 9193 18f2 6765745F 		.ascii	"get_descriptor_cb\000"
 9193      64657363 
 9193      72697074 
 9193      6F725F63 
 9193      6200
 9194              	.LASF78:
 9195 1904 5F6C6F63 		.ascii	"_locale\000"
 9195      616C6500 
 9196              	.LASF140:
 9197 190c 6576656E 		.ascii	"eventflags_t\000"
 9197      74666C61 
 9197      67735F74 
 9197      00
 9198              	.LASF414:
 9199 1919 5553425F 		.ascii	"USB_EP0_IN_TX\000"
 9199      4550305F 
 9199      494E5F54 
 9199      5800
 9200              	.LASF580:
 9201 1927 72656164 		.ascii	"read_cnt\000"
 9201      5F636E74 
 9201      00
 9202              	.LASF510:
 9203 1930 4649464F 		.ascii	"FIFO\000"
 9203      00
 9204              	.LASF662:
 9205 1935 6D61696E 		.ascii	"main.c\000"
ARM GAS  /tmp/cckyrRJs.s 			page 187


 9205      2E6300
 9206              	.LASF192:
 9207 193c 41484250 		.ascii	"AHBPrescTable\000"
 9207      72657363 
 9207      5461626C 
 9207      6500
 9208              	.LASF644:
 9209 194a 63685265 		.ascii	"chRegSetThreadName\000"
 9209      67536574 
 9209      54687265 
 9209      61644E61 
 9209      6D6500
 9210              	.LASF489:
 9211 195d 4443544C 		.ascii	"DCTL\000"
 9211      00
 9212              	.LASF518:
 9213 1962 74786275 		.ascii	"txbuf\000"
 9213      6600
 9214              	.LASF508:
 9215 1968 50434743 		.ascii	"PCGCCTL\000"
 9215      43544C00 
 9216              	.LASF426:
 9217 1970 5553425F 		.ascii	"USB_EVENT_WAKEUP\000"
 9217      4556454E 
 9217      545F5741 
 9217      4B455550 
 9217      00
 9218              	.LASF666:
 9219 1981 5F5F7365 		.ascii	"__set_BASEPRI\000"
 9219      745F4241 
 9219      53455052 
 9219      4900
 9220              	.LASF646:
 9221 198f 63685468 		.ascii	"chThdTerminatedX\000"
 9221      64546572 
 9221      6D696E61 
 9221      74656458 
 9221      00
 9222              	.LASF533:
 9223 19a0 73657475 		.ascii	"setup_buf\000"
 9223      705F6275 
 9223      6600
 9224              	.LASF632:
 9225 19aa 69637577 		.ascii	"icuwidthcb1\000"
 9225      69647468 
 9225      63623100 
 9226              	.LASF471:
 9227 19b6 72657376 		.ascii	"resvd34\000"
 9227      64333400 
 9228              	.LASF289:
 9229 19be 42617365 		.ascii	"BaseSequentialStreamVMT\000"
 9229      53657175 
 9229      656E7469 
 9229      616C5374 
 9229      7265616D 
 9230              	.LASF160:
 9231 19d6 74687265 		.ascii	"thread_reference_t\000"
ARM GAS  /tmp/cckyrRJs.s 			page 188


 9231      61645F72 
 9231      65666572 
 9231      656E6365 
 9231      5F7400
 9232              	.LASF562:
 9233 19e9 5368656C 		.ascii	"ShellCommand\000"
 9233      6C436F6D 
 9233      6D616E64 
 9233      00
 9234              	.LASF391:
 9235 19f6 72656365 		.ascii	"receiving\000"
 9235      6976696E 
 9235      6700
 9236              	.LASF93:
 9237 1a00 5F5F4649 		.ascii	"__FILE\000"
 9237      4C4500
 9238              	.LASF638:
 9239 1a07 7674325F 		.ascii	"vt2_cb\000"
 9239      636200
 9240              	.LASF405:
 9241 1a0e 75736265 		.ascii	"usbep_t\000"
 9241      705F7400 
 9242              	.LASF344:
 9243 1a16 66726571 		.ascii	"frequency\000"
 9243      75656E63 
 9243      7900
 9244              	.LASF29:
 9245 1a20 5F736967 		.ascii	"_sign\000"
 9245      6E00
 9246              	.LASF530:
 9247 1a26 696E5F73 		.ascii	"in_state\000"
 9247      74617465 
 9247      00
 9248              	.LASF34:
 9249 1a2f 5F5F746D 		.ascii	"__tm_min\000"
 9249      5F6D696E 
 9249      00
 9250              	.LASF616:
 9251 1a38 6D61696E 		.ascii	"main\000"
 9251      00
 9252              	.LASF622:
 9253 1a3d 54687265 		.ascii	"Thread1\000"
 9253      61643100 
 9254              	.LASF575:
 9255 1a45 73657275 		.ascii	"serusbcfg1\000"
 9255      73626366 
 9255      673100
 9256              	.LASF188:
 9257 1a50 74696D65 		.ascii	"time_msecs_t\000"
 9257      5F6D7365 
 9257      63735F74 
 9257      00
 9258              	.LASF220:
 9259 1a5d 76657273 		.ascii	"version\000"
 9259      696F6E00 
 9260              	.LASF241:
 9261 1a65 6576656E 		.ascii	"events\000"
ARM GAS  /tmp/cckyrRJs.s 			page 189


 9261      747300
 9262              	.LASF355:
 9263 1a6c 55415254 		.ascii	"UART_READY\000"
 9263      5F524541 
 9263      445900
 9264              	.LASF281:
 9265 1a77 43434D52 		.ascii	"CCMR1\000"
 9265      3100
 9266              	.LASF282:
 9267 1a7d 43434D52 		.ascii	"CCMR2\000"
 9267      3200
 9268              	.LASF286:
 9269 1a83 43434D52 		.ascii	"CCMR3\000"
 9269      3300
 9270              	.LASF13:
 9271 1a89 756E7369 		.ascii	"unsigned int\000"
 9271      676E6564 
 9271      20696E74 
 9271      00
 9272              	.LASF107:
 9273 1a96 5F723438 		.ascii	"_r48\000"
 9273      00
 9274              	.LASF478:
 9275 1a9b 48464952 		.ascii	"HFIR\000"
 9275      00
 9276              	.LASF406:
 9277 1aa0 5553425F 		.ascii	"USB_UNINIT\000"
 9277      554E494E 
 9277      495400
 9278              	.LASF271:
 9279 1aab 73747265 		.ascii	"stream\000"
 9279      616D00
 9280              	.LASF273:
 9281 1ab2 64756D6D 		.ascii	"dummy\000"
 9281      7900
 9282              	.LASF607:
 9283 1ab8 64697361 		.ascii	"disable\000"
 9283      626C6500 
 9284              	.LASF627:
 9285 1ac0 62617564 		.ascii	"baudu\000"
 9285      7500
 9286              	.LASF643:
 9287 1ac6 63684576 		.ascii	"chEvtRegisterMask\000"
 9287      74526567 
 9287      69737465 
 9287      724D6173 
 9287      6B00
 9288              	.LASF600:
 9289 1ad8 636F6D70 		.ascii	"completion_buffer\000"
 9289      6C657469 
 9289      6F6E5F62 
 9289      75666665 
 9289      7200
 9290              	.LASF2:
 9291 1aea 73686F72 		.ascii	"short int\000"
 9291      7420696E 
 9291      7400
ARM GAS  /tmp/cckyrRJs.s 			page 190


 9292              	.LASF432:
 9293 1af4 75736263 		.ascii	"usbcallback_t\000"
 9293      616C6C62 
 9293      61636B5F 
 9293      7400
 9294              	.LASF255:
 9295 1b02 6D656D6F 		.ascii	"memory_pool_t\000"
 9295      72795F70 
 9295      6F6F6C5F 
 9295      7400
 9296              	.LASF58:
 9297 1b10 5F726561 		.ascii	"_read\000"
 9297      6400
 9298              	.LASF642:
 9299 1b16 63684576 		.ascii	"chEvtRegister\000"
 9299      74526567 
 9299      69737465 
 9299      7200
 9300              	.LASF461:
 9301 1b24 47555342 		.ascii	"GUSBCFG\000"
 9301      43464700 
 9302              	.LASF166:
 9303 1b2c 70726576 		.ascii	"prev\000"
 9303      00
 9304              	.LASF367:
 9305 1b31 74787374 		.ascii	"txstate\000"
 9305      61746500 
 9306              	.LASF97:
 9307 1b39 5F72616E 		.ascii	"_rand48\000"
 9307      64343800 
 9308              	.LASF511:
 9309 1b41 73746D33 		.ascii	"stm32_otg_t\000"
 9309      325F6F74 
 9309      675F7400 
 9310              	.LASF429:
 9311 1b4d 75645F73 		.ascii	"ud_size\000"
 9311      697A6500 
 9312              	.LASF158:
 9313 1b55 7265616C 		.ascii	"realprio\000"
 9313      7072696F 
 9313      00
 9314              	.LASF528:
 9315 1b5e 696E5F6D 		.ascii	"in_maxsize\000"
 9315      61787369 
 9315      7A6500
 9316              	.LASF359:
 9317 1b69 55415254 		.ascii	"UART_TX_COMPLETE\000"
 9317      5F54585F 
 9317      434F4D50 
 9317      4C455445 
 9317      00
 9318              	.LASF152:
 9319 1b7a 666C6167 		.ascii	"flags\000"
 9319      7300
 9320              	.LASF162:
 9321 1b80 63685F74 		.ascii	"ch_threads_list\000"
 9321      68726561 
ARM GAS  /tmp/cckyrRJs.s 			page 191


 9321      64735F6C 
 9321      69737400 
 9322              		.text
 9323              		.section	.gnu.lto_.profile.5b3651c1394eefb,"e",%progbits
 9324 0000 789CE360 		.ascii	"x\234\343``\004B \000\000\000]\000\013"
 9324      60044220 
 9324      0000005D 
 9324      000B
 9325              		.text
 9326              		.section	.gnu.lto_.icf.5b3651c1394eefb,"e",%progbits
 9327 0000 789CE360 		.ascii	"x\234\343``dpfd\200\0033\206\035\027W\036\347b\334\373"
 9327      60647066 
 9327      64800333 
 9327      861D1757 
 9327      1EE762DC 
 9328 0015 F05D3B2B 		.ascii	"\360];+\323\331\346e\233\370\231\301l\0260\311\332;"
 9328      D3D9E665 
 9328      9BF899C1 
 9328      6C1630C9 
 9328      DA3B
 9329 0027 67C25A4E 		.ascii	"g\302ZN\266\376\027\363\327q\261w5\0379\311\312\261"
 9329      B6FE17F3 
 9329      D771B177 
 9329      351F39C9 
 9329      CAB1
 9330 0039 B077C62A 		.ascii	"\260w\306*FN0\233k\345\212\355\266\334 \202g\306\353"
 9330      464E309B 
 9330      6BE58AED 
 9330      B6DC2082 
 9330      67C6EB
 9331 004c E3D35979 		.ascii	"\343\323Yy\037t6\367s\361w\365\236\376\316(\000\326"
 9331      1F7436F7 
 9331      73F177F5 
 9331      9EFECE28 
 9331      00D6
 9332 005e 2FF8E9C7 		.ascii	"/\370\351\307\371\353\334BwW<^\302\"\014f\213\200IQ"
 9332      F9EBDC42 
 9332      77573C5E 
 9332      C2220C66 
 9332      8B804951 
 9333 0072 B0AC58FB 		.ascii	"\260\254X\373\2469\267\271\304\347,\370:\217G\342\311"
 9333      A639B7B9 
 9333      C4E72CF8 
 9333      3A8F47E2 
 9333      C9
 9334 0083 85D57718 		.ascii	"\205\325w\030%\301\262R\315\253>?d\221^~\365\347\007"
 9334      25C1B252 
 9334      CDAB3E3F 
 9334      64915E7E 
 9334      F5E707
 9335 0096 6699699B 		.ascii	"f\231i\233w\257\346\222\357}6i!\213\302\251\271\233"
 9335      77AFE692 
 9335      EF7D3669 
 9335      218BC2A9 
 9335      B99B
 9336 00a8 1FF02ADE 		.ascii	"\037\360*\336\376\274\362/\253\322\202\243\323\037\263"
 9336      FEBCF22F 
ARM GAS  /tmp/cckyrRJs.s 			page 192


 9336      ABD282A3 
 9336      D31FB3
 9337 00b7 2B4FBC77 		.ascii	"+O\274wn\036\277\312\206\353?\3463\252\356\271\265\203"
 9337      6E1EBFCA 
 9337      86EB3FE6 
 9337      33AAEEB9 
 9337      B583
 9338 00c9 4B6DC6FA 		.ascii	"Km\306\372\203[\371\325\347\334\234\363\232_c\335\344"
 9338      835BF9D5 
 9338      E7DC9CF3 
 9338      9A5F63DD 
 9338      E4
 9339 00da 97EF3934 		.ascii	"\227\35794\227/Yt\222_\353\332\354\303\335\\:M\215k"
 9339      972F5974 
 9339      925FEBDA 
 9339      ECC3DD5C 
 9339      3A4D8D6B 
 9340 00ee E7B3E875 		.ascii	"\347\263\350u\254\357\237\317l\000&\215\036.\336\377"
 9340      ACEF9FCF 
 9340      6C00268D 
 9340      1E2EDEFF 
 9341 00fe 8BD9E47B 		.ascii	"\213\331\344{\353\231+|\246`\322\374\356\365\213\327"
 9341      EB992B7C 
 9341      A660D2FC 
 9341      EEF58BD7 
 9342 010e F82C8EEE 		.ascii	"\370,\216\356\3357\215\325\362\342\236\253G\371\254"
 9342      DD378DD5 
 9342      F2E29EAB 
 9342      47F9AC
 9343 011d 1EFDEC5A 		.ascii	"\036\375\354Z\303\357\010\326\353\004\366\270\363\263"
 9343      C3EF08D6 
 9343      EB04F6B8 
 9343      F3B3
 9344 012b 5F17D632 		.ascii	"_\027\3262\272\200I\006\000\356\211\245("
 9344      BA804906 
 9344      00EE89A5 
 9344      28
 9345              		.text
 9346              		.section	.gnu.lto_.jmpfuncs.5b3651c1394eefb,"e",%progbits
 9347 0000 789CB558 		.ascii	"x\234\265X[l\024U\030>\377\234\351\356v\273\027\240"
 9347      5B6C1455 
 9347      183EFF9C 
 9347      E9EE76BB 
 9347      17A0
 9348 0012 0A2D4BE2 		.ascii	"\012-K\342\214\332($4\325\030\037|P\3014!11\261\356"
 9348      8CDA2824 
 9348      34D5181F 
 9348      7C50C134 
 9348      213131B1 
 9349 0027 0389F181 		.ascii	"\003\211\361\201P\023\037\252$\002\011\017F\267\325"
 9349      50131FAA 
 9349      2402090F 
 9349      46B7D5
 9350 0036 422D9594 		.ascii	"B-\225\224T\021\251\262hc\265\245\015>\320\032\241\266"
 9350      5411A9B2 
 9350      6863B5A5 
 9350      0D3ED01A 
ARM GAS  /tmp/cckyrRJs.s 			page 193


 9350      A1B6
 9351 0048 155B7A41 		.ascii	"\025[zA\240\326Rk\005\264b\351\005\332\202-RAZ\3773"
 9351      A0D6526B 
 9351      05B462E9 
 9351      05DA822D 
 9351      52415AFF 
 9352 005d E7EC742F 		.ascii	"\347\354t/\235\231\335Z&\231\335\231\363\337\276\377"
 9352      9D99DD5A 
 9352      2699DD99 
 9352      F3DFBEFF 
 9353 006d 72FE39E7 		.ascii	"r\3769\3478\010\220\303\251\204<\017D\273\226\023\000"
 9353      380890C3 
 9353      A9843C0F 
 9353      44BB9613 
 9353      00
 9354 007e 782B4889 		.ascii	"x+H\211$\376m\370@H\220\002\336\222M\372\220\302\271"
 9354      24FE6DF8 
 9354      40489002 
 9354      DE924DFA 
 9354      90C2B9
 9355 0091 D3FDB7EC 		.ascii	"\323\375\267\354{h\220R\010\004\212\0022\034\003\037"
 9355      7B689052 
 9355      08048A02 
 9355      321C031F 
 9356 00a1 816699BF 		.ascii	"\201f\231\277\341?!\364#J\264!\202\367,^^\240(\271\347"
 9356      E13F21F4 
 9356      234AB421 
 9356      82F72C5E 
 9356      5EA028B9 
 9357 00b6 ED898B0E 		.ascii	"\355\211\213\016&\211\0048\016>vK\220\351\323Y\247\031"
 9357      26890438 
 9357      0E3E764B 
 9357      90E9D359 
 9357      A719
 9358 00c8 2BD1AC54 		.ascii	"+\321\254TL\216\326\270\031o\222\260\322\000Q|@u\035"
 9358      4C8ED6B8 
 9358      196F92B0 
 9358      D200517C 
 9358      40751D
 9359 00db C8DF3631 		.ascii	"\310\33761\326\003\034\025\201o\303x\011a\344\317w\177"
 9359      D6031C15 
 9359      816FC378 
 9359      0961E4CF 
 9359      777F
 9360 00ed 765C5367 		.ascii	"v\\Sg\003\011\032\005Y\322\310\350\241\231\356y\224"
 9360      03091A05 
 9360      59D2C8E8 
 9360      A199EE79 
 9360      94
 9361 00fe D5BF3B56 		.ascii	"\325\277;V\225\314\225\0014\011\262\306B\034<Z\222\203"
 9361      95CC9501 
 9361      3409B2C6 
 9361      421C3C5A 
 9361      9283
 9362 0110 568485E0 		.ascii	"V\204\205\340\337X\274\245\005#\347\034\034o\227\027"
 9362      DF58BCA5 
 9362      0523E71C 
ARM GAS  /tmp/cckyrRJs.s 			page 194


 9362      1C6F9717 
 9363 0120 9A85922E 		.ascii	"\232\205\222.o(~\020\035?\223\200If\306\030\0220C\322"
 9363      6F287E10 
 9363      1D3F9380 
 9363      4966C618 
 9363      123043D2 
 9364 0134 D4D33DE8 		.ascii	"\324\323=\350\346H\246(|'\220L\321\020\022)A$\206\306"
 9364      E648A628 
 9364      7C27904C 
 9364      D1101229 
 9364      412486C6 
 9365 0148 E48402ED 		.ascii	"\344\204\002\355\012/<\231\001m\031\350/t1\240vP\340"
 9365      0A2F3C99 
 9365      016D19E8 
 9365      2F7431A0 
 9365      7650E0
 9366 015b 846056F4 		.ascii	"\204`V\364\254\344\357\256\376\324\315\311\024\276\027"
 9366      ACE4EFAE 
 9366      FED4CDC9 
 9366      14BE17
 9367 016a 64EE859B 		.ascii	"d\356\205\233\027\263\335\206\360$#x\254B\333?i(\367"
 9367      17B3DD86 
 9367      F0242378 
 9367      AC42DB3F 
 9367      6928F7
 9368 017d AA100CEC 		.ascii	"\252\020\014\354W\202\324A\240\005T#\366\260\002'\304"
 9368      5782D441 
 9368      A0055423 
 9368      F6B00227 
 9368      C4
 9369 018e 8B6029B3 		.ascii	"\213`)\263\300n\331\312\312\321\276\241q\247\232\304"
 9369      C06ED9CA 
 9369      CAD1BEA1 
 9369      71A79AC4 
 9370 019e AD241368 		.ascii	"\255$\023h5\266b\211\270\341N\341\270W}\216\353r\022"
 9370      35B66289 
 9370      B8E14EE1 
 9370      B8577D8E 
 9370      EB7212
 9371 01b1 38191762 		.ascii	"8\031\027b\2740,\313\021\265\204\341MA\324.9\214\014"
 9371      BC302CCB 
 9371      11B584E1 
 9371      4D41D42E 
 9371      398C0C
 9372 01c4 91656EC7 		.ascii	"\221en\307\360\265E\224\371\012sI}\266\331q\266\265"
 9372      F0B54594 
 9372      F90A7349 
 9372      7DB6D971 
 9372      B6B5
 9373 01d6 47CCB634 		.ascii	"G\314\2664\234#\226>M\334\336iSwp\237\334\004:\342\365"
 9373      9C23963E 
 9373      4DDCDE69 
 9373      5377709F 
 9373      DC043AE2 
 9374 01eb C94BA2DF 		.ascii	"\311K\242\337-m\325\335h=\237\244~ R\356!\320y\027\215"
 9374      2D6DD5DD 
 9374      683D9FA4 
ARM GAS  /tmp/cckyrRJs.s 			page 195


 9374      7E2052EE 
 9374      21D07917 
 9375 0200 954FFE7D 		.ascii	"\225O\376}0Y=2g\354\324\302\215\261\312\240\206\363"
 9375      30593D32 
 9375      67ECD4C2 
 9375      8DB1CAA0 
 9375      86F3
 9376 0212 1AD64437 		.ascii	"\032\326D7\255\302@\361.\017\313\211\027\0027%\370!"
 9376      ADC240F1 
 9376      2E0FCB89 
 9376      17023725 
 9376      F821
 9377 0224 D4B46FF2 		.ascii	"\324\264o\362\274\254\344Sd\311*\321\300,\013\257\376"
 9377      BCACE453 
 9377      64C92AD1 
 9377      C02C0BAF 
 9377      FE
 9378 0235 F4A5BD1E 		.ascii	"\364\245\275\036\265C\370\262\224\300\351\370}\221\302"
 9378      B543F8B2 
 9378      94C0E9F8 
 9378      7D91C2
 9379 0244 072848E1 		.ascii	"\007(H\341\337\206%\330?\316\200\017\207j\313\202M2"
 9379      DF8625D8 
 9379      3FCE800F 
 9379      876ACB82 
 9379      4D32
 9380 0256 1F9A41AE 		.ascii	"\037\232A\256\263\350V\230\334S\232\330\354\211\221"
 9380      B3E85698 
 9380      DC539AD8 
 9380      EC8991
 9381 0265 039AD832 		.ascii	"\003\232\3302hI\205.M\256h\244\364\010\345cE\017\301"
 9381      6849852E 
 9381      4DAE68A4 
 9381      F408E563 
 9381      450FC1
 9382 0278 8F31628C 		.ascii	"\2171b\214\215\015\337\267\320\256\320m\354)\303\264"
 9382      8D0DDFB7 
 9382      D0AED06D 
 9382      EC29C3B4 
 9383 0288 AFA17E46 		.ascii	"\257\241~F\253\376T\310\204\237D\2343y\"\3447I\304l"
 9383      ABFE54C8 
 9383      849F449C 
 9383      337922E4 
 9383      3749C46C 
 9384 029c 5144D855 		.ascii	"QD\330UB\356\027\217\226U\364\325\316\212:Y\355\025"
 9384      42EE178F 
 9384      9655F4D5 
 9384      CE8A3A59 
 9384      ED15
 9385 02ae 78EE21D0 		.ascii	"x\356!\320\023W\344\371\324\324\343|/\306\371\\D\307"
 9385      1357E4F9 
 9385      D4D4E37C 
 9385      2FC6F95C 
 9385      44C7
 9386 02c0 755A19DE 		.ascii	"uZ\031\336[y\273;Y\235\2303\334\033\247a\253Z\266\264"
 9386      5B79BB3B 
 9386      599D9833 
ARM GAS  /tmp/cckyrRJs.s 			page 196


 9386      DC1BA761 
 9386      AB5AB6B4 
 9387 02d4 DC5BD23A 		.ascii	"\334[\322:H\325\"\211[\306E\312\317\011[\246$2\366\232"
 9387      48D52289 
 9387      5BC645CA 
 9387      CF095BA6 
 9387      2432F69A 
 9388 02e8 E10744CC 		.ascii	"\341\007D\314-[\366\373\327\252\013\222\325rI\257\201"
 9388      2D5BF6FB 
 9388      D7AA0B92 
 9388      D57249AF 
 9388      81
 9389 02f9 BEFFD1B3 		.ascii	"\276\377\321\263\203\355\357\324$\251A\241l\005\201"
 9389      83EDEFD4 
 9389      24A941A1 
 9389      6C0581
 9390 0308 5FE2F426 		.ascii	"_\342\364&q\230\375\306\232]V\312\312\316\216\236\364"
 9390      7198FDC6 
 9390      9A5D56CA 
 9390      CACE8E9E 
 9390      F4
 9391 0319 A89592DE 		.ascii	"\250\225\222\336\255~]\234\240G\277?\270\340$\2347\231"
 9391      AD7E5D9C 
 9391      A047BF3F 
 9391      B8E0249C 
 9391      3799
 9392 032b 888905EE 		.ascii	"\210\211\005\356FgY\211[m\026\252\323\010\\X\314\374"
 9392      46675989 
 9392      5B6D16AA 
 9392      D3085C58 
 9392      CCFC
 9393 033d 5E5CACFC 		.ascii	"^\\\254\374\236\035nms\252\255s0\177[\314\374\376~w"
 9393      9E1D6E6D 
 9393      73AAAD73 
 9393      307F5BCC 
 9393      FCFE7E77 
 9394 0351 F29B8123 		.ascii	"\362\233\201#\222\351'`\336\201\207\305\227H\222\242"
 9394      92E92760 
 9394      DE8187C5 
 9394      974892A2 
 9395 0361 17A56435 		.ascii	"\027\245d5\336kP)kh\037_\031n\224\371\362\265\364\014"
 9395      DE6B5029 
 9395      6B681F5F 
 9395      196E94F9 
 9395      F2B5F40C 
 9396 0375 8101C18A 		.ascii	"\201\001\301\212\317\274\343\306\330aB\215%]\247(\027"
 9396      CFBCE3C6 
 9396      D861428D 
 9396      255DA728 
 9396      17
 9397 0386 02F82362 		.ascii	"\002\370#bi\343\212\350\222\351\330%/E/Z\265F\372\336"
 9397      69E38AE8 
 9397      92E9D825 
 9397      2F452F5A 
 9397      B546FADE 
 9398 039a E52F0E39 		.ascii	"\345/\0169\370\367\264})\374)x\332\227jJXx\017t\367"
 9398      F8F7B47D 
ARM GAS  /tmp/cckyrRJs.s 			page 197


 9398      29FC2978 
 9398      DA976A4A 
 9398      58780F74 
 9399 03af 7DE9563B 		.ascii	"}\351V;ExW\022\0304\377l\024\356\252*\360rL\371\000"
 9399      45785712 
 9399      1834FF6C 
 9399      14EEAA2A 
 9399      F0724CF9 
 9400 03c4 9785C27C 		.ascii	"\227\205\302|\216\012\327\3414\322\221\260\\VP\331H"
 9400      8E0AD7E1 
 9400      34D291B0 
 9400      5C5650D9 
 9400      48
 9401 03d5 31EBAC49 		.ascii	"1\353\254If\373\246\326\374\013\003bY\320.\301P\310"
 9401      66FBA6D6 
 9401      FC0B0362 
 9401      59D02EC1 
 9401      50C8
 9402 03e7 0DBE2860 		.ascii	"\015\276(`\014\265\263C\345\002V\000`8\264l\320a\311"
 9402      0CB5B343 
 9402      E5025600 
 9402      6038B46C 
 9402      D061C9
 9403 03fa 46B0E6D9 		.ascii	"F\260\346\331\036046\343\015@\264\365y\254%%`\215}H"
 9403      1E303436 
 9403      E30D40B4 
 9403      F579AC25 
 9403      25608D7D 
 9404 040f EDD6051D 		.ascii	"\355\326\005\035\263t\212\254\007\026\203\206\235w\032"
 9404      B3748AAC 
 9404      07168386 
 9404      9D771A
 9405 041e C596979B 		.ascii	"\305\226\227\233\035\021,\332\033\257I\266\365q\030"
 9405      1D112CDA 
 9405      1BAF49B6 
 9405      F57118
 9406 042d 2A3523CA 		.ascii	"*5#\312fD\244%\0336\"\213\015U\254#\3233U\007\265d\372"
 9406      6644A425 
 9406      1B36228B 
 9406      0D55AC23 
 9406      D3335507 
 9407 0444 A0006054 		.ascii	"\240\000`T\320\0138\203\326~\234&@R\314<p\231\010\272"
 9407      D00B3883 
 9407      D67E9C26 
 9407      4052CC3C 
 9407      709908BA 
 9408 0458 17E80122 		.ascii	"\027\350\001\">T\323\337\351\024\345\347\200+\241\202"
 9408      3E54D3DF 
 9408      E914E5E7 
 9408      802BA182 
 9409 0468 70E82E0D 		.ascii	"p\350.\015|\335\223o\027.\331\341j\310%\273\306`\255"
 9409      7CDD936F 
 9409      172ED9E1 
 9409      6AC825BB 
 9409      C660AD
 9410 047b BF69765F 		.ascii	"\277iv_\223h\037\016\030\023\274B{\26469\272\227\240"
 9410      93681F0E 
ARM GAS  /tmp/cckyrRJs.s 			page 198


 9410      1813BC42 
 9410      7BB43639 
 9410      BA97A0
 9411 048e 6B1EC394 		.ascii	"k\036\303\2243\355\207\377\351\355\020\205\263\377\006"
 9411      33ED87FF 
 9411      E9ED1085 
 9411      B3FF06
 9412 049d 8171A10F 		.ascii	"\201q\241\017\237\271B\323\026]A\275f\365d(\210N\307"
 9412      9FB942D3 
 9412      165D41BD 
 9412      66F56428 
 9412      884EC7
 9413 04b0 77246332 		.ascii	"w$c2w\022<\024I\360H%\2660\365\275\275\017\367\366\023"
 9413      77123C14 
 9413      49F04825 
 9413      B630F5BD 
 9413      BD0FF7F6 
 9414 04c5 117B7BED 		.ascii	"\021{{\3558h\350z\325\264G\034\007\225\262\343\240k"
 9414      3868E87A 
 9414      D5B4471C 
 9414      0795B2E3 
 9414      A06B
 9415 04d7 E669ADBB 		.ascii	"\346i\255\2735\\\231\022:\244\222\340\272\036\217\271"
 9415      355C9912 
 9415      3AA492E0 
 9415      BA1E8FB9 
 9416 04e7 C6A66F6F 		.ascii	"\306\246oo}\370\015\370+\002\021\342\267\320_\\]\273"
 9416      7DF80DF8 
 9416      2B0211E2 
 9416      B7D05F5C 
 9416      5DBB
 9417 04f9 4B3F0403 		.ascii	"K?\004\003\230\324\365\013\227\022Vx\254\370\3527\036"
 9417      98D4F50B 
 9417      97125678 
 9417      ACF8EA37 
 9417      1E
 9418 050a A1B099C0 		.ascii	"\241\260\231\300THa3\231W!^4c3\331\340v\2565\272\224"
 9418      54486133 
 9418      9957215E 
 9418      346333D9 
 9418      E076AE35 
 9419 0520 17FCEB72 		.ascii	"\027\374\353r\374\312\206\354\234l\305\220I\273\334"
 9419      FCCA86EC 
 9419      9C6CC590 
 9419      49BBDC
 9420 052f 4EB27A1E 		.ascii	"N\262z\036\371\3659\331\353\236U\236V\374/\276\272\365"
 9420      F9F539D9 
 9420      EB9E559E 
 9420      56FC2FBE 
 9420      BAF5
 9421 0541 A527948C 		.ascii	"\245'\224\214\254\307s\221s\225\177\313\266My\3123["
 9421      ACC77391 
 9421      73957FCB 
 9421      B64D79CA 
 9421      335B
 9422 0553 B6BFB60D 		.ascii	"\266\277\266\015\007s\225-\257+Y;2\262\036\333\210\304"
 9422      0773952D 
ARM GAS  /tmp/cckyrRJs.s 			page 199


 9422      AF2B593B 
 9422      32B21EDB 
 9422      88C4
 9423 0565 74FF4623 		.ascii	"t\377F#J\216\021\305\265~\323\366\\m\024_\3222\262\036"
 9423      4A8E11C5 
 9423      B57ED3F6 
 9423      5C6D145F 
 9423      D232B21E 
 9424 0579 DDA8F8B9 		.ascii	"\335\250\370\2715%\027\037\004\300X\002\2123<\3132r"
 9424      3525171F 
 9424      04C05802 
 9424      8A333CCB 
 9424      3272
 9425 058b D73E89C2 		.ascii	"\327>\211\302\233\205j\034\242x\3334~\222\036E\365\353"
 9425      9B856A1C 
 9425      A278DB34 
 9425      7E921E45 
 9425      F5EB
 9426 059d 7EC8CA1B 		.ascii	"~\310\312\033\012\376(\012\261o}\345\345\274\274G\310"
 9426      0AFE280A 
 9426      B16F7DE5 
 9426      E5BCBC47 
 9426      C8
 9427 05ae 7F64C4A4 		.ascii	"\177d\304\244\245"
 9427      A5
 9428              		.text
 9429              		.section	.gnu.lto_.inline.5b3651c1394eefb,"e",%progbits
 9430 0000 789C9554 		.ascii	"x\234\225T[k\023A\024>sf\223l\323\\\245\250\324`\242"
 9430      5B6B1341 
 9430      143E7366 
 9430      936CD35C 
 9430      A5A8D460 
 9431 0015 56D02A22 		.ascii	"V\320*\"\010\"\376\210\305\337\2405m\024iQ\213o\262"
 9431      0822FE88 
 9431      C5DFA035 
 9431      6D146951 
 9431      8B6FB2
 9432 0028 694DA916 		.ascii	"iM\251\026\302\202%\255\2404>hA)\025\224\202\255\030"
 9432      C28225AD 
 9432      A0343E68 
 9432      41291594 
 9432      82AD18
 9433 003b F32AF5A1 		.ascii	"\363*\365\241\005Q\304kEP\224\232\366\301'i=3\263\273"
 9433      0551C46B 
 9433      4550949A 
 9433      F6C12769 
 9433      3D33B3BB 
 9434 004f 69924DA9 		.ascii	"i\222M\251\3132s\346\314\234\333\367\235\031\035\030"
 9434      CB3273E6 
 9434      CC9CDBF7 
 9434      9D191D18 
 9435 005f E4FCE07E 		.ascii	"\344\374\340~\333\001\202\246i\0261\315\030\244\030"
 9435      DB0182A6 
 9435      691631CD 
 9435      18A418
 9436 006e 70936921 		.ascii	"p\223i!R\230\374,\200_\010\330\205\200\300\244x\032"
 9436      5298FC2C 
ARM GAS  /tmp/cckyrRJs.s 			page 200


 9436      805F08D8 
 9436      8580C0A4 
 9436      781A
 9437 0080 417365D0 		.ascii	"Ase\320\204\003\2048\255*\334\261/2\255\235\024\026"
 9437      84038438 
 9437      AD2ADCB1 
 9437      2F32AD9D 
 9437      1416
 9438 0092 4F6FCDDE 		.ascii	"Oo\315\336\017mY\323\034\306\036\006(2y\201\265\201"
 9438      0F6D59D3 
 9438      1CC61E06 
 9438      28327981 
 9438      B581
 9439 00a4 E9D3C234 		.ascii	"\351\323\3024pOA\207\216\361\345\241\233\230!\353\024"
 9439      704F4187 
 9439      8EF1E5A1 
 9439      9B9821EB 
 9439      14
 9440 00b5 D97CAE0B 		.ascii	"\331|\256\013K\237/\"\014d\252\2554\260F\005\017\311"
 9440      4B9F2F22 
 9440      0C64AAAD 
 9440      34B04605 
 9440      0FC9
 9441 00c7 3A200491 		.ascii	": \004\221\347\243\357\327\010\012\300\230\007\006\""
 9441      E7A3EFD7 
 9441      080AC098 
 9441      070622
 9442 00d6 A67D340C 		.ascii	"\246}4\014\001\025\215\252\326\231TQ\025\346\325f\251"
 9442      01158DAA 
 9442      D6995451 
 9442      15E6D566 
 9442      A9
 9443 00e7 5B46143A 		.ascii	"[F\024:\026\313\243ST'gz\357\030g\331\221\007w\303y"
 9443      16CBA353 
 9443      5427677A 
 9443      EF1867D9 
 9443      910777C3 
 9444 00fc 3EC103A4 		.ascii	">\301\003\244\231e\273\200\351}\366L\016=I\320\224\010"
 9444      9965BB80 
 9444      E97DF64C 
 9444      0E3D49D0 
 9444      9408
 9445 010e 31484D7E 		.ascii	"1HM~x\270\212i\235\000\260\263\322E@\021NS\361dmDo\213"
 9445      78B88A69 
 9445      9D00B0B3 
 9445      D2454011 
 9445      4E53F164 
 9446 0126 2003BB19 		.ascii	" \003\273\031c1\221\247\364\306\273\274\353\262\014"
 9446      633191A7 
 9446      F4C6BBBC 
 9446      EBB20C
 9447 0135 D8F1BF06 		.ascii	"\330\361\277\006;!i\012\376\004\003\333T'5c\3002,\243"
 9447      3B21690A 
 9447      FE0403DB 
 9447      54273563 
 9447      C0322CA3 
 9448 0149 99EC32DA 		.ascii	"\231\3542\332~4\371n\301,\362\036\037\207\224\300)?"
ARM GAS  /tmp/cckyrRJs.s 			page 201


 9448      7E34F96E 
 9448      C12CF21E 
 9448      1F8794C0 
 9448      293F
 9449 015b F8FBA32E 		.ascii	"\370\373\243.p\242t\330\034\341\003\251>{\246\374|\222"
 9449      70A274D8 
 9449      1CE103A9 
 9449      3E7BA6FC 
 9449      7C92
 9450 016d 281973C0 		.ascii	"(\031s\300\003\247\266\225\325R\021\273u\210\321_~T"
 9450      03A7B695 
 9450      D55211BB 
 9450      7588D15F 
 9450      7E54
 9451 017f FE246489 		.ascii	"\376$d\211Y\002\022\327_\016\314\341\025\312{\367\317"
 9451      590212D7 
 9451      5F0ECCE1 
 9451      15CA7BF7 
 9451      CF
 9452 0190 99955FD8 		.ascii	"\231\225_\330/\222\221,\272\3441\233<\036\"\211\011"
 9452      2F92912C 
 9452      BAE4319B 
 9452      3C1E2289 
 9452      09
 9453 01a1 50B1664E 		.ascii	"P\261fNB(k\243%\333\200{\265\201\203\240V\323\313\252"
 9453      42286BA3 
 9453      25DB807B 
 9453      B58183A0 
 9453      56D3CBAA 
 9454 01b5 F72C2325 		.ascii	"\367,#%\367\251\353\325\375\331\202\213=\020\037X~;"
 9454      F7A9EBD5 
 9454      FDD9828B 
 9454      3D101F58 
 9454      7E3B
 9455 01c7 21114F90 		.ascii	"!\021O\2204\206\031:|m#\342{\341\320\227\357\271\373"
 9455      3486193A 
 9455      7C6D23E2 
 9455      7BE1D097 
 9455      EFB9FB
 9456 01da 78DE768A 		.ascii	"x\336v\212G&\307fKx\216\316\345\252(Ij\230M\001\370"
 9456      4726C766 
 9456      4B788ECE 
 9456      E5AA2849 
 9456      6A984D01 
 9457 01ef A3024EC5 		.ascii	"\243\002N\305\206e\370\243\260a\265\017:g\276\345\307"
 9457      8665F8A3 
 9457      B061B50F 
 9457      3A67BEE5 
 9457      C7
 9458 0200 ABFE0E97 		.ascii	"\253\376\016\227\026F~\360L\203?\347~\324AG\232@L^v"
 9458      16467EF0 
 9458      4C833FE7 
 9458      7ED44147 
 9458      9A404C5E 
 9459 0215 DBA16574 		.ascii	"\333\241et\304\216\217\027^\027\260\227\2528\271\364"
 9459      C48E8F17 
 9459      5E17B097 
ARM GAS  /tmp/cckyrRJs.s 			page 202


 9459      AA38B9F4 
 9460 0225 6AFA0DBF 		.ascii	"j\372\015\277@\373\177\326\326\327\371\031\267\307\224"
 9460      40FB7FD6 
 9460      D6D7F919 
 9460      B7C794
 9461 0234 A983B6B3 		.ascii	"\251\203\266\263\326\302\350:GO\347\373\341\230\231"
 9461      D6C2E83A 
 9461      474FE7FB 
 9461      E19899
 9462 0243 2F7C9510 		.ascii	"/|\225\020\235*Mg\2375B\244\356\207\303B\375|\000B\367"
 9462      9D2A4D67 
 9462      9F3542A4 
 9462      EE87C342 
 9462      FD7C0042 
 9463 0258 E69F3CE5 		.ascii	"\346\237<\345\227\311A\244rcq\210_\254\357\016l\025"
 9463      97C941A4 
 9463      72637188 
 9463      5FACEF0E 
 9463      6C15
 9464 026a 3D012C48 		.ascii	"=\001,H\023\034\204\226\245\371[\217y\272\371+\306\202"
 9464      131C8496 
 9464      A5F95B8F 
 9464      79BAF92B 
 9464      C682
 9465 027c 62EC6CFB 		.ascii	"b\354l\373\013\225\301\312\224\364|\342\366\360\235"
 9465      0B95C1CA 
 9465      94F47CE2 
 9465      F6F09D
 9466 028b 49BCD4C4 		.ascii	"I\274\324\304\263\232DNr\251\307\231\254Q>\2326;\265"
 9466      B39A444E 
 9466      72A9C799 
 9466      AC513E9A 
 9466      363BB5
 9467 029e 62F56153 		.ascii	"b\365aS\261\354\347\255\356\225s;P\035r\324\015\333"
 9467      B1ECE7AD 
 9467      EE95733B 
 9467      501D72D4 
 9467      0DDB
 9468 02b0 AEE05EF5 		.ascii	"\256\340^\365:G\366r\223\327y\023A\005W#\374\003J\335"
 9468      3A47F672 
 9468      93D77913 
 9468      41055723 
 9468      FC034ADD 
 9469 02c4 151E     		.ascii	"\025\036"
 9470              		.text
 9471              		.section	.gnu.lto_.pureconst.5b3651c1394eefb,"e",%progbits
 9472 0000 789C05C1 		.ascii	"x\234\005\301]\012@P\020\200\321\241ot\037\310\033\222"
 9472      5D0A4050 
 9472      1080D1A1 
 9472      6F741FC8 
 9472      1B92
 9473 0012 F25FD886 		.ascii	"\362_\330\206\215Y\306t\327\341\226fu\316\011\222\311"
 9473      8D59C674 
 9473      D7E19666 
 9473      75CE0992 
 9473      C9
 9474 0023 2D228D44 		.ascii	"-\"\215D\362H\341\032\\K\327\312\250]\033\2435:\243"
ARM GAS  /tmp/cckyrRJs.s 			page 203


 9474      F248E11A 
 9474      5C4BD7CA 
 9474      A85D1BA3 
 9474      353AA3
 9475 0036 7F1812A3 		.ascii	"\177\030\022\2431=\314/\213\261\032\333\307\356z$N\343"
 9475      313DCC2F 
 9475      8BB11ADB 
 9475      C7EE7A24 
 9475      4EE3
 9476 0048 4AFA0333 		.ascii	"J\372\0033\216\020\376"
 9476      8E10FE
 9477              		.text
 9478              		.section	.gnu.lto_icuwidthcb1.5b3651c1394eefb,"e",%progbits
 9479 0000 789C9592 		.ascii	"x\234\225\222\317k\023A\024\307\337wg\223\335\3244\025"
 9479      CF6B1341 
 9479      14C7DF77 
 9479      6793DDD4 
 9479      3415
 9480 0012 AF45EC41 		.ascii	"\257E\354A(\271\224\010\342\331\277\300\377!\006\017"
 9480      28B99408 
 9480      E2D9BFC0 
 9480      FF21060F 
 9481 0022 3D285E3C 		.ascii	"=(^<w\362\003S\222R=4V1a\2451h\005k\225\036\214\246"
 9481      77F20353 
 9481      92523D34 
 9481      563161A5 
 9481      3168056B 
 9482 003a 758D5A6D 		.ascii	"u\215Zm\0325\024)\250\020A\244B\205\026o\025\241\355"
 9482      1A351429 
 9482      A81041A4 
 9482      4285166F 
 9482      15A1ED
 9483 004d 9B99C5E4 		.ascii	"\233\231\305\344\352\302\016\363f\346}\276\357\373f"
 9483      EAC20EF3 
 9483      66E67DBE 
 9483      EFFB66
 9484 005c 5C021D13 		.ascii	"\\\002\035\023D'\210\3508\377\020\004KJy\326I\273\026"
 9484      442788E8 
 9484      38FF1004 
 9484      4B4A79D6 
 9484      49BB16
 9485 006f A067D205 		.ascii	"\240g\322\005MX\230\30051+\320\314o\325\255\370=\336"
 9485      4D5898C0 
 9485      35312BD0 
 9485      CC6FD5AD 
 9485      F83DDE
 9486 0082 91FEEC62 		.ascii	"\221\376\354b\254\";RxL\270\305\277\371\360\014q>\330"
 9486      AC223B52 
 9486      784CB8C5 
 9486      BFF9F00C 
 9486      713ED8
 9487 0095 CD54F6A2 		.ascii	"\315T\366\242\323\274\007\330\034\316\264\226\326\006"
 9487      D3BC07D8 
 9487      1CCEB496 
 9487      D606
 9488 00a3 54686184 		.ascii	"Tha\204\303\322\346|5*\006@<\337yR/\017\215\326\244"
 9488      C3D2E67C 
ARM GAS  /tmp/cckyrRJs.s 			page 204


 9488      352A0640 
 9488      3CDF7952 
 9488      2F0F8DD6 
 9489 00b8 CC48FFC7 		.ascii	"\314H\377\307]!OzB`\031\202\221h`\030\3171L\304kC\013"
 9489      5D214F7A 
 9489      42601982 
 9489      91686018 
 9489      CF314CC4 
 9490 00cf E7092B18 		.ascii	"\347\011+\030%\225\364\375\361~i0l\007\272x\2010[!z"
 9490      2595F4FD 
 9490      F17E6930 
 9490      6C07BA78 
 9490      81305B21 
 9491 00e4 B411F2E5 		.ascii	"\264\021\362\345\376A^\372\237jX>\307\002\236\260-\036"
 9491      FE415EFA 
 9491      9F6A583E 
 9491      C7029EB0 
 9491      2D1E
 9492 00f6 42420DB6 		.ascii	"BB\015\266\032Bjp`PEA\312\213\015\351\023M\011\313\004"
 9492      1A426A70 
 9492      60504541 
 9492      CA8B0DE9 
 9492      134D09CB 
 9493 010b 690EB620 		.ascii	"i\016\266 \347~\225\205Fo#\323X\213\253iE\200\325\247"
 9493      E77E9585 
 9493      466F23D3 
 9493      588BAB69 
 9493      4580D5A7 
 9494 011f B3BB5D57 		.ascii	"\263\273]W\271\021\332\201\377e\361s\254\206j\232\223"
 9494      B911DA81 
 9494      FF65F173 
 9494      AC866A9A 
 9494      93
 9495 0130 473CC187 		.ascii	"G<\301\207\034\370\252j\336K{\337\236\206\023\013\322"
 9495      1CF8AA6A 
 9495      DE4B7BDF 
 9495      9E86130B 
 9495      D2
 9496 0141 6CD97889 		.ascii	"l\331x\211\032n\232\242\233H0\271y\243\010C\266\372"
 9496      1A6E9AA2 
 9496      9B4830B9 
 9496      79A30843 
 9496      B6FA
 9497 0153 C9B62677 		.ascii	"\311\266&w'\227ZQE\316\245U\272\303\362x\245\310x\315"
 9497      27975A51 
 9497      45CEA555 
 9497      BAC3F278 
 9497      A5C878CD 
 9498 0167 1CCECE96 		.ascii	"\034\316\316\226\257\006\331\302\000V\246:\353B\001"
 9498      AF06D9C2 
 9498      0056A63A 
 9498      EB4201
 9499 0176 4200DEF0 		.ascii	"B\000\336\360Q\256\275[\370\243}\364\363]\315\257\334"
 9499      51AEBD5B 
 9499      F8A37DF4 
 9499      F35DCDAF 
 9499      DC
ARM GAS  /tmp/cckyrRJs.s 			page 205


 9500 0187 6F1F4472 		.ascii	"o\037Dr\310\244]^\251\252\262xq\363\353j\207\351Ux\""
 9500      C8A45D5E 
 9500      A9AAB278 
 9500      71F3EB6A 
 9500      87E95578 
 9501 019c 82B7C801 		.ascii	"\202\267\310\001\253Z\362\035/\262\216\356\314\356\277"
 9501      AB5AF21D 
 9501      2FB28EEE 
 9501      CCEEBF
 9502 01ab CE341B11 		.ascii	"\3164\033\021S\200\335\2177W\373\363\367\374^\314\204"
 9502      5380DD8F 
 9502      3757FBF3 
 9502      F7FC5ECC 
 9502      84
 9503 01bc F2FAA454 		.ascii	"\362\372\244T'\346\362\333u\253\327\253#h\361\025\257"
 9503      27E6F2DB 
 9503      75ABD7AB 
 9503      2368F115 
 9503      AF
 9504 01cd 05CD6ADF 		.ascii	"\005\315j\337\336(\015r\263\002\267X\327\315R\027\213"
 9504      DE280D72 
 9504      B302B758 
 9504      D7CD5217 
 9504      8B
 9505 01de B66E5676 		.ascii	"\266nVv&\037\330\015\031\301\302\203\207y\307\330\225"
 9505      261FD80D 
 9505      19C1C283 
 9505      8779C7D8 
 9505      95
 9506 01ef 1278AF0D 		.ascii	"\022x\257\0157\273\005\004~\377K\356CO\356#\022\254"
 9506      37BB0504 
 9506      7EFF4BEE 
 9506      434FEE23 
 9506      12AC
 9507 0201 413BC8DC 		.ascii	"A;\310\334\371[\3260\375\270\213\002\275\347B\344\\"
 9507      F95BD630 
 9507      FDB88B02 
 9507      BDE742E4 
 9507      5C
 9508 0212 4C8E5F1A 		.ascii	"L\216_\032K\221=\236\272r\371\250\011\306\222\311\013"
 9508      4B913D9E 
 9508      BA72F9A8 
 9508      09C692C9 
 9508      0B
 9509 0223 6752A74F 		.ascii	"gR\247O\245\350\020\310\275\377E"
 9509      A5E810C8 
 9509      BDFF45
 9510              		.text
 9511              		.section	.gnu.lto_icuperiodcb1.5b3651c1394eefb,"e",%progbits
 9512 0000 789C9553 		.ascii	"x\234\225SMOSA\024\235\363f^\373\240\345cO\014,L\010"
 9512      4D4F5341 
 9512      149DF366 
 9512      5EFBA0E5 
 9512      634F0C2C 
 9513 0016 2E0826C4 		.ascii	".\010&\304\205n\374\005\376\007l\\\260\320\270q\315"
 9513      856EFC05 
 9513      FE076C5C 
ARM GAS  /tmp/cckyrRJs.s 			page 206


 9513      B0D0B871 
 9513      CD
 9514 0027 B4341681 		.ascii	"\2644\026\201\240\013\212\032\2515\324\252\304D\304"
 9514      A00B8A1A 
 9514      A935D4AA 
 9514      C444C4
 9515 0036 60B482F8 		.ascii	"`\264\202\370,\212\026P+*~`jb\"\030b0\306\015q\001\336"
 9515      2C8A1650 
 9515      2B2A7E60 
 9515      6A622218 
 9515      6230C60D 
 9516 004d 9979E511 		.ascii	"\231y\345\021\27206y\267s\347\343\234{\316\235q\030"
 9516      BA303679 
 9516      B773E7E3 
 9516      9C7BCE9D 
 9516      7118
 9517 005f D88860AC 		.ascii	"\330\210`\254\2211v\210>\330\014\226\224\362p0\352X"
 9517      91317688 
 9517      3ED80C96 
 9517      94F27030 
 9517      EA58
 9518 0071 16A75193 		.ascii	"\026\247Q\223\220\325\302\374\2079\204\267&\000=\222"
 9518      90D5C2FC 
 9518      873984B7 
 9518      26003D92 
 9519 0081 0E5897C5 		.ascii	"\016X\227\305\005\272p\226\237\347\310'VrV\313uZ\223"
 9519      05BA7096 
 9519      9FE7C827 
 9519      567256CB 
 9519      755A93
 9520 0094 EEF9626D 		.ascii	"\356\371bmJ\026%Os\306.\322g~x\200\026\332X\212\245"
 9520      4A16254F 
 9520      73C62ED2 
 9520      677E7880 
 9520      16DA588A 
 9521 00a9 36C203B4 		.ascii	"6\302\003\264\006\010J\007\347&\012\325*\265\320Dir"
 9521      06084A07 
 9521      E7260AD5 
 9521      2AB5D044 
 9521      6972
 9522 00bb 693413E6 		.ascii	"i4\023\346\325`4^\277\223\033\256k\316J\031\223\356"
 9522      D560345E 
 9522      BF931BAE 
 9522      6BCE4A19 
 9522      93EE
 9523 00cd 8FAB5CEE 		.ascii	"\217\253\\\356Ms\216\207\340\004\211)4`\022\015\214"
 9523      4D738E87 
 9523      E0048929 
 9523      3460120D 
 9523      8C
 9524 00de D15C5DF2 		.ascii	"\321\\]\362(\3034\232\231:\364u|3Y\023\020\036/\036"
 9524      28C3349A 
 9524      993AF475 
 9524      7C335913 
 9524      101E2F1E 
 9525 00f2 21404219 		.ascii	"!@B\031\033[\264]\271\271\225\220\356\347,~\037\251"
 9525      1B5BB45D 
ARM GAS  /tmp/cckyrRJs.s 			page 207


 9525      B9B99590 
 9525      EEE72C7E 
 9525      1FA9
 9526 0104 071D1416 		.ascii	"\007\035\024\026\005\233\253 T\260U\010\250\020T\301"
 9526      059BAB20 
 9526      54B05508 
 9526      A81054C1 
 9527 0114 51210483 		.ascii	"Q!\004\203\334\307\231\222& ]\306\372\271e\222(%+\220"
 9527      DCC79992 
 9527      26205DC6 
 9527      FAB96592 
 9527      28252B90 
 9528 0128 2337535C 		.ascii	"#7S\\3\255!6U\330\247\2064A\305\014t\377,9J\034\327"
 9528      33AD2136 
 9528      55D8A786 
 9528      3441C50C 
 9528      74FF2C39 
 9529 013f 82DC4FB7 		.ascii	"\202\334O\267?\326f\221\211*W\323\2346\205\340*\021"
 9529      3FD66691 
 9529      892A57D3 
 9529      9C3685E0 
 9529      2A11
 9530 0151 B4164D7F 		.ascii	"\264\026M\177\271\037h\273%\315\222\300cdq\301h\310"
 9530      B91F68BB 
 9530      25CD92C0 
 9530      636471C1 
 9530      68C8
 9531 0163 A38D90F3 		.ascii	"\243\215\220\363C}0\310\326Nd\241\221K=\023sa\205\034"
 9531      437D30C8 
 9531      D64E64A1 
 9531      914B3D13 
 9531      7361851C 
 9532 0177 8FAAE341 		.ascii	"\217\252\343A\242\307\214B\306\023\302\241\323\335\303"
 9532      A2C78C42 
 9532      C613C2A1 
 9532      D3DDC3
 9533 0186 A7BDD3DC 		.ascii	"\247\275\323\334\000L\367\027\347\271\002\260\001<\245"
 9533      004CF717 
 9533      E7B902B0 
 9533      013CA5
 9534 0195 AD547BA9 		.ascii	"\255T{\251\367\214\2556\355\304w4~\352\306\302VU\034"
 9534      F78CAD36 
 9534      EDC47734 
 9534      7EEAC6C2 
 9534      56551C
 9535 01a8 B1A84333 		.ascii	"\261\250C3\031U\026M.-\317\026\011=\2034\257\3023\304"
 9535      1955164D 
 9535      2E2DCF16 
 9535      093D8334 
 9535      AFC233C4 
 9536 01bc 81594DF9 		.ascii	"\201YM\371\234&\211G;3\266\355L~\252\312\024 v\302\233"
 9536      9C268947 
 9536      3B33B6ED 
 9536      4C7EAACA 
 9536      142076C2 
 9537 01d1 4EAFFE1A 		.ascii	"N\257\376\032\335\2505\251<\327#\325\216\221\304Z\316"
 9537      DDA835A9 
ARM GAS  /tmp/cckyrRJs.s 			page 208


 9537      3CD723D5 
 9537      8E91C45A 
 9537      CE
 9538 01e2 F2BD0A61 		.ascii	"\362\275\012a\216:^\360\314Z\270\264\230\254!\263<\265"
 9538      8E3A5EF0 
 9538      CC5AB8B4 
 9538      98AC21B3 
 9538      3CB5
 9539 01f4 98D766A9 		.ascii	"\230\327f\251>cA\233\325=\230\360\344\332\206\360\356"
 9539      3E63419B 
 9539      D53D98F0 
 9539      E4DA86F0 
 9539      EE
 9540 0205 9FEFD742 		.ascii	"\237\357\327BF\256\224\026^h\301\371R/<\275\377E\367"
 9540      46AE9416 
 9540      5E68C1F9 
 9540      522F3CBD 
 9540      FF45F7
 9541 0218 D2A77B85 		.ascii	"\322\247{\2056\342\320R\307\367\224\357\300P\341\240"
 9541      36E2D052 
 9541      C7F794EF 
 9541      C050E1A0 
 9542 0228 210F545A 		.ascii	"!\017TZ\207J\353\212\276u\257\275n].w+\250\033\0260"
 9542      874AEB8A 
 9542      BE75AFBD 
 9542      6E5D2E77 
 9542      2BA81B16 
 9543 023d DDC9F1DD 		.ascii	"\335\311\361\335\335\011Wt'\234\341\326n\212\032\274"
 9543      DD095774 
 9543      279CE1D6 
 9543      6E8A1ABC 
 9544 024d 51148B9A 		.ascii	"Q\024\213\232\342\255\356NP\227|\317\277\267C\205F\303"
 9544      E2ADEE4E 
 9544      50977CCF 
 9544      BFB74385 
 9544      46C3
 9545 025f E85402F2 		.ascii	"\350T\002\362J\300w>\340\222\252\371\033\342\3133\355"
 9545      4AC0773E 
 9545      E092AAF9 
 9545      1BE2CB33 
 9545      ED
 9546 0270 DB353BFA 		.ascii	"\3335;\372\305\367s\256\374\264\266\337\311d\312.\363"
 9546      C5F773AE 
 9546      FCB4B6DF 
 9546      C964CA2E 
 9546      F3
 9547 0281 957A0BE5 		.ascii	"\225z\013\345\273\366o\266\367>\333\007\257|\205.\374"
 9547      BBF66FB6 
 9547      F73EDB07 
 9547      AF7C852E 
 9547      FC
 9548 0292 57B88ED8 		.ascii	"W\270\216\330\225\325\2246MS\367q\370\357\225\261\340"
 9548      95D59436 
 9548      4D53F771 
 9548      F8EF95B1 
 9548      E0
 9549 02a3 F18ECE13 		.ascii	"\361\216\316\023\255\021&:#\247N\326\233\244\265\243"
ARM GAS  /tmp/cckyrRJs.s 			page 209


 9549      AD11263A 
 9549      23A74ED6 
 9549      9BA4B5A3 
 9550 02b3 E3D88148 		.ascii	"\343\330\201H\373\376\010\373\013\033\353\177\313"
 9550      FBFE08FB 
 9550      0B1BEB7F 
 9550      CB
 9551              		.text
 9552              		.section	.gnu.lto_vt_cb.5b3651c1394eefb,"e",%progbits
 9553 0000 789C8D55 		.ascii	"x\234\215U\377O[U\024\277\347\335\327/\224\202\210?"
 9553      FF4F5B55 
 9553      14BFE7DD 
 9553      D72F9482 
 9553      883F
 9554 0012 291A8B93 		.ascii	")\032\213\223\220\231\245\225\204\250\277\030g\210&"
 9554      9099A595 
 9554      84A8BF18 
 9554      678826
 9555 0021 FC4062C6 		.ascii	"\374@b\306\037@Xm\266\006KI\313\226\355\247]:\330 T"
 9555      1F40586D 
 9555      B6064B49 
 9555      CB96EDA7 
 9555      5D3AD820 
 9556 0036 962CD351 		.ascii	"\226,\323Q\014\351\244\253\205\250[\230\214\315\341"
 9556      0CE9A4AB 
 9556      85A85B98 
 9556      8CCDE1
 9557 0045 5805C606 		.ascii	"X\005\306\006\262\211|\235\260\261A\201\271\271\201"
 9557      B2897C9D 
 9557      B0B14181 
 9557      B9B981
 9558 0054 3A0D4465 		.ascii	":\015Dex\356}\2177Z6\263\246M\317=\347|\3169\237s\317"
 9558      78EE7D8F 
 9558      375A36B3 
 9558      A64DCF3D 
 9558      E77CCE39 
 9559 006b 79CF4880 		.ascii	"y\317H\200\230\014\204,\020B\336\307\037\350\011H\214"
 9559      980C842C 
 9559      1042DEC7 
 9559      1FE80948 
 9559      8C
 9560 007c B1AD860A 		.ascii	"\261\255\206\012\243$Q\224,23\311\312\277\231\202N\265"
 9560      A3245194 
 9560      2C3233C9 
 9560      CABF9982 
 9560      4EB5
 9561 008e C99AA403 		.ascii	"\311\232\244\003\020\0223\002\331'QY\007\373\340\020"
 9561      10123302 
 9561      D9275159 
 9561      07FBE010 
 9562 009e 3D4AA1EB 		.ascii	"=J\241\353\340\374\267\322\346\010\032Y\364h\203\276"
 9562      E0FCB7D2 
 9562      E6081A59 
 9562      F46883BE 
 9563 00ae 910D321A 		.ascii	"\221\0152\032\244\204\004\360\247|\340\034lF\307)_\343"
 9563      A48404F0 
 9563      A77CE01C 
ARM GAS  /tmp/cckyrRJs.s 			page 210


 9563      6C46C729 
 9563      5FE3
 9564 00c0 B2B90E6D 		.ascii	"\262\271\016m\0002\036\217\364\267\365\231\370Q\002"
 9564      00321E8F 
 9564      F4B7F599 
 9564      F85102
 9565 00cf 0B1E23B3 		.ascii	"\013\036#\263\363\343\006j\002\202\362\300\347\247\257"
 9565      F3E3066A 
 9565      0282F2C0 
 9565      E7A7AF
 9566 00de D2EC3063 		.ascii	"\322\3540c>\026\235=N\331\253AJ\341<P\014\011\337A\006"
 9566      3E169D3D 
 9566      4ED9AB41 
 9566      4AE13C50 
 9566      0C09DF41 
 9567 00f3 74400621 		.ascii	"t@\006!\250K\275g'\320\011\331\034\022\2559i\242/\013"
 9567      A84BBD67 
 9567      27D009D9 
 9567      1C12AD39 
 9567      69A22F0B 
 9568 0107 F89FD593 		.ascii	"\370\237\325\223\235)*\374\337\260\200\313pa\003\\N"
 9568      9D292AFC 
 9568      DFB080CB 
 9568      7061035C 
 9568      4E
 9569 0118 5D467814 		.ascii	"]Fx\024\262\011\007\315\264>\374$E/\253e\303\367\240"
 9569      B20907CD 
 9569      B43EFC24 
 9569      452FAB65 
 9569      C3F7A0
 9570 012b 97E2B400 		.ascii	"\227\342\264\000]\330\264G\236\225\234\360\261U?\025"
 9570      5DD8B447 
 9570      9E959CF0 
 9570      B1553F15 
 9571 013b BE012A25 		.ascii	"\276\001*%\332n\205\017?\217]\356\346F\272\301\370\273"
 9571      DA6E850F 
 9571      3F8F5DEE 
 9571      E646BAC1 
 9571      F8BB
 9572 014d 3FFD1C42 		.ascii	"?\375\034B{\270U\026\326p\377\320\205dZ\005\202\302"
 9572      7BB85516 
 9572      D670FFD0 
 9572      85645A05 
 9572      82C2
 9573 015f D9E9F903 		.ascii	"\331\351\371\003\311*\205\305\226-+#w\030K\017R\035"
 9573      C92A85C5 
 9573      962D2B23 
 9573      77184B0F 
 9573      521D
 9574 0171 F4721AA0 		.ascii	"\364r\032\240\321\200K\220\215\352\324\317vp\3247cU"
 9574      D1804B90 
 9574      8DEAD4CF 
 9574      7670D437 
 9574      6355
 9575 0183 87685648 		.ascii	"\207hVH\240n\007rO\304\352>f\307|i\032\216\304\3418"
 9575      A06E0772 
 9575      4FC4EA3E 
ARM GAS  /tmp/cckyrRJs.s 			page 211


 9575      66C77C69 
 9575      1A8EC4E1 
 9576 0198 CF043AB1 		.ascii	"\317\004:\261\361\034\270\014Y\004.\362\272 \2561\320"
 9576      F11CB80C 
 9576      59042EF2 
 9576      BA20AE31 
 9576      D0
 9577 01a9 077AA507 		.ascii	"\007z\245\007\320\017\372\004:5\365k}\320m\354\303\251"
 9577      D00FFA04 
 9577      3A35F56B 
 9577      7DD06DEC 
 9577      C3A9
 9578 01bb E7B00F3F 		.ascii	"\347\260\017?p\343\206\006b\037^<\213\320\001n5\220"
 9578      70E38606 
 9578      621F5E3C 
 9578      8BD0016E 
 9578      3590
 9579 01cd 44120B5F 		.ascii	"D\022\013_\322\2166\306j\266>=\2053c9p\225S\270\362"
 9579      D28E36C6 
 9579      6AB63E3D 
 9579      85336339 
 9579      709553B8 
 9580 01e2 180A3F6A 		.ascii	"\030\012?j\024\006QB\360\311!]\224=\\=\210\243\373B"
 9580      14065142 
 9580      F0C9215D 
 9580      943D5C3D 
 9580      88A3FB42 
 9581 01f6 FDC89DE6 		.ascii	"\375\310\235\346MI\200\223\201\016\265\224\360p2\260"
 9581      4D498093 
 9581      810EB594 
 9581      F07032B0 
 9582 0206 28217E2A 		.ascii	"(!~*)\207\375x\230\007\326\324\341\247\234\255\220\317"
 9582      2987FD78 
 9582      9807D6D4 
 9582      E1A79CAD 
 9582      90CF
 9583 0218 9B35715A 		.ascii	"\2335qZ\023c\221\303\303\255\300I\013\303b\033\025\300"
 9583      136391C3 
 9583      C3ADC049 
 9583      0BC3621B 
 9583      15C0
 9584 022a D8037FFD 		.ascii	"\330\003\177\375\3025\312\351*q\256\347\010}hi\264\325"
 9584      C235CAE9 
 9584      2A71AEE7 
 9584      087D6869 
 9584      B4D5
 9585 023c C02B165A 		.ascii	"\300+\026Z\244\300\265>\013\341L\260\376\236\351\211"
 9585      A4C0B53E 
 9585      0BE14CB0 
 9585      FE9EE989 
 9586 024c 2AB1393A 		.ascii	"*\2619:\260\300O\310\235\207Z:\322~\363%\316H`\226:"
 9586      B0C04FC8 
 9586      9D875A3A 
 9586      D27EF325 
 9586      CE486096 
 9587 0261 29E7447E 		.ascii	")\347D~\005\337+\0129 \303\200\330\246\340\251eS\346"
 9587      05DF2B0A 
ARM GAS  /tmp/cckyrRJs.s 			page 212


 9587      3920C380 
 9587      D8A6E0A9 
 9587      6553E6
 9588 0274 2C0459BD 		.ascii	",\004Y\275%\210-F\325\327\261\016f\224q`a\0102E\203"
 9588      25882D46 
 9588      D5D7B10E 
 9588      66947160 
 9588      61083245 
 9589 0289 568EF70E 		.ascii	"V\216\367\016K\250\201a\220E\002\002#bI\233;\273\347"
 9589      4BA88161 
 9589      90450202 
 9589      2362499B 
 9589      3BBBE7
 9590 029c CC99B755 		.ascii	"\314\231\267U\264\221\373\376q\342\324h\262@\217r4\214"
 9590      B491FBFE 
 9590      71E2D468 
 9590      B2408F72 
 9590      348C
 9591 02ae 81CC8BC5 		.ascii	"\201\314\213\305\233l(\021\005\013F3\221\256\341\026"
 9591      9B6C2811 
 9591      050B4633 
 9591      91AEE116 
 9592 02be 49E9D652 		.ascii	"I\351\326R\333\333\212\256\266\301.\032t\027|\237\366"
 9592      DBDB8AAE 
 9592      B6C12E1A 
 9592      74177C9F 
 9592      F6
 9593 02cf 19B8D848 		.ascii	"\031\270\330Hy\215u\373\027\247\214\234_\222\030\376"
 9593      798D75FB 
 9593      17A78C9C 
 9593      5F9218FE 
 9594 02df C6E681D5 		.ascii	"\306\346\201\325\244J\360U\030Q\023\242\312\035\217"
 9594      A44AF055 
 9594      185113A2 
 9594      CA1D8F
 9595 02ee 4DF60E42 		.ascii	"M\366\016B\030B\020\304\207\3045\250\004\030\027u\376"
 9595      184210C4 
 9595      87C435A8 
 9595      04181775 
 9595      FE
 9596 02ff 8C4A3207 		.ascii	"\214J2\007\225\277t\347>& >O`\202\373\021~\213\264\002"
 9596      95BF74E7 
 9596      3E26203E 
 9596      4F6082FB 
 9596      117E8BB4 
 9597 0314 6F51D26E 		.ascii	"oQ\322nq\321\257\023\345\334\203\003\026!$\344N\016"
 9597      71D1AF13 
 9597      E5DC8303 
 9597      162124E4 
 9597      4E0E
 9598 0326 20630293 		.ascii	" c\002\223\230\214\233B\017\356~\225\302\203\232\361"
 9598      988C9B42 
 9598      0FEE7E95 
 9598      C2839AF1 
 9599 0336 49588DD3 		.ascii	"IX\215\323p\0352P}i\361\376\010pu\012\346\272!T\355"
 9599      701D3250 
 9599      7D69F1FE 
ARM GAS  /tmp/cckyrRJs.s 			page 213


 9599      0870750A 
 9599      E6BA2154 
 9600 034b 35F75B92 		.ascii	"5\367[\222\270*\025\000\246 #H\237\021\371\345\370\374"
 9600      B82A1500 
 9600      A6202348 
 9600      9F11F9E5 
 9600      F8FC
 9601 035d 7F999F26 		.ascii	"\177\231\237&\375M\236\236\347R\203\207k\233:R\224\340"
 9601      FD4D9E9E 
 9601      E7528387 
 9601      6B9B3A52 
 9601      94E0
 9602 036f 12DC7A14 		.ascii	"\022\334z\024\\\027?\242\377\250#\372\244\350i\001\232"
 9602      5C173FA2 
 9602      FFA823FA 
 9602      A4E86901 
 9602      9A
 9603 0380 84D1A755 		.ascii	"\204\321\247Ur\243W&\3766(,\024r3\"\231\206\250\306"
 9603      72A35726 
 9603      FE36282C 
 9603      14723322 
 9603      9986A8C6 
 9604 0394 3743903E 		.ascii	"7C\220>\033\300\216\362`\020\3437`\305\344\351\"\333"
 9604      1BC08EF2 
 9604      6010E337 
 9604      60C5E4E9 
 9604      22DB
 9605 03a6 CABAC91F 		.ascii	"\312\272\311\037\032\307\311\357V\347r\365\364;J=\241"
 9605      1AC7C9EF 
 9605      56E772F5 
 9605      F43B4A3D 
 9605      A1
 9606 03b7 F67C4588 		.ascii	"\366|E\210\264k\273\320\311w\241G\365\214\334Pw\341"
 9606      B46BBBD0 
 9606      C977A147 
 9606      F58CDC50 
 9606      77E1
 9607 03c9 CC38EEC2 		.ascii	"\3148\356\302EU\213O\244\265]\270,vA\273Z\035ve6n\027"
 9607      45558B4F 
 9607      A4B55DB8 
 9607      2C7641BB 
 9607      5A1D7665 
 9608 03e0 FAD6ED42 		.ascii	"\372\326\355B\377\332.\364\257\333\205\352\271/&\215"
 9608      FFDA2EF4 
 9608      AFDB85EA 
 9608      B92F268D 
 9609 03f0 6B633E2B 		.ascii	"kc>+\306gN\214y\342L\317k3\375[\211H\214oN<\3266o\022"
 9609      C6674E8C 
 9609      79E24CCF 
 9609      6B33FD5B 
 9609      89488C6F 
 9610 040a 34F9A796 		.ascii	"4\371\247\226\202\322p_\224\037\015\256bg\251\325N\350"
 9610      82D2705F 
 9610      941F0DAE 
 9610      6267A9D5 
 9610      4EE8
 9611 041c EEF2B234 		.ascii	"\356\362\2624E\266\026\027;\336\260\347\346\340K\246"
ARM GAS  /tmp/cckyrRJs.s 			page 214


 9611      45B61617 
 9611      3BDEB0E7 
 9611      E6E04BA6 
 9612 042c EC35ABD5 		.ascii	"\3545\253\325\206_\373N\347v\247\333[T\356\331UZbs{"
 9612      865FFB4E 
 9612      E776A7DB 
 9612      5B54EED9 
 9612      555A6273 
 9613 0441 6D9E729B 		.ascii	"m\236r\233\263\324\376\321\256\017\035h\363\356\365"
 9613      B3D4FED1 
 9613      AE0F1D68 
 9613      F3EEF5
 9614 0450 5A7792B7 		.ascii	"Zw\222\267\236\340jw\273\\\356R[\231\333S\356\265\275"
 9614      9EE06A77 
 9614      BB5CEE52 
 9614      5B99DB53 
 9614      EEB5BD
 9615 0463 BBAD20AF 		.ascii	"\273\255 \257`\017:\331\335\036G\321\3567]\0104l/\366"
 9615      600F3AD9 
 9615      DD1E47D1 
 9615      EE375D08 
 9615      346C2FF6 
 9616 0477 3A3EF038 		.ascii	":>\3608\337\373\377\000\216=\345\034n\313+(\314/\264"
 9616      DFFBFF00 
 9616      8E3DE51C 
 9616      6ECB2B28 
 9616      CC2FB4
 9617 048a E521DE96 		.ascii	"\345!\336\226\277V\202\313\353\364\026\355\260\3331"
 9617      BF5682CB 
 9617      EBF416ED 
 9617      B0DB31
 9618 0499 5A5A41E1 		.ascii	"ZZA\3416\013\217X\346qn\261d\275N$\017\222t\270\334"
 9618      360B8F58 
 9618      E6716EB1 
 9618      64BD4E24 
 9618      0F9274B8 
 9619 04ae 9EBDE43F 		.ascii	"\236\275\344?\264 \253\\"
 9619      B420AB5C 
 9620              		.text
 9621              		.section	.gnu.lto_button_cb.5b3651c1394eefb,"e",%progbits
 9622 0000 789C9D57 		.ascii	"x\234\235W\353OTW\020?s\316\335\027\257\265\330\332"
 9622      EB4F5457 
 9622      103F73CE 
 9622      DD17AFB5 
 9622      D8DA
 9623 0012 2A6DB26A 		.ascii	"*m\262j\251\321(\253\211i\373\245i\033\323\017~0i\352"
 9623      A9D128AB 
 9623      8969FBA5 
 9623      691BD30F 
 9623      7E3069EA 
 9624 0026 1F60704B 		.ascii	"\037`pK\224X\304,h\364\223\327\005\025\005Yi\251\212"
 9624      9458C42C 
 9624      68F493D7 
 9624      05150559 
 9624      69A98A
 9625 0039 95AE8214 		.ascii	"\225\256\202\024\255\255O|\267\210\217\372@D\304\007"
 9625      ADAD4F7C 
ARM GAS  /tmp/cckyrRJs.s 			page 215


 9625      B7888FFA 
 9625      4044C407 
 9626 0049 D6072A08 		.ascii	"\326\007*\010\212(X\353\263\026\350\314\271w\357>QR"
 9626      8A2858EB 
 9626      B316E8CC 
 9626      B977EF3E 
 9626      5152
 9627 005b A278EECC 		.ascii	"\242x\356\314\2319\363\2333\2779\243\225\001K\26436"
 9627      9939F39B 
 9627      33BF39A3 
 9627      95014BB4 
 9627      3336
 9628 006d 0C18F330 		.ascii	"\014\030\3630\306 \206\001WU\3653\313\"+\347\002W\016"
 9628      C6208601 
 9628      5755F533 
 9628      CB222BE7 
 9628      02570E
 9629 0080 458D51B4 		.ascii	"E\215Q\264\177\343\004\230t\235b\254L\334|z\303\272"
 9629      7FE30498 
 9629      749D62AC 
 9629      4CDC7C7A 
 9629      C3BA
 9630 0092 11B8CBB2 		.ascii	"\021\270\313\262\273\271\365=\334e\006\213\256\263p"
 9630      BBB9F53D 
 9630      DC65068B 
 9630      AEB370
 9631 00a1 ABAEB3E9 		.ascii	"\253\256\263\351:+\330t\235\015@\256T+\260\205\\(&\263"
 9631      3A2BD874 
 9631      9D0D40AE 
 9631      542BB085 
 9631      5C2826B3 
 9632 00b5 05650BC1 		.ascii	"\005e\013\301+V\0138\262\264}?\037]\211\033\324\232"
 9632      2B560B38 
 9632      B2B47D3F 
 9632      1F5D891B 
 9632      D49A
 9633 00c7 D53B2DA5 		.ascii	"\325;-\245j\203*|\202\261\022\374\253\375\300\001\030"
 9633      6A832A7C 
 9633      82B112FC 
 9633      ABFDC001 
 9633      18
 9634 00d8 8D1B9B3D 		.ascii	"\215\033\233=\245\317\343\012Q\007\240\340gqm\325\251"
 9634      A5CFE30A 
 9634      5107A0E0 
 9634      67716DD5 
 9634      A9
 9635 00e9 18FAE4E0 		.ascii	"\030\372\344\340\300\317N5\377w\0201\300p]W\234\333"
 9635      C0CF4E35 
 9635      FF771031 
 9635      C0705D57 
 9635      9CDB
 9636 00fb 01A32A54 		.ascii	"\001\243*T\325\243\326\334/\027\352\373>!\000\265\350"
 9636      D5A3D6DC 
 9636      2F17EAFB 
 9636      3E2100B5 
 9636      E8
 9637 010c 127E8324 		.ascii	"\022~\203$8\010I\214\241,a\273\213A5\214bd\324\262\243"
ARM GAS  /tmp/cckyrRJs.s 			page 216


 9637      3808498C 
 9637      A12C61BB 
 9637      8B41358C 
 9637      6264D4B2 
 9638 0121 F7FB78B3 		.ascii	"\367\373x\263\242\237\013\207\300\314C\244\0005`\016"
 9638      A29F0B87 
 9638      C0CC43A4 
 9638      0035600E 
 9639 0131 DA994B11 		.ascii	"\332\231K\021\257\337\345\025ro\211\340\341\272\233"
 9639      AFDFE515 
 9639      726F89E0 
 9639      E1BA9B
 9640 0140 3D3B069B 		.ascii	"=;\006\233\031\034&\245\210Pv\024\274\273\017M\217\220"
 9640      191C26A5 
 9640      88507614 
 9640      BCBB0F4D 
 9640      8F90
 9641 0152 5691DA8A 		.ascii	"V\221\332\212\332\306C\261\"\007$\204}\267\332\227\304"
 9641      DAC643B1 
 9641      22072484 
 9641      7DB7DA97 
 9641      C4
 9642 0163 EA106E6C 		.ascii	"\352\020nl\036\333s\241CU\023}B\201c\004\003\014\030"
 9642      1EDB73A1 
 9642      4355137D 
 9642      42816304 
 9642      030C18
 9643 0176 F0078C42 		.ascii	"\360\007\214Bq\302\0173\310j\327\245\305^\221\\.\255"
 9643      71C20F33 
 9643      C86AD7A5 
 9643      C55E915C 
 9643      2EAD
 9644 0188 9A4A266E 		.ascii	"\232J&ni-\\\241\256\367\0142\354X\210\035\341\014\203"
 9644      692D5CA1 
 9644      AEF70C32 
 9644      EC58881D 
 9644      E10C83
 9645 019b B3F7D204 		.ascii	"\263\367\322\0048\016\311\014\216R\\\020\222\0308\001"
 9645      380EC90C 
 9645      8E525C10 
 9645      92183801 
 9646 01ab 662D0770 		.ascii	"f-\007p\022\314ap\226\365\370\363`\212\314C\321P\314"
 9646      12CC6170 
 9646      96F5F8F3 
 9646      608ACC43 
 9646      D150CC
 9647 01be C3295246 		.ascii	"\303)RF$\020\363\220x\000MkIka\341 \272\266\212\203"
 9647      2410F390 
 9647      78004D6B 
 9647      496B61E1 
 9647      20BAB68A 
 9648 01d3 55AABAEC 		.ascii	"U\252\272\354\263\201Chm\232\000u\004\341t\024\010g"
 9648      B3814368 
 9648      6D9A0075 
 9648      04E17414 
 9648      0867
 9649 01e5 0C08F5B8 		.ascii	"\014\010\365\270B\343m\215\246\032\265\267o)\326^bi"
ARM GAS  /tmp/cckyrRJs.s 			page 217


 9649      42E36D8D 
 9649      A61AB5B7 
 9649      6F29D65E 
 9649      6269
 9650 01f7 7147EFC8 		.ascii	"qG\357\3107\001+\303\304\351\227\240_q\370\313\034O"
 9650      37012BC3 
 9650      C4E997A0 
 9650      5F71F8CB 
 9650      1C4F
 9651 0209 BF18CB17 		.ascii	"\277\030\313\027\214\216P@\255a\254@p\355#\007?\332"
 9651      8C8E5040 
 9651      AD61AC40 
 9651      70ED2307 
 9651      3FDA
 9652 021b 412DEB2C 		.ascii	"A-\353,\024\224\001\271\376+A.\357\201g\325)\013-K\005"
 9652      149401B9 
 9652      FE2B412E 
 9652      EF8167D5 
 9652      290B2D4B 
 9653 0230 601C8539 		.ascii	"`\034\2059\335\315V\252Y\213\274\344\322Mu}\266\\\360"
 9653      DDCD56AA 
 9653      598BBCE4 
 9653      D24D757D 
 9653      B65CF0
 9654 0243 2CB2A2A4 		.ascii	",\262\242\244\\hX.]=\336\000\025P\016>a\205\006\310"
 9654      5C68582E 
 9654      5D3DDE00 
 9654      15500E3E 
 9654      618506C8 
 9655 0257 05384BE5 		.ascii	"\0058K\345\012\347P\310\332 \367\356\321\211Q\034\""
 9655      0AE750C8 
 9655      DA20F7EE 
 9655      D189511C 
 9655      22
 9656 0268 B3A091F6 		.ascii	"\263\240\221\3661\212L,\302\310\270\021\331\263B\223"
 9656      318A4C2C 
 9656      C2C8B811 
 9656      D9B34293 
 9657 0278 3F9C4727 		.ascii	"?\234G'\307\321r@\207\237\017\034~\001\205\272\377\002"
 9657      C7D17240 
 9657      879F0F1C 
 9657      7E0185BA 
 9657      FF02
 9658 028a A1847A2F 		.ascii	"\241\204z/\367\376/\357\027\003\336/\241\020\325{\226"
 9658      F7FE2FEF 
 9658      1703DE2F 
 9658      A110D57B 
 9658      96
 9659 029b 3DD86CD3 		.ascii	"=\330l\323\300\0004\351\207\231B\223\274\315+\002\231"
 9659      C00034E9 
 9659      87994293 
 9659      BCCD2B02 
 9659      99
 9660 02ac 1DA62582 		.ascii	"\035\246%\202G\236\007\221\347]\016\234\367'\245\362"
 9660      479E0791 
 9660      E75D0E9C 
 9660      F727A5F2 
ARM GAS  /tmp/cckyrRJs.s 			page 218


 9661 02bc 1EE4AC5B 		.ascii	"\036\344\254[\002\232\007\201N\344\211\350\266y9D\307"
 9661      029A0781 
 9661      4EE489E8 
 9661      B6793944 
 9661      C7
 9662 02cd 10C5E795 		.ascii	"\020\305\347\225\200\317\253(DG2\310]^\243\022Z\373"
 9662      80CFAB28 
 9662      444732C8 
 9662      5D5EA312 
 9662      5AFB
 9663 02df 8ACEEF00 		.ascii	"\212\316\357\000j\002R\323]%$\216\326\316\2025]\227"
 9663      6A0252D3 
 9663      5D25248E 
 9663      D6CE8235 
 9663      5D97
 9664 02f1 05D15FCA 		.ascii	"\005\321_\312\017^\233 \345\345\317.\356\260\020\371"
 9664      0F5E9B20 
 9664      E5E5CF2E 
 9664      EEB010F9 
 9665 0301 A414D948 		.ascii	"\244\024\331HR\217\203\021)\361\360c\267\256,\226-P"
 9665      528F8311 
 9665      29F1F063 
 9665      B7AE2C96 
 9665      2D50
 9666 0313 01075CC3 		.ascii	"\001\007\\\303s\311Uw\361\236\033\357\0219\265\273\256"
 9666      73C95577 
 9666      F19E1BEF 
 9666      1139B5BB 
 9666      AE
 9667 0324 16444FD6 		.ascii	"\026DO\326\011\236\021\264\300\272`\347(\273e\276\235"
 9667      099E11B4 
 9667      C0BA60E7 
 9667      28BB65BE 
 9667      9D
 9668 0335 CF6386B7 		.ascii	"\317c\206\267\200O]\343\360\011\033a\371\265\365\240"
 9668      804F5DE3 
 9668      F0091B61 
 9668      F9B5F5A0 
 9669 0345 6A55B071 		.ascii	"jU\260q\301u\030.\321\365l<~\236\243\004\232A\221\007"
 9669      C175182E 
 9669      D1F56C3C 
 9669      7E9EA304 
 9669      9A419107 
 9670 0359 30B821BB 		.ascii	"0\270!\273\355\246\352\243mq\303\333t\353\030\332\373"
 9670      EDA6EAA3 
 9670      6D71C3DB 
 9670      74EB18DA 
 9670      FB
 9671 036a 68EBCE8B 		.ascii	"h\353\316\213\261\322\372&Y\303-P(Xd\364\332Y2`\211"
 9671      B1D2FA26 
 9671      59C32D50 
 9671      285864F4 
 9671      DA593260 
 9672 037f A8A5EFF0 		.ascii	"\250\245\357\360\371\315\\\257\303\252O4Y~\267K&\350"
 9672      F9CD5CAF 
 9672      C3AA4F34 
 9672      597EB74B 
ARM GAS  /tmp/cckyrRJs.s 			page 219


 9672      26E8
 9673 0391 3E2C76C8 		.ascii	">,v\310EX\266cK\204\025=\266`zIU\376\367\275_\342\011"
 9673      4558B663 
 9673      4B84153D 
 9673      B6607A49 
 9673      55FEF7BD 
 9674 03a8 761CBE23 		.ascii	"v\034\276#yX\015\255\220\204\342\023\335\017.\000\211"
 9674      79580DAD 
 9674      9084E213 
 9674      DD0F2E00 
 9674      89
 9675 03b9 E311E46D 		.ascii	"\343\021\344mH\362\211\004yL\233]\317\276\307\241\337"
 9675      48F28904 
 9675      794C9B5D 
 9675      CFBEC7A1 
 9675      DF
 9676 03ca 64E5EDF6 		.ascii	"d\345\355\366&\213x\240\265\326\272\015\273\353\205"
 9676      268B78A0 
 9676      B5D6BA0D 
 9676      BBEB85
 9677 03d9 DE5ACF56 		.ascii	"\336Z\317V\217\257m\320Z\253\035\332\250\277\330\002"
 9677      8FAF6DD0 
 9677      5AAB1DDA 
 9677      A8BFD802 
 9678 03e9 FDA59D5A 		.ascii	"\375\245\235Z\253=\341p\032Y\375x\265\253:V\357J\364"
 9678      AB3DE170 
 9678      1A59FD78 
 9678      B5AB3A56 
 9678      EF4AF4
 9679 03fc 4CE95D49 		.ascii	"L\351]I\267b!V\362\001\271#o\314 \250=\202\361\366r"
 9679      B7622156 
 9679      F201B923 
 9679      6FCC20A8 
 9679      3D82F1F6 
 9680 0411 FDCD082A 		.ascii	"\375\315\010*\251A\320A%u\2272\217\232\375\253k\312"
 9680      A941D041 
 9680      25759732 
 9680      8F9AFDAB 
 9680      6BCA
 9681 0423 E4F63C6C 		.ascii	"\344\366<llw\274\322\315=\242\"\341\203NJ\017U@\245"
 9681      6C77BCD2 
 9681      CD3DA222 
 9681      E1834E4A 
 9681      0F5540A5 
 9682 0437 EFF2B743 		.ascii	"\357\362\267C\302\372j\376\013|\363\356P\037\224]\331"
 9682      C2FA6AFE 
 9682      0B7CF3EE 
 9682      501F945D 
 9682      D9
 9683 0448 8611DDD7 		.ascii	"\206\021\335\327J\244\245\302w-1\344i\263\301\203\220"
 9683      4AA4A5C2 
 9683      772D31E4 
 9683      69B3C183 
 9683      90
 9684 0459 A74D917B 		.ascii	"\247M\221{5!t\351l\313_@\313R\021\217\333\236no\310"
 9684      352174E9 
 9684      6CCB5F40 
ARM GAS  /tmp/cckyrRJs.s 			page 220


 9684      CB52118F 
 9684      DB9E6E6F 
 9685 046e 8925546F 		.ascii	"\211%To@\\0\252<\375`\015\234\377f\377\255\335r%^\303"
 9685      405C30AA 
 9685      3CFD600D 
 9685      9CFF66FF 
 9685      ADDD7225 
 9686 0484 97080F09 		.ascii	"\227\010\017\011_\267\254\254\277\210\206T1\225\276"
 9686      5FB7ACAC 
 9686      BF888654 
 9686      3195BE
 9687 0493 6B8D82BC 		.ascii	"k\215\202\274\323\263\336\236\367\304>f\2236\016\254"
 9687      D3B3DE9E 
 9687      F7C43E66 
 9687      93360EAC 
 9688 04a3 FAA0A8AA 		.ascii	"\372\240\250\252\006\237\257\301\254L\350\343\000<\202"
 9688      069FAFC1 
 9688      AC4CE8E3 
 9688      003C82
 9689 04b2 31034AE4 		.ascii	"1\003J\344\337\257K\344c#\221O\002\211\254\366\016\241"
 9689      DFAF4BE4 
 9689      6323914F 
 9689      0289ACF6 
 9689      0EA1
 9690 04c4 12E5E185 		.ascii	"\022\345\341\205r\254R\216\021\203\265\353\216\011\\"
 9690      72AC528E 
 9690      1183B5EB 
 9690      8E095C
 9691 04d3 F7532A92 		.ascii	"\367S*\222\301\0117\"\212\344v\231P7\252\334\260\261"
 9691      C1093722 
 9691      8AE47699 
 9691      5037AADC 
 9691      B0B1
 9692 04e5 85D84828 		.ascii	"\205\330H(\317 \231\340\310\242\255\364\215\323;\034"
 9692      CF2099E0 
 9692      C8A2ADF4 
 9692      8DD33B1C 
 9693 04f5 0D3FB2CF 		.ascii	"\015?\262\317?\255\215\013\244\334($|\240\340\271\321"
 9693      3FAD8D0B 
 9693      A4DC2824 
 9693      7CA0E0B9 
 9693      D1
 9694 0506 E9CD570A 		.ascii	"\351\315W\012Z\212\002\275\370P\205I^\330}\310u\310"
 9694      5A8A02BD 
 9694      F8508549 
 9694      5ED87DC8 
 9694      75C8
 9695 0518 4558AADE 		.ascii	"EX\252\336*\021\261\262\016\340\205\316\255\327'\362"
 9695      2A11B1B2 
 9695      0EE085CE 
 9695      ADD727F2 
 9696 0528 9FFE12E9 		.ascii	"\237\376\022\351\277jxid\362_\334\353\023Cdh\226\340"
 9696      BF6A7869 
 9696      64F25FDC 
 9696      EB134364 
 9696      6896E0
 9697 053b CEAD5151 		.ascii	"\316\255QQ\026\244\014\264\303\2567\200\245Q\033\300"
ARM GAS  /tmp/cckyrRJs.s 			page 221


 9697      16A40CB4 
 9697      C3AE3780 
 9697      A5511BC0 
 9698 054b DB25220E 		.ascii	"\333%\"\016\023\3243\340 {\373\013\322A\001\366\031"
 9698      13D433E0 
 9698      207BFB0B 
 9698      D24101F6 
 9698      19
 9699 055c 01AA3C97 		.ascii	"\001\252<\227\232\341\241\013\215m\361Z\353x,`\021O"
 9699      9AE1A10B 
 9699      8D6DF15A 
 9699      EB782C60 
 9699      114F
 9700 056e 0AABE2F5 		.ascii	"\012\253\342\365?\343\305\275S\202ji\345A+H\301\006"
 9700      3FE3C5BD 
 9700      53826A69 
 9700      E5412B48 
 9700      C106
 9701 0580 3354EBE2 		.ascii	"3T\353\342F\1777:L\360\315\327\227\016\333\220\243\236"
 9701      467F373A 
 9701      4CF0CDD7 
 9701      970EDB90 
 9701      A39E
 9702 0592 549557B5 		.ascii	"T\225W\265\207\034\236\034\011L\211\004\226\313\373"
 9702      871C9E1C 
 9702      094C8904 
 9702      96CBFB
 9703 05a1 2BE36EAD 		.ascii	"+\343n\255\214\027s?\266%\374U\375\340%\366\003<4\250"
 9703      8C17733F 
 9703      B625FC55 
 9703      FDE025F6 
 9703      033C34A8 
 9704 05b5 1F2CE551 		.ascii	"\037,\345Q\373\001\311u\356\347q\203\373\270,\025\221"
 9704      FB01C975 
 9704      EEE77183 
 9704      FBB82C15 
 9704      91
 9705 05c6 647FA993 		.ascii	"d\177\251\223]\211J\366e\334 \373r\036Bvt\027\235\311"
 9705      5D894AF6 
 9705      65DC20FB 
 9705      721E4276 
 9705      74179DC9 
 9706 05da 515290DF 		.ascii	"QR\220\337_\012\374\307C\201\221\203\025<\222\312\003"
 9706      5F0AFCC7 
 9706      43819183 
 9706      153C92CA 
 9706      03
 9707 05eb E199062F 		.ascii	"\341\231\006/\210X\326HbQ6$\261h\021\215X\224P(\344"
 9707      8858D648 
 9707      62513624 
 9707      B168118D 
 9707      58945028 
 9708 0600 516B360A 		.ascii	"Qk6\012.\357kq\2554p\025\361\000\261lQ\210E7\253M\236"
 9708      2EEF6B71 
 9708      AD347015 
 9708      F100B16C 
 9708      51884537 
ARM GAS  /tmp/cckyrRJs.s 			page 222


 9709 0617 0322D6B7 		.ascii	"\003\"\326\267\003\016\362\273\376\202\224\304*6\002"
 9709      030EF2BB 
 9709      FE8294C4 
 9709      2A3602
 9710 0626 FC5E23D6 		.ascii	"\374^#\326JO\307E\253F\254\006;\254\212$\326N\215X\332"
 9710      4A4FC745 
 9710      AB46AC06 
 9710      3BAC8A24 
 9710      D64E8D58 
 9711 063b 7C0CAB43 		.ascii	"|\014\253C\211\365,xp:\327\204\203\323)}\254\351\333"
 9711      89F52C78 
 9711      703AD784 
 9711      83D3297D 
 9711      ACE9DB
 9712 064e FDA93E6D 		.ascii	"\375\251>m\356\231\254-*\367\030\243T5\215R\265\372"
 9712      EE99AC2D 
 9712      2AF718A3 
 9712      54358D52 
 9712      B5FA
 9713 0660 CECAEBFA 		.ascii	"\316\312\353\372(\265\267\011G\251\323\272\024\377W"
 9713      28B5B709 
 9713      47A9D3BA 
 9713      14FF57
 9714 066f E01FA5EA 		.ascii	"\340\037\245\352B\037f\005\373\351\032\036<J\235\011"
 9714      421F6605 
 9714      FBE91A1E 
 9714      3C4A9D09 
 9715 067f 1AA5EAFD 		.ascii	"\032\245\352\375\243T}\320(\225\327\366\323U\253\177"
 9715      A3547DD0 
 9715      2895D7F6 
 9715      D355AB7F 
 9716 068f 4A225B06 		.ascii	"J\"[\006%\\\2112\022\255\345\376\221\350\341,y0c]\370"
 9716      255C8932 
 9716      12ADE5FE 
 9716      91E8E12C 
 9716      7930635D 
 9717 06a4 99DF3B52 		.ascii	"\231\337;R\302\244\237|\001\332uzj\350\323\222\221\232"
 9717      C2A49F7C 
 9717      01DA757A 
 9717      6AE8D392 
 9717      919A
 9718 06b6 3E3BC5C5 		.ascii	">;\305\305D\252{\306 m\235\222\232\232\366\241k\342"
 9718      44AA7BC6 
 9718      206D9D92 
 9718      9A9AF6A1 
 9718      6BE2
 9719 06c8 04171B93 		.ascii	"\004\027\033\223\222\342\304?\256\231\351\323\3233\263"
 9719      92E2C43F 
 9719      AE99E9D3 
 9719      D333B3
 9720 06d7 A665BBE7 		.ascii	"\246e\273\347\316\236\345\314\314r\272\263\235\351\263"
 9720      CE9EE5CC 
 9720      CC72BAB3 
 9720      9DE9B3
 9721 06e6 5DDFCCFD 		.ascii	"]\337\314\375:\015uY\013\262Rf\262\217\373\331\352\312"
 9721      3A0D7559 
 9721      0BB25266 
ARM GAS  /tmp/cckyrRJs.s 			page 223


 9721      B28FFBD9 
 9721      EACA
 9722 06f8 CCC8C89C 		.ascii	"\314\310\310\234\355\234\223\351\316\316r~\376\325\224"
 9722      ED9C93E9 
 9722      CECE727E 
 9722      FED594
 9723 0707 4953E6E3 		.ascii	"IS\346\343&W\246;m\332\274\2172\320\3202=5+\355Kw\372"
 9723      2657A63B 
 9723      6DDABC8F 
 9723      32D0D032 
 9723      3D352BED 
 9724 071e 17AF7690 		.ascii	"\027\257v\2206?\233\314\235\223\246L\235<\3259\011\355"
 9724      363F9BCC 
 9724      9D93A64C 
 9724      9D3CD539 
 9724      09ED
 9725 0730 9D93FD21 		.ascii	"\235\223\375!dd\245gM\233\341r\241\267AS\246~\345 \217"
 9725      6464A567 
 9725      4D9BE172 
 9725      A1B74153 
 9725      A67EE520 
 9726 0745 73DCE963 		.ascii	"s\334\351c\035\311\343\031w#\304\264\214L\367\002&\346"
 9726      1DC9E319 
 9726      7723C4B4 
 9726      8C4CF702 
 9726      26E6
 9727 0757 65CF193D 		.ascii	"e\317\031=\020D\363\262\321\323\177OUa\034"
 9727      1044F3B2 
 9727      D1D37F4F 
 9727      55611C
 9728              		.text
 9729              		.section	.gnu.lto_vt2_cb.5b3651c1394eefb,"e",%progbits
 9730 0000 789C8D55 		.ascii	"x\234\215U\355O\233U\024\277\347\271O_x\015\231\372"
 9730      ED4F9B55 
 9730      14BFE7B9 
 9730      4F5F780D 
 9730      99FA
 9731 0012 C1546311 		.ascii	"\301Tc\021\011nY\250$\213\232\030\343\014\361\003\037"
 9731      096E59A8 
 9731      248B9A18 
 9731      E30CF103 
 9731      1F
 9732 0023 48CCF803 		.ascii	"H\314\370\003\010\253\315\326`)i\331\262}\332\323\002"
 9732      08ABCDD6 
 9732      602969D9 
 9732      B27DDAD3 
 9732      02
 9733 0034 1B0C2866 		.ascii	"\033\014(f\331\004fHy\031+\323\014\002\002{\351d\225"
 9733      D9046648 
 9733      79192BD3 
 9733      0C02027B 
 9733      E96495
 9734 0047 B701C3C1 		.ascii	"\267\001\303\301\012\22496\336\312\313\320\005p\032"
 9734      0A943936 
 9734      DECACBD0 
 9734      05701A
 9735 0056 59340CCF 		.ascii	"Y4\014\317\275O[\240\250Y\323\3469\367\234\373;\317"
ARM GAS  /tmp/cckyrRJs.s 			page 224


 9735      BD4F5BA0 
 9735      A859D3E6 
 9735      39F79CFB 
 9735      3BCF
 9736 0068 F9FDEE39 		.ascii	"\371\375\3569\267j\002\344]\025!+\204\220\217\360\007"
 9736      B76A02E4 
 9736      5D15212B 
 9736      84908FF0 
 9736      07
 9737 0079 0A028224 		.ascii	"\012\002\202$I\007U6\265 \210\177\336_\333'Jjz\266\251"
 9737      49075536 
 9737      B520887F 
 9737      DE5FDB27 
 9737      4A6A7AB6 
 9738 008e FC35F604 		.ascii	"\3745\366\0041\020\023\001\270%\251\201\234\022\250"
 9738      31101301 
 9738      B825A981 
 9738      9C12A8
 9739 009d 08A7A09C 		.ascii	"\010\247\240\234VP\350:\263xC\330\353\302\230\344\251"
 9739      5650E83A 
 9739      B37843D8 
 9739      EBC298E4 
 9739      A9
 9740 00ae 1853564B 		.ascii	"\030SVK#\022uRB\252\360'\177\340&\354\305\215S\366\352"
 9740      23127552 
 9740      42AAF027 
 9740      7FE026EC 
 9740      C58D53F6 
 9741 00c3 E7D10E8C 		.ascii	"\347\321\016\214\001\210\270<?\3306\020\311\226\002"
 9741      0188B83C 
 9741      3FD83610 
 9741      C99602
 9742 00d2 6871E99A 		.ascii	"hq\351\232_\234P\321H h\017\325\266\337\243I\015\222"
 9742      5F9C50D1 
 9742      4820680F 
 9742      D5B6DFA3 
 9742      490D92
 9743 00e5 64973C4F 		.ascii	"d\227<O/Q\351\035'\245\360\003PL\011\267@\003n\320\020"
 9743      2F51E91D 
 9743      27A5F003 
 9743      504C09B7 
 9743      40036ED0 
 9744 00fa 82BED801 		.ascii	"\202\276\330\001=\201NHb\020Oqs$}\213\303\377(\232\354"
 9744      3D814E48 
 9744      62104F71 
 9744      73247D8B 
 9744      C3FF289A 
 9745 010f 8C09C07B 		.ascii	"\214\011\300{.s\270\010\267w\301\305\330q\204{ \211"
 9745      2E73B808 
 9745      B777C1C5 
 9745      D871847B 
 9745      2089
 9746 0121 30D05CCB 		.ascii	"0\320\\\313\213\0131J1P6\374\010Ja\207\027\240\013\224"
 9746      8B0B314A 
 9746      315036FC 
 9746      084A6187 
 9746      17A00B94 
ARM GAS  /tmp/cckyrRJs.s 			page 225


 9747 0135 DB761630 		.ascii	"\333v\0260\3025n\007\345{\253\250\020\036\233i8\367"
 9747      C2356E07 
 9747      E57BABA8 
 9747      101E9B69 
 9747      38F7
 9748 0147 BA924037 		.ascii	"\272\222@7\013\322]\301\337J\367\334Dh\017\213\212<"
 9748      0BD25DC1 
 9748      DF4AF7DC 
 9748      44680F8B 
 9748      8A3C
 9749 0159 DA30E8BD 		.ascii	"\3320\350\275\035E\013\201S\270>\273x:*@a\365\312\376"
 9749      1D450B81 
 9749      53B83EBB 
 9749      783A2A40 
 9749      61F5CAFE 
 9750 016d 8DB16549 		.ascii	"\215\261eI\332\343\244\012\350c4 D\003\356@\022\272"
 9750      DAE3A40A 
 9750      E8633420 
 9750      4403EE40 
 9750      12BA
 9751 017f 63BF39C2 		.ascii	"c\2779\302P\337\373\012\313ib=G-U\035h\362;\312\244"
 9751      50DFFB0A 
 9751      CB69623D 
 9751      472D551D 
 9751      68F23BCA 
 9752 0194 1A7B5C08 		.ascii	"\032{\\\010Gv\340\030\3170:\376\211\024\350\207D\002"
 9752      4776E018 
 9752      CF303AFE 
 9752      8914E887 
 9752      4402
 9753 01a6 BDAC2ED8 		.ascii	"\275\254.\330!\014\014\200R\326\000\006A\031F\247\370"
 9753      210C0C80 
 9753      52D60006 
 9753      411946A7 
 9753      F8
 9754 01b7 6A5007C5 		.ascii	"jP\007\305n\035Z_A\035\356\262\340.\001Q\2077\256#t"
 9754      6E1D5A5F 
 9754      411DEEB2 
 9754      E02E0151 
 9754      8737AE23 
 9755 01cc 88455524 		.ascii	"\210EU$\234\304\312w\324\335&I\305\007_\236\3025_\012"
 9755      9CC4CA77 
 9755      D4DD2649 
 9755      C5075F9E 
 9755      C2355F0A 
 9756 01e0 DC63147E 		.ascii	"\334c\024~\372\027\012\303!\012#h!\270\331\253\360H"
 9756      FA170AC3 
 9756      210A2368 
 9756      21B8D9AB 
 9756      F048
 9757 01f2 2F36CF60 		.ascii	"/6\317`\353\276z\321\267<\234\200\315\355de\226P\302"
 9757      EBBE7AD1 
 9757      B73C9C80 
 9757      CDED6465 
 9757      9650C2
 9758 0205 D2892079 		.ascii	"\322\211 y\010)\245\202\274\310\307\305\"Hu\315e\224"
 9758      0829A582 
ARM GAS  /tmp/cckyrRJs.s 			page 226


 9758      BCC8C7C5 
 9758      224875CD 
 9758      6594
 9759 0217 B1E5764B 		.ascii	"\261\345vKL\310l\017\231~\327\271\321\026`\244y`\265"
 9759      4CC86C0F 
 9759      997ED7B9 
 9759      D11660A4 
 9759      7960B5
 9760 022a 8D72A0FF 		.ascii	"\215r\240\377\367\322\312\225\007\224\321\345~\367\243"
 9760      F7D2CA95 
 9760      0794D1E5 
 9760      7EF7A3
 9761 0239 14EEAF5F 		.ascii	"\024\356\257_\037oQ\261\212\271\027)0\257]K\030\023"
 9761      1F6F51B1 
 9761      8AB91729 
 9761      30AF5D4B 
 9761      1813
 9762 024b ACBF67F6 		.ascii	"\254\277g\366a!\237\034\005h\341>rg\251\326\317wL\277"
 9762      61219F1C 
 9762      0568E13E 
 9762      7267A9D6 
 9762      CF774CBF 
 9763 025f C91871CC 		.ascii	"\311\030q\314z'e\234\310\257`\177[&\007d\024\020[\347"
 9763      7A27659C 
 9763      C8AF607F 
 9763      5B260764 
 9763      14105BE7 
 9764 0273 6C7D1E19 		.ascii	"l}\036\031?\017N\251R\353D\211\321u\325\357\226\324"
 9764      3F0F4EA9 
 9764      52EB4489 
 9764      D175D5EF 
 9764      96D4
 9765 0285 22362C78 		.ascii	"\"6,x!\236\013\264q\251oT@\017\214\202\310_@`\214\017"
 9765      219E0BB4 
 9765      71A96F54 
 9765      400F8C82 
 9765      C85F4060 
 9766 029b 696367F7 		.ascii	"icg\367Bt\374R\000\255f{\2375\265\216Gq\3648C\203\017"
 9766      4274FC52 
 9766      00AD667B 
 9766      9F35B58E 
 9766      4771F438 
 9767 02b2 44562C9E 		.ascii	"DV,\236\344\305l^0g4\347\352\032\275\"\310j\255\267"
 9767      E4C56C5E 
 9767      306734E7 
 9767      EA1ABD22 
 9767      C86AADB7 
 9768 02c6 7D2CFB4A 		.ascii	"},\373J\232\364\\\240_\300\376u\004\263\252)+\321\221"
 9768      9AF45CA0 
 9768      5FC0FE75 
 9768      04B3AA29 
 9768      2BD191
 9769 02d9 BF3AA566 		.ascii	"\277:\245f\364\"x\357W7\016mF\024\200\335\246FO=\225"
 9769      F42278EF 
 9769      57370E6D 
 9769      461480DD 
 9769      A6464F3D 
ARM GAS  /tmp/cckyrRJs.s 			page 227


 9770 02ee 8FD837D9 		.ascii	"\217\3307\3317\002\015P\017N\274#\036@\001\300\004/"
 9770      37020D50 
 9770      0F4EBC23 
 9770      1E4001C0 
 9770      042F
 9771 0300 F3677492 		.ascii	"\363gt\222e\310\327n\245\273Um\257Q&\324J\374\323\250"
 9771      65C8D76E 
 9771      A5BB556D 
 9771      AF5126D4 
 9771      4AFCD3A8 
 9772 0314 263B2F23 		.ascii	"&;/#\334P9}\326\253\250\200\0136\354\230\232\332X\026"
 9772      DC50397D 
 9772      D6ABA880 
 9772      0B36EC98 
 9772      9ADA5816 
 9773 0328 27F01012 		.ascii	"'\360\020\022\330c\022*X\216\212\361b9\205\3153\247"
 9773      D863122A 
 9773      588E8AF1 
 9773      623985CD 
 9773      33A7
 9774 033a C124BB72 		.ascii	"\301$\273r\234\356\375\312\035\303jV\002\273'&\213|"
 9774      9CEEFDCA 
 9774      1DC36A56 
 9774      02BB2726 
 9774      8B7C
 9775 034c 33518194 		.ascii	"3Q\201\224(\024\201\307\254C\037\3119\2470'a]D\275k"
 9775      281481C7 
 9775      AC431FC9 
 9775      39A73027 
 9775      615D44BD 
 9776 0361 7F3502EF 		.ascii	"\1775\002\357\242'`\343%\363=L\244\277\313\024\\\233"
 9776      A22760E3 
 9776      25F33D4C 
 9776      A4BFCB14 
 9776      5C9B
 9777 0373 A750C803 		.ascii	"\247P\310\003\341JDU\241\374\004\246\221:\331\336\022"
 9777      E14A4455 
 9777      A1FC04A6 
 9777      913AD9DE 
 9777      12
 9778 0384 91D81233 		.ascii	"\221\330\0223\240A\227\255\344\333\332\030\331Ea\026"
 9778      A04197AD 
 9778      E4DBDA18 
 9778      D9456116 
 9779 0394 344E1ACD 		.ascii	"4N\032\3153o\310]\311\012\020\267\332\370\011^4\234"
 9779      336FC85D 
 9779      C90A10B7 
 9779      DAF8095E 
 9779      349C
 9780 03a6 34EF3807 		.ascii	"4\3578\007\015\036\314\263~\0153_\352\034\346\266\316"
 9780      0D1ECCB3 
 9780      7E0D335F 
 9780      EA1CE6B6 
 9780      CE
 9781 03b7 C18FCEED 		.ascii	"\301\217\316\355G\211\0279\314\313\235Z\347v\320\255"
 9781      47891739 
 9781      CCCB9D5A 
ARM GAS  /tmp/cckyrRJs.s 			page 228


 9781      E776D0AD 
 9782 03c7 B9F04EE0 		.ascii	"\271\360N\340\\t\007\272v\263\375\023\271E\352;\322"
 9782      5C7407BA 
 9782      76B3FD13 
 9782      B945EA3B 
 9782      D2
 9783 03d8 64C3D511 		.ascii	"d\303\325\021\232\224N6)=\201\235\256\307\201I\2716"
 9783      9A944E36 
 9783      293D819D 
 9783      AEC78149 
 9783      B936
 9784 03ea 8193D21B 		.ascii	"\201\223\322\033\360\342}\025\234\224~>)\241\367+\360"
 9784      F0E27D15 
 9784      9C947E3E 
 9784      29A1F72B 
 9784      F0
 9785 03fb FD0B3B26 		.ascii	"\375\013;&e`\333\244\014\006'ep\333\244\024-\\\236T"
 9785      6560DBA4 
 9785      0C062765 
 9785      70DBA414 
 9785      2D5C9E54 
 9786 040f 07876081 		.ascii	"\007\207`\201\263Z\344C\020\336\361K\241\216_\313\346"
 9786      B35AE443 
 9786      10DEF14B 
 9786      A18E5FCB 
 9786      E6
 9787 0420 2FC63F53 		.ascii	"/\306?S\\\226\014'\004\204f\327\007\310R\333=l\2512"
 9787      5C960C27 
 9787      048466D7 
 9787      07C852DB 
 9787      3D6CA932 
 9788 0434 65197392 		.ascii	"e\031s\222\365\204\036\317\313\215\223\355\344\254,"
 9788      F5841ECF 
 9788      CB8D93ED 
 9788      E4AC2C
 9789 0443 C3FBFA03 		.ascii	"\303\373\372\003)\370\027\224\273/9Y\207_\375Q\343a"
 9789      29F81794 
 9789      BB2F3959 
 9789      875FFD51 
 9789      E361
 9790 0455 A3D99A99 		.ascii	"\243\331\232\231g9\226\223\2553[u\226<\2351G\377\345"
 9790      67399693 
 9790      AD335B75 
 9790      963C9D31 
 9790      47FFE5
 9791 0468 B12F0C18 		.ascii	"\261/\014\030\263\236\264&\037%\037\376\307V\275\331"
 9791      B39EB426 
 9791      1F251FFE 
 9791      C756BDD9 
 9792 0478 6432E7E8 		.ascii	"d2\347\350r\315\226<\253\356\323C\351\251\351'p\223"
 9792      72CD963C 
 9792      ABEED343 
 9792      E9A9E927 
 9792      7093
 9793 048a DE6C3164 		.ascii	"\336l1d\036\377\300\204@\325\341,\253\341s\213\361\263"
 9793      1EFFC084 
 9793      40D5E12C 
ARM GAS  /tmp/cckyrRJs.s 			page 229


 9793      ABE1738B 
 9793      F1B3
 9794 049c FF4F6038 		.ascii	"\377O`8\221\307\340\272\324\364\214\264\014]*\342ui"
 9794      91C7E0BA 
 9794      D4F48CB4 
 9794      0C5D2AE2 
 9794      7569
 9795 04ae C1124C56 		.ascii	"\301\022LV\2435\363\210^\217\331\342\3223\016iY\306"
 9795      A335F388 
 9795      5E8FD9E2 
 9795      D2330E69 
 9795      59C6
 9796 04c0 5C8B71BF 		.ascii	"\\\213q\2776\361=\"X\220\244\301d\266\234$\377\000\255"
 9796      36F13D22 
 9796      5890A4C1 
 9796      64B69C24 
 9796      FF00AD
 9797 04d3 47B283   		.ascii	"G\262\203"
 9798              		.text
 9799              		.section	.gnu.lto_safe_print.part.0.5b3651c1394eefb,"e",%progbits
 9800 0000 789C5D50 		.ascii	"x\234]P\317KTQ\024>\337=\357\371\236b\324\246\020\206"
 9800      CF4B5451 
 9800      143EDF3D 
 9800      EFF99E62 
 9800      D4A61086 
 9801 0014 60246218 		.ascii	"`$b\030\002I\214\326\375)\015\017\027-\354_\3608\232"
 9801      02498CD6 
 9801      FD290D0F 
 9801      172DEC5F 
 9801      F0389A
 9802 0027 2328BA31 		.ascii	"#(\2721\306\210\341\2122\330b \3226\376H_f\332B$BZ\024"
 9802      C688E18A 
 9802      32D86220 
 9802      D236FE48 
 9802      5F66DA42 
 9803 003f B8507011 		.ascii	"\270Pp\021Q\373H\355\334{3h.\334\367>\316\371\276\357"
 9803      51FB48ED 
 9803      DC7B3368 
 9803      2EDCF73E 
 9803      CEF9BEEF 
 9804 0053 7CE7A604 		.ascii	"|\347\246\004\0320DE\"\352\327\213\230\020\211\310\203"
 9804      1A304445 
 9804      22EAD78B 
 9804      981089C8 
 9804      83
 9805 0064 04114C00 		.ascii	"\004\021L\000\006\354\301H\312\200G\222\202\206#\303"
 9805      06ECC148 
 9805      CA804792 
 9805      828623C3 
 9806 0074 18C60CD7 		.ascii	"\030\306\014\327\031\333\265\323US^\322\236\344\365"
 9806      19DBB5D3 
 9806      55535ED2 
 9806      9EE4F5
 9807 0083 D91BE3F2 		.ascii	"\331\033\343\362\244\3072\3213\275\341\264q$7\177\011"
 9807      A4C732D1 
 9807      33BDE1B4 
 9807      7124377F 
ARM GAS  /tmp/cckyrRJs.s 			page 230


 9807      09
 9808 0094 7033D750 		.ascii	"p3\327Pv\277u\224\225w\260\324\234\355\342.8\315\341"
 9808      76BF7594 
 9808      9577B0D4 
 9808      9CEDE22E 
 9808      38CDE1
 9809 00a7 F2C9415C 		.ascii	"\362\311A\\j\212T%\337\037e\351\266\232`\003\254\306"
 9809      6A8A5425 
 9809      DF1F65E9 
 9809      B69A6003 
 9809      ACC6
 9810 00b9 1828E06E 		.ascii	"\030(\340n\201\360\006%-v\357=l\347\347\350\371\307"
 9810      81F00625 
 9810      2D76EF3D 
 9810      6CE7E7E8 
 9810      F9C7
 9811 00cb C6FF6C9D 		.ascii	"\306\377l\235\265\211\222Ou\374\352\374\351\225\216"
 9811      B589924F 
 9811      75FCEAFC 
 9811      E9958E
 9812 00da C845C516 		.ascii	"\310E\305\026:\332j\0105\344\372uI_~\212E\316/j\"\277"
 9812      3ADA6A08 
 9812      35E4FA75 
 9812      495F7E8A 
 9812      45CE2F6A 
 9813 00f0 6E5D8F01 		.ascii	"n]\217\001gc\310\262>\340$\223[-\202\203Q\200LSl.\341"
 9813      6763C8B2 
 9813      3EE02493 
 9813      5B2D8283 
 9813      51804C53 
 9814 0107 296461A5 		.ascii	")da\245\025{\257o\250\376\256\301\301\006\233\206\006"
 9814      157BAF6F 
 9814      A8FEAEC1 
 9814      C1069B86 
 9814      06
 9815 0118 FA8EF1A2 		.ascii	"\372\216\361\242\357\350\370\306\213\375\213\3161TG"
 9815      EFE8F8C6 
 9815      8BFD8BCE 
 9815      315447
 9816 0127 52CB9A5D 		.ascii	"R\313\232]\275\361\026c\376=\246G\177\036\245\323l9"
 9816      BDF11663 
 9816      FE3DA647 
 9816      7F1EA5D3 
 9816      6C39
 9817 0139 423B335A 		.ascii	"B;3Z\344\360\316\237\277\356~D\023\213\260\034\343\235"
 9817      E4F0CE9F 
 9817      BFEE7E44 
 9817      138BB01C 
 9817      E39D
 9818 014b 0AB18D82 		.ascii	"\012\261\215\202\357\254\326\363\005O\237\020\231_\377"
 9818      EFACD6F3 
 9818      054F9F10 
 9818      995FFF
 9819 015a 92389B1D 		.ascii	"\2228\233\035\245\206\365\336+UI\037\032\033\317\257"
 9819      A586F5DE 
 9819      2B55491F 
 9819      1A1BCFAF 
ARM GAS  /tmp/cckyrRJs.s 			page 231


 9820 016a F6DEB432 		.ascii	"\366\336\2642W\264\354\363\234\035\276^N\234lNe+\255"
 9820      57B4ECF3 
 9820      9C1DBE5E 
 9820      4E9C6C4E 
 9820      652BAD
 9821 017d 3B9613EC 		.ascii	";\226\023\354\2427\250\366T\245;XNu\372\024\363\345"
 9821      A237A8F6 
 9821      54A53B58 
 9821      4E75FA14 
 9821      F3E5
 9822 018f B63F509D 		.ascii	"\266?P\235\337j\005kw&\031\241\245\353P2Ty\364\270/"
 9822      DF6A056B 
 9822      772619A1 
 9822      A5EB5032 
 9822      5479F4B8 
 9823 01a4 2364D702 		.ascii	"#d\327\002\352\253T\006\357g\367\3723\342\333\031\375"
 9823      EAAB5406 
 9823      EF67F7FA 
 9823      33E2DB19 
 9823      FD
 9824 01b5 010685B5 		.ascii	"\001\006\205\265\203"
 9824      83
 9825              		.text
 9826              		.section	.gnu.lto_got_char.5b3651c1394eefb,"e",%progbits
 9827 0000 789C9557 		.ascii	"x\234\225W}PU\327\021?{\317}\237<\024#\325\014\264\343"
 9827      7D5055D7 
 9827      113F7BCF 
 9827      7D9F3C14 
 9827      23D50CB4 
 9828 0015 231DC6D2 		.ascii	"#\035\306\322\032\0365Nj2\323\216\326q&\266\343L\007"
 9828      1A1E354E 
 9828      6A32D38E 
 9828      D67126B6 
 9828      E34C07
 9829 0028 FCAFD3B1 		.ascii	"\374\257\323\261\346\205$4\0052@2\311_\271<\276\004"
 9829      E6852434 
 9829      05324032 
 9829      C95FB93C 
 9829      BE04
 9830 003a 03A8E5BB 		.ascii	"\003\250\345\273\322\247\020\024#\212E'\0321@\2021\301"
 9830      D2A71014 
 9830      238A4527 
 9830      1A314082 
 9830      31C1
 9831 004c 18A2881F 		.ascii	"\030\242\210\037E\345C\004\004\024ML\023$\012\335=\347"
 9831      45E54304 
 9831      04144D4C 
 9831      13240ADD 
 9831      3DE7
 9832 005e BE0F7804 		.ascii	"\276\017x\004\351\033=\234\273gw\317ow\177{\356\271"
 9832      E91B3D9C 
 9832      BB6777CF 
 9832      6F777F7B 
 9832      EEB9
 9833 0070 66062C6D 		.ascii	"f\006,m!c\035\300\230\2131\006V\006\212\246ikL\351f"
 9833      21631DC0 
 9833      988B3106 
ARM GAS  /tmp/cckyrRJs.s 			page 232


 9833      56068AA6 
 9833      696B4CE9 
 9834 0085 45E13773 		.ascii	"E\3417s&l\252fUw\215g=\243j6\016\026}MU\014_O\324\206"
 9834      266CAA66 
 9834      55778D67 
 9834      3DA36A36 
 9834      0E167D4D 
 9835 009f E09AB130 		.ascii	"\340\232\2610\353\262\003\327\014`\324\327\214\212\011"
 9835      EBB203D7 
 9835      0C60D4D7 
 9835      8C8A09
 9836 00ae 67765C33 		.ascii	"gv\\3\313\2776\023\230\3655\263\327\203\005@\31443\260"
 9836      CBBF3613 
 9836      98F535B3 
 9836      D7830540 
 9836      CC3433B0 
 9837 00c2 7714AE1A 		.ascii	"w\024\256\032\214&\224\275\003\205\274\224\303'9\203"
 9837      8C2694BD 
 9837      0385BC94 
 9837      C3273983 
 9838 00d2 1F2A51FB 		.ascii	"\037*Q\373PAk)-\263fkYO\2729c\345\370_\376\340\004D"
 9838      50416B29 
 9838      2DB3666B 
 9838      594FBA39 
 9838      63E5F85F 
 9839 00ea A15EFBBE 		.ascii	"\241^\373\276\232\"+\267\002\303ygC\177\273ay\215\246"
 9839      9A222BB7 
 9839      02C37967 
 9839      437FBB61 
 9839      798DA6
 9840 00fd B9B49687 		.ascii	"\271\264\226\207.\256\331\334\034\240\0218\032\3013"
 9840      2EAED9DC 
 9840      1CA01138 
 9840      1AC133
 9841 010c E11013CE 		.ascii	"\341\020\023\316\030Jl\371N\006'a9\032\234\252\333\223"
 9841      184A6CF9 
 9841      4E062761 
 9841      391A9CAA 
 9841      DB93
 9842 011e 6BE53F13 		.ascii	"k\345?\023\306\335\357_\274j\324\215;3u\343\217\002"
 9842      C6DDEF5F 
 9842      BC6AD48D 
 9842      3B3375E3 
 9842      8F02
 9843 0130 8C4BD1B8 		.ascii	"\214K\321\270\011\22632\271\361\357\311\342`\243\252"
 9843      09963332 
 9843      B9F1EFC9 
 9843      E260A3AA 
 9844 0140 83826630 		.ascii	"\203\202f0\3024)@\013\030\205f\267\253r\334V\300\335"
 9844      C2342940 
 9844      0B188566 
 9844      B7AB72DC 
 9844      56C0DD
 9845 0153 5C01151F 		.ascii	"\\\001\025\037\213\316\034m\263\322#\007;>\326\364\214"
 9845      8BCE1C6D 
 9845      B3D22307 
 9845      3B3ED6F4 
ARM GAS  /tmp/cckyrRJs.s 			page 233


 9845      8C
 9846 0164 F705F108 		.ascii	"\367\005\361\010\001\243ij\252\334\026Y-`|5\360\363"
 9846      01A3696A 
 9846      AADC1659 
 9846      2D607C35 
 9846      F0F3
 9847 0176 8ED66C6D 		.ascii	"\216\326lm{\272\331\315Uh%,\012|\002\341\3601\20438"
 9847      7BBAD9CD 
 9847      5568252C 
 9847      0A7C02E1 
 9847      F0318433 
 9848 018b 05918CD9 		.ascii	"\005\221\214\331\\/\373!\0212R\372T\337W\3123)\213\275"
 9848      5C2FFB21 
 9848      113252FA 
 9848      54DF57CA 
 9848      33298BBD 
 9849 019f 79AB0544 		.ascii	"y\253\005D\\f37\372\262\306T\241\265d\332\275\333\260"
 9849      5C663337 
 9849      FAB2C654 
 9849      A1B564DA 
 9849      BDDBB0
 9850 01b2 19DBF887 		.ascii	"\031\333\370\207\013\237\241\004Nc\260\263\354\262{"
 9850      0B9FA104 
 9850      4E63B0B3 
 9850      ECB27B
 9851 01c1 3894C1E7 		.ascii	"8\224\301\347\264\013\017X\352/\014c\320Fk0-}p\006}"
 9851      B40B0F58 
 9851      EA2F0C63 
 9851      D0466B30 
 9851      2D7D7006 
 9852 01d6 894CC117 		.ascii	"\211L\301\0278\303?\270x\254b\262E\345q\"'w\322w\014"
 9852      38C33FB8 
 9852      78AC62B2 
 9852      45E57122 
 9852      2777D277 
 9853 01eb 2ED44B53 		.ascii	".\324KS\332\260\344\314QM\263\270\271\001\316\022T\325"
 9853      DAB0E4CC 
 9853      514DB3B8 
 9853      B901CE12 
 9853      54D5
 9854 01fd 07F54B58 		.ascii	"\007\365KX\216b[\335_\311\350`\311\376\275Az|\203\265"
 9854      8E625BDD 
 9854      5FC9E860 
 9854      C9FEBD41 
 9854      7A7C83B5 
 9855 0211 363D3EDD 		.ascii	"6=>\335\210M3\022\325k\207\310\372\016C\21369\225\243"
 9855      884D3312 
 9855      D56B87C8 
 9855      FA0E438B 
 9855      363995A3 
 9856 0225 B57CFB1E 		.ascii	"\265|\373\036\\\377\3032\300\212\033\025\0328\015*\015"
 9856      5CFFC332 
 9856      C08A1B15 
 9856      1A380D2A 
 9856      0D
 9857 0236 061C4C46 		.ascii	"\006\034LF\032L4\230i\260\320`\245!\210\206\020 \206"
 9857      1A4C3498 
ARM GAS  /tmp/cckyrRJs.s 			page 234


 9857      69B0D060 
 9857      A5218886 
 9857      102086
 9858 0249 2C0222D9 		.ascii	",\002\"\331R\022\204\011\357\341bdl\033g\224\016\025"
 9858      52128409 
 9858      EFE16264 
 9858      6C1B6794 
 9858      0E15
 9859 025b B416C6DE 		.ascii	"\264\026\306\336\345\212|\310\300\207A\320\252\232\213"
 9859      E58A7CC8 
 9859      C08741D0 
 9859      AA9A8B
 9860 026a 385589E6 		.ascii	"8U\211\346\375C7\316\337\004\312\264w\345s}>\020\352"
 9860      FD4337CE 
 9860      DF04CAB4 
 9860      77E5737D 
 9860      3E10EA
 9861 027d 99F637E7 		.ascii	"\231\3667\347\357,]2\243\324C;\027\257\324\313`\300"
 9861      EF2C5D32 
 9861      A3D4433B 
 9861      17AFD4CB 
 9861      60C0
 9862 028f D0BE92AA 		.ascii	"\320\276\222\2527>\312/Y*v\351?P41r\205\317\260j\316"
 9862      373ECA2F 
 9862      592A76E9 
 9862      3F503431 
 9862      7285CFB0 
 9863 02a5 5F72CD28 		.ascii	"_r\315(\264\3139\025\343\234n\266\277\250\34252s\331"
 9863      B4CB3915 
 9863      E39C6EB6 
 9863      BFA8E235 
 9863      3273D9
 9864 02b8 29AF3567 		.ascii	")\2575g:\232\203x#\210\312\034\357\033\314\016\322+"
 9864      3A9A8378 
 9864      2388CA1C 
 9864      EF1BCC0E 
 9864      D22B
 9865 02ca D3737CC5 		.ascii	"\323s|\305\243\316aM{\202\262|\236\262l\362e\271C\226"
 9865      A3CE614D 
 9865      7B82B27C 
 9865      9EB26CF2 
 9865      65B94396 
 9866 02de E69FAF90 		.ascii	"\346\237\257\220\325\221KY\205\\/\315\345\332U\007\372"
 9866      D5914B59 
 9866      855C2FCD 
 9866      E5DA5507 
 9866      FA
 9867 02ef 0BF2B5DD 		.ascii	"\013\362\265\335\256\020\257\035\233f'\252s\001\"\251"
 9867      AE10AF1D 
 9867      9B6627AA 
 9867      730122A9 
 9868 02ff 5FFBBAB2 		.ascii	"_\373\272\262D\033\031\300\016\235\270N\261\034\334"
 9868      441B19C0 
 9868      0E9DB84E 
 9868      B11CDC
 9869 030e F5C1B219 		.ascii	"\365\301\262\031\221\034(\012\253s\222\215\010\002\201"
 9869      911C280A 
ARM GAS  /tmp/cckyrRJs.s 			page 235


 9869      AB73928D 
 9869      080281
 9870 031d A0878B7A 		.ascii	"\240\207\213z4\007w\235X6\255KMpi\032\217U\241+\205"
 9870      3407779D 
 9870      5836AD4B 
 9870      4D70691A 
 9870      8F55A12B 
 9871 0332 7019C751 		.ascii	"p\031\307Qp=E\023\300\2232WA\275*w\303\2705\242Bqke"
 9871      703D4513 
 9871      C0933257 
 9871      41BD2A77 
 9871      C3B835A2 
 9872 034a 4829B360 		.ascii	"H)\263`[\177\243\206G\"Z\\\201\010\341\354\321{\247"
 9872      5B7FA386 
 9872      47225A5C 
 9872      8108E1EC 
 9872      D17BA7
 9873 035d 2F282881 		.ascii	"/((\201\377\200*\2602\350\022\315_\333\324:`\213\250"
 9873      FF802AB0 
 9873      32E812CD 
 9873      5FDBD43A 
 9873      608BA8
 9874 0370 D4AD2DA4 		.ascii	"\324\255-\244\373\315\241\206\213A\302\372*Y\3035P)"
 9874      FBCDA186 
 9874      8B41C2FA 
 9874      2A59C335 
 9874      5029
 9875 0382 DFBD22F3 		.ascii	"\337\275\"\363\"\016\001\2759\277\254TN\253\216\035"
 9875      220E01BD 
 9875      39BFAC54 
 9875      4EAB8E1D 
 9876 0392 5A216543 		.ascii	"Z!eCU\027l\036.T\327\027>G\015&4\372\013\271\254\365"
 9876      55176C1E 
 9876      2E54D717 
 9876      3E470D26 
 9876      34FA0BB9 
 9877 03a8 B1BD9D9F 		.ascii	"\261\275\235\237\375\224zL\210\217\024r\3522v\0332v"
 9877      FD947A4C 
 9877      888F1472 
 9877      EA32761B 
 9877      3276
 9878 03ba FF8D6695 		.ascii	"\377\215f\225|)\"\250\254=;e\311\004\027\0355\326rn"
 9878      7C2922A8 
 9878      AC3D3B65 
 9878      C904171D 
 9878      35D6726E 
 9879 03ce 16FA701D 		.ascii	"\026\372p\0352\251\007\202\004\030\334)\215v\242\376"
 9879      32A90782 
 9879      0418DC29 
 9879      8D76A2FE 
 9880 03de 4723E1ED 		.ascii	"G#\341\355\256\217\223H\304\023\201Dl\360\022\321\202"
 9880      AE8F9348 
 9880      C4138144 
 9880      6CF012D1 
 9880      82
 9881 03ef 7175EB35 		.ascii	"qu\3535h\316o*\225L\254\252\256\337 '\215\365\022\357"
 9881      68CE6F2A 
ARM GAS  /tmp/cckyrRJs.s 			page 236


 9881      954CACAA 
 9881      AEDF2027 
 9881      8DF512EF 
 9882 0403 537E63D5 		.ascii	"S~c\325\260\303\303\327\256\321Y\370\032\332c\024N\313"
 9882      B0C3C3D7 
 9882      AED159F8 
 9882      1ADA6314 
 9882      4ECB
 9883 0415 B915BDF7 		.ascii	"\271\025\275\367x\371z\317\217\257\376d\033;\304\033"
 9883      78F97ACF 
 9883      8FAFFE64 
 9883      1B3BC41B 
 9884 0425 F1F0C85D 		.ascii	"\361\360\310]3\027\325z\005\325\0122\356v\233%\325\030"
 9884      3317D57A 
 9884      05D50A32 
 9884      EE769B25 
 9884      D518
 9885 0437 F4CD45B5 		.ascii	"\364\315E\265\220z'\331\210\375%\325n\314N5\222\353"
 9885      907A27D9 
 9885      88FD25D5 
 9885      6ECC4E35 
 9885      92EB
 9886 0449 B4EAF7D0 		.ascii	"\264\352\367\320\252\337\217V[\007\366^5{\030\323'\030"
 9886      AADF8F56 
 9886      5B07F65E 
 9886      357B18D3 
 9886      2718
 9887 045b 73533066 		.ascii	"sS0f&=\006\274\364\300@\305\336b\273\201\2168Q\214\021"
 9887      263D06BC 
 9887      F4C040C5 
 9887      DE62BB81 
 9887      8E38518C 
 9888 0470 703DCCA9 		.ascii	"p=\314\251?Y\264\232\016\222J\254-\026k\0042\016g\203"
 9888      3F59B49A 
 9888      0E924AAC 
 9888      2D166B04 
 9888      320E6783 
 9889 0484 14282843 		.ascii	"\024((C\257\367>-\371-\005h\204[&\030\304\355Pg\227"
 9889      AFF73E2D 
 9889      F92D0568 
 9889      845B2618 
 9889      C4ED5067 
 9890 0499 4787A31A 		.ascii	"G\207\243\032\352\\\270x\270y\201T*lg0$\265\216{\264"
 9890      EA5CB878 
 9890      B8798154 
 9890      2A6C6730 
 9890      24B58E7B 
 9891 04ae 545444AD 		.ascii	"TTD\255]\243\267\232T\251\265\035\265n\011-\304\240"
 9891      5DA3B79A 
 9891      54A9B51D 
 9891      B56E092D 
 9891      C4A0
 9892 04c0 6B195091 		.ascii	"k\031P\221\004\335y\303\006\222\370g\327&\216\021\177"
 9892      04DD79C3 
 9892      0692F867 
 9892      D7268E11 
 9892      7F
ARM GAS  /tmp/cckyrRJs.s 			page 237


 9893 04d1 F6D9AAB9 		.ascii	"\366\331\252\271|\335\\\272z\372\034\324@5\320[i\004"
 9893      7CDD5CBA 
 9893      7AFA1CD4 
 9893      4035D05B 
 9893      6904
 9894 04e3 9908C322 		.ascii	"\231\010\303\"'\243(D\247\222\344\372i9\000\231=\255"
 9894      27A32844 
 9894      A792E4FA 
 9894      69390099 
 9894      3DAD
 9895 04f5 ABE47621 		.ascii	"\253\344v!h\233\276\355\375=\301\344\037\200\303m2c"
 9895      689BBEED 
 9895      FD3DC1E4 
 9895      1F80C36D 
 9895      3263
 9896 0507 74D6F23D 		.ascii	"t\326\362=M\347\206\230\367\254\035*\022x\260\027\262"
 9896      4DE78698 
 9896      F7AC1D2A 
 9896      1278B017 
 9896      B2
 9897 0518 ED623203 		.ascii	"\355b2\003Jp9R\237\301\035\352\002\177\320\013\002@"
 9897      4A703952 
 9897      9FC11DEA 
 9897      027FD00B 
 9897      0240
 9898 052a 2FA8D6DF 		.ascii	"/\250\326\337i~\240\027\302]\002=F\273\343\312\207\245"
 9898      697EA017 
 9898      C25D023D 
 9898      46BBE3CA 
 9898      87A5
 9899 053c 2D55427D 		.ascii	"-UB}+\276\012\033\273L\344\346\036\252\212\215\341k"
 9899      2BBE0A1B 
 9899      BB4CE4E6 
 9899      1EAA8A8D 
 9899      E16B
 9900 054e 5445A593 		.ascii	"TE\245\223\217\262\306\026F\364\352gC\010\331\335/\230"
 9900      8FB2C616 
 9900      46F4EA67 
 9900      4308D9DD 
 9900      2F98
 9901 0560 FAC24876 		.ascii	"\372\302Hveh7T\364+7_\004\337@\2044\273\217f\230\013"
 9901      65683754 
 9901      F42B375F 
 9901      04DF4084 
 9901      34BB8F66 
 9902 0576 377F42C4 		.ascii	"7\177B\304\247\366~\\_\306\275\361\335\327\343\303\334"
 9902      A7F67E5C 
 9902      5FC6BDF1 
 9902      DDD7E3C3 
 9902      DC
 9903 0587 97B4AD90 		.ascii	"\227\264\255\220\331\231\226\375\305\001\201,\256\326"
 9903      D99996FD 
 9903      C501812C 
 9903      AED6
 9904 0595 AF077E81 		.ascii	"\257\007~\201\030\340\277\024\310\267\"\373\337\241"
 9904      18E0BF14 
 9904      C8B722FB 
ARM GAS  /tmp/cckyrRJs.s 			page 238


 9904      DFA1
 9905 05a3 901C56B4 		.ascii	"\220\034V\264\375nf-C\003\274\205V\353\327\000?o?\201"
 9905      FD6E662D 
 9905      4303BC85 
 9905      56EBD700 
 9905      3F6F3F81 
 9906 05b7 71F2F6BD 		.ascii	"q\362\366\275\236\226\007\035\347O\331V\036\026\027"
 9906      9E96071D 
 9906      E74FD956 
 9906      1E1617
 9907 05c6 8497DD7C 		.ascii	"\204\227\335|\011<\020\3455\352w\216\255\267\265\275"
 9907      093C10E5 
 9907      35EA778E 
 9907      ADB7B5BD 
 9908 05d6 A6984362 		.ascii	"\246\230Cb\271\001\250\236\023\260\262L\336\267~\200"
 9908      B901A89E 
 9908      13B0B24C 
 9908      DEB77E80 
 9909 05e6 984ABE48 		.ascii	"\230J\276HD\372\275/\322\212\266\347t`\217G\362pN$\217"
 9909      44FABD2F 
 9909      D28AB6E7 
 9909      74608F47 
 9909      F2704E24 
 9910 05fb 1E836492 		.ascii	"\036\203d\222\220\000!\231\"$!\002\311\017>$\335y\017"
 9910      90002199 
 9910      22242102 
 9910      C90F3E24 
 9910      DD790F
 9911 060e 4CF386A2 		.ascii	"L\363\206\242)sAIW\346\202\242\202KA(\012A\311Pb<\315"
 9911      29734149 
 9911      57E682A2 
 9911      824B4128 
 9911      0A41C950 
 9912 0625 31E55FFE 		.ascii	"1\345_\376_\310\362\233\002\353\255\006\326;S\361\326"
 9912      5FC8F29B 
 9912      02EBAD06 
 9912      D63B53F1 
 9912      D6
 9913 0636 3B4B91F5 		.ascii	";K\221\365.\261H\007\346@\007\206@\007\331>\0079\322"
 9913      2EB14807 
 9913      E6400786 
 9913      4007D93E 
 9913      0739D2
 9914 0649 81EF68B1 		.ascii	"\201\357h\261 \012\364C={\255\365\224G\210\036>\310"
 9914      200AF443 
 9914      3D7BADF5 
 9914      9447881E 
 9914      3EC8
 9915 065b BDB3DF22 		.ascii	"\275\263\337\"\217\\\200\255\212\247i\015\025\377\332"
 9915      8F5C80AD 
 9915      8AA7690D 
 9915      15FFDA
 9916 066a 71CBD7B4 		.ascii	"q\313\327\264\373\212Mz\323f\315\325\264\271J\346<\273"
 9916      FB8A4D7A 
 9916      D366CDD5 
 9916      B4B94AE6 
 9916      3CBB
ARM GAS  /tmp/cckyrRJs.s 			page 239


 9917 067c 344F794C 		.ascii	"4OyL\227nS<]\372\256\"\272\364\350\225\2411kD\036\227"
 9917      976E533C 
 9917      5DFAAE22 
 9917      BAF4E895 
 9917      A1316B44 
 9918 0692 5DBA94EC 		.ascii	"]\272\224\354\256\034\253;\251x\272t_\361\323n\376$"
 9918      AE1CAB3B 
 9918      A978BA74 
 9918      5FF1D36E 
 9918      FE24
 9919 06a4 E42B7A97 		.ascii	"\344+z\227\026\340\012\265(\301?\240\303\367\357I\353"
 9919      16E00AB5 
 9919      28C13FA0 
 9919      C3F7EF49 
 9919      EB
 9920 06b5 BC8EC042 		.ascii	"\274\216\300B\305{\004n\327\213\322\235\007\263\020"
 9920      C57B046E 
 9920      D78BD29D 
 9920      07B310
 9921 06c4 0CCD8D81 		.ascii	"\014\315\215\201\346;|\346;\005\233\254\"\273\306\351"
 9921      E63B7CE6 
 9921      3B059BAC 
 9921      22BBC6E9 
 9922 06d4 47C69162 		.ascii	"G\306\221b?\316DIxA\363:#\376\341+y\021\301\243\367"
 9922      3FCE4449 
 9922      7841F33A 
 9922      23FEE12B 
 9922      7911C1A3 
 9923 06e9 AFF8246A 		.ascii	"\257\370$j\247\353B\220\270\237\014\325\205\315\370"
 9923      A7EB4290 
 9923      B89F0CD5 
 9923      85CDF8
 9924 06f8 2638521C 		.ascii	"&8R\034%n\305\362\313\004\251\010\305\212\274\250\214"
 9924      256EC5F2 
 9924      CB04A908 
 9924      C58ABCA8 
 9924      8C
 9925 0709 D6F9DEF7 		.ascii	"\326\371\336\367tMS\241D\231qMCU)\204R\305(9\226@\323"
 9925      744D53A1 
 9925      4499714D 
 9925      43552984 
 9925      52C52839 
 9926 0720 4A1E863B 		.ascii	"J\036\206;\012\012\011\024(\222(\302\344\245\245\216"
 9926      0A0A0914 
 9926      289228C2 
 9926      E4A5A58E 
 9927 0730 0B0324E0 		.ascii	"\013\003$\340u|iH\003\364\3337z}r\201\344\337\335h("
 9927      757C6948 
 9927      03F4DB37 
 9927      7A7D7281 
 9927      E4DFDD68 
 9928 0745 F312D074 		.ascii	"\363\022\320t\257\267\364,xSt\002\2045z\336=\002\036"
 9928      AFB7F42C 
 9928      78537402 
 9928      84357ADE 
 9928      3D021E
 9929 0758 DFF27D8D 		.ascii	"\337\362}\215\312f\377|*L\356\033.\217c}_\262\244\270"
ARM GAS  /tmp/cckyrRJs.s 			page 240


 9929      CA66FF7C 
 9929      2A4CEE1B 
 9929      2E8F637D 
 9929      5FB2A4B8 
 9930 076c F5E430FD 		.ascii	"\365\3440\375\254\340\263\224r\366T\227\373R]!J\211"
 9930      ACE0B394 
 9930      72F65497 
 9930      FB525D21 
 9930      4A89
 9931 077e B3EF201C 		.ascii	"\263\357 \034\2430v\015\256$(\246\211\301\016\216h,"
 9931      A330760D 
 9931      AE2428A6 
 9931      89C10E8E 
 9931      682C
 9932 0790 BE8F8B31 		.ascii	"\276\217\2131\334\265\261X\022\231~\3338\310EW\013="
 9932      DCB5B158 
 9932      12997EDB 
 9932      38C84557 
 9932      0B3D
 9933 07a2 9A12B724 		.ascii	"\232\022\267$$E\343\307\2553D\316\242\267l\211\177\326"
 9933      2445E3C7 
 9933      AD3344CE 
 9933      A2B76C89 
 9933      7FD6
 9934 07b4 B9EAD74E 		.ascii	"\271\352\327N\306SS\234\246\324\267S\323\022\022\343"
 9934      C653539C 
 9934      A6D4B753 
 9934      D31212E3 
 9935 07c4 A3A2A31D 		.ascii	"\243\242\243\035\370\317\371j\302\213\011\311"
 9935      F8CFF96A 
 9935      C28B09C9 
 9936 07d0 A99BD352 		.ascii	"\251\233\323R\336Hz\315\221\234\352HIs$$9\377\376\306"
 9936      DE487ACD 
 9936      919CEA48 
 9936      49732424 
 9936      39FFFEC6 
 9937 07e4 4BF1B8F6 		.ascii	"K\361\270\366fZ\364\253\214;\223\322~9\037m\364\214"
 9937      665AF4AB 
 9937      8C3B93D2 
 9937      7E391F6D 
 9937      F48C
 9938 07f6 EAAB7F44 		.ascii	"\352\253\177D\325\231\234\230\230\234\344x=9%-\325\261"
 9938      D5999C98 
 9938      989CE478 
 9938      3D39252D 
 9938      D5B1
 9939 0808 3676E3BA 		.ascii	"6v\343\272\215o\241\22239%~\363\233\277IDC\323\213["
 9939      8D6FA192 
 9939      3339257E 
 9939      F39BBF49 
 9939      4443D38B 
 9940 081d 52E3FF94 		.ascii	"R\343\377\224\222\260~n\007\361o\245\221\271c\335\306"
 9940      92B07E6E 
 9940      07F16FA5 
 9940      91B963DD 
 9940      C6
 9941 082e B80D718E 		.ascii	"\270\015q\216uh\357\330\340\201\220\230\232\220\272"
ARM GAS  /tmp/cckyrRJs.s 			page 241


 9941      7568EFD8 
 9941      E0819098 
 9941      9A90BA
 9942 083d F915A713 		.ascii	"\371\025\247\023\275\205l\214\213\265\223\307\327S\022"
 9942      BD856C8C 
 9942      8BB593C7 
 9942      D75312
 9943 084c 56D82363 		.ascii	"V\330#c\230\222\202\251\211OLNy\233=\377\377C\244\224"
 9943      989282A9 
 9943      894F4C4E 
 9943      799B3DFF 
 9943      FF43A494 
 9944 0860 A5A0DBA8 		.ascii	"\245\240\333\250\247\003~\366\337\307\256_\373G\373"
 9944      A7037EF6 
 9944      DFC7AE5F 
 9944      FB47FB
 9945 086f 1AFBA63F 		.ascii	"\032\373\246?'\246\376\345y\334\353\331\227\202\255"
 9945      27A6FEE5 
 9945      79DCEBD9 
 9945      9782AD
 9946 087e EC85606B 		.ascii	"\354\205`k\240\256\307$n\323\332\330M\366\027\326\307"
 9946      A0AEC724 
 9946      6ED3DAD8 
 9946      4DF617D6 
 9946      C7
 9947 088f AEB7FFA8 		.ascii	"\256\267\377\250\222\370\241\243\377\001\253`\236\274"
 9947      92F8A1A3 
 9947      FF01AB60 
 9947      9EBC
 9948              		.text
 9949              		.section	.gnu.lto_rxchar1.5b3651c1394eefb,"e",%progbits
 9950 0000 789C8D92 		.ascii	"x\234\215\222\317k\023Q\020\307\347\373f\263\331l-\344"
 9950      CF6B1351 
 9950      10C7E7FB 
 9950      66B3D96C 
 9950      2DE4
 9951 0012 A0070942 		.ascii	"\240\007\011B\025!\364R\020\304\263w\377\212\030<xP"
 9951      1521F452 
 9951      10C4B377 
 9951      FF8A183C 
 9951      7850
 9952 0024 44F4DC97 		.ascii	"D\364\334\227mm\320J\025LS\012.\253\306\030=\211(\202"
 9952      6D6DD04A 
 9952      154C530A 
 9952      2EABC618 
 9952      3D892882 
 9953 0038 D61F6BB5 		.ascii	"\326\037k\265\325\264A\203`\017\012\021Dr(jo\266\242"
 9953      D5B44183 
 9953      600F0A11 
 9953      4472286A 
 9953      6FB6A2
 9954 004b 6D9DB7AF 		.ascii	"m\235\267\257\265\342\311\205\367\230\357\314\274\317"
 9954      B5E2C985 
 9954      F798EFCC 
 9954      BCCF
 9955 0059 FC603D02 		.ascii	"\374`=\002U\024\321\036\"\332%\007LPZ\353\203\351\222"
 9955      5514D11E 
ARM GAS  /tmp/cckyrRJs.s 			page 242


 9955      22DA2507 
 9955      4C505AEB 
 9955      83E992
 9956 006c A780C4D2 		.ascii	"\247\200\304\322\036hPa\020\027x\2021]\356>P\375\015"
 9956      1E685061 
 9956      10177882 
 9956      315DEE3E 
 9956      50FD0D
 9957 007f 89E87862 		.ascii	"\211\350xb\305\017u[s\304D\223r\354\207\207\350\227"
 9957      C50F755B 
 9957      73C44493 
 9957      72EC8787 
 9957      E897
 9958 0091 C44E10AE 		.ascii	"\304N\020\256l\033\223\030\340\210\254\314\335k\372"
 9958      6C1B9318 
 9958      E088ACCC 
 9958      DD6BFA
 9959 00a0 462AF489 		.ascii	"F*\364\211lu\027\226\034\366Ab\317\177|\363\263'_\327"
 9959      6C751796 
 9959      1CF64162 
 9959      CF7F7CF3 
 9959      B3275FD7 
 9960 00b4 3AD071EB 		.ascii	":\320q\353:\353\275\0213\036\203\005\211G\310a\0129"
 9960      3AEBBD11 
 9960      331E8305 
 9960      8947C861 
 9960      0A39
 9961 00c6 22F16517 		.ascii	"\"\361e\027\017\023\236 /OFf.N\365Z\270\022y\365];\200"
 9961      0F139E20 
 9961      2F4F4666 
 9961      2E4EF55A 
 9961      B81279F5 
 9962 00dd 856745BE 		.ascii	"\205gE\276n\324+>\357N\340\357\357.\207\251Mx\225\365"
 9962      6ED42B3E 
 9962      EF4EE0EF 
 9962      EF2E87A9 
 9962      4D7895F5 
 9963 00f1 F6881D3C 		.ascii	"\366\210\035<\263\360X\340O-\334\311~\027\3704\362d"
 9963      B3F058E0 
 9963      4F2DDCC9 
 9963      7E17F834 
 9963      F264
 9964 0103 1E7DBAB3 		.ascii	"\036}\272\2636\336\353:\033C\3419\\\331\023\321\355"
 9964      36DEEB3A 
 9964      1B43E139 
 9964      5CD913D1 
 9964      ED
 9965 0114 B7A958AF 		.ascii	"\267\251X\257\255\227u\374\371\006.\035\222\275D\234"
 9965      AD9775FC 
 9965      F9062E1D 
 9965      92BD449C 
 9966 0124 52E662B9 		.ascii	"R\346b\271\\\027\0260\312d\326\343@\307D\347YYQ\022"
 9966      5C171630 
 9966      CA64D6E3 
 9966      40C744E7 
 9966      59595112 
 9967 0138 D185BEB6 		.ascii	"\321\205\276\266<\316\011\320\330?v\3741W\255\271\210"
ARM GAS  /tmp/cckyrRJs.s 			page 243


 9967      3CCE09D0 
 9967      D83F76FC 
 9967      3157ADB9 
 9967      88
 9968 0149 A0DADC69 		.ascii	"\240\332\334i\314\220!\235\214\015-u<3Y:\231&\274\331"
 9968      CC90219D 
 9968      8C0D2D75 
 9968      3C33593A 
 9968      9926BCD9 
 9969 015d 5ACF0C23 		.ascii	"Z\317\014#(y\342\251\231\356\304\271\360a\266\215:j"
 9969      2879E2A9 
 9969      99EEC4B9 
 9969      F061B68D 
 9969      3A6A
 9970 016f 88D8C30C 		.ascii	"\210\330\303\014\206\201\027f(\314\212S\200C\227G`\201"
 9970      86811766 
 9970      28CC8A53 
 9970      80439747 
 9970      6081
 9971 0181 CA32EF9F 		.ascii	"\3122\357\237\375z+c\230\036\200\227\222*E;\347\222"
 9971      FD7A2B63 
 9971      981E8097 
 9971      922A453B 
 9971      E792
 9972 0193 9CFF2AF1 		.ascii	"\234\377*\361j\253DS\234\302M&\250Uys\204_\345\215\212"
 9972      6AAB4453 
 9972      9CC24D26 
 9972      A8557973 
 9972      845FE58D 
 9973 01a8 1CB24B5F 		.ascii	"\034\262K_p\246/\211\374C\317L\262l\025s\202#I\375\273"
 9973      70A62F89 
 9973      FC43CF4C 
 9973      B26C1573 
 9973      822349FD 
 9974 01bd 335F3A9B 		.ascii	"3_:\233G.\342\036\372\206\340J\243\232\360\222\337k"
 9974      472EE21E 
 9974      FA86E04A 
 9974      A39AF092 
 9974      DF6B
 9975 01cf 94B1B55D 		.ascii	"\224\261\265]\242\364\261\302\321\343\003EJ\235.\234"
 9975      A2F4B1C2 
 9975      D1E30345 
 9975      4A9D2E9C 
 9976 01df 3C75226B 		.ascii	"<u\"k\325@\241p\344@q\377\276\"\241\370\033G\321\327"
 9976      D540A170 
 9976      E44071FF 
 9976      BE22A1F8 
 9976      1B47D1D7 
 9977 01f3 B4       		.ascii	"\264"
 9978              		.text
 9979              		.section	.gnu.lto_rxchar2.5b3651c1394eefb,"e",%progbits
 9980 0000 789C8D92 		.ascii	"x\234\215\222\317k\023Q\020\307\347\373f\263\331$\026"
 9980      CF6B1351 
 9980      10C7E7FB 
 9980      66B3D924 
 9980      16
 9981 0011 72104482 		.ascii	"r\020D\202PE\010\275\024\004\361\354\335\277\"\015\036"
ARM GAS  /tmp/cckyrRJs.s 			page 244


 9981      504508BD 
 9981      1404F1EC 
 9981      DDBF220D 
 9981      1E
 9982 0022 3C28227A 		.ascii	"<(\"z\356\313\2666h\244z\210\015\205.\253\2551\366 "
 9982      EECBB636 
 9982      68A47A88 
 9982      0D852EAB 
 9982      AD31F620 
 9983 0036 221545EB 		.ascii	"\"\025E\353\217\265\332\326\264A\203b\017\026\"\210"
 9983      8FB5DAD6 
 9983      B4418362 
 9983      0F162288 
 9984 0046 E4206A8F 		.ascii	"\344 j\217\012J\353\274}\321\202\247>x\217\371\316\314"
 9984      0A4AEBBC 
 9984      7DD182A7 
 9984      3E788FF9 
 9984      CECC
 9985 0058 FBCCCEBC 		.ascii	"\373\314\316\274\365\010TUD\007\210h\237l0Ai\255\217"
 9985      F5085455 
 9985      44078868 
 9985      9F6C3041 
 9985      69AD8F
 9986 006b 264B9E02 		.ascii	"&K\236\002bK{\240a\205a\\\346\032c\241\334}\250\006"
 9986      624B7BA0 
 9986      6185615C 
 9986      E61A63A1 
 9986      DC7DA806 
 9987 007f 1A12D151 		.ascii	"\032\022\321Q\255\235\011t[s\310D\223\262\355\302#\014"
 9987      AD9D0974 
 9987      5B73C844 
 9987      93B2EDC2 
 9987      230C
 9988 0091 4862C70F 		.ascii	"Hb\307\017~\356\032\227\030\340\210\254\256\334k\246"
 9988      7EEE1A97 
 9988      18E088AC 
 9988      AEDC6BA6 
 9989 00a1 8D54E817 		.ascii	"\215T\350\027\331\352\256m8\234\006\211\275\372\361"
 9989      D9EAAE6D 
 9989      389C0689 
 9989      BDFAF1
 9990 00b0 CDAF4CBE 		.ascii	"\315\257L\276\256\265\257\243\326\015\326\007Cf<\001"
 9990      AEB5AFA3 
 9990      D60DD607 
 9990      43663C01 
 9991 00c0 0B128F91 		.ascii	"\013\022\217\221\303<rD\342\313.\017\021\236\"/W\306"
 9991      C33C7244 
 9991      E2CB2E0F 
 9991      119E222F 
 9991      57C6
 9992 00d2 16AFCCF7 		.ascii	"\026\257\314\367Y\270\022y\375}\333\207\205gE\276n\324"
 9992      59B81279 
 9992      FD7DDB87 
 9992      856745BE 
 9992      6ED4
 9993 00e4 AB69DE1F 		.ascii	"\253i\336\037\303?\314\375\010\022\177\341\023\254w"
 9993      C33FCCFD 
ARM GAS  /tmp/cckyrRJs.s 			page 245


 9993      08127FE1 
 9993      13AC77
 9994 00f3 87ECE0B9 		.ascii	"\207\354\340\271\205G\002\177f\341N\366\235\300\027"
 9994      8547027F 
 9994      66E14EF6 
 9994      9DC017
 9995 0102 902773E9 		.ascii	"\220's\351\323\335\315\253}\256\323k\012/\340\312\234"
 9995      D3DDCDAB 
 9995      7DAED36B 
 9995      0A2FE0CA 
 9995      9C
 9996 0113 88EEBC4D 		.ascii	"\210\356\274MDzs\253\254\243\3177\261~L\346\022rB\231"
 9996      447A73AB 
 9996      ACA3CF37 
 9996      B17E4CE6 
 9996      12724299 
 9997 0127 83E5705D 		.ascii	"\203\345p]X@\205\311\214\307\201\216\210.\261\262\242"
 9997      584085C9 
 9997      8CC7818E 
 9997      882EB1B2 
 9997      A2
 9998 0138 24A20B3D 		.ascii	"$\242\013=\335\020\276\001\032{v\317?\363\2665\277\300"
 9998      DD10BE01 
 9998      1A7B76CF 
 9998      3FF3B635 
 9998      BFC0
 9999 014a 9F68EE35 		.ascii	"\237h\3565f\300\220\314\361\221\215\216g:K\306\335\004"
 9999      66C090CC 
 9999      F1918D8E 
 9999      673A4BC6 
 9999      DD04
 10000 015c B75A5BA9 		.ascii	"\267Z[\251Q\370%O<3\346\353\304\271\266\276\324F\035"
 10000      51F8254F 
 10000      3C33E6EB 
 10000      C4B9B6BE 
 10000      D4461D
 10001 016f 3308D9C3 		.ascii	"3\010\331\303\"F\201\227\246),\211S\200#Sc\260@e\231"
 10001      22468197 
 10001      A6292C89 
 10001      53802353 
 10001      63B04065 
 10002 0184 F72F7C9B 		.ascii	"\367/|\233M\031\246\007`YR\245h\347b\234\263\243\022"
 10002      4D19A607 
 10002      605952A5 
 10002      68E7629C 
 10002      B3A312
 10003 0197 AFB64B34 		.ascii	"\257\266K4\305)\334\270\203\271^cB\373]\356U\344\200"
 10003      C529DCB8 
 10003      83B95E63 
 10003      42FB5DEE 
 10003      55E480
 10004 01aa 5DFA8AF3 		.ascii	"]\372\212\363\375q\344?zj\222e\252X\021\034I\252D\353"
 10004      FD71E43F 
 10004      7A6A9265 
 10004      AA58111C 
 10004      49AA44EB 
 10005 01be 9569FBAC 		.ascii	"\225i\373\254i(\254\"\027r\206\276\303\277\366\240\026"
ARM GAS  /tmp/cckyrRJs.s 			page 246


 10005      6928AC22 
 10005      177286BE 
 10005      C3BFF6A0 
 10005      16
 10006 01cf F3E2DFAB 		.ascii	"\363\342\337\253\302\330\236.Q\362d\341\304\251\301"
 10006      C2D89E2E 
 10006      51F264E1 
 10006      C4A9C1
 10007 01de 2225CE15 		.ascii	"\"%\316\025\316\234=\235\265j\260P8~\244x\370P\221P"
 10007      CE9C3D9D 
 10007      B56AB050 
 10007      387EA478 
 10007      F8509150 
 10008 01f2 FC037CBB 		.ascii	"\374\003|\273\326\204"
 10008      D684
 10009              		.text
 10010              		.section	.gnu.lto_flush_buffer.5b3651c1394eefb,"e",%progbits
 10011 0000 789C8D94 		.ascii	"x\234\215\224\337K\024Q\024\307\317\231\273\263\277"
 10011      DF4B1451 
 10011      14C7CF99 
 10011      BBB3BF
 10012 000f 4AED3153 		.ascii	"J\3551Sa\227\362\301\036\302\207\236z\210\240? \010"
 10012      6197F2C1 
 10012      1EC2879E 
 10012      7A88A03F 
 10012      2008
 10013 0021 1FA437A9 		.ascii	"\037\2447\251\227\242\024\302\2407\257\277v#\303 \310"
 10013      97A214C2 
 10013      A037AFBF 
 10013      7623C320 
 10013      C8
 10014 0032 1FA43BE2 		.ascii	"\037\244;\342\"\365\026>\364`\232\273\231\232\225\225"
 10014      22F5163E 
 10014      F4609ABB 
 10014      999A9595 
 10015 0042 5959A959 		.ascii	"YY\251Yi\031\244\264\321R\022\202v\316\314\316\316\260"
 10015      6919A4B4 
 10015      D1521282 
 10015      76CECCCE 
 10015      CEB0
 10016 0054 B3B23BCC 		.ascii	"\263\262;\314\\\356\334s\317\367\234\357g\206\353\005"
 10016      5CEEDC73 
 10016      CFF79CEF 
 10016      6786EB05 
 10017 0064 84FD6E80 		.ascii	"\204\375n\200S\000PF\017\012@EJy\314\323\350U\020\365"
 10017      53005046 
 10017      0F0A4045 
 10017      4A79CCD3 
 10017      E85510F5 
 10018 0078 99F42234 		.ascii	"\231\364\"4(\330\200\327E\247\300\261\360\352\220Rq"
 10018      28D880D7 
 10018      45A7C0B1 
 10018      F0EA9052 
 10018      71
 10019 0089 9B2232DE 		.ascii	"\233\"2\336\331S\024\222\255{5\001\320M\217q\341}\254"
 10019      D9531492 
 10019      AD7B3501 
ARM GAS  /tmp/cckyrRJs.s 			page 247


 10019      D04D8F71 
 10019      E17DAC
 10020 009c 00A09DCB 		.ascii	"\000\240\235\313\203[7\013\334\256T\010\207\321M\305"
 10020      835B370B 
 10020      DCAE5408 
 10020      87D14DC5 
 10021 00ac 00EECEAA 		.ascii	"\000\356\316\252q\271\265\035\226\361\361(\306N\024"
 10021      71B9B51D 
 10021      96F1F128 
 10021      C64E14
 10022 00bb 21680215 		.ascii	"!h\002\025\036\004\017.\036T\036\000\332\004p\035\027"
 10022      1E040F2E 
 10022      1E541E00 
 10022      DA04701D 
 10022      17
 10023 00cc CA38C035 		.ascii	"\3128\3005\241\030/\215\364\262\212\262?\026\021\272"
 10023      A1182F8D 
 10023      F4B28AB2 
 10023      3F1611BA 
 10024 00dc E80F6CFA 		.ascii	"\350\017l\372=U\306S*\332\336\234X\362\266\013M(\310"
 10024      3D55C653 
 10024      2ADADE9C 
 10024      58F2B60B 
 10024      4D28C8
 10025 00ef 3DF4DE99 		.ascii	"=\364\336\231\336\366\265`S\243\227V\242\334\010-\316"
 10025      DEF6B560 
 10025      53A39756 
 10025      A2DC082D 
 10025      CE
 10026 0100 2D4CCEE0 		.ascii	"-L\316\340\000FQ\023\002\037`\013\342\010\226P\207\243"
 10026      00465113 
 10026      021F600B 
 10026      E2089650 
 10026      87A3
 10027 0112 B46897A0 		.ascii	"\264h\227\240\0260F\021.\266b/V\232*\226\241\216N\365"
 10027      16304611 
 10027      2EB6622F 
 10027      569A2A96 
 10027      A18E4EF5 
 10028 0126 B8A5FE90 		.ascii	"\270\245\376\220\026\323r\337Sr\353\030\012\350\223"
 10028      16D372DF 
 10028      5372EB18 
 10028      0AE893
 10029 0135 0C355737 		.ascii	"\0145W7\253\341\030\245\203\275%\325\341J\215\012%\263"
 10029      ABE118A5 
 10029      83BD25D5 
 10029      E14A8D0A 
 10029      25B3
 10030 0147 AE1BC7B9 		.ascii	"\256\033\307\271\356#\256K\221\241\316x\277\276\375"
 10030      EE23AE4B 
 10030      91A1CE78 
 10030      BFBEFD
 10031 0156 8A947DE7 		.ascii	"\212\224}\347Xd\202{\321?\310$o<XB\273Z\345\325p!\327"
 10031      5864827B 
 10031      D13FC824 
 10031      6F3C5842 
 10031      BB5AE5D5 
ARM GAS  /tmp/cckyrRJs.s 			page 248


 10032 016d F0A0DC50 		.ascii	"\360\240\334P\3601\226h\302\2537\273fy\357\360\361\254"
 10032      F0319668 
 10032      C2AB37BB 
 10032      6679EFF0 
 10032      F1AC
 10033 017f 57A0D3BD 		.ascii	"W\240\323\275p\272\237\262\334?\241Er\033\316\352\326"
 10033      70BA9FB2 
 10033      DC3FA145 
 10033      721BCEEA 
 10033      D6
 10034 0190 D7CD1EF0 		.ascii	"\327\315\036\360i\246[\277\303\255?*\\\231uv\3414\327"
 10034      69A65BBF 
 10034      C3AD3F2A 
 10034      5C997576 
 10034      E134D7
 10035 01a3 7996CDED 		.ascii	"y\226\315\355\360\274\207e\236\247\375\276\240\255\264"
 10035      F0BC8765 
 10035      9EA7FDBE 
 10035      A0ADB4
 10036 01b2 E956F26F 		.ascii	"\351V\362o\304\027\364k\262+\240\211\335\234vc\340W"
 10036      C417F46B 
 10036      B22BA089 
 10036      DD9C7663 
 10036      E057
 10037 01c4 8FCA695D 		.ascii	"\217\312i]\224\266\026\251\320D\001\276\304\240\221"
 10037      94B616A9 
 10037      D04401BE 
 10037      C4A091
 10038 01d3 35435964 		.ascii	"5CYd\232nM\024\352L\022N&\212\223\211\352d\362\312b"
 10038      9A6E4D14 
 10038      EA4C124E 
 10038      268A9389 
 10038      EA64F2CA 
 10039 01e8 329B0793 		.ascii	"2\233\007\223\327)&\271!\274\311\005\341m\032\302\234"
 10039      D72926B9 
 10039      21BCC905 
 10039      E16D1AC2 
 10039      9C
 10040 01f9 01E1DE9F 		.ascii	"\001\341\336\237\211E5x\300\006!6\377oT1!$\014\010\357"
 10040      89453578 
 10040      C0062136 
 10040      FF6F5431 
 10040      21240C08 
 10041 020e 4C08EF75 		.ascii	"L\010\357u\010\012\335&\204\244\023\202\310\013\302"
 10041      080ADD26 
 10041      84A41382 
 10041      C80BC2
 10042 021d 070BC23C 		.ascii	"\007\013\302<C\260\011\270\362\372\263\026,\201EC\240"
 10042      43B009B8 
 10042      F2FAB316 
 10042      2C814543 
 10042      A0
 10043 022e B9278486 		.ascii	"\271'\204\206\202J]\220N.\262\037\363&\273\224\213\354"
 10043      824A5D90 
 10043      4E2EB21F 
 10043      F326BB94 
 10043      8BEC
ARM GAS  /tmp/cckyrRJs.s 			page 249


 10044 0240 A734D9CF 		.ascii	"\2474\331\317\006\331\221\304f\310\035<j\220-\342\264"
 10044      06D991C4 
 10044      66C81D3C 
 10044      6A902DE2 
 10044      B4
 10045 0251 F5C1A58E 		.ascii	"\365\301\245\216B\223l\222\311\356\301/&\331e\235,\365"
 10045      42936C92 
 10045      C9EEC12F 
 10045      26D9659D 
 10045      2CF5
 10046 0263 AD9A6437 		.ascii	"\255\232d7\354\307\315\276\354\307M\026,+\026\226\257"
 10046      ECC7CDBE 
 10046      ECC74D16 
 10046      2C2B1696 
 10046      AF
 10047 0274 F6E36633 		.ascii	"\366\343f3\017\271,\237\351\233%\267j\312\375\304\246"
 10047      0FB92C9F 
 10047      E99B25B7 
 10047      6ACAFDC4 
 10047      A6
 10048 0285 BEED8861 		.ascii	"\276\355\210a\227\2576\201\326\031\015\340\271Ps\266"
 10048      97AF3681 
 10048      D6190DE0 
 10048      B95073B6 
 10049 0295 F6D06928 		.ascii	"\366\320i(>Y\0358^w\251\266\376H\240\374L\240\356b\240"
 10049      3E591D38 
 10049      5E77A9B6 
 10049      FE48A0FC 
 10049      4CA0EE62 
 10050 02aa F27279E5 		.ascii	"\362ry\345\341\352\002?\024W\355\024)\255\252\253\257"
 10050      E1EA023F 
 10050      1457ED14 
 10050      29ADAAAB 
 10050      AF
 10051 02bb 39BF43F0 		.ascii	"9\277C\360?S\322\006["
 10051      3F53D206 
 10051      5B
 10052              		.text
 10053              		.section	.gnu.lto_calc_baud.5b3651c1394eefb,"e",%progbits
 10054 0000 789C8D55 		.ascii	"x\234\215U\335OTG\024\237sg\356\307~\261\326\330\306"
 10054      DD4F5447 
 10054      149F7367 
 10054      EEC77EB1 
 10054      D6D8C6
 10055 0013 044D78C0 		.ascii	"\004Mx\300X}0\326\222&\264M\343k\377\214\005mbS}hk\322"
 10055      587D30D6 
 10055      9226B44D 
 10055      E36BFF8C 
 10055      056D6253 
 10056 002b 37071611 		.ascii	"7\007\026\021\205\200\022\374@\213(\353\242\022\005"
 10056      858012FC 
 10056      408B28EB 
 10056      A21205
 10057 003a B5A8885A 		.ascii	"\265\250\210Z\226\335\025\330U*P\213\002\353\322\"\322"
 10057      96DD15D8 
 10057      552A508B 
 10057      02EBD222 
ARM GAS  /tmp/cckyrRJs.s 			page 250


 10057      D2
 10058 004b BAB5DA40 		.ascii	"\272\265\332@E\023(\364\314\314\335]\305\227nr\347\316"
 10058      451328F4 
 10058      CCCCDD5D 
 10058      C5976E72 
 10058      E7CE
 10059 005d 9CF9FD7E 		.ascii	"\234\371\375~\347\314\231s\356Z\004\310Q\223\220\317"
 10059      E7CC9973 
 10059      EE5A04C8 
 10059      519390CF 
 10060 006d 0821617C 		.ascii	"\010!a|\300M@\343\234o6K,Ms>\015\374\366.\343NZ\227"
 10060      C04D40E3 
 10060      9C6F364B 
 10060      2C4D733E 
 10060      0DFCF62E 
 10061 0085 38BE9E71 		.ascii	"8\276\236q7\315X\230ma\232s\254y\306\203\026Wp\244j"
 10061      37CD5898 
 10061      6D619A73 
 10061      AC79C683 
 10061      165770A4 
 10062 009a 135A5CE0 		.ascii	"\023Z\\\340\220|\3205\003'y\270e\251\267\333\320\314"
 10062      907CD035 
 10062      032779B8 
 10062      65A9B7DB 
 10062      D0CC
 10063 00ac FBBD612A 		.ascii	"\373\275a*,g;n~\212\026\023\234\2663\313\246u[\016M"
 10063      2C673B6E 
 10063      7E8A1613 
 10063      9CB633CB 
 10063      A6755B0E 
 10064 00c1 EF2EDBF7 		.ascii	"\357.\333\367\011\242\234]s/\030\242\234\000r\217[@"
 10064      09A29C5D 
 10064      732F18A2 
 10064      9C00728F 
 10064      5B40
 10065 00d3 766994B9 		.ascii	"vi\224\271t\303\264\034N\330\2459\010\204\030\270\345"
 10065      74C3B41C 
 10065      4ED8A539 
 10065      088418B8 
 10065      E5
 10066 00e4 40D4AF86 		.ascii	"@\324\257\206\036\246\220,mx\345\256\246\215\224\000"
 10066      1EA6902C 
 10066      6D78E5AE 
 10066      A68D9400 
 10067 00f4 C3655DBC 		.ascii	"\303e]\274=\346\024K\200<\\\226\015\037\277\306\326"
 10067      3DE6144B 
 10067      803C5C96 
 10067      0D1FBFC6 
 10067      D6
 10068 0105 9DE6BC94 		.ascii	"\235\346\274\224\207\016w,?\332>\300\035\215T#\365\010"
 10068      870E772C 
 10068      3FDA3EC0 
 10068      1D8D5423 
 10068      F508
 10069 0117 BF0EB9D0 		.ascii	"\277\016\271\320\011\271R\012n\300:\204\357\015\355"
 10069      09B9520A 
 10069      6EC03A84 
ARM GAS  /tmp/cckyrRJs.s 			page 251


 10069      EF0DED
 10070 0126 8B3AA913 		.ascii	"\213:\251\023\010\316\317O\236\313[\033\224\314\247"
 10070      08CECF4F 
 10070      9ECB5B1B 
 10070      94CCA7
 10071 0135 01CAF391 		.ascii	"\001\312\363\221\0067\201\276\301D\233\267\332G\340"
 10071      063781BE 
 10071      C1449BB7 
 10071      DA47E0
 10072 0144 47584B04 		.ascii	"GXK\004\347y*5\315h\236\344O\004\2174{\326\004\244@"
 10072      E7792A35 
 10072      CD689EE4 
 10072      4F048F34 
 10072      7BD604A4 
 10073 0159 4FFCBD12 		.ascii	"O\374\275\022??\302Y#\245\320\245D>\314\205\215\322"
 10073      3F3FC259 
 10073      23A5D0A5 
 10073      443ECC85 
 10073      8DD2
 10074 016b B937E113 		.ascii	"\2717\341\023\370\310\325\261'\232:\310Fq\220\313#\303"
 10074      F8C8D5B1 
 10074      279A3AC8 
 10074      467190CB 
 10074      23C3
 10075 017d F641B838 		.ascii	"\366A\2708gx\366h\304E\363\245\364\243\227-qCHs\036"
 10075      6778F668 
 10075      C445F3A5 
 10075      F4A3972D 
 10075      71434873 
 10076 0192 5A88AD3C 		.ascii	"Z\210\255<\300y\237\220f\020Q\322a\214\257[\235\314"
 10076      C0799F90 
 10076      661051D2 
 10076      618CAF5B 
 10076      9DCC
 10077 01a4 7B578A87 		.ascii	"{W\212\207\257\244\232u\372\276dw4'\016\270\355\300"
 10077      AFA49A75 
 10077      FABE6477 
 10077      34270EB8 
 10077      EDC0
 10078 01b6 6663CB03 		.ascii	"fc\313\003~\305\326\340\326\222\323!;,\331\307\352\372"
 10078      7EC5D6E0 
 10078      D692D321 
 10078      3B2CD9C7 
 10078      EAFA
 10079 01c8 86BD7483 		.ascii	"\206\275t\203d_o\3578Im\366\275&\312OqMp{\337\346^\226"
 10079      645F6FEF 
 10079      38496DF6 
 10079      BD26CA4F 
 10079      714D707B 
 10080 01e0 DC5BBBE7 		.ascii	"\334[\273\347{\030-\220\334_\373'\243\246\315\235<\231"
 10080      7B182D90 
 10080      DC5FFB27 
 10080      A3A6CD9D 
 10080      3C99
 10081 01f2 E1C6DEE6 		.ascii	"\341\306\336\346\236\221\334\256\305C]L\245\304\302"
 10081      9E91DCAE 
 10081      C5435D4C 
ARM GAS  /tmp/cckyrRJs.s 			page 252


 10081      A5C4C2
 10082 0201 E5C196EE 		.ascii	"\345\301\226\356y\267JIHl\377\235\250\177\342\245\205"
 10082      79B74A49 
 10082      486CFF9D 
 10082      A87FE2A5 
 10082      85
 10083 0212 52BA77E2 		.ascii	"R\272w\342\316~\217\235\222g\261\025\203\345\274\302"
 10083      CE7E8F9D 
 10083      9267B115 
 10083      83E5BCC2 
 10084 0222 BFB991EA 		.ascii	"\277\271\221\352\320\257\304\357\240\370m[\374\230\024"
 10084      D0AFC4EF 
 10084      A0F86D5B 
 10084      FC9814
 10085 0231 9FB8B870 		.ascii	"\237\270\270p\320c0\370\011\326@\034\237>|z\360\211"
 10085      D06330F8 
 10085      09D6401C 
 10085      9F3E7C7A 
 10085      F089
 10086 0243 E2138235 		.ascii	"\342\023\2025\242DDa\334\005\003\033\207\350\022\267"
 10086      A2444461 
 10086      DC05031B 
 10086      87E812B7 
 10087 0253 04D336A4 		.ascii	"\004\3236\244\207\370\302\342\036\036\232\372<\336\376"
 10087      87F8C2E2 
 10087      1E1E9AFA 
 10087      3CDEFE
 10088 0262 78C53B80 		.ascii	"x\305;\200\025ah8\350T\014L,u\034LC\314L\"H\226\250"
 10088      15616838 
 10088      E8540C4C 
 10088      2C751C4C 
 10088      43CC4C22 
 10089 0279 1A17889A 		.ascii	"\032\027\210\232\301\016DU\017\021\2729D({%\204\220"
 10089      C10E4455 
 10089      0F11BA39 
 10089      44287B25 
 10089      8490
 10090 028b 4A4AAE0D 		.ascii	"JJ\256\015\307\353\361\356C\204TQM-Jp1\005\274\351\345"
 10090      C7EBF1EE 
 10090      43845451 
 10090      4D2D4A70 
 10090      3105BCE9 
 10091 02a0 292AE39A 		.ascii	")*\343\232\202\322\023_\212\231\220\301#\235\213,\274"
 10091      82D2135F 
 10091      8A9990C1 
 10091      239D8B2C 
 10091      BC
 10092 02b1 82D5C7B8 		.ascii	"\202\325\307\270%\"G\377\004\006`\265d\314e\030\274"
 10092      252247FF 
 10092      040660B5 
 10092      64CC6518 
 10092      BC
 10093 02c2 E9DF7C39 		.ascii	"\351\337|9MA\351\241\330*\311\216Jv\265\377y\322\022"
 10093      4D41E9A1 
 10093      D82AC98E 
 10093      4A76B5FF 
 10093      79D212
ARM GAS  /tmp/cckyrRJs.s 			page 253


 10094 02d5 E9B5D445 		.ascii	"\351\265\324E\377s3\345(\203\322\222\225h\011\210d\240"
 10094      FF7333E5 
 10094      2883D292 
 10094      95680988 
 10094      64A0
 10095 02e7 719C4FF7 		.ascii	"q\234O\367;\203\020(Y&\312m\010\312\000\006EV\341g\010"
 10095      3B831028 
 10095      5926CA6D 
 10095      08CA0006 
 10095      4556E167 
 10096 02fc 82540F04 		.ascii	"\202T\017\004\263\261\355\220\352\2417\325)\020\270"
 10096      B3B1ED90 
 10096      EAA137D5 
 10096      2910B8
 10097 030b 871C013E 		.ascii	"\207\034\001>m\203\037C\331x\244@L\033\250\353u\260"
 10097      6D831F43 
 10097      D978A440 
 10097      4C1BA8EB 
 10097      75B0
 10098 031d 86E05FEC 		.ascii	"\206\340_\354\036\255\242t:\321\372\230d\322\320f\263"
 10098      1EADA274 
 10098      3AD1FA98 
 10098      64D2D066 
 10098      B3
 10099 032e 53E0EF28 		.ascii	"S\340\357(\037\321\025\035\220~\362F\305E\331J\006\360"
 10099      1FD1151D 
 10099      907EF246 
 10099      C545D94A 
 10099      06F0
 10100 0340 F3130C86 		.ascii	"\363\023\014\206!\027u\305\211\223\345\365T\341\334"
 10100      211775C5 
 10100      8993E5F5 
 10100      54E1DC
 10101 034f 081541E6 		.ascii	"\010\025A\346\245\363\207&\251\372CV\365By\314Th\015"
 10101      A5F38726 
 10101      A9FA4356 
 10101      F54279CC 
 10101      54680D
 10102 0362 7751B8A6 		.ascii	"wQ\270\246~\376\242\003\023\\\301\3712,\012\276\277"
 10102      7EFEA203 
 10102      135CC1F9 
 10102      322C0ABE 
 10102      BF
 10103 0373 B566377E 		.ascii	"\265f7~\347*A&\373>&\033}$2><H\314\372\350\023><\322"
 10103      E72A4126 
 10103      FB3E261B 
 10103      7D24323E 
 10103      3C48CCFA 
 10104 038c C7D5AC8F 		.ascii	"\307\325\254\217\007\031\037\364\377\370x\260\324G\016"
 10104      07191FF4 
 10104      FFF878B0 
 10104      D4470E
 10105 039b 12B33E7A 		.ascii	"\022\263>z\204\217\034\351\343\372k\027Q$7\343bS\335"
 10105      848F1CE9 
 10105      E3FA6B17 
 10105      512437E3 
 10105      6253DD
ARM GAS  /tmp/cckyrRJs.s 			page 254


 10106 03ae D2A36CE2 		.ascii	"\322\243l\342\023\351\304{\320\371\302\241\341jCe\356"
 10106      13E9C47B 
 10106      D0F9C2A1 
 10106      E16A4365 
 10106      EE
 10107 03bf 20C04826 		.ascii	" \300H&\363,uf&\234\315\374\237Y\372\3034=\007\351'"
 10107      F32C7566 
 10107      269CCDFC 
 10107      9F59FAC3 
 10107      343D07E9 
 10108 03d4 269A87D2 		.ascii	"&\232\207\322\211\257\310\201Q\233_I]\317Z\333\012\000"
 10108      89AFC881 
 10108      519B5F49 
 10108      5DCF5ADB 
 10108      0A00
 10109 03e6 50492F3F 		.ascii	"PI/?5\360\200f\224\346\202z\272\032\347\367\244\357"
 10109      35F08066 
 10109      94E6827A 
 10109      BA1AE7F7 
 10109      A4EF
 10110 03f8 506FA0A6 		.ascii	"Po\240\246\260\0148\324\332@\351\323\376\370Ym\323\005"
 10110      B00C38D4 
 10110      DA40E9D3 
 10110      FEF8596D 
 10110      D305
 10111 040a D1E079A2 		.ascii	"\321\340y\242.\242\3420\272l\3211\330\244\"\211\202"
 10111      2EA2E230 
 10111      BA6CD131 
 10111      D8A42289 
 10111      82
 10112 041b 8D173950 		.ascii	"\215\0279P\201\033\376\3323Oe\347\000B\306\"\2234\003"
 10112      811BFEDA 
 10112      334F65E7 
 10112      0042C622 
 10112      933403
 10113 042e F1D810F3 		.ascii	"\361\330\020\363\305\320\242;\023\320bP^\007!\263\300"
 10113      C5D0A23B 
 10113      13D06250 
 10113      5E0721B3 
 10113      C0
 10114 043f 10668CB6 		.ascii	"\020f\214\266\2454\004Y\265\203\003\267e\330\232@\315"
 10114      A5340459 
 10114      B58303B7 
 10114      65D89A40 
 10114      CD
 10115 0450 043F4E5F 		.ascii	"\004?N_\340\367\345#\366\005z1l\214\364\312\336\277"
 10115      E0F7E523 
 10115      F6057A31 
 10115      6C8CF4CA 
 10115      DEBF
 10116 0462 CE3A54A5 		.ascii	"\316:T\245\003$d\245\333\267\023\0221{\245S\361\027"
 10116      032464A5 
 10116      DBB71312 
 10116      317BA553 
 10116      F117
 10117 0474 C8998C6B 		.ascii	"\310\231\214k\0124\242\266L\031A\023\244s\373Gd\225"
 10117      0A34A2B6 
ARM GAS  /tmp/cckyrRJs.s 			page 255


 10117      4C194113 
 10117      A473FB47 
 10117      6495
 10118 0486 5216B2B3 		.ascii	"R\026\262\263\027\006\374.%\353\206\207*\263\263`\242"
 10118      1706FC2E 
 10118      25EB8687 
 10118      2AB3B360 
 10118      A2
 10119 0497 A075C92B 		.ascii	"\240u\311+:\312Uk\242\260\2633\363\251HA8\011\2575\370"
 10119      3ACA556B 
 10119      A2B0B333 
 10119      F3A94841 
 10119      3809AF35 
 10120 04ac EFD38F92 		.ascii	"\357\323\217\222\256\302\253\274\002K\211\021HB!y\206"
 10120      AEC2ABBC 
 10120      024B8911 
 10120      48422179 
 10120      86
 10121 04bd BE1BA825 		.ascii	"\276\033\250%\245,\321iZ\274E\023o\332\322\252!\245"
 10121      A52CD169 
 10121      5ABC4513 
 10121      6FDAD2AA 
 10121      21A5
 10122 04cf AA69D44F 		.ascii	"\252i\324OU#.\342\317\013\343\220\313R\255\330\016\314"
 10122      55232EE2 
 10122      CF0BE390 
 10122      CB52ADD8 
 10122      0ECC
 10123 04e1 1499C17A 		.ascii	"\024\231\301zrt^\032\002\274b\350\314|\260\0101\267"
 10123      72745E1A 
 10123      02BC62E8 
 10123      CC7CB008 
 10123      31B7
 10124 04f3 FBB6EDD8 		.ascii	"\373\266\355\330PL\330\267\333\266o]\246\026\033|\276"
 10124      504CD8B7 
 10124      DBB66F5D 
 10124      A6161B7C 
 10124      BE
 10125 0504 AD1F1517 		.ascii	"\255\037\025\027|PL\350\266-\337\321o\212\276\326\213"
 10125      7C504CE8 
 10125      B62DDFD1 
 10125      6F8ABED6 
 10125      8B
 10126 0515 7C3BB77C 		.ascii	"|;\267|%\307\235L\214r\372\305\177\260\017\250}"
 10126      25C79D4C 
 10126      8C72FAC5 
 10126      7FB00FA8 
 10126      7D
 10127              		.text
 10128              		.section	.gnu.lto_Thread1.5b3651c1394eefb,"e",%progbits
 10129 0000 789C9555 		.ascii	"x\234\225U]LTW\020>s\317\335\275w\027\330j\361\247-"
 10129      5D4C5457 
 10129      103E73CF 
 10129      DDBD7717 
 10129      D86AF1A7 
 10130 0015 55171588 		.ascii	"U\027\025\210M\272\320\3044\215M\023\323\247\276\364"
 10130      4DBAD0C4 
ARM GAS  /tmp/cckyrRJs.s 			page 256


 10130      348D4D13 
 10130      D3A7BEF4 
 10131 0025 A94F7DAA 		.ascii	"\251O}\252\210\033\335\252k\202\370\320'/\313VP\214"
 10131      881BDDAA 
 10131      6B82F8D0 
 10131      272FCB56 
 10131      508C
 10132 0037 4245812A 		.ascii	"BE\201*\256\272\202\372 b5\"Hu\345\307\212\202\362S"
 10132      AEBA82FA 
 10132      20623522 
 10132      4875E5C7 
 10132      8A82F253 
 10133 004b B58255C0 		.ascii	"\265\202U\300\362\017\212TQ\251\221\316\234{Yv\241\321"
 10133      F20F8A54 
 10133      51A991CE 
 10133      9C7B5976 
 10133      A1D1
 10134 005d 74039339 		.ascii	"t\003\2239g\2763?\337\3149We\300\366Y\030s3\306\274"
 10134      67BE333F 
 10134      DFCC3957 
 10134      65C0F659 
 10134      187333C6 
 10135 0072 F80F1606 		.ascii	"\370\017\026\006\222\246i+\225tU\002nh\034dC\223%\363"
 10135      92A6692B 
 10135      95745502 
 10135      6E681C64 
 10135      439325F3 
 10136 0086 90BF73AE 		.ascii	"\220\277s\256\254YMy\367\016~$k\221&0\0336\263\244\354"
 10136      AC594D79 
 10136      F70E7E24 
 10136      6B912630 
 10136      1B36B3A4 
 10137 009b 28DD4D36 		.ascii	"(\335M6u\254y\204l\252q\016\024\303\325e\025\330V\211"
 10137      75AC7984 
 10137      6CAA710E 
 10137      14C3D565 
 10137      15D85689 
 10138 00af CB26B3AA 		.ascii	"\313&\263\252\300V\316Y\360'O\251\273y>\207\352\314"
 10138      C056CE59 
 10138      F0274FA9 
 10138      BB793E87 
 10138      EACC
 10139 00c1 9E0A69D9 		.ascii	"\236\012i\3311<\245\005\362\313\242\013\264&\215\373"
 10139      313CA505 
 10139      F2CBA20B 
 10139      B4268DFB 
 10140 00d1 105F183C 		.ascii	"\020_\030<\003\225\260\014\201\367=E/\"w\241\015@\306"
 10140      0395B00C 
 10140      81F73D45 
 10140      2F2277A1 
 10140      0D40C6
 10141 00e4 65DEB5B3 		.ascii	"e\336\265\263\365VZJ`\307\345\240\226\375+p+0\324\033"
 10141      F5565A4A 
 10141      60C7E5A0 
 10141      96FD2B70 
 10141      2B30D41B 
 10142 00f8 F2BCFD90 		.ascii	"\362\274\375\220P\254i\036-\320\004_\3718\007\264\241"
ARM GAS  /tmp/cckyrRJs.s 			page 257


 10142      50AC691E 
 10142      2DD0045F 
 10142      F93807B4 
 10142      A1
 10143 0109 43A88218 		.ascii	"C\250\202\030\270\0001\214\341\236\255c\025\203\213"
 10143      B800318C 
 10143      E19EAD63 
 10143      15838B
 10144 0118 90C0E848 		.ascii	"\220\300\350H\327\351\327{\243\314\262\021\025.\201"
 10144      D7E9D77B 
 10144      A3CCB211 
 10144      152E81
 10145 0127 1970777B 		.ascii	"\031pw{`G\255\225/\022N\333\313\217\226F\304\371\205"
 10145      6047AD95 
 10145      2F124EDB 
 10145      CB8F9646 
 10145      C4F985
 10146 013a D3478D0B 		.ascii	"\323G\215\013\017ghW5\331\307e\010Ls\315\230\355\321"
 10146      0F676857 
 10146      35D9C765 
 10146      084C73CD 
 10146      98EDD1
 10147 014d AA109F70 		.ascii	"\252\020\237p\031\342\204Gf\033\306\210\325\350\032"
 10147      19E28447 
 10147      661BC688 
 10147      D5E81A
 10148 015c 31A75A4C 		.ascii	"1\247ZL\001\355\365D\246\026\270\362\365\365\263\265"
 10148      01EDF544 
 10148      A616B8F2 
 10148      F5F5B3B5 
 10149 016c 73E703E6 		.ascii	"s\347\003\346d\222P\2309\012E&a\"a&\241\240PU\022\026"
 10149      64925098 
 10149      390A4526 
 10149      61226126 
 10149      A1A05055 
 10150 0182 12561211 		.ascii	"\022V\022\021(\344h\024\330\326l\316\372\363$\320\002"
 10150      28E46814 
 10150      D8D66CCE 
 10150      FAF324D0 
 10150      02
 10151 0193 8CEDE412 		.ascii	"\214\355\344\022\251\031\250\366\200vd\260\204\213\340"
 10151      A919A8F6 
 10151      807664B0 
 10151      848BE0
 10152 01a2 A40FC71B 		.ascii	"\244\017\307\033\252\307N\012\346\350\351:w\033\370"
 10152      AAC74E0A 
 10152      E6E8E93A 
 10152      771BF8
 10153 01b1 5251E178 		.ascii	"RQ\341x\335\301$\203\265\233\305K~i\334\246\345\200"
 10153      DDC12483 
 10153      B59BC54B 
 10153      7E69DCA6 
 10153      E580
 10154 01c3 0F29ADA1 		.ascii	"\017)\255\241\002!X \324B\002n\333\266;\351PF\326\236"
 10154      02215820 
 10154      D442026E 
 10154      DBB63BE9 
ARM GAS  /tmp/cckyrRJs.s 			page 258


 10154      5046D69E 
 10155 01d7 F38A410B 		.ascii	"\363\212A\013\265\357\254\246m_\031<\305\302N\011j\353"
 10155      B5EFACA6 
 10155      6D5F193C 
 10155      C5C24E09 
 10155      6AEB
 10156 01e9 200E8F05 		.ascii	" \016\217\005FsO\232c\277\365i\005v\037\217 G\265\035"
 10156      46734F9A 
 10156      63BFF569 
 10156      05761F8F 
 10156      2047B51D 
 10157 01fd 59ADB217 		.ascii	"Y\255\262\027<\351\005\232v\350q\211\303\307#\341\012"
 10157      3CE9059A 
 10157      76E87189 
 10157      C3C723E1 
 10157      0A
 10158 020e C48A84E1 		.ascii	"\304\212\204\3417\360\002U\360\260\267\245\271\014\202"
 10158      37F00255 
 10158      F0B0B7A5 
 10158      B90C82
 10159 021d DC7A696A 		.ascii	"\334zij:\262\333-\234\334\012\2221S\014rU/\270\253\333"
 10159      3AB2DB2D 
 10159      9CDC0A92 
 10159      31530C72 
 10159      552FB8AB 
 10160 0232 F34D5873 		.ascii	"\363MXs\001\352\321\022\332p\202\352\233p\015\345\000"
 10160      01EAD112 
 10160      DA7082EA 
 10160      9B700DE5 
 10160      00
 10161 0243 78AAEA63 		.ascii	"x\252\352cH-\342\321\010\333\225\361\370\276JS\026%"
 10161      482DE2D1 
 10161      08DB95F1 
 10161      F8BE4A53 
 10161      1625
 10162 0255 282A3ADE 		.ascii	"(*:\3360a\241$U\334\361\323\254\340\346\355\366+MP\014"
 10162      3061A124 
 10162      55DCF1D3 
 10162      ACE0E6ED 
 10162      F62B4D50 
 10163 026a 7E24CB06 		.ascii	"~$\313\006\015\230)\\\2479@K\345OYe\346\244R\312\362"
 10163      0D98295C 
 10163      A739404B 
 10163      E54F5965 
 10163      E6A452CA 
 10164 027f D03C1F7F 		.ascii	"\320<\037\177\007\032\021W\300\215\004\021\340\355;"
 10164      071A1157 
 10164      C08D0411 
 10164      E0ED3B
 10165 028e D1663500 		.ascii	"\321f5\000nl$\334\200\244\002\254@\330\341&$QB?\327"
 10165      6E6C24DC 
 10165      80A402AC 
 10165      40D8E126 
 10165      2451423F 
 10166 02a3 AFA08442 		.ascii	"\257\240\204B\263\261\210l\002mewmz\340Y\230.4\031a"
 10166      B3B1886C 
 10166      026D6577 
ARM GAS  /tmp/cckyrRJs.s 			page 259


 10166      6D7AE059 
 10166      982E3419 
 10167 02b8 D37D0FCE 		.ascii	"\323}\017\316O\206-\025-l\026q%\303o\013$M#\2348\014"
 10167      4F862D15 
 10167      2D6C1671 
 10167      25C36F0B 
 10167      244D239C 
 10168 02ce 67BC9518 		.ascii	"g\274\225\030\247a\342-#\343\307A\214\023-\351\236k"
 10168      A761E22D 
 10168      23E3C741 
 10168      8C132DE9 
 10168      9E6B
 10169 02e0 32A48BE9 		.ascii	"2\244\213\351\362\034\262\211\253B\344\213\001{\022"
 10169      F21CB289 
 10169      AB42E48B 
 10169      017B12
 10170 02ef 1F9CB5E7 		.ascii	"\037\234\265\347%&\232u\241\277\214\027\252 \327Aj\021"
 10170      25269A75 
 10170      A1BF8C17 
 10170      AA20D741 
 10170      6A11
 10171 0301 87D07266 		.ascii	"\207\320rf\317 w\266\237\372\030N\356\273p\213\310\375"
 10171      CF2077B6 
 10171      9FFA184E 
 10171      EEBB708B 
 10171      C8FD
 10172 0313 7D26B938 		.ascii	"}&\2718C&\270-j\244\236\300\035\235\270\252\372\317"
 10172      4326B82D 
 10172      6AA49EC0 
 10172      1D9DB8AA 
 10172      FACF
 10173 0325 F5605268 		.ascii	"\365`Rh0S\030w\351\372\361h\314\010\376\230\311\037"
 10173      30531877 
 10173      E9FAF168 
 10173      CC08FE98 
 10173      C91F
 10174 0337 9AE6C05D 		.ascii	"\232\346\300]\341\231\036.hC\317\335\340}P\363\312<"
 10174      E1991E2E 
 10174      6843CFDD 
 10174      E07D50F3 
 10174      CA3C
 10175 0349 E5BAA43B 		.ascii	"\345\272\244;7\337F\256\347\200\014\355\372\033\200"
 10175      37DF46AE 
 10175      E7800CED 
 10175      FA1B80
 10176 0358 37D274B4 		.ascii	"7\322t\264\363Y\263\270\210\322Nn\236\300\037\247\205"
 10176      F359B3B8 
 10176      88D24E6E 
 10176      9EC01FA7 
 10176      85
 10177 0369 4CBC7D2F 		.ascii	"L\274}/\336\001|\031\212p\372\211\242\011\203\256\001"
 10177      DE017C19 
 10177      8A70FA89 
 10177      A20983AE 
 10177      01
 10178 037a A81E5549 		.ascii	"\250\036UI\013My\256H\271\367\311\211\0276}\251\345"
 10178      0B4D79AE 
ARM GAS  /tmp/cckyrRJs.s 			page 260


 10178      48B9F7C9 
 10178      8917367D 
 10178      A9E5
 10179 038c 6469F408 		.ascii	"di\364\010\036\311\034\250\220\246\252\230\007\177\342"
 10179      1EC91CA8 
 10179      90A6AA98 
 10179      077FE2
 10180 039b 75BB6794 		.ascii	"u\273g\224\321\260\277eo\024\226\341M'\333|\270/\312"
 10180      D1B0BF65 
 10180      6F1496E1 
 10180      4D27DB7C 
 10180      B82FCA
 10181 03ae 30E9435B 		.ascii	"0\351C[\325V\327a\015\032\337\203\0074xf\335v\360\364"
 10181      D556D761 
 10181      0D1ADF83 
 10181      07347866 
 10181      DD76F0F4 
 10182 03c2 FE563968 		.ascii	"\376V9h{\037:\310\246P\371\235br*w\014U\210D>\240\007"
 10182      7B1F3AC8 
 10182      A650F99D 
 10182      62722A77 
 10182      0C558844 
 10183 03d9 07BA301E 		.ascii	"\007\2720\036\225p8a\262\313\2572Ag\207Sy\003\220Q\266"
 10183      95703861 
 10183      B2CBAF32 
 10183      41678753 
 10183      79039051 
 10184 03ee CDD89071 		.ascii	"\315\330\220q\017=\034\030\354\273(\223\007\005rn0x"
 10184      0F3D1C18 
 10184      ECBB2893 
 10184      0705726E 
 10184      3078
 10185 0400 881E1075 		.ascii	"\210\036\020u`\022eB \242\372/\267\336\212\324Q\275"
 10185      60126542 
 10185      20A2FA2F 
 10185      B7DE8AD4 
 10185      51BD
 10186 0412 0AFCA583 		.ascii	"\012\374\245\203\316O\202\010\207\240\221\272}_\350"
 10186      CE4F8208 
 10186      87A091BA 
 10186      7D5FE8
 10187 0421 983E05BA 		.ascii	"\230>\005\272\005f*\276\20206\004^\273\310l\332\214"
 10187      05662ABE 
 10187      82303604 
 10187      5EBBC86C 
 10187      DA8C
 10188 0433 C514E28D 		.ascii	"\305\024\342\215`\320C\223\216P\037\377P\224Q\2340\243"
 10188      60D04393 
 10188      8E501FFF 
 10188      5094519C 
 10188      30A3
 10189 0445 11FF8BE6 		.ascii	"\021\377\213\346\3367\321\334\367\006\232\373\311\246"
 10189      DE37D1DC 
 10189      F7069AFB 
 10189      C9A6
 10190 0453 12CD0390 		.ascii	"\022\315\003\220\024d\365\204\236\316[\212\030\234V"
 10190      1464F584 
ARM GAS  /tmp/cckyrRJs.s 			page 261


 10190      9ECE5B8A 
 10190      189C56
 10191 0462 C4C9602F 		.ascii	"\304\311`/\366\325\177\246sa\011\235\250\0053n\334\002"
 10191      F6D57FA6 
 10191      7361099D 
 10191      A805336E 
 10191      DC02
 10192 0474 3F390ABF 		.ascii	"?9\012\277q\013a\230n\334\020U\012\217p\223f\377^M-"
 10192      710B6198 
 10192      6EDC1055 
 10192      0A8F7093 
 10192      66FF5E4D 
 10193 0489 4C793CB9 		.ascii	"Ly<\271\307wItr!\274\306\371~\254O\377\030D\240\255"
 10193      C7774974 
 10193      7221BCC6 
 10193      F97EAC4F 
 10193      FF1844A0 
 10194 049e A631A7C7 		.ascii	"\2461\247\307B6\031\306\001F Fn+\037'>\317L\234\031"
 10194      423619C6 
 10194      01462046 
 10194      6E2B1F27 
 10194      3ECF4C9C 
 10195 04b3 360C4F39 		.ascii	"6\014O9<\201\030\374\360es\365\324\356\037\357H\000"
 10195      3C8118FC 
 10195      F06573F5 
 10195      D4EE1FEF 
 10195      4800
 10196 04c5 F8CA28CD 		.ascii	"\370\312(\315\301G\207\252)?\246\204\221P\304\255\323"
 10196      C14787AA 
 10196      293FA684 
 10196      9150C4AD 
 10196      D3
 10197 04d6 B25F5448 		.ascii	"\262_TH7\037Fu\032p\303\216\340m\377\311Xl!]e\370\233"
 10197      371F4675 
 10197      1A70C38E 
 10197      E06DFFC9 
 10197      586C215D 
 10198 04ed A0A1942C 		.ascii	"\240\241\224,\236A\311b?9\015\247d\011<#J\236\032\315"
 10198      9E41C962 
 10198      3F390DA7 
 10198      64093C23 
 10198      4A9E1ACD 
 10199 0501 AFC80F1C 		.ascii	"\257\310\017\034\021\360,|k/\264)\344f\014\241\"0<G"
 10199      11F02C7C 
 10199      6B2FB429 
 10199      E4660CA1 
 10199      22303C47 
 10200 0515 2882CE35 		.ascii	"(\202\3165>\314\265\305\256\326?vK\351\330X\256V\026"
 10200      3ECCB5C5 
 10200      AED63F76 
 10200      4BE9D858 
 10200      AE5616
 10201 0528 35F9B12B 		.ascii	"5\371\261+?\366\261\217\307\301\013|z\305\251\227x\012"
 10201      3FF6B18F 
 10201      C7C10B7C 
 10201      7AC5A997 
 10201      780A
ARM GAS  /tmp/cckyrRJs.s 			page 262


 10202 053a 2BF4F178 		.ascii	"+\364\361xQ\374\005\243x\354\345\350U\2071\221o\357"
 10202      51FC05A3 
 10202      78ECE5E8 
 10202      55873191 
 10202      6FEF
 10203 054c DCF854E7 		.ascii	"\334\370T\347\376\301M4w\226\014,\327;E/\321+2\215\201"
 10203      FEC14D34 
 10203      77960C2C 
 10203      D73B452F 
 10203      D12B328D 
 10204 0561 8A6D348F 		.ascii	"\212m4\217WVsl\0000\272\344L\331\230\354r;R\030ON];"
 10204      5756736C 
 10204      0030BAE4 
 10204      4CD998EC 
 10204      723B5218 
 10205 0579 4BD71DC9 		.ascii	"K\327\035\311\311\316OS\226\177\222\302\3444\327F\247"
 10205      C9CE4F53 
 10205      967F92C2 
 10205      E434D746 
 10205      A7
 10206 058a EC4EDEE8 		.ascii	"\354N\336\350Lt8\350/e\235k\265k\323\346\357\322R\267"
 10206      4C7438E8 
 10206      2F659D6B 
 10206      B56BD3E6 
 10206      EFD252B7 
 10207 059e B8D7276E 		.ascii	"\270\327'n\332\234\230\232\226\350r\247l\330\262\306"
 10207      DA9C989A 
 10207      96E872A7 
 10207      6CD8B2C6 
 10208 05ae 89B654E7 		.ascii	"\211\266T\347Z\327\346\264\324\037\034\353\230\272z"
 10208      5AD7E6B4 
 10208      D41F1CEB 
 10208      98BA7A
 10209 05bd 83CBBDDE 		.ascii	"\203\313\275\336\231\312\"\277L\336\262f\205=n\215="
 10209      99CA22BF 
 10209      4CDEB266 
 10209      853D6E8D 
 10209      3D
 10210 05ce CACAFE05 		.ascii	"\312\312\376\005\012\332H\236"
 10210      0ADA489E 
 10211              		.text
 10212              		.section	.gnu.lto_safe_print.5b3651c1394eefb,"e",%progbits
 10213 0000 789C6D51 		.ascii	"x\234mQAk\023A\024~\337\274\335\3546M\321S\021\202\220"
 10213      416B1341 
 10213      147EDFBC 
 10213      DDEC364D 
 10213      D1531182 
 10214 0015 1EA41421 		.ascii	"\036\244\024!(\026\317^\374\013=\033\026\017\"\372\027"
 10214      2816CF5E 
 10214      FC0B3D1B 
 10214      160F22FA 
 10214      17
 10215 0026 3A9BC454 		.ascii	":\233\304Th\251\227jZj\330\322\022\252\020(\026\021"
 10215      68A9976A 
 10215      5A6AD8D2 
 10215      12AA1028 
 10215      1611
ARM GAS  /tmp/cckyrRJs.s 			page 263


 10216 0038 62A25D1B 		.ascii	"b\242]\033m{\250E4x\250\245\212b\017\"\212?\300\324"
 10216      6D7BA845 
 10216      3478A8A5 
 10216      8A620F22 
 10216      8A3FC0D4 
 10217 004c 373BC582 		.ascii	"7;\305\20280\273\337\314\373\276\367\276y\317'\320u"
 10217      3830BBDF 
 10217      CCFBBEF7 
 10217      BE79CF27 
 10217      D075
 10218 005e 459423A2 		.ascii	"E\224#\242\313\262\221\"(\255\365%/\364\225bA9G\247"
 10218      CBB29122 
 10218      28ADF525 
 10218      2FF49562 
 10218      413947A7 
 10219 0072 1DFBCF30 		.ascii	"\035\373\3170\334$\006\347\010\204\276\013$H\373\240"
 10219      DC2406E7 
 10219      0884BE0B 
 10219      2448FBA0 
 10220 0082 71C58E8B 		.ascii	"q\305\216\213q\334\341*c}\342\240\251F\226%\250\343"
 10220      71DCE12A 
 10220      637DE2A0 
 10220      A9469625 
 10220      A8E3
 10221 0094 EACC6045 		.ascii	"\352\314`E\337:\0251\321\234l\273\360\024#\302\333Y"
 10221      DF3A1531 
 10221      D19C6CBB 
 10221      F01423C2 
 10221      DB59
 10222 00a6 AECFA439 		.ascii	"\256\317\2449\015\022\334]\375\262\343\016\327\265."
 10222      0D12DC5D 
 10222      FDB2E30E 
 10222      D7B52E
 10223 00b5 EA78BBC4 		.ascii	"\352x\273\304:\0231\320\002\213\010\027\2628\227%\264"
 10223      3A1331D0 
 10223      028B0817 
 10223      B2389725 
 10223      B4
 10224 00c6 312C9799 		.ascii	"1,\227\231\315+\011$\243\372\374\250ww \345\230\324"
 10224      CD2B0924 
 10224      A3FAFCA8 
 10224      777720E5 
 10224      98D4
 10225 00d8 78260FB0 		.ascii	"x&\017\260_H\211\225\267n\254{\207\023:\336[B4\346\201"
 10225      5F488995 
 10225      B76EAC7B 
 10225      87133ADE 
 10225      5B4234E6 
 10226 00ed 22560A56 		.ascii	"\"V\012V9\311d\3149\3201\321\024+{\010\345p\000\275"
 10226      39C964CC 
 10226      39D031D1 
 10226      142B7B08 
 10226      E57000BD 
 10227 0101 B8D2E024 		.ascii	"\270\322\340$\3157\224\356W\036\272\006\327\0305VR\260"
 10227      CD3794EE 
 10227      571EBA06 
 10227      D7183556 
ARM GAS  /tmp/cckyrRJs.s 			page 264


 10227      52B0
 10228 0113 D3FDF5BA 		.ascii	"\323\375\365\272\177\232\215\271O\300sd\351+\312{\235"
 10228      7F9A8DB9 
 10228      4FC07364 
 10228      E92BCA7B 
 10228      9D
 10229 0124 D1239230 		.ascii	"\321#\2220\336\355\3576\3312>\022\326\204a\326\024\233"
 10229      DEEDEF36 
 10229      D9323E12 
 10229      D68461D6 
 10229      149B
 10230 0136 866A9514 		.ascii	"\206j\225\024\371.M4\005\204]{\260}\330WF1\364#\226"
 10230      F92E4D34 
 10230      05845D7B 
 10230      B07DD857 
 10230      4631F423 
 10231 014b B78A73C4 		.ascii	"\267\212s\304(\203\244Z\304N\"t\302\277B\343\256\325"
 10231      2883A45A 
 10231      C44E2274 
 10231      C2BF42E3 
 10231      AED5
 10232 015d 481C4992 		.ascii	"H\034I\222J\356\177Y\3349\226\241\342\205\311\"\241"
 10232      4AEE7F59 
 10232      DC3996A1 
 10232      E285C922 
 10232      A1
 10233 016e E9D2CF7D 		.ascii	"\351\322\317}\337\330I\341_fj\311\014D.\337\177\330"
 10233      DFD849E1 
 10233      5F666AC9 
 10233      0C442EDF 
 10233      7FD8
 10234 0180 78833AA4 		.ascii	"x\203:\244O\354\241#B\254\033\333\022iV\343\305\204"
 10234      4FECA123 
 10234      42AC1BDB 
 10234      126956E3 
 10234      C584
 10235 0192 7E5BEB85 		.ascii	"~[\353\205\326\256g\322\274\024\252m\363+\241\012i\253"
 10235      D6AE67D2 
 10235      BC14AA6D 
 10235      F32BA10A 
 10235      69AB
 10236 01a4 D69E3F31 		.ascii	"\326\236?1t:\322\263\271\210}#\373\335}\274\352\031"
 10236      743AD2B3 
 10236      B9887D23 
 10236      FBDD7DBC 
 10236      EA19
 10237 01b6 D9AC9135 		.ascii	"\331\254\2215\316F\334\207\015\014Y\325\246U\335k?\351"
 10237      CE46DC87 
 10237      0D0C59D5 
 10237      A655DD6B 
 10237      3FE9
 10238 01c8 0D186369 		.ascii	"\015\030ci\344\261\205l\304\375\311s\335\343a\374@q"
 10238      E4B1856C 
 10238      C4FDC973 
 10238      DDE361FC 
 10238      4071
 10239 01da 61AD618B 		.ascii	"a\255a\213\2315\3118\036\033\221w\243p\355f> \004'-"
ARM GAS  /tmp/cckyrRJs.s 			page 265


 10239      9935C938 
 10239      1E1B9177 
 10239      A370ED66 
 10239      3E200427 
 10240 01ef CA170A57 		.ascii	"\312\027\012W/\006\243\347\003\3423\001\375\001\254"
 10240      2F06A3E7 
 10240      03E23301 
 10240      FD01AC
 10241 01fe DDD174   		.ascii	"\335\321t"
 10242              		.text
 10243              		.section	.gnu.lto_increase_rwcnt.5b3651c1394eefb,"e",%progbits
 10244 0000 789C4D90 		.ascii	"x\234M\220\273K$A\020\306\353\353\352\325u\361\025\231"
 10244      BB4B2441 
 10244      10C6EBEB 
 10244      EAD575F1 
 10244      1599
 10245 0012 08B28120 		.ascii	"\010\262\201 \233,x\210\311%\367W\030\273,\006\012\032"
 10245      9B2C7888 
 10245      C925F757 
 10245      18BB2C06 
 10245      0A1A
 10246 0024 99DBFB40 		.ascii	"\231\333\373@\021\027\017\301C\024\367<\016E\004A\024"
 10246      11170FC1 
 10246      4314F73C 
 10246      0E450441 
 10246      14
 10247 0035 517C8F1A 		.ascii	"Q|\217\032i$\"\006\302\012\012N\240\350\202\036\207"
 10247      69242206 
 10247      C20A0A4E 
 10247      A0E8821E 
 10247      87
 10248 0046 18AC57DD 		.ascii	"\030\254W\3353\207\016LO\325t\375\276\372\252\242\004"
 10248      33870E4C 
 10248      4FD574FD 
 10248      BEFAAAA2 
 10248      04
 10249 0057 7A06510B 		.ascii	"z\006Q\013\021}\225\027\021\2022\306|\253\316D\225b"
 10249      117D9517 
 10249      118232C6 
 10249      7CABCE44 
 10249      9562
 10250 0069 89E2DAC4 		.ascii	"\211\342\332\304t\360\255e\350\360N\003.2Q\320\220b"
 10250      74F0AD65 
 10250      E8F04E03 
 10250      2E3251D0 
 10250      9062
 10251 007b 8D217CE7 		.ascii	"\215!|\347)\306u\266\370Z;\316sL\320\222N\236\256\237"
 10251      29C675B6 
 10251      F85A3BCE 
 10251      734CD092 
 10251      4E9EAE9F 
 10252 008f C46C0AC4 		.ascii	"\304l\012\304%\315_\376\334\322\211Ec\262\306\233Zk"
 10252      25CD5FFE 
 10252      DCD28945 
 10252      63B2C69B 
 10252      5A6B
 10253 00a1 9A593F33 		.ascii	"\232Y?35s\254hZ\312w\320\214m4\223}\260\213\204\224"
ARM GAS  /tmp/cckyrRJs.s 			page 266


 10253      3573AC68 
 10253      5ACA77D0 
 10253      8C6D3493 
 10253      7DB08B84 
 10254 00b6 6FCE543C 		.ascii	"o\316T<\3151\220\304\217\231\011\277\241m\301\241\027"
 10254      CD3190C4 
 10254      8F9909BF 
 10254      A16DC1A1 
 10254      17
 10255 00c7 F36C5A85 		.ascii	"\363lZ\205\303\036\3703\212}\264\311\357\372\345n\027"
 10255      C31EF833 
 10255      8A7DB4C9 
 10255      EFFAE56E 
 10255      17
 10256 00d8 92E56E57 		.ascii	"\222\345nW+?\352\252\264kq\200*\012N\231\230V\316#\236"
 10256      2B3FEAAA 
 10256      B46B7180 
 10256      2A0A4E99 
 10256      9856CE23 
 10257 00ed A9BC8F18 		.ascii	"\251\274\217\030\357\317<v\272\"p\220\202=9\024\030"
 10257      EFCF3C76 
 10257      BA227090 
 10257      823D3914 
 10257      18
 10258 00fe 6392318D 		.ascii	"c\2221\215\206\361\210\012\254\202$#\211\017\363\373"
 10258      86F1880A 
 10258      AC822423 
 10258      890FF3FB 
 10259 010e 61999DDA 		.ascii	"a\231\235\332=r\263\303\2756,2\027YI\333\215\321\307"
 10259      3D72B3C3 
 10259      BD362C32 
 10259      175949DB 
 10259      8DD1C7
 10260 0121 A51A3BB8 		.ascii	"\245\032;\270\350\301\023o>\262q[au\245\312\361\345"
 10260      E8C1136F 
 10260      3EB2715B 
 10260      6175A5CA 
 10260      F1E5
 10261 0133 90BF43BE 		.ascii	"\220\277C\276t\334\021\362\002\337<\224*\365\001\\N"
 10261      74DC11F2 
 10261      02DF3C94 
 10261      2AF5015C 
 10261      4E
 10262 0144 E2305C4A 		.ascii	"\3420\\J\2019#\355\225m\017\213o\303\321\242\374\353"
 10262      813923ED 
 10262      956D0F8B 
 10262      6FC3D1A2 
 10262      FCEB
 10263 0156 1EFFB505 		.ascii	"\036\377\265\005\037\317\225\257\243\001N8rt\201\365"
 10263      1FCF95AF 
 10263      A3014E38 
 10263      727481F5 
 10264 0166 67EB8A02 		.ascii	"g\353\212\002\033p6^B\033O\"\324\027\270\260\373\371"
 10264      1B70365E 
 10264      421B4F22 
 10264      D417B8B0 
 10264      FBF9
ARM GAS  /tmp/cckyrRJs.s 			page 267


 10265 0178 0B881D75 		.ascii	"\013\210\035u\345\177\261\"\374\346\237\263\354\003"
 10265      E57FB122 
 10265      FCE69FB3 
 10265      EC03
 10266 0186 1FFB20AA 		.ascii	"\037\373 \252\356O\365\016$\323\304\351\201\301\306"
 10266      EE4FF50E 
 10266      24D3C4E9 
 10266      81C1C6
 10267 0195 204EA652 		.ascii	" N\246R=\235\351\216\3664\375\003Ys\253\301"
 10267      3D9DE98E 
 10267      F634FD03 
 10267      5973ABC1 
 10268              		.text
 10269              		.section	.gnu.lto_get_count.5b3651c1394eefb,"e",%progbits
 10270 0000 789C8D54 		.ascii	"x\234\215T\337oTU\020>s\317\275{\357\336\335\3566\306"
 10270      DF6F5455 
 10270      103E73CF 
 10270      BD7BEFDE 
 10270      DDEE36C6 
 10271 0014 186579E8 		.ascii	"\030ey\350\203\015\362\320\246T\242}\362\307\233\377"
 10271      830DF2D0 
 10271      A654A27D 
 10271      F2C79BFF 
 10272 0024 80313E61 		.ascii	"\2001>a\323\324\004\023\032\243}\360\211\236\335-`C"
 10272      D3D40413 
 10272      1AA37DF0 
 10272      899EDD2D 
 10272      6043
 10273 0036 0534086D 		.ascii	"\0054\010m\343\332\226\205\026p[5!\230H\251+\273\024"
 10273      E3DA9685 
 10273      16705B35 
 10273      219848A9 
 10273      2BBB14
 10274 0049 5AB19602 		.ascii	"Z\261\226\002\305\376V\210\013\266\322V \305Vm\235\231"
 10274      C5FE5688 
 10274      0BB6D256 
 10274      20C5566D 
 10274      9D99
 10275 005b 7B775B6A 		.ascii	"{w[jI\330\344\356\316=sf\346\233o\276YK\200x\323\024"
 10275      49D8E4EE 
 10275      CE3D7366 
 10275      E69B6FBE 
 10275      594B8078 
 10276 0071 A2440811 		.ascii	"\242D\010\021\303\007|\0024\245\324+f\330\3224\253\241"
 10276      C3077C02 
 10276      34A5D42B 
 10276      66D8D234 
 10276      ABA1
 10277 0083 F1755DD9 		.ascii	"\361u]\331\336\333\231\223/\353\312\357\005\311.\220"
 10277      DEDB9993 
 10277      2FEBCAEF 
 10277      05C92E90 
 10278 0093 9A8E4601 		.ascii	"\232\216F\001\272\014\347\327\257\203\341F\031\232\247"
 10278      BA0CE7D7 
 10278      AF83E146 
 10278      199AA7
 10279 00a2 73FF2E13 		.ascii	"s\377.\023}\366\340\334b\031\372l7\354U\217f\245\246"
ARM GAS  /tmp/cckyrRJs.s 			page 268


 10279      7DF6E0DC 
 10279      6219FA6C 
 10279      37EC558F 
 10279      66A5A6
 10280 00b5 E3802EF3 		.ascii	"\343\200.\363\354\301\261\227\320e\202\345\206Y\000"
 10280      ECC1B197 
 10280      D06582E5 
 10280      865900
 10281 00c4 6C290B44 		.ascii	"l)\013D\215\346\225\272a{L\013j4)r\237\375\362\260\204"
 10281      8DE695BA 
 10281      617B4C0B 
 10281      6A342972 
 10281      9FFDF2B0 
 10282 00d9 8948EC2F 		.ascii	"\211H\354/\377>\331,\005\350\370z\260\357T\257M\257"
 10282      FF3ED92C 
 10282      05E8F87A 
 10282      B0EF54AF 
 10282      4DAF
 10283 00eb 0005F85A 		.ascii	"\000\005\370Z\037\036>#7\267c*\225<\334\375T\343\251"
 10283      1F1E3E23 
 10283      37B7632A 
 10283      953CDCFD 
 10283      54E3A9
 10284 00fe 01E56D96 		.ascii	"\001\345m\226\232h\304\353g \004\337B\210SA\027l\026"
 10284      9A68C4EB 
 10284      672004DF 
 10284      42885341 
 10284      176C16
 10285 0111 02030E8C 		.ascii	"\002\003\016\214-t\371\244\015d\177\222\352\372\005"
 10285      2D74F9A4 
 10285      0D647F92 
 10285      EAFA05
 10286 0120 0AE34A45 		.ascii	"\012\343JET\262\1774?\022U\015Jo\226\022\316\202\244"
 10286      54B27F34 
 10286      3F12550D 
 10286      4A6F9612 
 10286      CE82A4
 10287 0133 04CF87A0 		.ascii	"\004\317\207\240$$\240\033\012\205\010~\364\026\205"
 10287      2424A01B 
 10287      0A85087E 
 10287      F41685
 10288 0142 A413AD75 		.ascii	"\244\023\255u\266,\340\360\272\311\361\306\240\033>"
 10288      B62CE0F0 
 10288      BAC9F1C6 
 10288      A01B3E
 10289 0151 1696AA5E 		.ascii	"\026\226\252^i\024\374\335C\301I\016V\034\374\305\371"
 10289      6914FCDD 
 10289      43C1490E 
 10289      561CFCC5 
 10289      F9
 10290 0162 6B199F7C 		.ascii	"k\031\237|\226\203\357Ov\037\325\334\340\236\321\247"
 10290      9683EF4F 
 10290      761FD5DC 
 10290      E09ED1A7 
 10291 0172 5BA3EA22 		.ascii	"[\243\352\"\325\326\341{'<\013\036\316q\202{\333(\350"
 10291      D5D6E17B 
 10291      273C0B1E 
ARM GAS  /tmp/cckyrRJs.s 			page 269


 10291      CE71827B 
 10291      DB28E8
 10292 0185 C6D74B9F 		.ascii	"\306\327K\237\346yt:\243\304\214\214.\247\300#\234o"
 10292      E679743A 
 10292      A3C48C8C 
 10292      2EA7C023 
 10292      9C6F
 10293 0197 10E22137 		.ascii	"\020\342!7\006}\323\264\224\324e\021W\275\023\3768\023"
 10293      067DD3B4 
 10293      94D46511 
 10293      57BD13FE 
 10293      3813
 10294 01a9 DC74CCE9 		.ascii	"\334t\314\351x\370\311\243Q\365\032\325LSMX\251y\036"
 10294      78F8C9A3 
 10294      51F51AD5 
 10294      4C534D58 
 10294      A9791E
 10295 01bc 36E17130 		.ascii	"6\341q0\301\250;\016\235h\363\271H\227\206\237XA\232"
 10295      C1A83B0E 
 10295      9D68F3B9 
 10295      4897869F 
 10295      58419A
 10296 01cf 5E8314A3 		.ascii	"^\203\024\243\230\352\036(\374r\320H\252\245\345=*\231"
 10296      98EA1E28 
 10296      FC72D048 
 10296      AAA5E53D 
 10296      2A99
 10297 01e1 8E43EC8D 		.ascii	"\216C\354\215|\020\315\322\320\230J\211\246G\347\276"
 10297      7C10CDD2 
 10297      D0984A89 
 10297      A647E7BE 
 10298 01f1 0C34352F 		.ascii	"\01445/\23363\345\343`?\337\313#g\200\017\202\374-\304"
 10298      9B3633E5 
 10298      E3603FDF 
 10298      CB236780 
 10298      0F82FC2D 
 10299 0206 5E29DAC6 		.ascii	"^)\332\306\356\227\201J\012Q/5\266\243hg@\035\271\331"
 10299      EE97814A 
 10299      0A512F35 
 10299      B6A36867 
 10299      401DB9D9 
 10300 021a 21998029 		.ascii	"!\231\200)\210\034\352\335HfLz\021\375\276\350\354\204"
 10300      881CEADD 
 10300      48664C7A 
 10300      11FDBEE8 
 10300      EC84
 10301 022c 457A3199 		.ascii	"Ez1\231\200\330\361K\313\336Z\210\204-<\211\223\326"
 10301      80D8F14B 
 10301      CBDE5A88 
 10301      842D3C89 
 10301      93D6
 10302 023e F07068B4 		.ascii	"\360ph\264g\000\216A\034\250\253\213P\013p\201d\003"
 10302      67008E41 
 10302      1CA8AB8B 
 10302      500B7081 
 10302      6403
 10303 0250 BD7888C9 		.ascii	"\275x\210\311#\005\224\216PbJ.v\313-F\366\357E\331\272"
ARM GAS  /tmp/cckyrRJs.s 			page 270


 10303      2305948E 
 10303      50624A2E 
 10303      76CB2D46 
 10303      F6EF45D9 
 10304 0265 5DBD454E 		.ascii	"]\275EN]X]\327\372_]+.am]/\374@u\373\250.z\026\006/"
 10304      5D585DD7 
 10304      FA5F5D2B 
 10304      2E616D5D 
 10304      2FFC4075 
 10305 0280 A7FDA55F 		.ascii	"\247\375\245_\221\254[\252\232Q\256\227\360\036Uw\000"
 10305      91AC5BAA 
 10305      9A51AE97 
 10305      F01E5577 
 10305      00
 10306 0291 7FF8876A 		.ascii	"\177\370\207j3K:\331}\032Ht?Bi\003o\016\364C\211\370"
 10306      334B3AD9 
 10306      7D1A4874 
 10306      3F426903 
 10306      6F0EF443 
 10307 02a7 0D6A2753 		.ascii	"\015j'S[\327\001\203\205\341'w%\366J\357\334\342\361"
 10307      5BD70183 
 10307      85E12777 
 10307      25F64AEF 
 10307      DCE2F1
 10308 02ba 3200E492 		.ascii	"2\000\344\222\026V\351.\231\232pz\325\271\277\331U\275"
 10308      1656E92E 
 10308      999A707A 
 10308      D5B9BFD9 
 10308      55BD
 10309 02cc DEEB3056 		.ascii	"\336\3530V\232}\306\311o?Vw\003\217\352n'uw\231\273"
 10309      9A7DC6C9 
 10309      6F3F5677 
 10309      038FEA6E 
 10309      27757799 
 10310 02e1 D3D7E92E 		.ascii	"\323\327\351.\303\335\015\346\272\273\202\335\341DZ"
 10310      C3DD0DE6 
 10310      BABB82DD 
 10310      E1445A
 10311 02f0 DEE69124 		.ascii	"\336\346\221$\011\246\315\320\036\270\320r\343\352\311"
 10311      09A6CDD0 
 10311      1EB8D072 
 10311      E3EAC9
 10312 02ff B510BF95 		.ascii	"\265\020\277\225\330\220[\236ZN\373\240\3439\226\024"
 10312      D8905B9E 
 10312      5A4EFBA0 
 10312      E3399614 
 10313 030f DD6C24BC 		.ascii	"\335l$\274p\325mq:!W\026M\320V\\\243\345ZuFW\235C\030"
 10313      70D56D71 
 10313      3A215716 
 10313      4DD0565C 
 10313      A3E55A75 
 10314 0328 622EA29F 		.ascii	"b.\242\237\355\336NfL\372\260\"\336<]w\347\204\227\350"
 10314      EDDE4E66 
 10314      4CFAB022 
 10314      DE3C5D77 
 10314      E78497E8 
 10315 033c D601E03A 		.ascii	"\326\001\340:6\315\240\206\262\240|\016\257\011\311"
ARM GAS  /tmp/cckyrRJs.s 			page 271


 10315      36CDA086 
 10315      B2A07C0E 
 10315      AF09C9
 10316 034b F138AB71 		.ascii	"\3618\253q\234\225\023\217\301\277N\217/\005\234\340"
 10316      9C95138F 
 10316      C1BF4E8F 
 10316      2F059CE0 
 10317 035b D962F8D9 		.ascii	"\331b\370\331\031\326<\3508}o\323\314\015\344)`\223"
 10317      19D63CE8 
 10317      387D6FD3 
 10317      CC0DE429 
 10317      6093
 10318 036d FCF53036 		.ascii	"\374\36506\242\345\364?\233(\346tD\316\024d\213\255"
 10318      A2E5F43F 
 10318      9B28E674 
 10318      44CE1464 
 10318      8BAD
 10319 037f 9EBD8EB3 		.ascii	"\236\275\216\263\037\346t\365\322X3o\306\025pf\354\342"
 10319      1FE674F5 
 10319      D258336F 
 10319      C6157066 
 10319      ECE2
 10320 0391 A2444493 		.ascii	"\242DD\223\313\245X\263\010\316\345\277W\013b\203#\010"
 10320      CBA558B3 
 10320      08CEE5BF 
 10320      570B6283 
 10320      2308
 10321 03a3 FF630962 		.ascii	"\377c\011b\344Q\2028\002\244\210QVD`\035EL\261\"\306"
 10321      E4518238 
 10321      02A48851 
 10321      5644601D 
 10321      454CB122 
 10322 03b8 728A1877 		.ascii	"r\212\030w\025\361\016c\353&l~\306\266\354bC\202o\247"
 10322      15F10E63 
 10322      EB266C7E 
 10322      C6B6EC62 
 10322      43826FA7 
 10323 03cc D2E0AA95 		.ascii	"\322\340\252\225\274Lh\000\351\226#\231R\342D_\314\014"
 10323      BC4C6800 
 10323      E9962399 
 10323      52E2445F 
 10323      CC0C
 10324 03de 4A5C08FB 		.ascii	"J\\\010\373\300\256\353\027$o\204\347O\332\215,\273"
 10324      C0AEEB17 
 10324      246F84E7 
 10324      4FDA8D2C 
 10324      BB
 10325 03ef F14E339B 		.ascii	"\361N3\233k2u\325\315\245eWi\0364Lk\364\315j\363\020"
 10325      6B3275D5 
 10325      CDA56557 
 10325      691E344C 
 10325      6BF4CD6A 
 10326 0405 44D40651 		.ascii	"D\324\006Ql.\334lx1\227\240\275s\243KT\364\363\335\303"
 10326      6C2EDC6C 
 10326      783197A0 
 10326      BD73A34B 
 10326      54F4F3DD 
ARM GAS  /tmp/cckyrRJs.s 			page 272


 10327 041a A69340C6 		.ascii	"\246\223@\306d\220\226\032\331\373g\217\2334\017\217"
 10327      6490961A 
 10327      D9FB678F 
 10327      9B340F8F 
 10328 042a 7944567B 		.ascii	"yDV{\366\357m\006'\024\223\006\0272\220\215\351\376"
 10328      F6EF6D06 
 10328      27149306 
 10328      1732908D 
 10328      E9FE
 10329 043c 96399697 		.ascii	"\2269\226\227\006;a\002B\332\310\314\"\311\256\365\334"
 10329      063B6102 
 10329      42DAC8CC 
 10329      22C9AEF5 
 10329      DC
 10330 044d BF8BA673 		.ascii	"\277\213\246s^\003\223\020\3624\335\235\302\022y\346"
 10330      5E039310 
 10330      F234DD9D 
 10330      C21279E6 
 10331 045d C9BB1A36 		.ascii	"\311\273\0326\007\2340\222$\304\346\216\362\355U\305"
 10331      079C3092 
 10331      24C4E68E 
 10331      F2ED55C5 
 10332 046d 1542AFAA 		.ascii	"\025B\257\252\374\240:\337y)./\257|\241b\353\226\012"
 10332      FCA03ADF 
 10332      79292E2F 
 10332      AF7CA162 
 10332      EB960A
 10333 0480 21DF7FAF 		.ascii	"!\337\177\257\302\252\256\334\361\356\266\212\252j\211"
 10333      C2AAAEDC 
 10333      F1EEB68A 
 10333      AA6A89
 10334 048f CF7F2415 		.ascii	"\317\177$\025|\236"
 10334      7C9E
 10335              		.text
 10336              		.section	.gnu.lto_dump_data_0.5b3651c1394eefb,"e",%progbits
 10337 0000 789C8D57 		.ascii	"x\234\215WklTE\024\2363sw\357\356\335m\313\303\"\320"
 10337      6B6C5445 
 10337      149E3373 
 10337      77EFEEDD 
 10337      6DCBC322 
 10338 0015 028B71C3 		.ascii	"\002\213q\303C\251\025\011!\376\360\021\377\230\370"
 10338      43A91509 
 10338      21FEF011 
 10338      FF98F8
 10339 0024 D744E31F 		.ascii	"\327D\343\037\305V\"?\300\004\211?\374\343\355n\273"
 10339      C556223F 
 10339      C004893F 
 10339      FCE3ED6E 
 10339      BB
 10340 0035 A5584112 		.ascii	"\245XA\022\036\205P\266t\345a\254m\021\037\201V\\Z("
 10340      1E8550B6 
 10340      74E561AC 
 10340      6D111F81 
 10340      565C5A28 
 10341 0049 1410A10A 		.ascii	"\024\020\241\012(\320\"\324\026\201\362\020P\240\205"
 10341      28D022D4 
 10341      1681F210 
ARM GAS  /tmp/cckyrRJs.s 			page 273


 10341      50A085
 10342 0058 D6736666 		.ascii	"\326sff\357.}\320nro\347\316\234s\346\373\316|sf\352"
 10342      EF2E7DD0 
 10342      6E726FE7 
 10342      CE9C73E6 
 10342      FBCE7C73 
 10343 006e 61C05E4C 		.ascii	"a\300^Lgl\011c\254\011\037Hc\300m\333~\311,\360pnt\305"
 10343      676C0963 
 10343      AC091F48 
 10343      63C06DDB 
 10343      7EC92CF0 
 10344 0086 CE671AB6 		.ascii	"\316g\032\266%V\237\3354\323\260\375\002\014=f\200O"
 10344      25569FDD 
 10344      34D3B0FD 
 10344      020C3D66 
 10344      804F
 10345 0098 B75CDC8D 		.ascii	"\267\\\334\215\255\000Z\231\352\257\337\015\036=f:-"
 10345      AD005A99 
 10345      EAAFDF0D 
 10345      1E3D663A 
 10345      2D
 10346 00a9 0FF76A2B 		.ascii	"\017\367j+K[y\301\322c\226\216\265\327\343\343\256\226"
 10346      4B5B79C1 
 10346      D263968E 
 10346      B5D7E3E3 
 10346      AE96
 10347 00bb 1BDDF3D0 		.ascii	"\033\335\363\320\312_\275\262\310D+?\200\034\263=\300"
 10347      CA5FBDB2 
 10347      C8442B3F 
 10347      801CB33D 
 10347      C0
 10348 00cc 3EE1C270 		.ascii	">\341\302p\271M\217\327\362\371\341\023\356c\0207\240"
 10348      B94D8FD7 
 10348      F2F9E113 
 10348      EE631037 
 10348      A0
 10349 00dd 0F7F194E 		.ascii	"\017\177\031N\203\251\337J\261N@Cq\347.>c\033\272\333"
 10349      83A9DF4A 
 10349      B14E4043 
 10349      71E72E3E 
 10349      631BBADB 
 10350 00f1 F175B58F 		.ascii	"\361u\265\217G\354\242\361Q\301\330z\241\215\030\354"
 10350      47ECA2F1 
 10350      51C1D87A 
 10350      A18D18EC 
 10351 0101 861968D7 		.ascii	"\206\031h\327\026*\277\353_!\242\002\300\300\317\325"
 10351      162ABFEB 
 10351      5F21A202 
 10351      C0C0CFD5 
 10352 0111 87BE6DB6 		.ascii	"\207\276m\266\350\223C\000?\177\330\320\0337\204\005"
 10352      E8934300 
 10352      3F7FD8D0 
 10352      1B378405 
 10353 0121 0CDB570B 		.ascii	"\014\333W\013VufL\333b\333!;~6&\354'\243B\300\217 0"
 10353      5675664C 
 10353      DB62DB21 
 10353      3B7E3626 
ARM GAS  /tmp/cckyrRJs.s 			page 274


 10353      EC27A342 
 10354 0139 24D44316 		.ascii	"$\324C\026\324A\026c\330\227^\3666\203=0\215\221SA\244"
 10354      D4411663 
 10354      D8975EF6 
 10354      36833D30 
 10354      8D915341 
 10355 014e B718C414 		.ascii	"\267\030\304\024\031`\343\252\235\325\351\301\230\014"
 10355      1960E3AA 
 10355      9DD5E9C1 
 10355      980C
 10356 015c D0D63AA6 		.ascii	"\320\326:\2462l\037\264\215\2500\340\247~A\030K?\361"
 10356      326C1FB4 
 10356      8DA830E0 
 10356      A77E4118 
 10356      4B3FF1
 10357 016f 36793454 		.ascii	"6y4T\354\236$\236\220\316\035\221\352^\320\316]\233"
 10357      EC9E249E 
 10357      90CE1D91 
 10357      EA5ED0CE 
 10357      5D9B
 10358 0181 85FD85CD 		.ascii	"\205\375\205\315\311u\357@\327f\351\272\257js\211%\202"
 10358      C975EF40 
 10358      D766E9BA 
 10358      AF6A7389 
 10358      2582
 10359 0193 D2B7E45C 		.ascii	"\322\267\344\\\353\372\014\355{\262urA\330.\243\211"
 10359      EBFA0CED 
 10359      7BB27572 
 10359      41D82EA3 
 10359      89
 10360 01a4 5DD0A8BC 		.ascii	"]\320\250\274\237\313\202\\\345[/}O\335\276\323`\211"
 10360      9FCB825C 
 10360      E55B2F7D 
 10360      4FDDBED3 
 10360      6089
 10361 01b6 19D27767 		.ascii	"\031\322wg{e\304\247}\317\026\010\273\224\346u\301\376"
 10361      7B65C4A7 
 10361      7DCF1608 
 10361      BB94E675 
 10361      C1FE
 10362 01c8 FE9EB5D2 		.ascii	"\376\236\265\322s\313\341\306=\351\342i\351Y\336\271"
 10362      73CBE1C6 
 10362      3DE9E269 
 10362      E959DEB9 
 10363 01d8 FC98A93D 		.ascii	"\374\230\251=\217\266\216\337\254\351\01280\020\363"
 10363      8FB68EDF 
 10363      ACE90A38 
 10363      3010F3
 10364 01e7 16E97D61 		.ascii	"\026\351}aG\357\2324\267\001\007!\010M\370\354\303\247"
 10364      47EF9A34 
 10364      B7010721 
 10364      084DF8EC 
 10364      C3A7
 10365 01f9 019F3804 		.ascii	"\001\2378\004\365\302A3\270Q\263\314=\230M\2775:\372"
 10365      F5C24133 
 10365      B851B3CC 
 10365      3D984DBF 
ARM GAS  /tmp/cckyrRJs.s 			page 275


 10365      353AFA
 10366 020c C7635F84 		.ascii	"\307c_\204\355W\235U\002gF8\004\323h\241\252\336\241"
 10366      ED579D55 
 10366      02674638 
 10366      04D368A1 
 10366      AADEA1
 10367 021f 59BF5EFB 		.ascii	"Y\277^\373\345\326\004\303\246V\377\006;^\030\030di"
 10367      E5D604C3 
 10367      A656FF06 
 10367      3B5E1818 
 10367      6469
 10368 0231 C9494238 		.ascii	"\311IB8\014\301\232\026W\334\356\355+\266\343\367c\320"
 10368      0CC19A16 
 10368      57DCEEED 
 10368      2BB6E3F7 
 10368      63D0
 10369 0243 F3C624C0 		.ascii	"\363\306$\300uws|\231\202Z\006\275\\\364r\323\313\244"
 10369      7577737C 
 10369      99825A06 
 10369      BD5CF472 
 10369      D3CBA4
 10370 0256 978746BD 		.ascii	"\227\207F\275\364\262\350\023\345\213\014\374\364=\212"
 10370      F4B2E813 
 10370      E58B0CFC 
 10370      F43D8A
 10371 0265 1189D140 		.ascii	"\021\211\321@\232\031\313\210T&#J\343\030\221\232 '"
 10371      9A19CB88 
 10371      5426234A 
 10371      E318919A 
 10371      2027
 10372 0277 CC92E6D9 		.ascii	"\314\222\346\331\262\315\330\247\202\335\350\336>\017"
 10372      B2CDD8A7 
 10372      82DDE8DE 
 10372      3E0F
 10373 0285 EC3863A5 		.ascii	"\3548c\245\202\313v\030\333\235`W^\254\0262I\324\276"
 10373      82CB7618 
 10373      DB9D6057 
 10373      5EAC1632 
 10373      49D4BE
 10374 0298 94E334AF 		.ascii	"\224\3434\257&\233\377\252\346e\010\255m~\206\232\345"
 10374      269BFFAA 
 10374      E66508AD 
 10374      6D7E869A 
 10374      E5
 10375 02a9 02300D2B 		.ascii	"\0020\015+\302\327\333<\244|\217Z\275\355G\372\274\205"
 10375      C2D7DB3C 
 10375      A47C8F5A 
 10375      BDED47FA 
 10375      BC85
 10376 02bb 102AF060 		.ascii	"\020*\360`O\214\222\217\235'\3174\035\203-\020\003\312"
 10376      4F8C928F 
 10376      9D27CF34 
 10376      1D832D10 
 10376      03CA
 10377 02cd CFCF5008 		.ascii	"\317\317P\010p\204\026\020\216b'\005\254o6U\300Q\251"
 10377      70841610 
 10377      8E622705 
ARM GAS  /tmp/cckyrRJs.s 			page 276


 10377      AC6F3655 
 10377      C051A9
 10378 02e0 01BD0302 		.ascii	"\001\275\003\002zc\002\372\007\264\340\030\005\374\205"
 10378      7A6302FA 
 10378      07B4E018 
 10378      05FC85
 10379 02ef 02E2C8BD 		.ascii	"\002\342\310\275\226\343\373\374\263ki\377V|\024\025"
 10379      96E3FBFC 
 10379      B36B69FF 
 10379      567C1415 
 10380 02ff 3E388E76 		.ascii	">8\216v\345\344&\207\227u\331[\315\334j9\274\007H\221"
 10380      E5E42687 
 10380      9775D95B 
 10380      CDDC6A39 
 10380      BC074891 
 10381 0313 2D30BB4C 		.ascii	"-0\273Li\344W\310E\242\241\212\311\204\205r\213x$\363"
 10381      69E457C8 
 10381      45A2A18A 
 10381      C9848572 
 10381      8B7824F3 
 10382 0327 1E9D1B44 		.ascii	"\036\235\033Dz\277\030\024RN\203\035Px\356\225$\362"
 10382      7ABF1814 
 10382      524E831D 
 10382      5078EE95 
 10382      24F2
 10383 0339 EF4BAE7E 		.ascii	"\357K\256~\351%\344.\000\370MI\024\223.\356\336^\023"
 10383      E925E42E 
 10383      00F84D49 
 10383      14932EEE 
 10383      DE5E13
 10384 034c A444F352 		.ascii	"\244D\363Ra$\222nt\001n&\031\266\037I\377z\301\021\315"
 10384      6124926E 
 10384      74016E26 
 10384      19B61F49 
 10384      FF7AC111 
 10385 0361 0964C552 		.ascii	"\011d\305R\323\2216 \035i1\262|8\035\351p\212\322qR"
 10385      D3913620 
 10385      1D6931B2 
 10385      7C381DE9 
 10385      708AD271 
 10386 0376 A763D7BA 		.ascii	"\247c\327\272x\2454_\206\204\353N\233\024\346w4U\033"
 10386      78A5345F 
 10386      8684EB4E 
 10386      9B14E677 
 10386      34551B
 10387 0389 E20F3425 		.ascii	"\342\0174%\367\322\375\035bjN\324.C\001g\220[h\331\205"
 10387      F7D2FD1D 
 10387      626A4ED4 
 10387      2E430167 
 10387      905B68D9 
 10388 039e E60C722B 		.ascii	"\346\014r+C\267\236\352\031Q1\012N\303T\345u\006\275"
 10388      43B79EEA 
 10388      1951310A 
 10388      4EC354E5 
 10388      7506BD
 10389 03b1 6402FCE5 		.ascii	"d\002\374\345btT\214\2269\352s\364\023\252X \023xP\356"
 10389      6274548C 
ARM GAS  /tmp/cckyrRJs.s 			page 277


 10389      9639EA73 
 10389      F413AA58 
 10389      20137850 
 10390 03c6 2C073E2E 		.ascii	",\007>.\001\234%T\377\201\037\373#\373?\257K\243~\023"
 10390      019C2554 
 10390      FF811FFB 
 10390      23FB3FAF 
 10390      4BA37E13 
 10391 03da 38B44216 		.ascii	"8\264B\026?}g\"<\225\205\204J\205ke\321\251\003\302"
 10391      3F7D6722 
 10391      3C958584 
 10391      4A856B65 
 10391      D1A903C2 
 10392 03ee 9166ACC6 		.ascii	"\221f\254\306\225T\336<\225n1\"\251\265%\245v\316\221"
 10392      9554DE3C 
 10392      956E3122 
 10392      A9B525A5 
 10392      76CE91
 10393 0401 DA781561 		.ascii	"\332x\025a\354\210\264\365\347P\332\372\230\264u^jK"
 10393      EC88B4F5 
 10393      E750DAFA 
 10393      98B4755E 
 10393      6A4B
 10394 0413 0CA2AD0B 		.ascii	"\014\242\255\013R[\027H[$=h\327\332zW\246\246\211\264"
 10394      525B1748 
 10394      5B243D68 
 10394      D7DA7A57 
 10394      A6A689B4 
 10395 0427 355692DB 		.ascii	"5V\222\333\246\3119y\303@w\373\032:\3343\267\3133\250"
 10395      A6C93979 
 10395      C34077FB 
 10395      1A3ADC33 
 10395      B7CB33A8 
 10396 043b AD4C1484 		.ascii	"\255L\024\204\013)\032\253\024\372\020\202\277`\346"
 10396      0B291AAB 
 10396      14FA1082 
 10396      BF60E6
 10397 044a 88D0770C 		.ascii	"\210\320w\014\205~[\315\024\302\3379$\376\005\004\377"
 10397      857E5BCD 
 10397      14C2DF39 
 10397      24FE0504 
 10397      FF
 10398 045b A2DA1A6A 		.ascii	"\242\332\032j\325\377V\014\002\211\315A $\203\257\222"
 10398      D5FF560C 
 10398      0289CD41 
 10398      202483AF 
 10398      92
 10399 046c CB73F3E0 		.ascii	"\313s\363\340<Maxl\227\206\302\266\200\220]\036\022"
 10399      3C4D6178 
 10399      6C9786C2 
 10399      B680905D 
 10399      1E12
 10400 047e 59B5CCEC 		.ascii	"Y\265\314\354\025g\327vAn\252\314\\(\263\253\030\225"
 10400      1567D776 
 10400      416EAACC 
 10400      5C28B3AB 
 10400      1895
ARM GAS  /tmp/cckyrRJs.s 			page 278


 10401 0490 90D52491 		.ascii	"\220\325$\221\325'\204c\214\010\334\265G.\373\365G."
 10401      D5278463 
 10401      8C08DCB5 
 10401      472EFBF5 
 10401      472E
 10402 04a2 BB013708 		.ascii	"\273\0017\010\034'p\377`\322\244l_S\263\273R\241\216"
 10402      1C2770FF 
 10402      60D2A46C 
 10402      5F53B3BB 
 10402      52A18E
 10403 04b5 19B0A1C7 		.ascii	"\031\260\241\307\304\204\321\037\214\001\267\010\314"
 10403      C484D11F 
 10403      8C01B708 
 10403      CC
 10404 04c2 4DA9E2DB 		.ascii	"M\251\342\333J\305\341M\221\022\241\"f\"%\214\233\\"
 10404      4AC5E14D 
 10404      9112A122 
 10404      6622258C 
 10404      9B5C
 10405 04d4 9A06D256 		.ascii	"\232\006\322V\246\344\277\323\341\037\336\030\331\225"
 10405      A6E4BFD3 
 10405      E11FDE18 
 10405      D995
 10406 04e2 A61CF4E6 		.ascii	"\246\034\364\346\251\217<\330c\022\012\267\276\014\375"
 10406      A98F3CD8 
 10406      63120AB7 
 10406      BE0CFD
 10407 04f1 8B13C844 		.ascii	"\213\023\310D}\240\354\314\021%\352\277\241\022\325"
 10407      7DA0ECCC 
 10407      1125EABF 
 10407      A112D5
 10408 0500 C9295377 		.ascii	"\311)Swd\246\334\203\025_A\324\356:\231\272'3\225Bl"
 10408      64A6DC83 
 10408      155F41D4 
 10408      EE3A99BA 
 10408      27339542 
 10409 0515 9C246626 		.ascii	"\234$f&\211\305\211\3308I\354\007M\014\365\375w\343"
 10409      89C589D8 
 10409      3849EC07 
 10409      4D0CF5FD 
 10409      77E3
 10410 0527 3E5D9133 		.ascii	">]\2213Ssk\240\014\272u\005.\025\356\003\015W\332\301"
 10410      53736BA0 
 10410      0CBA7505 
 10410      2E15EE03 
 10410      0D57DAC1 
 10411 053b 29287535 		.ascii	")(u5\346\200z\356\241\0159\\M\356\3215y\370\"|\177\270"
 10411      E6807AEE 
 10411      A10D395C 
 10411      4DEED135 
 10411      79F8227C 
 10412 0551 22FCC029 		.ascii	"\"\374\300)\302\275\252\010\257\332\332\323\342\235"
 10412      C2BDAA08 
 10412      AFDADAD3 
 10412      E29D
 10413 055f FAB22AC2 		.ascii	"\372\262*\302c\311\355P\264{J\242\006\327\325\314\212"
 10413      63C9ED50 
ARM GAS  /tmp/cckyrRJs.s 			page 279


 10413      B47B4AA2 
 10413      06D7D5CC 
 10413      8A
 10414 0570 8AC7A02F 		.ascii	"\212\307\240/Q\203mN5\330#\327\177\034\325`\242i>L\263"
 10414      51836D4E 
 10414      35D823D7 
 10414      7F1CD560 
 10414      A2693E4C 
 10415 0585 7D109A5E 		.ascii	"}\020\232^E\2638\360\010\226\005|\244,C|\030\226a\236"
 10415      45B338F0 
 10415      0896057C 
 10415      A42C437C 
 10415      1896619E 
 10416 0599 6059C825 		.ascii	"`Y\310%\313\332H\354;c\352[),\213v\\\253\260\0224\333"
 10416      CBDA48EC 
 10416      3B63EA5B 
 10416      292C8B76 
 10416      5CABB012 
 10417 05af 15CD22AE 		.ascii	"\025\315\"\256iF$M/-e\202\244\3079\034\270\274\267\244"
 10417      6946244D 
 10417      2F2D6582 
 10417      A4C7391C 
 10417      B8BCB7A4 
 10418 05c3 1E0ED315 		.ascii	"\036\016\323\025IkD\207C1w\016\207e\0103)\264\303$4"
 10418      496B4487 
 10418      4331770E 
 10418      87650833 
 10418      29B4C324 
 10419 05d8 8B5218BB 		.ascii	"\213R\030\273X5\321\271_\026J\335^\254\231./Sd\271\236"
 10419      5835D1B9 
 10419      5F164ADD 
 10419      5EAC992E 
 10419      2F5364B9 
 10420 05ed 76049470 		.ascii	"v\004\224pu?\272R%\222wQF\367\306\3458\222r?\225\246"
 10420      753FBA52 
 10420      25927751 
 10420      46F7C6E5 
 10420      3892723F 
 10421 0603 AA133EE5 		.ascii	"\252\023>\345z[.\244f\271\230\240P;7\010\364\206R\236"
 10421      7A5B2EA4 
 10421      66B998A0 
 10421      503B3708 
 10421      F486529E 
 10422 0617 A540A185 		.ascii	"\245@\241\205\0025ANt\275JH\177T\177k\343\034\355\217"
 10422      0235414E 
 10422      74BD4A48 
 10422      7F547F6B 
 10422      E31CED8F 
 10423 062b CEE7AFB4 		.ascii	"\316\347\257\264\366\246+\347\3539\360\031O\250\337"
 10423      F6A62BE7 
 10423      EB39F019 
 10423      4FA8DF
 10424 063a FBB02C76 		.ascii	"\373\260,v\203\364\246\003\3472$b\253\243\031\215\255"
 10424      83F4A603 
 10424      E7322462 
 10424      ABA3198D 
 10424      AD
ARM GAS  /tmp/cckyrRJs.s 			page 280


 10425 064b D4B39733 		.ascii	"\324\263\22735o\266t\274\245\347%OJ\203\316\025\243"
 10425      356FB674 
 10425      BCA5E725 
 10425      4F4A83CE 
 10425      15A3
 10426 065d DCB72DBF 		.ascii	"\334\267-\277$\006)\375\203g~E2\363+9\025\210l}\205"
 10426      240629FD 
 10426      83677E45 
 10426      32F32B39 
 10426      15886C7D 
 10427 0672 989952AE 		.ascii	"\230\231R\256\\j-\263\312\261\2148\231\320\367\012\354"
 10427      5C6A2DB3 
 10427      CAB18C38 
 10427      99D0F70A 
 10427      EC
 10428 0683 A67B4436 		.ascii	"\246{D6\362\366\234\356\234M\340\275\335\235-\002\361"
 10428      F2F69CEE 
 10428      9C4DE0BD 
 10428      DD9D2D02 
 10428      F1
 10429 0694 D33F85B8 		.ascii	"\323?\205\270\207\021?H\374\322\332\247\343g'\252\306"
 10429      87113F48 
 10429      FCD2DAA7 
 10429      E36727AA 
 10429      C6
 10430 06a5 99C66C15 		.ascii	"\231\306l\025\336W.e\205\301|\024\305\370\206\246\264"
 10430      DE572E65 
 10430      85C17C14 
 10430      C5F886A6 
 10430      B4
 10431 06b6 6E5A18C9 		.ascii	"nZ\030\311\377O\352\375\370V\215\272\337\\\3230\364"
 10431      FF4FEAFD 
 10431      F8568DBA 
 10431      DF5CD330 
 10431      F4
 10432 06c7 DD0EA451 		.ascii	"\335\016\244Q(N_\346\242\371\013\027\347\3441\221\267"
 10432      284E5FE6 
 10432      A2F90B17 
 10432      E7E43191 
 10432      B7
 10433 06d8 78E928D5 		.ascii	"x\351(\325\316\231?\377\275\271ys\236\315c<\177)_\272"
 10433      CE993FFF 
 10433      BDB97973 
 10433      9ECD633C 
 10433      7F295FBA 
 10434 06ec 487CB824 		.ascii	"H|\270$\217\347\275\017\013\307\004\363g\275\020\314"
 10434      8FE7BD0F 
 10434      0BC704F3 
 10434      67BD10CC 
 10435 06fc 0FA0E9F3 		.ascii	"\017\240\351\363\001\374\233f\261\361\301\334\331o\006"
 10435      01FC9B66 
 10435      B1F1C1DC 
 10435      D96F06
 10436 070b 5EC7CFDC 		.ascii	"^\307\317\334\271\371\201|\331\230\223?\350\300,\374"
 10436      B9F9817C 
 10436      D998933F 
 10436      E8C02CFC 
ARM GAS  /tmp/cckyrRJs.s 			page 281


 10437 071b E1C0FF0E 		.ascii	"\341\300\377\016w\301\263"
 10437      77C1B3
 10438              		.text
 10439              		.section	.gnu.lto_dump_data_1.5b3651c1394eefb,"e",%progbits
 10440 0000 789C8D56 		.ascii	"x\234\215V[LTW\024=\373\236;sg\206a\306ZlA\252\005S"
 10440      5B4C5457 
 10440      143DFB9E 
 10440      3B736786 
 10440      61C65A6C 
 10441 0018 6AD19452 		.ascii	"j\321\224Rj\214\351G\323\244iR\277\372\323\217\306\244"
 10441      6A8CE947 
 10441      D3A46952 
 10441      BFFAD38F 
 10441      C6A4
 10442 002a A6166BEA 		.ascii	"\246\026k\352\207~X\323\217\376x\231\341!\226H\033\025"
 10442      877E58D3 
 10442      8FFE7899 
 10442      E1219648 
 10442      1B15
 10443 003c C188834C 		.ascii	"\301\210\203L\261\332\240\325\226\326\000VG@\036>P\321"
 10443      B1DAA0D5 
 10443      96D60056 
 10443      47401E3E 
 10443      50D1
 10444 004e 6A451E55 		.ascii	"jE\036U\312\210<\004\037\025\245t\350\336\347\334\271"
 10444      CA883C04 
 10444      1F15A574 
 10444      E8DEE7DC 
 10444      B9
 10445 005f 43780884 		.ascii	"Cx\010\204\271s\3569g\355\273\326:{\357;6\006\254\333"
 10445      B973EE39 
 10445      67EDBBD6 
 10445      3A7BEF3B 
 10445      3606ACDB 
 10446 0073 C9D8878C 		.ascii	"\311\330\207\214\261f\374@4\003E\327\365w\265\014\233"
 10446      B166FC40 
 10446      340345D7 
 10446      F577B50C 
 10446      9B
 10447 0084 A2A8FDFE 		.ascii	"\242\250\375\376[\363T\335\301w\266\355[\242\352N\016"
 10447      5BF354DD 
 10447      C177B6ED 
 10447      5BA2EA4E 
 10447      0E
 10448 0095 AAB1A642 		.ascii	"\252\261\246B\2241\262(V\034%\340.M~;\255\240\031k\232"
 10448      9431B228 
 10448      561C25E0 
 10448      2E4D7E3B 
 10448      ADA0196B 
 10449 00aa 6233D61C 		.ascii	"b3\326\034\306\232M\261\373\275C\013h\246}4\177\021"
 10449      C69A4DB1 
 10449      FBBD430B 
 10449      68A67D34 
 10449      7F11
 10450 00bc CED8C161 		.ascii	"\316\330\301a\354v\0301O\333\242\024K\313\320\310\012"
 10450      EC761831 
 10450      4FDBA214 
ARM GAS  /tmp/cckyrRJs.s 			page 282


 10450      4BCBD0C8 
 10450      0A
 10451 00cd DCE53C92 		.ascii	"\334\345<\222\237\245\341.'\200X\323m\300\266(\\\265"
 10451      9FA5E12E 
 10451      278058D3 
 10451      6DC0B628 
 10451      5CB5
 10452 00df 58359BDD 		.ascii	"X5\233\335\021\345\204-J\024\203\200\012c\370\3476\007"
 10452      11E5842D 
 10452      4A148380 
 10452      0A63F8E7 
 10452      3607
 10453 00f1 4CFEE5F3 		.ascii	"L\376\345\363\335\034jr\202\225J\362\017\010\327\003"
 10453      DD1C6A72 
 10453      82954AF2 
 10453      0F08D703 
 10454 0101 BB432F66 		.ascii	"\273C/f\353Y\261>\316X\021761\250\202d\334\327\341)"
 10454      EB59B13E 
 10454      CE581137 
 10454      3631A882 
 10454      64DCD7E1 
 10455 0116 7EE2DCCE 		.ascii	"~\342\334\316}\034@\305\333\235g+\232\034t\253@\002"
 10455      7D1C40C5 
 10455      DB9D672B 
 10455      9A1C74AB 
 10455      4002
 10456 0128 DE1EDF13 		.ascii	"\336\036\337\023\012\250\334\001\014\307\003\031\337"
 10456      0AA8DC01 
 10456      0CC70319 
 10456      DF
 10457 0135 05DD8BCB 		.ascii	"\005\335\213\313t\335\243\007\332\374\\\177\305\307"
 10457      74DDA307 
 10457      DAFC5C7F 
 10457      C5C7
 10458 0143 39FC0E1C 		.ascii	"9\374\016\034C\302\011\210\207j\210g\014\347\\\027V"
 10458      43C20988 
 10458      876A8867 
 10458      0CE75C17 
 10458      56
 10459 0154 3338098B 		.ascii	"38\011\213\031\201jJ\252\026\360\227\005\276;\373H\010"
 10459      19816A4A 
 10459      AA16F097 
 10459      05BE3BFB 
 10459      4808
 10460 0166 92FC027F 		.ascii	"\222\374\002\177\255g\376~\257\336\250\253>\256\302"
 10460      AD67FE7E 
 10460      AFDEA8AB 
 10460      3EAEC2
 10461 0175 A9093118 		.ascii	"\251\0111\030s\205V\023\242\256|\177\256\203/\022\350"
 10461      73855613 
 10461      A2AE7C7F 
 10461      AE832F12 
 10461      E8
 10462 0186 DCCEF622 		.ascii	"\334\316\366\"\267\201n\356Y\230\341\325\013\011m\201"
 10462      B7816EEE 
 10462      5998E1D5 
 10462      0B096D81 
ARM GAS  /tmp/cckyrRJs.s 			page 283


 10463 0196 D312FD56 		.ascii	"\323\022\375V<\244J\354}\201\275\376h\270\306\301_\025"
 10463      3CA44AEC 
 10463      7D81BDFE 
 10463      68B8C6C1 
 10463      5F15
 10464 01a8 D85FBA4A 		.ascii	"\330_\272J\263\243\014l[\006\327\363t\205\220\265\023"
 10464      B3A30C6C 
 10464      5B06D7F3 
 10464      748590B5 
 10464      13
 10465 01b9 91DD0259 		.ascii	"\221\335\002Yv\256\366\244\213'\013dqp\333%\315@\326"
 10465      76AEF6A4 
 10465      8B270B64 
 10465      7170DB25 
 10465      CD40D6
 10466 01cc F7C48639 		.ascii	"\367\304\2069s83\231s\253@\337>\026\332\025mU\241\036"
 10466      73383399 
 10466      73AB40DF 
 10466      3E16DA15 
 10466      6D55A11E 
 10467 01e0 92A00E3F 		.ascii	"\222\240\016?5\370\011@\222a<4\200\025s\217Y&\256O\360"
 10467      35F80940 
 10467      92613C34 
 10467      8015738F 
 10467      5926AE4F 
 10468 01f5 B7F946CC 		.ascii	"\267\371F\314\367^\375\003\323a0\237\004\215\260\230"
 10468      F75EFD03 
 10468      D361309F 
 10468      048DB098 
 10469 0205 4C2EFF94 		.ascii	"L.\377\224\236v\270\340\320\201\260\262P\247s\217\036"
 10469      9E76B8E0 
 10469      D081B0B2 
 10469      50A7738F 
 10469      1E
 10470 0216 C84C98E2 		.ascii	"\310L\230\342X\010$\036\337\004I?\265X\002zh,G\017\214"
 10470      5808241E 
 10470      DF04493F 
 10470      B558027A 
 10470      682C470F 
 10471 022b FAE1CAAA 		.ascii	"\372\341\312\252\371\200gfU\350\302\351\242\342E\263"
 10471      F9806766 
 10471      55E8C2E9 
 10471      A2E245B3 
 10472 023b D0C84A17 		.ascii	"\320\310J\027\215nm\214\350\332i\210\205\202\214]\214"
 10472      8D6E6D8C 
 10472      E8DA6988 
 10472      85828C5D 
 10472      8C
 10473 024c 38BB818E 		.ascii	"8\273\201\216y.#\0351\"v\254\330\030'\306\214}\303\331"
 10473      792E231D 
 10473      312276AC 
 10473      D81827C6 
 10473      8C7DC3D9 
 10474 0260 D0C8C115 		.ascii	"\320\310\301\025\240\007\030\313\343\212\030{q\034\004"
 10474      A00718CB 
 10474      E38A187B 
 10474      711C04
ARM GAS  /tmp/cckyrRJs.s 			page 284


 10475 026f BDD45FC1 		.ascii	"\275\324_\301\205\0274.[f\016\017E\206\307\344\260\027"
 10475      8517342E 
 10475      5B660E0F 
 10475      4586C7E4 
 10475      B017
 10476 0281 3C054D6F 		.ascii	"<\005Mo\320\260\230\003*\336\356\035\354\260Q\202\332"
 10476      D0B09803 
 10476      2ADEEE1D 
 10476      ECB05182 
 10476      DA
 10477 0292 E4011D3C 		.ascii	"\344\001\035<?f\317\004O\206\015g\374\3441N^\273Y\177"
 10477      3F66CF04 
 10477      4F860D67 
 10477      FCE4314E 
 10477      5EBB597F 
 10478 02a6 09CAC00F 		.ascii	"\011\312\300\017d\3059\310\0048Kg\004\347q\222\002\236"
 10478      64C539C8 
 10478      04384B67 
 10478      04E77192 
 10478      029E
 10479 02b8 68D264C0 		.ascii	"h\322d\300\350\361\001\355\223\002\332\375\034&\006"
 10479      E8F101ED 
 10479      9302DAFD 
 10479      1C2606
 10480 02c7 74403305 		.ascii	"t@3\005\274@\001q\345i\313\345:g\332Q*\263\222\257|"
 10480      BC400171 
 10480      E569CBE5 
 10480      3A67DA51 
 10480      2AB392AF 
 10481 02dc 3C0A2EE2 		.ascii	"<\012.\342\276b\202\211\345\255\375\372\001-\365\210"
 10481      BE628289 
 10481      E5ADFDFA 
 10481      012DF588 
 10482 02ec 583E0994 		.ascii	"X>\011\224t\227 \255P\246\302eHE\241\236\222\205\304"
 10482      749720AD 
 10482      50A6C265 
 10482      4845A19E 
 10482      9285C4
 10483 02ff 855C453E 		.ascii	"\205\\E>B\371q\303\033\3014E2UfE\255e:j\233\210\332"
 10483      42F971C3 
 10483      1BC13445 
 10483      32556645 
 10483      AD653A6A 
 10484 0316 9569A955 		.ascii	"\225i\251U\001\325\341U\242F\313\360\007R\023\306\257"
 10484      01D5E155 
 10484      A246CBF0 
 10484      075213C6 
 10484      AF
 10485 0327 944FE7E3 		.ascii	"\224O\347\343}rN\362\311\351\347\312D2*\\'2\327\204"
 10485      7D724EF2 
 10485      C9E9E7CA 
 10485      44322A5C 
 10485      2732D784 
 10486 033b F17F4AE3 		.ascii	"\361\177J\343\275\373\262\327\313\200.T\204aI\177\202"
 10486      BDFBB2D7 
 10486      CB802E54 
 10486      8461497F 
ARM GAS  /tmp/cckyrRJs.s 			page 285


 10486      82
 10487 034c 901F20F9 		.ascii	"\220\037 \371.!\277:\"\1774\007\344~\225\274\351\206"
 10487      2E21BF3A 
 10487      227F3407 
 10487      E47E95BC 
 10487      E986
 10488 035e CCCEF722 		.ascii	"\314\316\367\"\007\367[\356\300!;\021\262\000\300\015"
 10488      07F75BEE 
 10488      C0213B11 
 10488      B200C00D 
 10489 036e 59849873 		.ascii	"Y\204\230s\374\311\243]I\224gJ\036W\3039\247\366C\221"
 10489      FCC9A35D 
 10489      4994674A 
 10489      1E57C339 
 10489      A7F64391 
 10490 0382 AE8AB013 		.ascii	"\256\212\260\023\270G\027\021whE\262l\274J\327$\225"
 10490      B8471711 
 10490      776845B2 
 10490      6CBC4AD7 
 10490      2495
 10491 0394 2E3F129E 		.ascii	".?\022\236\240\322\015m\244\362\246ay\345\356@\251\330"
 10491      A0D20D6D 
 10491      A4F2A661 
 10491      79E5EE40 
 10491      A9D8
 10492 03a6 BE154DAD 		.ascii	"\276\025M\255n\325(L;n\225e\337\201[q\323\216\213\275"
 10492      6ED5284C 
 10492      3B6E9565 
 10492      DF815B71 
 10492      D38E8BBD 
 10493 03ba F5AEC4A5 		.ascii	"\365\256\304\245>\275\020Ku\016\301\212\272\367e\271"
 10493      3EBD104B 
 10493      750EC18A 
 10493      BAF765B9 
 10494 03ca 095648B0 		.ascii	"\011VH\260\212d\037\177\016:!Q\242\376B\2240\300^\314"
 10494      8A641F7F 
 10494      0E3A2151 
 10494      A2FE4294 
 10494      30C05ECC 
 10495 03de DDE8918F 		.ascii	"\335\350\221\217\317\0256\2352+\310S\262NxX/\332\210"
 10495      CF15369D 
 10495      322BC853 
 10495      B24E7858 
 10495      2FDA88
 10496 03f1 A9008F12 		.ascii	"\251\000\217\022n\021\261\307`\307\371\3543\337VG\323"
 10496      6E11B1C7 
 10496      60C7F9EC 
 10496      33DF5647 
 10496      D3
 10497 0402 BC060ADC 		.ascii	"\274\006\012\334\206x\245\325\037\017K\343Q}\036\267"
 10497      8678A5D5 
 10497      1F0F4BE3 
 10497      517D1EB7 
 10498 0412 E4675D6F 		.ascii	"\344g]o\340fqvUX\"\265\267B:n\231U\261uE\212\355o\263"
 10498      E0667176 
 10498      555822B5 
 10498      B7423A6E 
ARM GAS  /tmp/cckyrRJs.s 			page 286


 10498      9955B175 
 10499 042b D8626584 		.ascii	"\330be\204\271\263J\341\356\351R\370kJ\341\240Ha\313"
 10499      B9B34AE1 
 10499      EEE952F8 
 10499      6B4AE1A0 
 10499      4861CB
 10500 043e 14297C5B 		.ascii	"\024)|[T\327\035Ja\205R\270\307\250\256\317\2045u\224"
 10500      54D71D4A 
 10500      618552B8 
 10500      C7A8AECF 
 10500      84357594 
 10501 0452 5ED2B73B 		.ascii	"^\322\267;\021q\017\032\205\270Y\361\272;\035\257u\304"
 10501      11710F1A 
 10501      85B859F1 
 10501      BA3B1DAF 
 10501      75C4
 10502 0464 AB775A5E 		.ascii	"\253wZ^G\004\257>\263\352\373!u\374!Y\360\220\0060*"
 10502      4704AF3E 
 10502      B3EAFB21 
 10502      75FC2159 
 10502      F0900630 
 10503 0479 31EB3398 		.ascii	"1\3533\230\021\355R\2213\324G),\256\372\357\224\317"
 10503      11ED5291 
 10503      33D44729 
 10503      2CAEFAEF 
 10503      94CF
 10504 048b 375F2F99 		.ascii	"7_/\231\"t_\305k\242\321\322\316\"\342\014\367\214\336"
 10504      22745FC5 
 10504      6BA2D1D2 
 10504      CE22E20C 
 10504      F78CDE
 10505 049e D957CE23 		.ascii	"\331W\316#\257\"F\257\217A\\\031\367z\022[\345$\014"
 10505      AF2246AF 
 10505      8F415C19 
 10505      F77A125B 
 10505      E5240C
 10506 04b1 0933BC7B 		.ascii	"\0113\274{\2616\207\350\234b\344a\233\345\205h\270/"
 10506      B13687E8 
 10506      9C62E461 
 10506      9BE58568 
 10506      B82F
 10507 04c3 2862AD0E 		.ascii	"(b\255\016\205I\305\210\007\015\226s\201\307Sk\257]"
 10507      8549C588 
 10507      070D9673 
 10507      81C7536B 
 10507      AF5D
 10508 04d5 66E0117C 		.ascii	"f\340\021|\253\257=\344\222\340\301\024x`\024g\036\267"
 10508      ABAF3DE4 
 10508      92E0C114 
 10508      78601467 
 10508      1EB7
 10509 04e7 36D4F475 		.ascii	"6\324\364u\201\231hU \320$\270\027\302\261e\322\342"
 10509      81996855 
 10509      20D024B8 
 10509      17C2B165 
 10509      D2E2
 10510 04f9 666D7C56 		.ascii	"fm|V*L>7N\000\037\032\317%$\331`x\305\350T;\266\335"
ARM GAS  /tmp/cckyrRJs.s 			page 287


 10510      2A4C3E37 
 10510      4E001F1A 
 10510      CF2524D9 
 10510      6078C5E8 
 10511 0511 E5531CEB 		.ascii	"\345S\034\353\324\011\3730\222\260\217\304\031\032\361"
 10511      D409FB30 
 10511      92B08FC4 
 10511      191AF1
 10512 0520 CD24F116 		.ascii	"\315$\361\026\344Tr\231\300\370oC|\340\350\216+\032"
 10512      E4547299 
 10512      C0F86F43 
 10512      7CE0E88E 
 10512      2B1A
 10513 0532 69B3821B 		.ascii	"i\263\202\033\376A(\365\245\332:\243S\321c\033\006\007"
 10513      FE4128F5 
 10513      A5DA3AA3 
 10513      53D1631B 
 10513      0607
 10514 0544 AE82DCC1 		.ascii	"\256\202\334\301\340\261\024\377\030\342\320\032Kk0"
 10514      E0B114FF 
 10514      18E2D01A 
 10514      4B6B30
 10515 0553 8DF45947 		.ascii	"\215\364YG\202-\034%\332L?(\361{j\203wW\31106\303\005"
 10515      822D1C25 
 10515      DA4C3F28 
 10515      F17B6A83 
 10515      7757C930 
 10516 056a F2C11EAA 		.ascii	"\362\301\036\252=\334\313DK#n!\331N\372!+\341\031\015"
 10516      3DDCCB44 
 10516      4B236E21 
 10516      D94EFA21 
 10516      2BE1190D 
 10517 057e 6DD86868 		.ascii	"m\330hh3w\260'3u\260\247f\007\033\221\035l\347\320\217"
 10517      3377B027 
 10517      3375B0A7 
 10517      66071B91 
 10517      1D6CE7D0 
 10518 0593 1E7BE2FB 		.ascii	"\036{\342\373\262\203=O\260\372\340\271\002W\270\203"
 10518      B2833D4F 
 10518      B0FAE0B9 
 10518      0257B883 
 10519 05a3 3DACF8C4 		.ascii	"=\254\370\304\307c\340\337p\007\033E\024u-\322\3420"
 10519      C763E0DF 
 10519      70071B45 
 10519      14752DD2 
 10519      E230
 10520 05b5 CF546819 		.ascii	"\317Th\031\216\024\243\331\3535\252\324~\310~\226\272"
 10520      8E14A3D9 
 10520      EB35AAD4 
 10520      7EC87E96 
 10520      BA
 10521 05c6 FF66AD2E 		.ascii	"\377f\255.4\223\2721S\235\256\010u\276\306\314rK\342"
 10521      3493BA31 
 10521      539DAE08 
 10521      75BEC6CC 
 10521      724BE2
 10522 05d9 4AA96E9E 		.ascii	"J\251n\236\250\347\202\216\\GX\335p\305R\037\177\001"
ARM GAS  /tmp/cckyrRJs.s 			page 288


 10522      A8E7828E 
 10522      5C4758DD 
 10522      70C5521F 
 10522      7F01
 10523 05eb 3214439D 		.ascii	"2\024C\235G\241\376\254E\332\362\222p\346\354\315\256"
 10523      47A1FEAC 
 10523      45DAF292 
 10523      70E6ECCD 
 10523      AE
 10524 05fc B44849B1 		.ascii	"\264HI\261t\240f\015\031\275\032\247\205%\364\363\037"
 10524      74A0660D 
 10524      19BD1AA7 
 10524      8525F4F3 
 10524      1F
 10525 060d DF4D9403 		.ascii	"\337M\224\003\"\315\305\222M\004\333$Baf\334\254}\311"
 10525      22CDC592 
 10525      4D04DB24 
 10525      426166DC 
 10525      AC7DC9
 10526 0620 C80B7C09 		.ascii	"\310\013|\011\310t\022\031\242\376L\321\035\017\034"
 10526      C8741219 
 10526      A2FE4CD1 
 10526      1D0F1C
 10527 062f 18C7797F 		.ascii	"\030\307y\177\374\017\2541\343\3650C\232x\225\331\032"
 10527      FC0FAC31 
 10527      E3F53043 
 10527      9A7895D9 
 10527      1A
 10528 0640 99A9CC60 		.ascii	"\231\251\314`d\226\02262[\231M\232\214\321\213.\006"
 10528      64961236 
 10528      325B994D 
 10528      9A8CD18B 
 10528      2E06
 10529 0652 72C2466E 		.ascii	"r\302FnUd\232\210\237\207\277J\366\367\014\277\214w"
 10529      55649A88 
 10529      9F87BF4A 
 10529      F6F70CBF 
 10529      8C77
 10530 0664 3B08899E 		.ascii	";\010\211\236\000\335i\033\326\254\337\230\222\316x"
 10530      00DD691B 
 10530      D6ACDF98 
 10530      92CE78
 10531 0673 FAC6CD73 		.ascii	"\372\306\315s\3448e\315\232\317\227\247/{3\235)\233"
 10531      E43865CD 
 10531      9ACF97A7 
 10531      2F7B339D 
 10531      299B
 10532 0685 37F02F37 		.ascii	"7\360/7\245+\351_\300\372\270\244\265\257\277\223\264"
 10532      A52BE95F 
 10532      C0FAB8A4 
 10532      B5AFBF93 
 10532      B4
 10533 0696 3601F7BD 		.ascii	"6\001\367\275\235\200\337\037\3415u\371\332h\007\343"
 10533      9D80DF1F 
 10533      E13575F9 
 10533      DA6807E3 
 10534 06a6 F8B126A5 		.ascii	"\370\261&\245\246}\234\300\376\0070cZ\316"
ARM GAS  /tmp/cckyrRJs.s 			page 289


 10534      A67D9CC0 
 10534      FE073063 
 10534      5ACE
 10535              		.text
 10536              		.section	.gnu.lto_dump_data_2.5b3651c1394eefb,"e",%progbits
 10537 0000 789C8D57 		.ascii	"x\234\215WkPU\327\025\336k\357\373~C\242F\261xq\312"
 10537      6B5055D7 
 10537      15DE6BEF 
 10537      FB7E43A2 
 10537      46B17871 
 10538 0015 A0D52AA1 		.ascii	"\240\325*\241I\246I\235Lg\372\247\375\337\037\231\351"
 10538      49A6499D 
 10538      4C67FAA7 
 10538      FDDF1F99 
 10538      E9
 10539 0026 98A98399 		.ascii	"\230\251\203\231\011\235\304\037\306ig2\235\311\341"
 10539      099DC41F 
 10539      C6696732 
 10539      9DC9E1
 10540 0035 F2509488 		.ascii	"\362P\224\210O\004\025\257pc\254\226\2206\251P\361u"
 10540      4F0415AF 
 10540      7063AC96 
 10540      9036A950 
 10540      F175
 10541 0047 79687C45 		.ascii	"yh|E\021\337/\014\242\250\210B/J\342\013\273\326\336"
 10541      11DF2F0C 
 10541      A2A88842 
 10541      2F4AE20B 
 10541      BBD6DE
 10542 005a FB9E7B05 		.ascii	"\373\236{\005\025\034\317a\237s\326\367\235\265\276"
 10542      151CCF61 
 10542      9F73D6F7 
 10542      9DB5BE
 10543 0069 F5D8E73A 		.ascii	"\365\330\347:\030\260\262\024\306>b\214\275\016\214"
 10543      18B0B214 
 10543      C63E628C 
 10543      BD0E8C
 10544 0078 C12B0CB8 		.ascii	"\301+\014\270a\030\277\265\347;8\267\364F:\307Y\014"
 10544      6118BFB5 
 10544      E73B38B7 
 10544      F4463AC7 
 10544      590C
 10545 008a 97587369 		.ascii	"\227Xsi\323/,\206G\200E?\263@@\257\254\334\266\264\256"
 10545      D32F2C86 
 10545      4780453F 
 10545      B34040AF 
 10545      ACDCB6B4 
 10546 009f 8CACEC83 		.ascii	"\214\254\354\203'\372\311\312\006.\375\314\316\035\270"
 10546      27FAC9CA 
 10546      062EFDCC 
 10546      CE1DB8
 10547 00ae 0AE233A7 		.ascii	"\012\3423\247\372\353q\200S?s\232V.p\313U\223\303\315"
 10547      FAEB7180 
 10547      533F739A 
 10547      562E70CB 
 10547      5593C3CD 
 10548 00c2 AD1D5B37 		.ascii	"\255\035[7\315A{O\315\271N\201\366\036\360i+\257^59"
ARM GAS  /tmp/cckyrRJs.s 			page 290


 10548      CD417B4F 
 10548      CDB94E81 
 10548      F61EF069 
 10548      2BAF5E35 
 10549 00d7 7CDCDBDE 		.ascii	"|\334\333\336\377\360\327h\345\257++\262\243\225_{\323"
 10549      FFF0D768 
 10549      E5AF2B2B 
 10549      B2A3955F 
 10549      7BD3
 10550 00e9 E408F054 		.ascii	"\344\010\360T\375,E?K\325\354\220\002 \027\206\003\330"
 10550      FD2C453F 
 10550      4BD5EC90 
 10550      02201786 
 10550      03D8
 10551 00fb 675C58AC 		.ascii	"g\\X\2546\273\303\351r{\274>\177 5\005>\263\004\230"
 10551      36BBC3E9 
 10551      727BBC3E 
 10551      7F203505 
 10551      3EB30498 
 10552 010f F9CFCD20 		.ascii	"\371\317\315 \212!&N\352\266\217\015\277\303\312\304"
 10552      8A21264E 
 10552      EAB68F0D 
 10552      BFC3CAC4 
 10553 011f 3A01CD8B 		.ascii	":\001\315\213\273w\362\351[\221\336\210\256;3\251\330"
 10553      BB77F2E9 
 10553      5B91DE88 
 10553      AE3B33A9 
 10553      D8
 10554 0130 287A2D2C 		.ascii	"(z-,\030\253\024q>h\204\351h\327\021\252\372\311\263"
 10554      18AB1471 
 10554      3E6884E9 
 10554      68D711AA 
 10554      FAC9B3
 10555 0143 5C840580 		.ascii	"\\\204\005\200\005/\327\034\376\317!\027]r\010\342e"
 10555      052FD71C 
 10555      FECF2117 
 10555      5D7208E2 
 10555      65
 10556 0154 C3FAA1A8 		.ascii	"\303\372\241\250E\270\200\341\372N\376\312n\177\326"
 10556      45B880E1 
 10556      FA4EFECA 
 10556      6E7FD6
 10557 0163 16C30819 		.ascii	"\026\303\010\031\321K\021a\374<,\004\354\001\201\224"
 10557      D14B1161 
 10557      FC3C2C04 
 10557      EC018194 
 10558 0173 B01BD260 		.ascii	"\260\033\322`\027\2441\206\367|\321\271\014\366B\026"
 10558      17A43186 
 10558      F77CD1B9 
 10558      0CF64216 
 10559 0183 2350F3E6 		.ascii	"#P\363\346\306\237\211)\022\177\275\270n\0102#\022?"
 10559      C69F8929 
 10559      127FBDB8 
 10559      6E083223 
 10559      123F
 10560 0195 D433A9BA 		.ascii	"\3243\251\272\3008hX\302\302\002\373\206q`P\221\367"
 10560      C0386858 
ARM GAS  /tmp/cckyrRJs.s 			page 291


 10560      C2C202FB 
 10560      86716050 
 10560      91F7
 10561 01a7 09517DBA 		.ascii	"\011Q}\272-\004\312\267\000^~\365\364\306\006\277\362"
 10561      2D04CAB7 
 10561      005E7EF5 
 10561      F4C606BF 
 10561      F2
 10562 01b8 CD00BC5E 		.ascii	"\315\000\274^r\355\207*\217\230*\311[\217\334\366\023"
 10562      72ED872A 
 10562      8F982AC9 
 10562      5B8FDCF6 
 10562      13
 10563 01c9 37463BD8 		.ascii	"7F;\3303~\245\241\270\255\320\242\270\233\221\273Is"
 10563      337EA5A1 
 10563      B8ADD0A2 
 10563      B89B91BB 
 10563      4973
 10564 01db 974BEED6 		.ascii	"\227K\356\326\332\352\022\227\230&\301%W.W\372\265g"
 10564      DAEA1297 
 10564      9826C125 
 10564      572E57FA 
 10564      B567
 10565 01ed 777BD2F3 		.ascii	"w{\322\363\013\214\012B\333`\277B\377*\015\262\025\266"
 10565      0B8C0A42 
 10565      DB60BF42 
 10565      FF2A0DB2 
 10565      15B6
 10566 01ff 4462CFDE 		.ascii	"Db\317\336\373\261\331%fJ\354\267]5\305n\215\275\224"
 10566      FBB1D925 
 10566      664AECB7 
 10566      5D35C56E 
 10566      8DBD94
 10567 0212 2F8C5283 		.ascii	"/\214R\203\023\362\273\341\310's\311\272\266\242\257"
 10567      13F2BBE1 
 10567      C82773C9 
 10567      BAB6A2AF 
 10568 0222 0EC46C89 		.ascii	"\016\304l\211\374*\366h\242\006v\367\004\"Z\016\001"
 10568      FC2AF668 
 10568      A20676F7 
 10568      04225A0E 
 10568      01
 10569 0233 8746CAD1 		.ascii	"\207F\312\321/\301\033\206b\305 \336\224\340\335e\261"
 10569      2FC11B86 
 10569      62C520DE 
 10569      94E0DD65 
 10569      B1
 10570 0244 904BA34F 		.ascii	"\220K\243O\325\010\343\013z\255\200##\261]\022\373\337"
 10570      D508E30B 
 10570      7AAD8023 
 10570      23B15D12 
 10570      FBDF
 10571 0256 F6FB7BBC 		.ascii	"\366\373{\274\342\035\211]a\234\354\341\032\373\270"
 10571      E21D895D 
 10571      619CECE1 
 10571      1AFBB8
 10572 0265 DAC47E3F 		.ascii	"\332\304~?\022{Nb\267\034i\331\353\023s$\266\252{i\233"
ARM GAS  /tmp/cckyrRJs.s 			page 292


 10572      127B4E62 
 10572      B71C69D9 
 10572      EB137324 
 10572      B6AA7B69 
 10573 027a 5D63AF25 		.ascii	"]c\257%\260\307Gb\277\227\330\253\377\036Z\353\265Y"
 10573      B0C74762 
 10573      BF97D8AB 
 10573      FF1E5AEB 
 10573      B559
 10574 028c A00D32E1 		.ascii	"\240\0152\341\030\036G\3618\214\307A<\016\340\321\212"
 10574      181E47F1 
 10574      388CC741 
 10574      3C0EE0D1 
 10574      8A
 10575 029d 47143275 		.ascii	"G\0242u]\302\011\260a\3673\347h\366\303\312\361\330"
 10575      5DC209B0 
 10575      61F733E7 
 10575      68F6C3CA 
 10575      F1D8
 10576 02af F957BF28 		.ascii	"\371W\277(0~o\026$\230\236@;dQM\326\376YJ^\276\355\313"
 10576      307E6F16 
 10576      24989E40 
 10576      3B64514D 
 10576      D6FE594A 
 10577 02c7 78B23A7A 		.ascii	"x\262:z<\353\215ha\3609UL \351\316I\310\374\272\335"
 10577      3CEB8D68 
 10577      61F03955 
 10577      4C20E9CE 
 10577      49C8FCBA 
 10578 02dc 1A35869E 		.ascii	"\0325\206\236.F\251\"p\361O\323\001K\334\316\0319%h"
 10578      2E46A922 
 10578      70F14FD3 
 10578      014BDCCE 
 10578      19392568 
 10579 02f0 69A19315 		.ascii	"i\241\223\025O\016\033\255\354tr\320\245\023ON\027\243"
 10579      4F0E1BAD 
 10579      EC7472D0 
 10579      A5134F4E 
 10579      17A3
 10580 0302 48B07531 		.ascii	"H\260u1\026\017\243h\274\022\352\223g?\331\215c\024"
 10580      160FA368 
 10580      BC12EA93 
 10580      673FD98D 
 10580      6314
 10581 0314 D8784661 		.ascii	"\330xFaM\000j\234\311\3220]\202\2460\012}\252t%S\202"
 10581      4D006A9C 
 10581      C9D2305D 
 10581      82A6300A 
 10581      7DAA7425 
 10582 032a B224E534 		.ascii	"\262$\3454y\207\261e\2025E.\0110\242\214\225\012.\327"
 10582      7987B165 
 10582      8235452E 
 10582      0930A28C 
 10582      950A2ED7 
 10583 033e 05B8EE06 		.ascii	"\005\270\356\006\243\346\333\035B\012\332\015\241\315"
 10583      A3E6DB1D 
 10583      420ADA0D 
ARM GAS  /tmp/cckyrRJs.s 			page 293


 10583      A1CD
 10584 034c 57819684 		.ascii	"W\201\226\204G\031\226\027\364u8\250\221\00408\205\001"
 10584      47199617 
 10584      F47538A8 
 10584      91043038 
 10584      8501
 10585 035e 93758369 		.ascii	"\223u\203im\324\354|\323\\\356I,\257\253e\017\204\312"
 10585      6DD4EC7C 
 10585      D35CEE49 
 10585      2CAFAB65 
 10585      0F84CA
 10586 0371 0FCDA665 		.ascii	"\017\315\246e\225\200d65&\252\376q\364\251\263\020B"
 10586      95806436 
 10586      3526AAFE 
 10586      71F4A9B3 
 10586      1042
 10587 0383 F90EBC13 		.ascii	"\371\016\274\023\241\264\342\3153\027\017\264\301\026"
 10587      A1B4E2CD 
 10587      33170FB4 
 10587      C116
 10588 0391 8800BDF3 		.ascii	"\210\000\275\363\014\024\002\234\2462\201\263x\223\010"
 10588      0C14029C 
 10588      A63281B3 
 10588      789308
 10589 03a0 771FB22B 		.ascii	"w\037\262+\302q\311\204\356\021\204\356\010\272<\214"
 10589      C271C984 
 10589      EE1184EE 
 10589      08BA3C8C 
 10590 03b0 D003E789 		.ascii	"\320\003\347\211\360\034\021\342\223\007\355'Z=9\377"
 10590      F01C11E2 
 10590      9307ED27 
 10590      5A3D39FF 
 10591 03c0 A251B0F9 		.ascii	"\242Q\260\371\257a\341\205\013hWE0\371xI\257\361\245"
 10591      AF61E185 
 10591      0B685745 
 10591      30F97849 
 10591      AFF1A5
 10592 03d3 3DBB4E3E 		.ascii	"=\273N>\336\013\324\252\027!\247BU\337%\310\226b\245"
 10592      DE0BD4AA 
 10592      1721A742 
 10592      55DF25C8 
 10592      9662A5
 10593 03e6 4BAD302B 		.ascii	"K\2550+\350\217\214\374\266\326Fz:Ky*\306\344\332\345"
 10593      E88F8CFC 
 10593      B6D6467A 
 10593      3A4B792A 
 10593      C6E4DAE5 
 10594 03fa 17B9B690 		.ascii	"\027\271\266\220\\\353x\241k\215@\223\361\012\271F\217"
 10594      5CEB78A1 
 10594      6B8D4093 
 10594      F10AB946 
 10594      8F
 10595 040b E107744D 		.ascii	"\341\007tM\012\377\007\365vK\262N\276\021:\371\"\202"
 10595      0AFF07F5 
 10595      764BB24E 
 10595      BE113AF9 
 10595      2282
ARM GAS  /tmp/cckyrRJs.s 			page 294


 10596 041d 0F77C602 		.ascii	"\017w\306\002W\311\231N)|\227\022\276`Sq\236\"\034\217"
 10596      57C9994E 
 10596      297C9712 
 10596      BE605371 
 10596      9E221C8F 
 10597 0431 11212DC5 		.ascii	"\021!-\305\037\224\341G)\374\3612\374\276D\370\217\027"
 10597      1F94E147 
 10597      29FCF132 
 10597      FCBE44F8 
 10597      8F17
 10598 0443 83B2B792 		.ascii	"\203\262\267\2226\327\241\360\312\357\022\211\253/\271"
 10598      36D7A1F0 
 10598      CAEF1289 
 10598      AB2FB9
 10599 0452 B3CD490E 		.ascii	"\263\315I\016\331\000\340\232\232\003X\241\342\376?"
 10599      D900E09A 
 10599      9A0358A1 
 10599      E2FE3F
 10600 0461 1B395525 		.ascii	"\0339U%/\025\226x\205Zz\241\322\260H\332a\276\373+\311"
 10600      2F159678 
 10600      855A7AA1 
 10600      D2B048DA 
 10600      61BEFB2B 
 10601 0476 77406E19 		.ascii	"w@n\031\226\031e`D\224\201\210\020\303\243L\201\033"
 10601      96196560 
 10601      44948188 
 10601      10C3A34C 
 10601      811B
 10602 0488 1465B796 		.ascii	"\024e\267\226|\347\272h\2154_\202\242\356\272`'\232"
 10602      7CE7BA68 
 10602      8D345F82 
 10602      A2EEBA60 
 10602      279A
 10603 049a 9B68AA26 		.ascii	"\233h\252&\315-4E\243\325\307{\016\3702\336\015\033"
 10603      CD2D3445 
 10603      A3D5C77B 
 10603      0EF832DE 
 10603      0D1B
 10604 04ac 15380D52 		.ascii	"\0258\015R\011Vy}S\221\237`\025\010\353\3331=,^\201"
 10604      0956797D 
 10604      53919F60 
 10604      1508EBDB 
 10604      313D2C5E 
 10605 04c1 1EC850A8 		.ascii	"\036\310P\250\333\210\222\002\370\253\304\004\324(,"
 10605      DB889202 
 10605      F8ABC404 
 10605      D4282C
 10606 04d0 5E95320D 		.ascii	"^\2252\015$\365\333B\251!M/\352/6\010~d-\336\277b\227"
 10606      24F5DB42 
 10606      A9214D2F 
 10606      EA2F3608 
 10606      7E642DDE 
 10607 04e7 97427100 		.ascii	"\227Bq\000\207^H\343\017\353\322`F\032\206[*\254\275"
 10607      875E48E3 
 10607      0FEBD260 
 10607      461A865B 
 10607      2AACBD
ARM GAS  /tmp/cckyrRJs.s 			page 295


 10608 04fa 7B629D89 		.ascii	"{b\235\211\336\215\324\333\265\344\005\033\213\317\013"
 10608      DE8DD4DB 
 10608      B5E4051B 
 10608      8BCF0B
 10609 0509 A531FE77 		.ascii	"\2451\376wU\011\017\311\336\321r\012\314\233\023\244"
 10609      55090FC9 
 10609      DED1720A 
 10609      CC9B13A4 
 10610 0519 D0A5C2B6 		.ascii	"\320\245\302\266lcA\030L\216\255\365\023%G/\024\005"
 10610      6C634118 
 10610      4C8EADF5 
 10610      1325472F 
 10610      1405
 10611 052b 5F22F41D 		.ascii	"_\"\364\035-\364\350\312\336\035M\331>S\331~\245\354"
 10611      2DF4E8CA 
 10611      DE1D4DD9 
 10611      3E53D97E 
 10611      A5EC
 10612 053d F19BFBBF 		.ascii	"\361\233\373\277se\274\247\224\035G\260\246{E\003\326"
 10612      7365BCA7 
 10612      941D47B0 
 10612      A67B4503 
 10612      D6
 10613 054e B8B25BEB 		.ascii	"\270\262[\353g\207\305x\370_\\\331\030\242HM\012\306"
 10613      6787C578 
 10613      F85F5CD9 
 10613      18A2484D 
 10613      0AC6
 10614 0560 DE59DDD7 		.ascii	"\336Y\335\327\314\023\303L\007#\233`\216\012\335>\246"
 10614      CC13C34C 
 10614      07239B60 
 10614      8E0ADD3E 
 10614      A6
 10615 0571 71339018 		.ascii	"q3\220\0307\367\314q3Y1L\031S\023\337\177Q\023o\007"
 10615      37F7CC71 
 10615      3359314C 
 10615      195313DF 
 10615      7F51136F 
 10616 0586 EAE241D9 		.ascii	"\352\342A\331\305\366\347tqL\016\230\037\251\2139u\361"
 10616      C5F6E774 
 10616      714C0E98 
 10616      1FA98B39 
 10616      75F1
 10617 0598 4F7AC0A8 		.ascii	"Oz\300\250\3528H\0356E\015\337\344\350\344\200A\246"
 10617      EA38481D 
 10617      36450DDF 
 10617      E4E8E480 
 10617      41A6
 10618 05aa 2B8757DD 		.ascii	"+\207W\335\264\3527}JD\255\004\360\311Q\365\000r\342"
 10618      B4EA377D 
 10618      4A44AD04 
 10618      F0C951F5 
 10618      0072E2
 10619 05bd D85D096C 		.ascii	"\330]\011l\354\340\034\215\035=\250\207/\035\232\217"
 10619      ECE01C8D 
 10619      1D3DA887 
 10619      2F1D9A8F 
ARM GAS  /tmp/cckyrRJs.s 			page 296


 10620 05cd 5E18931A 		.ascii	"^\030\223\032\232\217\315\241\371\004\262\223\273\324"
 10620      9A8FCDA1 
 10620      F904B293 
 10620      BBD4
 10621 05db 865BCA90 		.ascii	"\206[\312\220\336R\366i\317(\344o\324\006t\222B\260"
 10621      DE52F669 
 10621      CF28E46F 
 10621      D4067492 
 10621      42B0
 10622 05ed D3D3C88D 		.ascii	"\323\323\310\215\332I\346\007B\241\244\336W?S\356jd"
 10622      DA49E607 
 10622      42A1A4DE 
 10622      573F53EE 
 10622      6A64
 10623 05ff 59493EC3 		.ascii	"YI>\303S\275\365\334\256\025\211\217\011F\033\274\301"
 10623      53BDF5DC 
 10623      AE15898F 
 10623      09461BBC 
 10623      C1
 10624 0610 6D2CE903 		.ascii	"m,\351\003C\232\252\233\220\317u\337\344\321\262JLU"
 10624      439AAA9B 
 10624      90CF75DF 
 10624      E4D1B24A 
 10624      4C55
 10625 0622 95624E27 		.ascii	"\225bN'DC\210\247\251Q\207\026\312\251\251j\324\325"
 10625      444388A7 
 10625      A9518716 
 10625      CAA9A96A 
 10625      D4D5
 10626 0634 0A89C716 		.ascii	"\012\211\307\026\273\334\362\206\306#\270\363\366\345"
 10626      BBDCF286 
 10626      C623B8F3 
 10626      F6E5
 10627 0642 219F02F7 		.ascii	"!\237\002\367\315\202\002\236\246[\316\321\337\326P"
 10627      CD82029E 
 10627      A65BCED1 
 10627      DFD650
 10628 0651 9D68B946 		.ascii	"\235h\271F\220h\012\270\007\342\334j\004\240\2613\271"
 10628      90680AB8 
 10628      07E2DC6A 
 10628      04A0B133 
 10628      B9
 10629 0662 A43953EF 		.ascii	"\2449S\357\235\246f\207~/!I\006\255\025\243\254v,\335"
 10629      9DA66687 
 10629      7E2F2149 
 10629      06AD15A3 
 10629      AC762CDD 
 10630 0676 667D4E5A 		.ascii	"f}NZ\237_\355\205\334\254\366\"N9T\374]\211\"1G\270"
 10630      9F5FED85 
 10630      DCACF622 
 10630      4E3954FC 
 10630      5D892231 
 10631 068c 832AA817 		.ascii	"\203*\250\027\212_6\034\212\371X\207\303b>\312pX\302"
 10631      8A5F361C 
 10631      8AF95887 
 10631      C3623ECA 
 10631      7058C2
ARM GAS  /tmp/cckyrRJs.s 			page 297


 10632 069f E3C3A184 		.ascii	"\343\303\241\204\313\341\020>XXk\315\230\253\206\303"
 10632      CBE1103E 
 10632      58586BCD 
 10632      98AB86C3 
 10633 06af 045967E5 		.ascii	"\004Yg\345\035%\256\370p\350\242\341\360\032,\345z8"
 10633      1D25AEF8 
 10633      70E8A2E1 
 10633      F01A2CE5 
 10633      7A38
 10634 06c1 2CE33476 		.ascii	",\3434v\035\361i{\303\214\0103}KOH\352\217Dn\365\027"
 10634      1DF1697B 
 10634      C38C0833 
 10634      7D4B4F48 
 10634      EA8F446E 
 10635 06d7 0FDEA609 		.ascii	"\017\336\246\011<\0153i\277\320\235C\351p<\354n\027"
 10635      3C0D3369 
 10635      BFD09D43 
 10635      E9703CEC 
 10635      6E17
 10636 06e9 98119739 		.ascii	"\230\021\2279u\271\314\210\264\366J\376\247;f$\370\017"
 10636      75B9CC88 
 10636      B4F64AFE 
 10636      A73B6624 
 10636      F80F
 10637 06fb 59157F16 		.ascii	"Y\025\177\026N\340g\371\333\010\221E\374^|\267\215\341"
 10637      4EE067F9 
 10637      DB089145 
 10637      FC5E7CB7 
 10637      8DE1
 10638 070d CB9C8DF5 		.ascii	"\313\234\215\365\003\200\344\364#\017\2678$\207\004"
 10638      0380E4F4 
 10638      230FB738 
 10638      248704
 10639 071c B94FA55E 		.ascii	"\271O\245^\302\\\362EO\324g\025V\334\315\226\231\352"
 10639      C25CF245 
 10639      4FD46715 
 10639      56DCCD96 
 10639      99EA
 10640 072e 352ED4E2 		.ascii	"5.\324\342\364\346kk\355\252\342\002P\252\012n\020p"
 10640      F4E66B6B 
 10640      EDAAE202 
 10640      50AA0A6E 
 10640      1070
 10641 0740 FE67B956 		.ascii	"\376g\271V\271)\206\324\230m\020|\350\256K~\304\245"
 10641      B92986D4 
 10641      986D107C 
 10641      E8AE4B7E 
 10641      C4A5
 10642 0752 6EFF9A22 		.ascii	"n\377\232\"\362\254n\376<\335\254\307\201z\353X\266"
 10642      F2AC6EFE 
 10642      3CDDACC7 
 10642      817AEB58 
 10642      B6
 10643 0763 80CFC79C 		.ascii	"\200\317\307\234\345\345\243e\271\314\314\362\012\225"
 10643      E5E5A365 
 10643      B9CCCCF2 
 10643      0A95
ARM GAS  /tmp/cckyrRJs.s 			page 298


 10644 0771 E5FB8757 		.ascii	"\345\373\207W\227z3\346'm\001\213{\213O\233\233\353"
 10644      977A33E6 
 10644      276D018B 
 10644      7B8B4F9B 
 10644      9BEB
 10645 0783 40FD0CDA 		.ascii	"@\375\014\332\002V\306\263\274\212\253-\200\274\177"
 10645      0256C6B3 
 10645      BC8AAB2D 
 10645      80BC7F
 10646 0792 A4BDA7A6 		.ascii	"\244\275\247\246X \325>\226\330P9j\351\246\256\362\256"
 10646      5820D53E 
 10646      96D85039 
 10646      6AE9A6AE 
 10646      F2AE
 10647 07a4 6E3C3C20 		.ascii	"n<< [P\310\274\231;g\250\315\251\344t>;L\203\346,u\313"
 10647      5B50C8BC 
 10647      993B67A8 
 10647      CDA9E474 
 10647      3E3B4C83 
 10648 07bc 09B69AE7 		.ascii	"\011\266\232\347\240@\205\317\025hb%\251\000kH $\012"
 10648      A04085CF 
 10648      15686225 
 10648      A9006B48 
 10648      20240A
 10649 07cf 8B       		.ascii	"\213"
 10650 07d0 49DAB359 		.ascii	"I\332\263Y\211\342x\240\213#\035\011\237-\216c\364\222"
 10650      89E278A0 
 10650      8B231D09 
 10650      9F2D8E63 
 10650      F492
 10651 07e2 74D9FBBE 		.ascii	"t\331\373\276\255\217\317\256\344\211b8\246\336Od\237"
 10651      AD8FCFAE 
 10651      E4896238 
 10651      A6DE4F64 
 10651      9F
 10652 07f3 C6F37F39 		.ascii	"\306\363\1779\236\177\256]\033\004\231iO\214\330\275"
 10652      9E7FAE5D 
 10652      1B049969 
 10652      4F8CD8BD 
 10653 0803 3137F2F8 		.ascii	"17\362\370\327\350\374r\271\3057\214)\277k\307\234\337"
 10653      D7E8FC72 
 10653      B9C5378C 
 10653      29BF6BC7 
 10653      9CDF
 10654 0815 F2D1F2BB 		.ascii	"\362\321\362\273\316\314o\205\312\357\232\376\355!g"
 10654      CECC6F85 
 10654      CAEF9AFE 
 10654      ED2167
 10655 0824 469ECA6F 		.ascii	"F\236\312o\032\301\016t\037)\367\231[|\003\346w2T\306"
 10655      1AC10E74 
 10655      1F29F799 
 10655      5B7C03E6 
 10655      773254C6 
 10656 0838 F3BB3E29 		.ascii	"\363\273>)\277\003;~\223\244\242\376\0050\031\277p\222"
 10656      BF033B7E 
 10656      93A4A2FE 
 10656      053019BF 
ARM GAS  /tmp/cckyrRJs.s 			page 299


 10656      7092
 10657 084a 7FFBDBB1 		.ascii	"\177\373\333\261\3747$\213z\224\224\233,E\015\234\272"
 10657      FC37248B 
 10657      7A94949B 
 10657      2C450D9C 
 10657      BA
 10658 085b 7E2B23A1 		.ascii	"~+#\241\251|\342\221\3245\020\027\365b\213\336\353="
 10658      A97CE291 
 10658      D4351017 
 10658      F5628BDE 
 10658      EB3D
 10659 086d FA436910 		.ascii	"\372Ci\020<$\252e\225\035i\3741?~\241\246JQ\251gS\242"
 10659      3C24AA65 
 10659      951D69FC 
 10659      313F7EA1 
 10659      A64A51A9 
 10660 0884 FAFB14E4 		.ascii	"\372\373\024\344GGC\374\303\267\271C\355_\255\362\007"
 10660      474743FC 
 10660      C3B7B943 
 10660      ED5FADF2 
 10660      07
 10661 0895 D48D5857 		.ascii	"\324\215XW\207\373\355\006c\011\206be\260\221\277\315"
 10661      87FBED06 
 10661      63098662 
 10661      65B091BF 
 10661      CD
 10662 08a6 EE6AF7F4 		.ascii	"\356j\367\3647/H\236P\224\256\354\037\317\313[0+\227"
 10662      372F489E 
 10662      5094AEEC 
 10662      1FCFCB5B 
 10662      302B97
 10663 08b9 89DC058B 		.ascii	"\211\334\005\213\002j=k\336\274\017\336\312}\343\365"
 10663      026A3D6B 
 10663      DEBC0FDE 
 10663      CA7DE3F5 
 10664 08c9 5CC6177D 		.ascii	"\\\306\027}l\235\367In^\236\370da.\317\375\320\372\267"
 10664      6C9DF749 
 10664      6E5E9EF8 
 10664      64612ECF 
 10664      FDD0FAB7 
 10665 08dd BCF98B3E 		.ascii	"\274\371\213>\264|\224\267\340\003\370\013\344M\314"
 10665      B47C94B7 
 10665      E003F80B 
 10665      E44DCC
 10666 08ec 9CFFCB77 		.ascii	"\234\377\313w3\347\007\021\372N\020\377\376\021\317"
 10666      33E70711 
 10666      FA4E10FF 
 10666      FE11CF
 10667 08fb D96FCDC7 		.ascii	"\331o\315\307\236\267\004\203Af\313\314\316y/\210\353"
 10667      9EB70483 
 10667      4166CBCC 
 10667      CE792F88 
 10667      EB
 10668 090c BF07190D 		.ascii	"\277\007\031\015\202\377\003\302\336\323\351"
 10668      82FF03C2 
 10668      DED3E9
 10669              		.text
ARM GAS  /tmp/cckyrRJs.s 			page 300


 10670              		.section	.gnu.lto_check_data.part.0.5b3651c1394eefb,"e",%progbits
 10671 0000 789CAD58 		.ascii	"x\234\255XyPU\327\031\277\337=o\177\217E6\025\235\011"
 10671      795055D7 
 10671      19BFDF3D 
 10671      6F7F8F45 
 10671      36159D09 
 10672 0014 89B5A989 		.ascii	"\211\265\251\211\021k2M\332i\332dLg\222?\234\351\304"
 10672      116B324D 
 10672      DA69DA64 
 10672      4C67923F 
 10672      9CE9C4
 10673 0027 69A7FF74 		.ascii	"i\247\377t\214\241$\241)\352\000\311$\235ir\3315\"\250"
 10673      8CA124A1 
 10673      29EA00C9 
 10673      249D6972 
 10673      D93522A8 
 10674 003b 15591441 		.ascii	"\025Y\024A\236\212\013\213\222D\023EE\301\335\032\203"
 10674      9E8A0B8B 
 10674      92441345 
 10674      45C1DD1A 
 10674      83
 10675 004c FB8AF022 		.ascii	"\373\212\360\".(\270\244.\030\245\337\367\235\363\036"
 10675      2E28B8A4 
 10675      2E18A5DF 
 10675      F79DF31E 
 10676 005c 9707463B 		.ascii	"\227\007F;\023F\317=\367\234\357\373\375\276\355,\367"
 10676      1346CF3D 
 10676      F79CEFFB 
 10676      FDBEED2C 
 10676      F7
 10677 006d 3934D026 		.ascii	"94\320&\016\325\264\031\240i\257\341\177\210\321 \332"
 10677      0ED5B419 
 10677      A069AFE1 
 10677      7F88D120 
 10677      DA
 10678 007e 308C57EC 		.ascii	"0\214W\354\020\015\272\354\350\272\253\270\344O\026"
 10678      100DBAEC 
 10678      E8BAABB8 
 10678      E44F16
 10679 008d C3252E76 		.ascii	"\303%.v\254\376\275\305\360\010\260\310\031\213n\305"
 10679      ACFEBDC5 
 10679      F008B0C8 
 10679      198B6EC5 
 10680 009d 4E1C4ED9 		.ascii	"N\034N\331\344\323c\005\033O\245;l\272\243\266 \333"
 10680      E4D36305 
 10680      1B4FA53B 
 10680      6CBAA3B6 
 10680      20DB
 10681 00af 8E73F696 		.ascii	"\216s\366\226k=/\341\234]\251\275\352\320\335M\235^"
 10681      6B3D2FE1 
 10681      9C5DA9BD 
 10681      EAD0DD4D 
 10681      9D5E
 10682 00c1 7C733937 		.ascii	"|s97/8\375;\234r\352\256\372\256/Cp\304}`\336\336\011"
 10682      2F38FD3B 
 10682      9C72EAAE 
 10682      FAAE2F43 
ARM GAS  /tmp/cckyrRJs.s 			page 301


 10682      70C47D60 
 10683 00d8 38E28228 		.ascii	"8\342\202(\005\344\326=\337\345\366xp.l\361\235\354"
 10683      05E4D63D 
 10683      DFE5F678 
 10683      702E6CF1 
 10683      9DEC
 10684 00ea E771CEA3 		.ascii	"\347q\316\243\207,8\275\344\031\034\011\275\342m\213"
 10684      872C38BD 
 10684      E4191C09 
 10684      BDE26D8B 
 10685 00fa C6911008 		.ascii	"\306\221\020\010W\322\241\001\275\260\300X\270\205\306"
 10685      57D2A101 
 10685      BDB0C058 
 10685      B885C6
 10686 0109 C26D8663 		.ascii	"\302m\206c\210zF\250g\244\177<\240\025\021\350E\006"
 10686      887A46A8 
 10686      67A47F3C 
 10686      A01511E8 
 10686      4506
 10687 011b 7A5100DC 		.ascii	"zQ\000\3343\034\240}\032\255\013\213\325fw8]nOHhX\370"
 10687      331CA07D 
 10687      1AAD0B8B 
 10687      D5667738 
 10687      5D6E4F48 
 10688 0132 9088C828 		.ascii	"\220\210\310(\370T\267h\201\277\002Q$`{n\307\327\372"
 10688      F854B768 
 10688      81BF0251 
 10688      24607B6E 
 10688      C7D7FA
 10689 0145 982AD433 		.ascii	"\230*\3243\032\213\316\216\3101\262\207\225\013M+\021"
 10689      1A8BCE8E 
 10689      C831B287 
 10689      950B4D2B 
 10689      11
 10690 0156 7EA92019 		.ascii	"~\251 \031\243QW\002\230\005\0156\302\030zl\242\007"
 10690      A3515702 
 10690      98050D36 
 10690      C2187A6C 
 10690      A207
 10691 0168 4A9ECD28 		.ascii	"J\236\315(\273\343\311\027\345\002\300\202\257\013\366"
 10691      BBE3C917 
 10691      E502C082 
 10691      AF0BF6
 10692 0177 7EB1C745 		.ascii	"~\261\307E\257:\304\341\3537\365\367f\353\302\005$\271"
 10692      AF3AC4E1 
 10692      EB37F5F7 
 10692      66EBC205 
 10692      24B9
 10693 0189 BC63FD3E 		.ascii	"\274c\375>\373h/c\036\350\216Y\232i\3546,\345B\300\026"
 10693      FB682F63 
 10693      1EE88E59 
 10693      9A69EC36 
 10693      2CE542C0 
 10694 019e 10480E9B 		.ascii	"\020H\016\233a\0044\300\010\015\266\302hM\013[\376W"
 10694      610434C0 
 10694      080DB6C2 
 10694      684D0B5B 
ARM GAS  /tmp/cckyrRJs.s 			page 302


 10694      FE57
 10695 01b0 52DA50FA 		.ascii	"R\332P\372\240\321\"\342\030\240f\341\252\025n\002\310"
 10695      A0D122E2 
 10695      18A066E1 
 10695      AA156E02 
 10695      C8
 10696 01c1 301A7776 		.ascii	"0\032wv\017\363\003X\2401\010`\033\003\0243@\373\272"
 10696      0FF30358 
 10696      A0310860 
 10696      1B031433 
 10696      40FBBA
 10697 01d4 07852136 		.ascii	"\007\205!6\013\21510\011n\007\233\366h\213 \310\"\355"
 10697      0B8D3130 
 10697      096E079B 
 10697      F6688B20 
 10697      C822ED
 10698 01e7 D1364090 		.ascii	"\3216@\220\015\232\331\202f\264\240\211-\000i\001\354"
 10698      0D9AD982 
 10698      66B4A089 
 10698      2D006901 
 10698      EC
 10699 01f8 001BF409 		.ascii	"\000\033\364\011\340\204\016;\375\246\265\336is\213"
 10699      E0840E3B 
 10699      FDA6B5DE 
 10699      69738B
 10700 0207 9FB1DF5B 		.ascii	"\237\261\337[z{K<\212\363\302\371Q-M9\306\334tG\271"
 10700      7A7B4B3C 
 10700      8AF3C2F9 
 10700      512D4D39 
 10700      C6DC7447 
 10701 021c B0C22E22 		.ascii	"\260\302.\"\025}\244\273\331\361\214w\314\264\273\231"
 10701      157DA4BB 
 10701      D9F18C77 
 10701      CCB4BB99 
 10702 022c 52C01E85 		.ascii	"R\300\036\205,\307\263\310\351s\263g\206\015g3P@{\014"
 10702      2CC7B3C8 
 10702      E973B367 
 10702      860D6733 
 10702      50407B0C 
 10703 0240 2A08A2EA 		.ascii	"*\010\242\352\347\337>\034\201\275\350\322 L\025\227"
 10703      E7DF3E1C 
 10703      81BDE8D2 
 10703      204C1597 
 10704 0250 A234D84F 		.ascii	"\2424\330O<\226\001S\276\202X\015\376Cs\272\031O\203"
 10704      3C960153 
 10704      BE82580D 
 10704      FE4373BA 
 10704      194F83
 10705 0263 0388C5F1 		.ascii	"\003\210\305\361\200o\260\247i\016\234\314:\272\344"
 10705      806FB0A7 
 10705      690E9CCC 
 10705      3ABAE4
 10706 0272 6B0B1526 		.ascii	"k\013\025&\032xke\20473\373u\264N3GA\231\3251\257\275"
 10706      1A786B65 
 10706      843733FB 
 10706      75B44E33 
 10706      474199D5 
ARM GAS  /tmp/cckyrRJs.s 			page 303


 10707 0289 9E5D99CF 		.ascii	"\236]\231\317e\276\"3\2333e\325\372\271q\220\253Y\203"
 10707      65BE2233 
 10707      9B3365D5 
 10707      FAB97190 
 10707      AB5983
 10708 029c 6F6134EA 		.ascii	"oa4\352\254\331q\244\303-\376\314Q\377\276u\3132\335"
 10708      ACD971A4 
 10708      C32DFECC 
 10708      51FFBE75 
 10708      CB32DD
 10709 02af 9FE953A6 		.ascii	"\237\351S\246L\267P$\254}\020\2078\3507\247\004+\035"
 10709      4CB75024 
 10709      AC7D1087 
 10709      38E837A7 
 10709      042B1D
 10710 02c2 04B30204 		.ascii	"\004\263\002\004) \347a\346l\256^:\313%\2460\347\254"
 10710      2920E761 
 10710      E66CAE5E 
 10710      3ACB25A6 
 10710      30E7AC
 10711 02d5 D6332561 		.ascii	"\3263%aJ\375\300\251\230\364L\243\230 lpDr>?\002\306"
 10711      4AFDC0A9 
 10711      98F44CA3 
 10711      98206C70 
 10711      44723E3F 
 10712 02eb 23C05166 		.ascii	"#\300Qf4\336\012Vi\004\2638\364\023G\276c\3147\367\364"
 10712      34DE0A56 
 10712      6904B338 
 10712      F41347BE 
 10712      63CC37F7 
 10713 0300 DD06B748 		.ascii	"\335\006\267H`\276\371M\015\347@)7g\010#\317\320I\375"
 10713      60BEF94D 
 10713      0DE74029 
 10713      37670823 
 10713      CFD049FD 
 10714 0314 783FB613 		.ascii	"x?\266\023\3146\347\255`\205\000\333\361~l'\024\333"
 10714      CC36E7AD 
 10714      608500DB 
 10714      F17E6C27 
 10714      14DB
 10715 0326 4966BB9A 		.ascii	"If\273\232>\257#\354\351\345\322\243\023Q\3132\215\327"
 10715      3EAF23EC 
 10715      E9E5D2A3 
 10715      1351CB32 
 10715      8DD7
 10716 0338 03ABC5D6 		.ascii	"\003\253\305\326\027\222S\3604\016\207U\277\025\274"
 10716      179253F0 
 10716      340E8755 
 10716      BF15BC
 10717 0347 C61E9C88 		.ascii	"\306\036\234\210x\370\032C-\246:\315Ty\351'6\011\265"
 10717      78F81A43 
 10717      2DA63ACD 
 10717      5479E927 
 10717      3609B5
 10718 035a 671DDCA6 		.ascii	"g\035\334\246#\217\320\314\211Ru\221]ym\273 \364\271"
 10718      238FD0CC 
 10718      89527591 
ARM GAS  /tmp/cckyrRJs.s 			page 304


 10718      5D796DBB 
 10718      20F4B9
 10719 036d 88DEE529 		.ascii	"\210\336\345)]\331\230\025'EM\310gTY\234\225k\226\326"
 10719      5DD99815 
 10719      27454DC8 
 10719      6754599C 
 10719      956B96D6 
 10720 0381 6E5D0B9E 		.ascii	"n]\013\236(\017zs\015\343\344\263C\177\016\234>]+\027"
 10720      280F7A73 
 10720      0DE3E4B3 
 10720      437F0E9C 
 10720      3E5D2B17 
 10721 0395 76C15D0B 		.ascii	"v\301]\013\307\327\312\306\330\270\265s\014\034\334"
 10721      C7D7CAC6 
 10721      D8B8B573 
 10721      0C1CDC
 10722 03a4 3A79C485 		.ascii	":y\304\205\342\01676N\0175!\364\032\212\215+\214\232"
 10722      E20E3736 
 10722      4E0F3521 
 10722      F41A8A8D 
 10722      2B8C9A
 10723 03b7 706A8650 		.ascii	"pj\206P\023A\023\221\324DQ\023\215\215;\206zC\251\031"
 10723      13411391 
 10723      D4445113 
 10723      8D8D3B86 
 10723      7A43A919 
 10724 03cb 460D2E5B 		.ascii	"F\015.[\264)\226\333\021d\305H\356j\332l\241\2558\375"
 10724      B42996DB 
 10724      1164C548 
 10724      EE6ADA6C 
 10724      A1AD38FD 
 10725 03df FD4B40BD 		.ascii	"\375K@\275h\356\011-O\350\252\327\001F\345\355\015\202"
 10725      68EE092D 
 10725      4FE8AAD7 
 10725      0146E5ED 
 10725      0D82
 10726 03f1 963CF5BD 		.ascii	"\226<\365\275\275\325\303\203V\343\355\015\261jG\260"
 10726      BDD5C383 
 10726      56E3ED0D 
 10726      B16A47B0 
 10727 0401 A2FFAD52 		.ascii	"\242\377\255R\256\322W#L+\035\013\230\212\212SM\021"
 10727      AED25723 
 10727      4C2B1D0B 
 10727      988A8A53 
 10727      4D11
 10728 0413 3ED76FC1 		.ascii	">\327o\301[(\034\024\014r\234!\244\000\264a{\0312\026"
 10728      5B281C14 
 10728      0C729C21 
 10728      A400B461 
 10728      7B193216 
 10729 0427 EE1949DD 		.ascii	"\356\031I\3352A{_~f\367Y\007\235\027\036.\310\262\225"
 10729      32417B5F 
 10729      7E66F759 
 10729      079D171E 
 10729      2EC8B295 
 10730 043b FB7B9D59 		.ascii	"\373{\235Y\220A{\216\307+d\306\216\236\332y\020\226"
 10730      90417B8E 
ARM GAS  /tmp/cckyrRJs.s 			page 305


 10730      C72B64C6 
 10730      8E9EDA79 
 10730      1096
 10731 044d 8317A806 		.ascii	"\203\027\250\006|\220\005\320N\351\204\357p\020\255"
 10731      7C9005D0 
 10731      4EE984EF 
 10731      7010AD
 10732 045c CB882338 		.ascii	"\313\210#8\"EH\266\366B\215`2\352_z\316\317\333\260"
 10732      224548B6 
 10732      F6428D60 
 10732      32EA5F7A 
 10732      CECFDBB0 
 10733 0470 E739C9AB 		.ascii	"\3479\311\253\233yC\006\360\206x\351\240\353\317\033"
 10733      9B794306 
 10733      F08678E9 
 10733      A0EBCF1B 
 10734 0480 0A1DC47B 		.ascii	"\012\035\304{\236xq\346n\313\267\315\236\011k9`\323"
 10734      9E7871E6 
 10734      6ECBB7CD 
 10734      9E096B39 
 10734      60D3
 10735 0492 CA45185C 		.ascii	"\312E\030\\@9b\227\021C\211\231W\214\025\366\361\265"
 10735      40396297 
 10735      11438999 
 10735      578C15F6 
 10735      F1B5
 10736 04a4 2CB11E68 		.ascii	",\261\036h\225\\\204\011\305B\011\300%\030\257\235\207"
 10736      955C8409 
 10736      C54209C0 
 10736      2518AF9D 
 10736      87
 10737 04b5 ACD6A617 		.ascii	"\254\326\246\027\0061\011\367:\270\254\012v\266\020"
 10737      063109F7 
 10737      3AB8AC0A 
 10737      76B610
 10738 04c4 D77A56CA 		.ascii	"\327zV\312$\322\035\305\260p\026uM\372+3\332m\362\367"
 10738      24D21DC5 
 10738      B0701675 
 10738      4DFA2B33 
 10738      DA6DF2F7 
 10739 04d8 668DB5CF 		.ascii	"f\215\265\317\341\341\022\335\362X\036v>\314\303O\310"
 10739      E1E112DD 
 10739      F2581E76 
 10739      3ECCC34F 
 10739      C8
 10740 04e9 C32BECA1 		.ascii	"\303+\354\241\030\334\303\016\366\360\252\331\303.\364"
 10740      18DCC30E 
 10740      F6F0AAD9 
 10740      C32EF4
 10741 04f8 107353F1 		.ascii	"\020sS\361\016'\347\030\031k\221\345\247\014\014$\356"
 10741      0E27E718 
 10741      196B91E5 
 10741      A70C0C24 
 10741      EE
 10742 0509 74C011EF 		.ascii	"t\300\021\357\205\352\330\340r\254\371\005\011p\361"
 10742      85EAD8E0 
 10742      72ACF905 
ARM GAS  /tmp/cckyrRJs.s 			page 306


 10742      0970F1
 10743 0518 E08E81E8 		.ascii	"\340\216\201\350\335\312\321\316jSIj\264\233\\\353_"
 10743      DDCAD1CE 
 10743      6A53496A 
 10743      B49B5CEB 
 10743      5F
 10744 0529 862C2A07 		.ascii	"\206,*\007\341:G$sqN\022u\313\204\025\031Qr\375\254"
 10744      E13A4724 
 10744      73714E12 
 10744      75CB8415 
 10744      195172FD 
 10745 053e ABAB9C14 		.ascii	"\253\253\234\024r\013\000\334@\327\331\250\353~\243"
 10745      720B00DC 
 10745      40D7D9A8 
 10745      EB7EA3
 10746 054d AC32BAD5 		.ascii	"\2542\272\325\202\3651_g0_R\037\225\333:\317<\010\225"
 10746      82F5315F 
 10746      67305F52 
 10746      1F95DB3A 
 10746      CF3C0895 
 10747 0561 CADDE3E0 		.ascii	"\312\335\343\340\246L\330-\020X\007\242\264\253\035"
 10747      A64CD82D 
 10747      105807A2 
 10747      B4AB1D
 10748 0570 A365B36B 		.ascii	"\243e\263k\2306k::\242\253\305\327]=\216\301(4\227\301"
 10748      98366B3A 
 10748      3AA2ABC5 
 10748      D75D3D8E 
 10748      C1283497 
 10749 0585 4F65CEBE 		.ascii	"Oe\316\276\005\263\377=\203\345\011[\277\214\263M*\313"
 10749      05B3FF3D 
 10749      83E5095B 
 10749      BF8CB34D 
 10749      2ACB
 10750 0597 CA2682A1 		.ascii	"\312&\202\241\020\2518jA\313A\012\3373\227D\254,\011"
 10750      10A9386A 
 10750      41CB410A 
 10750      DF339744 
 10750      AC2C09
 10751 05aa FB6395C4 		.ascii	"\373c\225\304\177\037V\022\225@5q\213k\3026xM\\\346"
 10751      7F1F5612 
 10751      95403571 
 10751      8B6BC236 
 10751      784D5CE6 
 10752 05be 9AB86DAE 		.ascii	"\232\270m\256\211;\252&\376\316\026\236$\013\355la\257"
 10752      893BAA26 
 10752      FECE169E 
 10752      240BED6C 
 10752      61AF
 10753 05d0 B210437C 		.ascii	"\262\020C|\261\251\031T\325\322,\207\224\002n9\3311"
 10753      B1A91954 
 10753      D5D22C87 
 10753      94026E39 
 10753      D931
 10754 05e2 81E262ED 		.ascii	"\201\342b\355\351h\021\270,\354\363\262\217\355\022"
 10754      E96811B8 
 10754      2CECF3B2 
ARM GAS  /tmp/cckyrRJs.s 			page 307


 10754      8FED12
 10755 05f1 BC2E1CD7 		.ascii	"\274.\034\327\345\012!$o\255\335\217\324\332tX!9\374"
 10755      E50A2124 
 10755      6FADDD8F 
 10755      D4DA7458 
 10755      2139FC
 10756 0604 CBE91638 		.ascii	"\313\351\0268\321^\033>\035\010n\333\333\255\243\272"
 10756      D15E1B3E 
 10756      1D086EDB 
 10756      DBADA3BA 
 10757 0614 F3AEAFF8 		.ascii	"\363\256\257\370E\245^U;R\205*sI\316\011\273Tw\225\011"
 10757      45A55E55 
 10757      3B52852A 
 10757      7349CE09 
 10757      BB547795 
 10758 0629 272D6E8C 		.ascii	"'-n\214\337\017\271\012\322\215\3032\372\033b\371\036"
 10758      DF0FB90A 
 10758      D28DC332 
 10758      FA1B62F9 
 10758      1E
 10759 063a D717FD1D 		.ascii	"\327\027\375\035\3227\323\333\261~o\207\373\2755Q\024"
 10759      D237D3DB 
 10759      B17E6F87 
 10759      FBBD3551 
 10759      14
 10760 064b DC324F6A 		.ascii	"\3342OjcV\033\303\016\346\301\250v\036\250\270\306U"
 10760      63561BC3 
 10760      0EE6C1A8 
 10760      761EA8B8 
 10760      C655
 10761 065d 2AE013B8 		.ascii	"*\340\023\270\2536\206<\341\372\252\274\320\303v\377"
 10761      AB36863C 
 10761      E1FAAABC 
 10761      D0C376FF 
 10762 066d 245668CA 		.ascii	"$Vh\312\206g\331\206\331\272\261\333\302=\242rw5\264"
 10762      8667D986 
 10762      D9BAB1DB 
 10762      C23DA272 
 10762      7735B4
 10763 0680 8EFDA9A9 		.ascii	"\216\375\251\251z\007q\327\203\356.\335~\277\307.\335"
 10763      7A0771D7 
 10763      83EE2EDD 
 10763      7EBFC72E 
 10763      DD
 10764 0691 FD147AFC 		.ascii	"\375\024z\374\211\363P\327Qz\3432\256/\267s\365\015"
 10764      89F350D7 
 10764      517AE332 
 10764      AE2FB773 
 10764      F50D
 10765 06a3 CA9CE7EA 		.ascii	"\312\234\347\352\222\\\247?\361\015V\377\251\346\273"
 10765      925CA73F 
 10765      F10D56FF 
 10765      A9E6BB
 10766 06b2 D9FEED77 		.ascii	"\331\376\355w@WQ\236\331\272@\320\325\223\373\347\243"
 10766      4057519E 
 10766      D9BA40D0 
 10766      D593FBE7 
ARM GAS  /tmp/cckyrRJs.s 			page 308


 10766      A3
 10767 06c3 FC5D9F2F 		.ascii	"\374]\237/\177~QL\320}\370\346\374\310\011\352\236\212"
 10767      7F7E514C 
 10767      D07DF8E6 
 10767      FCC809EA 
 10767      9E8A
 10768 06d5 A507F7A4 		.ascii	"\245\007\367\244h{[\376\302\241l\263\257\256\260\347"
 10768      687B5BFE 
 10768      C2A16CB3 
 10768      AFAEB0E7 
 10769 06e5 F27111A4 		.ascii	"\362q\021\244\345\313\2179mc\351\022\341@\265\037\224"
 10769      E5CB8F39 
 10769      6D63E912 
 10769      E140B51F 
 10769      94
 10770 06f6 5A4D61E9 		.ascii	"ZMa\351\373\322q\276\321\357m\331\352\026\373\201\317"
 10770      FBD271BE 
 10770      D1EF6DD9 
 10770      EA16FB81 
 10770      CF
 10771 0707 9BAFDA3A 		.ascii	"\233\257\332:r\334\352Zta\343\330\373\207/\031F\004"
 10771      72DCEA5A 
 10771      7461E3D8 
 10771      FB872F19 
 10771      4604
 10772 0719 ADFDFB74 		.ascii	"\255\375\373t\305q\366]D\036\310\213\321\242wI\353\363"
 10772      C571F65D 
 10772      441EC88B 
 10772      D1A27749 
 10772      EBF3
 10773 072b A3D90542 		.ascii	"\243\331\005B]\214ZW\277\260\306\227?\307\250\310\010"
 10773      5D8C5A57 
 10773      BFB0C697 
 10773      3FC7A8C8 
 10773      08
 10774 073c 0FE8413F 		.ascii	"\017\350A?=\276\300\364\312;f\333\311l\217\334\\\342"
 10774      3DBEC0F4 
 10774      CA3B66DB 
 10774      C96C8FDC 
 10774      5CE2
 10775 074e C0D047B0 		.ascii	"\300\320G\260/\353\312\326?\021\344I]alu\002\351\260"
 10775      2FEBCAD6 
 10775      3F11E449 
 10775      5D616C75 
 10775      02E9B0
 10776 0761 13680822 		.ascii	"\023h\010\"\244\353\322\233ue\033\237\350\267\341:!"
 10776      A4EBD29B 
 10776      75651B9F 
 10776      E8B7E13A 
 10776      21
 10777 0772 430FDA70 		.ascii	"C\017\332pQV\016B&\266\235\220\361\024upC\323J\351\204"
 10777      51560E42 
 10777      26B69D90 
 10777      F1147570 
 10777      43D34AE9 
 10778 0787 AB2CAFBF 		.ascii	"\253,\257\277\343zr\215^n\024\343\225+\234\357z\276"
 10778      E37A728D 
ARM GAS  /tmp/cckyrRJs.s 			page 309


 10778      5E6E14E3 
 10778      952B9CEF 
 10778      7ABE
 10779 0799 4D86C382 		.ascii	"M\206\303\202\027\177\310\322\237d\260\373\313v\036"
 10779      177FC8D2 
 10779      9F64B0FB 
 10779      CB761E
 10780 07a8 D27104B2 		.ascii	"\322q\004\262u\013\333\252A\216N'\330\312-M\347=O\326"
 10780      750BDBAA 
 10780      418E4E27 
 10780      D8CA2D4D 
 10780      E73D4FD6 
 10781 07bc 2AED2124 		.ascii	"*\355!${\243\266\376\210\233\265sI\033f\352t\306d\234"
 10781      7BA3B6FE 
 10781      889BB573 
 10781      491B66EA 
 10781      74C6649C 
 10782 07d0 E3C8B31F 		.ascii	"\343\310\263\037l\272/\277\270H\025\335\206\332\261"
 10782      6CBA2FBF 
 10782      B84815DD 
 10782      86DAB1
 10783 07df 72EC66E5 		.ascii	"r\354f\345!\217\277\026\274u\005\277\246/\020y\325)"
 10783      218FBF16 
 10783      BC7505BF 
 10783      A62F1079 
 10783      D529
 10784 07f1 1032D79B 		.ascii	"\0202\327\233\252\016\357\032I\037!<\374y\201\240\317"
 10784      AA0EEF1A 
 10784      491F213C 
 10784      FC7981A0 
 10784      CF
 10785 0802 10ED0A64 		.ascii	"\020\355\012d\342\376\365\015\025kH\320\036\032Q\202"
 10785      E2FEF50D 
 10785      156B48D0 
 10785      1E1A5182 
 10786 0812 5FBA240F 		.ascii	"_\272$\017\263\364,\300KY$\033\203Li\304D\037H\250$"
 10786      B3F42CC0 
 10786      4B59241B 
 10786      834C69C4 
 10786      441F48A8 
 10787 0827 8F81BE9A 		.ascii	"\217\201\276\232\304B\3348\260\020\353\003\205\350F"
 10787      C442DC38 
 10787      B010EB03 
 10787      85E846
 10788 0836 BF3E5339 		.ascii	"\277>S9\360\345o)\222\225X\351\255{Cv6\325I{\2372\265"
 10788      F0E56F29 
 10788      929558E9 
 10788      AD7B4376 
 10788      36D5497B 
 10789 084d 9597E2FD 		.ascii	"\225\227\342\375\365z\262s\220z\215j\2651h\211\360 "
 10789      F57AB273 
 10789      907A8D6A 
 10789      B5316889 
 10789      F020
 10790 085f FA6CDD5F 		.ascii	"\372l\335_\257\327L\365j.\266\256Z\261\351\013\303\230"
 10790      AFD74CF5 
 10790      6A2EB6AE 
ARM GAS  /tmp/cckyrRJs.s 			page 310


 10790      5AB1E90B 
 10790      C398
 10791 0871 F5CA8F95 		.ascii	"\365\312\217\225Z\236>\232\017\256\207\326Vx]\002\011"
 10791      5A9E3E9A 
 10791      0FAE87D6 
 10791      56785D02 
 10791      09
 10792 0882 31A1ACAD 		.ascii	"1\241\254\2559\203\327\026\215\253:\312\367\327Q\276"
 10792      3983D716 
 10792      8DAB3ACA 
 10792      F7D751BE 
 10793 0892 A98E669E 		.ascii	"\251\216f\236_q\312\341/\021>+\241\200K$\270\036\346"
 10793      5F71CAE1 
 10793      2F113E2B 
 10793      A1804B24 
 10793      B81EE6
 10794 08a5 06EA013D 		.ascii	"\006\352\001=cn\246\273\3362\231\243\317\033z]E\303"
 10794      636EA6BB 
 10794      DE3299A3 
 10794      CF1B7A5D 
 10794      45C3
 10795 08b7 70B9F984 		.ascii	"p\271\371\204Rvp\347_\233\003r \014\307\020\365\332"
 10795      527670E7 
 10795      5F9B0372 
 10795      200CC710 
 10795      F5DA
 10796 08c9 8E852FD3 		.ascii	"\216\205/\323\342q\301E;\314\303\212\344\233\204\222"
 10796      E271C145 
 10796      3BCCC38A 
 10796      E49B8492 
 10797 08d9 09473194 		.ascii	"\011G1\2249td\355\326P)Tp@\203\371R\352+\277\324\020"
 10797      397464ED 
 10797      D6502954 
 10797      704083F9 
 10797      52EA2BBF 
 10798 08ef 1444A9C5 		.ascii	"\024D\251\305\235\027\267X\244\324\\\224\3727K\361\241"
 10798      9D17B758 
 10798      A4D45C94 
 10798      FA374BF1 
 10798      A1
 10799 0900 C2521128 		.ascii	"\302R\021((o\310\177\221\003\221\346\213A\324\200\233"
 10799      286FC87F 
 10799      910391E6 
 10799      8B41D480 
 10799      9B
 10800 0911 6A94577D 		.ascii	"j\224W}2\233\016m+\024b\361\301\002^8\013\365\345 \317"
 10800      329B0E6D 
 10800      2B1462F1 
 10800      C1025E38 
 10800      0BF5E520 
 10801 0926 32C510C5 		.ascii	"2\305\020\305$\221\222\344_r,\332L\022=\200$\332\253"
 10801      249192E4 
 10801      5F722CDA 
 10801      4C123D80 
 10801      24DAAB
 10802 0939 7E1B3091 		.ascii	"~\0330\221\304@1\221\0241I\211$\351s#\0061\345m\251"
 10802      C4403191 
ARM GAS  /tmp/cckyrRJs.s 			page 311


 10802      14314989 
 10802      24E97323 
 10802      0631E56D 
 10803 094e B98F3646 		.ascii	"\271\2176F\235Z!\307\362\356[\375\247m\203\235\367l"
 10803      9D5A21C7 
 10803      F2EE5BFD 
 10803      A76D839D 
 10803      F76C
 10804 0960 B6265E8A 		.ascii	"\266&^\212\016\035\370\025`\031\370\025P\252\007\276"
 10804      0E1DF815 
 10804      6019F815 
 10804      50AA07BE 
 10805 0970 021629FA 		.ascii	"\002\026)\372\205N\0110\354\261>#\026\367\001\224\005"
 10805      854E0930 
 10805      ECB13E23 
 10805      16F70194 
 10805      05
 10806 0981 82F4B590 		.ascii	"\202\364\265\220\020\303\321\014\004\352;\263\232i\345"
 10806      10C3D10C 
 10806      04EA3BB3 
 10806      9A69E5
 10807 0990 0E67FB43 		.ascii	"\016g\373C\027\316\377L(\373?o\210\035\344\260\014K"
 10807      17CEFF4C 
 10807      28FB3F6F 
 10807      881DE4B0 
 10807      0C4B
 10808 09a2 5F727C94 		.ascii	"_r|\224\222\330\3320\314\357\341\017\271{\024|,\236"
 10808      92D8DA30 
 10808      CCEFE10F 
 10808      B97B147C 
 10808      2C9E
 10809 09b4 7341D8B1 		.ascii	"sA\330\261\254\031~|\365\2211\376\333\036\217\217\224"
 10809      AC197E7C 
 10809      F59131FE 
 10809      DB1E8F8F 
 10809      94
 10810 09c5 DF330D22 		.ascii	"\3373\015\"\020'\345\345\010s\322\206\016H\332P/}\276"
 10810      1027E5E5 
 10810      0873D286 
 10810      0E48DA50 
 10810      2F7DBE
 10811 09d8 F577DA06 		.ascii	"\365w\332\006\345\344\364\022NZ\0059}\011\262\343\372"
 10811      E5E4F412 
 10811      4E5A0539 
 10811      7D09B2E3 
 10811      FA
 10812 09e9 E04A33B3 		.ascii	"\340J3\263\266\205\215Zj\360\337J\2076\340G\301E\313"
 10812      B6858D5A 
 10812      6AF0DF4A 
 10812      8736E047 
 10812      C145CB
 10813 09fc DAEB1C03 		.ascii	"\332\353\034\003\004\370G\301\245\372()3gQ\333\032Q"
 10813      04F847C1 
 10813      A5FA2829 
 10813      336751DB 
 10813      1A51
 10814 0a0e 0485E9B8 		.ascii	"\004\205\351\270\350+j^&\021\015*y\026\274z\021}\362"
ARM GAS  /tmp/cckyrRJs.s 			page 312


 10814      E82B6A5E 
 10814      26110D2A 
 10814      7916BC7A 
 10814      117DF2
 10815 0a21 ADDA5BB1 		.ascii	"\255\332[\261\332#a\032[>F\240\001D\373f\227u9\225\204"
 10815      DA23611A 
 10815      5B3E46A0 
 10815      0144FB66 
 10815      97753995 
 10816 0a36 D1A88389 		.ascii	"\321\250\203\211h\231\237hW\367\325\303@\316\333\331"
 10816      68999F68 
 10816      57F7D5C3 
 10816      40CEDBD9 
 10817 0a46 F979B973 		.ascii	"\371y\271s\352-\212\027O\007\015V\240\233\260\\\022"
 10817      EA2D8A17 
 10817      4F070D56 
 10817      A09BB05C 
 10817      12
 10818 0a57 5749E2FD 		.ascii	"WI\342\375E\253\266Y\0316\275\361\362\240\304]\276\374"
 10818      45ABB659 
 10818      1936BDF1 
 10818      F2A0C45D 
 10818      BEFC
 10819 0a69 42A12482 		.ascii	"B\241$\202\210W\372\211\267\344\035\334'$1\201^iY\366"
 10819      8857FA89 
 10819      B7E41DDC 
 10819      27243181 
 10819      5E6959F6 
 10820 0a7d AC997735 		.ascii	"\254\231w5\361\256\222\274k$\357\332\275\305[\035\012"
 10820      F1AE92BC 
 10820      6B24EFDA 
 10820      BDC55B1D 
 10820      0A
 10821 0a8e 75FB3F07 		.ascii	"u\373?\007\343\375\242\252\354K\307\340\274\325~\336"
 10821      E3FDA2AA 
 10821      EC4BC7E0 
 10821      BCD57EDE 
 10822 0a9e 9C1D7337 		.ascii	"\234\035s7\205H^\332\003\253\266\037nv\230\211k\211"
 10822      85485EDA 
 10822      03ABB61F 
 10822      6E769889 
 10822      6B89
 10823 0ab0 B84612D7 		.ascii	"\270F\022\327!1]\232Fb\325\206ll?\205\267\364\330\260"
 10823      21315D9A 
 10823      4662D586 
 10823      6C6C3F85 
 10823      B7F4D8B0 
 10824 0ac4 1E9F0FB0 		.ascii	"\036\237\017\260\310\206\034]\375\245\013\213\354\""
 10824      C8861C5D 
 10824      FDA50B8B 
 10824      EC22
 10825 0ad2 A45774CA 		.ascii	"\244Wt\312\302\3428\361\261\244.QW \213\013#\270\254"
 10825      C2E238F1 
 10825      B1A42E51 
 10825      57208B0B 
 10825      23B8AC
 10826 0ae5 8695E00E 		.ascii	"\206\225\340\016\251\301Z:\336\2608\313qM\220\332\365"
ARM GAS  /tmp/cckyrRJs.s 			page 313


 10826      A9C15A3A 
 10826      DEB038CB 
 10826      714D90DA 
 10826      F5
 10827 0af6 DF068A3F 		.ascii	"\337\006\212?\302\204~[\241\257R\350\367\036\215\036"
 10827      C2847E5B 
 10827      A1AF52E8 
 10827      F71E8D1E 
 10828 0b06 8AE8EB82 		.ascii	"\212\350\353\202\320\357\367\241G\232\320\275\233%z"
 10828      D0EFF7A1 
 10828      479AD0BD 
 10828      9B257A
 10829 0b15 8D42AFDA 		.ascii	"\215B\257\332\374H\3640D\257\017B_\365r\000=\252J\376"
 10829      FC48F430 
 10829      44AF0F42 
 10829      5FF57200 
 10829      3DAA4AFE 
 10830 0b29 487211EF 		.ascii	"Hr\021\357h\\\263]\270\016\325W8\360\034\275\332\223"
 10830      685CB35D 
 10830      B80ED557 
 10830      38F01CBD 
 10830      DA93
 10831 0b3b A7264D1B 		.ascii	"\247&M\033\227\240Y\322\022\223g\204\313\227qS\247&"
 10831      97A059D2 
 10831      12936784 
 10831      CB977153 
 10831      A726
 10832 0b4d FE2AE185 		.ascii	"\376*\341\205_&h\"aZ\232=\365\343\324\264\244\344\304"
 10832      5F266822 
 10832      615A9A3D 
 10832      F5E3D4B4 
 10832      A4E4C4
 10833 0b60 31E3C6C5 		.ascii	"1\343\306\305\343\277\204\367\222\336N\232\236:%-\345"
 10833      E3BF84F7 
 10833      92DE4E9A 
 10833      9E3A252D 
 10833      E5
 10834 0b71 8369EFC7 		.ascii	"\203i\357\307OO\215OI\213O\232\226\360\217\017\376\226"
 10834      4F4F8D4F 
 10834      498B4F9A 
 10834      96F08F0F 
 10834      FE96
 10835 0b83 88731FA6 		.ascii	"\210s\037\246\215{Os\020\326\024T\025\251)\011\226i"
 10835      8D7B4F73 
 10835      10D61454 
 10835      15A92909 
 10835      9669
 10836 0b95 891FA53D 		.ascii	"\211\037\245=\3638\272\310\203\312/=D4azr\362\364i\361"
 10836      F338BAC8 
 10836      83CA2F3D 
 10836      4434617A 
 10836      72F2F469 
 10837 0baa 33A6A7A4 		.ascii	"3\246\247\244\245\306\277\372\346\244\211\223>B\241"
 10837      A5C6BFFA 
 10837      E6A48993 
 10837      3E42A1
 10838 0bb9 84E92989 		.ascii	"\204\351)\211S>|1\031\025\355oOMM\374cJ\322\037~\034"
ARM GAS  /tmp/cckyrRJs.s 			page 314


 10838      533E7C31 
 10838      1915ED6F 
 10838      4F4D4DFC 
 10838      634AD21F 
 10839 0bcf 00AD21F5 		.ascii	"\000\255!\365\370\211\223&\27719~\"\352\307\277\341"
 10839      F8899326 
 10839      BF31397E 
 10839      22EAC7BF 
 10839      E1
 10840 0be0 37213935 		.ascii	"7!95)u\312\273\011\011\210\026>i\362\233q\2048#%il\334"
 10840      2975CABB 
 10840      09098816 
 10840      3E69F29B 
 10840      71843823 
 10841 0bf8 E8F19A9E 		.ascii	"\350\361\232\236\202\261JL\236\236\362\261\366\233\377"
 10841      82B14A4C 
 10841      9E9EF2B1 
 10841      F69BFF
 10842 0c07 DF440A60 		.ascii	"\337D\012`\012\302\376\017\254m\001."
 10842      0AC2FE0F 
 10842      AC6D012E 
 10843              		.text
 10844              		.section	.gnu.lto_Listener3.5b3651c1394eefb,"e",%progbits
 10845 0000 789C8554 		.ascii	"x\234\205TalSU\024\276\347\335\373^\273n\353P#\321,"
 10845      616C5355 
 10845      14BEE7DD 
 10845      FB5EBB6E 
 10845      EB5023D1 
 10846 0015 C191852C 		.ascii	"\301\221\205,\370\243\253\201hbb\302O\376\032\375)Y"
 10846      F8A3AB81 
 10846      686262C2 
 10846      4FFE1AFD 
 10846      2959
 10847 0027 6A694623 		.ascii	"jiF#+\246+?\374\345]\3330\310\014\032\235\254[,o\330"
 10847      2BA62B3F 
 10847      FCE55DDB 
 10847      30C80C1A 
 10847      9DAC5B2C 
 10848 003d 4DE00773 		.ascii	"M\340\007s 2\004\266u \223\302\200m\342\22416\266\311"
 10848      203204B6 
 10848      752093C2 
 10848      806DE294 
 10848      3136B6C9 
 10849 0051 009DCEA8 		.ascii	"\000\235\316\250$*q\343\234\373\336\272\266K\264io\317"
 10849      242A71E3 
 10849      9CFBDEBA 
 10849      B64BB469 
 10849      6FCF
 10850 0063 BBE79CEF 		.ascii	"\273\347\234\357~\347\234\357]'\003\326h0V\313\030{"
 10850      7EE79CEF 
 10850      5D2703D6 
 10850      683056CB 
 10850      187B
 10851 0075 157F6030 		.ascii	"\025\177`0\320\244\224[\034\015N\015\270mqM\237OM?-"
 10851      D0A4945B 
 10851      1C0D4E0D 
 10851      B86D714D 
ARM GAS  /tmp/cckyrRJs.s 			page 315


 10851      9F4F4D3F 
 10852 008a A44B344F 		.ascii	"\244K4O\034|^\310\022\001\272\355\323\355\250\001'\260"
 10852      1C7C5EC8 
 10852      1201BAED 
 10852      D3EDA801 
 10852      27B0
 10853 009c 77352E74 		.ascii	"w5.t\300\225e?\357\363\026\016\347\033\347\276\3226"
 10853      C095653F 
 10853      EFF3160E 
 10853      E71BE7BE 
 10853      D236
 10854 00ae 1EC63899 		.ascii	"\036\3068\231n\371}]B\016KnbPk6\020\316\300F\014\234"
 10854      6EF97D5D 
 10854      420E4B6E 
 10854      62506B36 
 10854      10CEC046 
 10855 00c4 8C26FF2A 		.ascii	"\214&\377*\331\217>\000\201\217\315\227Of\\\364\250"
 10855      D98F3E00 
 10855      818FCD97 
 10855      4F665CF4 
 10855      A8
 10856 00d5 41053EFE 		.ascii	"A\005>\376,\233z\201\273\200\241=\324\034\177\000U\235"
 10856      2C9B7A81 
 10856      BB80A13D 
 10856      D41C7F00 
 10856      559D
 10857 00e7 5246657A 		.ascii	"RFez\030\266\232\234\003\372\020\020\316A9\234\205r"
 10857      18B69A9C 
 10857      03FA1010 
 10857      CE41399C 
 10857      8572
 10858 00f9 C670CFFD 		.ascii	"\306p\317\375\333\033\014\372\240\212Q\312\314\361\305"
 10858      DB1B0CFA 
 10858      A08A51CA 
 10858      CCF1C5
 10859 0108 8F4B0D61 		.ascii	"\217K\015a\237\012\375T+\032\237\217\352i\271\270\324"
 10859      9F0AFD54 
 10859      2B1A9F8F 
 10859      EA69B9B8 
 10859      D4
 10860 0119 28D3F31D 		.ascii	"(\323\363\035\320RS,0Q\350\270\350\006-\016Z\030k\342"
 10860      D052532C 
 10860      3051E8B8 
 10860      E8062D0E 
 10860      5A186BE2 
 10861 012d ECD74103 		.ascii	"\354\327A\003d\232\261\367\270Ff\014\3159\220\237\376"
 10861      649AB1F7 
 10861      B846660C 
 10861      CD39909F 
 10861      FE
 10862 013e D1CB1516 		.ascii	"\321\313\025\026\331\017_\311\232\177/\233\321\0122"
 10862      D90F5FC9 
 10862      9A7F2F9B 
 10862      D10A32
 10863 014d F0FCE8CC 		.ascii	"\360\374\350\314\2511\340\317)\372\377\\<\350\265\331"
 10863      A931E0CF 
 10863      29FAFF5C 
ARM GAS  /tmp/cckyrRJs.s 			page 316


 10863      3CE8B5D9 
 10864 015d DFEBA83C 		.ascii	"\337\353\250<qu\217\374\000Ln@\232j\200l\0150\000U\270"
 10864      71758FFC 
 10864      004C6E40 
 10864      9A6A806C 
 10864      0D300055 
 10865 0172 EDDE17A0 		.ascii	"\355\336\027\240\244\330\336\217N;6\244T\026\265\361"
 10865      A4D8DE8F 
 10865      4E3B36A4 
 10865      5416B5F1 
 10866 0182 A494FBB6 		.ascii	"\244\224\373\266d\263X^\226*\361<l\300\264\256\351\007"
 10866      64B3585E 
 10866      962AF13C 
 10866      6CC0B4AE 
 10866      E907
 10867 0194 C7C4FAD7 		.ascii	"\307\304\372\327M\231\2500\271\203\200\314L,\251\307"
 10867      4D99A830 
 10867      B98380CC 
 10867      4C2CA9C7 
 10868 01a4 21DA9090 		.ascii	"!\332\220\220\262\375Q\257\307\344N\270\000\353\255"
 10868      B2FD51AF 
 10868      C7E44EB8 
 10868      00EBAD
 10869 01b3 967C0D71 		.ascii	"\226|\015q\240\012f\277\030\035\351\206l\337\3424\275"
 10869      A00A66BF 
 10869      181DE986 
 10869      6CDFE234 
 10869      BD
 10870 01c4 3B4D7D65 		.ascii	";M}e\234`U\373\220)\036r\321*x\346x\364\265\274&\003"
 10870      9C6055FB 
 10870      90291E72 
 10870      D12A78E6 
 10870      78F4B5BC 
 10871 01da 0CA227B7 		.ascii	"\014\242'\267\361\024jm\3027\270\376\004\321s\231r2"
 10871      F1146A6D 
 10871      C237B8FE 
 10871      04D17399 
 10871      7232
 10872 01ec 939CA6BD 		.ascii	"\223\234\246\275?\2660\351\244i\027\251\026%\217\014"
 10872      3FB630E9 
 10872      A46917A9 
 10872      16258F0C 
 10873 01fc 2D151149 		.ascii	"-\025\021I'\356\244hf\2709vkp\030:!\205\315rA\006\231"
 10873      27EEA468 
 10873      66B83976 
 10873      6B70183A 
 10873      2185CD72 
 10874 0213 C2251A35 		.ascii	"\302%\0325z\316|\270\267\333\360v\021\313\366\265&/"
 10874      7ACE7CB8 
 10874      B7DBF076 
 10874      11CBF6B5 
 10874      262F
 10875 0225 86CB1897 		.ascii	"\206\313\030\227\3406A\014\210\337?:\356\262\003B8b"
 10875      E036410C 
 10875      88DF3F3A 
 10875      EEB20342 
 10875      3862
ARM GAS  /tmp/cckyrRJs.s 			page 317


 10876 0237 B802DE04 		.ascii	"\270\002\336\004V\240\3740\004^\"\324\226y\231\010\345"
 10876      56A0FC30 
 10876      045E22D4 
 10876      96799908 
 10876      E5
 10877 0248 B2118A4D 		.ascii	"\262\021\212Mz\274\373\246\333:\270\004\351\302U\373"
 10877      7ABCFBA6 
 10877      DB3AB804 
 10877      E9C255FB 
 10878 0258 D80673EA 		.ascii	"\330\006s\352\364\362\261]j\204\327\324\271\232\215"
 10878      F4F2B15D 
 10878      6A84D7D4 
 10878      B99A8D
 10879 0267 7B1DBC05 		.ascii	"{\035\274\005\015\247\036\346w|\230:N\272\2427I\012"
 10879      0DA71EE6 
 10879      777C983A 
 10879      4EBAA237 
 10879      490A
 10880 0279 5216A06E 		.ascii	"R\026\240n\332\335\344V\335V\212\372wE\\\251>}\331N"
 10880      DADDE456 
 10880      DD568AFA 
 10880      77455CA9 
 10880      3E7DD94E 
 10881 028d F5F718F9 		.ascii	"\365\367\030\371CjG\257=\037\015\313\037\261sf{\350"
 10881      436A47AF 
 10881      3D1F0DCB 
 10881      1FB17366 
 10881      7BE8
 10882 029f 55BC7EE2 		.ascii	"U\274~\342Q\223\306kTM\235s\247\256(=\341kyma\355\241"
 10882      5193C66B 
 10882      544D9D73 
 10882      A7AE283D 
 10882      E16B796D 
 10883 02b6 98BC2485 		.ascii	"\230\274$\205\311Ka\224\364\244\255\350\351[\242\340"
 10883      C94B6194 
 10883      F4A4ADE8 
 10883      E95BA2E0 
 10884 02c6 EEDC4649 		.ascii	"\356\334FI=m\213i\301\267+\200c\007\216~Vl\013rp\341"
 10884      3D6D8B69 
 10884      C1B72B80 
 10884      63078E7E 
 10884      566C0B72 
 10885 02dc 99650037 		.ascii	"\231e\0007\334(\000\370N\001$\266\345\250\201\366\024"
 10885      DC2800F8 
 10885      4E0124B6 
 10885      E5A881F6 
 10885      14
 10886 02ed 30058ED9 		.ascii	"0\005\216\331J\371oF\254\200\021\373\177\016\254\200"
 10886      4AF96F46 
 10886      AC8011FB 
 10886      7F0EAC80 
 10887 02fd 43AE1EE1 		.ascii	"C\256\036\341\007d\360=i\031[dQ\200\233v\263\356\365"
 10887      0764F03D 
 10887      69195B64 
 10887      51809B76 
 10887      B3EEF5
 10888 0310 F0ACFDCB 		.ascii	"\360\254\375\313K\312Du\034\310\254#3\311\365\\\201"
ARM GAS  /tmp/cckyrRJs.s 			page 318


 10888      4BCA4475 
 10888      1CC8AC23 
 10888      33C9F55C 
 10888      81
 10889 0321 94AD926B 		.ascii	"\224\255\222kY\212\336\214|\271\272\341\026\311u\234"
 10889      598ADE8C 
 10889      7CB9BAE1 
 10889      16C9759C 
 10890 0331 740313B8 		.ascii	"t\003\023\270\251\000\213,<c5\200\266\032\340\366\012"
 10890      A9008B2C 
 10890      3C633580 
 10890      B61AE0F6 
 10890      0A
 10891 0342 C0A40510 		.ascii	"\300\244\005\020\373d\017X\010\016$\2058\354.\304\247"
 10891      FB640F58 
 10891      080E2485 
 10891      38EC2EC4 
 10891      A7
 10892 0353 2E6CB6F7 		.ascii	".l\266\367rY\272Q\351S\224\253\224&:\246\037\216h\352"
 10892      7259BA51 
 10892      E95394AB 
 10892      94263AA6 
 10892      1F8E68EA 
 10893 0367 0E9B07AB 		.ascii	"\016\233\007\253\324\002\012kZ\361J%\355\300\035\222"
 10893      D4020A6B 
 10893      5AF14A25 
 10893      EDC01D92 
 10894 0377 A7C99F50 		.ascii	"\247\311\237P\211zV\242\354>\250\302\333b\361\201\262"
 10894      897A56A2 
 10894      EC3EA8C2 
 10894      DB62F181 
 10894      B2
 10895 0388 CA43527D 		.ascii	"\312CR}\2168\231u\261k\366\305\216\001_\236\235\230"
 10895      8E389975 
 10895      B16BF6C5 
 10895      8E015F9E 
 10895      9D98
 10896 039a 2B5915A0 		.ascii	"+Y\025\240.\250i\250\244\277\031\374\243N\037\266e="
 10896      2EA869A8 
 10896      A4BF19FC 
 10896      A34E1FB6 
 10896      653D
 10897 03ac 0F717569 		.ascii	"\017qui\026rz\262\225\013\014\237%B\350\352\2771z\267"
 10897      16727AB2 
 10897      950B0C9F 
 10897      2542E8EA 
 10897      BF317AB7 
 10898 03c0 946AD3E1 		.ascii	"\224j\323\341O\016?B\271\311\237R8K\275\317\252t\272"
 10898      4F0E3F42 
 10898      B9C99F52 
 10898      384BBDCF 
 10898      AA74BA
 10899 03d3 B68139E8 		.ascii	"\266\2019\350(G\235/\030\362\370\031\367\205k\327X\266"
 10899      28479D2F 
 10899      18F2F819 
 10899      F7856BD7 
 10899      58B6
ARM GAS  /tmp/cckyrRJs.s 			page 319


 10900 03e5 C7E70BBC 		.ascii	"\307\347\013\274\350\337\374\202\237\211\220\257.P\355"
 10900      E8DFFC82 
 10900      9F8990AF 
 10900      2E50ED
 10901 03f4 F1D0D7BF 		.ascii	"\361\320\327\277#\370fpW}M$\274;\364V\365\256\372\352"
 10901      23F86670 
 10901      577D4D24 
 10901      BC3BF456 
 10901      F5AEFAEA 
 10902 0408 70A43A18 		.ascii	"p\244:\030\362\357\334\275=\200\276p\2406X\037\011\277"
 10902      F2EFDCBD 
 10902      3D80BE70 
 10902      A036581F 
 10902      09BF
 10903 041a E3D9C15C 		.ascii	"\343\331\301\\;\321\012\204\002\341MLD\002uos\177(\362"
 10903      3BD10A84 
 10903      02E14D4C 
 10903      4402756F 
 10903      737F28F2 
 10904 042e 189A443D 		.ascii	"\030\232D=\003"
 10904      03
 10905              		.text
 10906              		.section	.gnu.lto_check_data.5b3651c1394eefb,"e",%progbits
 10907 0000 789C6592 		.ascii	"x\234e\222\317KTQ\024\307\317\367\236;\363\236\223a"
 10907      CF4B5451 
 10907      14C7CFF7 
 10907      9E3BF39E 
 10907      9361
 10908 0012 9B4A1808 		.ascii	"\233J\030\010apa\013!\220\012\332\364\217\264\030\006"
 10908      6170610B 
 10908      21900ADA 
 10908      F48FB418 
 10908      06
 10909 0023 172D1C5A 		.ascii	"\027-\034Z\270\237\353{\223.&lc\232\3224\3300e\213\212"
 10909      B89FEB7B 
 10909      932E266C 
 10909      639AD234 
 10909      D830658B 
 10910 0038 4492ECD7 		.ascii	"D\222\354\327Skr**Z\330\"\231\250p\210\260f\323\"\020"
 10910      536B722A 
 10910      2A5AD822 
 10910      99A87088 
 10910      B066D322 
 10911 004d C6EE8FCA 		.ascii	"\306\356\217\312\030/\334\313\371\236{\317\347\235\357"
 10911      182FDCCB 
 10911      F99E7BCF 
 10911      E79DEF
 10912 005c E1F9042A 		.ascii	"\341\371\004*\012\242\024\021\235\322\0331\202PJ\235"
 10912      0AA21411 
 10912      9DD21B31 
 10912      82504A9D 
 10913 006c F6467C21 		.ascii	"\366F|!\344V\371\323A\251\022<\261q\365\250T\235\014"
 10913      E456F9D3 
 10913      41A9123C 
 10913      B171F5A8 
 10913      549D0C
 10914 007f 69EF2001 		.ascii	"i\357 \001\033(\037\224\023,\221\023\271\213<\305X\031"
ARM GAS  /tmp/cckyrRJs.s 			page 320


 10914      1B281F94 
 10914      132C9113 
 10914      B98B3CC5 
 10914      5819
 10915 0091 6BDC177D 		.ascii	"k\334\027}7\364\245\212\246\352\311Qu\276\273\304D\323"
 10915      37F4A58A 
 10915      A6EAC951 
 10915      75BEBBC4 
 10915      44D3
 10916 00a3 7ABB8525 		.ascii	"z\273\205%\364\021\351\227\365\240\370\253s\234K\014"
 10916      F411E997 
 10916      F5A0F8AB 
 10916      739C4B0C 
 10917 00b3 482D275E 		.ascii	"H-'^,\324\022F\012\364h\371f~\273 8\001\363\262\322"
 10917      2CD41246 
 10917      0AF468F9 
 10917      667EBB20 
 10917      3801F3B2 
 10918 00c8 B8F7D2EB 		.ascii	"\270\367\322\353-[\346\353\346\241\331P\255)Yb\306#"
 10918      2D5BE6EB 
 10918      E6A1D950 
 10918      AD295962 
 10918      C623
 10919 00da B006E321 		.ascii	"\260\006\343!\222x\200$\3411z\211\272*gL\321\342L+\222"
 10919      92788024 
 10919      E1317A89 
 10919      BA2A674C 
 10919      D1E24C2B 
 10920 00ef DC6301B7 		.ascii	"\334c\001\267&o^\337g\000\201\212\252\315\356\277\000"
 10920      266F5EDF 
 10920      6700818A 
 10920      AACDEEBF 
 10920      00
 10921 0100 89276D80 		.ascii	"\211'm\200\310\002.[\300\347\273\255K\373\343\322\344"
 10921      C8022E5B 
 10921      C0E7BBAD 
 10921      4BFBE3D2 
 10921      E4
 10922 0111 2CD83C5C 		.ascii	",\330<\\F\234\334\011m\345\316\273X\244Z;c*jeo/\274"
 10922      469CDC09 
 10922      6DE5CEBB 
 10922      58A45A3B 
 10922      632A6A65 
 10923 0128 3FEC814A 		.ascii	"?\354\201J\034\023\346`s\020\025\230\346\227\212\353"
 10923      1C13E660 
 10923      73101598 
 10923      E6978AEB 
 10924 0138 0415115D 		.ascii	"\004\025\021]`\341D\250E\003\352\332\227E\266,\023o"
 10924      60E144A8 
 10924      4503EADA 
 10924      9745B62C 
 10924      136F
 10925 014a 9EF8177E 		.ascii	"\236\370\027~w\3417\004\223\265#&,2t?\343a\263\356\233"
 10925      77E13704 
 10925      93B52326 
 10925      2C32743F 
 10925      E361B3EE 
ARM GAS  /tmp/cckyrRJs.s 			page 321


 10926 015f 01C5ADA7 		.ascii	"\001\305\255\247\342\334\253\235\216<\202\021_g\312"
 10926      E2DCAB9D 
 10926      8E3C8211 
 10926      5F67CA
 10927 016e 66BC3AB9 		.ascii	"f\274:\271\376\241\372\026\025\224a\314\255\"\017\254"
 10927      FEA1FA16 
 10927      159461CC 
 10927      AD220FAC 
 10928 017e 685B84A7 		.ascii	"h[\204\247:i\201\035\216'\366\002\260\027\360l\027P"
 10928      3A69811D 
 10928      8E27F602 
 10928      B017F06C 
 10928      1750
 10929 0190 7580F0CA 		.ascii	"u\200\360\312(\034\201uS\232C\233\310\177\\\035\370"
 10929      281C8175 
 10929      539A439B 
 10929      C87F5C1D 
 10929      F8
 10930 01a1 93FBBF4B 		.ascii	"\223\373\277K\011\302sSK\3069W6~\236\264\306\267\340"
 10930      09C27353 
 10930      4BC63957 
 10930      367E9EB4 
 10930      C6B7E0
 10931 01b4 4CB775E0 		.ascii	"L\267u\340M\233\016\260\246?\251G\347\333\"\271;\256"
 10931      4D9B0EB0 
 10931      A63FA947 
 10931      E7DB22B9 
 10931      3BAE
 10932 01c6 AFB0A667 		.ascii	"\257\260\246g\302\374rWjV\3315\347S\333\257UC\212~@"
 10932      C2FC7257 
 10932      6A56D935 
 10932      E753DBAF 
 10932      55438A7E 
 10933 01db 385560B8 		.ascii	"8U`\270\372 2\322\033J\237\315\366gH\016\017\016\235"
 10933      FA2032D2 
 10933      1B4A9FCD 
 10933      F667480E 
 10933      0F0E9D
 10934 01ee 3BE0447F 		.ascii	";\340D\177:=x<3p,C\234\311\016\377\006A\373\343\245"
 10934      3A3D783C 
 10934      33702C43 
 10934      9CC90EFF 
 10934      0641FBE3 
 10935              		.text
 10936              		.section	.gnu.lto_main.5b3651c1394eefb,"e",%progbits
 10937 0000 789CAD5A 		.ascii	"x\234\255ZyXTW\226\177\347\335*\252\212*\026\203\311"
 10937      79585457 
 10937      967FE7DD 
 10937      2AAA8A2A 
 10937      1683C9
 10938 0013 D83169D1 		.ascii	"\3301i\321\216\223\2161\"\216\351Nw\317\214\235\261"
 10938      8E938E31 
 10938      228EE94E 
 10938      77CF8C9D 
 10938      B1
 10939 0024 97D8334E 		.ascii	"\227\3303Nw\342\314\177\375\215\237!|\255_\334\032H"
 10939      77E2CC7F 
ARM GAS  /tmp/cckyrRJs.s 			page 322


 10939      FD8D9F21 
 10939      7CAD5FDC 
 10939      1A48
 10940 0036 BEEE7FA6 		.ascii	"\276\356\177\246\037 \340\202kT(\025\013)\021\215{\354"
 10940      1F20E082 
 10940      6B542815 
 10940      0B29118D 
 10940      7BEC
 10941 0048 B8A02289 		.ascii	"\270\240\"\211R\210KD\343\026M\024D\026\005\334wD\346"
 10941      52884B44 
 10941      E3164D14 
 10941      441605DC 
 10941      7744E6
 10942 005b 9C7B6FBD 		.ascii	"\234{o\275zU\365\252\240\277\351|\361y\353\276{~\347"
 10942      7A55F5AA 
 10942      A0BFE97C 
 10942      F179EBBE 
 10942      7B7EE7
 10943 006e 9CDF3977 		.ascii	"\234\3379w9\367iW@\371\360\025E)\007E\371\\Q\024\210"
 10943      39F76957 
 10943      40F9F015 
 10943      45290745 
 10943      F95C5114 
 10944 0083 5740D534 		.ascii	"W@\3254\355\347\266l\273\2522l%[\264X\213\370\333\305"
 10944      EDE7B66C 
 10944      BBAA326C 
 10944      255BB458 
 10944      8BF8DBC5 
 10945 0097 C02ADF59 		.ascii	"\300*\337Y\364\226\025\342d\313&[o\307\251\366\202\206"
 10945      F49615E2 
 10945      64CB265B 
 10945      6FC7A9F6 
 10945      8286
 10946 00a9 8B24E87A 		.ascii	"\213$\350z\354Y;\010\005\355\252\243\345\306'N\354\211"
 10946      EC593B08 
 10946      05EDAAA3 
 10946      E5C6274E 
 10946      EC89
 10947 00bb 5DB1B863 		.ascii	"]\261\270c4\3668 V\212\305\252\316\016o\343\363\370"
 10947      34F63820 
 10947      568AC5AA 
 10947      CE0E6FE3 
 10947      F3F8
 10948 00cd CEB6F4DB 		.ascii	"\316\266\364\333\325\303\360\235\023l\362\235Ko\201"
 10948      D5C3F09D 
 10948      136CF29D 
 10948      4B6F81
 10949 00dc F2179559 		.ascii	"\362\027\225Y\254\2668\273#\326\351\202\277\250q\212"
 10949      ACB638BB 
 10949      23D6E982 
 10949      BFA8718A 
 10950 00ec FEDF4256 		.ascii	"\376\337BV\304\340RN\311#\327\002\346a\012X\360\347"
 10950      C4E0524E 
 10950      C923D702 
 10950      E6610A58 
 10950      F0E7
 10951 00fe D2237FAD 		.ascii	"\322#\177\255\213\245\237\000\311\370snY\305\275\370"
ARM GAS  /tmp/cckyrRJs.s 			page 323


 10951      8BA59F00 
 10951      C9F8736E 
 10951      59C5BDF8 
 10952 010e D72A104C 		.ascii	"\327*\020L\253.\3326\250<7\357\035\017S\0257\216\336"
 10952      AB2EDA36 
 10952      A83C37EF 
 10952      1D0F5315 
 10952      378EDE
 10953 0121 0B03A112 		.ascii	"\013\003\241\022\006r$\330\007\257)\012\216\377\266"
 10953      067224D8 
 10953      07AF290A 
 10953      8EFFB6
 10954 0130 A7F36ABC 		.ascii	"\247\363j\274@\353\217?\257\371V\266\304\011\264R\300"
 10954      40EB8F3F 
 10954      AFF956B6 
 10954      C409B452 
 10954      C0
 10955 0141 DF1D1BEF 		.ascii	"\337\035\033\357\0262\026\01344w\377\252\333qC\275Z"
 10955      1632160B 
 10955      343477FF 
 10955      AADB7143 
 10955      BD5A
 10956 0153 35429FED 		.ascii	"5B\237\355\036\260D\323\016k\026\017cp\000\030\341W"
 10956      1EB044D3 
 10956      0E6B160F 
 10956      63700018 
 10956      E157
 10957 0165 21FE7E81 		.ascii	"!\376~\201\237t\346\367$\221\337\341+v\262W\270\364"
 10957      9F74E6F7 
 10957      2491DFE1 
 10957      2B76B257 
 10957      B8F4
 10958 0177 F2BACEB6 		.ascii	"\362\272\316\266\004\224\326r\264\352\257\272_\\\223"
 10958      0494D672 
 10958      B4EAAFBA 
 10958      5F5C93
 10959 0186 2BA42DF0 		.ascii	"+\244-\360\205\2206X\227t\230K_\331\376lY\\\214\005"
 10959      85903658 
 10959      9774984B 
 10959      5FD9FE6C 
 10959      595C8C05 
 10960 019a BE84A150 		.ascii	"\276\204\241P\015C\311\007\262\374 \304X\003o\261\027"
 10960      0D43C907 
 10960      B2FC20C4 
 10960      58036FB1 
 10960      17
 10961 01ab E010C470 		.ascii	"\340\020\304pgJ\3165t8\330p\256\357n\333\266\315\366"
 10961      674ACE35 
 10961      7438D870 
 10961      AEEF6EDB 
 10961      B6CDF6
 10962 01be 57CBB9BE 		.ascii	"W\313\271\276Z\3370\357\361|m\021x\230\025jH\237\252"
 10962      5ADF30EF 
 10962      F17C6D11 
 10962      7898156A 
 10962      489FAA
 10963 01d1 EB031FBC 		.ascii	"\353\003\037\274\212\335Ik> \251k\255y7\375Vr\372\204"
ARM GAS  /tmp/cckyrRJs.s 			page 324


 10963      8ADD496B 
 10963      3E20A96B 
 10963      AD7937FD 
 10963      5672FA84 
 10964 01e5 95524A09 		.ascii	"\225RJ\011\222\"kP\344L\301\354\033V\366?\\\351\332"
 10964      92226B50 
 10964      E44CC1EC 
 10964      1B56F63F 
 10964      5CE9DA
 10965 01f8 FC4FE3FC 		.ascii	"\374O\343\374:[\206\035\224:c\340p\210\316:\322\031"
 10965      3A5B861D 
 10965      943A63E0 
 10965      7088CE3A 
 10965      D219
 10966 020a 93B499EB 		.ascii	"\223\264\231\353\274\322\276\344\231\032\256SJ)ARRg"
 10966      BCD2BEE4 
 10966      991AAE53 
 10966      4A294152 
 10966      5267
 10967 021c 7176B727 		.ascii	"qv\267'\236\275\317u\036\177\370\340\222\213\224bXj"
 10967      9EBDCF75 
 10967      1E7FF8E0 
 10967      928B9462 
 10967      586A
 10968 022e F35F3F78 		.ascii	"\363_?xT(\265\301\321\020\245\307H\251-i\017W\272\356"
 10968      5428B5C1 
 10968      D110A5C7 
 10968      48A92D69 
 10968      0F57BAEE 
 10969 0242 6461BB85 		.ascii	"da\273\205\224jAJ\245\224\022$%\225\012\306g\221H\351"
 10969      946A414A 
 10969      A5941224 
 10969      25950AC6 
 10969      679148E9 
 10970 0256 C39A5438 		.ascii	"\303\232T8\216q9\202\177j16\024\025T\246\2043?\346J"
 10970      8E713982 
 10970      7F6A3136 
 10970      141554A6 
 10970      84333FE6 
 10971 026b 30F31080 		.ascii	"0\363\020\200>!\230?\037\306\374\331\312\001e\021\231"
 10971      3E21983F 
 10971      1FC6FCD9 
 10971      CA016511 
 10971      99
 10972 027c 3FA11B64 		.ascii	"?\241\033d`\373\331\326\304\212\\\355\035\2355\203\226"
 10972      60FBD9D6 
 10972      C48A5CED 
 10972      1D9D3583 
 10972      96
 10973 028d 9382EBAB 		.ascii	"\223\202\353\253a\\\033\264\204s}R\327\342\256\350\256"
 10973      615C1BB4 
 10973      84737D52 
 10973      D7E2AEE8 
 10973      AE
 10974 029e 676C32E7 		.ascii	"gl2\347\372R\343\376*\207T\351\333\335\177\035Wi\207"
 10974      FA52E3FE 
 10974      2A8754E9 
ARM GAS  /tmp/cckyrRJs.s 			page 325


 10974      DBDD7F1D 
 10974      576987
 10975 02b1 AF43549E 		.ascii	"\257CT\236&\225\366\244[\\e\347\326\334\213\326p\225"
 10975      2695F6A4 
 10975      5B5C65E7 
 10975      D6DC8BD6 
 10975      7095
 10976 02c3 524A0992 		.ascii	"RJ\011\2222azo\011\246\030\262|\012\377\324\023\323"
 10976      32617A6F 
 10976      09A618B2 
 10976      7C0AFFD4 
 10976      13D3
 10977 02d5 5F11D360 		.ascii	"_\021\323`\030gQ\340,\304\210I\000\347 &hr08/'\207\001"
 10977      186751E0 
 10977      2CC48849 
 10977      00E72026 
 10977      68723038 
 10978 02ed B4614E57 		.ascii	"\264aNW\202\014\231%\354]\367\202\227\026\242Y\337\320"
 10978      820C9925 
 10978      EC5DF782 
 10978      9716A259 
 10978      DFD0
 10979 02ff 5B6BD8DB 		.ascii	"[k\330\333\307\313^\370\275\002\027\350\245\200-?r\352"
 10979      C7CB5EF8 
 10979      BD0217E8 
 10979      A5802D3F 
 10979      72EA
 10980 0311 8093D501 		.ascii	"\200\223\325\001\347gwcK\276S\362s\242rx\367\351k\232"
 10980      E7677763 
 10980      4BBE53F2 
 10980      73A27278 
 10980      F7E96B9A 
 10981 0325 F69C8739 		.ascii	"\366\234\2079\340[\362\225\005|\375\216\030r$\255\374"
 10981      E05BF295 
 10981      057CFD8E 
 10981      187224AD 
 10981      FC
 10982 0336 0349ED38 		.ascii	"\003I\3558\233\267\220I\206z\216\214\336\330\264`\276"
 10982      9BB79049 
 10982      867A8E8C 
 10982      DED8B460 
 10982      BE
 10983 0347 569A93A8 		.ascii	"V\232\223\250\313)Ar&\034\355:\233\012\227\210\233\213"
 10983      CB294172 
 10983      261CED3A 
 10983      9B0A9788 
 10983      9B8B
 10984 0359 64170BE6 		.ascii	"d\027\013\346\3462r\3039\200\006\0037\241<\330Lxx\216"
 10984      E63272C3 
 10984      39800603 
 10984      37A13CD8 
 10984      4C78788E 
 10985 036d 5437D25B 		.ascii	"T7\322[\273\011\017\375'*p\205^:\024\023'\266\374\315"
 10985      BB090FFD 
 10985      272A7085 
 10985      5E3A1413 
 10985      27B6FCCD 
ARM GAS  /tmp/cckyrRJs.s 			page 326


 10986 0381 4E349D4B 		.ascii	"N4\235K\205\253\344D\223\211\023\315\272\023-\341N<"
 10986      85ABE444 
 10986      938913CD 
 10986      BA132DE1 
 10986      4E3C
 10987 0393 ED3598AD 		.ascii	"\3555\230\255\321\202\331\026\010\346\337%\022\327\311"
 10987      D182D916 
 10987      08E6DF25 
 10987      12D7C9
 10988 03a2 896B264E 		.ascii	"\211k&N\264\353NtDq\"b$:\243E\342\306\3379\022\267\310"
 10988      B4EB4E74 
 10988      44712262 
 10988      243AA345 
 10988      E2C6DF39 
 10989 03b9 899B264E 		.ascii	"\211\233&N\334\326\235\270\203-EQ\375\373\323\326S\326"
 10989      DCD69DB8 
 10989      832D4551 
 10989      FDFBD3D6 
 10989      53D6
 10990 03cb 6AED594F 		.ascii	"j\355YO\001\256\247\211\335\365m\363vX~\006\212\207"
 10990      01AEA789 
 10990      DDF56DF3 
 10990      76587E06 
 10990      8A87
 10991 03dd C5AAF870 		.ascii	"\305\252\370p2|\270\254\012\215\215\241\246\215\336"
 10991      327CB8AC 
 10991      0A8D8DA1 
 10991      A68DDE
 10992 03ec D8E9E1A0 		.ascii	"\330\351\341\240\327\261\324\347\244\207\013\037qq\370"
 10992      D7B1D4E7 
 10992      A4870B1F 
 10992      7171F8
 10993 03fb 888FA7B7 		.ascii	"\210\217\247\267\011\370HH\344r\375\370s\024\177\276"
 10993      09F84848 
 10993      E472FDF8 
 10993      73147FBE 
 10994 040b 49A31465 		.ascii	"I\243\024e\036Sn\370b@\253V\224B\246R3\027\233-\240"
 10994      1E536EF8 
 10994      6240AB56 
 10994      9442A652 
 10994      33179B2D 
 10995 0420 95B55631 		.ascii	"\225\265V1b\023\3339\245\037S\213\244\320\215\005\271"
 10995      6213DB39 
 10995      A51F538B 
 10995      A4D08D05 
 10995      B9
 10996 0431 372FD969 		.ascii	"7/\331i\177\267\200\002w\221\002\032\334\256\017\326"
 10996      7FB78002 
 10996      7791021A 
 10996      DCAE0FD6 
 10997 0441 CA368FE1 		.ascii	"\3126\217\341\315\016\310M\346\015\332U\327\037\353"
 10997      CD0EC84D 
 10997      E60DDA55 
 10997      D71FEB
 10998 0450 71CC829C 		.ascii	"q\314\202\234l\273\207%\272Y,\272~\017f\221o\375\270"
 10998      6CBB8725 
 10998      BA592CBA 
ARM GAS  /tmp/cckyrRJs.s 			page 327


 10998      7E0F6691 
 10998      6FFDB8
 10999 0463 C8F65E45 		.ascii	"\310\366^E\234(r\337(\262\307/\222o*\202\341v\241\310"
 10999      9C2872DF 
 10999      28B2C72F 
 10999      926F2A82 
 10999      E176A1C8 
 11000 0477 0312C157 		.ascii	"\003\022\301W\255\2677<\342g\224$\320\026\315\326,\360"
 11000      ADB7373C 
 11000      E2679424 
 11000      D016CDD6 
 11000      2CF0
 11001 0489 10066277 		.ascii	"\020\006bw\345\334\216=\274\333E\014\300#\336\271sN"
 11001      E5DC8E3D 
 11001      BCDB450C 
 11001      C023DEB9 
 11001      734E
 11002 049b E7060775 		.ascii	"\347\006\007u\366\007\200\3070\320\303\236\347\032\367"
 11002      F60780C7 
 11002      30D0C39E 
 11002      E71AF7
 11003 04aa F749E313 		.ascii	"\367I\343\023\322(\341\347~\272\271\300&\3415\200.\314"
 11003      D228E1E7 
 11003      7EBAB9C0 
 11003      26E13580 
 11003      2ECC
 11004 04bc 19035E63 		.ascii	"\031\003^c\237\360\236\032\360>\177\322\266\316\351"
 11004      9FF09E1A 
 11004      F03E7FD2 
 11004      B6CEE9
 11005 04cb C753A13B 		.ascii	"\307S\241;\030\257\271Ox\317$#\336\273\3277\305IF4b"
 11005      18AFB94F 
 11005      78CF2423 
 11005      DEBBD737 
 11005      C5494634 
 11006 04e0 A487ABA8 		.ascii	"\244\207\253\250*\254?\312\204\012\000M\245\256C\215"
 11006      2AAC3FCA 
 11006      840A004D 
 11006      A5AE438D 
 11007 04f0 17F25C82 		.ascii	"\027\362\\\202\217d\310Vu}\235c\374!\037\342o4\365,"
 11007      8F64C856 
 11007      757D9D63 
 11007      FC211FE2 
 11007      6F34F52C 
 11008 0504 78D4D4A0 		.ascii	"x\324\324\240\322\312\317\207t\325\246\362dj\352Z\266"
 11008      D2CACF87 
 11008      74D5A6F2 
 11008      646AEA5A 
 11008      B6
 11009 0515 A4E8055A 		.ascii	"\244\350\005Z\363y\367\326-Lt\037(\177r\375<\2435\227"
 11009      F379F7D6 
 11009      2D4C741F 
 11009      287F72FD 
 11009      3CA33597 
 11010 0529 F7E3D4A7 		.ascii	"\367\343\324\247\376\234d\205\326b\243j\007\252\316"
 11010      FE9C6485 
 11010      D662A36A 
ARM GAS  /tmp/cckyrRJs.s 			page 328


 11010      07AACE
 11011 0538 5179AE35 		.ascii	"Qy\2565U\224\354\274\3742\255\311\\\346!f\036\256\312"
 11011      5594ECBC 
 11011      FC32ADC9 
 11011      5CE62166 
 11011      1EAECA
 11012 054b 4A3BE40C 		.ascii	"J;\344\014\241\006\222\245\324\253([\346\371\354Q\354"
 11012      A10692A5 
 11012      D4AB285B 
 11012      E6F9EC51 
 11012      EC
 11013 055c E046D5A3 		.ascii	"\340F\325\243\025'{\330\013\344\363\346\246\275\232"
 11013      15277BD8 
 11013      0BE4F3E6 
 11013      A6BD9A
 11014 056b DD82470C 		.ascii	"\335\202G\014\310U\007\3639\331\275\326\367\265\212"
 11014      C85507F3 
 11014      39D9BDD6 
 11014      F7B58A
 11015 057a 3D304BB5 		.ascii	"=0K\265p\005\012\344\251t&^_u\260\3315\370\252\224\376"
 11015      70050AE4 
 11015      A974265E 
 11015      5F75B0D9 
 11015      35F8AA94 
 11016 058f 071A7B67 		.ascii	"\007\032{g\313gg\234\\:\237\244\241@\265\220\261\015"
 11016      CB67679C 
 11016      5C3A9FA4 
 11016      A140B590 
 11016      B10D
 11017 05a1 FBCB577C 		.ascii	"\373\313W|\310\015\346>]\351ZV\\$\232e\273\266\014\027"
 11017      C80DE63E 
 11017      5DE95A56 
 11017      5C249A65 
 11017      BBB60C17 
 11018 05b5 7DF3BA66 		.ascii	"}\363\272fD\215\315\0007\315E\230\255R\254E jov\236"
 11018      448DCD00 
 11018      37CD4598 
 11018      AD52AC45 
 11018      206A6F76 
 11019 05ca 06110805 		.ascii	"\006\021\010\005\346\360@\224\317+\333\313C\366=Pa."
 11019      E6F04094 
 11019      CF2BDBCB 
 11019      43F63D50 
 11019      612E
 11020 05dc 05E2C550 		.ascii	"\005\342\305P\366W\267 \373\215\222\232\326c:\373\225"
 11020      F657B720 
 11020      FB8D929A 
 11020      D6633AFB 
 11020      95
 11021 05ed C8FE15D9 		.ascii	"\310\376\025\331\335\263e\2040\317\273u\234h\354\335"
 11021      DDB36584 
 11021      30CFBB75 
 11021      9C68ECDD 
 11022 05fd 2AE231C4 		.ascii	"*\3421\304\360,\273\226\342\217\321\205v\214Q\223\224"
 11022      F02CBB96 
 11022      E28FD185 
 11022      768C5193 
ARM GAS  /tmp/cckyrRJs.s 			page 329


 11022      94
 11023 060e C695CD1F 		.ascii	"\306\225\315\037\243\253\301\353\201\003\015\235\027"
 11023      A3ABC1EB 
 11023      81030D9D 
 11023      17
 11024 061b 14A36643 		.ascii	"\024\243fC\214Z\3741j1\304hv\363\272\213v?\375\3638"
 11024      8C5AFC31 
 11024      6A31C468 
 11024      76F3BA8B 
 11024      763FFDF3 
 11025 0630 FD859CFE 		.ascii	"\375\205\234\376P\256\347\353\\\337\372\220+\026\274"
 11025      50AEE7EB 
 11025      5CDFFA90 
 11025      2B16BC
 11026 063f E2E6AB2F 		.ascii	"\342\346\253/;\267#\247c\253y:\266EH\307k\341\351\210"
 11026      3BB723A7 
 11026      63AB793A 
 11026      B64548C7 
 11026      6BE1E988 
 11027 0653 1B5248FE 		.ascii	"\033RH\376\265\033|\353\360\373\326a\360\315$\265\026"
 11027      B51B7CEB 
 11027      F0FBD661 
 11027      F0CD24B5 
 11027      16
 11028 0664 98FAB630 		.ascii	"\230\372\2660(\217\256G\315\243\247\321\363h\240\233"
 11028      288FAE47 
 11028      CDA3A7D1 
 11028      F368A09B 
 11029 0674 C523E222 		.ascii	"\305#\342\"U\314\3613\307/<\321\327\037\232\343\213"
 11029      55CCF133 
 11029      C72F3CD1 
 11029      D71F9AE3 
 11029      8B
 11030 0685 791EE912 		.ascii	"y\036\351\022\263\261T\365\260\227\334L\260\010KP\016"
 11030      B3B154F5 
 11030      B097DC4C 
 11030      B0084B50 
 11030      0E
 11031 0696 46605EBD 		.ascii	"F`^\275l\232W\235\346yu\343\377\225W7\303\363\0127\316"
 11031      6C9A579D 
 11031      E67975E3 
 11031      FF955737 
 11031      C3F30A37 
 11032 06ab 9044BA6D 		.ascii	"\220D\272m \373\216\237\354;\321\023\351\023S\262\227"
 11032      20FB8E9F 
 11032      EC3BD113 
 11032      E91353B2 
 11032      97
 11033 06bc 0625D22D 		.ascii	"\006%\322-=\221\236\006\022\351\261\177\035\235e\312"
 11033      3D919E06 
 11033      12E9B17F 
 11033      1D9D65CA 
 11034 06cc F1F7DD2C 		.ascii	"\361\367\335,\021\201\226I\216\365\364\037\004\241#"
 11034      11819649 
 11034      8EF5F41F 
 11034      04A123
 11035 06db 07799938 		.ascii	"\007y\2318\031\234\275\350\253\207r\360b\011\223\014"
ARM GAS  /tmp/cckyrRJs.s 			page 330


 11035      199CBDE8 
 11035      AB8772F0 
 11035      6209930C 
 11036 06eb 4544F272 		.ascii	"ED\362r2\021\337\354)\252.3\204b\020\024\253\345 \202"
 11036      3211DFEC 
 11036      29AA2E33 
 11036      84621014 
 11036      ABE52082 
 11037 06ff E1C6711E 		.ascii	"\341\306q\0366\230\233\324\3557)\317\324\244!n\334\024"
 11037      36989BD4 
 11037      ED3729CF 
 11037      D4A4216E 
 11037      DC14
 11038 0711 1558214D 		.ascii	"\025X!M\352\335\206\225QmX\245\333P\202\343\214>\376"
 11038      EADD8695 
 11038      516D58A5 
 11038      DB5082E3 
 11038      8C3EFE
 11039 0724 200CFF07 		.ascii	" \014\377\007^YH\030\360_\001\017\341\2576\301/\275"
 11039      5E594818 
 11039      F05F010F 
 11039      E1AF36C1 
 11039      2FBD
 11040 0736 028452AA 		.ascii	"\002\204R\252kX\303\275\034\312\275\2548\224\312;\257"
 11040      6B58C3BD 
 11040      1CCABDAC 
 11040      3894CA3B 
 11040      AF
 11041 0747 43CE3E07 		.ascii	"C\316>\007\265\260n\351\223\2722\243\272\312%\263\267"
 11041      B5B06EE9 
 11041      93BA32A3 
 11041      BACA25B3 
 11041      B7
 11042 0758 C58CDC42 		.ascii	"\305\214\334B\3070\364&\026\274\250\253X\324\375k\325"
 11042      C730F426 
 11042      16BCA8AB 
 11042      58D4FD6B 
 11042      D5
 11043 0769 914670D5 		.ascii	"\221Fp\325\350\232\270\240\250\276\260\355\233x\204"
 11043      E89AB8A0 
 11043      A8BEB0ED 
 11043      9B7884
 11044 0778 CD16D2FF 		.ascii	"\315\026\322\377\210\026@\271\004\316\366\\\336\035"
 11044      881640B9 
 11044      04CEF65C 
 11044      DE1D
 11045 0786 0076C23A 		.ascii	"\000v\302:\016\014\004\\\301\201\277\364\0033#\260\323"
 11045      0E0C045C 
 11045      C181BFF4 
 11045      033323B0 
 11045      D3
 11046 0797 0CF855D4 		.ascii	"\014\370U\324\016\353%p\311\374\225-\014\201\211\211"
 11046      0EEB2570 
 11046      C9FC952D 
 11046      0C818989 
 11047 07a7 1FC2060E 		.ascii	"\037\302\006\016\253\022\354\247\0346wy\001\010\\\011"
 11047      AB12ECA7 
ARM GAS  /tmp/cckyrRJs.s 			page 331


 11047      1C367779 
 11047      01085C09 
 11048 07b7 9DBDABC0 		.ascii	"\235\275\253\300\353\022\323\272\247\347rO\002lD T\177"
 11048      EB12D3BA 
 11048      A7E7724F 
 11048      026C4420 
 11048      547F
 11049 07c9 692E1FF7 		.ascii	"i.\037\3677i\333"
 11049      3769DB
 11050 07d0 14D0B659 		.ascii	"\024\320\266Y\035\211*x$6\034\202\250s\34057{\016%\266"
 11050      1D892A78 
 11050      24361C82 
 11050      A873E035 
 11050      377B0E25 
 11051 07e5 C884DBF8 		.ascii	"\310\204\333\370\370l\235\\g\212\357+\260\225\266\246"
 11051      F86C9D5C 
 11051      678AEF2B 
 11051      B095B6A6 
 11052 07f5 61E22C28 		.ascii	"a\342,(\201\014\254\333\372\024\322m\321B\272=\020\322"
 11052      810CACDB 
 11052      FA14D26D 
 11052      D142BA3D 
 11052      10D2
 11053 0807 CF90A248 		.ascii	"\317\220\242H\323\342u7K\302!;\310J\241W\017\212\270"
 11053      D3E27537 
 11053      4BC2213B 
 11053      C84AA157 
 11053      0F8AB8
 11054 081a E0D97B6F 		.ascii	"\340\331{o\377u>x\000\366x\345\335\303e\355\316\361"
 11054      FF753E78 
 11054      00F678E5 
 11054      DDC365ED 
 11054      CEF1
 11055 082c 58E20E8F 		.ascii	"X\342\016\217\373o\300\347d\307_\245\035w[k\252\354"
 11055      FB6FC0E7 
 11055      64C75FA5 
 11055      1D775B6B 
 11055      AAEC
 11056 083e 34BE981B 		.ascii	"4\276\230\0332\034v\352y\274\213\347\361\010q\232\015"
 11056      321C76EA 
 11056      79BC8BE7 
 11056      F108719A 
 11056      0D
 11057 084f 77DADE27 		.ascii	"w\332\336'\247wGszO\300\351\312\340<v\230&\256=b\342"
 11057      A7774773 
 11057      7A4FC0E9 
 11057      CAE03C76 
 11057      9826AE3D 
 11058 0865 EE0D24EE 		.ascii	"\356\015$\356\276\340\304\2155\315\035G\204\334\331"
 11058      BEE0C48D 
 11058      35CD1D47 
 11058      84DCD9
 11059 0874 1FC89D2A 		.ascii	"\037\310\235*\221\251K\374\231\352\024X\017\227f/U\375"
 11059      91A94BFC 
 11059      99EA1458 
 11059      0F97662F 
 11059      55FD
ARM GAS  /tmp/cckyrRJs.s 			page 332


 11060 0886 1B50321C 		.ascii	"\033P2\034\350=O#\351\252\016\350\372\202\362\324)\216"
 11060      E83D4F23 
 11060      E9AA0EE8 
 11060      FA82F2D4 
 11060      298E
 11061 0898 E401A697 		.ascii	"\344\001\246\227\327\331\204j\2271\316)a\013V\212W\226"
 11061      D7D9846A 
 11061      9731CE29 
 11061      610B568A 
 11061      5796
 11062 08aa 6306E647 		.ascii	"c\006\346G\302Ab\376K\276o\034BMJ3\314j;8\332\004p$"
 11062      C24162FE 
 11062      4BBE6F1C 
 11062      424D4A33 
 11062      CC6A3B38 
 11063 08c2 6E3935AA 		.ascii	"n95\252\270\001-dl\027\306Q/\230\016\275\333\227\003"
 11063      B8012D64 
 11063      6C17C651 
 11063      2F980EBD 
 11063      DB9703
 11064 08d5 B8CF70C8 		.ascii	"\270\317p\310;\320\263\374\200E\360c\207Z\27697\356"
 11064      3BD0B3FC 
 11064      8045F063 
 11064      875ABE39 
 11064      37EE
 11065 08e7 3A9D6D13 		.ascii	":\235m\023\247\355\034\033\0346\034\267\3659\031\025"
 11065      A7ED1C1B 
 11065      1C361CB7 
 11065      F5391915 
 11066 08f7 BECE005F 		.ascii	"\276\316\000_\272\351\302\221XI\277\035\216\250\003"
 11066      BAE9C291 
 11066      5849BF1D 
 11066      8EA803
 11067 0906 8D78B775 		.ascii	"\215x\267u<\363\331\223\352f\375\021\357h\350>7*\214"
 11067      3CF3D993 
 11067      EA66FD11 
 11067      EF68E83E 
 11067      372A8C
 11068 0919 D2515E79 		.ascii	"\322Q^ym`\240\364\237\3408Qz\314|\217\031\005_\3513"
 11068      6D60A0F4 
 11068      9FE03851 
 11068      7ACC7C8F 
 11068      19055FE9 
 11069 092e E744C81E 		.ascii	"\347D\310\0363:\014\177\264W^<\030\360\337\204\223\204"
 11069      333A0C7F 
 11069      B4575E3C 
 11069      18F0DF84 
 11069      9384
 11070 0940 5F1F698F 		.ascii	"_\037i\217\031\015\247t\015_\363\271\371#q\202\320\203"
 11070      190DA774 
 11070      0D5FF3B9 
 11070      F9237182 
 11070      D083
 11071 0952 14D5EBD3 		.ascii	"\024\325\353\323&[)\272\031\023\356\346\231\250n\236"
 11071      265B29BA 
 11071      1913EEE6 
 11071      99A86E9E 
ARM GAS  /tmp/cckyrRJs.s 			page 333


 11072 0962 D58D3827 		.ascii	"\325\2158'\334\014\361\313\026\356\327\371^\374\372"
 11072      DC0CF1CB 
 11072      16EED7F9 
 11072      5EFCFA
 11073 0971 4687BC60 		.ascii	"F\207\274`\360\253K\367+b\011\375<\372uQ\225%4e\257"
 11073      F0AB4BF7 
 11073      2B6209FD 
 11073      3CFA7551 
 11073      95253465 
 11074 0986 C598BDE5 		.ascii	"\305\230\275\3455}J\257o\375\351%\213\303G\3176\254"
 11074      357D4AAF 
 11074      6FFDE925 
 11074      8BC347CF 
 11074      36AC
 11075 0998 4E90E90A 		.ascii	"N\220\351\012\360] \275\266\327DO\257\037\273\261&\303"
 11075      F05D20BD 
 11075      B6D7444F 
 11075      AF1FBBB1 
 11075      26C3
 11076 09aa B22934BD 		.ascii	"\262)4\275\336\012\343\375-\257\274\2621\320\364\023"
 11076      DE0AE3FD 
 11076      2DAFBCB2 
 11076      31D0F413 
 11077 09ba 68209A2E 		.ascii	"h \232.\233\363\376\0264\352$]\011I\257\237\206\341"
 11077      9BF3FE16 
 11077      34EA245D 
 11077      0949AF9F 
 11077      86E1
 11078 09cc FFD42B6F 		.ascii	"\377\324+o}\014\370?\203\253\204\337d\026\206J \224"
 11078      7D0CF83F 
 11078      83AB84DF 
 11078      6416864A 
 11078      2094
 11079 09de 665D430B 		.ascii	"f]C\013\017\303?\213\223z\215?\014\346\033\347\277\270"
 11079      0FC33F8B 
 11079      937A8D3F 
 11079      0CE61BE7 
 11079      BFB8
 11080 09f0 B19654A0 		.ascii	"\261\226T\240\325$\275\314\335l\213\352\3465\335\210"
 11080      D524BDCC 
 11080      DD6C8BEA 
 11080      E635DD88 
 11081 0a00 EBDC887F 		.ascii	"\353\334\210\177\025W#5\321wo4b\000\032\321\336g#:\242"
 11081      15572335 
 11081      D1776F34 
 11081      62001AD1 
 11081      DE67233A 
 11082 0a15 1AD1A91B 		.ascii	"\032\321\251\033qC\032A\311e5\336%\335\255I\355-;\277"
 11082      71431A41 
 11082      C96535DE 
 11082      25DDAD49 
 11082      ED2D3BBF 
 11083 0a29 8716DDF4 		.ascii	"\207\026\335\364g'\311\334\227^PM\300\257\237j\203\313"
 11083      6727C9DC 
 11083      975E504D 
 11083      C0AF9F6A 
 11083      83CB
ARM GAS  /tmp/cckyrRJs.s 			page 334


 11084 0a3b 4D6B98F1 		.ascii	"Mk\230\361V/\335,\005\033?\006n\223\361\267\314\215"
 11084      562FDD2C 
 11084      051B3F06 
 11084      6E93F1B7 
 11084      CC8D
 11085 0a4d B7C21DDD 		.ascii	"\267\302\035\335\370\273\244\\Wv\204+[{\362\321j\027"
 11085      F8BBA45C 
 11085      5776842B 
 11085      5B7BF2D1 
 11085      6A17
 11086 0a5f 0D17FB53 		.ascii	"\015\027\373S\014]\322\211\321\367\202F\037\0176\315"
 11086      0C5DD289 
 11086      D1F78246 
 11086      1F0F36CD 
 11087 0a6f 8653E4BE 		.ascii	"\206S\344\276,`\274\336\373\333\200n\334EET\302\374"
 11087      2C60BCDE 
 11087      FBDB806E 
 11087      DC454554 
 11087      C2FC
 11088 0a81 554E3D97 		.ascii	"UN=\227\351\335\376\007\221\354o\230\263\277\037\377"
 11088      E9DDFE07 
 11088      91EC6F98 
 11088      B3BF1FFF 
 11089 0a91 28F250F7 		.ascii	"(\362P\367\341\221\264\252aM\323G\012\335\367\207\370"
 11089      E191B4AA 
 11089      614DD347 
 11089      0ADDF787 
 11089      F8
 11090 0aa2 20450C7E 		.ascii	" E\014~<\016\222\240\257\004\2320\334\333U4\234>\012"
 11090      3C0E92A0 
 11090      AF049A30 
 11090      DCDB5534 
 11090      9C3E0A
 11091 0ab5 70B337AE 		.ascii	"p\2637\256b\364Y\000\343W\220\314\033!\226\377\334\315"
 11091      62F45900 
 11091      E35790CC 
 11091      1B2196FF 
 11091      DCCD
 11092 0ac7 5EE483E1 		.ascii	"^\344\203\341\211IR\231\373\325\325\253_Ou\277\272\305"
 11092      89495299 
 11092      FBD5D5AB 
 11092      5F4F75BF 
 11092      BAC5
 11093 0ad9 248E1C8E 		.ascii	"$\216\034\216g\004&V\244}\371\335U6\377\351\270\007"
 11093      67042656 
 11093      A47DF9DD 
 11093      5536FFE9 
 11093      B807
 11094 0aeb 4FC73DB4 		.ascii	"O\307=\264(\275\035p\262^\024}\024\203S\201\346\031"
 11094      28BD1D70 
 11094      B25E147D 
 11094      14835381 
 11094      E619
 11095 0afd D944EDA9 		.ascii	"\331D\355\251\376tS\202\362A\011\212\267H\354\307\372"
 11095      FE745382 
 11095      F241098A 
 11095      B748ECC7 
ARM GAS  /tmp/cckyrRJs.s 			page 335


 11095      FA
 11096 0b0e 542BC6F2 		.ascii	"T+\306\362\332$\263\377\315\315\350P\241\261\220enl"
 11096      DA24B3FF 
 11096      CDCDE850 
 11096      A1B19065 
 11096      6E6C
 11097 0b20 184B63BD 		.ascii	"\030Kc\275t\311\031\314\322/ \007\005!\233\231,C;\201"
 11097      74C919CC 
 11097      D22F2007 
 11097      05219B99 
 11097      2C433B81 
 11098 0b34 5072999F 		.ascii	"Pr\231\237\243Y\214sT\223\375]#\277\322\374%n\366\220"
 11098      A3598C73 
 11098      5493FD5D 
 11098      23BFD2FC 
 11098      256EF690 
 11099 0b48 C78892CD 		.ascii	"\307\210\222\315=\255+\023\3449\000 \237\205^\002\224"
 11099      3DAD2B13 
 11099      E4390020 
 11099      9F855E02 
 11099      94
 11100 0b59 C6F35B80 		.ascii	"\306\363[\200\227\004P\001\223\267\000\277\022\265g"
 11100      97045001 
 11100      93B700BF 
 11100      12B567
 11101 0b68 1F5D9CCD 		.ascii	"\037]\234\315\302#\217>\271\302}\232\323\213Osu\237"
 11101      C2238F3E 
 11101      B9C27D9A 
 11101      D38B4F73 
 11101      759F
 11102 0b7a E6D148F4 		.ascii	"\346\321H\364!\262\315/\213\201\205\001\233i\361\241"
 11102      21B2CD2F 
 11102      8B818501 
 11102      9B69F1A1 
 11103 0b8a 2FE1686C 		.ascii	"/\341hl6.?\312\003\260\226\260D\027\277\253vVV\026\016"
 11103      362E3FCA 
 11103      03B096B0 
 11103      4417BFAB 
 11103      76565616 
 11104 0b9f 2A61FD62 		.ascii	"*a\375biP\034\245\007\326w\350\245\312\257\304q\030"
 11104      69501CA5 
 11104      07D677E8 
 11104      A5CAAFC4 
 11104      7118
 11105 0bb1 F778872F 		.ascii	"\367x\207/U\277\014\330\353{W?\313\327\015\023\007\302"
 11105      55BF0CD8 
 11105      EB7B573F 
 11105      CBD70D13 
 11105      07C2
 11106 0bc3 B83ED5D8 		.ascii	"\270>\325\330\363\231\241\306\016>\314\307\303\002F"
 11106      F399A1C6 
 11106      0E3ECCC7 
 11106      C30246
 11107 0bd2 C7591283 		.ascii	"\307Y\022\203\205L\034\346\353~\"\320\343\215i\022o"
 11107      854C1CE6 
 11107      EB7E22D0 
 11107      E38D6912 
ARM GAS  /tmp/cckyrRJs.s 			page 336


 11107      6F
 11108 0be3 563CFE1A 		.ascii	"V<\376\032M\200E\222\277-\273*N\304!\362\"\376\352\035"
 11108      4D804592 
 11108      BF2DBB2A 
 11108      4EC421F2 
 11108      22FEEA1D 
 11109 0bf7 58CCF432 		.ascii	"X\314\3642a\211\037y\214@N0\"\277\023\241\336\215\207"
 11109      61891F79 
 11109      8C404E30 
 11109      22BF13A1 
 11109      DE8D87
 11110 0c0a 4F9859D9 		.ascii	"O\230Y\3310\016\226rd\013!/Cd<\"_>x\010\002\320\353"
 11110      300E9672 
 11110      640B212F 
 11110      43643C22 
 11110      5F3E7808 
 11111 0c21 9A1717F1 		.ascii	"\232\027\027\361\314\033\007\026X\316\370\031\371\001"
 11111      CC1B0716 
 11111      58CEF819 
 11111      F901
 11112 0c2f 249630AB 		.ascii	"$\2260\253\215\223o\255|\320\016\310\273\375s\355R\236"
 11112      8D936FAD 
 11112      7CD00EC8 
 11112      BBFD73ED 
 11112      529E
 11113 0c41 AAEF0D4D 		.ascii	"\252\357\015M\276?r\2069\336i\211\227\310\277,\210C"
 11113      BE3F7286 
 11113      39DE6989 
 11113      97C8BF2C 
 11113      8843
 11114 0c53 B6A370C7 		.ascii	"\266\243p\307\2117\002\247l\337b&\363\321\255]}^\014"
 11114      893702A7 
 11114      6CDF6226 
 11114      F3D1AD5D 
 11114      7D5E0C
 11115 0c66 1F151291 		.ascii	"\037\025\022\221\337\270\331\367\321\314\242\320Y\367"
 11115      DFB8D9F7 
 11115      D1CCA2D0 
 11115      59F7
 11116 0c74 EFB83017 		.ascii	"\357\2700\027\363T\232\337RQj\227\323\244\037\270y\337"
 11116      F3549ADF 
 11116      52516A97 
 11116      D3A41FB8 
 11116      79DF
 11117 0c86 8A53E7D7 		.ascii	"\212S\347\327\307\015\3560\336\371.\334\347\366\332"
 11117      C70DEE30 
 11117      DEF92EDC 
 11117      E7F6DA
 11118 0c95 64C557DA 		.ascii	"d\305W\332\356\313\006\253\207\375\007\254`\203E\332"
 11118      EECB06AB 
 11118      87FD07AC 
 11118      608345DA 
 11119 0ca5 AD14732E 		.ascii	"\255\024s.\257`C\216\234_\331\000\253\302s\265\325\267"
 11119      AF60438E 
 11119      9C5FD900 
 11119      ABC273B5 
 11119      D5B7
ARM GAS  /tmp/cckyrRJs.s 			page 337


 11120 0cb7 1D549EAF 		.ascii	"\035T\236\257\203\344\305\012\013>\225\214\017\253G"
 11120      83E4C50A 
 11120      0B3E958C 
 11120      0FAB47
 11121 0cc6 C77BE94A 		.ascii	"\307{\351J8\244\036\375O\314,*\021Yx=Zz\323w\022l\204"
 11121      38A41EFD 
 11121      4FCC2C2A 
 11121      1159783D 
 11121      5A7AD377 
 11122 0cdd 54AA4F9F 		.ascii	"T\252O\2375\214\366\343\337\362O8h\202\325\377\025\007"
 11122      358CF6E3 
 11122      DFF24F38 
 11122      6882D5FF 
 11122      1507
 11123 0cef 09E3CCC6 		.ascii	"\011\343\314\306\032#\341\237\003b\367\355\362E?\310"
 11123      1A23E19F 
 11123      0362F7ED 
 11123      F2453FC8 
 11124 0cff FCCECD92 		.ascii	"\374\316\315\222\221\3412b\230\026^\017{W\254\026\276"
 11124      91E13262 
 11124      98165E0F 
 11124      7B57AC16 
 11124      BE
 11125 0d10 404536CF 		.ascii	"@E6\317\315Dx\336,2\\\345\277\307\377\221\311\341s\335"
 11125      CD4478DE 
 11125      2C325CE5 
 11125      BFC7FF91 
 11125      C9E173DD 
 11126 0d24 5FC40512 		.ascii	"_\304\005\022o\002\352\005/Ntn\367Z\364@_lq\360\322"
 11126      6F02EA05 
 11126      2F4E746E 
 11126      F75AF440 
 11126      5F6C71F0 
 11127 0d39 96D9F713 		.ascii	"\226\331\367\023\206\255\347\377\322\340R1[\223KnY\224"
 11127      86ADE7FF 
 11127      D2E05231 
 11127      5B934B6E 
 11127      5994
 11128 0d4b 32BAECE4 		.ascii	"2\272\354\344\231^\316\206I\303\233vl\335\275\374\005"
 11128      995ECE86 
 11128      49C39B76 
 11128      6CDDBDFC 
 11128      05
 11129 0d5c E10F696D 		.ascii	"\341\017im~z\312\311\250\330\306\037\367z\334G\375\377"
 11129      7E7ACAC9 
 11129      A8D8C61F 
 11129      F77ADC47 
 11129      FDFF
 11130 0d6e AAE06939 		.ascii	"\252\340i9\323^\241oX\353\030sc8\365\357y\025\354U\354"
 11130      D35EA16F 
 11130      58EB1873 
 11130      6338F5EF 
 11130      7915EC55 
 11131 0d83 4EAA4827 		.ascii	"N\252H'\211\234\223\367\356\373\277\365_-c\332ZM\325"
 11131      899C93F7 
 11131      EEFBBFF5 
 11131      5F2D63DA 
ARM GAS  /tmp/cckyrRJs.s 			page 338


 11131      5A4DD5
 11132 0d96 65942019 		.ascii	"e\224 \031n\306z6\224L\021\004n\302I\310s\272\250\252"
 11132      6EC67A36 
 11132      944C1104 
 11132      6EC249C8 
 11132      73BAA8AA 
 11133 0daa A91A0244 		.ascii	"\251\032\002Dx\265\243\3051D\304\004H\200\015\376i\322"
 11133      78B5A3C5 
 11133      3144C404 
 11133      48800DFE 
 11133      69D2
 11134 0dbc 0F73DEAE 		.ascii	"\017s\336\256``\034\225;\013_\307\3308\213\316=;\257"
 11134      60601C95 
 11134      3B0B5FC7 
 11134      D8388BCE 
 11134      3D3BAF
 11135 0dcf E869EFAD 		.ascii	"\350i\357\255\375c\324x\374\227\233\015\241\033#\306"
 11135      FD63D478 
 11135      FC979B0D 
 11135      A11B23C6 
 11136 0ddf EF3AFA79 		.ascii	"\357:\372y\330\177\213S}\255~\210*\375_\177\370\345"
 11136      D87F8B53 
 11136      7DAD7E88 
 11136      2AFD5F7F 
 11136      F8E5
 11137 0df1 DC2A64AE 		.ascii	"\334*d\256\243=k\236@@\307\261\350:\344\255\317F9\253"
 11137      A33D6B9E 
 11137      4040C7B1 
 11137      E83AE4AD 
 11137      CF4639AB 
 11138 0e05 56B5B755 		.ascii	"V\265\267U\311\342u\321W\012lb\374\326\207>)\202b#\257"
 11138      C9E275D1 
 11138      570A6C62 
 11138      FCD6873E 
 11138      29826223 
 11139 0e1a 6CD3264D 		.ascii	"l\323&M\231>\"M\261gNN\237:ub\372\324D\3211b\322\244"
 11139      993E224D 
 11139      B1674E4E 
 11139      9F3A7562 
 11139      FAD444D1 
 11140 0e32 F41FA58D 		.ascii	"\364\037\245\215NMSl\374M\326L\226\2369\363\215\021"
 11140      4E4D536C 
 11140      FC4DD64C 
 11140      969E39F3 
 11140      8D11
 11141 0e44 2352F0FF 		.ascii	"#R\360\377\264\311S\336\2372#sbV\306G\323?L\231\221"
 11141      B4C953DE 
 11141      9F322373 
 11141      6256C647 
 11141      D33F4C99 
 11142 0e59 99929195 		.ascii	"\231\222\221\2252ez\332\324\217>H\307w\351\037\247O"
 11142      32657ADA 
 11142      D48F3E48 
 11142      C777E91F 
 11142      A74F
 11143 0e6b CFCA1C31 		.ascii	"\317\312\0341Ya\351SgZ\371\257\030\331\027A|\362\244"
 11143      5961E953 
ARM GAS  /tmp/cckyrRJs.s 			page 339


 11143      675AF9AF 
 11143      18D91741 
 11143      7CF2A4
 11144 0e7e A9F8173E 		.ascii	"\251\370\027>2\262\336\230>E\264Q~X_\264e\376\231T\331"
 11144      32B2DE98 
 11144      3E45B451 
 11144      7E585FB4 
 11144      65FE9954 
 11145 0e93 DE9F9499 		.ascii	"\336\237\224\231\376\273\214)\277\214 \2226c\332\264"
 11145      FEBB8C29 
 11145      BF8C2092 
 11145      3663DAB4 
 11146 0ea3 19D353D2 		.ascii	"\031\323S\322\377\224\225\362\366{\343S\306\216\237"
 11146      FF9495F2 
 11146      F67BE353 
 11146      C68E9F
 11147 0eb2 306E42CA 		.ascii	"0nB\312\330\031\031\351)\343\374H\3232\247dN\374CZ\032"
 11147      D81919E9 
 11147      29E3FC48 
 11147      D332A764 
 11147      4EFC435A 
 11148 0ec7 A2BD151D 		.ascii	"\242\275\025\035e\346\214\214\254L\302\031;\376O8(\015"
 11148      65E68C8C 
 11148      AC4CC219 
 11148      3BFE4F38 
 11148      280D
 11149 0ed9 61267EFC 		.ascii	"a&~\374\343i(\2308~\302{\311d\312\314\214)\303\223\207"
 11149      E3692898 
 11149      387EC27B 
 11149      C964CACC 
 11149      8C29C393 
 11150 0eee 8E54D40C 		.ascii	"\216T\324\014d8}\332\214\214?K\036S\225H$\004y\2255"
 11150      64387DDA 
 11150      8C8C3F4B 
 11150      1E539548 
 11150      24047995 
 11151 0f03 39237DD2 		.ascii	"9#}\322\007\344\231\2325\363\377\000\027flD"
 11151      07E4999A 
 11151      35F3FF00 
 11151      17666C44 
 11152              		.text
 11153              		.section	.gnu.lto_uart_cfg1.5b3651c1394eefb,"e",%progbits
 11154 0000 789CE360 		.ascii	"x\234\343``d\330\311\300\300\300\311\000\001\323\231"
 11154      6064D8C9 
 11154      C0C0C0C9 
 11154      0001D399 
 11155 0010 198FBF7F 		.ascii	"\031\217\277\177{\205\261\217y>3P\012\310m\375\367q"
 11155      7B85B18F 
 11155      793E3350 
 11155      0AC86DFD 
 11155      F771
 11156 0022 112788CB 		.ascii	"\021'\210\313\310\330\260\206\011(\320\327\374\376\036"
 11156      C8D8B086 
 11156      0928D0D7 
 11156      FCFE1E
 11157 0031 07488009 		.ascii	"\007H\200\011,\017\3472\203\271sW\234\371\317\331\302"
 11157      2C0FE732 
ARM GAS  /tmp/cckyrRJs.s 			page 340


 11157      83B97357 
 11157      9CF9CFD9 
 11157      C2
 11158 0042 D8D4D8D1 		.ascii	"\330\324\330\321\320\360\240\373<+P\202e&3\304\344g"
 11158      D0F0A0FB 
 11158      3C2B5082 
 11158      652633C4 
 11158      E467
 11159 0054 F3B61EE1 		.ascii	"\363\266\036\341\261\334\336\320\261\240a\001P\234u"
 11159      B1DCDED0 
 11159      B1A06101 
 11159      509C75
 11160 0063 06D08A3D 		.ascii	"\006\320\212=\214\3223\200F\203)&\010\305\314\270\217"
 11160      8CD23380 
 11160      46832926 
 11160      08C5CCB8 
 11160      8F
 11161 0074 B1857106 		.ascii	"\261\205q\0063\013\343^\020\227\025\"\312\306\270\033"
 11161      330BE35E 
 11161      10971522 
 11161      CAC6B81B 
 11162 0084 44B133EE 		.ascii	"D\2613\356\002Q\034\020\212\023D10\356g\264d`\317M\314"
 11162      02511C10 
 11162      8A134431 
 11162      30EE67B4 
 11162      6460CF4D 
 11163 0099 CCD34B66 		.ascii	"\314\323Kf\000\000\024@:?"
 11163      00001440 
 11163      3A3F
 11164              		.text
 11165              		.section	.gnu.lto_uart_cfg2.5b3651c1394eefb,"e",%progbits
 11166 0000 789CE360 		.ascii	"x\234\343``d\330\311\300\300\300\311\000\001\323\231"
 11166      6064D8C9 
 11166      C0C0C0C9 
 11166      0001D399 
 11167 0010 198FBF7F 		.ascii	"\031\217\277\177{\205\261\217y>3P\012\310m\375\367q"
 11167      7B85B18F 
 11167      793E3350 
 11167      0AC86DFD 
 11167      F771
 11168 0022 112788CB 		.ascii	"\021'\210\313\310\330\260\206\011(\320\327\374\376\036"
 11168      C8D8B086 
 11168      0928D0D7 
 11168      FCFE1E
 11169 0031 07488009 		.ascii	"\007H\200\011,\017\3472\203\271sW\234\371\317\331\302"
 11169      2C0FE732 
 11169      83B97357 
 11169      9CF9CFD9 
 11169      C2
 11170 0042 D8D4D8D1 		.ascii	"\330\324\330\321\320\360\240\3737+P\202e&3\304\344g"
 11170      D0F0A0FB 
 11170      372B5082 
 11170      652633C4 
 11170      E467
 11171 0054 F3B61EE1 		.ascii	"\363\266\036\341\261\334\336\320\261\240a\001P\234u"
 11171      B1DCDED0 
 11171      B1A06101 
ARM GAS  /tmp/cckyrRJs.s 			page 341


 11171      509C75
 11172 0063 06D08A3D 		.ascii	"\006\320\212=\214\3223\200F\203)&\010\305\314\270\217"
 11172      8CD23380 
 11172      46832926 
 11172      08C5CCB8 
 11172      8F
 11173 0074 B1857106 		.ascii	"\261\205q\0063\013\343^\020\227\025\"\312\306\270\033"
 11173      330BE35E 
 11173      10971522 
 11173      CAC6B81B 
 11174 0084 44B133EE 		.ascii	"D\2613\356\002Q\034\020\212\023D10\356g\264d`\317M\314"
 11174      02511C10 
 11174      8A134431 
 11174      30EE67B4 
 11174      6460CF4D 
 11175 0099 CCD34B66 		.ascii	"\314\323Kf\000\000(\004:k"
 11175      00002804 
 11175      3A6B
 11176              		.text
 11177              		.section	.gnu.lto_icucfg1.5b3651c1394eefb,"e",%progbits
 11178 0000 789CE360 		.ascii	"x\234\343``dx\311\300\300\300\311\000\001\323\231\031"
 11178      606478C9 
 11178      C0C0C0C9 
 11178      0001D399 
 11178      19
 11179 0011 F7B4FDDD 		.ascii	"\367\264\375\335\307\336\307<\237\231\201\361?\020\360"
 11179      C7DEC73C 
 11179      9F9981F1 
 11179      3F10F0
 11180 0020 03858EBF 		.ascii	"\003\205\216\277\177{\205\021\"\004R\321\327\374\376"
 11180      7F7B8511 
 11180      220452D1 
 11180      D7FCFE
 11181 002f 1E0788CB 		.ascii	"\036\007\210\313\210\312e\002s\347\2568\363\237\263"
 11181      88CA6502 
 11181      73E7AE38 
 11181      F39FB3
 11182 003e 85B1A9B1 		.ascii	"\205\261\251\261\243\241\341A\367~v\220\304Lf\210\331"
 11182      A3A1E141 
 11182      F77E7690 
 11182      C44C6688 
 11182      D9
 11183 004f C8720B7E 		.ascii	"\310r\013~\312\202e\030\3012\013\367tld\202X\321\260"
 11183      CA826518 
 11183      C1320BF7 
 11183      746C6482 
 11183      58D1B0
 11184 0062 F6110BB2 		.ascii	"\366\021\013\262\261\314`c\2576/\236\301h\271\275\241"
 11184      B1CC6063 
 11184      AF362F9E 
 11184      C168B9BD 
 11184      A1
 11185 0073 63414303 		.ascii	"cAC\003P\220e\006P\345AF\351\031@G\034\000QL\214\373"
 11185      50906506 
 11185      50E54146 
 11185      E9194047 
 11185      1C00514C 
ARM GAS  /tmp/cckyrRJs.s 			page 342


 11186 0089 195B1867 		.ascii	"\031[\030g\000U\357\003\323,\214{A\302\254\214{@\024"
 11186      0055EF03 
 11186      D32C8C7B 
 11186      41C2AC8C 
 11186      7B4014
 11187 009c 1BE36E10 		.ascii	"\033\343n\020\305\316\270\213Q\232\201\361\020\243%"
 11187      C5CEB88B 
 11187      519A81F1 
 11187      10A325
 11188 00ab 037B6E62 		.ascii	"\003{nbf\236^2\003\000!RN\371"
 11188      669E5E32 
 11188      03002152 
 11188      4EF9
 11189              		.text
 11190              		.section	.gnu.lto_shell_cfg1.5b3651c1394eefb,"e",%progbits
 11191 0000 789CE360 		.ascii	"x\234\343``d\330\311\300\300\300\311\000\001\323\231"
 11191      6064D8C9 
 11191      C0C0C0C9 
 11191      0001D399 
 11192 0010 19E7AE38 		.ascii	"\031\347\2568\363\237\263\205\261\251\261\243\241\341"
 11192      F39FB385 
 11192      B1A9B1A3 
 11192      A1E1
 11193 001e 41F74C4E 		.ascii	"A\367LN\346\371\314\014\213\231!rO\337?]\315\333\007"
 11193      E6F9CC0C 
 11193      8B992172 
 11193      4FDF3F5D 
 11193      CDDB07
 11194 0031 1461646C 		.ascii	"\024adl`AS\273`\257\312|f\246\305\314\214`\225\273\277"
 11194      604153BB 
 11194      60AFCA7C 
 11194      66A6C5CC 
 11194      8C6095BB 
 11195 0046 EC7D0596 		.ascii	"\354}\005\226\231\001\224\331\011\224a^\314\314\204"
 11195      990194D9 
 11195      0994615E 
 11195      CCCC84
 11196 0055 61FE82ED 		.ascii	"a\376\202\355K\254\3473\263,ff\006K\315Z\373t?\243\345"
 11196      4BACE733 
 11196      B32C6666 
 11196      064BCD5A 
 11196      FB743FA3 
 11197 006a F6868E05 		.ascii	"\366\206\216\005\015\001\363\231Yg030\356cla\234\001"
 11197      0D01F399 
 11197      59673033 
 11197      30EE636C 
 11197      619C01
 11198 007d B46E2F98 		.ascii	"\264n/\230fb\334\003\246\201\3463J\317`fa\334\005\344"
 11198      6662DC03 
 11198      A681E633 
 11198      4ACF6066 
 11198      61DC05E4 
 11199 0091 32300235 		.ascii	"20\00251\260\347&f\346\351%3\000\000\304\217B-"
 11199      31B0E726 
 11199      66E6E925 
 11199      330000C4 
 11199      8F422D
ARM GAS  /tmp/cckyrRJs.s 			page 343


 11200              		.text
 11201              		.section	.gnu.lto_commands.5b3651c1394eefb,"e",%progbits
 11202 0000 789C5DD0 		.ascii	"x\234]\320\317k\023A\024\007\360y\231\315\356&\366\307"
 11202      CF6B1341 
 11202      1407F079 
 11202      99CDEE26 
 11202      F6C7
 11203 0012 CD83ABE2 		.ascii	"\315\203\253\342\342E\017\012z\313\237\340\321?\241"
 11203      E2450F0A 
 11203      7ACB9FE0 
 11203      D13FA1
 11204 0021 8A45C1B6 		.ascii	"\212E\301\266\322\254\3675V\211\210\261\0075I!\314\202"
 11204      D2ACF735 
 11204      568988B1 
 11204      07354921 
 11204      CC82
 11205 0033 0845BC68 		.ascii	"\010E\274h\244\261\215U\253i\023\265nZM\253U\214\351"
 11205      A4B18D55 
 11205      AB6913B5 
 11205      6E5A4DAB 
 11205      558CE9
 11206 0046 41C14B7B 		.ascii	"A\301K{\320\322\212\221\370vf\016;\331\303|\2317o\337"
 11206      D0D28A91 
 11206      F876660E 
 11206      3BD9C37C 
 11206      99376FDF 
 11207 005a 079E4980 		.ascii	"\007\236I\200\234\244\204\034!\342\313R\310\\\336l\232"
 11207      9CA4841C 
 11207      21E2CB52 
 11207      C85CDE6C 
 11207      9A
 11208 006b 19CA283E 		.ascii	"\031\312(>\205\257\300\257;\017\2533F\242\344\246=\367"
 11208      85AFC0AF 
 11208      3B0FAB33 
 11208      46A2E4A6 
 11208      3DF7
 11209 007d 00A3911C 		.ascii	"\000\243\221\034v\225\301\312\341\353\014XAC\251\236"
 11209      7695C1CA 
 11209      E1EB0C58 
 11209      4143A99E 
 11210 008d CFEA413F 		.ascii	"\317\352A?\005\035\257\205\311\305Nl\014R\227\322\256"
 11210      051DAF85 
 11210      C9C54E6C 
 11210      0C5297D2 
 11210      AE
 11211 009e DBBA9E8E 		.ascii	"\333\272\236\216\355\301\271y*\244YV,\304\3548ss8J\013"
 11211      EDC1B979 
 11211      2AA45956 
 11211      2CC4EC38 
 11211      7373384A 
 11212 00b3 2A5FA62A 		.ascii	"*_\246*sz\320\235s]\257\217\321(<\007\233\367>\236X"
 11212      737AD09D 
 11212      735DAF8F 
 11212      D1283C07 
 11212      9BF73E9E 
 11213 00c8 6EC755F7 		.ascii	"n\307U\367\005\214A\000?\303\014ZV\277\336\365@\310"
 11213      058C4100 
ARM GAS  /tmp/cckyrRJs.s 			page 344


 11213      3FC30C5A 
 11213      56BFDEF5 
 11213      40C8
 11214 00da D12ED9EB 		.ascii	"\321.\331\353\260\275\034\006>\254\235\372\267a\330"
 11214      B0BD1C06 
 11214      3EAC9DFA 
 11214      B761D8
 11215 00e9 FD02D683 		.ascii	"\375\002\326\203\312\225\033S>\015\301\006T$\374\275"
 11215      CA951B53 
 11215      3E0DC106 
 11215      5424FCBD 
 11216 00f9 365DD655 		.ascii	"6]\326Ux^\302\257$\334L\025vz\004\254u\303\177\331>"
 11216      785EC2AF 
 11216      24DC4C15 
 11216      767A04AC 
 11216      75C37FD9 
 11217 010e 0E47F8B0 		.ascii	"\016G\370\260\037\255N\033\354\335\0026\371\016n\377"
 11217      1FAD4E1B 
 11217      ECDD0236 
 11217      F90E6EFF 
 11218 011e A99B2138 		.ascii	"\251\233!8\006\257%\334h\254\0255\025~#\341\232\204"
 11218      06AF25DC 
 11218      68AC1535 
 11218      157E23E1 
 11218      9A84
 11219 0130 532B0F4A 		.ascii	"S+\017J}\002\246\335\3606\023\253\246|\330x\366\367"
 11219      7D02A6DD 
 11219      F03613AB 
 11219      A67CD878 
 11219      F6F7
 11220 0142 BA69EF0F 		.ascii	"\272i\357\017\255\332\367*\207\225M\373\322\375\266"
 11220      ADDAF72A 
 11220      87954DFB 
 11220      D2FDB6
 11221 0151 F1E416A8 		.ascii	"\361\344\026\250n]\272\357\244{u~\274\334+\334H\267"
 11221      6E5DBAEF 
 11221      A47B757E 
 11221      BCDC2BDC 
 11221      48B7
 11222 0163 FB4BBA1A 		.ascii	"\373K\272\032\037\226\277\277\276\245\331\007C\356\326"
 11222      1F96BFBF 
 11222      BEA5D907 
 11222      43EED6
 11223 0172 CD7B3553 		.ascii	"\315{5S\201?H\330\237l\026\373U\270!\341\367\022V\244"
 11223      813F48D8 
 11223      9F6C16FB 
 11223      55B821E1 
 11223      F71256A4 
 11224 0186 4D667129 		.ascii	"Mfq)\312\377\276\266\364\350g\257}HH\361\2402]\335\266"
 11224      CAFFBEB6 
 11224      F4E867AF 
 11224      7D4848F1 
 11224      A0325DDD 
 11225 019b 43D02EF8 		.ascii	"C\320.\370(\241\205;\231\023\252\363I:\253\322i\371"
 11225      28A1853B 
 11225      9913AAF3 
 11225      493AABD2 
ARM GAS  /tmp/cckyrRJs.s 			page 345


 11225      69F9
 11226 01ad 13AD8868 		.ascii	"\023\255\210h\271\300h\017\034\263`\015\022p\334\202"
 11226      B9C0680F 
 11226      1CB3600D 
 11226      1270DC82 
 11227 01bd 158C65B0 		.ascii	"\025\214e\260`\011s\021\363-f\025s\001\363%\346\034"
 11227      60097311 
 11227      F32D6615 
 11227      7301F325 
 11227      E61C
 11228 01cf E62CE653 		.ascii	"\346,\346SH\020\370\214\20714pn\370\350i\242%\035\207"
 11228      4810F88C 
 11228      87313470 
 11228      6EF8E869 
 11228      A2251D87 
 11229 01e3 E883E72F 		.ascii	"\350\203\347/&\317\022cpdth\300\301\332\3100\036\247"
 11229      26CF1263 
 11229      70647468 
 11229      C0C1DAC8 
 11229      301EA7
 11230 01f6 4649D439 		.ascii	"FI\3249\223t\310\177l\244+F"
 11230      9374C87F 
 11230      6CA42B46 
 11231              		.text
 11232              		.section	.gnu.lto_dbg.5b3651c1394eefb,"e",%progbits
 11233 0000 789CE360 		.ascii	"x\234\343``dPd``\340d\200\200\351\314\214sW\234\371"
 11233      60645064 
 11233      6060E064 
 11233      8080E9CC 
 11233      8C73579C 
 11234 0015 CFD9C2D8 		.ascii	"\317\331\302\330\324\330\321\320\360\240\373\234\030"
 11234      D4D8D1D0 
 11234      F0A0FB9C 
 11234      18
 11235 0022 FB7C6686 		.ascii	"\373|f\206\305\314@9\306]\214-\214\014\354\271\211\231"
 11235      C5CC4039 
 11235      C65D8C2D 
 11235      8C0CECB9 
 11235      8999
 11236 0034 797AC90C 		.ascii	"yz\311\014\000fm\016\024"
 11236      00666D0E 
 11236      14
 11237              		.text
 11238              		.section	.gnu.lto_shell.5b3651c1394eefb,"e",%progbits
 11239 0000 789CE360 		.ascii	"x\234\343``dPd``\340d\200\200\351\314\214sW\234\371"
 11239      60645064 
 11239      6060E064 
 11239      8080E9CC 
 11239      8C73579C 
 11240 0015 CFD9C2D8 		.ascii	"\317\331\302\330\324\330\321\320\360\240\373\254\024"
 11240      D4D8D1D0 
 11240      F0A0FBAC 
 11240      14
 11241 0022 FB7C6686 		.ascii	"\373|f\206\305\314@9\306]\214-\214\014\354\271\211\231"
 11241      C5CC4039 
 11241      C65D8C2D 
 11241      8C0CECB9 
ARM GAS  /tmp/cckyrRJs.s 			page 346


 11241      8999
 11242 0034 797AC90C 		.ascii	"yz\311\014\000f\264\016\027"
 11242      0066B40E 
 11242      17
 11243              		.text
 11244              		.section	.gnu.lto_.symbol_nodes.5b3651c1394eefb,"e",%progbits
 11245 0000 789C7595 		.ascii	"x\234u\225\355STU\034\307\3179_vYv\201UP\026\001Y\204"
 11245      ED535455 
 11245      1CC7CF39 
 11245      5F765976 
 11245      81555016 
 11246 0017 5DC55BF6 		.ascii	"]\305[\366\334\214/\353_\251\246\0279\323\213z\321L"
 11246      DC8C2FEB 
 11246      5FA9A617 
 11246      39D38B7A 
 11246      D14C
 11247 0029 CEF4BBE0 		.ascii	"\316\364\273\340\222\225\230\022\224Y\212,\\\3214{\220"
 11247      92959812 
 11247      94598A2C 
 11247      5CD1347B 
 11247      90
 11248 003a 5059270B 		.ascii	"PY'\013B\250%D\254\300\214\232\221\266|\312\247\324"
 11248      42A82544 
 11248      ACC08C9A 
 11248      91B67CCA 
 11248      A7D4
 11249 004c 1EA8A073 		.ascii	"\036\250\240s\357\271\373\340p\366\276\372\354\367\373"
 11249      EFB9FBE0 
 11249      70F6BEFA 
 11249      ECF7FB
 11250 005b 7B38BFDF 		.ascii	"{8\277\337\3359\327\3078[\357g\214\211f\220\327\224"
 11250      DD39D7C7 
 11250      385BEF67 
 11250      8C896690 
 11250      D794
 11251 006d 4F01DF7E 		.ascii	"O\001\337~\2121b\354X\327\240\351\225\266|<\267\304"
 11251      8A3162EC 
 11251      58D7A0E9 
 11251      95B67C3C 
 11251      B7C4
 11252 007f 92A67A3B 		.ascii	"\222\246z;j\023\2500o\324m\261\324\211\362\334\021e"
 11252      6A13A830 
 11252      6FD46DB1 
 11252      D489F2DC 
 11252      1165
 11253 0091 0A7E17E5 		.ascii	"\012~\027\345*oN\220\310\233\367\207Xf\312(\210\177"
 11253      2A6F4E90 
 11253      C89BF787 
 11253      5866CA28 
 11253      887F
 11254 00a3 05B1BC51 		.ascii	"\005\261\274Q\177\212\345N\224\347/\301\025\374-\230"
 11254      7F8AE54E 
 11254      94E72FC1 
 11254      15FC2D98 
 11255 00b3 CAFB4710 		.ascii	"\312\373G\020\317\227'&@\276\\\223\017\304\006\315:"
 11255      CF972726 
 11255      40BE5C93 
ARM GAS  /tmp/cckyrRJs.s 			page 347


 11255      0FC406CD 
 11255      3A
 11256 00c4 B7E80E88 		.ascii	"\267\350\016\210:;\350?AEwUH\230\217\273!7D\205\032"
 11256      3A3BE83F 
 11256      41457755 
 11256      48988FBB 
 11256      21374485 
 11257 00d9 E6820829 		.ascii	"\346\202\010)\370U@\301%Q\251\340\262X\241\340\272\250"
 11257      F85540C1 
 11257      2551A9E0 
 11257      B258A1E0 
 11257      BAA8
 11258 00eb 5203CF0B 		.ascii	"R\003\317\013\362\347=\222\011\012\3445[@\305y\216r"
 11258      F2E73D92 
 11258      090AE435 
 11258      5B40C579 
 11258      8E72
 11259 00fd 5154ABEA 		.ascii	"QT\253\352\257\201J\006\246\222;\371\342\230]\250QK"
 11259      AF814A06 
 11259      A6923BF9 
 11259      E2985DA8 
 11259      514B
 11260 010f 6905792E 		.ascii	"i\005y.u\210l\213xf\225\237b\245=\265\307B\320\231~"
 11260      75886C8B 
 11260      7866959F 
 11260      62A53DB5 
 11260      C742D099 
 11261 0124 2BA854DF 		.ascii	"+\250T\337R\274\016\012\346\261\266\201\226\364\316"
 11261      52BC0E0A 
 11261      E6B1B681 
 11261      96F4CE
 11262 0133 DC5EBFD8 		.ascii	"\334^\277\330\331\016Zzcn\277\306i\003\225\351\2357"
 11262      D90E5A7A 
 11262      636EBFC6 
 11262      690395E9 
 11262      9D37
 11263 0145 40E5833D 		.ascii	"@\345\203=3X\354L\203\226\345\364\271\353\375]\021\265"
 11263      3358EC4C 
 11263      8396E5F4 
 11263      B9EBFD5D 
 11263      11B5
 11264 0157 6AF1BF89 		.ascii	"j\361\277\211\260Z\315\233\240\202k#^\315\330\242\035"
 11264      B05ACD9B 
 11264      A0826B23 
 11264      5ECDD8A2 
 11264      1D
 11265 0168 B4FC7062 		.ascii	"\264\374pb\367\024[\334\343-PENV\302\214s\267\303>\224"
 11265      F7145BDC 
 11265      E32D5045 
 11265      4E56C28C 
 11265      73B7C33E 
 11266 017d 3ABBBA29 		.ascii	":\273\272)\352T\247\367P\354\010\013\242D\011\007\340"
 11266      EA54A7F7 
 11266      50EC080B 
 11266      A2440907 
 11266      E0
 11267 018e 77842604 		.ascii	"w\204&\004\224\360>|\216\020C\221\022>B\241#l\201W\375"
ARM GAS  /tmp/cckyrRJs.s 			page 348


 11267      94F03E7C 
 11267      8E104391 
 11267      123E42A1 
 11267      236C8157 
 11268 01a3 733BE071 		.ascii	"s;\340q\200\367\201\260\340>a\247;cf\327c2\366U\024"
 11268      80F781B0 
 11268      E03E61A7 
 11268      3B6366D7 
 11268      6332F655 
 11269 01b8 A8D857B0 		.ascii	"\250\330W\260J\301\313\250W\3456\243\301\001~\004\024"
 11269      4AC1CBA8 
 11269      57E536A3 
 11269      C1017E04 
 11269      14
 11270 01c9 D266F3A3 		.ascii	"\322f\363\243\240J\275s\014\264B\357\014\200\252\364"
 11270      A04ABD73 
 11270      0CB442EF 
 11270      0C80AAF4 
 11271 01d9 4E0254AD 		.ascii	"N\002T\255w\216\203j\364\347\277&\"\352\264WET\301/"
 11271      778E836A 
 11271      F4E7BF26 
 11271      22EAB457 
 11271      4554C12F 
 11272 01ed 62B58294 		.ascii	"b\265\202\224X\243\316\037\007\255\\\224m\332u\273@"
 11272      58A3CE1F 
 11272      07AD5C94 
 11272      6DDA75BB 
 11272      40
 11273 01fe B57AE733 		.ascii	"\265z\3473PX\357|\016\252\323;'@\253\364\316\333\240"
 11273      5058EF7C 
 11273      0EAAD33B 
 11273      2740ABF4 
 11273      CEDBA0
 11274 0211 7ABDB313 		.ascii	"z\275\263\023\324\240w\336\005E\364\316^PT\357\364\203"
 11274      D4A077DE 
 11274      0545F4CE 
 11274      5E5054EF 
 11274      F483
 11275 0223 56EB9D4F 		.ascii	"V\353\235O@k\364\316aP\243\336\371\030\264V\357\014"
 11275      406BF4CE 
 11275      6150A3DE 
 11275      F918B456 
 11275      EF0C
 11276 0235 820CBDF3 		.ascii	"\202\014\275\363!\350\036\275\363\001\350^\275s\010"
 11276      21E81EBD 
 11276      F301E85E 
 11276      BD7308
 11277 0244 B44EEF1C 		.ascii	"\264N\357\034\004\335\247w\366\200\356\327;\373A\017"
 11277      04DDA777 
 11277      F680EED7 
 11277      3BFB410F 
 11278 0254 E89D5ED0 		.ascii	"\350\235^\320\203z\247\007\364\220\336\351\006=\254"
 11278      837AA707 
 11278      F490DEE9 
 11278      063DAC
 11279 0263 773A418F 		.ascii	"w:A\217\350\235\335\240G\265\016\274#\254I\336r\202"
 11279      E89DDDA0 
ARM GAS  /tmp/cckyrRJs.s 			page 349


 11279      47B50EBC 
 11279      23AC49DE 
 11279      7282
 11280 0275 5B812CA7 		.ascii	"[\201,\247$\237t?HV)|_\271\034\013\302\367%;\327:\333"
 11280      249F743F 
 11280      4856297C 
 11280      5FB91C0B 
 11280      C2F7253B 
 11281 028c 26E32BE0 		.ascii	"&\343+\340\033M\353\241\034\2756G\017\2438xF^{\234\017"
 11281      1B4DEBA1 
 11281      1CBD3647 
 11281      0FA33878 
 11281      465E7B9C 
 11282 02a1 05509274 		.ascii	"\005P\222t\345\247\020\034KW\017 \230d\361\023\247/"
 11282      E5A7101C 
 11282      4B570F20 
 11282      9864F113 
 11282      A72F
 11283 02b3 301EABB2 		.ascii	"0\036\253\262\371\235\316\266\213\214\017\207Q\341^"
 11283      F99DCEB6 
 11283      8B8C0F87 
 11283      51E15E
 11284 02c2 BFDD5E84 		.ascii	"\277\335^\204\262X\371\265\2339\314Q\231.hy\263\034"
 11284      B258F9B5 
 11284      9B39CC51 
 11284      992E6879 
 11284      B31C
 11285 02d4 2BCCD1FD 		.ascii	"+\314\321\375\250\031g\366\320\260\347\310r\0205U\223"
 11285      A81967F6 
 11285      D0B0E7C8 
 11285      72103555 
 11285      93
 11286 02e5 CEB966CB 		.ascii	"\316\271f\313P\223d\212c\345\010\227\230\316\006\232"
 11286      5093648A 
 11286      63E50897 
 11286      98CE069A 
 11287 02f5 39C24977 		.ascii	"9\302Iw\033\262S}\2229\227\267,.qt\350\312\317\234\017"
 11287      1BB2537D 
 11287      923997B7 
 11287      2C2E7174 
 11287      E8CACF9C 
 11288 030a 9767592E 		.ascii	"\227gY.\243\301\015\221=%\316\177q\350\262\234\"d\363"
 11288      A3C10D91 
 11288      3D25CE7F 
 11288      71E8B29C 
 11288      2264F3
 11289 031d B696E951 		.ascii	"\266\226\351Q\331\263\312\346\233v\310p-\"I\346\334"
 11289      D9B3CAE6 
 11289      9B76C870 
 11289      2D2249E6 
 11289      DC
 11290 032e F929BF8D 		.ascii	"\371)\277\215[vm\332#\013\226\332|>~}H\360X\265\315"
 11290      5B766DDA 
 11290      230B96DA 
 11290      7C3E7E7D 
 11290      48F058B5 
 11291 0343 ED435B6B 		.ascii	"\355C[k\271\365$\"\341\366D\362\226\\\342\323\266\332"
ARM GAS  /tmp/cckyrRJs.s 			page 350


 11291      B9F52422 
 11291      E1F644F2 
 11291      965CE2D3 
 11291      B6DA
 11292 0355 61ABA967 		.ascii	"a\253\251g\020\215L\035\350\367\363\241^\216h\203\302"
 11292      108D4C1D 
 11292      E8F7F3A1 
 11292      5E8E6883 
 11292      C2
 11293 0366 1E89F50A 		.ascii	"\036\211\365\012\273%\216\261\253\235\233\213\270\265"
 11293      BB258EB1 
 11293      AB9D9B8B 
 11293      B8B5
 11294 0374 018D51EB 		.ascii	"\001\215Q\353\374\235I9W\000\215\343\356v\344[^\033"
 11294      FC9D4939 
 11294      57008DE3 
 11294      EE76E45B 
 11294      5E1B
 11295 0386 DD6B7F5F 		.ascii	"\335k\177_\232\2750~d\366g\300\3420f\034JI\232V\232"
 11295      9ABD307E 
 11295      64F667C0 
 11295      E230661C 
 11295      4A499A56 
 11296 039b 374DA90C 		.ascii	"7M\251\014Y\205\031M\322\210C\2612\030'\225\366\004"
 11296      5985194D 
 11296      D28843B1 
 11296      32182795 
 11296      F604
 11297 03ad 8C1F146D 		.ascii	"\214\037\024m\200qNe<\013c\\\321s0\276W\031\317\333"
 11297      80714E65 
 11297      3C0B635C 
 11297      D17330BE 
 11297      5719CFDB 
 11298 03c1 558EF6C8 		.ascii	"U\216\366\310=\274\220&\353E\030g\225\226!k#\214J\033"
 11298      3DBC9026 
 11298      EB451867 
 11298      9596216B 
 11298      238C4A1B 
 11299 03d5 663766C2 		.ascii	"f7f\302^\2021\245\302$}\2474\202\361\255\322$}\243\232"
 11299      5E8231A5 
 11299      C2247DA7 
 11299      3482F1AD 
 11299      D2247DA3 
 11300 03ea C93D1867 		.ascii	"\311=\030g\024\356\2238\251\360`\006S6\236f\255}\023"
 11300      14EE9338 
 11300      A9F06006 
 11300      53369E66 
 11300      AD7D13
 11301 03fd EB78AC4F 		.ascii	"\353x\254O\362\004\3537\177j\221\177\344#\362\307)\266"
 11301      F204EB37 
 11301      7F6A917F 
 11301      E423F2C7 
 11301      29B6
 11302 040f 637AFEAC 		.ascii	"cz\376\254|\223\011n\037\177l!>'_\324q\316\376\007|"
 11302      7C93096E 
 11302      1F7F6C21 
 11302      3E275FD4 
ARM GAS  /tmp/cckyrRJs.s 			page 351


 11302      71CEFE07 
 11303 0424 938666   		.ascii	"\223\206f"
 11304              		.text
 11305              		.section	.gnu.lto_.refs.5b3651c1394eefb,"e",%progbits
 11306 0000 789C2591 		.ascii	"x\234%\221\315n\023Q\014\205\217O\346\316Of\306\311"
 11306      CD6E1351 
 11306      0C858F4F 
 11306      E6CE4F66 
 11306      C6C9
 11307 0012 DC9949B8 		.ascii	"\334\231I\270!\011miCBCH\322\2264\241\264\013x=\226"
 11307      21096D69 
 11307      43424348 
 11307      D29634A1 
 11307      B40B783D 
 11308 0027 5557ECFA 		.ascii	"UW\354\372 \240\212\007@,P\305\022\304\252bA\305\012"
 11308      20A08A07 
 11308      402C50C5 
 11308      12C4AA62 
 11308      41C50A
 11309 003a F17301C9 		.ascii	"\361s\001\311\237-K\307\266l\307\020\354\021\336\213"
 11309      9F2D4BC7 
 11309      B66CC710 
 11309      EC11DE8B 
 11310 004a 18436918 		.ascii	"\030Ci\030H*A\016\323\022c\031\"\262\214]\036#jH\024"
 11310      482A410E 
 11310      D3126319 
 11310      22B28C5D 
 11310      1E236A48 
 11311 005f 4A142369 		.ascii	"J\024#iJ\222\241\271\315\346\204\315)\303)\322\005\323"
 11311      4A92A1B9 
 11311      CDE684CD 
 11311      29C329D2 
 11311      05D3
 11312 0071 35D31366 		.ascii	"5\323\023f\336\220XIz\222S\033yK\332S\352\034\305R\354"
 11312      DE905849 
 11312      7A92531B 
 11312      794BDA53 
 11312      EA1CC552 
 11313 0086 81D823B1 		.ascii	"\201\330#\261+\224kT\033\352)\332\257!\365\033\240\270"
 11313      2B946B54 
 11313      1BEA29DA 
 11313      AF21F51B 
 11313      A0B8
 11314 0098 8214EFC0 		.ascii	"\202\024\357\300\016\312@\312\220]T\201TavG\012\212"
 11314      0ECA40CA 
 11314      905D5481 
 11314      54617647 
 11314      0A8A
 11315 00aa 0B684394 		.ascii	"\013hC\22415A\225R3T\212\262E-\244,\245\252\245\207"
 11315      31354195 
 11315      5233548A 
 11315      B2452DA4 
 11315      2CA5AAA5 
 11316 00bf BBC6F431 		.ascii	"\273\306\3641\0101\314`\356Qw\305\214\304\3070\330\206"
 11316      0831CC60 
 11316      EE5177C5 
 11316      8CC4C730 
ARM GAS  /tmp/cckyrRJs.s 			page 352


 11316      D886
 11317 00d1 237CB5CD 		.ascii	"#|\265\315`\207\371\016\234\361\331\337\026\256\015"
 11317      6087F90E 
 11317      9CF1D9DF 
 11317      16AE0D
 11318 00e0 5B88EDC2 		.ascii	"[\210\355\302:\324=X\257\036Q'p\373\342\326\331\375"
 11318      3AD43D58 
 11318      AF1E5127 
 11318      70FBE2D6 
 11318      D9FD
 11319 00f2 FF42D804 		.ascii	"\377B\330\004u\323\017\202\253a;b\235\2701uF]P7\371"
 11319      75D30F82 
 11319      AB613B62 
 11319      9DB83175 
 11319      465D5037 
 11320 0107 2E5C041B 		.ascii	".\\\004\033\303\246\2503jI\355\301\365a\007bw\304y\311"
 11320      C3A6A833 
 11320      6A49EDC1 
 11320      F5610762 
 11320      77C479C9 
 11321 011b 21F52DA8 		.ascii	"!\365-\250\357\221\354\301\005\377\244\012\273\205\366"
 11321      EF91ECC1 
 11321      05FFA40A 
 11321      BB85F6
 11322 012a 0D30FAEA 		.ascii	"\0150\372\352\327\376\006\270[\340\301/4\306\030D(\333"
 11322      D7FE06B8 
 11322      5BE0C12F 
 11322      34C61844 
 11322      28DB
 11323 013c A80A4EFC 		.ascii	"\250\012N\374\025P\031\367\220\361\225/\377\340\271"
 11323      155019F7 
 11323      90F1952F 
 11323      FFE0B9
 11324 014b 0687D7C0 		.ascii	"\006\207\327\300\360\243\347\023\270\377\331\307/\300"
 11324      F0A3E713 
 11324      B8FFD9C7 
 11324      2FC0
 11325 0159 F4067C74 		.ascii	"\364\006|t\013\316<\217\277\203s\317\342\007\270\364"
 11325      0BCE3C8F 
 11325      BF8373CF 
 11325      E207B8F4 
 11326 0169 2C7E7A7E 		.ascii	",~z~\203\007/\205\207\347\302\276\347\350B8\276\020"
 11326      83072F85 
 11326      87E7C2BE 
 11326      E7E84238 
 11326      BE10
 11327 017b E82BE193 		.ascii	"\350+\341\223K\341\352Rd\306\216\314\331\345\222 \203"
 11327      4BE1EA52 
 11327      64C68ECC 
 11327      D9E59220 
 11327      83
 11328 018c 1595C75C 		.ascii	"\025\225\307\\s\023\036\363)O\370\214\247<\243\177\323"
 11328      73131EF3 
 11328      294FF88C 
 11328      A73CA37F 
 11328      D3
 11329 019d 73AABCA0 		.ascii	"s\252\274\240\342\017\243\314:\210"
ARM GAS  /tmp/cckyrRJs.s 			page 353


 11329      E20FA3CC 
 11329      3A88
 11330              		.text
 11331              		.section	.gnu.lto_.decls.5b3651c1394eefb,"e",%progbits
 11332 0000 789CE4BD 		.ascii	"x\234\344\275W\224d\313q\030\330\267\262\272\272\253"
 11332      579464CB 
 11332      7118D8B7 
 11332      B2BABAAB 
 11333 0010 AA0D3033 		.ascii	"\252\01503\300\033\274y\000a\206p\004\361@\320,\005"
 11333      C01BBC79 
 11333      00618670 
 11333      04F140D0 
 11333      2C05
 11334 0022 81225687 		.ascii	"\201\"V\207\322B\020\315\036\221\224\370\036\001\002"
 11334      D24210CD 
 11334      1E9194F8 
 11334      1E0102
 11335 0031 4B910001 		.ascii	"K\221\000\001hqD\212<K\243CV{\357\275\367\336O\373i"
 11335      6871448A 
 11335      3C4BA343 
 11335      567BEFBD 
 11335      F7DE4FFB 
 11336 0046 EFBDF7DE 		.ascii	"\357\275\367\336L{\357\246\275\331\310\214\274U\367"
 11336      4C7BEFA6 
 11336      BDD9C88C 
 11336      BC55F7
 11337 0055 D6AD3B0F 		.ascii	"\326\255;\017\240x\366g{NLU\336\212\210\214\210\214"
 11337      A078F667 
 11337      7B4E4C55 
 11337      DE8A888C 
 11337      888C
 11338 0067 8CF4791D 		.ascii	"\214\364y\035\355\004\273\257\015\333\331\375\217\217"
 11338      ED04BBAF 
 11338      0DDBD9FD 
 11338      8F8F
 11339 0075 D9D91D7D 		.ascii	"\331\331\035}\330\316\356\001\376>agg7\002\360\016\300"
 11339      D8CEEE01 
 11339      FE3E6167 
 11339      673702F0 
 11339      0EC0
 11340 0087 1A8020D8 		.ascii	"\032\200 \330\331\375\000>?\007\360w\360=\015 \003\300"
 11340      D9FD003E 
 11340      3F07F077 
 11340      F03D0D20 
 11340      03C0
 11341 0099 00500050 		.ascii	"\000P\000P\012P\001\260\002\340\001\260\001\260\003"
 11341      0A5001B0 
 11341      02E001B0 
 11341      01B003
 11342 00a8 F01EE0F7 		.ascii	"\360\036\340\367\003\034\302\367C\370|\037\340\004\276"
 11342      031CC2F7 
 11342      43F87C1F 
 11342      E004BE
 11343 00b7 9F015C01 		.ascii	"\237\001\\\001\334\003\330i\354\354~\015\340k\000_\007"
 11343      DC03D869 
 11343      ECEC7E0D 
 11343      E06B005F 
ARM GAS  /tmp/cckyrRJs.s 			page 354


 11343      07
 11344 00c8 A07FBF06 		.ascii	"\240\177\277\006\360\015\370\376\357\000\376\017\200"
 11344      F00DF8FE 
 11344      EF00FE0F 
 11344      80
 11345 00d5 FF00F01F 		.ascii	"\377\000\360\037\001~\007\340\367\001\376\020\340;\000"
 11345      017E07E0 
 11345      F701FE10 
 11345      E03B00
 11346 00e4 7F0AF043 		.ascii	"\177\012\360C\200\037\003\374\004\340\257\000\336\007"
 11346      801F03FC 
 11346      04E0AF00 
 11346      DE07
 11347 00f2 F86B807F 		.ascii	"\370k\200\177\000\370'\0007\000\017\000_\000o\200\000"
 11347      00F82700 
 11347      37000F00 
 11347      5F006F80 
 11347      00
 11348 0103 80188038 		.ascii	"\200\030\2008\200\004\200$\200\024\2004\200\002\200"
 11348      80048024 
 11348      80148034 
 11348      800280
 11349 0112 1A802680 		.ascii	"\032\200&\2006\200n\200!\200Q\200U\200\015\200\035\200"
 11349      36806E80 
 11349      21805180 
 11349      55800D80 
 11349      1D80
 11350 0124 23803B00 		.ascii	"#\200;\000{bg\367a\200\307\000\037\001x\013\340\035"
 11350      7B6267F7 
 11350      6180C700 
 11350      1F01780B 
 11350      E01D
 11351 0136 80E7005F 		.ascii	"\200\347\000_\000\370U\200\257\003|\003\340\337\002"
 11351      00F85580 
 11351      AF037C03 
 11351      E0DF02
 11352 0145 FC16C0E7 		.ascii	"\374\026\300\347A\267\177\017\237\337\004\370\026\300"
 11352      41B77F0F 
 11352      9FDF04F8 
 11352      16C0
 11353 0153 FB007F09 		.ascii	"\373\000\177\011\360\367\000\377\023\340\037\001L\000"
 11353      F0F700FF 
 11353      13E01F01 
 11353      4C00
 11354 0161 29006900 		.ascii	")\000i\000}\000\003\000C\000\327\000z\255\235\2353\200"
 11354      7D000300 
 11354      4300D700 
 11354      7AAD9D9D 
 11354      3380
 11355 0173 2BC08701 		.ascii	"+\300\207\001\236\000\274\005\3601\200g\000\237\000"
 11355      9E00BC05 
 11355      F0318067 
 11355      009F00
 11356 0182 F824C0A7 		.ascii	"\370$\300\247\001\236\003|\026\340\033\000\355\000]"
 11356      019E037C 
 11356      16E01B00 
 11356      ED005D
ARM GAS  /tmp/cckyrRJs.s 			page 355


 11357 0191 00BD0003 		.ascii	"\000\275\000\003\000s\000\253\000\353\000\233\000\333"
 11357      007300AB 
 11357      00EB009B 
 11357      00DB
 11358 019f 00A700AF 		.ascii	"\000\247\000\257\265v\262\277\034H;\301\347_\000<\002"
 11358      B576B2BF 
 11358      1C483BC1 
 11358      E75F003C 
 11358      02
 11359 01b0 78C27DA2 		.ascii	"x\302}\242\235\373\303+\2006\200s\212\247E\337H\025"
 11359      9DFBC32B 
 11359      80368073 
 11359      8AA745DF 
 11359      4815
 11360 01c2 58B1DA2D 		.ascii	"X\261\332-\002$\302wZ\314\264\334\350\247\263\025\377"
 11360      0224C277 
 11360      5ACCB4DC 
 11360      E8A7B315 
 11360      FF
 11361 01d3 0248BBFC 		.ascii	"\002H\273\3743\370_h\321\267h>\013\222|\250o\320,\\"
 11361      33F85F68 
 11361      D1B7683E 
 11361      0B927CA8 
 11361      6FD02C5C 
 11362 01e7 B99D441B 		.ascii	"\271\235D\033I\377B \375\330*O\321\307\373\271\337_"
 11362      49FF4220 
 11362      FDD82A4F 
 11362      D1C7FBB9 
 11362      DF5F
 11363 01f9 69D1273F 		.ascii	"i\321'?\311\375\374\232\347Me\242\276_\015\277\335\300"
 11363      C9FDFC9A 
 11363      E74D65A2 
 11363      BE5F0DBF 
 11363      DDC0
 11364 020b B31D48E7 		.ascii	"\263\035H\347s\2775\332\241\277>\300s\301\036\344\000"
 11364      73BF35DA 
 11364      A1BF3EC0 
 11364      73C11EE4 
 11364      00
 11365 021c 7000D003 		.ascii	"p\000\320\0038\001\270\332\243\177Q?\373\006\267\307"
 11365      3801B8DA 
 11365      A37F513F 
 11365      FB06B7C7 
 11366 022c 5B56B2B9 		.ascii	"[V\262\271A\372m+\331\244r\321\374D\231D\031?do\221"
 11366      41FA6D2B 
 11366      D9A472D1 
 11366      FC449944 
 11366      193F646F 
 11367 0241 AD4B83BA 		.ascii	"\255K\203\272P\346\037\206\347\217\000\236\000|\004"
 11367      50E61F86 
 11367      E78F009E 
 11367      007C04
 11368 0250 E0A300AD 		.ascii	"\340\243\000\255\360\373[\360\371\024\240\221\313\355"
 11368      F0FB5BF0 
 11368      F914A091 
 11368      CBED
 11369 025e CAEB1B95 		.ascii	"\312\353\033\225[*\253T\007Z\027\336\206\317O\332c\335"
ARM GAS  /tmp/cckyrRJs.s 			page 356


 11369      5B2AAB54 
 11369      075A17DE 
 11369      86CF4FDA 
 11369      63DD
 11370 0270 68E27593 		.ascii	"h\342u\223\326Q{;\213\017R\277n\341>.\375\013\240\345"
 11370      D6517B3B 
 11370      8B0F52BF 
 11370      6EE13E2E 
 11370      FD0BA0E5 
 11371 0284 F133DAFC 		.ascii	"\3613\332\374S\300\370\377\3422\352\3550\2577\331\366"
 11371      53C0F8FF 
 11371      E232EAED 
 11371      30AF37D9 
 11371      F6
 11372 0295 4FB94D3F 		.ascii	"O\271M?fe\323:-\322\323\274)_\032\207>m\217\261\354"
 11372      6665D33A 
 11372      2DD2D3BC 
 11372      295F1A87 
 11372      3E6D8FB1 
 11373 02aa 6F790CFB 		.ascii	"oy\014\373\014\244\007y^T\364\367y\214\031\342<\277"
 11373      0CA40779 
 11373      5E54F4F7 
 11373      798C19E2 
 11373      3CBF
 11374 02bc 65A54F07 		.ascii	"e\245O\007\325W\302S\324\211\3066\252\317\347\271\377"
 11374      D557C253 
 11374      D489C636 
 11374      AACFE7B9 
 11374      FF
 11375 02cd 8A3A3D07 		.ascii	"\212:=\007\376#\360\371\363\366\362\274i\334\374,\317"
 11375      FE23F0F9 
 11375      F3F6F2BC 
 11375      69DCFC2C 
 11375      CF
 11376 02de 9BFAF4E7 		.ascii	"\233\372\364\347\340\373{\220\327\037\021\214\253\237"
 11376      E0FB7B90 
 11376      D71F118C 
 11376      AB9F
 11377 02ec B74779FE 		.ascii	"\267Gy\376\000\376\373\317\000\277O\260>R]\277\010\277"
 11377      00FEFBCF 
 11377      00BF4FB0 
 11377      3E525DBF 
 11377      08BF
 11378 02fe 7D09E0CB 		.ascii	"}\011\340\313\366\030\363\276\302\355@mDc\326W\271\215"
 11378      F618F3BE 
 11378      C2ED406D 
 11378      4463D657 
 11378      B98D
 11379 0310 A80E0E76 		.ascii	"\250\016\016v\030\037\250\0364F\320\270#\215\023\322"
 11379      181FA81E 
 11379      3446D0B8 
 11379      238D13D2 
 11380 0320 BF311B75 		.ascii	"\2771\033u^\214\355\237\343e%\326?ZFT\177\261\234\350"
 11380      5E8CED9F 
 11380      E36525D6 
 11380      3F5A4654 
 11380      7FB19CE8 
ARM GAS  /tmp/cckyrRJs.s 			page 357


 11381 0334 C70F3596 		.ascii	"\307\0175\226\262\370\244\025\357\251\377E\336?\226"
 11381      B2F8A415 
 11381      EFA9FF45 
 11381      DE3F96
 11382 0343 F0FEB415 		.ascii	"\360\376\264\025\357\005Z\3379\357\317I\370\374\262"
 11382      EF055ADF 
 11382      39EFCF49 
 11382      F8FCB2
 11383 0352 BDC5AEB4 		.ascii	"\275\305\256\264MZ\321\310\313\200\266U\277\302\313"
 11383      4D5AD1C8 
 11383      CB80B655 
 11383      BFC2CB
 11384 0361 80B65DBF 		.ascii	"\200\266]\277jo\361\203\237\360\330Om\250\263C\333}"
 11384      6A6FF183 
 11384      9FF0D84F 
 11384      6DA8B343 
 11384      DB7D
 11385 0373 56623F6A 		.ascii	"Vb?jOk9\326\271\277\211\372\365s\037\371\015x\376{\\"
 11385      4F6B39D6 
 11385      B9BF89FA 
 11385      F5731FF9 
 11385      0D78FE7B 
 11386 0388 36EA83BF 		.ascii	"6\352\203\277\306\363\241\272\374\025\327\351\033V\274"
 11386      C6F3A1BA 
 11386      FC15D7E9 
 11386      1B56BC
 11387 0397 12B4886F 		.ascii	"\022\264\210o\035\017\250\237\305\001\375o\331[|-\036"
 11387      1D0FA89F 
 11387      C501FD6F 
 11387      D95B7C2D 
 11387      1E
 11388 03a8 BEF7D176 		.ascii	"\276\367\321v\015>\023\001\222h]\005\372\027\000Q\000"
 11388      0D3E1301 
 11388      92685D05 
 11388      FA170051 
 11388      00
 11389 03b9 C9907684 		.ascii	"\311\220v\204\317X\370\374\367\366\226X\032\000\220"
 11389      CF58F8FC 
 11389      F7F69658 
 11389      1A0090
 11390 03c8 02E971EA 		.ascii	"\002\351q\352\213\300'\025\276\257k,\366K\203\364_Z"
 11390      8BC02715 
 11390      BEAF6B2C 
 11390      F64B83F4 
 11390      5F5A
 11391 03da D98CB6E9 		.ascii	"\331\214\266\351\351\334fT\327\026\300-\005\010\002"
 11391      E9DC6654 
 11391      D716C02D 
 11391      050802
 11392 03e9 70008886 		.ascii	"p\000\210\206\337\342\000\307\017\300\007\300K\3008"
 11392      DFE200C7 
 11392      0FC007C0 
 11392      4BC038
 11393 03f8 41DBF06C 		.ascii	"A\333\360l{lK\377\212\333\225\252L\333'=\217\325\326"
 11393      7B6C4BFF 
 11393      8ADB95AA 
 11393      4CDB273D 
ARM GAS  /tmp/cckyrRJs.s 			page 358


 11393      8FD5D6
 11394 040b 75AD52E2 		.ascii	"u\255R\3423\324\216\324Gr\200\307\2675\266\3531\265"
 11394      33D48ED4 
 11394      477280C7 
 11394      B735B6EB 
 11394      31B5
 11395 041d EDCF5297 		.ascii	"\355\317R\227i\333G\254\312K,\227\277\326\330)\376\250"
 11395      69DB47AC 
 11395      CA4B2C97 
 11395      BFD6D829 
 11395      FEA8
 11396 042f 5D8C12FC 		.ascii	"]\214\022\374\277\323\240\\b\034\023}OZ\227)/Z\177)"
 11396      BFD3A05C 
 11396      621C137D 
 11396      4F5A9729 
 11396      2F5A7F29 
 11397 0443 BB7FE07D 		.ascii	"\273\177\340}\024\372]\364%\351\037\255\277\037\261"
 11397      14FA5DF4 
 11397      25E91FAD 
 11397      BF1FB1
 11398 0452 2AF37E5E 		.ascii	"*\363~^\346\006\301\342?\326yHmA\373W\271\274|h\314"
 11398      E606C1E2 
 11398      3FD67948 
 11398      6D41FB57 
 11398      B9BC7C68 
 11399 0467 A1FDAE3C 		.ascii	"\241\375\256<\036K\250\034\177\300c\011M\377\023\227"
 11399      1E4BA81C 
 11399      7FC06309 
 11399      4DFF1397 
 11400 0477 6788C772 		.ascii	"g\210\307rQ\246o\361Xn\035\037\010 \275\365\317\220"
 11400      51A66FF1 
 11400      586E1D1F 
 11400      0820BDF5 
 11400      CF90
 11401 0489 CF3AF649 		.ascii	"\317:\366I\353\235Xv\264O\230/\221\363\367\271\2544"
 11401      EB9D5876 
 11401      B44F982F 
 11401      91F3F7B9 
 11401      AC34
 11402 049b ED269153 		.ascii	"\355&\221S+\221\363\271\015\237\241q\357\343*2\026\331"
 11402      2B91F3B9 
 11402      0D9FA171 
 11402      EFE32A32 
 11402      16D9
 11403 04ad CBE57CE7 		.ascii	"\313\345|\347g\224\225\026\\\261D\326\022J'\321\301"
 11403      67949516 
 11403      5CB144D6 
 11403      124A27D1 
 11403      C1
 11404 04be 5A762AAB 		.ascii	"Zv*\253\207D\366\367\177\012\371i\333m\335\017\240~"
 11404      8744F6F7 
 11404      7F0AF969 
 11404      DB6DDD0F 
 11404      A07E
 11405 04d0 26B5B3E8 		.ascii	"&\265\263\350k4.\321\030\360Y\033z\330j\177J\3551\336"
 11405      6B342ED1 
 11405      18F0591B 
ARM GAS  /tmp/cckyrRJs.s 			page 359


 11405      7AD86A7F 
 11405      4AED31DE 
 11406 04e4 D276B60C 		.ascii	"\322v\266\014\276\377\243\306\342\237\037\262\303~\262"
 11406      BEFFA3C6 
 11406      E29F1FB2 
 11406      C37EB2
 11407 04f3 AF55FB22 		.ascii	"\257U\373\"\372\254Z\033#\355k\353$\272=\343\375\316"
 11407      FAAC5A1B 
 11407      23ED6BEB 
 11407      24BA3DE3 
 11407      FDCE
 11408 0505 4FF0BEA7 		.ascii	"O\360\276\247\364/F\213zY\3076\032\307\250^4\226U\301"
 11408      F42F468B 
 11408      7A59C736 
 11408      1AC7A85E 
 11408      349655C1 
 11409 0519 F76A1BB1 		.ascii	"\367j\033\261L\264\005\325\267\006~\363\321X\342\026"
 11409      4CB405D5 
 11409      B7067EF3 
 11409      D158E216 
 11410 0529 35A5341E 		.ascii	"5\2454\036Q\237\376\217<\356\210\272mp\274vI\177Y\372"
 11410      519FFE8F 
 11410      3CEE88BA 
 11410      6D70BC76 
 11410      497F59FA 
 11411 053d E76C6FE9 		.ascii	"\347lo\3513X\333\377sV\371\332\241K\230y\323\357\266"
 11411      3358DBFF 
 11411      7356F9DA 
 11411      A14B9879 
 11411      D3EFB6
 11412 0550 78D27ED7 		.ascii	"x\322~\327\177\226\360\243\276\327j\217\372\266\001"
 11412      7F96F0A3 
 11412      BED76A8F 
 11412      FAB601
 11413 055f B4037402 		.ascii	"\264\003t\002\354\363|h|\257\327Y\332\305F\035\306\373"
 11413      ECF37C68 
 11413      7CAFD759 
 11413      DAC5461D 
 11413      C6FB
 11414 0571 26F8FCBF 		.ascii	"&\370\374\277\001\247Y\2071\234\216\233>#)k\332W\265"
 11414      01A75987 
 11414      319C8E9B 
 11414      3E23296B 
 11414      DA57B5
 11415 0584 D5476DD1 		.ascii	"\325Gm\321Y\374\3717\001\277Ugi\023\3765\301v\241N\207"
 11415      59FCF937 
 11415      01BF5567 
 11415      6913FE35 
 11415      C176A14E 
 11416 0599 FD6DD196 		.ascii	"\375m\321\226m\220n\007\270\202\337\177\205X\372f\035"
 11416      6D906E07 
 11416      B882DF7F 
 11416      8558FA66 
 11416      1D
 11417 05aa 3A6CB797 		.ascii	":l\267\227\001:\341{/\035\333\000t\351\260\377N\373"
 11417      013AE17B 
 11417      2F1DDB00 
ARM GAS  /tmp/cckyrRJs.s 			page 360


 11417      74E9B0FF 
 11417      4EFB
 11418 05bc EDDD943F 		.ascii	"\355\335\224?\365\001\000_\200\377D\333n\300\357\201"
 11418      F501005F 
 11418      80FF44DB 
 11418      6EC0EF81 
 11419 05cc E71F8274 		.ascii	"\347\037\202t/|\366Q\231x\273\254\205\317\006H\367\353"
 11419      2F7CF651 
 11419      9978BBAC 
 11419      85CF0648 
 11419      F7EB
 11420 05de B07D1AD0 		.ascii	"\260}\032\320\341\330p\020>\207\000\376;\374~\013\351"
 11420      E1D87010 
 11420      3E8700FE 
 11420      3BFC7E0B 
 11420      E9
 11421 05ef 61F87E08 		.ascii	"a\370~\010\237#\360\371?\250\037\302\3476\217]\264\355"
 11421      9F23F0F9 
 11421      3FA81FC2 
 11421      E7368F5D 
 11421      B4ED
 11422 0601 89842FD1 		.ascii	"\211\204/\321\360\354/\005l\207>c\207\343\276ix\266"
 11422      F0EC2F05 
 11422      6C873E63 
 11422      87E3BE69 
 11422      78B6
 11423 0613 A843DF5D 		.ascii	"\250C\337]\326Y|yUg\361\343\337\342c5:\206\223\366\325"
 11423      D6597C79 
 11423      5567F1E3 
 11423      DFE26335 
 11423      3A8693F6 
 11424 0628 BFC1C772 		.ascii	"\277\301\307r\324o~\225\217\357h\337\340\035>\356\373"
 11424      D46F7E95 
 11424      8FEF68DF 
 11424      E01D3EEE 
 11424      FB
 11425 0639 081F07D2 		.ascii	"\010\037\007\322\361 \035\027\322v\216\372\034\035'"
 11425      F1201D17 
 11425      D2768EFA 
 11425      1C1D27
 11426 0648 D2F12B1D 		.ascii	"\322\361+\0353n\350p\374H\373\333\337\342c9:\246\243"
 11426      336EE870 
 11426      FC48FBDB 
 11426      DFE26339 
 11426      3AA6A3
 11427 065b E331718C 		.ascii	"\3431q\214'\216\371\3041\340?\362q\341\337\363qb\213"
 11427      278EF9C4 
 11427      31E03FF2 
 11427      71E1DFF3 
 11427      71628B
 11428 066e DCA5EC52 		.ascii	"\334\245\354R\034x}\343~Y\0008\025Tv\202eb\200g]\360"
 11428      1C787DE3 
 11428      7E590038 
 11428      15547682 
 11428      65628067 
 11429 0684 D909D003 		.ascii	"\331\011\320\003\320\015\320\004\320\016\320F}\200\362"
 11429      D00DD004 
ARM GAS  /tmp/cckyrRJs.s 			page 361


 11429      D00ED046 
 11429      7D80F2
 11430 0693 0468E66D 		.ascii	"\004h\346m\324\017m\264w1\377\302y\374\330F\036\277"
 11430      D40F6DB4 
 11430      7731FFC2 
 11430      79FCD846 
 11430      1EBF
 11431 06a5 E980E547 		.ascii	"\351\200\345G\371{r\177\011#\350?\216T\006\370L\002"
 11431      F97B727F 
 11431      0923E83F 
 11431      8E5406F8 
 11431      4C02
 11432 06b7 48048807 		.ascii	"H\004\210\007\210\006\210\002\210\003H\340\355*\035"
 11432      88068802 
 11432      880348E0 
 11432      ED2A1D
 11433 06c6 FBFDBE0D 		.ascii	"\373\375\276\015\336\257t(\377\246\016\353\334\026\365"
 11433      DEAF7428 
 11433      FFA60EEB 
 11433      DC16F5
 11434 06d5 175E17A8 		.ascii	"\027^\027\250O\321|\377\033|\376\020\340G\264\\\001"
 11434      4FD17CFF 
 11434      1B7CFE10 
 11434      E047B45C 
 11434      01
 11435 06e6 7ECCE331 		.ascii	"~\314\3431\255\302\264?G\307\312s6\342t\265\036\307"
 11435      ADC2B43F 
 11435      47C7CA73 
 11435      36E274B5 
 11435      1EC7
 11436 06f8 35235A8C 		.ascii	"5#Z\214W3<\246Y\267\021_\343~\274\013\260\0070\253E"
 11436      57333CA6 
 11436      59B7115F 
 11436      E37EBC0B 
 11436      B00730AB 
 11437 070d 99C7E173 		.ascii	"\231\307\341sR\213\362\3219\010:\027A\347$\350\334\004"
 11437      528BF2D1 
 11437      39083A17 
 11437      41E724E8 
 11437      DC04
 11438 071f 9DA388B1 		.ascii	"\235\243\210\261\241\317\246\036\355H\345\027\377l\365"
 11438      A1CFA61E 
 11438      ED48E517 
 11438      FF6CF5
 11439 072e 6B767F4A 		.ascii	"kv\177J\274\030\",\272']:\005\023\341\221A\320B2\262"
 11439      BC18222C 
 11439      BA275D3A 
 11439      0513E191 
 11439      41D04232 
 11440 0743 B7A2C700 		.ascii	"\267\242\307\000\311'\006\341\223\220L\233\030v\027"
 11440      C92706E1 
 11440      93904C9B 
 11440      187617
 11441 0752 F0D70F41 		.ascii	"\360\327\017A\262\253\270\271\303@4\002%\254\367\276"
 11441      B2ABB8B9 
 11441      C3403402 
 11441      25ACF7BE 
ARM GAS  /tmp/cckyrRJs.s 			page 362


 11442 0762 6B74809F 		.ascii	"kt\200\237>g\020\350\324\221+\375\371p\177\\\300G\024"
 11442      3E6710E8 
 11442      D4912BFD 
 11442      F9707F5C 
 11442      C04714
 11443 0775 A3FA6275 		.ascii	"\243\372bu[G\034\331\367\360\231\360h\303\273E&\374"
 11443      5B471CD9 
 11443      F7F099F0 
 11443      68C3BB45 
 11443      26FC
 11444 0787 73FC393B 		.ascii	"s\3749;\241Y@a\236\032\351\357y\231a\351:\362\005\206"
 11444      A1594061 
 11444      9E1AE9EF 
 11444      799961E9 
 11444      3AF20586 
 11445 079b DB73DBD1 		.ascii	"\333s\333\321\345d\3605\231<L\251\036&\3757\355\204"
 11445      E564F035 
 11445      993C4CA9 
 11445      1E26FD37 
 11445      ED84
 11446 07ad 3AE199F0 		.ascii	":\341\231\360Rxf'\264\012\214{\213\360\256\320\004\317"
 11446      52786627 
 11446      B40A8C7B 
 11446      8BF0AED0 
 11446      04CF
 11447 07bf 1AE11910 		.ascii	"\032\341\031\020$\006\224u\033\235\374M&w$\020\332"
 11447      24069475 
 11447      1B9DFC4D 
 11447      26772410 
 11447      DA
 11448 07d0 048399C6 		.ascii	"\004\203\231\306Nh\027\234P\327\246\207\350&-j\343\010"
 11448      4E68179C 
 11448      50D7A687 
 11448      E8262D6A 
 11448      E308
 11449 07e2 49EFA9C6 		.ascii	"I\357\251\306rB\276\312\362\234\363*\013\026\036\207"
 11449      7242BECA 
 11449      F29CF32A 
 11449      0B161E87 
 11450 07f2 71F94C02 		.ascii	"q\371L\002\032N\350\022\036\323\314\270\255\026\372"
 11450      1A4EE812 
 11450      1ED3CCB8 
 11450      AD16FA
 11451 0801 27735DC8 		.ascii	"'s]\310\2571\202\327\253\351i\304\232@\350\006\371\344"
 11451      AF3182D7 
 11451      ABE969C4 
 11451      9A40E806 
 11451      F9E4
 11452 0813 34559BAF 		.ascii	"4U\233\257\243e\262\365\300\317\026\331zE\331z\343\256"
 11452      A365B2F5 
 11452      C0CF16D9 
 11452      7A45D97A 
 11452      E3AE
 11453 0825 E65CC8BF 		.ascii	"\346\\\310\277e\274\343\227\013\322\230\001\334\177"
 11453      65BCE397 
 11453      0BD29801 
 11453      DC7F
ARM GAS  /tmp/cckyrRJs.s 			page 363


 11454 0833 4A036CDF 		.ascii	"J\003l\337\227lj\3117\337\244\311\240L*\317\320J\017"
 11454      976C6AC9 
 11454      37DFA4C9 
 11454      A04C2ACF 
 11454      D04A0F
 11455 0846 3DF93D46 		.ascii	"=\371=F\020\354;\322\255\021\011<EM\206 #9\215G\356"
 11455      10EC3BD2 
 11455      AD11093C 
 11455      454D8620 
 11455      23398D47 
 11456 085b 5003916A 		.ascii	"P\003\221j2,\323dD\324d!\351\360TK\336c\274\233\227"
 11456      322CD364 
 11456      44D46421 
 11456      E9F0544B 
 11456      DE63BC9B 
 11457 0870 83AE0858 		.ascii	"\203\256\010X\374\035p\022A\342!\357\240\207l7O\354"
 11457      FC1D7012 
 11457      41E221EF 
 11457      A0876C37 
 11457      4FEC
 11458 0882 3A3A7A53 		.ascii	"::zS\226\2466\023yj'\374\3623\341+\224\333\204\340\310"
 11458      96A63613 
 11458      796A27FC 
 11458      F233E12B 
 11458      94DB84E0 
 11459 0897 B216C621 		.ascii	"\262\026\306!\2031\324\2629?\242M \337e\224\223\231"
 11459      8331D4B2 
 11459      393FA24D 
 11459      20DF6594 
 11459      9399
 11460 08a9 6D692E36 		.ascii	"mi.6(\205I\220\333\026\361IuT\212#\371\021#.\252\012"
 11460      28854990 
 11460      DB16F149 
 11460      75548A23 
 11460      F911232E 
 11461 08bf 4C70403F 		.ascii	"Lp@?xJM?|r\344\204>\337L\205l\332\273\013%\344\257)"
 11461      784A4D3F 
 11461      7C72E484 
 11461      3EDF4C85 
 11461      6CDABB0B 
 11462 08d7 AA4357D0 		.ascii	"\252CW\320\352\211\263\360\3709\373c6\012\245F\325\332"
 11462      EA89B3F0 
 11462      F839FB63 
 11462      360AA546 
 11462      D5DA
 11463 08e9 09B3C07B 		.ascii	"\011\263\300{\206\026\3114\3448\217\226\022\226\205"
 11463      8616C934 
 11463      E4388F96 
 11463      129685
 11464 08f8 E7C212C0 		.ascii	"\347\302\022\300*\300\012\300\"\300\202\360\234Z0\235"
 11464      2AC00AC0 
 11464      22C082F0 
 11464      9C5A309D 
 11465 0908 CADA3C95 		.ascii	"\312\332<\225\362\225\351\266\220 S\252;\241~)\314q"
 11465      F295E9B6 
 11465      902053AA 
 11465      3BA17E29 
ARM GAS  /tmp/cckyrRJs.s 			page 364


 11465      CC71
 11466 091a 628B1DEB 		.ascii	"b\213\035\353\331\377u\364\177$i\235&\361\246fO\035"
 11466      D9FF75F4 
 11466      7F24699D 
 11466      26F1A666 
 11466      4F1D
 11467 092c C36F50C1 		.ascii	"\303oP\301\377%\013\372 G\207\002\021\006\024\350\357"
 11467      FF250BFA 
 11467      20478702 
 11467      110614E8 
 11467      EF
 11468 093d 5A71DF18 		.ascii	"Zq\337\030 \015\245P\325\234\204)\260\332(\307\027\213"
 11468      200DA550 
 11468      D59C8429 
 11468      B0DA28C7 
 11468      178B
 11469 094f E15D39EF 		.ascii	"\341]9\357\215!\322Xa2\3719Q\277\025:\025\314;\254e"
 11469      8D21D258 
 11469      6132F939 
 11469      51BF153A 
 11469      15CC3BAC 
 11470 0964 EF1C220D 		.ascii	"\357\034\"\015H\320\017U\262O\205\200f\000v\337\011"
 11470      48D00F55 
 11470      B24F8580 
 11470      660076DF 
 11470      09
 11471 0975 F0F1E38E 		.ascii	"\360\361\343\216\370\31752-\334\361\235\023'\251\233"
 11471      F8CF3532 
 11471      2DDCF19D 
 11471      1327A99B 
 11472 0985 BE92E5B8 		.ascii	"\276\222\345\270\306\334\224~\000\356Ja\253\237\216"
 11472      C6DC947E 
 11472      00EE4A61 
 11472      AB9F8E
 11473 0994 BC149857 		.ascii	"\274\024\230W\024\027\336\224\032\264\264G\374\003'"
 11473      1417DE94 
 11473      1AB4B447 
 11473      FC0327
 11474 09a3 E16FB4F4 		.ascii	"\341o\264\364\221wGh\2353:\212F\022\015\237`4\034m\353"
 11474      91774768 
 11474      9D333A8A 
 11474      46120D9F 
 11474      60341C6D 
 11475 09b8 2E727D2B 		.ascii	".r}+\212\311\353a\372\220F\370\213\217\012[\220\321"
 11475      8AC9EB61 
 11475      FA9046F8 
 11475      8B8F0A5B 
 11475      90D1
 11476 09ca 26CB685B 		.ascii	"&\313h[x\313N\330\020\264(U\353x\361\271,\014\300\317"
 11476      78CB4ED8 
 11476      10B42855 
 11476      EB78F1B9 
 11476      2C0CC0CF 
 11477 09de 12A976C0 		.ascii	"\022\251v\300\234\254\246\001jnud\201\2214\241P]g~z"
 11477      9CACA601 
 11477      6A6E7564 
 11477      819134A1 
ARM GAS  /tmp/cckyrRJs.s 			page 365


 11477      505D677E 
 11478 09f3 35326117 		.ascii	"52a\027\214\"\245\334\352>_w$\335Hy\336\023S\340L\006"
 11478      8C22A5DC 
 11478      EA3E5F77 
 11478      24DD4879 
 11478      DE1353E0 
 11479 0a09 311118B0 		.ascii	"1\021\030\260\222\351`;\242\034\330\214(\251\255+\277"
 11479      92E9603B 
 11479      A21CD88C 
 11479      28A9AD2B 
 11479      BF
 11480 0a1a 48E691B8 		.ascii	"H\346\221\270\271\342e\271\023Y\301D\320rf\241^\021"
 11480      B9E265B9 
 11480      1359C144 
 11480      D07266A1 
 11480      5E11
 11481 0a2c F78E81C9 		.ascii	"\367\216\201\311\211,Z4\337\324\3149\221\023$*\367\255"
 11481      892C5A34 
 11481      DFD4CC39 
 11481      9113242A 
 11481      F7AD
 11482 0a3e 5F765210 		.ascii	"_vR\020\235*\210\206\246\352\307e\352\236\311\312\356"
 11482      9D2A8886 
 11482      A6EAC765 
 11482      EA9EC9CA 
 11482      EE
 11483 0a4f B5186242 		.ascii	"\265\030bB\347\257\352\215\304\035\033\242\371\207\375"
 11483      E7AFEA8D 
 11483      C41D1BA2 
 11483      F987FD
 11484 0a5e 35172CA4 		.ascii	"5\027,\244'4\246t&l8c!\245\322\332\\\224z\232D\210\017"
 11484      2734A674 
 11484      266C3863 
 11484      21A5D2DA 
 11484      5C947A9A 
 11485 0a75 C3D5E554 		.ascii	"\303\325\345TO{\012\002\255\313\217\237\243\207.\365"
 11485      4F7B0A02 
 11485      ADCB8F9F 
 11485      A3872EF5 
 11486 0a85 7C7DE864 		.ascii	"|}\350d\313d\012\177*\034\202\213\356\203L\367*.\212"
 11486      CB640A7F 
 11486      2A1C828B 
 11486      EE834CF7 
 11486      2A2E8A
 11487 0a98 0493D34F 		.ascii	"\004\223\323O2<L\335\337\243^r\245\300\266\256\215'"
 11487      323C4CDD 
 11487      DFA35E72 
 11487      A5C0B6AE 
 11487      8D27
 11488 0aaa BF879511 		.ascii	"\277\207\225\021D\027\216\024\330\326\225\261s\372\021"
 11488      44178E14 
 11488      D8D695B1 
 11488      73FA11
 11489 0ab9 F2DE03F4 		.ascii	"\362\336\003\364u\025Q\030\276\254\226\\\002\306\005"
 11489      75155118 
 11489      BEAC965C 
 11489      02C605
ARM GAS  /tmp/cckyrRJs.s 			page 366


 11490 0ac8 2DCB634E 		.ascii	"-\313cNB\013\363\001j\305-\3005\300\035\300\2154\014"
 11490      420BF301 
 11490      6AC52DC0 
 11490      35C01DC0 
 11490      8D340C
 11491 0adb 1D0C7125 		.ascii	"\035\014q%\250\\\347\266\345\342\2652/\244y\316\365"
 11491      A85CE7B6 
 11491      E5E2B532 
 11491      2FA479CE 
 11491      F5
 11492 0aec B1EDFC4E 		.ascii	"\261\355\374N?8?\340\0207\025\225,+U\223F\232\231\233"
 11492      3F383FE0 
 11492      10371595 
 11492      2C2B5593 
 11492      469A999B 
 11493 0b00 86D548F8 		.ascii	"\206\325H\370\240u\252/l\214\3278\337OAz\252\325/\302"
 11493      A075AA2F 
 11493      6C8CD738 
 11493      DF4F417A 
 11493      AAD52FC2 
 11494 0b14 11D3A60F 		.ascii	"\021\323\246\017C:%%c\2047\341\276\264\016\372\014\265"
 11494      433A2525 
 11494      638437E1 
 11494      BEB40EFA 
 11494      0CB5
 11495 0b26 2EEA79EC 		.ascii	".\352y\3546\321\342n\011h\216v$\325\350\032\315\227"
 11495      36D1E26E 
 11495      09688E76 
 11495      24D5E81A 
 11495      CD97
 11496 0b38 E9FF1591 		.ascii	"\351\377\025\221}(r\343kO?WZ\013L\\\220G\322n\202\257"
 11496      7D2872E3 
 11496      6B4F3F57 
 11496      5A0B4C5C 
 11496      9047D26E 
 11497 0b4e C6403517 		.ascii	"\306@5\027|4\254\006\344\245\344\266;\223\227\310hw"
 11497      7C34AC06 
 11497      E4A5E4B6 
 11497      3B9397C8 
 11497      6877
 11498 0b60 A8B9DC88 		.ascii	"\250\271\334\210\365\307\224!mn\3744\2541\243\006\220"
 11498      F5C79421 
 11498      6D6EFC34 
 11498      AC31A306 
 11498      90
 11499 0b71 3436DBCB 		.ascii	"46\333\313\251\201\344Q(\267\3317\004\301_c\020\274"
 11499      A981E451 
 11499      28B7D937 
 11499      04C15F63 
 11499      10BC
 11500 0b83 34CF044F 		.ascii	"4\317\004O\015\315)@\363\010\263c\346\011\014\212\272"
 11500      0DCD2940 
 11500      F308B363 
 11500      E6090C8A 
 11500      BA
 11501 0b94 7045292F 		.ascii	"pE)/Y\217,\354\342\265\201\264b\306Q\371-\267\274{\326"
 11501      598F2CEC 
ARM GAS  /tmp/cckyrRJs.s 			page 367


 11501      E2B581B4 
 11501      62C651F9 
 11501      2DB7BC7B 
 11502 0ba9 4CD32311 		.ascii	"L\323#\021\263KzL\377:$\2073\"}\034\270\372\204\366"
 11502      B34B7A4C 
 11502      FF3A2487 
 11502      33227D1C 
 11502      B8FA84F6 
 11503 0bbd 4ADAE646 		.ascii	"J\332\346F\365\244\003i\333\252\347\2665\210\373\025"
 11503      F5A40369 
 11503      DBAAE7B6 
 11503      3588FB15 
 11504 0bcd 4826C7D5 		.ascii	"H&\307\325-j\311\000\376v\2201\270\357D\3061\021vS\177"
 11504      2D6AC900 
 11504      FE769031 
 11504      B8EF44C6 
 11504      31117653 
 11505 0be2 61AFA89E 		.ascii	"a\257\250\236\221\240Z\224FZ='_\216@\203\262\216D\033"
 11505      91A05A94 
 11505      465A3D27 
 11505      5F8E4083 
 11505      B28E441B 
 11506 0bf6 51598B2E 		.ascii	"QY\213.\012\242h\005\321}\317\262\267 -\375\030Y\351"
 11506      0AA26805 
 11506      D17DCFB2 
 11506      B7202DFD 
 11506      1859E9
 11507 0c09 C76A789D 		.ascii	"\307jx\235\276\313\234\351',\374\302#\036\177c\247N"
 11507      BECB9CE9 
 11507      272CFCC2 
 11507      231E7F63 
 11507      A74E
 11508 0c1b 6E74AA11 		.ascii	"nt\252\0216^\003\0216N\303#l\363\365N\243\2534\037\370"
 11508      365E0311 
 11508      364EC323 
 11508      6CF3F54E 
 11508      A3AB341F 
 11509 0c30 59924F82 		.ascii	"Y\222O\202\306\022'=wv[t\344\022\365\0109\332\256\321"
 11509      C612273D 
 11509      77765B74 
 11509      E412F508 
 11509      39DAAED1 
 11510 0c44 A8D10989 		.ascii	"\250\321\011\211\240\217\224t=}\357#h\322\317S\013{"
 11510      A08F9474 
 11510      3D7DEF23 
 11510      68D2CF53 
 11510      0B7B
 11511 0c56 79FD01F1 		.ascii	"y\375\001\361 \214\317}e|\256V\312\207\226\271%\377"
 11511      208CCF7D 
 11511      657CAE56 
 11511      CA8796B9 
 11511      25FF
 11512 0c68 5451CFE0 		.ascii	"TQ\317\340q\377U\210GH$v\267\037aw{y\375\352\225\013"
 11512      71FF5588 
 11512      47482476 
 11512      B71F6177 
 11512      7B79FDEA 
ARM GAS  /tmp/cckyrRJs.s 			page 368


 11513 0c7e 09C0DFA6 		.ascii	"\011\300\337\246\203\367\303]I\004\221\365\266\337S"
 11513      83F7C35D 
 11513      490491F5 
 11513      B6DF53
 11514 0c8d F6B6DFC3 		.ascii	"\366\266\337\303\276T\346\325a\265\023\211F\364\211"
 11514      BE54E6D5 
 11514      61B51389 
 11514      46F489
 11515 0c9c C3181F8D 		.ascii	"\303\030\037\215\355x\237\243a$\324c\263\301#\263\320"
 11515      ED789FA3 
 11515      6124D463 
 11515      B3C123B3 
 11515      D0
 11516 0cad DBDD7777 		.ascii	"\333\335ww\366\234H\022R\357\026E\255\273\222\014L\354"
 11516      F69C4812 
 11516      52EF1645 
 11516      ADBB920C 
 11516      4CEC
 11517 0cbf 559EFD77 		.ascii	"U\236\375w\222\213\337SK^\2549\222\022L$g\275Z\324\220"
 11517      928BDF53 
 11517      4B5EAC39 
 11517      92124C24 
 11517      67BD5AD4 
 11518 0cd4 2A4CC415 		.ascii	"*L\304\025\017\3568\330\356\263\333\316\320#\334\364"
 11518      0FEE38D8 
 11518      EEB3DBCE 
 11518      D023DCF4 
 11519 0ce4 52439A90 		.ascii	"RC\232\220z\240c,\326\201\364\260\004i\311\234*\327"
 11519      7AA0632C 
 11519      D681F4B0 
 11519      0469C99C 
 11519      2AD7
 11520 0cf6 0BFA6702 		.ascii	"\013\372g\0020\020|X\225\363\010\375\220`\256r\245\300"
 11520      30107C58 
 11520      95F308FD 
 11520      9060AE72 
 11520      A5C0
 11521 0d08 AF4CA3B7 		.ascii	"\257L\243\267\023^\000\267r\340\026grd\017\342L\220"
 11521      135E00B7 
 11521      72E01667 
 11521      72640FE2 
 11521      4C90
 11522 0d1a FF87D857 		.ascii	"\377\207\330WI\315y\302k\316\352\303\375\217\310\020"
 11522      49CD79C2 
 11522      6BCEEAC3 
 11522      FD8FC810 
 11523 0d2a 5770A360 		.ascii	"Wp\243`RC\2460\341\351\023\327\243Q8r\025\344R-s\344"
 11523      5243A630 
 11523      E1E913D7 
 11523      A3513872 
 11523      15E4522D 
 11524 0d40 F2873C6F 		.ascii	"\362\207<oBV8\321\353\224se\225\251Q\020E\027\014$9"
 11524      425638D1 
 11524      EB947365 
 11524      95A95110 
 11524      45170C24 
 11525 0d55 4ABDA256 		.ascii	"J\275\242V\346\375/E\257h\1775\326mOv\320\002iYWQ\366"
ARM GAS  /tmp/cckyrRJs.s 			page 369


 11525      E6FD2F45 
 11525      AF687F35 
 11525      D66D4F76 
 11525      D0026959 
 11526 0d6c B4D3298B 		.ascii	"\264\323)\213\272\025\240.m\001\204:\310\245\036s\021"
 11526      BA15A02E 
 11526      6D01843A 
 11526      C8A51E73 
 11526      11
 11527 0d7d 1A35CF85 		.ascii	"\0325\317\205\006\215$\262\357|\036\033\034\340\314"
 11527      068D24B2 
 11527      EF7C1E1B 
 11527      1CE0CC
 11528 0d8c 1A9C7ACD 		.ascii	"\032\234z\315\233\032\234U\011\366\271ml\336\014\274"
 11528      9B1A9C55 
 11528      09F6B96D 
 11528      6CDE0CBC 
 11529 0d9c 8CAADF77 		.ascii	"\214\252\337w$7\250\375\354qP\256\343c\333\3225\331"
 11529      2437A8FD 
 11529      EC7150AE 
 11529      E363DBD2 
 11529      35D9
 11530 0dae 968E76B0 		.ascii	"\226\216v\260\232\243V\215$@KY\270\214G\206\226\271"
 11530      9AA3568D 
 11530      24404B59 
 11530      B88C4786 
 11530      96B9
 11531 0dc0 08D8AFE6 		.ascii	"\010\330\257\346\335k\336\"\267\371\223\200\016oSh\213"
 11531      DD6BDE22 
 11531      B7F99380 
 11531      0E6F5368 
 11531      8B
 11532 0dd1 409BD816 		.ascii	"@\233\330\026`\327-\223*\\c\245\304d\022o5s\241\306"
 11532      60D72D93 
 11532      2A5C63A5 
 11532      C464126F 
 11532      3573A1C6 
 11533 0de5 E529F067 		.ascii	"\345)\360gd\235R\223\251\371\372cnL\351f@\253\344\350"
 11533      649D5293 
 11533      A9F9FA63 
 11533      6E4CE966 
 11533      40ABE4E8 
 11534 0df9 A2F88A2E 		.ascii	"\242\370\212.\357}2o)\241\002\013i\012\346\311\0329"
 11534      EF7D326F 
 11534      29A1020B 
 11534      690AE6C9 
 11534      1A39
 11535 0e0b FAE827D0 		.ascii	"\372\350'\320\240\024;C\201\235.\025\335\323\003\270"
 11535      A0143B43 
 11535      819D2E15 
 11535      DDD303B8 
 11536 0e1b C773D18B 		.ascii	"\307s\321\213A\364\"\005\276Z\203\037\012\322\206\000"
 11536      41F42205 
 11536      BE5A831F 
 11536      0AD28600 
 11537 0e2b 2F16A3BB 		.ascii	"/\026\243\273\271\261\333\301\330=\000]\000\003\000"
 11537      B9B1DBC1 
ARM GAS  /tmp/cckyrRJs.s 			page 370


 11537      D83D005D 
 11537      000300
 11538 0e3a 4300FD00 		.ascii	"C\000\375\000m\000\203\000\235\000\035\000\275\000}"
 11538      6D008300 
 11538      9D001D00 
 11538      BD007D
 11539 0e49 00AD52B7 		.ascii	"\000\255R\267\231};\326\324\354\246\243\225G(\341L\305"
 11539      997D3BD6 
 11539      D4ECA6A3 
 11539      954728E1 
 11539      4CC5
 11540 0e5b 4180750F 		.ascii	"A\200u\017h1Eb\222\024\025\223H\312\347>\205+\231\004"
 11540      68314562 
 11540      92141593 
 11540      48CAE73E 
 11540      852B9904 
 11541 0e6f F8112AE5 		.ascii	"\370\021*\345)a\237(a\237\257R\234\026\364\331g\026"
 11541      29619F28 
 11541      619FAF52 
 11541      9C16F4D9 
 11541      6716
 11542 0e81 8B172AB0 		.ascii	"\213\027*\260\255\373c\347R_\311T) I\351'Hd)P\341\316"
 11542      ADFB63E7 
 11542      525FC954 
 11542      292049E9 
 11542      27486429 
 11543 0e98 5405FFCE 		.ascii	"T\005\377\316x\235\027\255'\255\314\277\205Wn\365\177"
 11543      789D17AD 
 11543      27ADCCBF 
 11543      85576EF5 
 11543      7F
 11544 0ea9 F8D876A1 		.ascii	"\370\330v\241\015\377\257\027\032d\360\220W\261\346"
 11544      0DFFAF17 
 11544      1A64F090 
 11544      57B1E6
 11545 0eb8 4C6630B7 		.ascii	"Lf0\267\274\221\325\237\220\025\374\336\321\227\337"
 11545      BC91D59F 
 11545      9015FCDE 
 11545      D197DF
 11546 0ec7 4454B21E 		.ascii	"DT\262\036\373\027\311\372\015\303v\215r\344\275\273"
 11546      FB17C9FA 
 11546      0DC3768D 
 11546      72E4BDBB 
 11547 0ed7 561D6324 		.ascii	"V\035c$\027\334,\3417\365\032\233\343v\220\314\026u"
 11547      17DC2CE1 
 11547      37F51A9B 
 11547      E37690CC 
 11547      1675
 11548 0ee9 ACDB5D8A 		.ascii	"\254\333]\212\013q\267\307\036\315\366\232\257\201\370"
 11548      0B71B7C7 
 11548      1ECDF69A 
 11548      AF81F8
 11549 0ef8 62A22C72 		.ascii	"b\242,r\344AG\2420q\271\2209\240\034\226\314\002\323"
 11549      E44147A2 
 11549      3071B990 
 11549      39A01C96 
 11549      CC02D3
ARM GAS  /tmp/cckyrRJs.s 			page 371


 11550 0f0b 39593C1E 		.ascii	"9Y<\036*\033ss!\231HT\3243\261\254\234\303\231W\020"
 11550      2A1B7373 
 11550      21994854 
 11550      D433B1AC 
 11550      9CC39957 
 11551 0f20 95DDD54C 		.ascii	"\225\335\325L\312\272\026\0132/X\344A\\s\222{\336\240"
 11551      CABA160B 
 11551      322F58E4 
 11551      415C7392 
 11551      7BDEA0
 11552 0f33 119E3F46 		.ascii	"\021\236?F\337\331-&\011m\030\307\026yx]\266\035^\303"
 11552      DFD92D26 
 11552      096D18C7 
 11552      1679785D 
 11552      B61D5EC3 
 11553 0f47 788F9495 		.ascii	"x\217\224\225\225\271\335\234\321 \001-\253%\263\355"
 11553      95B9DD9C 
 11553      D120012D 
 11553      AB25B3ED 
 11554 0f57 E7AE3BDC 		.ascii	"\347\256;\334]\311+T\3003\255\274\320\341\261m\362\025"
 11554      5DC92B54 
 11554      C033ADBC 
 11554      D0E1B16D 
 11554      F215
 11555 0f69 9BE4610F 		.ascii	"\233\344a\017\231\343zr\202\344\307\215\273\327Zr\216"
 11555      99E37A72 
 11555      82E4C78D 
 11555      BBD75A72 
 11555      8E
 11556 0f7a 89E9BEEE 		.ascii	"\211\351\276\356}\007\2051\326\200\313\272\314\030\227"
 11556      7D078531 
 11556      D680CBBA 
 11556      CC1897
 11557 0f89 3B6D8144 		.ascii	";m\201D1]\244\304\2339\360h\221\265|\0332\3457\305\226"
 11557      315DA4C4 
 11557      9B39F068 
 11557      91B57C1B 
 11557      32E537C5 
 11558 0f9e CFC7     		.ascii	"\317\307"
 11559 0fa0 6334D948 		.ascii	"c4\331H\374t\350\307\033#\011\274?\024J\273\377G\327"
 11559      FC74E8C7 
 11559      1B2309BC 
 11559      3F144ABB 
 11559      FF47D7
 11560 0fb3 D7FD7CC4 		.ascii	"\327\375|\304m\362\323\250\317n\355\312\262~\025\226"
 11560      6DF2D3A8 
 11560      CF6EEDCA 
 11560      B27E1596 
 11561 0fc3 0881310E 		.ascii	"\010\2011\016Y&\315\346\354(\345\335\003y\345Di\235"
 11561      5926CDE6 
 11561      EC28E5DD 
 11561      0379E544 
 11561      699D
 11562 0fd5 13C9B2E9 		.ascii	"\023\311\262\351\255}\231\274\007\\^\375E\310\034\370"
 11562      AD7D99BC 
 11562      075C5EFD 
 11562      45C81CF8 
ARM GAS  /tmp/cckyrRJs.s 			page 372


 11563 0fe5 326FB158 		.ascii	"2o\261XYC\22324@z\327=\331(r\004\310\302\200\373\005"
 11563      59439332 
 11563      34407AD7 
 11563      3DD92872 
 11563      04C8C280 
 11564 0ffb 7C8AF5CE 		.ascii	"|\212\365\316N"
 11564      4E
 11565 1000 08B60E8A 		.ascii	"\010\266\016\212\203\205O3Yd\001C\010\2578\276\015\337"
 11565      83854F33 
 11565      59640143 
 11565      08AF38BE 
 11565      0DDF
 11566 1012 E04D5CA1 		.ascii	"\340M\\\241\016\243\034\210\301&u\344\330\3562\356 "
 11566      0EA31C88 
 11566      C12675E4 
 11566      D8EE32EE 
 11566      20
 11567 1023 8F63ECF7 		.ascii	"\217c\354\367\350(C\360\346\214-c\017\0175\324 \005"
 11567      E82843F0 
 11567      E68C2D63 
 11567      0F0F35D4 
 11567      2005
 11568 1035 6AA00215 		.ascii	"j\240\002\025\304\035\007\224Q\205z\212\211\237f\001"
 11568      C41D0794 
 11568      51857A8A 
 11568      899F6601 
 11569 1045 D84E6970 		.ascii	"\330NipF\351B\2551\001\236\303\0020]\005\204i\3336P"
 11569      46E942AD 
 11569      31019EC3 
 11569      02305D05 
 11569      8469DB36 
 11570 105a 367E3B90 		.ascii	"6~;\220\3536\015f[\234\202z\370\021\004\250s\200\327"
 11570      EB360D66 
 11570      5B9C827A 
 11570      F81104A8 
 11570      7380D7
 11571 106d 00670087 		.ascii	"\000g\000\207\000\247\000'\000\307f\357\337\012\214"
 11571      00A70027 
 11571      00C766EF 
 11571      DF0A8C
 11572 107c 78F2F85F 		.ascii	"x\362\370_\212\231\347Z@\217l\340p)\223\376\012\207"
 11572      8A99E75A 
 11572      408F6CE0 
 11572      702993FE 
 11572      0A87
 11573 108e B5576C58 		.ascii	"\265WlX[\372\020\271\354L\026\321#W\335+\272\235\311"
 11573      5BFA10B9 
 11573      EC4C16D1 
 11573      2357DD2B 
 11573      BA9DC9
 11574 10a1 2B4C0445 		.ascii	"+L\004E\266\266j\3116&2\342\302|\354\311\001\257\013"
 11574      B6B66AC9 
 11574      362632E2 
 11574      C27CECC9 
 11574      01AF0B
 11575 10b4 E1A1A506 		.ascii	"\341\241\245\006r\204\211\330\374\251k\250\267\034\255"
 11575      728489D8 
ARM GAS  /tmp/cckyrRJs.s 			page 373


 11575      FCA96BA8 
 11575      B71CAD
 11576 10c3 B228978E 		.ascii	"\262(\227\216\030?K\007\003D2\024\370,\016\005\032\303"
 11576      183F4B07 
 11576      03443214 
 11576      F82C0E05 
 11576      1AC3
 11577 10d5 E6360CE4 		.ascii	"\3466\014\344\022\221G\322^\373\272\342P\000\306P\366"
 11577      129147D2 
 11577      5EFBBAE2 
 11577      5000C650 
 11577      F6
 11578 10e6 9FB7338F 		.ascii	"\237\2673\217\240\004w\302H\250\312n\344\231`\"8\024"
 11578      A00477C2 
 11578      48A8CA6E 
 11578      E4996022 
 11578      3814
 11579 10f8 B84CAF77 		.ascii	"\270L\257w$n\016\254+\272\222zsg\020\314\263%\207[\244"
 11579      246E0EAC 
 11579      2BBA927A 
 11579      736710CC 
 11579      B325875B 
 11580 110d 3E6330D0 		.ascii	">c0\320\224\352\006=xb\020<\201\2037y,\031\224\311\203"
 11580      94EA063D 
 11580      7862103C 
 11580      81833779 
 11580      2C1994C9 
 11581 1122 1A33B3C6 		.ascii	"\0323\263\306Nb\026\212M3\364\"\317\005\037\"\355\270"
 11581      4E62168A 
 11581      4D33F422 
 11581      CF051F22 
 11581      EDB8
 11582 1134 3E8B3335 		.ascii	">\21335\273\353\030\333\007\215M\266[\330\320\222\241"
 11582      BBEB18DB 
 11582      078D4DB6 
 11582      5BD8D092 
 11582      A1
 11583 1145 89FE3657 		.ascii	"\211\3766W\341\311\363\347\341\266\"\037\014\255\311"
 11583      E1C9F3E7 
 11583      E1B6221F 
 11583      0CADC9
 11584 1154 1396873F 		.ascii	"\023\226\207?\344\341g\316\003\234\355<\301\305\215"
 11584      E4E167CE 
 11584      039CED3C 
 11584      C1C58D
 11585 1163 654299DF 		.ascii	"eB\231\337C&\024S\275\322%\360\276\002\235\273\274S"
 11585      43261453 
 11585      BDD225F0 
 11585      BE029DBB 
 11585      BC53
 11586 1175 C7069B15 		.ascii	"\307\006\233\025\254\346\2669=\001q\334~:q\250\373\264"
 11586      ACE6B639 
 11586      3D0171DC 
 11586      7E3A71A8 
 11586      FBB4
 11587 1187 4D543A91 		.ascii	"MT:\221\016ffa\275\257\304\335\221\364`\"y\240\270\317"
 11587      0E666661 
ARM GAS  /tmp/cckyrRJs.s 			page 374


 11587      BDAFC4DD 
 11587      91F46022 
 11587      79A0B8CF 
 11588 119b 9E0C60A2 		.ascii	"\236\014`\242\256\240\030\252\333\030&\012k\217\002"
 11588      AEA018AA 
 11588      DB18260A 
 11588      6B8F02
 11589 11aa 04328789 		.ascii	"\0042\207\211c\237\222\277&\253\370\375\3408(\233/\333"
 11589      639F92BF 
 11589      26ABF8FD 
 11589      E038289B 
 11589      2FDB
 11590 11bc 34D33079 		.ascii	"4\3230y\231\266\026\256![\354G\343\353\312\213\001\203"
 11590      99B616AE 
 11590      215BEC47 
 11590      E3EBCA8B 
 11590      0183
 11591 11ce 3962B198 		.ascii	"9b\261\230E\373\236\275\357`H\241\213%\327\240]2Q\353"
 11591      45FB9EBD 
 11591      EF6048A1 
 11591      8B25D7A0 
 11591      5D3251EB 
 11592 11e2 0951EC93 		.ascii	"\011Q\354\223\267-\330\301\304\032[V\377)\372\216\004"
 11592      B72DD8C1 
 11592      C41A5B56 
 11592      FF29FA8E 
 11592      04
 11593 11f3 3D4405DD 		.ascii	"=D\005\335\302\274U\"\312\215B\224\031k\346\243\022"
 11593      C2BC5522 
 11593      CA8D4294 
 11593      196BE6A3 
 11593      12
 11594 1204 F4080573 		.ascii	"\364\010\005sy'\333\215v\342\014\210\037\000\005q\253"
 11594      7927DB8D 
 11594      76E20C88 
 11594      1F000571 
 11594      AB
 11595 1215 C2DE228C 		.ascii	"\302\336\"\214\271ON\331\007)\330\327[\241\257J4\015"
 11595      B94F4ED9 
 11595      0729D8D7 
 11595      5BA1AF4A 
 11595      340D
 11596 1227 5560BF6B 		.ascii	"U`\277k%z\3533\013v\240\012o\011\372\254\204y\230m\346"
 11596      257AEB33 
 11596      0B76A00A 
 11596      6F09FAAC 
 11596      8479986D 
 11597 123c F2BA068E 		.ascii	"\362\272\006\216\027\016U\031\373\340\311\274\256%\201"
 11597      170E5519 
 11597      FBE0C9BC 
 11597      AE2581
 11598 124b E3250044 		.ascii	"\343%\000D\003D\001\304\003$\002\304\001\304\000D\002"
 11598      034401C4 
 11598      032402C4 
 11598      01C40044 
 11598      02
 11599 125c C49A1DB3 		.ascii	"\304\232\035\263y\340\262\302\236\354\243cM\216.\374"
ARM GAS  /tmp/cckyrRJs.s 			page 375


 11599      79E0B2C2 
 11599      9EECA363 
 11599      4D8E2EFC 
 11600 126c F6639BEC 		.ascii	"\366c\233\354\205\024.\317\317\236C\325\374\275\277"
 11600      85142ECF 
 11600      CF9E43D5 
 11600      FCBDBF
 11601 127b AC3F952A 		.ascii	"\254?\225*S+\215\360\371\026\372\015\320\263\356;\226"
 11601      532B8DF0 
 11601      F916FA0D 
 11601      D0B3EE3B 
 11601      96
 11602 128c 09B94681 		.ascii	"\011\271F\201\022\003w\343Uf\262\323\211b&[\310 \006"
 11602      120377E3 
 11602      5566B2D3 
 11602      8962265B 
 11602      C82006
 11603 129f 3A371214 		.ascii	":7\022\024\366\277\253\316\373e\022\234\367\333\304"
 11603      F6BFABCE 
 11603      FB65129C 
 11603      F7DBC4
 11604 12ae 0EA7FB44 		.ascii	"\016\247\373Da5\237N\246\241U\\+z\202kE\023\227\015"
 11604      61359F4E 
 11604      A6A1555C 
 11604      2B7A826B 
 11604      4513970D 
 11605 12c2 D74EC497 		.ascii	"\327N\304\227-j\0227\377\353\031\"\030p\246\302\306"
 11605      2D6A1237 
 11605      FFEB1922 
 11605      1870A6C2 
 11605      C6
 11606 12d3 E4600E08 		.ascii	"\344`\016\010\224K\271\347\201\315\362\011\316T\320"
 11606      944BB9E7 
 11606      81CDF209 
 11606      CE54D0
 11607 12e2 076CA6E2 		.ascii	"\007l\246\342\350\237\330w:\213\2673\343\346(\235.\204"
 11607      E89FD877 
 11607      3A8BB733 
 11607      E3E6289D 
 11607      2E84
 11608 12f4 E74236D0 		.ascii	"\347B6\320d\021*`\001y\204R\342w X\232\\}aD\031\273"
 11608      64112A60 
 11608      01798452 
 11608      E2772058 
 11608      9A5C7D61 
 11609 130b 2883A6F3 		.ascii	"(\203\246\363\3018\235\252\202E\\\301B\214\357}\011"
 11609      C1389DAA 
 11609      82455CC1 
 11609      428CEF7D 
 11609      09
 11610 131c C36EBC8F 		.ascii	"\303n\274\217\325M\323\331\335%\343\342D\011]\002N\010"
 11610      D54DD3D9 
 11610      DD25E3E2 
 11610      44095D02 
 11610      4E08
 11611 132e 884B70B2 		.ascii	"\210Kp\262\226\246\004\244)f\322\224Ri\212P\232R&MZ"
 11611      96A604A4 
ARM GAS  /tmp/cckyrRJs.s 			page 376


 11611      2966D294 
 11611      52698A50 
 11611      9A52264D 
 11612 1343 D7EE8D41 		.ascii	"\327\356\215A5\3672\236{2\316\373\234y\274\3705\314"
 11612      35F7329E 
 11612      7B32CEFB 
 11612      9C79BCF8 
 11612      35CC
 11613 1355 FC0B74AC 		.ascii	"\374\013t\254\342\266\260\342\202yw\323\270U\030\025"
 11613      E2B6B0E2 
 11613      827977D3 
 11613      B8551815 
 11614 1365 DCA1C8BB 		.ascii	"\334\241\310\273\034\362~\301\362\256\240y\227a\336"
 11614      1CF27EC1 
 11614      F2AEA079 
 11614      9761DE
 11615 1374 152CEF1A 		.ascii	"\025,\357\032\217\271D\201\0049\276i\351\263\212H\373"
 11615      8FB94481 
 11615      0439BE69 
 11615      E9B38A48 
 11615      FB
 11616 1385 79EB05DB 		.ascii	"y\353\005\333IF\022\201\024\211\331\267\277\253\350"
 11616      49461281 
 11616      1489D9B7 
 11616      BFABE8
 11617 1394 1B5643B1 		.ascii	"\033VC\261\311i\216\374\373\227\034\244\016[#s\330Z"
 11617      C9698EFC 
 11617      FB971CA4 
 11617      0E5B2373 
 11617      D85A
 11618 13a6 C2FBB2E9 		.ascii	"\302\373\262\351y~I\216$\033y{\027\267\026\352H!&.\332"
 11618      797E498E 
 11618      241B797B 
 11618      17B716EA 
 11618      4821262E 
 11619 13bb 6E730452 		.ascii	"ns\004R\205\211\302\363\242\035\2014\277Q\350F\231\000"
 11619      8589C2F3 
 11619      A21D8134 
 11619      BF51E846 
 11619      9900
 11620 13cd DD0B6591 		.ascii	"\335\013e\221\204t\"\305j}J\255N\321So\002\251\345D"
 11620      847422C5 
 11620      6A7D4AAD 
 11620      4ED1536F 
 11620      02A9E544 
 11621 13e1 4533AFC3 		.ascii	"E3\257\303\015R\251\233eR\267\210R\253H\320*c\326:\346"
 11621      0D52A99B 
 11621      6552B788 
 11621      52AB48D0 
 11621      2A63D63A 
 11622 13f6 058DC438 		.ascii	"\005\215\3048Jp\351\327|\240\354S\267\201\004r\"\377"
 11622      4A70E9D7 
 11622      7CA0EC53 
 11622      B7810472 
 11622      22FF
 11623 1408 9AB33C67 		.ascii	"\232\263<g\251\004\355\362f@\224`\371,?\302@\226\034"
 11623      A904EDF2 
ARM GAS  /tmp/cckyrRJs.s 			page 377


 11623      66409460 
 11623      F92C3FC2 
 11623      40961C
 11624 141b 3F6051B8 		.ascii	"?`Q\270\213(\307\207\231\351\036\317\310&R\026\214\257"
 11624      8B28C787 
 11624      99E91ECF 
 11624      C8265216 
 11624      8CAF
 11625 142d DFB9DA1A 		.ascii	"\337\271\332\032\\v\203d\266\210\353\273\257\246\355"
 11625      5C768364 
 11625      B688EBBB 
 11625      AFA6ED
 11626 143c C9EB0FCA 		.ascii	"\311\353\017\312\267\317\006ipB<\014\244\356\220\364"
 11626      B7CF0669 
 11626      70423C0C 
 11626      A4EE90F4 
 11627 144c C13D26CF 		.ascii	"\301=&\317`+\343~\310\330\026\265z^\2036\260\307\327"
 11627      602BE37E 
 11627      C8D816B5 
 11627      7A5E8336 
 11627      B0C7D7
 11628 145f FC5B8D24 		.ascii	"\374[\215$@\317\362\212\251\316\372\252\255\254\206"
 11628      40CFF28A 
 11628      A9CEFAAA 
 11628      ADAC86
 11629 146e 202B5BC4 		.ascii	" +[\304\243\253\231y\032\022\203\304\371u\333\261\032"
 11629      A3AB9979 
 11629      1A1283C4 
 11629      F975DBB1 
 11629      1A
 11630 147f 3E9EA2F5 		.ascii	">\236\242\365\255i8\304\313\221\244\343\217\335MS\177"
 11630      AD6938C4 
 11630      CB91A4E3 
 11630      8FDD4D53 
 11630      7F
 11631 1490 8353B83F 		.ascii	"\203S\270?UG\321\270\326\320\273\244\221\367+h\267\251"
 11631      5547D1B8 
 11631      D6D0BBA4 
 11631      91F72B68 
 11631      B7A9
 11632 14a2 ABC87EA6 		.ascii	"\253\310~\246\362l\304\315\224\371\025\326s\252\007"
 11632      F26CC4CD 
 11632      94F915D6 
 11632      73AA07
 11633 14b1 E225F5DE 		.ascii	"\342%\365\336\002[\216*\024\327\225\301)\205\006\025"
 11633      025B8E2A 
 11633      14D795C1 
 11633      29850615 
 11634 14c1 024BCFAC 		.ascii	"\002K\317\2547\217\257q\203\007\261\341\320\222j\243"
 11634      378FAF71 
 11634      8307B1E1 
 11634      D0926AA3 
 11635 14d1 CBD8A788 		.ascii	"\313\330\247\210k\334\303\004G$\024_e\215{\260X\224"
 11635      6BDCC304 
 11635      4724145F 
 11635      658D7BB0 
 11635      5894
ARM GAS  /tmp/cckyrRJs.s 			page 378


 11636 14e3 05AAB5F0 		.ascii	"\005\252\265\360R!\213b}~0W\344>\000\334{\211\015\356"
 11636      52218B62 
 11636      7D7E3057 
 11636      E43E00DC 
 11636      7B890DEE 
 11637 14f7 BF6C46DE 		.ascii	"\277lF\336\311%8\321\326\003\270\235\266p\267,\234w"
 11637      C92538D1 
 11637      D603B89D 
 11637      B670B72C 
 11637      9C77
 11638 1509 8AB89AD4 		.ascii	"\212\270\232\324\214u*\222Xz\"\275%\004\273\320\343"
 11638      8C752A92 
 11638      587A22BD 
 11638      2504BBD0 
 11638      E3
 11639 151a 1034C738 		.ascii	"\0204\3078\272\245\013=\243\260\272L\323J\005\177K\307"
 11639      BAA50B3D 
 11639      A3B0BA4C 
 11639      D34A057F 
 11639      4BC7
 11640 152c 48D60118 		.ascii	"H\326\001\030\005\017\240},a\204SP\267\230\206\006~"
 11640      050FA07D 
 11640      2C618453 
 11640      50B79886 
 11640      067E
 11641 153e 16600E60 		.ascii	"\026`\016`\012`\022`\002`\036`\006`\021`\301\334\001"
 11641      0A601260 
 11641      02601E60 
 11641      06601160 
 11641      C1DC01
 11642 1551 382B6848 		.ascii	"8+hHux\374/\3155\254\357*\331^\032m\226e\352\254\260"
 11642      7578FC2F 
 11642      CD35ACEF 
 11642      2AD95E1A 
 11642      6D9665EA 
 11643 1567 68433F00 		.ascii	"hC?\000w-\273\367\357\260\031zF#\340pT\230^\265\005"
 11643      772DBBF7 
 11643      EFB0197A 
 11643      4623E070 
 11643      54985EB5 
 11644 157c 7BC55BB0 		.ascii	"{\305[\260Ul?7\275\373\357\371\356\221w \331\177\333"
 11644      556C3F37 
 11644      BDFBEFF9 
 11644      EE917720 
 11644      D97FDB
 11645 158f D2C89BCF 		.ascii	"\322\310\233\317e\272\0009v8y\252\265n\302\326A\273"
 11645      65BA0039 
 11645      763879AA 
 11645      B56EC2D6 
 11645      41BB
 11646 15a1 35D6846D 		.ascii	"5\326\204m\320&\354\0256a\033\254\011\273\275\331Lr"
 11646      D026EC15 
 11646      36611BAC 
 11646      09BBBDD9 
 11646      4C72
 11647 15b3 54CD7C93 		.ascii	"T\315|\223g>\203\2659\365\260\344\210\257\177~\214\032"
 11647      673E83B5 
ARM GAS  /tmp/cckyrRJs.s 			page 379


 11647      39F5B0E4 
 11647      88AF7F7E 
 11647      8C1A
 11648 15c5 F2A4B981 		.ascii	"\362\244\271\201\367\373\273i\346\233\343W[\256\326"
 11648      F7FBBB69 
 11648      E69BE357 
 11648      5BAED6
 11649 15d4 996F43E6 		.ascii	"\231oC\346[,\363\035\232\371&f\276\3032\357\353\334"
 11649      5B2CF31D 
 11649      9AF92666 
 11649      BEC332EF 
 11649      EBDC
 11650 15e6 8C27C8CF 		.ascii	"\214'\310\317\010\311=\177\367\033\007UY\366\270,\273"
 11650      08C93D7F 
 11650      F71B0755 
 11650      59F6B82C 
 11650      BB
 11651 15f7 6888BCD7 		.ascii	"h\210\274\327\301\342d\0155\351\313\211\276t\336\226"
 11651      C1E2640D 
 11651      35E9CB89 
 11651      BE74DE96 
 11652 1607 2F335197 		.ascii	"/3Q\227\016\366u\326\262\034\200,\373L\226C*\313\036"
 11652      0EF675D6 
 11652      B21C802C 
 11652      FB4C9643 
 11652      2ACB1E
 11653 161a CA72C864 		.ascii	"\312r\310d\231\312\253{\340\013\241o\321Ql@P\204QU\226"
 11653      99CAAB7B 
 11653      E00BA16F 
 11653      D1516C40 
 11653      50845155 
 11654 162f 632ECB11 		.ascii	"c.\313\021\312\022\035\020z\244\267\316L\334=b'\234"
 11654      CA121D10 
 11654      7AA4B7CE 
 11654      4CDC3D62 
 11654      279C
 11655 1641 D0CC8E31 		.ascii	"\320\314\2161\263\023\226YH\345\334\255+\331\305\310"
 11655      B3139659 
 11655      48E5DCAD 
 11655      2BD9C5C8 
 11656 1651 F7D05796 		.ascii	"\367\320W\226ho\273Syj\243Sy\306:\225n7\036\377\006"
 11656      686FBB53 
 11656      796AA353 
 11656      79C63A95 
 11656      6E371EFF 
 11657 1666 A5A50BD3 		.ascii	"\245\245\013\323\223\011Y\001\366\252\322\236si_\243"
 11657      93095901 
 11657      F6AAD29E 
 11657      73695FA3 
 11658 1676 B4BE7505 		.ascii	"\264\276u\005U|[\035\225\24529\255\223oY\010\245\245"
 11658      557C5B1D 
 11658      95A53239 
 11658      AD936F59 
 11658      08A5A5
 11659 1689 385F5B9C 		.ascii	"8_[\234jo\255\314%X\356\202Y\356\212*s\216\312\\1e&"
 11659      6A6FADCC 
 11659      2558EE82 
ARM GAS  /tmp/cckyrRJs.s 			page 380


 11659      59EE8A2A 
 11659      738ECA5C 
 11660 16a0 17325239 		.ascii	"\0272R9?{:\315\221u\356\255\356\3167\\\226k\224\245"
 11660      3F7B3ACD 
 11660      9175EEAD 
 11660      EECE375C 
 11660      966B94A5 
 11661 16b4 7A282E46 		.ascii	"z(.F\207\264\272\030\313\242\361\023\\4^\270\231\237"
 11661      87B4BA18 
 11661      CBA2F113 
 11661      5C345EB8 
 11661      999F
 11662 16c6 24D6A2DC 		.ascii	"$\326\242\334\201(\267L\224{*\312\015\212r\317D\351"
 11662      8128B74C 
 11662      947B2ACA 
 11662      0D8A72CF 
 11662      44E9
 11663 16d8 9CECEC55 		.ascii	"\234\354\354U\367\346\007\236w\026\346\375\262\253\352"
 11663      F7E6079E 
 11663      7716E6FD 
 11663      B2ABEA
 11664 16e7 CC68CDDD 		.ascii	"\314h\315\335\202m\322>B\022\374N\2734\017\233\011\256"
 11664      826DD23E 
 11664      4212FC4E 
 11664      BB340F9B 
 11664      09AE
 11665 16f9 BCFDA296 		.ascii	"\274\375\242\226\252=5U8\223\327X\212\355gK\331N\344"
 11665      AA3D3555 
 11665      3893D758 
 11665      8AED674B 
 11665      D94EE4
 11666 170c 1613278B 		.ascii	"\026\023'\213\271\371z\342\206\023\"Y\336\023\233.\304"
 11666      B9F97AE2 
 11666      86132259 
 11666      DE139B2E 
 11666      C4
 11667 171d 071393C7 		.ascii	"\007\023\223\307\375U\344I\270U\367\311K\013=6\355\023"
 11667      FD55E449 
 11667      B855F7C9 
 11667      4B0B3D36 
 11667      ED13
 11668 172f 49E725FF 		.ascii	"I\347%\377\376\254\327\225D \321\320\313\2369\007\005"
 11668      FEACD795 
 11668      4420D1D0 
 11668      CB9E3907 
 11668      05
 11669 1740 918F8268 		.ascii	"\221\217\202h?&\"Z6)\344\253\225\316\031\370i\261\307"
 11669      3F26225A 
 11669      3629E4AB 
 11669      95CE19F8 
 11669      69B1C7
 11670 1753 4306728E 		.ascii	"C\006r\216#\264\252K|v\202\277\026#`\240\366\271\020"
 11670      23B4AA4B 
 11670      7C7682BF 
 11670      162360A0 
 11670      F6B910
 11671 1766 A0954C93 		.ascii	"\240\225L\223\014\365\333\027e\004\343\0062\272\206"
ARM GAS  /tmp/cckyrRJs.s 			page 381


 11671      0CF5DB17 
 11671      6504E306 
 11671      32BA86
 11672 1775 E1092250 		.ascii	"\341\011\"P\3447\354\360\212\347k\030\2209\233\205\266"
 11672      E437ECF0 
 11672      8AE76B18 
 11672      90399B85 
 11672      B6
 11673 1786 81CEA731 		.ascii	"\201\316\2471\012[\343z\215d\034UNw\233\350s&3\230X"
 11673      0A5BE37A 
 11673      8D641C55 
 11673      4E779BE8 
 11673      73263398 
 11674 179b BA598406 		.ascii	"\272Y\204\006b\021\023\221\321\323\371\256\344\025&"
 11674      62111391 
 11674      D1D3F9AE 
 11674      E41526
 11675 17aa D2F6CF06 		.ascii	"\322\366\317\006\024\275G!\024\304\012\323J\373\202"
 11675      14BD4721 
 11675      14C40AD3 
 11675      4AFB82
 11676 17b9 C3F9E909 		.ascii	"\303\371\351\011N\344\020\211|\374\253g\2253\357\341"
 11676      4EE41089 
 11676      7CFCAB67 
 11676      9533EFE1 
 11677 17c9 0AA2467F 		.ascii	"\012\242F\177S\261\314"
 11677      53B1CC
 11678 17d0 9C1132D9 		.ascii	"\234\0212\331#Es\346MMF\350-\323T\203\011\222U\236`"
 11678      234573E6 
 11678      4D4D46E8 
 11678      2DD35483 
 11678      0992559E 
 11679 17e5 E01AAD62 		.ascii	"\340\032\255b!\025\353Gs\353\307\200\365\243\244\326"
 11679      2115EB47 
 11679      73EBC780 
 11679      F5A3A4D6 
 11680 17f5 EF14D783 		.ascii	"\357\024\327\203 g!\3046c\264%\331\362\177y\007\275"
 11680      206721C4 
 11680      3663B425 
 11680      D9F27F79 
 11680      07BD
 11681 1807 A327CFF9 		.ascii	"\243'\317\371\324S\274\001W\035\251\365=\2002\016\034"
 11681      D453BC01 
 11681      571DA9F5 
 11681      3D80320E 
 11681      1C
 11682 1818 C3C6AA63 		.ascii	"\303\306\252c\270-\211\230w\306\241\243\011\261 T\274"
 11682      B82D8998 
 11682      77C6A1A3 
 11682      09B12054 
 11682      BC
 11683 1829 5632AB35 		.ascii	"V2\2535\372\0149SY\202\3249\323\276c\361\356\234\323"
 11683      FA0C3953 
 11683      5982D439 
 11683      D3BE63F1 
 11683      EE9CD3
 11684 183c 13DB59F8 		.ascii	"\023\333Y\370\330\316\202\266\216\311\235\333N\344\016"
ARM GAS  /tmp/cckyrRJs.s 			page 382


 11684      D8CE82B6 
 11684      8EC99DDB 
 11684      4EE40E
 11685 184b 4BAEB638 		.ascii	"K\256\2668j\022\267iP\333\3426\215\221\234\360\014\015"
 11685      6A12B769 
 11685      50DBE236 
 11685      8D919CF0 
 11685      0C0D
 11686 185d 7BF69E41 		.ascii	"{\366\236AH\322\262gm\341\303i\0063^2>L}\335\355O\244"
 11686      48D2B267 
 11686      6DE1C369 
 11686      06335E32 
 11686      3E4C7DDD 
 11687 1874 FB397EE0 		.ascii	"\3739~\340$\351\240\244j\337\262\023R\264|?G\345p\342"
 11687      24E9A0A4 
 11687      6ADFB213 
 11687      52B47C3F 
 11687      47E570E2 
 11688 1888 53D91C81 		.ascii	"S\331\034\201V\272\235#Mk\331\223\321xS0\240!\336F&"
 11688      56BA9D23 
 11688      4D6BD993 
 11688      D1785330 
 11688      A021DE46 
 11689 189d 5FE9D890 		.ascii	"_\351\330\220\267Q\215NH\007%\245\244\271%\305SF\022"
 11689      B7518D4E 
 11689      480725A5 
 11689      A4B925C5 
 11689      534612
 11690 18b0 89A40517 		.ascii	"\211\244\005\027\236\225\256$\026\023\327\021\265\225"
 11690      9E95AE24 
 11690      1613D711 
 11690      B595
 11691 18be 46928C89 		.ascii	"F\222\214\211\333\254\241iG\222\211\211\265\323\302"
 11691      DBACA169 
 11691      47928989 
 11691      B5D3C2
 11692 18cd 335785EF 		.ascii	"3W\205\357\346\000\347\\\231\357\266\334\315$\032H\021"
 11692      E600E75C 
 11692      99EFB6DC 
 11692      CD241A48 
 11692      11
 11693 18de 12B554AC 		.ascii	"\022\265T\254\027+w\313\344)\210^\270\025\316\311F\232"
 11693      172B77CB 
 11693      E429885E 
 11693      B815CEC9 
 11693      469A
 11694 18f0 F932072B 		.ascii	"\3712\007+\340\016\257\355\353\254_s\244\016/N\314\036"
 11694      E00EAFED 
 11694      EBAC5F73 
 11694      A40E2F4E 
 11694      CC1E
 11695 1902 D8DF9EE1 		.ascii	"\330\337\236\34166\272\226\237\005\214\213\264\266\273"
 11695      3636BA96 
 11695      9F058C8B 
 11695      B4B6BB
 11696 1911 D0329F77 		.ascii	"\3202\237w\323>c\375H&\177\021w\373b(\376B\200\022\251"
 11696      D33E63FD 
ARM GAS  /tmp/cckyrRJs.s 			page 383


 11696      48267F11 
 11696      77FB6228 
 11696      FE428012 
 11697 1926 974DC638 		.ascii	"\227M\3068X\226\315\2639\266\352\262\371y\216\003v]"
 11697      5896CDB3 
 11697      39B6EAB2 
 11697      F9798E03 
 11697      765D
 11698 1938 0B78D0B1 		.ascii	"\013x\320\261%\215\270pZ\365\"x^\367\330\266\\y\352"
 11698      258DB870 
 11698      5AF52278 
 11698      5EF7D8B6 
 11698      5C79EA
 11699 194b 728119C6 		.ascii	"r\201\031\306;\207\307\365\202d\035\246\337\276/c\320"
 11699      3B87C7F5 
 11699      82641DA6 
 11699      DFBE2F63 
 11699      D0
 11700 195c C4A26302 		.ascii	"\304\242c\0028\263;PW(\345\224\254i\354\274\203Z\225"
 11700      38B33B50 
 11700      5728E594 
 11700      AC69ECBC 
 11700      835A95
 11701 196f 025626C7 		.ascii	"\002V&\307\0263\2671R\021'M3@\255D\216\376A\023rb\347"
 11701      1633B731 
 11701      5211274D 
 11701      3340AD44 
 11701      8EFE4113 
 11702 1986 8F05C50A 		.ascii	"\217\005\305\012\256K9\350Q\006\360\302\\\315Z\242\207"
 11702      AE4B39E8 
 11702      5106F0C2 
 11702      5CCD5AA2 
 11702      87
 11703 1997 3EFED836 		.ascii	">\376\3306a\370\033\011g|\275\333d;\217*eBU1\237\241"
 11703      61F81B09 
 11703      677CBDDB 
 11703      643B8F2A 
 11703      65425531 
 11704 19ad 1F7472EF 		.ascii	"\037tr\357jqK\275y\256\326b\363|\213\315\363r\\f4\357"
 11704      6A714BBD 
 11704      79AED662 
 11704      F37C8BCD 
 11704      F3725C66 
 11705 19c3 1A38C458 		.ascii	"\0328\304X\366\236=\301\275g\013\305\203\013\212^J-"
 11705      F69E3DC1 
 11705      BD670BC5 
 11705      830B8A5E 
 11705      4A2D
 11706 19d5 98AE464B 		.ascii	"\230\256FKy\275\244\2157e\210\337i\203:\220w\253%\313"
 11706      79BDA48D 
 11706      376588DF 
 11706      69833A90 
 11706      77AB25CB 
 11707 19e9 5821CEBD 		.ascii	"X!\316\275\207.U\346\361\352\264\312.W\275\226v\271"
 11707      872E55E6 
 11707      F1EAB4CA 
 11707      2E57BD96 
ARM GAS  /tmp/cckyrRJs.s 			page 384


 11707      76B9
 11708 19fb 8AD72A7F 		.ascii	"\212\327*\177\264\",\011\364h\204 \314|W\260\243\377"
 11708      B4222C09 
 11708      F4688420 
 11708      CC7C57B0 
 11708      A3FF
 11709 1a0d E87F589F 		.ascii	"\350\177X\237\350\247@\277Sx\020\377\004\372\307\360"
 11709      E8A740BF 
 11709      537810FF 
 11709      04FAC7F0 
 11710 1a1d 341C9D22 		.ascii	"4\034\235\"\3403\374\020\377\303g\032\316E<\200! \015"
 11710      E033FC10 
 11710      FFC3671A 
 11710      CE453C80 
 11710      21200D
 11711 1a30 72674909 		.ascii	"rgI\011k\374]\340\277\213L\220@\234I\021\011\371#\015"
 11711      6BFC5DE0 
 11711      BF8B4C90 
 11711      409C4911 
 11711      09F9230D 
 11712 1a44 CF4E4A21 		.ascii	"\317NJ!($\2660\26433\345\302\330\361\357`\221\2012o"
 11712      2824B630 
 11712      B43333E5 
 11712      C2D8F1EF 
 11712      60918132 
 11713 1a59 5FFB5561 		.ascii	"_\373Ua\331\015Ja\370\246\357\377yW\370H\350'\355\260"
 11713      D90D4A61 
 11713      F8A6EFFF 
 11713      7957F848 
 11713      E827EDB0 
 11714 1a6d CB92F372 		.ascii	"\313\222\363r\305\231\270;\341\002CcN\206\376\323\251"
 11714      C599B83B 
 11714      E1024363 
 11714      4E86FED3 
 11714      A9
 11715 1a7e A6E66553 		.ascii	"\246\346eS\363\246\237\303L\206\017t!\204o\260\375\304"
 11715      F3A69FC3 
 11715      4C860F74 
 11715      21846FB0 
 11715      FDC4
 11716 1a90 4D606F1E 		.ascii	"M`o\036\201\350w;\241Q\273*\010\015\332\025\341i\346"
 11716      81E8773B 
 11716      A151BB2A 
 11716      080DDA15 
 11716      E169E6
 11717 1aa3 7FB5139A 		.ascii	"\177\265\023\232\265\237\246\235\363\341\304yW\022\351"
 11717      B59FA69D 
 11717      F3E1C479 
 11717      5712E9
 11718 1ab2 A4B6557A 		.ascii	"\244\266Uz\241\252/\307\231=\242[J[1\336'N\226\364:"
 11718      A1AA2FC7 
 11718      993DA25B 
 11718      4A5B31DE 
 11718      274E96F4 
 11719 1ac7 AAEEDF6B 		.ascii	"\252\356\337k\247\361\276M\214\367a\213\0259\316\\\302"
 11719      A7F1BE4D 
 11719      8CF7618B 
ARM GAS  /tmp/cckyrRJs.s 			page 385


 11719      1539CE5C 
 11719      C2
 11720 1ad8 513AEDED 		.ascii	"Q:\355\355\016T\032\212$\264H\004l\221\013\330\000\002"
 11720      0E541A8A 
 11720      24B44804 
 11720      6C910BD8 
 11720      0002
 11721 1aea 76300163 		.ascii	"v0\001c\313N\312\235I\002\012\030\371\340\361 pf;Oe"
 11721      CB4ECA9D 
 11721      49020A18 
 11721      F9E0F120 
 11721      70663B4F 
 11722 1aff CC3A25CC 		.ascii	"\314:%\314:\345\314\226\201Y\027cV\264\343\036\340@"
 11722      3AE5CC96 
 11722      81591763 
 11722      56B4E31E 
 11722      E040
 11723 1b11 D29059CD 		.ascii	"\322\220Y\315\320\372\203\021\230-C\2708\014rh\330\334"
 11723      D0FA8311 
 11723      982D43B8 
 11723      380C7268 
 11723      D8DC
 11724 1b23 32F91AD8 		.ascii	"2\371\032\330\006o\241[\302\254[\213\007Z\204\036\306"
 11724      066FA15B 
 11724      C2AC5B8B 
 11724      075A841E 
 11724      C6
 11725 1b34 62C8AFB5 		.ascii	"b\310\257\265^K\346\220\305\376\332\356\240\226\312"
 11725      5E4BE690 
 11725      C5FEDAEE 
 11725      A096CA
 11726 1b43 B3C2CC5F 		.ascii	"\263\302\314_\033\342m1\177\257\204G\257\\\240W\337"
 11726      1BE26D31 
 11726      7FAF8447 
 11726      AF5CA057 
 11726      DF
 11727 1b54 B613FA18 		.ascii	"\266\023\372\030\267\335\354\332\007g\262\216\334<\033"
 11727      B7DDECDA 
 11727      0767B28E 
 11727      DC3C1B
 11728 1b63 7CBEC599 		.ascii	"|\276\305\231\265\376\216Y9\312\253_\302\253_\316k\354"
 11728      B5FE8E59 
 11728      39CAAB5F 
 11728      C2AB5FCE 
 11728      6BEC
 11729 1b75 7B76C200 		.ascii	"{v\302\000\343\025\270[\356\351D\366\221\327m\324j\225"
 11729      E315B85B 
 11729      EEE944F6 
 11729      91D76DD4 
 11729      6A95
 11730 1b87 B3A261A2 		.ascii	"\263\242a\242\333\355\207d\015Sb]^\200l*oH\026d\206"
 11730      DBED8764 
 11730      0D53625D 
 11730      5E806C2A 
 11730      6F481664 
 11731 1b9c 79C324D4 		.ascii	"y\303$\324T\006\307\2710?\200G\3347L\021\031\036\032"
 11731      5406C7B9 
ARM GAS  /tmp/cckyrRJs.s 			page 386


 11731      303F8047 
 11731      DC374C11 
 11731      191E1A
 11732 1baf 553718A5 		.ascii	"U7\030\245n0\"\272\301\325\\\365\232\350\006\235\265"
 11732      6E3022BA 
 11732      C1D55CF5 
 11732      9AE8069D 
 11732      B5
 11733 1bc0 6FA77998 		.ascii	"o\247y\230r\201\354\223\024K\030\224h7(\327.\375O\355"
 11733      7281EC93 
 11733      144B1894 
 11733      683728D7 
 11733      2EFD4FED 
 11734 1bd4 8431A65D 		.ascii	"\2041\246]\370EJ\243\206\\\241v\015\205c?\340\314Z\277"
 11734      F8454AA3 
 11734      865CA176 
 11734      0D85633F 
 11734      E0CC5ABF 
 11735 1be8 66B614E5 		.ascii	"f\266\024\3455.\3415.\347\345\007\274&\030\257\265\206"
 11735      352EE135 
 11735      2EE7E507 
 11735      BC2618AF 
 11735      B586
 11736 1bfa FB5D27E2 		.ascii	"\373]'\342\355\214\023o\201\207\307\006\022\213\211"
 11736      ED8C136F 
 11736      8187C706 
 11736      128B89
 11737 1c09 9E217F0F 		.ascii	"\236!\177\017T\323\337\334\015j\034\330p3\250\2529C"
 11737      54D3DFDC 
 11737      0D6A1CD8 
 11737      7033A8AA 
 11737      3943
 11738 1c1b D59C16D5 		.ascii	"\325\234\026\325,I\355\257\261\247>\265Lw\224;\241h"
 11738      2C49EDAF 
 11738      B1A73EB5 
 11738      4C77943B 
 11738      A168
 11739 1c2d 6E1A8A25 		.ascii	"n\032\212%L\231E\023f\265\237\246I\251t/\277\367\317"
 11739      4C994513 
 11739      66B59FA6 
 11739      49A9742F 
 11739      BFF7CF
 11740 1c40 CB7F9EE6 		.ascii	"\313\177\236\346?'\346\237\235\376*\307\310-3\354\246"
 11740      3F27E69F 
 11740      9DFE2AC7 
 11740      C82D33EC 
 11740      A6
 11741 1c51 A136FE0A 		.ascii	"\2416\376\012E\021&\345\231O\3122\207\207\013\3140A"
 11741      451126E5 
 11741      994FCA32 
 11741      87870BCC 
 11741      3041
 11742 1c63 6533DF26 		.ascii	"e3\337&\031\352\246\360\213?\254\327\232\237-a4\230"
 11742      19EAA6F0 
 11742      8B3FACD7 
 11742      9A9F2D61 
 11742      3498
ARM GAS  /tmp/cckyrRJs.s 			page 387


 11743 1c75 0DEE9B56 		.ascii	"\015\356\233V\227o\205\312\267,\312\227w7\025\342\300"
 11743      976F85CA 
 11743      B72CCA97 
 11743      773715E2 
 11743      C0
 11744 1c86 EDC33629 		.ascii	"\355\3036)b\311\001\222\260()\271E\271m\334\240\002"
 11744      62C90192 
 11744      B02829B9 
 11744      45B96DDC 
 11744      A002
 11745 1c98 AF320107 		.ascii	"\2572\001\007/\335\213]H!J8\333\354\221\204\341\212"
 11745      2FDD8B5D 
 11745      48214A38 
 11745      DBEC9184 
 11745      E18A
 11746 1caa 2E2EA384 		.ascii	"..\243\204\036\233\267\035\312a\013\235|Z\227\371}\363"
 11746      1E9BB71D 
 11746      CA610B9D 
 11746      7C5A97F9 
 11746      7DF3
 11747 1cbc E9659A6C 		.ascii	"\351e\232l\022}]\346\367\033\242\337Wo\027E\350Y\036"
 11747      127D5DE6 
 11747      F71BA2DF 
 11747      576F1745 
 11747      E8591E
 11748 1ccf F0485843 		.ascii	"\360HXC\215\017}\007\217\324\035\177\213j\274)j|\237"
 11748      8D0F7D07 
 11748      8FD41D7F 
 11748      8B6ABC29 
 11748      6A7C9F
 11749 1ce2 34D92F46 		.ascii	"4\331/F\350\215\002\213\343\003\226\360J\242\362+\271"
 11749      E88D028B 
 11749      E30396F0 
 11749      4AA2F22B 
 11749      B9
 11750 1cf3 CA8BE0AC 		.ascii	"\312\213\340\254\333L\345\371\365\266`\027R\201*\037"
 11750      DB4CE5F9 
 11750      F5B66017 
 11750      52812A1F 
 11751 1d03 782F7669 		.ascii	"x/viE\317\377\262\331~\224\331\216\204\331\216\234Y"
 11751      45CFFFB2 
 11751      D97E94D9 
 11751      8E84D98E 
 11751      9C59
 11752 1d15 1D30DB65 		.ascii	"\0350\333e\314v|7\303\365\244\036\231E\245\267\217\353"
 11752      CC767C37 
 11752      C3F5A41E 
 11752      9945A5B7 
 11752      8FEB
 11753 1d27 55D5D8A7 		.ascii	"U\325\330\247j\374\015\327\342r\255\261\326\300\313"
 11753      6AFC0DD7 
 11753      E272ADB1 
 11753      D6C0CB
 11754 1d36 EDBCDEC9 		.ascii	"\355\274\336\311\2341 \011{\222\214\367\254\012\016"
 11754      9C312009 
 11754      7B928CF7 
 11754      AC0A0E
ARM GAS  /tmp/cckyrRJs.s 			page 388


 11755 1d45 323E6019 		.ascii	"2>`\031\217\231Fr\214\244\0073\336X\014\236\263gF\245"
 11755      8F994672 
 11755      8CA40733 
 11755      DE580C9E 
 11755      B36746A5 
 11756 1d59 33A05870 		.ascii	"3\240Xp\3411\245\341\2621\004\375\311\"\3151\225\346"
 11756      E131A5E1 
 11756      B23104FD 
 11756      C922CD31 
 11756      95E6
 11757 1d6b 48346A45 		.ascii	"H4jE\354\205\227\023\210sD\215\332\363\304lT\300\022"
 11757      EC859713 
 11757      8873448D 
 11757      DAF3C46C 
 11757      54C012
 11758 1d7e 0E25E21C 		.ascii	"\016%\342\034\312\305\271\203Xy\302\304\031Y<\362r&"
 11758      CAC5B983 
 11758      5879C2C4 
 11758      19593CF2 
 11758      7226
 11759 1d90 6328CEAB 		.ascii	"c(\316\253\272\227\255\002\347\326\373\236\271\316R"
 11759      BA97AD02 
 11759      E7D6FB9E 
 11759      B9CE52
 11760 1d9f 66A7966A 		.ascii	"f\247\226js\006\325\346T\316/\341{\3541\260H\230\257"
 11760      7306D5E6 
 11760      54CE2FE1 
 11760      7BEC31B0 
 11760      4898AF
 11761 1db2 BFD29255 		.ascii	"\277\322\222U\344\367\272%q\230N\346\351pS7\355cM\306"
 11761      E4F7BA25 
 11761      71984EE6 
 11761      E9705337 
 11761      ED634DC6 
 11762 1dc6 74FD6FF8 		.ascii	"t\375o\370\204*\370\267t\"\343\352\250BK\366\220b8|"
 11762      842AF8B7 
 11762      7422E3EA 
 11762      A8424BF6 
 11762      9062387C 
 11763 1dda E3462BE9 		.ascii	"\343F+\351\276IzM\227ZFF{M\027\320\011;\327\262.\334"
 11763      BE497A4D 
 11763      975A4646 
 11763      7B4D17D0 
 11763      093BD7B2 
 11764 1df0 7C4F53AA 		.ascii	"|OS\252Qj\255+\255\324Z\327\322\262\033:\034<q\342e"
 11764      516AAD2B 
 11764      ADD45AD7 
 11764      D2B21B3A 
 11764      1C3C71E2 
 11765 1e05 773FF308 		.ascii	"w?\363\010\215\025\232\252\243X\302k\213\2027\240\340"
 11765      8D159AAA 
 11765      A358C26B 
 11765      8B8237A0 
 11765      E0
 11766 1e16 6BB982AB 		.ascii	"k\271\202\253\337e\217\201\311xe\314\244\216\234\251"
 11766      DF658F81 
 11766      C97865CC 
ARM GAS  /tmp/cckyrRJs.s 			page 389


 11766      A48E9CA9 
 11767 1e26 975FEC7E 		.ascii	"\227_\354~\322\216Q\325\231\356\251@wb\361\245G\005"
 11767      D28E51D5 
 11767      99EEA940 
 11767      7762F1A5 
 11767      4705
 11768 1e38 36112E51 		.ascii	"6\021.Q\347\202\305\233\000K\270\225\024\337\255\\\232"
 11768      E782C59B 
 11768      004BB895 
 11768      14DFAD5C 
 11768      9A
 11769 1e49 0090E681 		.ascii	"\000\220\346\201I\343Y\224{\357BL.\270\225\342tlK\313"
 11769      49E35994 
 11769      7BEF424C 
 11769      2EB895E2 
 11769      746C4BCB 
 11770 1e5d B95D7F57 		.ascii	"\271]\177W\306\314doa\006\337\245\314\232\377\004F#"
 11770      C6CC646F 
 11770      6106DFA5 
 11770      CC9AFF04 
 11770      4623
 11771 1e6f F69459B3 		.ascii	"\366\224Y\263\327\365\211@\002\221Ys`\307\357p^\263"
 11771      D7F58940 
 11771      02915973 
 11771      60C7EF70 
 11771      5EB3
 11772 1e81 3F92F172 		.ascii	"?\222\361r\227\360r\227\363*\377\016\204 \306\353\302"
 11772      97F07297 
 11772      F32AFF0E 
 11772      8420C6EB 
 11772      C2
 11773 1e92 F3781E1A 		.ascii	"\363x\036\032\023\344Ut\0234\343L\3621\341\223>\024"
 11773      13E45574 
 11773      1334E34C 
 11773      F231E193 
 11773      3E14
 11774 1ea4 6496F227 		.ascii	"d\226\362'f'\243\025\310\313\314Y\360\266\3774M\312"
 11774      6627A315 
 11774      C8CBCC59 
 11774      F0B6FF34 
 11774      4DCA
 11775 1eb6 B4FECE07 		.ascii	"\264\376\316\007\327U\037{Iy\217\217\0047\011\326m\000"
 11775      D7551F7B 
 11775      49798F8F 
 11775      043709D6 
 11775      6D00
 11776 1ec8 60089EF2 		.ascii	"`\010\236\362|<\355\255\332\000_\246B\\\177_\004!\225"
 11776      7C3CEDAD 
 11776      DA005FA6 
 11776      425C7F5F 
 11776      042195
 11777 1edb 2EB643C4 		.ascii	".\266C\304\373R7\363\227f[\237\356qG\263]\206\356K\347"
 11777      FB5237F3 
 11777      97665B9F 
 11777      EE7147B3 
 11777      5D86EE4B 
 11778 1ef0 9DC16C3B 		.ascii	"\235\301l;@\022\374$\266\363\223\253W\015}\241\000\226"
ARM GAS  /tmp/cckyrRJs.s 			page 390


 11778      4012FC24 
 11778      B6F393AB 
 11778      570D7DA1 
 11778      0096
 11779 1f02 71CDFE9A 		.ascii	"q\315\376\232\247\216\274\304\214c\202\012^\311\006"
 11779      A78EBCC4 
 11779      8C63820A 
 11779      5EC906
 11780 1f11 3FF229C4 		.ascii	"?\362)\304 {\313`\377f\371\370J\266>@\177\264\240\006"
 11780      207BCB60 
 11780      FF66F9F8 
 11780      4AB63E40 
 11780      7FB4A006 
 11781 1f25 DBF3505E 		.ascii	"\333\363P^\270\263U\352\312\274\026\036q\257\335\012"
 11781      B8B355EA 
 11781      CABC161E 
 11781      71AFDD0A 
 11782 1f35 693AC5EE 		.ascii	"i:\305\356-(\026b\317\236\251\254\233\206\331K\333\217"
 11782      2D281662 
 11782      CF9EA9AC 
 11782      9B86D94B 
 11782      DB8F
 11783 1f47 B8925AE8 		.ascii	"\270\222Z\350\226\266\241\260\333\223E3Z\345\264\027"
 11783      96B6A1B0 
 11783      DB934533 
 11783      5AE5B417 
 11784 1f57 282D27EA 		.ascii	"(-'\352\314\211xW6\353e/\233\365\022\005\365H\310h\305"
 11784      CC897857 
 11784      36EB652F 
 11784      9BF51205 
 11784      F548C868 
 11785 1f6c 760D1E09 		.ascii	"v\015\036\011\241(\325\302\302\332\202\275\252\003D"
 11785      A128D5C2 
 11785      C2DA82BD 
 11785      AA0344
 11786 1f7b D39288B2 		.ascii	"\323\222\210\262\347Eq2\\\272\342\310{\266]s\016\271"
 11786      E7457132 
 11786      5CBAE2C8 
 11786      7BB65D73 
 11786      0EB9
 11787 1f8d FDDECDFF 		.ascii	"\375\336\315\377'\303\021\002%\005\021h\317;\2661\314"
 11787      27C31102 
 11787      25051168 
 11787      CF3BB631 
 11787      CC
 11788 1f9e FC21     		.ascii	"\374!"
 11789 1fa0 B1DD8B2E 		.ascii	"\261\335\213.\344\0045\312so\211s\341\034z\323I\350"
 11789      E40435CA 
 11789      736F8973 
 11789      E11C7AD3 
 11789      49E8
 11790 1fb2 13461D2B 		.ascii	"\023F\035+\241\216\025\251\343\030ua\342\334\202\201"
 11790      A18E15A9 
 11790      E3187561 
 11790      E2DC8281 
 11791 1fc2 5C73C7BF 		.ascii	"\\s\307\277\212k\0268\365\216\231:^B\035/R'0\352\207"
 11791      8A6B1638 
ARM GAS  /tmp/cckyrRJs.s 			page 391


 11791      F58E993A 
 11791      5E421D2F 
 11791      522730EA 
 11792 1fd7 F2A54281 		.ascii	"\362\245B\201\270\273\342\316\266\316\246/s\342U3q\242"
 11792      B8BBE2CE 
 11792      B6CEA62F 
 11792      73E25533 
 11792      71A2
 11793 1fe9 84385124 		.ascii	"\2048Q$Nb\304{\365\205\015F\022\204\304\305\221#\036"
 11793      4E62C47B 
 11793      F5850D46 
 11793      1284C4C5 
 11793      91231E
 11794 1ffc A2EAB366 		.ascii	"\242\352\263f"
 11795 2000 EA640975 		.ascii	"\352d\011u\262H\235\302\250;\313\375b\005\022\203\324"
 11795      B2489DC2 
 11795      A83BCBFD 
 11795      62051283 
 11795      D4
 11796 2011 5B0991C7 		.ascii	"[\011\221\307\342\220`\324L\235*\241N\025\251\323\030"
 11796      E29060D4 
 11796      4C9D2AA1 
 11796      4E15A9D3 
 11796      18
 11797 2022 B5FF9EA9 		.ascii	"\265\377\236\251\334\201\244\270\252\015\237\312\022"
 11797      DC81A4B8 
 11797      AA0D9FCA 
 11797      12
 11798 202f 92729D49 		.ascii	"\222r\235I9\376>\363\242H\276?Fv\3523\323^~\3523ecz"
 11798      39FE3EF3 
 11798      A248BE3F 
 11798      4676EA33 
 11798      D35E7EEA 
 11799 2047 D18171CB 		.ascii	"\321\201q\313\002/\310@/\210\356\270ku$-\310\257\363"
 11799      022FC840 
 11799      2F88EEB8 
 11799      6B75242D 
 11799      C8AFF3
 11800 205a 26EC5AAF 		.ascii	"&\354Z\257r\032\310\336\326\351\317\241\311\270^#N\336"
 11800      721AC8DE 
 11800      D6E9CFA1 
 11800      C9B85E23 
 11800      4EDE
 11801 206c D91B846C 		.ascii	"\331\033\204ldy\344^r\245~\3345\237:V\236\350X9G\225"
 11801      6479E45E 
 11801      72A57EDC 
 11801      359F3A56 
 11801      9EE85839 
 11802 2082 07F6DC3E 		.ascii	"\007\366\334>SW\016\013M\313\303n\241O\030\226\220."
 11802      53570E0B 
 11802      4DCBC36E 
 11802      A14F1896 
 11802      902E
 11803 2094 B152BA68 		.ascii	"\261R\272h\245\002f\245\315\223\232\000\027r\211R\337"
 11803      A50266A5 
 11803      CD939A00 
 11803      17728952 
ARM GAS  /tmp/cckyrRJs.s 			page 392


 11803      DF
 11804 20a5 575D65A0 		.ascii	"W]e\240^\031\346^\333\302`\356\357\022z\030\210\366"
 11804      5E19E65E 
 11804      DBC260EE 
 11804      EF127A18 
 11804      88F6
 11805 20b7 31238BBF 		.ascii	"1#\213\277n[\251b\233J-\255v\247\342,e\011(U\364\306"
 11805      6E5BA962 
 11805      9B4A2DAD 
 11805      76A7E22C 
 11805      65092855 
 11806 20cd 3A5C26AB 		.ascii	":\\&\253\216\023\323\335\301\312\031?\272\377I\216\027"
 11806      8E13D3DD 
 11806      C1CA193F 
 11806      BAFF498E 
 11806      17
 11807 20de 325ED7A9 		.ascii	"2^\327\251\223\226\333\013Y\275-\027\353m\265_\354\246"
 11807      9396DB0B 
 11807      59BD2D17 
 11807      EB6DB55F 
 11807      ECA6
 11808 20f0 33894735 		.ascii	"3\211G52\032&\333\234\324\210\204\012P\305L\347}\232"
 11808      321A26DB 
 11808      9CD48884 
 11808      0A50C54C 
 11808      E77D9A
 11809 2103 548D1A54 		.ascii	"T\215\032TBI\227\242\006e\035\033\345\316\252\305RM"
 11809      424997A2 
 11809      06651D1B 
 11809      E5CEAAC5 
 11809      524D
 11810 2115 8BA54A2C 		.ascii	"\213\245J,\026\217\320\251V\261Xv\003\365\007C\254\276"
 11810      168FD0A9 
 11810      56B15876 
 11810      03F50743 
 11810      ACBE
 11811 2127 038E5028 		.ascii	"\003\216P()\224B\261PjX\241\2246x\0169\220\215\017\251"
 11811      299442B1 
 11811      506A58A1 
 11811      9436780E 
 11811      39908D0F 
 11812 213c B96E426F 		.ascii	"\271nBoV7\206Kzj\365%JU\321U\274\351\304\036\322S\265"
 11812      5637864B 
 11812      7A6AF525 
 11812      4A55D155 
 11812      BCE9C41E 
 11813 2153 75F8B0E0 		.ascii	"u\370\260\340\305A\232\223y\216\240\036\037z\272\207"
 11813      C5419A93 
 11813      798EA01E 
 11813      1F7ABA87 
 11814 2163 1708AAF2 		.ascii	"\027\010\252\3627R\371\033D\371\323\273\272\353E\371"
 11814      3752F91B 
 11814      44F9D3BB 
 11814      BAEB45F9 
 11815 2173 FB92F509 		.ascii	"\373\222\365\011mL~\300\021j%\362\327\212\36271\371"
 11815      6D4C7EC0 
 11815      116A25F2 
ARM GAS  /tmp/cckyrRJs.s 			page 393


 11815      D78AF237 
 11815      31F9
 11816 2185 57B71A76 		.ascii	"W\267\032v\034I\302\207\231\374\255\325\265\343\032"
 11816      1C49C287 
 11816      99FCADD5 
 11816      B5E31A
 11817 2194 B308A840 		.ascii	"\263\010\250@K\365H\214\272\004\255T\202\026Q\202\251"
 11817      4BF5488C 
 11817      BA04AD54 
 11817      82165182 
 11817      A9
 11818 21a5 AA18934E 		.ascii	"\252\030\223N\214X\037\2137\265j(\202\320,\311\276Y"
 11818      8C581F8B 
 11818      37B56A28 
 11818      82D02CC9 
 11818      BE59
 11819 21b7 CCBE8D65 		.ascii	"\314\276\215e\0373\225_DH.f\2775|\336l4\373 f\237\237"
 11819      1F33955F 
 11819      44482E66 
 11819      BF357CDE 
 11819      6C34FB20 
 11820 21ce 505DED64 		.ascii	"P]\355d.\325\016\264\312\346\272G\247z3\336Ee\352\024"
 11820      2ED50EB4 
 11820      CAE6BA47 
 11820      A77A33DE 
 11820      4565EA14 
 11821 21e2 658A19BC 		.ascii	"e\212\031\274\277p\265\224\352\025\226*\340\010\355"
 11821      BF70B594 
 11821      EA15962A 
 11821      E008ED
 11822 21f1 12B1DA45 		.ascii	"\022\261\332E\261\272\231Xi\373I\303\316\244\005\305"
 11822      B1BA9958 
 11822      69FB49C3 
 11822      CEA405C5 
 11823 2201 F25D7BDD 		.ascii	"\362]{\335`>\336\352\371\246\035l\200\274|\320\032*"
 11823      603EDEEA 
 11823      F9A61D6C 
 11823      80BC7CD0 
 11823      1A2A
 11824 2213 DB28DF6B 		.ascii	"\333(\337k/mq\373Do\355\255\212\250\307&\223=\202'a"
 11824      2F6D71FB 
 11824      446FEDAD 
 11824      8AA8C726 
 11824      933D8227 
 11825 2228 6EA7D90E 		.ascii	"n\247\331\016\346\366\252\0375\275\1771\333)\250\366"
 11825      E6F6AA1F 
 11825      35BD7F31 
 11825      DB29A8F6 
 11826 2238 1C06A9A6 		.ascii	"\034\006\251\246\003\242\246\373\375}s\0321\254\324"
 11826      03A2A6FB 
 11826      FD7D731A 
 11826      31ACD4
 11827 2247 EA670699 		.ascii	"\352g\006\231\246\200#\364H4\355\0215\035b\232\326N"
 11827      A68023F4 
 11827      4834ED11 
 11827      351D629A 
 11827      D64E
ARM GAS  /tmp/cckyrRJs.s 			page 394


 11828 2259 DF783A90 		.ascii	"\337x:\220;\3244\344\272fY6#uF\244\331\215H;*m;\003"
 11828      3BD434E4 
 11828      BA665936 
 11828      237546A4 
 11828      D98D483B 
 11829 2271 8362909F 		.ascii	"\203b\220\237\352\321'\3209\2634\201!\011\303\222\374"
 11829      EAD127D0 
 11829      39B33481 
 11829      2109C392 
 11829      FC
 11830 2282 86C5FC46 		.ascii	"\206\305\374FY~%\325\365A\366\244\372\021\236l,\331"
 11830      597E25D5 
 11830      F541F6A4 
 11830      FA119E6C 
 11830      2CD9
 11831 2294 0ED09146 		.ascii	"\016\320\221FL\224&l\364R\375\205qFA\237\2705\347@\357"
 11831      4C94266C 
 11831      F452FD85 
 11831      7146419F 
 11831      B835E740 
 11832 22a9 007F4ECF 		.ascii	"\000\177N\317J\036\245CHa\222\366|&\320<o^o\001[M#^"
 11832      4A1EA543 
 11832      486192F6 
 11832      7C26D03C 
 11832      6F5E6F01 
 11833 22c1 F8417D8F 		.ascii	"\370A}\217\271b\316\340\263I\217\300s\227O\365=J19\262"
 11833      B962CEE0 
 11833      B3498FC0 
 11833      73974FF5 
 11833      3D4A3139 
 11834 22d6 DC1AE2B6 		.ascii	"\334\032\342\266\313qT>g\377)\366\344|5(\302\201\014"
 11834      CB71543E 
 11834      67FF29F6 
 11834      E47C3528 
 11834      C2810C
 11835 22e9 60FEC729 		.ascii	"`\376\307)\247\331:\232\377\002(7Om\016\017\317\346"
 11835      A7D93A9A 
 11835      FF022837 
 11835      4F6D0E0F 
 11835      CFE6
 11836 22fb E3EAEDC9 		.ascii	"\343\352\355\311\004b\024\304d\0163\005\226\250\204"
 11836      046214C4 
 11836      640E3305 
 11836      96A884
 11837 230a 8B98CBD2 		.ascii	"\213\230\313\322\252\377\270\203\355E\035a\031P\204"
 11837      AAFFB883 
 11837      ED451D61 
 11837      195084
 11838 2319 156AD459 		.ascii	"\025j\324Y\261\014\243{\356\026\331\010\021:\236\207"
 11838      B10CA37B 
 11838      EE16D908 
 11838      113A9E87 
 11839 2329 735FE879 		.ascii	"s_\350y\261e\362\3657}\3054C(\2420&\032V\230\242\264"
 11839      B165F2F5 
 11839      377DC534 
 11839      4328A230 
 11839      261A5698 
ARM GAS  /tmp/cckyrRJs.s 			page 395


 11840 233f 63A26D57 		.ascii	"c\242mW\231m\343C\375\272]\310\304c&M`zv\243`\2161h"
 11840      996DE343 
 11840      FDBA5DC8 
 11840      C463264D 
 11840      607A76A3 
 11841 2357 9AE5B58B 		.ascii	"\232\345\265\213`\3659\206u*\311\232(\311b\322\326\205"
 11841      60F53986 
 11841      752AC99A 
 11841      28C962D2 
 11841      D685
 11842 2369 D8FBE8BA 		.ascii	"\330\373\350\272\325\337\371xc\371\002\226\360JR\276"
 11842      D5DFF978 
 11842      63F90296 
 11842      F04A52BE 
 11843 2379 AF441936 		.ascii	"\257D\0316\230\0147~+WN$\344\011\366\326\363\274\376"
 11843      980C377E 
 11843      2B574E24 
 11843      E409F6D6 
 11843      F3BCFE
 11844 238c 8C89F0D2 		.ascii	"\214\211\360\322|h\371\270\262\353T=\234lS\021\266D"
 11844      7C68F9B8 
 11844      B2EB543D 
 11844      9C6C5311 
 11844      B644
 11845 239e 11326206 		.ascii	"\0212b\006\312\210\330\207\371\015\026N\000A\330\224"
 11845      CA88D887 
 11845      F90D164E 
 11845      0041D894 
 11846 23ae E4BE29E6 		.ascii	"\344\276)\346\276\303r_\234\210\376.I\304\314;C<\003"
 11846      BEC3725F 
 11846      9C88FE2E 
 11846      49C4CC3B 
 11846      433C03
 11847 23c1 0D240F13 		.ascii	"\015$\017\0233\247\3315F\333\355\341\236\315\366\260"
 11847      33A7D935 
 11847      46DBEDE1 
 11847      9ECDF6B0 
 11848 23d1 B4A17F0D 		.ascii	"\264\241\177\015\275a\337\034\213\326\247\333:\\\244"
 11848      BD61DF1C 
 11848      8BD6A7DB 
 11848      3A5CA4
 11849 23e0 B2D39F2C 		.ascii	"\262\323\237,\302\037R\341\017D\341\217[\3126\305\332"
 11849      C21F52E1 
 11849      0F44E18F 
 11849      5BCA36C5 
 11849      DA
 11850 23f1 78584C12 		.ascii	"xXL\022\327y\375\000,aW\242\301\256\250\301\021\323"
 11850      D779FD00 
 11850      2C6157A2 
 11850      C1AEA8C1 
 11850      11D3
 11851 2403 20E522F7 		.ascii	" \345\"\367\306\201T>QkOJZ3\367\034I\017\376\276\353"
 11851      C681543E 
 11851      516B4F4A 
 11851      5A33F71C 
 11851      490FFEBE 
 11852 2418 53536A50 		.ascii	"SSjP\355\012\235Zu\205N\372\302G\260):\203\000s\202"
ARM GAS  /tmp/cckyrRJs.s 			page 396


 11852      ED0A9D5A 
 11852      75854EFA 
 11852      C247B029 
 11852      3A830073 
 11853 242d FE698ABC 		.ascii	"\376i\212\274Iq&#\310\257\352beV\245+tn\323J/\246\322"
 11853      49712623 
 11853      C8AFEA62 
 11853      6556A52B 
 11853      746ED34A 
 11854 2444 6FB0AE5D 		.ascii	"o\260\256]\200)^#K\267\202\375L\203\030\332\204K|\230"
 11854      80295E23 
 11854      4BB782FD 
 11854      4C8318DA 
 11854      844B7C98 
 11855 2458 91BBFFD2 		.ascii	"\221\273\377\322\325\\S\257\370\303\225\364\023\336"
 11855      D55C53AF 
 11855      F8C395F4 
 11855      13DE
 11856 2466 45D73A09 		.ascii	"E\327:\011\327\370p\367f\306O\326dS\347\261X\371\226"
 11856      D7F870F7 
 11856      66C64FD6 
 11856      6453E7B1 
 11856      58F996
 11857 2479 5AF946B4 		.ascii	"Z\371F\264r\357\341]\201h\345\241\004c\212\030\205\000"
 11857      72EFE15D 
 11857      8168E5A1 
 11857      04638A18 
 11857      8500
 11858 248b 4B389658 		.ascii	"K8\226X\371X\264\362\035\263\362D\336d\215\003\361\375"
 11858      F958B4F2 
 11858      1DB3F244 
 11858      DE648D03 
 11858      F1FD
 11859 249d 889A95E5 		.ascii	"\210\232\225\345\246z@\301\344\312\232t\354aC\315^\246"
 11859      A67A40C1 
 11859      E4CA9A74 
 11859      EC6143CD 
 11859      5EA6
 11860 24af C6AC971B 		.ascii	"\306\254\227\033>L\273\317\0164\212\034\335\361\231"
 11860      3E4CBBCF 
 11860      0E348A1C 
 11860      DDF199
 11861 24be 77EFE1AC 		.ascii	"w\357\341\254Q]-O\035\250\345\241\343j\005\216\266\234"
 11861      515D2D4F 
 11861      1DA8E5A1 
 11861      E36A058E 
 11861      B69C
 11862 24d0 894D79DB 		.ascii	"\211My\333\255~\250\213\205r\300\021\356%J\335\213J"
 11862      AD7EA88B 
 11862      8572C011 
 11862      EE254ADD 
 11862      8B4A
 11863 24e2 79E958D5 		.ascii	"y\351X\325s{=\016\035'T\252\300o\354\357H%~O/\231,S"
 11863      737B3D0E 
 11863      1D2754AA 
 11863      C06FECEF 
 11863      48257E4F 
ARM GAS  /tmp/cckyrRJs.s 			page 397


 11864 24fa D9C0E3A3 		.ascii	"\331\300\343\243\263U\254\307+Ec\330\024\371\352D\347"
 11864      B355ACC7 
 11864      2B4563D8 
 11864      14F9EA44 
 11864      E7
 11865 250b 5FCBEAF5 		.ascii	"_\313\352\365p6W\010?T*n\273\335\035\265\247\207\370"
 11865      70365708 
 11865      3F542A6E 
 11865      BBDD1DB5 
 11865      A787F8
 11866 251e FCF16168 		.ascii	"\374\361ahV\360g\024\375Az^/P'\355\017\276<-\272wT\340"
 11866      56F06714 
 11866      FD417A5E 
 11866      2F5027ED 
 11866      0FBE3C2D 
 11867 2536 AD28F08E 		.ascii	"\255(\360\2167\013\026dW$\004\351\244\375\306`\035o"
 11867      370B1664 
 11867      572404E9 
 11867      A4FDC660 
 11867      1D6F
 11868 2548 512BF286 		.ascii	"Q+\362\206#\260-\200GB\000\312\222\222\0336\242>\237"
 11868      23B02D80 
 11868      474200CA 
 11868      92921B36 
 11868      A23E9F
 11869 255b 124A8D1E 		.ascii	"\022J\215\036\"\032\275\336c&\312\305Rco<x\304\003,"
 11869      221ABDDE 
 11869      6326CAC5 
 11869      52636F3C 
 11869      78C4032C 
 11870 256f C15B6731 		.ascii	"\301[g1;|G\263\2071\263\037\270\025\356\021\322\212"
 11870      3B7C47B3 
 11870      8731B31F 
 11870      B815EE11 
 11870      D28A
 11871 2581 A6BEEBE9 		.ascii	"\246\276\353\351\231r\022{\033A\016\365Xptz\"\\\302"
 11871      9972127B 
 11871      1B410EF5 
 11871      5870747A 
 11871      225CC2
 11872 2594 215CE410 		.ascii	"!\\\344\020\3018D\226\232\026\010\351G\016C\035>\261"
 11872      C1384496 
 11872      9A1608E9 
 11872      470E431D 
 11872      3EB1
 11873 25a6 62BB3A57 		.ascii	"b\273:Wo\034D\016tR>R\302!R\344\020\3058$\266\024y\270"
 11873      6F1C440E 
 11873      74523E52 
 11873      C22152E4 
 11873      10C53824 
 11874 25be 92B08F32 		.ascii	"\222\260\2172\016\343\336%\355\016\342\340\355\353,"
 11874      0EE3DE25 
 11874      ED0EE2E0 
 11874      EDEB2C
 11875 25cd 6C52F268 		.ascii	"lR\362h\011y\264H\036\303\310\363\246\334\0125$\015"
 11875      0979B448 
 11875      1EC3C8F3 
ARM GAS  /tmp/cckyrRJs.s 			page 398


 11875      A6DC0A35 
 11875      240D
 11876 25df C9BDBD0A 		.ascii	"\311\275\275\012\2670\362\215\230;\201\001n\301\377"
 11876      B730F28D 
 11876      983B8101 
 11876      6EC1FF
 11877 25ee 605EB688 		.ascii	"`^\266\210C\323nn^\325\253_?\221@M\033/\232v\260\242"
 11877      43D36E6E 
 11877      5ED5AB5F 
 11877      3F91404D 
 11877      1B2F9A76 
 11878 2604 A34B2F0E 		.ascii	"\243K/\016\204Q$@\020b%\"\305\212\"%2\221\366\263<\""
 11878      84512440 
 11878      10622522 
 11878      C58A2225 
 11878      3291F6B3 
 11879 261a 5C493E8A 		.ascii	"\\I>\212\344Q\353\323\210\365\251^+\372\243g\373y\230"
 11879      E451EBD3 
 11879      88F5A95E 
 11879      2BFAA367 
 11879      FB7998
 11880 262d 33694684 		.ascii	"3iF\204\264\376\005/W\333\036\236b\323\303\247\0037"
 11880      B4FE052F 
 11880      57DB1E9E 
 11880      62D3C3A7 
 11880      0337
 11881 263f C650C954 		.ascii	"\306P\311T\360\360d\324\250\316\357p@g\356k\246\341"
 11881      F0F064D4 
 11881      A8CEEF70 
 11881      4067EE6B 
 11881      A6E1
 11882 2651 C3C889F5 		.ascii	"\303\310\211\365,u53\250\232\351\242\232ui\275W\304"
 11882      2C753533 
 11882      A89AE9A2 
 11882      9A7569BD 
 11882      57C4
 11883 2663 D2D7DCC5 		.ascii	"\322\327\334\305\276&\340\010I\022M\223DM3\231\246\255"
 11883      BE26E008 
 11883      49124D93 
 11883      444D3399 
 11883      A6AD
 11884 2675 CD37BF4E 		.ascii	"\3157\277N\006P\017\317\362\311k\254xt\357.*ZW\276\021"
 11884      06500FCF 
 11884      F2C96BAC 
 11884      7874EF2E 
 11884      2A5A57BE 
 11885 268a 6E34CF9D 		.ascii	"n4\317\235g\243T\227C\335\213ZU\251r\251T9\242T\023"
 11885      67A35497 
 11885      43DD8B5A 
 11885      55A972A9 
 11885      5439A254 
 11886 269f D3A183E2 		.ascii	"\323\241\203\342`\376f\326\2300\300\244\002\034!K\""
 11886      60FE66D6 
 11886      9830C0A4 
 11886      021C214B 
 11886      22
 11887 26b0 55962855 		.ascii	"U\226(U\036\223*&kt\337\211x\277\365\246]\370\005\262"
ARM GAS  /tmp/cckyrRJs.s 			page 399


 11887      1E932A26 
 11887      6B74DF89 
 11887      78BFF5A6 
 11887      5DF805B2 
 11888 26c4 7AEAB339 		.ascii	"z\352\2639r\251%!H\261\274\227}\354\250\330\003_\010"
 11888      72A92521 
 11888      48B1BC97 
 11888      7DECA8D8 
 11888      035F08
 11889 26d7 F9C989FA 		.ascii	"\371\311\211\372^M\304\312\006\363E\262\312],V\356\302"
 11889      5E4DC4CA 
 11889      06F345B2 
 11889      CA5D2C56 
 11889      EEC2
 11890 26e9 A6CC359C 		.ascii	"\246\3145\234+\205G\3340\243\0019?$q\230_cO\306\212"
 11890      2B8547DC 
 11890      30A30139 
 11890      3F247198 
 11890      5F634FC6 
 11891 26fe 51114C4A 		.ascii	"Q\021LJ!\2772Y~\271\335\036!\262\026\263L\226\337\013"
 11891      21BF3259 
 11891      7EB9DD1E 
 11891      21B216B3 
 11891      4C96DF0B 
 11892 2712 31BF978B 		.ascii	"1\277\227\213C\341\270`\001\217\204\0224\272{\201\357"
 11892      43E1B860 
 11892      018F8412 
 11892      34BA7B81 
 11892      EF
 11893 2723 9AFAE451 		.ascii	"\232\372\344Q\0055z\271h\364\252\326\262j\321\343\347"
 11893      05357AB9 
 11893      68F4AAD6 
 11893      B26AD1E3 
 11893      E7
 11894 2734 F68C4DE5 		.ascii	"\366\214M\345\270,\012HB\276\304\352\371\242\325+\231"
 11894      B82C0A48 
 11894      42BEC4EA 
 11894      F9A2D52B 
 11894      99
 11895 2745 D5178283 		.ascii	"\325\027\202\203\334\354\311\010\352\024\275\320\220"
 11895      DCECC908 
 11895      EA14BDD0 
 11895      90
 11896 2752 813A1F98 		.ascii	"\201:\037\230\273O\345[\211\221\312s\310\364xf\215L"
 11896      BB4FE55B 
 11896      8991CA73 
 11896      C8F47866 
 11896      8D4C
 11897 2764 4FB7AA90 		.ascii	"O\267\252\2201\331F\237\032\231\236\265\242\236WM\341"
 11897      31D9469F 
 11897      1A999EB5 
 11897      A29E574D 
 11897      E1
 11898 2775 23B83C05 		.ascii	"#\270<\005\217\204j\324\263\305?\276G}a\272\216\352"
 11898      8F846AD4 
 11898      B3C53FBE 
 11898      477D61BA 
ARM GAS  /tmp/cckyrRJs.s 			page 400


 11898      8EEA
 11899 2787 F952D4F3 		.ascii	"\371R\324\363\316m\344R\014W}\003d\247\2039\027\340"
 11899      CE6DE452 
 11899      0C577D03 
 11899      64A78339 
 11899      17E0
 11900 2799 08551235 		.ascii	"\010U\0225\253D5\353\231\232\233a~-\016d\026\325\214"
 11900      AB4435EB 
 11900      999A9B61 
 11900      7E2D0E64 
 11900      16D58C
 11901 27ac A8E80874 		.ascii	"\250\350\010t5\213\300\007\235C\033\307\352\225\256"
 11901      358BC007 
 11901      9D431BC7 
 11901      EA95AE
 11902 27bb 894AD028 		.ascii	"\211J\320(J\360\220\237Ua\236d\3732\213-\200 4H\262"
 11902      4AF0909F 
 11902      55619E64 
 11902      FB328B2D 
 11902      80203448 
 11903 27d0 6F10B36F 		.ascii	"o\020\263of\3317\234ut8\221-\314~\367\3748T,\250\261"
 11903      66D9379C 
 11903      75743891 
 11903      2DCC7EF7 
 11903      FC38542C 
 11904 27e6 7B63438F 		.ascii	"{cC\2179b\267H8\264\210\034Z\031\207\243r\323\252\201"
 11904      3962B748 
 11904      38B4881C 
 11904      5A1987A3 
 11904      72D3AA81 
 11905 27fa 243DC52D 		.ascii	"$=\305-\223;Y\356Zs\255w\016\264ph\223ph\0239\2643\016"
 11905      933B59EE 
 11905      5A73AD77 
 11905      0EB47068 
 11905      93706813 
 11906 2812 4B4167DB 		.ascii	"KAg\333z2\204\034f\302\203\332]\177>\303\324\334\314"
 11906      7A32841C 
 11906      66C283DA 
 11906      5D7F3EC3 
 11906      D4DCCC
 11907 2825 16C0FD3D 		.ascii	"\026\300\375=\206L\246T\015\273\011\252\003Y\230o\225"
 11907      864CA654 
 11907      0DBB09AA 
 11907      0359986F 
 11907      95
 11908 2836 B2A34FEC 		.ascii	"\262\243O\354\236\236\277\017C\\\335\317\323!H\373\361"
 11908      9E9EBF0F 
 11908      435CDDCF 
 11908      D32148FB 
 11908      F1
 11909 2847 8D9E8C21 		.ascii	"\215\236\214!\243\252\011\217M{\316\250\375\261\351"
 11909      A3AA098F 
 11909      4D7BCEA8 
 11909      FDB1E9
 11910 2856 3963D1A5 		.ascii	"9c\321\245`\321EY\354\002\213n\306bud\333WG&\221E\372"
 11910      60D14559 
 11910      EC028B6E 
ARM GAS  /tmp/cckyrRJs.s 			page 401


 11910      C6627564 
 11910      DB574726 
 11911 286d CB872807 		.ascii	"\313\207(\007`\301\0347\301\271\330\335\344\251g\207"
 11911      60C11C37 
 11911      C1B9D8DD 
 11911      E4A96787 
 11912 287d 777B381B 		.ascii	"w{8\033\361P\260\035}b\367t\361\217\354\204^\306\346"
 11912      F150B01D 
 11912      7D62F774 
 11912      F18FEC84 
 11912      5EC6E6
 11913 2890 2A79F556 		.ascii	"*y\365VO.\220\215\227\311\337\207\037\0243]\320\303"
 11913      4F2E908D 
 11913      97C9DF87 
 11913      1F14335D 
 11913      D0C3
 11914 28a2 14CDF7EB 		.ascii	"\024\315\367\353\276\216|sj\015\335\301\334T\223\237"
 11914      BE8E7C73 
 11914      6A0DDDC1 
 11914      DC54939F 
 11915 28b2 CC37481F 		.ascii	"\3147H\037~\031\322e\255\311\277\257\272\367fH\207{"
 11915      7E19D265 
 11915      ADC9BFAF 
 11915      BAF76648 
 11915      877B
 11916 28c4 6F06752C 		.ascii	"o\006u,|\267\027\246\371\031\310-f\265\320}8\355DL\037"
 11916      7CB717A6 
 11916      F919C82D 
 11916      66B5D07D 
 11916      38ED444C 
 11917 28d9 C3E3A1CB 		.ascii	"\303\343\241\313W\275\204\370\261\204v\357\374\365\276"
 11917      57BD84F8 
 11917      B18476EF 
 11917      FCF5BE
 11918 28e8 B320B9CE 		.ascii	"\263 \271\316,\337\371\345K\334\007FG\266\243\240\321"
 11918      2CDFF9E5 
 11918      4BDC0746 
 11918      47B6A3A0 
 11918      D1
 11919 28f9 84EE4DBB 		.ascii	"\204\356M\273C;\313\371\201\004\272P;\302\321\025G#"
 11919      433BCBF9 
 11919      8104BA50 
 11919      3BC2D115 
 11919      4723
 11920 290b 54F6494E 		.ascii	"T\366IN`\215\024\306u\317\205I\2001\235d\257d\257\007"
 11920      608D14C6 
 11920      75CF8549 
 11920      80319D64 
 11920      AF64AF07 
 11921 291f 31057E85 		.ascii	"1\005~\205\361\035\266\305\367\227q\363WE}q\277\013"
 11921      F11DB6C5 
 11921      F79771F3 
 11921      57457D71 
 11921      BF0B
 11922 2931 4940DD4C 		.ascii	"I@\335L\257\0326\254v\202\2317(Nq&62\004\312\251#\257"
 11922      AF1A36AC 
 11922      76829937 
ARM GAS  /tmp/cckyrRJs.s 			page 402


 11922      284E7126 
 11922      363204CA 
 11923 2948 45C96E24 		.ascii	"E\311n$\2550\015\250\003\272gB\277\216\255\276\353\036"
 11923      AD300DA8 
 11923      03BA6742 
 11923      BF8EADBE 
 11923      EB1E
 11924 295a A189716B 		.ascii	"\241\211qk\357tA\265\206z\000z\343\\\251\247\311\364"
 11924      EF7441B5 
 11924      867A007A 
 11924      E35CA9A7 
 11924      C9F4
 11925 296c 88E2087D 		.ascii	"\210\342\010}\334\005,\224}\324\005\"\336\203\021,s"
 11925      DC052C94 
 11925      7DD40522 
 11925      DE83112C 
 11925      73
 11926 297d 819DBD00 		.ascii	"\201\235\275\000=IGik\327\213\334\035H\321\307d\213"
 11926      3D494769 
 11926      6BD78BDC 
 11926      1D48D1C7 
 11926      648B
 11927 298f 79EF2B16 		.ascii	"y\357+\026\363\336\267,\346-\305\2646kH-R<\014f\177"
 11927      F3DEB72C 
 11927      E62DC5B4 
 11927      366B482D 
 11927      523C0C66 
 11928 29a4 5374074F 		.ascii	"St\007OY\213\276\244cTT\220E\020d\001]b..`\331\2114"
 11928      598BBEA4 
 11928      63545490 
 11928      45106401 
 11928      5D622E2E 
 11929 29bc 20F165F8 		.ascii	" \361e\370\302\205\226t\177\354M\255\327+y\353\365z"
 11929      C2859674 
 11929      7FEC4DAD 
 11929      D72B79EB 
 11929      F57A
 11930 29ce 36524FC6 		.ascii	"6RO\306\221bv`\270P\247\274\305\001\362\225\023\271"
 11930      91627660 
 11930      B850A7BC 
 11930      C501F295 
 11930      13B9
 11931 29e0 1FCF47C8 		.ascii	"\037\317G\310\266}\254\313\274iC\214\262\331\351\305"
 11931      B67DACCB 
 11931      BC69438C 
 11931      B2D9E9C5 
 11932 29f0 452E6405 		.ascii	"E.d\005\231{\224\016l\352\311\036K\350:G\213\371\351"
 11932      997B940E 
 11932      6CEAC91E 
 11932      4BE83A47 
 11932      8BF9E9
 11933 2a03 63F321F2 		.ascii	"c\363!\362 \207\246\016\276\205\031\030\010\253\220"
 11933      2087A60E 
 11933      BE851918 
 11933      08AB90
 11934 2a12 EBFE1B9D 		.ascii	"\353\376\033\235t\364K\270\353\216.\330\254(\260\255"
 11934      74F44BB8 
ARM GAS  /tmp/cckyrRJs.s 			page 403


 11934      EB8E2ED8 
 11934      AC28B0AD 
 11935 2a22 4F077516 		.ascii	"O\007u\026}\0247\351\322\345\233-\005\272\365\2250\007"
 11935      7D1437E9 
 11935      D2E59B2D 
 11935      05BAF595 
 11935      3007
 11936 2a34 05E29E5E 		.ascii	"\005\342\236^@\337\264-\213\242\016X\"\315>w\311=p\307"
 11936      40DFB42D 
 11936      8BA20E58 
 11936      22CD3E77 
 11936      C93D70C7 
 11937 2a48 6D801D80 		.ascii	"m\200\035\200\003\200]\261.\000I\363F!\337\220\274\014"
 11937      03805DB1 
 11937      2E0049F3 
 11937      4621DF90 
 11937      BC0C
 11938 2a5a 7DB17915 		.ascii	"}\261y\025\015\304\355\220\303\263\315\177H\256\321"
 11938      0DC4ED90 
 11938      C3B3CD7F 
 11938      48AED1
 11939 2a69 94037D5B 		.ascii	"\224\003}[\013Nb\205\360\224\337\276w\310\371\274!w"
 11939      0B4E6285 
 11939      F094DFBE 
 11939      77C8F9BC 
 11939      2177
 11940 2a7b 5ABF2606 		.ascii	"Z\277&\006\032\235\300\327\207\321\327\003{\006Y\344"
 11940      1A9DC0D7 
 11940      87D1D703 
 11940      7B0659E4 
 11941 2a8b 3D02C239 		.ascii	"=\002\3029E\330\244O\376D\363\324\364m\030O2w\337Z\256"
 11941      45D8A44F 
 11941      FE44F3D4 
 11941      F46D184F 
 11941      3277DF5A 
 11942 2aa0 050B7ABF 		.ascii	"\005\013z\277\315\204\021Ok>\342\2475\017\002\202\257"
 11942      CD84114F 
 11942      6B3EE2A7 
 11942      350F0282 
 11942      AF
 11943 2ab1 F9898F66 		.ascii	"\371\211\217fz\365b\341\341\353:z2\346\363\006\341\237"
 11943      7AF562E1 
 11943      E1EB3A7A 
 11943      32E6F306 
 11943      E19F
 11944 2ac3 622CB712 		.ascii	"b,\267\022|\036w\016/\226\314\265kI8\262\032\334\367"
 11944      7C1E770E 
 11944      2F96CCB5 
 11944      6B4938B2 
 11944      1ADCF7
 11945 2ad6 0AE7B315 		.ascii	"\012\347\263\025\245\036\246\017\273\375\222\244\242"
 11945      A51EA60F 
 11945      BBFD92A4 
 11945      A2
 11946 2ae3 5FE8180D 		.ascii	"_\350\030\015\225\354\034\274\3775z\277\307uv\231\344"
 11946      95EC1CBC 
 11946      FF357ABF 
ARM GAS  /tmp/cckyrRJs.s 			page 404


 11946      C7757699 
 11946      E4
 11947 2af4 68CB53E1 		.ascii	"h\313S\341\022Ly\006\277\237\262jz\2453\037\015\245"
 11947      124C7906 
 11947      BF9FB26A 
 11947      7AA5331F 
 11947      0DA5
 11948 2b06 9D338F98 		.ascii	"\2353\217\230a'\336Jt\336|\010\354\347K(\212p\302U\266"
 11948      6127DE4A 
 11948      74DE7C08 
 11948      ECE74B28 
 11948      8A70C255 
 11949 2b1b 109ED0FA 		.ascii	"\020\236\320\372\235\017\012_3\205\017\212_\2078\223"
 11949      9D0F0A5F 
 11949      33850F8A 
 11949      5F873893 
 11950 2b2b 2494B27A 		.ascii	"$\224\262zq\260\312\201\263\271\376m7S\363S\306\344"
 11950      71B0CA81 
 11950      B3B9FE6D 
 11950      3753F353 
 11950      C6E4
 11951 2b3d 46C1E486 		.ascii	"F\301\344\2062I\002&\267\214\211\257\177t\215+\311A"
 11951      32490226 
 11951      B78C89AF 
 11951      7F748D2B 
 11951      C941
 11952 2b4f 2643C9D1 		.ascii	"&C\311\3219F\336\334\200\353\027o\006\300\240K\303\356"
 11952      3946DEDC 
 11952      80EB176F 
 11952      06C0A04B 
 11952      C3EE
 11953 2b61 BCB8E38C 		.ascii	"\274\270\343\214,\236pG\031\035\377\027\030\3712F\361"
 11953      2C9E7047 
 11953      191DFF17 
 11953      18F93246 
 11953      F1
 11954 2b72 8DC73ECE 		.ascii	"\215\307>\316\244\006\031\255^{\027\3528\243\251\224"
 11954      A40619AD 
 11954      5E7B17EA 
 11954      38A3A994 
 11955 2b82 E74B6DBD 		.ascii	"\347Km\275&\312\210\336o\372\300\031YN\274<PF\211\277"
 11955      26CA88DE 
 11955      6FFAC019 
 11955      594EBC3C 
 11955      504689BF 
 11956 2b96 6E27981C 		.ascii	"n'\230\034(\243\343\332k\250\374\215\310\250`\256 Y"
 11956      28A3E3DA 
 11956      6BA8FC8D 
 11956      C8A860AE 
 11956      2059
 11957 2ba8 4F3A3151 		.ascii	"O:1Q8\337\266\250#}o\177\300\031HO\007\345\321\302\303"
 11957      38DFB6A8 
 11957      237D6F7F 
 11957      C019484F 
 11957      07E5D1C2 
 11958 2bbd FABE1947 		.ascii	"\372\276\031G2\206\244\211\231\275\361\202\255\203\211"
 11958      3286A489 
ARM GAS  /tmp/cckyrRJs.s 			page 405


 11958      99BDF182 
 11958      AD8389
 11959 2bcc 5E0EC426 		.ascii	"^\016\304&u\371\321\354\333d\031\211\307\357\333JdK"
 11959      75F9D1EC 
 11959      DB641989 
 11959      C7EFDB4A 
 11959      644B
 11960 2bde B3A3B2DD 		.ascii	"\263\243\262\335\336\276\016\2269\236\364\245\013h\225"
 11960      DEBE0E96 
 11960      399EF4A5 
 11960      0B6895
 11961 2bed F790EE68 		.ascii	"\367\220\356h62\336Q\215N\360\203\234\245\244[ek\247"
 11961      3632DE51 
 11961      8D4EF083 
 11961      9CA5A45B 
 11961      656BA7
 11962 2c00 3A728DA4 		.ascii	":r\215\244\221\335\233\235\204x>\303P|\033\233d$A\230"
 11962      91DD9B9D 
 11962      84783EC3 
 11962      507C1B9B 
 11962      64244198 
 11963 2c14 A874F38B 		.ascii	"\250t\363\213u%1\230\350\311\334\\U\331\247\032\354"
 11963      75253198 
 11963      E8C9DC5C 
 11963      55D9A71A 
 11963      EC
 11964 2c25 606BDC75 		.ascii	"`k\334uZ\236\025a$i\317>\300\236a6,27\332U\257#\331"
 11964      5A9E1561 
 11964      2469CF3E 
 11964      C09E6136 
 11964      2C3237DA 
 11965 2c3d 48DA35D7 		.ascii	"H\3325\327\226\344`\313\236\341\220\255-\352\262\331"
 11965      96E460CB 
 11965      9EE190AD 
 11965      2DEAB2D9 
 11966 2c4d FE311752 		.ascii	"\3761\027R\312\250\365+\353\036\323,\352>\226\334\254"
 11966      CAA8F52B 
 11966      EB1ED32C 
 11966      EA3E96DC 
 11966      AC
 11967 2c5e 76DF2B9E 		.ascii	"v\337+\236T\364\006z\017\340\023\353`i\224\025\007\033"
 11967      54F4067A 
 11967      0FE013EB 
 11967      60699415 
 11967      071B
 11968 2c70 7B7BF9F1 		.ascii	"{{\371\361C\177\260\241\017\307V\217\243\327M\274'\021"
 11968      437FB0A1 
 11968      0FC7568F 
 11968      A3D74DBC 
 11968      2711
 11969 2c82 01CC43AD 		.ascii	"\001\314C\255\230\333\216\242\342\241?;\206\313N\\8"
 11969      98DB8EA2 
 11969      E2A13F3B 
 11969      86CB4E5C 
 11969      38
 11970 2c93 3C179200 		.ascii	"<\027\222\000\022\001\342\001\242\001\242\000\342\000"
 11970      1201E201 
ARM GAS  /tmp/cckyrRJs.s 			page 406


 11970      A201A200 
 11970      E200
 11971 2ca1 121CA4D7 		.ascii	"\022\034\244\327\205\364I\316F\272+\204\263\276%l\247"
 11971      85F449CE 
 11971      46BA2B84 
 11971      B3BE256C 
 11971      A7
 11972 2cb2 47A24B80 		.ascii	"G\242K\200\002]\261\317{\264_\302>R\205\275\324VR\376"
 11972      025DB1CF 
 11972      7BB45FC2 
 11972      3E5285BD 
 11972      D45652FE 
 11973 2cc6 812AFC25 		.ascii	"\201*\374%\342ts\364\020\007\203\020\244@\267\264\177"
 11973      E27473F4 
 11973      10078310 
 11973      A440B7B4 
 11973      7F
 11974 2cd7 50AE81E3 		.ascii	"P\256\201\343\003/\264*\207%\351-\335?\203\351h\255"
 11974      032FB42A 
 11974      8725E92D 
 11974      DD3F83E9 
 11974      68AD
 11975 2ce9 7B98BC11 		.ascii	"{\230\274\021,]\237\272\315N\326\034$\003\0237\007\014"
 11975      2C5D9FBA 
 11975      CD4ED61C 
 11975      24031337 
 11975      070C
 11976 2cfb 229652A1 		.ascii	"\"\226R\241O\2409\210\377c;!\205\205\021\317\261\356"
 11976      4FA03988 
 11976      FF633B21 
 11976      858511CF 
 11976      B1EE
 11977 2d0d 6F930A74 		.ascii	"o\223\012t\320\343\246\223\014G\036\216\272\212\354"
 11977      D0E3A693 
 11977      0C471E8E 
 11977      BA8AEC
 11978 2d1c E3AA0BFD 		.ascii	"\343\252\013\375L\241\317\331\241\313T\005'xb\3674\346"
 11978      4CA1CFD9 
 11978      A1CB5405 
 11978      277862F7 
 11978      34E6
 11979 2d2e 37EC8434 		.ascii	"7\354\2044\306\307;i\033\236\324\361\312\227\236<\302"
 11979      C6C73B69 
 11979      1B9ED4F1 
 11979      CA979E3C 
 11979      C2
 11980 2d3f CFFD3DA7 		.ascii	"\317\375=\247A\267\341.\215\337\270\220J[\031\257\352"
 11980      41B7E12E 
 11980      8DDFB890 
 11980      4A5B19AF 
 11980      EA
 11981 2d50 9007423A 		.ascii	"\220\007B:\020\267!j\366FKz01vzrK\310\000&\246\253L"
 11981      10B7216A 
 11981      F6464B7A 
 11981      3031767A 
 11981      724BC800 
 11982 2d68 A7F6640C 		.ascii	"\247\366d\014\023\271m>;\366\346\031\005\034q\205V^"
ARM GAS  /tmp/cckyrRJs.s 			page 407


 11982      13B96D3E 
 11982      3BF6E619 
 11982      051C7185 
 11982      565E
 11983 2d7a 24A9CFCB 		.ascii	"$\251\317\313\347;\320\365k\007>\342\252\311\212\372"
 11983      E73BD0F5 
 11983      6B073EE2 
 11983      AAC98AFA 
 11984 2d8a 37B25318 		.ascii	"7\262S\030\016\322pT \211)\367\363Q\221F\262\210\331"
 11984      0ED27054 
 11984      208929F7 
 11984      F3519146 
 11984      B288D9
 11985 2d9d A69F47A7 		.ascii	"\246\237G\2479\252\321\011\205`\025)i\361`h\227\023"
 11985      39AAD109 
 11985      85601529 
 11985      69F16068 
 11985      9713
 11986 2daf D944D2B5 		.ascii	"\331D\322\265\305V\037\0039\302Do\243\373\235\326v\320"
 11986      C5561F03 
 11986      39C2446F 
 11986      A3FB9DD6 
 11986      76D0
 11987 2dc1 29B11974 		.ascii	")\261\031t\342\242fSp)\244\324A\234>*\236\030\273\260"
 11987      E2A26653 
 11987      7029A4D4 
 11987      419C3E2A 
 11987      9E18BBB0 
 11988 2dd5 D8A0CC81 		.ascii	"\330\240\314\201=\354X\274\215U_\304/\247Fx!\032!\367"
 11988      3DEC58BC 
 11988      8D555FC4 
 11988      2FA74678 
 11988      211A21F7 
 11989 2de9 B55FB66C 		.ascii	"\265_\266l\241\257\\f\205\012\211*~\247}\3410ZA\351"
 11989      A1AF5C66 
 11989      850A892A 
 11989      7EA77DE1 
 11989      305A41E9 
 11990 2dfd 87E6F3B2 		.ascii	"\207\346\363\262\035\325\350\204JP@Jz\352\037\337\242"
 11990      1DD5E884 
 11990      4A50404A 
 11990      7AEA1FDF 
 11990      A2
 11991 2e0e 25DEEF30 		.ascii	"%\336\3570\322\235\314\223\013\331\361\227-Y;P#\241"
 11991      D29DCC93 
 11991      0BD9F197 
 11991      2D593B50 
 11991      23A1
 11992 2e20 EB394E4D 		.ascii	"\3539NMt$\241H\027\221TxbP\243\023j!K)i\360\335\376"
 11992      7424A148 
 11992      17915478 
 11992      6250A313 
 11992      6A214B29 
 11993 2e38 2A21F148 		.ascii	"*!\361H\352\021\235\036\356B20\261\352q\011\275\352"
 11993      EA119D1E 
 11993      EE423230 
 11993      B1EA7109 
ARM GAS  /tmp/cckyrRJs.s 			page 408


 11993      BDEA
 11994 2e4a 224C5CE4 		.ascii	"\"L\\\344TzkH5K\0307\253c\343\034\245\367U\362\303u"
 11994      547A6B48 
 11994      354B1837 
 11994      AB63E31C 
 11994      A5F755F2 
 11995 2e60 09E205E7 		.ascii	"\011\342\005\347U\220A1d\324\361\306 9\233L,\327\034"
 11995      55904131 
 11995      64D4F1C6 
 11995      20399B4C 
 11995      2CD71C
 11996 2e73 3572744B 		.ascii	"5rtK\001X\337?x\235$A\317R\240c\030\272#\026\366R\374"
 11996      0158DF3F 
 11996      789D2441 
 11996      CF52A063 
 11996      18BA2316 
 11997 2e8a 6C157C49 		.ascii	"l\025|I\330\272N\224\204\271\034\205\364\212\273\026"
 11997      D8BA4E94 
 11997      84B91C85 
 11997      F48ABB16 
 11998 2e9a 45F42250 		.ascii	"E\364\"P6WEY\345\301\272L\207gB\206\003\213\203<VuA"
 11998      36574559 
 11998      E5C1BA4C 
 11998      87674286 
 11998      038B833C 
 11999 2eb1 4CEA04E8 		.ascii	"L\352\004\350\001\350\006h\002h\007h\003h\005h\001h"
 11999      01E80668 
 11999      02680768 
 11999      03680568 
 11999      0168
 12000 2ec3 9686FBD6 		.ascii	"\226\206\373\326xI\316\365\212\234\025\367\232\306I"
 12000      7849CEF5 
 12000      8A9C15F7 
 12000      9AC649
 12001 2ed2 D01B6CA3 		.ascii	"\320\033l\243K\256\314O\340\330/\001\273Z\201\255h\034"
 12001      4BAECC4F 
 12001      E0D82F01 
 12001      BB5A81AD 
 12001      681C
 12002 2ee4 56A5C2D4 		.ascii	"V\245\302\324\251\340\363#w\027\257=<\234\037\3334\007"
 12002      A9E0F323 
 12002      7717AF3D 
 12002      3C9C1FDB 
 12002      3407
 12003 2ef6 BB30E39F 		.ascii	"\2730\343\237a\021:\216<\356/\222D\361C\257.\026\305"
 12003      61113A8E 
 12003      3CEE2F92 
 12003      44F143AF 
 12003      2E16C5
 12004 2f09 7B81593A 		.ascii	"{\201Y:\217\275\026\243\247c\024\017\206(\336\307\242"
 12004      8FBD16A3 
 12004      A763140F 
 12004      8628DEC7 
 12004      A2
 12005 2f1a 6F45F360 		.ascii	"oE\363`\2633\251C/\337\252\3152X\242x\220$\212\367+"
 12005      B333A943 
 12005      2FDFAACD 
ARM GAS  /tmp/cckyrRJs.s 			page 409


 12005      3258A278 
 12005      90248AF7 
 12006 2f2f A2783F8D 		.ascii	"\242x?\215\342\376\020\305\007\030\237\262\255\312N"
 12006      E2FE10C5 
 12006      07189FB2 
 12006      ADCA4E
 12007 2f3e 0369453E 		.ascii	"\003iE>\301Q\311\275\216\026\221\372$\"\015*D\032D\221"
 12007      C151C9BD 
 12007      8E1691FA 
 12007      24220D2A 
 12007      441A4491 
 12008 2f52 DC41A421 		.ascii	"\334A\244!\306\352>,<\313\205\364#\253\020\017\010\225"
 12008      C6EA3E2C 
 12008      3CCB85F4 
 12008      23AB100F 
 12008      0895
 12009 2f64 63F8DD14 		.ascii	"c\370\335\024\325\337\353l\236\246\344kW\0155\275N\322"
 12009      D5DFEB6C 
 12009      9EA6E46B 
 12009      570D35BD 
 12009      4ED2
 12010 2f76 20466F2D 		.ascii	" Fo-\265x\371\030\215b\243b\024\333\010Yos\221\206\206"
 12010      B578F918 
 12010      8D62A362 
 12010      14DB0859 
 12010      6F739186 
 12011 2f8b 3159141B 		.ascii	"1Y\024\033\227\304\205\000\317\332RG\262\206\031\317"
 12011      97C48500 
 12011      CFDA5247 
 12011      B28619CF 
 12012 2f9b 5D762F68 		.ascii	"]v/h\325"
 12012      D5
 12013 2fa0 E8840950 		.ascii	"\350\204\011P@J\2325\276\234\252!g\357\250\3567\037"
 12013      404A9A35 
 12013      BE9CAA21 
 12013      67EFA8EE 
 12013      371F
 12014 2fb2 DC0F8ED3 		.ascii	"\334\017\216\323\230w\304Oc4\366\232\213;q6?\234\301"
 12014      9877C44F 
 12014      6334F69A 
 12014      8B3B7136 
 12014      3F9CC1
 12015 2fc5 87C35B81 		.ascii	"\207\303[\201\035.f\215g\035\336\264Oi\336A~G\213w\276"
 12015      1D2E668D 
 12015      671DDEB4 
 12015      4F69DE41 
 12015      7E478B77 
 12016 2fda 3DF1FE38 		.ascii	"=\361\3768\032\356\246rV\371Z\217\005\220[NT\341\023"
 12016      1AEEA672 
 12016      56F95A8F 
 12016      05905B4E 
 12016      54E113
 12017 2fed B02DD373 		.ascii	"\260-\323sQ\346\314K\016|\204\177R\037\034%\333\313"
 12017      51E6CC4B 
 12017      0E7C847F 
 12017      521F1C25 
 12017      DBCB
ARM GAS  /tmp/cckyrRJs.s 			page 410


 12018 2fff 0E       		.ascii	"\016"
 12019 3000 BF488CBE 		.ascii	"\277H\214\276L\215>'\032}/\241\303G\266\251iYf\364\025"
 12019      4C8D3E27 
 12019      1A7D2FA1 
 12019      C347B6A9 
 12019      695966F4 
 12020 3015 89E56AFB 		.ascii	"\211\345j\373<\017\\I$\012\235\353\236\273\253Q\243"
 12020      3C0F5C49 
 12020      240A9DEB 
 12020      9EBBAB51 
 12020      A3
 12021 3026 13564178 		.ascii	"\023VAx)i\311\344\322\255=\311\371\370\007t\265\327"
 12021      2969C9E4 
 12021      D2AD3DC9 
 12021      F9F80774 
 12021      B5D7
 12022 3038 6D749657 		.ascii	"mt\226W\267\257#\004R\212\244{1\033&b\253\253\275\001"
 12022      B7AF2304 
 12022      528AA47B 
 12022      311B2662 
 12022      ABABBD01 
 12023 304c 19DAA24E 		.ascii	"\031\332\242N\362j_\302\011\335M\370\225o\203\362_\216"
 12023      F26A5FC2 
 12023      09DD4DF8 
 12023      956F83F2 
 12023      5F8E
 12024 305e 743217DB 		.ascii	"t2\027\333\026\026[m\331\306\240\372<\363\016\265\331"
 12024      16165B6D 
 12024      D9C6A0FA 
 12024      3CF30EB5 
 12024      D9
 12025 306f B668B3D4 		.ascii	"\266h\263\324\240\350_\225\252\276#3\331\256t\034\263"
 12025      A0E85F95 
 12025      AABE2333 
 12025      D9AE741C 
 12025      B3
 12026 3080 D81F2390 		.ascii	"\330\037#\220:\024\276\274\2632\221\250\321\011{\240"
 12026      3A14BEBC 
 12026      B33291A8 
 12026      D1097BA0 
 12027 3090 819434DC 		.ascii	"\201\2244\334\277}\337@\272?\256Z\267\362b\013\303\034"
 12027      BF7DDF40 
 12027      BA3FAE5A 
 12027      B7F2620B 
 12027      C31C
 12028 30a2 54253EA2 		.ascii	"T%>\242\022\037\212\022_\214\034\\\313\262>\222\211"
 12028      121F8A12 
 12028      5F8C1C5C 
 12028      CBB23E92 
 12028      89
 12029 30b3 7C2C6DE5 		.ascii	"|,m\345\247M\020r\2060\337\200\375\224v\215\032\235"
 12029      A74D1072 
 12029      8630DF80 
 12029      FD94768D 
 12029      1A9D
 12030 30c5 7002224B 		.ascii	"p\002\"KH\3553['']\331QWq\376\250\316\265\261(\034\347"
 12030      48ED335B 
ARM GAS  /tmp/cckyrRJs.s 			page 411


 12030      27275DD9 
 12030      515771FE 
 12030      A8CEB5B1 
 12031 30dc 8F4E01F1 		.ascii	"\217N\001\361\000\010^\253El\233\247J\355\030>\233\372"
 12031      00085EAB 
 12031      456C9BA7 
 12031      4AED183E 
 12031      9BFA
 12032 30ee 80B07A0E 		.ascii	"\200\260z\016p\001p&mpV\177\204!\376\025d0\245\310@"
 12032      70017026 
 12032      6D70567F 
 12032      8421FE15 
 12032      6430A5C8 
 12033 3103 3141F563 		.ascii	"1A\365c\304\236\004\354\021\025q$\255\372\017\021{\037"
 12033      C49E04EC 
 12033      11157124 
 12033      ADFA0F11 
 12033      7B1F
 12034 3115 B0D76CF3 		.ascii	"\260\327l\363\346\255GB\346\331\235\213|\372\307|2\226"
 12034      E6AD4742 
 12034      E6D99D8B 
 12034      7CFAC77C 
 12034      3296
 12035 3127 2E35BD41 		.ascii	".5\275A\015\240\356N^H\242\255\304\021\304\366\245\004"
 12035      0DA0EE4E 
 12035      5E48A2AD 
 12035      C411C4F6 
 12035      A504
 12036 3139 E7C2234F 		.ascii	"\347\302#O\223\357#\341\012h\206yD\266\030d\230\206"
 12036      93EF23E1 
 12036      0A688679 
 12036      44B61864 
 12036      9886
 12037 314b F6CE3FB2 		.ascii	"\366\316?\262\023\256Y<\366\012^\\\024H\322'Xy\361K"
 12037      13AE593C 
 12037      F60A5E5C 
 12037      1448D227 
 12037      5879F14B 
 12038 315f EF9FE0A5 		.ascii	"\357\237\340\245\367\257\372\375\327\235I.\376t{\270"
 12038      F7AFFAFD 
 12038      D79D492E 
 12038      FE747BB8 
 12039 316f 9E4F4819 		.ascii	"\236OH\031&j\002\373\357\210\255\267$\334;\330zK\302"
 12039      266A02FB 
 12039      EF88ADB7 
 12039      24DC3BD8 
 12039      7A4BC2
 12040 3182 C3ED4294 		.ascii	"\303\355B\224\206\324\"\355\366H\331\270+i\301Da\216"
 12040      86D422ED 
 12040      F648D9B8 
 12040      2B69C144 
 12040      618E
 12041 3194 E7B69174 		.ascii	"\347\266\221t\262\204}\252_\325\201QZ\376C\003d(#$\020"
 12041      B2847DAA 
 12041      5FD58151 
 12041      5AFE4303 
 12041      64282324 
ARM GAS  /tmp/cckyrRJs.s 			page 412


 12042 31a9 9A2CE001 		.ascii	"\232,\340\001\335]\223#\014L\034\255\306\232o:\336O"
 12042      DD5D9323 
 12042      0C4C1CAD 
 12042      C69A6F3A 
 12042      DE4F
 12043 31bb 91A92C3E 		.ascii	"\221\251,>\216\317\005\017\000/\000oG\351m\330\037\307"
 12043      8ECF050F 
 12043      002F006F 
 12043      47E96DD8 
 12043      1FC7
 12044 31cd 912CE57E 		.ascii	"\221,\345~\347`\203\373\255\203e\344\367\011\013\256"
 12044      E76083FB 
 12044      AD8365E4 
 12044      F7090BAE 
 12045 31dd BB2D4924 		.ascii	"\273-I$\335\263\305\304wp\032\220\32677\216l\273\344"
 12045      DDB3C5C4 
 12045      77701A90 
 12045      D637378E 
 12045      6CBBE4
 12046 31f0 87D6D2FB 		.ascii	"\207\326\322\373\214*3\341\364\362\3327\350\000\324"
 12046      8C2A33E1 
 12046      F4F2DA37 
 12046      E800D4
 12047 31ff 2B2195AD 		.ascii	"+!\225\255\204\267\352P\362EX\362\276@s\303K\336b\215"
 12047      84B7EA50 
 12047      F24558F2 
 12047      BE4073C3 
 12047      4BDE628D 
 12048 3213 1B5AF2A3 		.ascii	"\033Z\362\243P\362~\216\264\344\323\375\3532\365d\000"
 12048      50F27E8E 
 12048      B4E4D3FD 
 12048      EB32F564 
 12048      00
 12049 3224 0B22A67C 		.ascii	"\013\"\246|\252\335@f0\261\262Z\324\346b{T\022\340h"
 12049      AADD4066 
 12049      30B1B25A 
 12049      D4E6627B 
 12049      5412E068 
 12050 3238 6B545273 		.ascii	"kTRs\263\270\303z)\255\254K\260W\261E\247\331\003\035"
 12050      B3B8C37A 
 12050      29ADAC4B 
 12050      B057B145 
 12050      A7D9031D 
 12051 324c 0D82BFA3 		.ascii	"\015\202\277\243\365\304\027<\261{Z\362\276\235\020"
 12051      F5C4173C 
 12051      B17B5AF2 
 12051      BE9D10
 12052 325b C4A438F1 		.ascii	"\304\2448\361J\253\320\220U\3148\265\372\340@\313\371"
 12052      4AABD090 
 12052      55CC38B5 
 12052      FAE040CB 
 12052      F9
 12053 326c DCA613D3 		.ascii	"\334\246\023\323s\306#X\301#\230\362\250\003\036!\214"
 12053      73C62358 
 12053      C12398F2 
 12053      A8031E21 
 12053      8C
ARM GAS  /tmp/cckyrRJs.s 			page 413


 12054 327d 47465A41 		.ascii	"GFZA\25239D\036\315\027c%F\316\343 \233\366\337\264"
 12054      AA333944 
 12054      1ECD1763 
 12054      2546CEE3 
 12054      209BF6DF 
 12055 3292 ACD31BAA 		.ascii	"\254\323\033\252\340\022J\271t\001\2270\306%y\243\261"
 12055      E0124AB9 
 12055      74019730 
 12055      C62579A3 
 12055      B1
 12056 32a3 86AEEA50 		.ascii	"\206\256\352Pd\274m\265(\264{\315\221\\ \337\312\256"
 12056      64BC6DB5 
 12056      28B47BCD 
 12056      915C20DF 
 12056      CAAE
 12057 32b5 809F70B6 		.ascii	"\200\237p\266\263\331T4\212\027\241`J\237\204;>{\232"
 12057      B3D95434 
 12057      8A17A160 
 12057      4A9F843B 
 12057      3E7B9A
 12058 32c8 017C2319 		.ascii	"\001|#\031_\367\253\2666\2728D[~\312\250jesTO\274\177"
 12058      5FF7ABB6 
 12058      36BA3844 
 12058      5B7ECAA8 
 12058      6A657354 
 12059 32df 0E8F5364 		.ascii	"\016\217Sd\226\356\323\005\012\023\260\275\367\261\007"
 12059      96EED305 
 12059      0A13B0BD 
 12059      F7B107
 12060 32ee 0FC37788 		.ascii	"\017\303w\210Ds\306\242\203\321t\024\260\035\003\266"
 12060      4473C6A2 
 12060      83D17414 
 12060      B01D03B6 
 12061 32fe 318C6D79 		.ascii	"1\214myT\026\324\316hds\031V\032\355\300\331\354y\022"
 12061      5416D4CE 
 12061      68647319 
 12061      561AEDC0 
 12061      D9EC7912 
 12062 3312 93136312 		.ascii	"\223\023c\022k\305$\2263Y\002&q\214I\326uj\210\201$"
 12062      6BC52496 
 12062      33590226 
 12062      718C49D6 
 12062      756A8881 
 12063 3327 2313EFC6 		.ascii	"#\023\357\306\211\011=W\2613\332\201Y\216\256-\305+"
 12063      89093D57 
 12063      B133DA81 
 12063      598EAE2D 
 12063      C52B
 12064 3339 948CA796 		.ascii	"\224\214\247\226\013\000.\011\214\313\340\365\364KW"
 12064      0B002E09 
 12064      8CCBE0F5 
 12064      F44B57
 12065 3348 6E3936F6 		.ascii	"n96\366,\236\277\206X\201\\C\023\303\257E\337\330\310"
 12065      2C9EBF86 
 12065      58815C43 
 12065      13C3AF45 
 12065      DFD8C8
ARM GAS  /tmp/cckyrRJs.s 			page 414


 12066 335b B2944792 		.ascii	"\262\224G\222\202+}\222\010\342\245\274g'$3\306\205"
 12066      822B7D92 
 12066      08E2A5BC 
 12066      67272433 
 12066      C685
 12067 336d 7B89CBD0 		.ascii	"{\211\313\320\177EF1\007\375^\032\316h'K,\201\024\005"
 12067      7F454631 
 12067      07FD5E1A 
 12067      CE68274B 
 12067      2C811405 
 12068 3381 9B14CEA6 		.ascii	"\233\024\316\246\032\330\24426\015\373\247\203.\244"
 12068      1AD8A432 
 12068      360DFBA7 
 12068      832EA4
 12069 3390 15D9F8EC 		.ascii	"\025\331\370\354\234\324\210\362\234\245\213l\322\024"
 12069      9CD488F2 
 12069      9CA58B6C 
 12069      D214
 12070 339e 6CD2389B 		.ascii	"l\3228\2336`\223\316\330\354\305\237'\011\244\007\331"
 12070      366093CE 
 12070      D8ECC59F 
 12070      2709A407 
 12070      D9
 12071 33af D49E67EE 		.ascii	"\324\236g\356\211\322tV\021\263\2612\024\2142\250\261"
 12071      89D27456 
 12071      11B3B132 
 12071      148C32A8 
 12071      B1
 12072 33c0 1E804B26 		.ascii	"\036\200K&\343\322\365\262\324\315\231L\"\227\216\206"
 12072      E3D2F5B2 
 12072      D4CD994C 
 12072      22978E86 
 12073 33d0 FD55D1E4 		.ascii	"\375U\321\344\033Q\016f\343d)\270dqq\012\200Q6c\224"
 12073      1B510E66 
 12073      E36429B8 
 12073      6471710A 
 12073      80513663 
 12074 33e5 BA9A3DAA 		.ascii	"\272\232=\252\301\227\360\231|]b,W<=\301+\2366J&n\264"
 12074      C197F099 
 12074      7C5D622C 
 12074      573C3DC1 
 12074      2B9E364A 
 12075 33fc FC774FBA 		.ascii	"\374wO\272J\325\322\026>\311\357\330\246g\354\023\306"
 12075      4AD5D216 
 12075      3EC9EFD8 
 12075      A667EC13 
 12075      C6
 12076 340d 0706F94B 		.ascii	"\007\006\371K\374L\255\324\335_\015\245x\363\337\365"
 12076      FC4CADD4 
 12076      DD5F0DA5 
 12076      78F3DFF5 
 12077 341d B465B83F 		.ascii	"\264e\270?N\327\363\337\013\351\374\314dz\257\217\370"
 12077      4ED7F3DF 
 12077      0BE9FCCC 
 12077      647AAF8F 
 12077      F8
 12078 342e 209A5ECA 		.ascii	" \232^\312#^\033\360\004\257\015\350\314\217\210r\345"
ARM GAS  /tmp/cckyrRJs.s 			page 415


 12078      235E1BF0 
 12078      04AF0DE8 
 12078      CC8F8872 
 12078      E5
 12079 343f BFF7B159 		.ascii	"\277\367\261Yu~\343\320\023\274q\350z>9\227\013\334"
 12079      757EE3D0 
 12079      13BC71E8 
 12079      7A3E3997 
 12079      0BDC
 12080 3451 4C15102F 		.ascii	"L\025\020/3z\202\227\031\315\025?$r\362ez\213\200\370"
 12080      337A8297 
 12080      19CD153F 
 12080      2472F265 
 12080      7A8B80F8 
 12081 3465 C2C227F8 		.ascii	"\302\302'\370\302\302\211\224\361\000G\374\271\224\212"
 12081      C2C28994 
 12081      F10047FC 
 12081      B9948A
 12082 3474 275EDFF9 		.ascii	"'^\337\371\004\257\357\334\251\016,\340?OSt\361\215"
 12082      04AFEFDC 
 12082      A90E2CE0 
 12082      3F4F5374 
 12082      F18D
 12083 3486 5E4FF08D 		.ascii	"^O\360\215^\323S\353c\2349\323%~\252\177\227\247\231"
 12083      5ED353EB 
 12083      639C39D3 
 12083      257EAA7F 
 12083      97A799
 12084 3499 2A919533 		.ascii	"*\221\2253\223\374~-\023e\327Z\337\261\347*]ed\027\334"
 12084      93FC7E2D 
 12084      1365D75A 
 12084      DFB1E72A 
 12084      5D656417 
 12085 34ae 393EE32F 		.ascii	"9>\343/1hp4\337i\005\310i\021\225\023N\377\252\332\344"
 12085      31687034 
 12085      DF6905C8 
 12085      69119513 
 12085      4EFFAADA 
 12086 34c3 9B6A6A26 		.ascii	"\233jj&\3647\210\355B\035 \177\025J\017>j\001j\000\252"
 12086      F43788ED 
 12086      421D207F 
 12086      154A0F3E 
 12086      6A016A00 
 12087 34d8 01AA002A 		.ascii	"\001\252\000*\001*\000\312\001^\000\224\001\224\002"
 12087      012A00CA 
 12087      015E0094 
 12087      019402
 12088 34e7 94001403 		.ascii	"\224\000\024\003@}-\202\217B\200\002\200|\200<\200\\"
 12088      407D2D82 
 12088      8F428002 
 12088      807C803C 
 12088      805C
 12089 34f9 801C4716 		.ascii	"\200\034G\026p\2036b&\\\311\022:Q_b\302(_\3701\271\345"
 12089      70833662 
 12089      265CC912 
 12089      3A515F62 
 12089      C2285FF8 
ARM GAS  /tmp/cckyrRJs.s 			page 416


 12090 3510 7EC3D3F4 		.ascii	"~\303\323\364!&C\023\367!\213\324\364I\243\343\277\202"
 12090      21264313 
 12090      F7218BD4 
 12090      F449A3E3 
 12090      BF82
 12091 3522 6FCDCC83 		.ascii	"o\315\314\203\246\316.Z\015d\035\271\254\317\037\216"
 12091      A6CE2E5A 
 12091      0D641DB9 
 12091      ACCF1F8E 
 12092 3532 F2170E9D 		.ascii	"\362\027\016\235\261\031\232\214\264Vqv\216\226\356"
 12092      B1199A8C 
 12092      B4567176 
 12092      8E96EE
 12093 3541 8BC08D13 		.ascii	"\213\300\215\023\376\202\242#\372\373\365\301\355\015"
 12093      FE82A223 
 12093      FAFBF5C1 
 12093      ED0D
 12094 354f 9FCC6BA7 		.ascii	"\237\314k\247\351\231\332\007\361n\253TZ\000\321\033"
 12094      E999DA07 
 12094      F16EAB54 
 12094      5A00D11B 
 12095 355f 03277AB2 		.ascii	"\003'z\262\205\314\307\207\027\263\0109\305\304|yP\233"
 12095      85CCC787 
 12095      17B30839 
 12095      C5C47C79 
 12095      509B
 12096 3571 23B9C544 		.ascii	"#\271\305Daoq\244lB'Wv\354\266\327Q<\002\265\226\264"
 12096      616F71A4 
 12096      6C422757 
 12096      76ECB6D7 
 12096      513C02B5 
 12097 3587 E2423C3F 		.ascii	"\342B<?\311\210\362^\236f\351H\020&\374\012\375:]H4"
 12097      C988F25E 
 12097      9E66E948 
 12097      1026FC0A 
 12097      FD3A5D48 
 12098 359c 4B68F687 		.ascii	"Kh\366\207'\177Qx\374\334\366M\371\003\240\377 oN\207"
 12098      277F5178 
 12098      FCDCF64D 
 12098      F903A0FF 
 12098      206F4E87 
 12099 35b0 A4DD80A5 		.ascii	"\244\335\200\245\236_I\221\\\252B\2571\031Tm\260\323"
 12099      9E5F4991 
 12099      5CAA42AF 
 12099      3119546D 
 12099      B0D3
 12100 35c2 9BEAA0B3 		.ascii	"\233\352\240\263\235\215\231\257E\227e\030T.\346\037"
 12100      9D8D99AF 
 12100      45976518 
 12100      542EE61F 
 12101 35d2 56664747 		.ascii	"VfGG>;K\267\204T\"\371\312|W\251\013\251\306D\335EB"
 12101      3E3B4BB7 
 12101      845422F9 
 12101      CA7C57A9 
 12101      0BA9C644 
 12102 35e9 9D2B69C4 		.ascii	"\235+i\304\304\300\253\207\023\003\351\300D@\324~6\014"
 12102      C4C0AB87 
ARM GAS  /tmp/cckyrRJs.s 			page 417


 12102      1303E9C0 
 12102      4440D47E 
 12102      360C
 12103 35fb 9A31D1BE 		.ascii	"\2321\321\276>\026\252|#\315$d6\345(\035\357u\245\216"
 12103      3E16AA7C 
 12103      23CD2464 
 12103      36E5281D 
 12103      EF75A58E 
 12104 360f C6C98666 		.ascii	"\306\311\206fS2\225\246E\313\216^\373\336k\311\0142"
 12104      533295A6 
 12104      45CB8E5E 
 12104      FBDE6BC9 
 12104      0C32
 12105 3621 9F0A1C9B 		.ascii	"\237\012\034\233\323\221\025L\\\307\335\226\031m\037"
 12105      D391154C 
 12105      5CC7DD96 
 12105      196D1F
 12106 3630 429D75B4 		.ascii	"B\235u\264u\010\265s(\365\324\221l\"umX\370\276#\331"
 12106      7508B573 
 12106      28F5D491 
 12106      6C22756D 
 12106      58F8BE23 
 12107 3645 E7761AAA 		.ascii	"\347v\032\252h\221\235\230\221\276\036GX\000n\3467\344"
 12107      68919D98 
 12107      91BE1E47 
 12107      58006EE6 
 12107      37E4
 12108 3657 1C04A60E 		.ascii	"\034\004\246\016\312\307\251\216\322\323{K\242\334\213"
 12108      CAC7A98E 
 12108      D2D37B4B 
 12108      A2DC8B
 12109 3666 B1017546 		.ascii	"\261\001uFb\372\024n\232\0129\251\321\023\037L\370\\"
 12109      62FA146E 
 12109      9A0A39A9 
 12109      D1131F4C 
 12109      F85C
 12110 3678 AE96BA92 		.ascii	"\256\226\272\222P\226\320\0076\026\034\273\342|\336"
 12110      5096D007 
 12110      36161CBB 
 12110      E27CDE
 12111 3687 13EC5942 		.ascii	"\023\354YBW\351\376%_\246\235\203\376\305\012\344\276"
 12111      57E9FE25 
 12111      5FA69D83 
 12111      FEC50AE4 
 12111      BE
 12112 3698 E5A8763F 		.ascii	"\345\250v?\270\211\337(\000\335x\212\274\372Fdz!N\235"
 12112      B889DF28 
 12112      00DD788A 
 12112      BCFA4664 
 12112      7A214E9D 
 12113 36ac E5B571CB 		.ascii	"\345\265q\313\037\204\274\321\315\345\240\033Q\307>"
 12113      1F84BCD1 
 12113      CDE5A01B 
 12113      51C73E
 12114 36bb 087BB191 		.ascii	"\010{\261\221\263\206\262\023&\324\261UnK\247\330\264"
 12114      B386B213 
 12114      26D4B155 
ARM GAS  /tmp/cckyrRJs.s 			page 418


 12114      6E4BA7D8 
 12114      B4
 12115 36cc C0D6A007 		.ascii	"\300\326\240\007\371\012`\035`\007`\033`\023`\027`\303"
 12115      F90A601D 
 12115      6007601B 
 12115      60136017 
 12115      60C3
 12116 36de 5C2D40EF 		.ascii	"\\-@\357\311\006\211\225f>H\272\203z.\035\224\2200\377"
 12116      C9068995 
 12116      663E48BA 
 12116      837A2E1D 
 12116      949030FF 
 12117 36f2 41D8ABBF 		.ascii	"A\330\253\277\2116\205\012.\214\253#\323@\344\321\274"
 12117      8936850A 
 12117      2E8CAB23 
 12117      D340E4D1 
 12117      BC
 12118 3703 A2253158 		.ascii	"\242%1X\264\356\021c\205z\222\210\211U\317\224\337\261"
 12118      B4EE1163 
 12118      857A9288 
 12118      8955CF94 
 12118      DFB1
 12119 3715 350A01B7 		.ascii	"5\012\001\267\2631\012\211\212\337xJ2\2212 \360\276"
 12119      B3310A89 
 12119      8ADF784A 
 12119      32913220 
 12119      F0BE
 12120 3727 84907C4C 		.ascii	"\204\220|L\314\234\246\315;\331\342sd\223Of[\011\214"
 12120      CC9CA6CD 
 12120      3BD9E273 
 12120      64934F66 
 12120      5B098C
 12121 373a FC5E206D 		.ascii	"\374^ mOUQ\274\336\026\355\211M\332\353\310\330_&uH"
 12121      4F5551BC 
 12121      DE16ED89 
 12121      4DDAEBC8 
 12121      D85F2675 
 12122 374f 3ABB3199 		.ascii	":\2731\231/\333\327F\327\271-&x-\372\271\373j\325\244"
 12122      2FDBD746 
 12122      D7B92D26 
 12122      782DFAB9 
 12122      FB6AD5A4 
 12123 3763 405A91E8 		.ascii	"@Z\221\3502\266'\323\231ta\"\274pxJG\3720Q\360p\032"
 12123      32B627D3 
 12123      99746122 
 12123      BC70784A 
 12123      47FA3051 
 12124 377a E2440631 		.ascii	"\342D\0061\341w\270\373\266\"D\\\201H\327\262\020\221"
 12124      E177B8FB 
 12124      B622445C 
 12124      8148D7B2 
 12124      1091
 12125 378c BBD3EE2E 		.ascii	"\273\323\356.{a\337\265,D\334\230\253Z}\372\2053\231"
 12125      7B61DFB5 
 12125      2C44DC98 
 12125      AB5A7DFA 
 12125      853399
ARM GAS  /tmp/cckyrRJs.s 			page 419


 12126 379f 65BC35F5 		.ascii	"e\2745\365\303\333\007\032\325\030{\013\231\334\361"
 12126      C3DB071A 
 12126      D5187B0B 
 12126      99DCF1
 12127 37ae A0772F8D 		.ascii	"\240w/\215\2617\365\037n\251\032c\227\305\002_\341\222"
 12127      B137F51F 
 12127      6EA91A63 
 12127      97C5025F 
 12127      E192
 12128 37c0 E3D92EF3 		.ascii	"\343\331.\363\226\001\217<#I\3754\026\363]\032"
 12128      96018F3C 
 12128      2349FD34 
 12128      16F35D1A 
 12129 37d0 0C9EB331 		.ascii	"\014\236\2631Q\340\276\271OH!&6\317\317'u\244\214%\036"
 12129      51E0BEB9 
 12129      4F482126 
 12129      36CFCF27 
 12129      75A48C25 
 12130 37e5 8DEC9CE7 		.ascii	"\215\354\234\347\350%\267\324\212\023\370b\210\377d"
 12130      E825B7D4 
 12130      8A13F862 
 12130      88FF64
 12131 37f4 F1098C92 		.ascii	"\361\011\214\222\274\237\012\307\340\315\207\220}\230"
 12131      BC9F0AC7 
 12131      E0CD8790 
 12131      7D98
 12132 3802 DE3280C3 		.ascii	"\3362\200\303iO\313\365\255\347}\334\231\251\177\366"
 12132      694FCBF5 
 12132      ADE77DDC 
 12132      99A97FF6 
 12133 3812 70648BAC 		.ascii	"pd\213\254!\322\351{\250)\347b=\246n<\252@O\267~\301"
 12133      21D2E97B 
 12133      A829E762 
 12133      3DA66E3C 
 12133      AA404FB7 
 12134 3828 46EFB72C 		.ascii	"F\357\267,Wl\365st\313@-\331\032\375\372\013\362\033"
 12134      576CF573 
 12134      74CB402D 
 12134      D91AFDFA 
 12134      0BF21B
 12135 383b B9E4E856 		.ascii	"\271\344\350V5k\364\267\261f\321\235\375\335*\222Kx"
 12135      356BF4B7 
 12135      B166D19D 
 12135      FDDD2A92 
 12135      4B78
 12136 384d CFFE07FE 		.ascii	"\317\376\007\376\026YG|I\226\034\335\372\265W\203\003"
 12136      1659477C 
 12136      49961CDD 
 12136      FAB55783 
 12136      03
 12137 385e 96E8E6AE 		.ascii	"\226\350\346\256\267\306\016\266~I\326\027-o\0353)\260"
 12137      B7C60EB6 
 12137      7E49D617 
 12137      2D6F1D33 
 12137      29B0
 12138 3870 15D3EDD7 		.ascii	"\025\323\355\327|\367\017\270\276p\246\220\\\261\246"
 12138      7CF70FB8 
ARM GAS  /tmp/cckyrRJs.s 			page 420


 12138      BE70A690 
 12138      5CB1A6
 12139 387f 71F20B88 		.ascii	"q\362\013\210N\217f\234\253\240KBm\321#\017\017S\354"
 12139      4E8F669C 
 12139      ABA04B42 
 12139      6DD1230F 
 12139      0F53EC
 12140 3892 F7845328 		.ascii	"\367\204S(~z5\260\262\370%\2216\237\253I%\177P\360V"
 12140      7E7A35B0 
 12140      B2F82591 
 12140      369FAB49 
 12140      257F50F0 
 12141 38a7 EC2C2AE6 		.ascii	"\354,*\346\274\017\200\367\236M\327\332RLStB\277\254"
 12141      BC0F80F7 
 12141      9E4DD7DA 
 12141      524C5374 
 12141      42BFAC
 12142 38ba 03BA73EC 		.ascii	"\003\272s\354\015t\224\200\215\362\365\317\205p\200"
 12142      0D749480 
 12142      8DF2F5CF 
 12142      857080
 12143 38c9 00801080 		.ascii	"\000\200\020\200\010\200 \200@\200`\000\017\200P\000"
 12143      08802080 
 12143      40806000 
 12143      0F805000 
 12144 38d9 2F003F00 		.ascii	"/\000?\000o\200H\000O\000_\000\177\275t-\345\213\026"
 12144      6F804800 
 12144      4F005F00 
 12144      7FBD742D 
 12144      E58B16
 12145 38ec 4F705331 		.ascii	"OpS1\277\305\207{\2719i\255\274PQYZX\337\342s[\300\274"
 12145      BFC5877B 
 12145      B93969AD 
 12145      BC505159 
 12145      5A58DFE2 
 12146 3904 4F812E79 		.ascii	"O\201.yw\033\355\344m/\366;=\266\255}\315\277\274\366"
 12146      771BEDE4 
 12146      6D2FF63B 
 12146      3DB6AD7D 
 12146      CDBFBCF6 
 12147 3918 90E3E18A 		.ascii	"\220\343\341\212G\246+\251\3060\221\332\347;\250'u\230"
 12147      47A62BA9 
 12147      C63091DA 
 12147      E73BA827 
 12147      7598
 12148 392a 280D7573 		.ascii	"(\015us#\244\017\023\263\265\325\377\216\306?\2177\236"
 12148      23A40F13 
 12148      B3B5D5FF 
 12148      8EC63F8F 
 12148      379E
 12149 393c 70D4149C 		.ascii	"p\324\024\234\215\034\273\250\206\274\0300m<\327 A\264"
 12149      8D1CBBA8 
 12149      86BC1830 
 12149      6D3CD720 
 12149      41B4
 12150 394e 3FBDA779 		.ascii	"?\275\247yp\211\277\372'N\357$\304r,\333\001o\305\357"
 12150      7089BFFA 
ARM GAS  /tmp/cckyrRJs.s 			page 421


 12150      274EEF24 
 12150      C4722CDB 
 12150      016FC5EF 
 12151 3962 7589964C 		.ascii	"u\211\226Lp\251\256\316S5*\235\312Def@q\025\273\355"
 12151      70A9AECE 
 12151      53352A9D 
 12151      CA446566 
 12151      407115BB 
 12152 3977 E74CD690 		.ascii	"\347L\326\220<\253\345\274\331@v1q\373\242\350VG\334"
 12152      3CABE5BC 
 12152      D9407631 
 12152      71FBA2E8 
 12152      5647DC
 12153 398a 3FC366D8 		.ascii	"?\303f\330\362Wg\326\265l\023\251x\177\346\034\217["
 12153      F25767D6 
 12153      B56C13A9 
 12153      787FE61C 
 12153      8F5B
 12154 399c 74E89A0A 		.ascii	"t\350\232\012\2543\336\\C{\337\307B\027\337\240k\013"
 12154      AC33DE5C 
 12154      437BDFC7 
 12154      4217DFA0 
 12154      6B0B
 12155 39ae 5DFDEAC1 		.ascii	"]\375\352\301\024\236\001\225=\013\212+\023 \035 M\352"
 12155      149E0195 
 12155      3D0B8A2B 
 12155      13201D20 
 12155      4DEA
 12156 39c0 B4F73392 		.ascii	"\264\3673\2227\326\036)\362\260\236\220\335y\317\362"
 12156      37D61E29 
 12156      F2B09E90 
 12156      DD79CFF2 
 12157 39d0 DEDD73DB 		.ascii	"\336\335s\333\330\334\304\021\275/v\034H\300g\260?\272"
 12157      D8DCC411 
 12157      BD2F761C 
 12157      48C067B0 
 12157      3FBA
 12158 39e2 1AFFCA45 		.ascii	"\032\377\312E\345&\302\3547\213I}h08\321\231\244!\253"
 12158      E526C2EC 
 12158      378B497D 
 12158      683038D1 
 12158      99A421AB 
 12159 39f6 A230B708 		.ascii	"\2420\267\010\015\311\301\304\214\317Y\257=\251d\011"
 12159      0DC9C1C4 
 12159      8CCF59AF 
 12159      3DA96409 
 12160 3a06 DDEE4A41 		.ascii	"\335\356JA\205\213`n\205h\217j\376Q\204\211*g\276[\361"
 12160      858B606E 
 12160      85688F6A 
 12160      FE518489 
 12160      2A67BE5B 
 12161 3a1b 4D91FC7C 		.ascii	"M\221\374|^\022\205h\374,R+\035\333\357\322\316\343"
 12161      5E128568 
 12161      FC2C522B 
 12161      1DDBEFD2 
 12161      CEE3
 12162 3a2d 24549102 		.ascii	"$T\221\002P\240\004\240\020\240\030\240Tj\363\353o["
ARM GAS  /tmp/cckyrRJs.s 			page 422


 12162      50A004A0 
 12162      10A018A0 
 12162      546AF3EB 
 12162      6F5B
 12163 3a3f E2348D76 		.ascii	"\3424\215vEo\214v\213\363\334i\304\270bK,\311\333u\026"
 12163      456F8C76 
 12163      8BF3DC69 
 12163      C4B8624B 
 12163      2CC9DB75 
 12164 3a54 245AE42B 		.ascii	"$Z\344+\320\345\257\326[;\214\336\326\222\0064fH|s\262"
 12164      D0E5AFD6 
 12164      5B3B8CDE 
 12164      D6920634 
 12164      66487C73 
 12165 3a69 DA7BC2CB 		.ascii	"\332{\302\313>X7\3400|\226\341\247#\275\310\2565\365"
 12165      3E5837E0 
 12165      307C96E1 
 12165      A723BDC8 
 12165      AE35F5
 12166 3a7c E5C7C938 		.ascii	"\345\307\3118~?\213\230]r!S\230\330.\032\033#d\021\023"
 12166      7E3F8B98 
 12166      5D722153 
 12166      98D82E1A 
 12166      1B236411 
 12167 3a91 F739ED6E 		.ascii	"\3679\355n:\333\223\237Uz\033\223\237\232\335\213\215"
 12167      3ADB939F 
 12167      557A1B93 
 12167      9F9ADD8B 
 12167      8D
 12168 3aa2 6167F3CB 		.ascii	"ag\363\313\340.n?\354\266\224\210\346\254\326\033\204"
 12168      E02E6E3F 
 12168      ECB69488 
 12168      E6ACD61B 
 12168      84
 12169 3ab3 4AA0A9B5 		.ascii	"J\240\251\265\355\2236+\270\035\303\246Y\324\230\265"
 12169      ED93362B 
 12169      B81DC3A6 
 12169      59D498B5 
 12170 3ac3 38CED89A 		.ascii	"8\316\330\232\320\221\320\347\270\215\341\270\272\312"
 12170      D091D0E7 
 12170      B88DE1B8 
 12170      BACA
 12171 3ad1 A8121C5E 		.ascii	"\250\022\034^\362\314d\344\272]/\277A\027\376j{\231"
 12171      F2CC64E4 
 12171      BA5D2FBF 
 12171      4117FE6A 
 12171      7B99
 12172 3ae3 31DB2006 		.ascii	"1\333 \006\267\322\030\\\016t\365\234\256\005\014\330"
 12172      B7D2185C 
 12172      0E74F59C 
 12172      AE050CD8 
 12173 3af3 08D004D0 		.ascii	"\010\320\004\320\000\320\254\227\214\010\346z\236\357"
 12173      00D0AC97 
 12173      8C08E67A 
 12173      9EEF
 12174 3b01 B9B35D10 		.ascii	"\271\263]\020Q\200\336\345\210db,\267\321s\351\3751"
 12174      5180DEE5 
ARM GAS  /tmp/cckyrRJs.s 			page 423


 12174      8864622C 
 12174      B7D173E9 
 12174      FD31
 12175 3b13 F65C7200 		.ascii	"\366\\r\000-\231\347bY\213\220\265\321\200\275\303W"
 12175      2D99E762 
 12175      598B90B5 
 12175      D180BDC3 
 12175      57
 12176 3b24 5792002B 		.ascii	"W\222\000+\232c\253\364E\000\373\344\277!v\035\255C"
 12176      9A63ABF4 
 12176      4500FBE4 
 12176      BF21761D 
 12176      AD43
 12177 3b36 0AEC7647 		.ascii	"\012\354vG+\336?BI^\000V.\307\266\354\242\224\006\212"
 12177      2BDE3F42 
 12177      495E0056 
 12177      2EC7B6EC 
 12177      A294068A 
 12178 3b4a 062FCF73 		.ascii	"\006/\317s\250\335h\356\327+\247\213\366\217m\233\255"
 12178      A8DD68EE 
 12178      D72BA78B 
 12178      F68F6D9B 
 12178      AD
 12179 3b5b F583CD06 		.ascii	"\365\203\315\006\034|\007\217\357\264|\212\276\363\352"
 12179      1C7C078F 
 12179      EFB47C8A 
 12179      BEF3EA
 12180 3b6a 69B829F5 		.ascii	"i\270)\365\233B\033\245\342\3633\";;\372\304\356i\353"
 12180      9B421BA5 
 12180      E2F33322 
 12180      3B3BFAC4 
 12180      EE69EB
 12181 3b7d A740763D 		.ascii	"\247@v=;\016\221\335\374\232\316\310\320\265\345-:\005"
 12181      3B0E91DD 
 12181      FC9ACEC8 
 12181      D0B5E52D 
 12181      3A05
 12182 3b8f 9370D0D7 		.ascii	"\223p\320\327i E(\330p\320\313$g\313\234\373b\305\232"
 12182      69204528 
 12182      D870D0CB 
 12182      2467CB9C 
 12182      FB62C59A 
 12183 3ba3 C96460B8 		.ascii	"\311d`\270\235zdlY\315\243O:\364\317\236\016\275g't"
 12183      9D7A646C 
 12183      59CDA34F 
 12183      3AF4CF9E 
 12183      0EBD6727 
 12184 3bb8 31DEF9FB 		.ascii	"1\336\371\373\223\251\016|R\232\316\207\025\254e\373"
 12184      93A90E7C 
 12184      529ACE87 
 12184      15AC65FB 
 12185 3bc8 B8903A64 		.ascii	"\270\220:d\035Yz\224(\316J\336G\021\363\244t\217^>\237"
 12185      1D597A94 
 12185      28CE4ADE 
 12185      4711F3A4 
 12185      748F5E3E 
 12186 3bdd 4CD3DDC0 		.ascii	"L\323\335\300v\016\330\3662\266\275\2059\341Z\316\226"
ARM GAS  /tmp/cckyrRJs.s 			page 424


 12186      760ED8F6 
 12186      32B6BD85 
 12186      39E15ACE 
 12186      96
 12187 3bee 4EABC598 		.ascii	"N\253\305\230\326\322\\H\027\262-\363\276>\320q\266"
 12187      D6D25C48 
 12187      17B22DF3 
 12187      BE3ED071 
 12187      B6
 12188 3bff A3DEE224 		.ascii	"\243\336\342$u\277\025S\232\356\003\2461\357\333\011"
 12188      75BF1553 
 12188      9AEE03A6 
 12188      31EFDB09 
 12189 3c0f 038CA97F 		.ascii	"\003\214\251\177qh\224#\031B&\371\241\375a\0322\215"
 12189      71689423 
 12189      194226F9 
 12189      A1FD611A 
 12189      328D
 12190 3c21 89809DD5 		.ascii	"\211\200\235\3254\003Y\306D\321\356C\243l7\022\275\251"
 12190      340359C6 
 12190      44D1EE43 
 12190      A36C3712 
 12190      BDA9
 12191 3c33 C5E20F23 		.ascii	"\305\342\017#z\313\"\245W[^/!{H\227\224\232\021\246"
 12191      7ACB22A5 
 12191      575B5E2F 
 12191      217B4897 
 12191      949A11A6 
 12192 3c47 53A31346 		.ascii	"S\243\023FA\034\011)im{\310\264\027\244[\334\203\304"
 12192      411C0929 
 12192      696D7BC8 
 12192      B417A45B 
 12192      DC83C4
 12193 3c5a 2DEEB41F 		.ascii	"-\356\264\037:\004\350\023o\250\3566\216Vp\007\032\007"
 12193      3A04E813 
 12193      6FA8EE36 
 12193      8E567007 
 12193      1A07
 12194 3c6c A7999406 		.ascii	"\247\231\224\006\345\363\\\036f\307 \373a\333|\305\260"
 12194      E5F35C1E 
 12194      66C720FB 
 12194      61DB7CC5 
 12194      B0
 12195 3c7d F9A2ED2A 		.ascii	"\371\242\355*\332^e\021\211\356\365\267\221\011\015"
 12195      DA5E6511 
 12195      89EEF5B7 
 12195      91090D
 12196 3c8c 25C1918D 		.ascii	"%\301\221\215N\322I\316)\275\364]\177\323z\363\305\256"
 12196      4ED249CE 
 12196      29BDF45D 
 12196      7FD37AF3 
 12196      C5AE
 12197 3c9e 74187EF6 		.ascii	"t\030~\366\252\330 _\241\374)\262(\311\270j\320H\263"
 12197      AAD8205F 
 12197      A1FC29B2 
 12197      28C9B86A 
 12197      D048B3
ARM GAS  /tmp/cckyrRJs.s 			page 425


 12198 3cb1 98794316 		.ascii	"\230yC\026\233\263\036UF\313\016\366\353M\334\301>\253"
 12198      9BB31E55 
 12198      46CB0EF6 
 12198      EB4DDCC1 
 12198      3EAB
 12199 3cc3 7F240C72 		.ascii	"\177$\014r/\261\220\322'\177\242yz\366\307v\302\034"
 12199      2FB190D2 
 12199      277FA279 
 12199      7AF6C776 
 12199      C21C
 12200 3cd5 739383C8 		.ascii	"s\223\203\310\332\267\310\005\226\351\372\341z\001\177"
 12200      DAB7C805 
 12200      96E9FAE1 
 12200      7A017F
 12201 3ce4 BBBC894E 		.ascii	"\273\274\211NF\026T\216\344\333\363\351\335O\322f:'"
 12201      4616548E 
 12201      E4DBF3E9 
 12201      DD4FD266 
 12201      3A27
 12202 3cf6 E38CBF5D 		.ascii	"\343\214\277]\201\255\364\334\315\006\265kTO\354,\353"
 12202      81ADF4DC 
 12202      CD06B56B 
 12202      544FEC2C 
 12202      EB
 12203 3d07 F1C4CE92 		.ascii	"\361\304\316\222\236\015\342\013;\227z\034\254\357\303"
 12203      9E0DE20B 
 12203      3B977A1C 
 12203      ACEFC3
 12204 3d16 5DD43F13 		.ascii	"]\324?\023\026\364\024{\205\352DI\230N\225I+\245\016"
 12204      16F4147B 
 12204      85EA4449 
 12204      984E9549 
 12204      2BA50E
 12205 3d29 7CB7CC7D 		.ascii	"|\267\314}\243\223\033\235\341\007\014a\236+d\241\203"
 12205      A3931B9D 
 12205      E1070C61 
 12205      9E2B64A1 
 12205      83
 12206 3d3a 27764FAB 		.ascii	"'vO\253A\235U\246\316\325h\330G\211\367\3173u^-\364"
 12206      419D55A6 
 12206      CED568D8 
 12206      4789F7CF 
 12206      33755E2D 
 12207 3d4f 7E476A44 		.ascii	"~GjDz<\302\022E\327\364\346\333\363\001w)\351\362V\314"
 12207      7A3CC212 
 12207      45D7F4E6 
 12207      DBF30177 
 12207      29E9F256 
 12208 3d64 B0B3C985 		.ascii	"\260\263\311\205e\010\030\302+\275\365J\360+\232\341"
 12208      650818C2 
 12208      2BBDF54A 
 12208      F02B9AE1 
 12209 3d74 1864B8CE 		.ascii	"\030d\270\3162\254\034-\211w$\261\230\243\373^W\227"
 12209      32AC1C2D 
 12209      897724B1 
 12209      98A3FB5E 
 12209      5797
ARM GAS  /tmp/cckyrRJs.s 			page 426


 12210 3d86 B81277EF 		.ascii	"\270\022w\357\345l\016\001\033V\265u\203\327\326S\010"
 12210      E56C0E01 
 12210      1B56B575 
 12210      83D7D653 
 12210      08
 12211 3d97 019B8C4D 		.ascii	"\001\233\214M\346\375\220\277+\311@6Iw\373\265\"\233"
 12211      E6FD90BF 
 12211      2BC94036 
 12211      4977FBB5 
 12211      229B
 12212 3da9 710FB1CA 		.ascii	"q\017\261\312oY1\241i\272.\265\011L\266\031\223\233"
 12212      6F5931A1 
 12212      69BA2EB5 
 12212      094CB619 
 12212      939B
 12213 3dbb 90F93E42 		.ascii	"\220\371>B*\220\311B\361Q\233\362\275\335;@\264\253"
 12213      2A90C942 
 12213      F1519BF2 
 12213      BDDD3B40 
 12213      B4AB
 12214 3dcd 97BDBC69 		.ascii	"\227\275\274i)\250\325I\261\021F\2117\033Ue\222\355"
 12214      29A8D549 
 12214      B1114689 
 12214      371B5565 
 12214      92ED
 12215 3ddf 41DF9355 		.ascii	"A\337\223U\254}=\357\365\3077\334\226\030\314\015\373"
 12215      AC7D3DEF 
 12215      F5C737DC 
 12215      9618CC0D 
 12215      FB
 12216 3df0 66EDE3B4 		.ascii	"f\355\343\264\335\356,\234\255\323\343\253<\017\177"
 12216      DDEE2C9C 
 12216      ADD3E3AB 
 12216      3C0F7F
 12217 3dff A686FD90 		.ascii	"\246\206\375\220\327\220\003s\355\010\033\361ZwRi\313"
 12217      D7900373 
 12217      ED081BF1 
 12217      5A775269 
 12217      CB
 12218 3e10 E965614A 		.ascii	"\351eaJ\012\237\373\227i\362\035\0252\021\216\271\354"
 12218      0A9FFB97 
 12218      69F21D15 
 12218      32118EB9 
 12218      EC
 12219 3e21 42CE4D44 		.ascii	"B\316MD\271\3718\217\247:\236W\322`\277\013\3359\200"
 12219      B9F9388F 
 12219      A73A9E57 
 12219      D260BF0B 
 12219      DD3980
 12220 3e34 ADC8E035 		.ascii	"\255\310\3405[\271=\001\375\242\365\326KP\321X\343\316"
 12220      5BB93D01 
 12220      FDA2F5D6 
 12220      4B50D158 
 12220      E3CE
 12221 3e46 FFC84E38 		.ascii	"\377\310N8e\245\264\322\325\355\355H\356\261\224\374"
 12221      65A5B4D2 
 12221      D5EDED48 
ARM GAS  /tmp/cckyrRJs.s 			page 427


 12221      EEB194FC 
 12222 3e56 3B93AA0C 		.ascii	";\223\252\014\234\323N&]W\243\\\316\024\\\316\220\313"
 12222      9CD34E26 
 12222      5D57A35C 
 12222      CE145CCE 
 12222      90CB
 12223 3e68 0E7079CD 		.ascii	"\016py\315\270\214\005\366\364\312&\241\350\232\257"
 12223      B88C05F6 
 12223      F4CA26A1 
 12223      E89AAF
 12224 3e77 05FF9C89 		.ascii	"\005\377\234\211J?\000\327\373\242\353\221\024\225\275"
 12224      4A3F00D7 
 12224      FBA2EB91 
 12224      1495BD
 12225 3e86 2FC78C7A 		.ascii	"/\307\214z\201\250\027\014\265\272a6\304E\265J_\362"
 12225      81A8170C 
 12225      B5BA6136 
 12225      C445B54A 
 12225      5FF2
 12226 3e98 2AFD155C 		.ascii	"*\375\025\\\277.n]T\274\312\305\322|^\321\012v\251\307"
 12226      BF2E6E5D 
 12226      54BCCAC5 
 12226      D27C5ED1 
 12226      0A76A9C7 
 12227 3eac F770E8E9 		.ascii	"\367p\350\351\332T@\244\177\227l\325\242Z\326\326\\"
 12227      DA5440A4 
 12227      7F976CD5 
 12227      A25AD6D6 
 12227      5C
 12228 3ebd A320D74C 		.ascii	"\243 \327L\220\334\364\276e\371^a\031\356\015\342\336"
 12228      90DCF4BE 
 12228      65F95E61 
 12228      19EE0DE2 
 12228      DE
 12229 3ece 30DCA98D 		.ascii	"0\334\251\215\326?#\236\237\305\226\256(\271\324\205"
 12229      D63F239E 
 12229      9FC596AE 
 12229      28B9D485 
 12230 3ede 846322A0 		.ascii	"\204c\"\240\265-\221]\331r\247\3477\312,z\335\2248\360"
 12230      B52D915D 
 12230      D972A7E7 
 12230      37CA2C7A 
 12230      DD9438F0 
 12231 3ef2 4BFDBAFA 		.ascii	"K\375\272\372\037\257\234\317Ak\361y\337\377\204w&\352"
 12231      1FAF9CCF 
 12231      416BF179 
 12231      DFFF8477 
 12231      26EA
 12232 3f04 C5CB55EE 		.ascii	"\305\313U\356\365Z\341A\377i\372Dz\311^\370\017\354"
 12232      F55AE141 
 12232      FF69FA44 
 12232      7AC95EF8 
 12232      0FEC
 12233 3f16 E863DAD8 		.ascii	"\350c\332\330gu\371i\311\006fs\031\223\266*^\312;uo"
 12233      6775F969 
 12233      C9066673 
 12233      1993B62A 
ARM GAS  /tmp/cckyrRJs.s 			page 428


 12233      5ECA3B75 
 12234 3f2b 6C080A80 		.ascii	"l\010\012\200\246\315\315\364\215o\2623\240&\203\371"
 12234      A6CDCDF4 
 12234      8D6FB233 
 12234      A02683F9 
 12235 3f3b BA4037C3 		.ascii	"\272@7\303\247iRv\367\345\367\331c:)\272V\324\352B\256"
 12235      A7695276 
 12235      F7E5F7D9 
 12235      633A29BA 
 12235      56D4EA42 
 12236 3f50 D4249F2E 		.ascii	"\324$\237.\210h#<\223\207\372\017\257l\006\325U\230"
 12236      8868233C 
 12236      9387FA0F 
 12236      AF6C06D5 
 12236      5598
 12237 3f62 4CF6A634 		.ascii	"L\366\2464\003\313\305]\314E\3600h\005O\310\310]\236"
 12237      03CBC55D 
 12237      CC45F030 
 12237      68054FC8 
 12237      C85D9E
 12238 3f75 D10164E4 		.ascii	"\321\001d\344\3112ZN\331\214p&\301\237S\311h$$k\335"
 12238      C9325A4E 
 12238      D98C7026 
 12238      C19F53C9 
 12238      6824246B 
 12239 3f8a 8567B453 		.ascii	"\205g\264SL\360\002B\236\213\2279\027o\310\305\007r"
 12239      4CF00242 
 12239      9E8B9739 
 12239      176FC8C5 
 12239      0772
 12240 3f9c F192E762 		.ascii	"\361\222\347b"
 12241 3fa0 020BF9B0 		.ascii	"\002\013\371\260\\\216\316\373\302\010\211\307\\RK\203"
 12241      5C8ECEFB 
 12241      C20889C7 
 12241      5C524B83 
 12242 3fb0 3C8C160B 		.ascii	"<\214\026\013\305\311-\344k\261\220\037\260\364\225"
 12242      C5C92DE4 
 12242      6BB1901F 
 12242      B0F495
 12243 3fbf B3CCFC3E 		.ascii	"\263\314\374>{\014\\\332\316'\213\034H\201\232\340\235"
 12243      7B0C5CDA 
 12243      CE278B1C 
 12243      48819AE0 
 12243      9D
 12244 3fd0 AB2B911A 		.ascii	"\253+\221\032\213\205\334^\311-\344o\226=\000d\017\204"
 12244      8B85DC5E 
 12244      C92DE46F 
 12244      963D0064 
 12244      0F84
 12245 3fe2 8CFCE519 		.ascii	"\214\374\345\031]@F\201,\243\354\213\313\000\027\322"
 12245      5D404681 
 12245      2CA3EC8B 
 12245      CB0017D2 
 12246 3ff2 A896D150 		.ascii	"\250\226\321P|f\217X\024;\005r\013\005"
 12246      7C668F58 
 12246      143B0572 
 12246      0B05
ARM GAS  /tmp/cckyrRJs.s 			page 429


 12247 4000 99730986 		.ascii	"\231s\011\206\\B \227 y.~`\241\020\226\313y\300\310"
 12247      5C422097 
 12247      20792E7E 
 12247      60A11096 
 12247      CB79C0C8 
 12248 4014 77A51EDE 		.ascii	"w\245\036\336%\363\360P\003\363p\370\000\324\356\226"
 12248      25F3F050 
 12248      03F370F8 
 12248      00D4EE96 
 12249 4024 B452D929 		.ascii	"\264R\331)yz\255\213\0057\014q\303\030\356\315\213\320"
 12249      797AAD8B 
 12249      05370C71 
 12249      C318EECD 
 12249      8BD0
 12250 4036 36076910 		.ascii	"6\007i\020\223\336\011cg\271\020F\010g\350\205\2113"
 12250      93DE0963 
 12250      67B91046 
 12250      0867E885 
 12250      8933
 12251 4048 EE8E2A47 		.ascii	"\356\216*G\350N\005\030\331\011\030M\037\204\347\302"
 12251      E84E0518 
 12251      D909184D 
 12251      1F84E7C2 
 12252 4058 2DC035C0 		.ascii	"-\3005\300\035\300\215 F\327sw\337.\371[H\014\262\373"
 12252      1DC08D20 
 12252      46D77377 
 12252      DF2EF95B 
 12252      480CB2FB 
 12253 406c 1851B848 		.ascii	"\030Q\270H\226\333A\211\367)Q\023N\330\025$\027\326"
 12253      96DB4189 
 12253      F7295113 
 12253      4ED81524 
 12253      17D6
 12254 407e 08518C62 		.ascii	"\010Q\214b!\3742Sv\304\262Uf\246h\344\036\315pCGS\356"
 12254      21FC3253 
 12254      76C4B255 
 12254      66A668E4 
 12254      1ECD7043 
 12255 4095 658B778D 		.ascii	"e\213w\2152\334\030\304\215a\270\275\267\267\311\262"
 12255      32DC18C4 
 12255      8D61B8BD 
 12255      B7B7C9B2 
 12256 40a5 05B376D9 		.ascii	"\005\263v\331^\372X\304\215e\270\343\347\265\245\016"
 12256      5EFA58C4 
 12256      8D65B8E3 
 12256      E7B5A50E 
 12257 40b5 A41BFDC1 		.ascii	"\244\033\375\301oa\260\336\300K\177(Y_\350g\366e*Y\234"
 12257      6F61B0DE 
 12257      C04B7F28 
 12257      595FE867 
 12257      F6652A59 
 12258 40ca C597E3A1 		.ascii	"\305\227\343\241\360\343\344\205_\361\347\3541p\331"
 12258      F0E3E485 
 12258      5FF1E7EC 
 12258      3170D9
 12259 40d9 BB6E2830 		.ascii	"\273n(0\2221d9\261\231\326eP\264\301\324\372'\202\354"
 12259      92316439 
ARM GAS  /tmp/cckyrRJs.s 			page 430


 12259      B199D665 
 12259      50B4C1D4 
 12259      FA2782EC 
 12260 40ed 3D876197 		.ascii	"=\207a\227>\262\233P\022e\226N2\360\366)\246\374\260"
 12260      3EB29B50 
 12260      1265964E 
 12260      32F0F629 
 12260      A6FCB0
 12261 4100 09772EC2 		.ascii	"\011w.\302#\276s\261!!%\333\240\276+8\305\360\026\214"
 12261      23BE73B1 
 12261      212125DB 
 12261      A0BE2B38 
 12261      C5F0168C 
 12262 4114 150DE2DD 		.ascii	"\025\015\342\335O\027\035I\342m\313\327\277\301\035"
 12262      4F171D49 
 12262      E26DCBD7 
 12262      BFC11D
 12263 4123 5C439184 		.ascii	"\\C\221\204\004\213\202\251\240`\202\\\301\241?g\217"
 12263      048B82A9 
 12263      A060825C 
 12263      C1A13F67 
 12263      8F
 12264 4134 814546F3 		.ascii	"\201EF\363u\257\314+V\344o(A\373\2461\373\236-N\004"
 12264      75AFCC2B 
 12264      56E46F28 
 12264      41FBA631 
 12264      FB9E2D4E 
 12265 4149 CB36210F 		.ascii	"\3136!\017\312\312-\035q\323\031\256[Kb\242\254\341"
 12265      CACA2D1D 
 12265      71D319AE 
 12265      5B4B62A2 
 12265      ACE1
 12266 415b 2B208FA4 		.ascii	"+ \217\244\373F\0207\203\341\266\256f\313\257G\032\221"
 12266      FB461037 
 12266      83E1B6AE 
 12266      66CBAF47 
 12266      1A91
 12267 416d F1CD44DC 		.ascii	"\361\315D\334L\206\273\226\272^\"kp\316d7\245f!n\026"
 12267      4C86BB96 
 12267      BA5E226B 
 12267      70CE6437 
 12267      A566216E 
 12268 4182 C3DD3B0F 		.ascii	"\303\335;\017\277\224\351V!\223!\033q\263\031\356\371"
 12268      BF94E956 
 12268      2193211B 
 12268      71B319EE 
 12268      F9
 12269 4193 B2AFA7CC 		.ascii	"\262\257\247\314'\3519j\013n\016\342\3460\334\241\302"
 12269      27E9396A 
 12269      0B6E0EE2 
 12269      E630DCA1 
 12269      C2
 12270 41a4 AE5219DF 		.ascii	"\256R\031\337R\031\337\\\304\315e\270'qU\233\316d\031"
 12270      5219DF5C 
 12270      C4CD65B8 
 12270      2771559B 
 12270      CE6419
ARM GAS  /tmp/cckyrRJs.s 			page 431


 12271 41b7 1DA8EBE4 		.ascii	"\035\250\353\344\370Z\214\331\233\367\217[\256\273Y"
 12271      F85A8CD9 
 12271      9BF78F5B 
 12271      AEBB59
 12272 41c6 B3F68829 		.ascii	"\263\366\210)\234g)\261|(\261<y\211\255~\237=\246\265"
 12272      9C6729B1 
 12272      7C28B13C 
 12272      7989AD7E 
 12272      9F3DA6B5 
 12273 41da 27301EC6 		.ascii	"'0\036\306\346%\237\307\315\257\305G=\366\234c_\262"
 12273      E6259FC7 
 12273      CDAFC547 
 12273      3DF69C63 
 12273      5FB2
 12274 41ec 3EB8C3DB 		.ascii	">\270\303\3334\014}\202o\342\375n\005\026\226\205\300"
 12274      340C7D82 
 12274      6FE2FD6E 
 12274      05169685 
 12274      C0
 12275 41fd B240CEF2 		.ascii	"\262@\316\362\344\317\331c\340\262\225\3526\344BZ\220"
 12275      E4CFD963 
 12275      E0B295EA 
 12275      36E4425A 
 12275      90
 12276 420e E565AADF 		.ascii	"\345e\252\337\210\350T\263\2370;\025\345Wd\341W\014"
 12276      88E854B3 
 12276      9F303B15 
 12276      E55764E1 
 12276      570C
 12277 4220 FC8AE4FC 		.ascii	"\374\212\344\374B\276\317\036\003\213@\257|7\0072\216"
 12277      42BECF1E 
 12277      038B40AF 
 12277      7C370732 
 12277      8E
 12278 4231 FC821F6A 		.ascii	"\374\202\037jk\210\245Q\351\011\2205*%\026\226\245\300"
 12278      6B88A551 
 12278      E9099035 
 12278      2A251696 
 12278      A5C0
 12279 4243 B244CE72 		.ascii	"\262D\316r\346\373\3541\235\0218\250\0134\222Ed\271"
 12279      E6FBEC31 
 12279      9D1138A8 
 12279      0B349245 
 12279      64B9
 12280 4255 B212132E 		.ascii	"\262\022\023.6!;\3371\213H\371\225Y\370\275\000~er~"
 12280      36213BDF 
 12280      318B48F9 
 12280      9559F8BD 
 12280      007E6572 
 12281 426a 45DF678F 		.ascii	"E\337g\217\351\240\250\277\255V\266@\271\"\363\271r"
 12281      E9A0A8BF 
 12281      AD56B640 
 12281      B922F3B9 
 12281      72
 12282 427b 2CC37256 		.ascii	",\303rV\206\305\221\021\3252\237\333\221\225w\005\342"
 12282      86C59111 
 12282      D5329FDB 
ARM GAS  /tmp/cckyrRJs.s 			page 432


 12282      91957705 
 12282      E2
 12283 428c 5630DCC0 		.ascii	"V0\334\300\351J\231+o\310P+\021\265\222\241&\2244\207"
 12283      E94A992B 
 12283      6FC8502B 
 12283      11B592A1 
 12283      26943487 
 12284 42a0 CAAA13DD 		.ascii	"\312\252\023\335\330b\301\255B\334*\206{\267\331Zl\217"
 12284      D862C1AD 
 12284      42DC2A86 
 12284      7BB7D95A 
 12284      6C8F
 12285 42b2 63BA69B6 		.ascii	"c\272i\266\235\242a\351^Ov\320\034*\333\352k\015\262"
 12285      9DA261E9 
 12285      5E4F76D0 
 12285      1C2ADBEA 
 12285      6B0DB2
 12286 42c5 EB3F5FED 		.ascii	"\353?_\355-j\310\031R\314\017\006\277vUD\262\227`;9"
 12286      2D6AC819 
 12286      52CC0F06 
 12286      BF765544 
 12286      B297603B 
 12287 42da 51674C4F 		.ascii	"QgLO\265l\372\240N\026\311\352\305HV\025Z\355\315\207"
 12287      B56CFAA0 
 12287      4E16C9EA 
 12287      C5485615 
 12287      5AEDCD87 
 12288 42ee 9CC36C89 		.ascii	"\234\303l\211s0dSK|\276\360&\361\232d9\225&\346\266"
 12288      73306453 
 12288      4B7CBEF0 
 12288      26F19A64 
 12288      399526E6 
 12289 4303 68490052 		.ascii	"hI\000R\254d\254\226(_\254\325\014\342\311\211\012|"
 12289      AC64AC96 
 12289      285FACD5 
 12289      0CE2C989 
 12289      0A7C
 12290 4315 F2266583 		.ascii	"\362&e\203\235\026\231x\255\242xen\205\251.$\346\013"
 12290      9D169978 
 12290      ADA27865 
 12290      6E85A92E 
 12290      24E60B
 12291 4328 1FB0C5BE 		.ascii	"\037\260\305\276\335\240\334$\337\332\355\261\350L2"
 12291      DDA0DC24 
 12291      DFDAEDB1 
 12291      E84C32
 12292 4337 90346927 		.ascii	"\2204i'sDck\213}\007\210f\213\272=\363\356\265=)F\352"
 12292      7344636B 
 12292      8B7D0788 
 12292      668BBA3D 
 12292      F3EEB53D 
 12293 434e F1B2C341 		.ascii	"\361\262\303A\015\251\307\304\226\227\251HO\3321\021"
 12293      0DA9C7C4 
 12293      9697A948 
 12293      4FDA3111 
 12294 435e 33E057A3 		.ascii	"3\340W\243!}\230\350\276\215\215R\037\256\367\031\260"
 12294      217D98E8 
ARM GAS  /tmp/cckyrRJs.s 			page 433


 12294      BE8D8D52 
 12294      1FAEF719 
 12294      B0
 12295 436f 6F5F839B 		.ascii	"o_\203\233R|\227\242\342e\257\032\246CP\313\374K\277"
 12295      527C97A2 
 12295      E265AF1A 
 12295      A64350CB 
 12295      FC4BBF
 12296 4382 E1119260 		.ascii	"\341\021\222`\2271}.PGF0\233\303\376\222}G2\213\211"
 12296      97317D2E 
 12296      50474630 
 12296      9BC3FE92 
 12296      7D47328B 
 12297 4397 82EDE561 		.ascii	"\202\355\345a{\262\204\211\213\335\260}=\331\374 k\215"
 12297      7BB28489 
 12297      8BDDB07D 
 12297      3DD9FC20 
 12297      6B8D
 12298 43a9 D8D03725 		.ascii	"\330\3207%#xL GH\332\2674\350i\363E\266\243`-[\324\311"
 12298      23784C20 
 12298      4748DAB7 
 12298      34E869F3 
 12298      45B6A360 
 12299 43c1 81391D84 		.ascii	"\2019\035\204\334#\365@^s\207A:/\360\003'\311{\027'"
 12299      DC23F540 
 12299      5E738741 
 12299      3A2FF003 
 12299      27C97B17 
 12300 43d6 0CE6B749 		.ascii	"\014\346\267I\003\356}Q\364\236\216\370}\221\021\306"
 12300      03EE7D51 
 12300      F49E8EF8 
 12300      7D9111C6 
 12301 43e6 A7EE2538 		.ascii	"\247\356%8\220\010L\264\365\004V\020\022\203\211\260"
 12301      90084CB4 
 12301      F5045610 
 12301      128389B0 
 12302 43f6 0E9F3F27 		.ascii	"\016\237?'Y_|\223S\316\312\374+\2560\276\332\211\224"
 12302      595F7C93 
 12302      53CECAFC 
 12302      2BAE30BE 
 12302      DA8994
 12303 4409 20C5D9AC 		.ascii	" \305\331\254\327\230\362\345Ws\240\213\234\350\344"
 12303      D798F2E5 
 12303      5773A08B 
 12303      9CE8E4
 12304 4418 706C54D6 		.ascii	"plT\326\372\317\313\234rAt\312\375\344\275\004\035i"
 12304      FACFCB9C 
 12304      724174CA 
 12304      FDE4BD04 
 12304      1D69
 12305 442a 7BA3384B 		.ascii	"{\2438K2\316s\235\325\333\002\351G\212y\277\241y\345"
 12305      32CE739D 
 12305      D5DB02E9 
 12305      478A79BF 
 12305      A179E5
 12306 443d 2B4F9641 		.ascii	"+O\226A\0349Q\376\350\345\357\312\342\234L\232UQ\232"
 12306      1C3951FE 
ARM GAS  /tmp/cckyrRJs.s 			page 434


 12306      E8E5EFCA 
 12306      E29C4C9A 
 12306      55519A
 12307 4450 D5EDD253 		.ascii	"\325\355\322SB\226\220wt\351\310\2003\331\305D\345\324"
 12307      42969077 
 12307      74E9C880 
 12307      33D9C544 
 12307      E5D4
 12308 4462 D1893339 		.ascii	"\321\21139\307\204\317}\324\037\261\036\313\203\371"
 12308      C784CF7D 
 12308      D41FB11E 
 12308      CB83F9
 12309 4471 8466F9E9 		.ascii	"\204f\371\351\306;\346\343\027\033\006\274\375\260\260"
 12309      C63BE6E3 
 12309      171B06BC 
 12309      FDB0B0
 12310 4480 AC4EFD3A 		.ascii	"\254N\375:\267-\332\211\331\024;1{\375\341;\262\363"
 12310      B72DDA89 
 12310      D9143B31 
 12310      7BFDE13B 
 12310      B2F3
 12311 4492 17F0B344 		.ascii	"\027\360\263D\302m\203\364\310cc\235\201\334\241(\265"
 12311      C26D83F4 
 12311      C863639D 
 12311      81DCA128 
 12311      B5
 12312 44a3 E5B1115A 		.ascii	"\345\261\021Z5:a\007\014!%M9\334\313p$A\277\200\244"
 12312      353A6107 
 12312      0C21254D 
 12312      39DCCB70 
 12312      2441BF80 
 12313 44b8 FBBB215A 		.ascii	"\373\273!Z\022\201\211\325\330\330uW\222\210\211\314"
 12313      128189D5 
 12313      D8D87557 
 12313      928889CC 
 12314 44c8 8DD4207B 		.ascii	"\215\324 {\222\311\022\306\020\237\353\004\276g\377"
 12314      92C912C6 
 12314      109FEB04 
 12314      BE67FF
 12315 44d7 B9E400FA 		.ascii	"\271\344\000\372a\235\353v\037?\271\001\366\023\026"
 12315      619DEB76 
 12315      1F3FB901 
 12315      F61316
 12316 44e6 21AB6383 		.ascii	"!\253c\203\312\262\217\312\021\302c,#\341\324\000]u"
 12316      CAB28FCA 
 12316      11C2632C 
 12316      23E1D400 
 12316      5D75
 12317 44f8 804B800B 		.ascii	"\200K\200\013\200\023\2003\200#\200\327\000W\000\347"
 12317      80138033 
 12317      802380D7 
 12317      005700E7 
 12318 4508 06E9C4E9 		.ascii	"\006\351\304\351\374\243H\017S\356\367\330d\370\032"
 12318      FCA3480F 
 12318      53EEF7D8 
 12318      64F81A
 12319 4517 CFD9625A 		.ascii	"\317\331bZ\353\345\254\325\367,'#\017\024rZ-\311\315"
ARM GAS  /tmp/cckyrRJs.s 			page 435


 12319      EBE5ACD5 
 12319      F72C2723 
 12319      0F14725A 
 12319      2DC9CD
 12320 452a 7EC772EC 		.ascii	"~\307r\354\362\225\012k\311\213}\357\027\237\340\012"
 12320      F2950A6B 
 12320      C98B7DEF 
 12320      179FE00A 
 12321 453a 30B8B430 		.ascii	"0\270\2640\243`n\275Ga\365/P\224T\215\223p\250\300\266"
 12321      A3606EBD 
 12321      4761F52F 
 12321      5094548D 
 12321      9370A8C0 
 12322 454f DEA43038 		.ascii	"\336\24408\377\010\231\357\002\363u\005\272\3624\343"
 12322      FF0899EF 
 12322      02F37505 
 12322      BAF234E3 
 12323 455f 1F23778A 		.ascii	"\037#w\212\276\247\202n\341~\362]\213\246\323\012M\225"
 12323      BEA7826E 
 12323      E17EF25D 
 12323      8BA6D30A 
 12323      4D95
 12324 4571 074CDFB7 		.ascii	"\007L\337\2670\337\267mEq\262:)%\277\317\225\024\243"
 12324      30DFB76D 
 12324      4571B23A 
 12324      2925BFCF 
 12324      9514A3
 12325 4584 379556BB 		.ascii	"7\225V\273\245\331\313\007m\346c\2237\234\317\317\350"
 12325      A5D9CB07 
 12325      6DE66393 
 12325      379CCFCF 
 12325      E8
 12326 4595 05344CE6 		.ascii	"\0054L\346\344\257\311*\314\255L\234;\261J{mn\317\011"
 12326      E4AFC92A 
 12326      CCAD4C9C 
 12326      3BB14A7B 
 12326      6D6ECF09 
 12327 45a9 D2080ABF 		.ascii	"\322\010\012\277HfH\357\015\322\231\325\335\253\326"
 12327      486648EF 
 12327      0DD299D5 
 12327      DDABD6
 12328 45b8 5C036946 		.ascii	"\\\003iF\271\327\033\313\033\234H/&\3047\342>\342o\304"
 12328      B9D71BCB 
 12328      1B9C482F 
 12328      26C437E2 
 12328      3EE26FC4 
 12329 45cc 1DA9A88F 		.ascii	"\035\251\250\217\024/\210\242;\237_^\324\316\0232\305"
 12329      142F88A2 
 12329      3B9F5F5E 
 12329      D4CE1332 
 12329      C5
 12330 45dd 909F9C05 		.ascii	"\220\237\234\005\005\227\332\013\322\035J\362\272\263"
 12330      0597DA0B 
 12330      D21D4AF2 
 12330      BAB3
 12331 45eb F3138BE1 		.ascii	"\363\023\213\341\037\300\002\201F\251\341;\254]l\366"
 12331      1FC00281 
ARM GAS  /tmp/cckyrRJs.s 			page 436


 12331      46A9E13B 
 12331      AC5D6CF6 
 12332 45fb 9F2CEEEB 		.ascii	"\237,\356\353aDt\213\246\325\006\253\005\271\301\303"
 12332      6144748B 
 12332      A6D506AB 
 12332      05B9C1C3 
 12333 460b 27916C05 		.ascii	"'\221l\005\032t\023\2468\3737\274\007o\360@R\231LF\333"
 12333      1A7413A6 
 12333      38FB37BC 
 12333      076FF040 
 12333      52994C46 
 12334 4620 E258BCE6 		.ascii	"\342X\274\346\376\212;<u\341!\203\2658!\326\373l\256"
 12334      FE8A3B3C 
 12334      75E12183 
 12334      B53821D6 
 12334      FB6CAE
 12335 4633 1E79B28D 		.ascii	"\036y\262\2153c\320\326\015st\261\365\014WlU\372\007"
 12335      3363D0D6 
 12335      0D7374B1 
 12335      F50C576C 
 12335      55FA07
 12336 4646 37760207 		.ascii	"7v\002\007\232l\241\227#[\032\362`\215\225\350\263\377"
 12336      9A6CA197 
 12336      235B1AF2 
 12336      608D95E8 
 12336      B3FF
 12337 4658 D372E155 		.ascii	"\323r\341U\267\025\357b\326D\262\023;\262\360\343n|"
 12337      B715EF62 
 12337      D644B213 
 12337      3BB2F0E3 
 12337      6E7C
 12338 466a 26B8199F 		.ascii	"&\270\031\237\341}{\224\200\372^\264\361\271\020\014"
 12338      E17D7B94 
 12338      80FA5EB4 
 12338      F1B9100C 
 12339 467a E003E009 		.ascii	"\340\003\340\011\340\015\020\001\020\005\340\007\340"
 12339      E00D1001 
 12339      1005E007 
 12339      E0
 12340 4687 0B100A10 		.ascii	"\013\020\012\020\003\340\017\020\016\020\000\020\004"
 12340      03E00F10 
 12340      0E100010 
 12340      04
 12341 4694 10021009 		.ascii	"\020\002\020\011\020\006\340e\224\256\271K\244\353\262"
 12341      1006E065 
 12341      94AEB94B 
 12341      A4EBB2
 12342 46a3 295DADD6 		.ascii	")]\255\326\254\312\301>7+\2752\220\276\007]nV\353M\021"
 12342      ACCAC13E 
 12342      372BBD32 
 12342      90BE075D 
 12342      6E56EB4D 
 12343 46b8 8B77DCAC 		.ascii	"\213w\334\254\235`\3266+\346\015\006\253\220\366\367"
 12343      9D60D636 
 12343      2BE60D06 
 12343      AB90F6F7 
 12344 46c8 E840F4D2 		.ascii	"\350@\364\322\327A\225\022\223\360\276\277\347\242@"
ARM GAS  /tmp/cckyrRJs.s 			page 437


 12344      D7419512 
 12344      93F0BEBF 
 12344      E7A240
 12345 46d7 CF56A851 		.ascii	"\317V\250Q\340W[q\277\277\221\370O\217\302\235QSI\031"
 12345      E0575B71 
 12345      BFBF91F8 
 12345      4F8FC29D 
 12345      51534919 
 12346 46eb 775E72FF 		.ascii	"w^r\377\204\356\2130\311\361-\235\032E\334\231\375G"
 12346      84EE8B30 
 12346      C9F12D9D 
 12346      1A45DC99 
 12346      FD47
 12347 46fd 941E3AB2 		.ascii	"\224\036:\262B\243B\232\006k\367\277\376[\\\005\246"
 12347      42A3429A 
 12347      066BF7BF 
 12347      FE5B5C05 
 12347      A6
 12348 470e DCC715DC 		.ascii	"\334\307\025\334\025\273\335\366%v\034\025\344v\264"
 12348      15BBDDF6 
 12348      25761C15 
 12348      E476B4
 12349 471d 6A19AEB9 		.ascii	"j\031\256\271\031\351A\305\001\205 \226\235qt^k\353"
 12349      19E941C5 
 12349      01852096 
 12349      9D71745E 
 12349      6BEB
 12350 472f ECD71FFF 		.ascii	"\354\327\037\377\177\356v\220qPC\362\271l\224\026+\023"
 12350      7FEE7690 
 12350      715043F2 
 12350      B96C9416 
 12350      2B13
 12351 4741 32CEC886 		.ascii	"2\316\310\206S\360\001\270\025\371\345'\262\321~\224"
 12351      53F001B8 
 12351      15F9E527 
 12351      B2D17E94 
 12352 4751 6C0521DE 		.ascii	"l\005!\336(Nn\3053\364\306\011\257E\305\373\243-\225"
 12352      284E6EC5 
 12352      33F4C609 
 12352      AF45C5FB 
 12352      A32D95
 12353 4764 33C168EE 		.ascii	"3\301h\356e\323\357@\220\236\236\221 \233!\200\307\022"
 12353      65D3EF40 
 12353      909E9E91 
 12353      209B2180 
 12353      C712
 12354 4776 FE89284B 		.ascii	"\376\211(K\"c\336\223|\034'\273-\242M&K\022\342&1\334"
 12354      2263DE93 
 12354      7C1C27BB 
 12354      2DA24D26 
 12354      4B12E226 
 12355 478c CCA6F2FF 		.ascii	"\314\246\362\377\"{/\263l\223i2\242&3T\037\377\242 "
 12355      227B2FB3 
 12355      6C936932 
 12355      A2263354 
 12355      1FFFA220 
 12356 47a0 36C473C3 		.ascii	"6\304s\303\202\320HWk\274\371\253\351\275\010\224\000"
ARM GAS  /tmp/cckyrRJs.s 			page 438


 12356      82D04857 
 12356      6BBCF9AB 
 12356      E9BD0894 
 12356      00
 12357 47b1 BE7A5E48 		.ascii	"\276z^H1>\0062\317\216\272+Y\257j]6.N\305,RY\026\375"
 12357      313E0632 
 12357      CF8EBA2B 
 12357      59AF6A5D 
 12357      362E4EC5 
 12358 47ca 3D1D3532 		.ascii	"=\03552+\036"
 12358      2B1E
 12359 47d0 CBE78E10 		.ascii	"\313\347\216\0207\215\341\256M\245\016\311z\305\207"
 12359      378DE1AE 
 12359      4DA50EC9 
 12359      7AC587
 12360 47df B281713A 		.ascii	"\262\201q:\342\2463\334\225\211\235\013G\262\210\315"
 12360      E2A633DC 
 12360      95899D0B 
 12360      47B288CD 
 12361 47ef 8FEC027E 		.ascii	"\217\354\002~\336\345\354,/\315V\277\004%\313\010\335"
 12361      DEE5EC2C 
 12361      2FCD56BF 
 12361      0425CB08 
 12361      DD
 12362 4800 CB4C23EF 		.ascii	"\313L#\357^\266\367\224\337\212\263\376C\367\037I\313"
 12362      5EB6F794 
 12362      DF8AB3FE 
 12362      43F71F49 
 12362      CB
 12363 4811 5849C739 		.ascii	"XI\3079\027@\0232\214\346\331\202l\343\247iR\366\002"
 12363      17401332 
 12363      8CE6D982 
 12363      6CE3A769 
 12363      52F602
 12364 4824 AD3F638F 		.ascii	"\255?c\217\351\354kV\367\240l\266`^\246i\016J\237\303"
 12364      E9EC6B56 
 12364      F7A06CB6 
 12364      605EA669 
 12364      0E4A9FC3 
 12365 4838 A46FF05F 		.ascii	"\244o\360_\255\223\215\231\257\344\263C\210\233\313"
 12365      AD938D99 
 12365      AFE4B343 
 12365      889BCB
 12366 4847 70DBB2E6 		.ascii	"p\333\262\346\262e\263d'2\334<\304\315c\270s\213a\235"
 12366      B265B364 
 12366      2732DC3C 
 12366      C4CD63B8 
 12366      738B619D 
 12367 485b B2E9827B 		.ascii	"\262\351\202{\031n>\342\3463\334\346\322\2101\007l\263"
 12367      196E3EE2 
 12367      E633DCE6 
 12367      D2883107 
 12367      6CB3
 12368 486d 5D219936 		.ascii	"]!\2316\375zV}\271\250\320\210C\312\002#\033\205]\246"
 12368      FD7A567D 
 12368      B9A8D088 
 12368      43CA0223 
ARM GAS  /tmp/cckyrRJs.s 			page 439


 12368      1B855DA6 
 12369 4881 D4B5B95A 		.ascii	"\324\265\271Z\017)-\215h\021uvJ\202\337\201`v8\340\265"
 12369      0F292D8D 
 12369      68117576 
 12369      4A82DF81 
 12369      607638E0 
 12370 4896 6C146ED2 		.ascii	"l\024n\322J\005+F\301\212\231`\012C\316\310\014Y\202"
 12370      4A052B46 
 12370      C18A9960 
 12370      0A43CEC8 
 12370      0C5982
 12371 48a9 B8250CB7 		.ascii	"\270%\014\2674'hFfH\017\331T_)\342\2262\334\220\234"
 12371      34276846 
 12371      66480FD9 
 12371      545F29E2 
 12371      9632DC90 
 12372 48be 86DF96D9 		.ascii	"\206\337\226\331F\306\266\014Q\313\030\252x\022\354"
 12372      46C6B60C 
 12372      51CB18AA 
 12372      7812EC
 12373 48cd 119E046B 		.ascii	"\021\236\004k\365\367(W\267M9\267\315\013\264\215x\312"
 12373      F5F72857 
 12373      B74D39B7 
 12373      CD0BB48D 
 12373      78CA
 12374 48df EC119E32 		.ascii	"\354\021\2362\023\247=\236\360i\217\246\275\305Z\305"
 12374      13A73D9E 
 12374      F0698FA6 
 12374      BDC55AC5 
 12375 48ef E2792584 		.ascii	"\342y%\204\277\012#\233\321\241\246+G\323U1\323\235"
 12375      BF0A239B 
 12375      D1A1A62B 
 12375      47D35531 
 12375      D39D
 12376 4901 ECA7DEC8 		.ascii	"\354\247\336\310\026\014\252dq\242\032\345\256F\271"
 12376      160CAA64 
 12376      71A21AE5 
 12376      AE46B9
 12377 4910 3B0E4E65 		.ascii	";\016Ne3\354>\262\232Y\203\2705\0147.\347n\230\220\264"
 12377      33EC3EB2 
 12377      9A5983B8 
 12377      350C372E 
 12377      E76E9890 
 12378 4925 2FB11AD4 		.ascii	"/\261\032\324p^\337\341Br1\221\026\021\227\345D\312"
 12378      705EDFE1 
 12378      42723191 
 12378      161197E5 
 12378      44CA
 12379 4937 58421779 		.ascii	"XB\027y\264=\250\261\265y\312\274\2640\253!B=\017\331"
 12379      B43DA8B1 
 12379      B579CABC 
 12379      B430AB21 
 12379      423D0FD9 
 12380 494b 4D106E9B 		.ascii	"M\020n\233\001\032\001\032\000Z\244-\376a1\361\023\337"
 12380      011A011A 
 12380      005AA42D 
 12380      FE6131F1 
ARM GAS  /tmp/cckyrRJs.s 			page 440


 12380      13DF
 12381 495d E84E2F23 		.ascii	"\350N/#\247{\320\353\215o\354\262_\347\020\272a\236"
 12381      A77BD0EB 
 12381      8D6FECB2 
 12381      5FE710BA 
 12381      619E
 12382 496f EEB1AD35 		.ascii	"\356\261\2555\332\306\226l\264\023_\305\274\310\317"
 12382      DAC6966C 
 12382      B4135FC5 
 12382      BCC8CF
 12383 497e 30D52B3B 		.ascii	"0\325+;\011\222\233\251\2205\335\224\367R\301Z\321\241"
 12383      09929BA9 
 12383      9035DD94 
 12383      F752C15A 
 12383      D1A1
 12384 4990 88E57B51 		.ascii	"\210\345{Q\250\334u\012t\313\220\212\226xQ\374\337>"
 12384      A8DC750A 
 12384      74CB908A 
 12384      967851FC 
 12384      DF3E
 12385 49a2 B66DAAF9 		.ascii	"\266m\252\371\0176\225\320\312b\354\302\301u\236,n\256"
 12385      0F3695D0 
 12385      CA62ECC2 
 12385      C1759E2C 
 12385      6EAE
 12386 49b4 6AA419B6 		.ascii	"j\244\031\266aI\266a\251'\007g\313<\244U&\\;\342\266"
 12386      6149B661 
 12386      A9270767 
 12386      CB3CA455 
 12386      265C3BE2 
 12387 49c9 33DC8B91 		.ascii	"3\334\213\221\213DWR\303\013:\2535^g\373|S\207Qq\276"
 12387      8B445752 
 12387      C30B3AAB 
 12387      355E67FB 
 12387      7C538751 
 12388 49df 49E83452 		.ascii	"I\3504R\207\026\267\222<\342[I\242\266\223\033\370\273"
 12388      8716B792 
 12388      3CE25B49 
 12388      A2B6931B 
 12388      F8BB
 12389 49f1 934D6CAF 		.ascii	"\223Ml\257\311E\244[\244\206w\376\031\306\325l\374\277"
 12389      C945A45B 
 12389      A48677FE 
 12389      19C6D56C 
 12389      FCBF
 12390 4a03 E608EFD0 		.ascii	"\346\010\357\320\332\024\231\230O0}K\367\236,\005LN"
 12390      DA149998 
 12390      4F307D4B 
 12390      F79E2C05 
 12390      4C4E
 12391 4a15 F0A387CB 		.ascii	"\360\243\207\313?\007\351\"\377\240c=iE\021\303\275"
 12391      3F07E922 
 12391      FFA0633D 
 12391      694511C3 
 12391      BD
 12392 4a26 5BFF0671 		.ascii	"[\377\006q\357i21\367|E\247~\263,\257\211\203X\023\367"
 12392      EF693231 
ARM GAS  /tmp/cckyrRJs.s 			page 441


 12392      F77C45A7 
 12392      7EB32CAF 
 12392      89835813 
 12393 4a3b 4FF7DBEC 		.ascii	"O\367\333\354\255\3170\366CU\353cUm\230V\265!#\037\334"
 12393      ADCF30F6 
 12393      4355EB63 
 12393      556D9856 
 12393      B521231F 
 12394 4a50 14E5A58F 		.ascii	"\024\345\245\217:H\221\333\336\200|9<<\255'}(b\325@"
 12394      3A4891DB 
 12394      DE807C39 
 12394      3C3CAD27 
 12394      7D2862D5 
 12395 4a65 4B35BFFC 		.ascii	"K5\277\374\326\3646\235M\251\333\216\325\3604\335Z\346"
 12395      D6F4369D 
 12395      4DA9DB8E 
 12395      D5F034DD 
 12395      5AE6
 12396 4a77 361B98C5 		.ascii	"6\033\230\305\017\022\232>\024C\317w\0355k\310\030\022"
 12396      0F129A3E 
 12396      1443CF77 
 12396      1D356BC8 
 12396      1812
 12397 4a89 F7D706E7 		.ascii	"\367\327\006\3478\"\362oR\221\203o\324\325\233\346\352"
 12397      3822F26F 
 12397      5291836F 
 12397      D4D59BE6 
 12397      EA
 12398 4a9a 4DA17A6D 		.ascii	"M\241zm\257^\265\353\255\325\233\000\211\307\231\304"
 12398      AF5EB5EB 
 12398      ADD59B00 
 12398      89C799C4 
 12399 4aaa 3354E269 		.ascii	"3T\342iQ\342\211\215\320\006\203\265zj\310\031\335%"
 12399      51E2898D 
 12399      D00683B5 
 12399      7A6AC819 
 12399      DD25
 12400 4abc 133C8499 		.ascii	"\023<\204\231>J\273\037\275G\305\0062\217\022\267\254"
 12400      3E4ABB1F 
 12400      BD47C506 
 12400      328F12B7 
 12400      AC
 12401 4acd 2D7E8B2C 		.ascii	"-~\213,\341\367\322\276\312(g\262\311cHvL\221@\0161"
 12401      E1F7D2BE 
 12401      CA2867B2 
 12401      C9634876 
 12401      4C91400E 
 12402 4ae2 11175DB4 		.ascii	"\021\027]\264` \227\230X\014\251\313\024\310\003&\272"
 12402      60209798 
 12402      580CA9CB 
 12402      14C80326 
 12402      BA
 12403 4af3 F6E756F5 		.ascii	"\366\347V\365\304\347\027Y\242\24664B \301\2308\336"
 12403      C4E71759 
 12403      A2A63634 
 12403      4220C198 
 12403      38DE
ARM GAS  /tmp/cckyrRJs.s 			page 442


 12404 4b05 BD49D293 		.ascii	"\275I\322\223h\226\320W.\364l\332K\357\365\243\033\312"
 12404      6896D057 
 12404      2EF46CDA 
 12404      4BEFF5A3 
 12404      1BCA
 12405 4b17 2F0ADE6A 		.ascii	"/\012\336j\331\335Jg5\221*\260\000^\272eT\233Q\240\024"
 12405      D9DD4A67 
 12405      35912AB0 
 12405      005EBA65 
 12405      549B51A0 
 12406 4b2c AD6F6348 		.ascii	"\255ocH\240\330+\012\354\016+\354Q\011\366\262\012\266"
 12406      A0D82B0A 
 12406      EC0E2BEC 
 12406      5109F6B2 
 12406      0AB6
 12407 4b3e 72CAC672 		.ascii	"r\312\306rm\320\026\257\333\373P\237w\0016\0006\001"
 12407      6DD016AF 
 12407      DBFB509F 
 12407      77013600 
 12407      3601
 12408 4b50 B6017600 		.ascii	"\266\001v\000\326\001\366\214\222\035\362\263\222\014"
 12408      D601F68C 
 12408      921DF2B3 
 12408      920C
 12409 4b5e 971419D6 		.ascii	"\227\024\031\326[\211\267#\301^T\301\346A\213\242_\177"
 12409      5B89B723 
 12409      C15E54C1 
 12409      E6418BA2 
 12409      5F7F
 12410 4b70 CC82BEAA 		.ascii	"\314\202\276\252@\177\327\032[\302|M\305\256\022\364"
 12410      407FD71A 
 12410      5BC27C4D 
 12410      C5AE12F4 
 12411 4b80 1D09F357 		.ascii	"\035\011\363W\266\231\363xX\2613\022j$\363X\306\353"
 12411      B699F378 
 12411      58B13312 
 12411      6A24F358 
 12411      C6EB
 12412 4b92 6EB54B56 		.ascii	"n\265KV[\232\315w\374\035p6?\245\005\201\333ua\265\237"
 12412      5B9ACD77 
 12412      FC1D7036 
 12412      3FA50581 
 12412      DB7561B5 
 12413 4ba7 A3D4AB0F 		.ascii	"\243\324\253\017\201\334\262\243\354\310\322\017\241"
 12413      81DCB2A3 
 12413      ECC8D20F 
 12413      A1
 12414 4bb4 73EB8B43 		.ascii	"s\353\213C\001\274\252\231h\303\352\271\273\360\011"
 12414      01BCAA99 
 12414      68C3EAB9 
 12414      BBF009
 12415 4bc3 72886265 		.ascii	"r\210bem.\371:\222\023L\304e\355v\271\220kL\344V$\034"
 12415      6D2EF93A 
 12415      92134CC4 
 12415      65ED76B9 
 12415      906B4CE4 
 12416 4bda 1A89C797 		.ascii	"\032\211\307\227qF>3s\334\236\004\260\204\276c\275/"
ARM GAS  /tmp/cckyrRJs.s 			page 443


 12416      71463E33 
 12416      73DC9E04 
 12416      B084BE63 
 12416      BD2F
 12417 4bec 521024C7 		.ascii	"R\020$\307\254\250Yz\237Z\314r\006\372\334\276\261@"
 12417      ACA8597A 
 12417      9F5ACC72 
 12417      06FADCBE 
 12417      B140
 12418 4bfe 67B10DA2 		.ascii	"g\261\015\242\310\347\012\344w\345\270\253\022\316\247"
 12418      C8E70AE4 
 12418      77E5B8AB 
 12418      12CEA7
 12419 4c0d 0A646BBF 		.ascii	"\012dk\277?\261p~\255@\266v\373\326\247r\267\267\205"
 12419      3FB1707E 
 12419      AD40B676 
 12419      FBD6A772 
 12419      B7B785
 12420 4c20 FD26B7BF 		.ascii	"\375&\267\277\345\205v\011\205s\017p\015p\003p\001p"
 12420      E5857609 
 12420      85730F70 
 12420      0D700370 
 12420      0170
 12421 4c32 077005F0 		.ascii	"\007p\005\360 s\373\247rG\266e%\251\257Y\224Y\265m&"
 12421      2073FBA7 
 12421      7247B665 
 12421      25A9AF59 
 12421      9459B56D 
 12422 4c47 09F2C953 		.ascii	"\011\362\311S\271\037\333\262\2238\023W\221u\177d \021"
 12422      B91FDBB2 
 12422      93381357 
 12422      91757F64 
 12422      2011
 12423 4c59 58B88B0D 		.ascii	"X\270\213\015\305\277\247\342\231&'\362\263(\011\314"
 12423      C5BFA7E2 
 12423      992627F2 
 12423      B32809CC 
 12424 4c69 8E5EF455 		.ascii	"\216^\364U\311\266\226\2729I=\323\335I\352\231gK\227"
 12424      C9B696BA 
 12424      39493DD3 
 12424      DD49EA99 
 12424      674B97
 12425 4c7c 11FCE879 		.ascii	"\021\374\350y\363\207c,\2737\237\360\335\233-\331n\271"
 12425      F387632C 
 12425      BB379FF0 
 12425      DD9B2DD9 
 12425      6EB9
 12426 4c8e 5A928562 		.ascii	"Z\222\205bvMn\366\030\254\303\276\247\3233>\304\366"
 12426      764D6EF6 
 12426      18ACC3BE 
 12426      A7D3333E 
 12426      C4F6
 12427 4ca0 9671CE88 		.ascii	"\226q\316\210\366\350\324[\207}5\344\273\213\364\030"
 12427      F6E8D45B 
 12427      877D35E4 
 12427      BB8BF418 
 12428 4cb0 27528CD9 		.ascii	"'R\214\331\304Uv\356\362\343\356\315\264\325\352\031"
ARM GAS  /tmp/cckyrRJs.s 			page 444


 12428      C45576EE 
 12428      F2E3EECD 
 12428      B4D5EA19 
 12429 4cc0 1E3B1348 		.ascii	"\036;\023H5\376x\264\0360\310\233\274\032\372c\237\347"
 12429      35FE78B4 
 12429      1E30C89B 
 12429      BC1AFA63 
 12429      9FE7
 12430 4cd2 4D859134 		.ascii	"M\205\2214\343\2179\363\3473\016\244\007\023k\307C="
 12430      E38F39F3 
 12430      E7330EA4 
 12430      07136BC7 
 12430      433D
 12431 4ce4 7C94514A 		.ascii	"|\224QJ1\353\243r\362\215d\024\177\354\237-x\245#\013"
 12431      31EBA372 
 12431      F28D6414 
 12431      7FEC9F2D 
 12431      78A5230B 
 12432 4cf8 9828DADA 		.ascii	"\230(\332\332M\342\335\202\\\212Y\366\220\347\247'\033"
 12432      4DE2DD82 
 12432      5C8A59F6 
 12432      90E7A727 
 12432      1B
 12433 4d09 F863D35E 		.ascii	"\370c\323^5\364\026\2171\261W\031\025\301y\246R\314"
 12433      35F4168F 
 12433      31B15719 
 12433      15C179A6 
 12433      52CC
 12434 4d1b ADC25787 		.ascii	"\255\302W\207\316\344\032\177\234:\352\333r&\036\357"
 12434      CEE41A7F 
 12434      9C3AEADB 
 12434      72261EEF 
 12435 4d2b B2C441CC 		.ascii	"\262\304A\314\252/_s\214\245\230\303ym\257\364$\020"
 12435      AA2F5F73 
 12435      8CA598C3 
 12435      796DAFF4 
 12435      2410
 12436 4d3d 7FCCA99B 		.ascii	"\177\314\251\233:\264'Q\230\030\336\314\357\343\230"
 12436      3AB42751 
 12436      9818DECC 
 12436      EFE398
 12437 4d4c A114B375 		.ascii	"\241\024\263u\353\270\326\236$\340\217\356)\213\263"
 12437      EBB8D69E 
 12437      24E08FEE 
 12437      298BB3
 12438 4d5b 46928189 		.ascii	"F\222\201\211\236\215+\030\003\026`\242\326k`DC*0!6"
 12438      9E8D2B18 
 12438      031660A2 
 12438      D66B6044 
 12438      432A3021 
 12439 4d70 F48F7843 		.ascii	"\364\217xC\3374\020R\357Lj\361\307\306\250\253\034g"
 12439      DF341052 
 12439      EF4C6AF1 
 12439      C7C6A8AB 
 12439      1C67
 12440 4d82 D28889E8 		.ascii	"\322\210\211\350\355\336\026#\307\2447W\270\267o\024"
 12440      EDDE1623 
ARM GAS  /tmp/cckyrRJs.s 			page 445


 12440      C7A43757 
 12440      B8B76F14 
 12441 4d92 EA481BFE 		.ascii	"\352H\033\376XZ\350\361e\376\033\355o\315\314\346\275"
 12441      585AE8F1 
 12441      65FE1BED 
 12441      6FCDCCE6 
 12441      BD
 12442 4da3 4DFAF1A7 		.ascii	"M\372\361\247\235\235\361A'2\204\211\207\276\241)W2"
 12442      9D9DF141 
 12442      27328489 
 12442      87BEA129 
 12442      5732
 12443 4db5 8989A889 		.ascii	"\211\211\250\211\216q\035Y\302D\302\362\361W\311:~\337"
 12443      8E711D59 
 12443      C244C2F2 
 12443      F157C93A 
 12443      7EDF
 12444 4dc7 ED5DAF33 		.ascii	"\355]\2573\220=\256rIi\243\221\234\262\204\276\2674"
 12444      903DAE72 
 12444      4969A391 
 12444      9CB284BE 
 12444      B734
 12445 4dd9 EE2DEBF0 		.ascii	"\356-\353\360u\222e\256i9\340\363eN\252\275sV\215\263"
 12445      759265AE 
 12445      6939E0F3 
 12445      654EAABD 
 12445      73568DB3 
 12446 4ded CDD8B425 		.ascii	"\315\330\264%\226c[G\244\035\013\353\\\025\326\222`"
 12446      96635B47 
 12446      A41D0BEB 
 12446      5C15D692 
 12446      60
 12447 4dfe 6741CE53 		.ascii	"gA\316S [\327\370U\213\030\005\012\344\231\017\214^"
 12447      205BD7F8 
 12447      558B1805 
 12447      0AE4990F 
 12447      8C5E
 12448 4e10 149F56EC 		.ascii	"\024\237V\354\027N\317\205\022\200b\200B\200r\200\012"
 12448      174ECF85 
 12448      12806280 
 12448      42807280 
 12448      0A
 12449 4e21 80228052 		.ascii	"\200\"\200R'I\364\032\265\010\227o[8Ih\265\310\226\255"
 12449      2749F41A 
 12449      B508976F 
 12449      5B384968 
 12449      B5C896AD 
 12450 4e35 C0B56E0E 		.ascii	"\300\265n\016F-\310\213\012{\312\317\011]\005\254\177"
 12450      462DC88B 
 12450      0A7BCACF 
 12450      095D05AC 
 12450      7F
 12451 4e46 98DC60A9 		.ascii	"\230\334`\251\256\246\246\274tP\211\\\225<\323\237R"
 12451      AEA6A6BC 
 12451      7450895C 
 12451      953CD39F 
 12451      52
ARM GAS  /tmp/cckyrRJs.s 			page 446


 12452 4e57 41E01679 		.ascii	"A\340\026yP\377\\\0321\252d\201\253Z\0261F\242[;\370"
 12452      50FF5C1A 
 12452      31AA6481 
 12452      AB5A1631 
 12452      46A25B3B 
 12453 4e6c 36F36647 		.ascii	"6\363fGH\317\237\237\315\361\240QO\217?,\306\235y\363"
 12453      48CF9F9F 
 12453      CDF1A051 
 12453      4F8F3F2C 
 12453      C69D79F3 
 12454 4e80 A1C032BD 		.ascii	"\241\3002\275\222%\251\265i\310@B\277\202\225\240\276"
 12454      9225A9B5 
 12454      69C84042 
 12454      BF8295A0 
 12454      BE
 12455 4e91 EA9E13D3 		.ascii	"\352\236\023\323wF\324..6\021\325\276o\203\023\366}"
 12455      7746D42E 
 12455      2E3611D5 
 12455      BE6F8313 
 12455      F67D
 12456 4ea3 EB9D58DF 		.ascii	"\353\235X\337\367.\270!\310h\035\004_B\\\253u\242\330"
 12456      F72EB821 
 12456      C8681D04 
 12456      5F425CAB 
 12456      75A2D8
 12457 4eb6 8D544A4A 		.ascii	"\215TJJ\202\275\204\341\325kE\020TC\036M\3168u$q(\342"
 12457      82BD84E1 
 12457      D56B4510 
 12457      54431E4D 
 12457      CE387524 
 12458 4ecd 50CCE08F 		.ascii	"P\314\340\217x\370\240\352\205\314\205\334\273\222d"
 12458      78F8A0EA 
 12458      85CC85DC 
 12458      BB9264
 12459 4edc FC2D7EE9 		.ascii	"\374-~\351\344\233\252\342\266qq\251_\003n\304FM\025"
 12459      E49BAAE2 
 12459      B67171A9 
 12459      5F036EC4 
 12459      464D15
 12460 4eef B116D7B2 		.ascii	"\261\026\327\262\322\327N%h\023%\230\334/\034U\210\253"
 12460      D2D74E25 
 12460      68132598 
 12460      DC2F1C55 
 12460      88AB
 12461 4f01 867CF5AA 		.ascii	"\206|\365\252\242\234\220\034\024\351\262:<_\014bT\336"
 12461      A29C901C 
 12461      14E9B23A 
 12461      3C5F0C62 
 12461      54DE
 12462 4f13 B8D5FA2C 		.ascii	"\270\325\372,WR\212?\206\016\345&\030I\025&\232Mk&\336"
 12462      57528A3F 
 12462      860EE526 
 12462      18491526 
 12462      9A4D6B26 
 12463 4f28 E2F852CC 		.ascii	"\342\370R\314\311A\317C\003i\304\037gz\374\263\264\244"
 12463      C941CF43 
 12463      0369C41F 
ARM GAS  /tmp/cckyrRJs.s 			page 447


 12463      677AFCB3 
 12463      B4A4
 12464 4f3a 0B13A985 		.ascii	"\013\023\251\205\263\275\342\350\206b\226^\267mh\310"
 12464      B3BDE2E8 
 12464      8662965E 
 12464      B76D68C8 
 12465 4f4a 00FEB8DE 		.ascii	"\000\376\270\336\224\365\007d\024\277\037\034\007es"
 12465      94F50764 
 12465      14BF1F1C 
 12465      076573
 12466 4f59 C4663AEC 		.ascii	"\304f:\354\361n\252H\341\343\304fz\275\215g\373r\006"
 12466      F16EAA48 
 12466      E1E3C466 
 12466      7ABD8D67 
 12466      FB7206
 12467 4f6c BF9DC7F4 		.ascii	"\277\235\307\364%H\227\027\366\365\273\220).y\344h\015"
 12467      25489717 
 12467      F6F5BB90 
 12467      292E79E4 
 12467      680D
 12468 4f7e 472EA18E 		.ascii	"G.\241\216\323\331X\253\376\002\221\011n\334q\364\205"
 12468      D3D958AB 
 12468      FE029109 
 12468      6EDC71F4 
 12468      85
 12469 4f8f C4D9690F 		.ascii	"\304\331i\017\255\265qG\241xGX\361NR{M"
 12469      ADB57147 
 12469      A1784758 
 12469      F14E527B 
 12469      4D
 12470 4fa0 88F63A99 		.ascii	"\210\366:\2319\351p\2656\256\032r\321]\2557W\351\353"
 12470      39E970B5 
 12470      36AE1A72 
 12470      D15DAD37 
 12470      57E9EB
 12471 4fb3 900CCECF 		.ascii	"\220\014\316\317\330\021\007\252t\340\032\363\342(E"
 12471      D81107AA 
 12471      74E01AF3 
 12471      E22845
 12472 4fc2 20CBA841 		.ascii	" \313\250A]\232w\033\037\006\323\210\276\227\030\030"
 12472      5D9A771B 
 12472      1F06D388 
 12472      BE971818 
 12473 4fd2 A255D560 		.ascii	"\242U\325`\236k0\207\032L\371\344L+.\333\231\001\241"
 12473      9E6B3087 
 12473      1A4CF9E4 
 12473      4C2B2EDB 
 12473      9901A1
 12474 4fe5 A699500B 		.ascii	"\246\231P\013T\250yQ\250\325\366\273Eb\255\201\032r"
 12474      54A87951 
 12474      A8D5F6BB 
 12474      4562AD81 
 12474      1A72
 12475 4ff7 E5F84083 		.ascii	"\345\370@\203#\331B\021{"
 12475      23D94211 
 12475      7B
 12476 5000 874F8EC4 		.ascii	"\207O\216\304&\235\032\271`\263\351\232OM\231\350\334"
ARM GAS  /tmp/cckyrRJs.s 			page 448


 12476      269D1AB9 
 12476      60B3E99A 
 12476      4F4D99E8 
 12476      DC
 12477 5011 80C7C08D 		.ascii	"\200\307\300\215\227\216\034#\362\344k\2571\356K\357"
 12477      978E1C23 
 12477      F2E46BAF 
 12477      31EE4BEF 
 12478 5021 5237B8EE 		.ascii	"R7\270\356\211vP\325g\215\353\363\012\365\211\364\037"
 12478      897650D5 
 12478      678DEBF3 
 12478      0AF589F4 
 12478      1F
 12479 5032 3F14ACF5 		.ascii	"?\024\254\365Y\001\021\227\231\210\353T\3045Q\304\230"
 12479      59011197 
 12479      9988EB54 
 12479      C43551C4 
 12479      98
 12480 5043 EB1277C5 		.ascii	"\353\022w\305\310T\0159\305\357U\017!W(b\375BO\200="
 12480      C8540D39 
 12480      C5EF550F 
 12480      21572862 
 12480      FD424F80 
 12481 5058 B9C3C459 		.ascii	"\271\303\304Yfp\214\201x\374\0226zg{\005\032\022\200"
 12481      66708C81 
 12481      78FC1236 
 12481      7A677B05 
 12481      1A1280
 12482 506b 89D7EDBD 		.ascii	"\211\327\355\275\333N$\002\023w\003\251\271\204$b\242"
 12482      DB4E2402 
 12482      137703A9 
 12482      B9842462 
 12482      A2
 12483 507c 36AAEC5E 		.ascii	"6\252\354^O\2620Q\220|\266`O\2120\261\327[\277\255'"
 12483      4FB23051 
 12483      907CB660 
 12483      4F8A30B1 
 12483      D75BBFAD 
 12484 5091 9598084F 		.ascii	"\225\230\010O\237kw$\015\230\350w\317X\323\220\016L"
 12484      9F6B7724 
 12484      0D98E877 
 12484      CF58D390 
 12484      0E4C
 12485 50a3 ECDC75F9 		.ascii	"\354\334u\371\0222 &r\342\354\311\004&\374\233\026w"
 12485      12322026 
 12485      72E2ECC9 
 12485      0426FC9B 
 12485      1677
 12486 50b5 0D640113 		.ascii	"\015d\001\023\015{\001\241\256d\035\023aW\333\313\006"
 12486      0D7B01A1 
 12486      AE641D13 
 12486      6157DBCB 
 12486      06
 12487 50c6 B28F8985 		.ascii	"\262\217\211\205\002s\221\230\330\255A\213\035/f]\304"
 12487      02739198 
 12487      D8AD418B 
 12487      1D2F665D 
ARM GAS  /tmp/cckyrRJs.s 			page 449


 12487      C4
 12488 50d7 C913F622 		.ascii	"\311\023\366\"\320X\357]G\362\032\321gN[#\270\223\261"
 12488      D058EF5D 
 12488      47F21AD1 
 12488      674E5B23 
 12488      B893B1
 12489 50ea F7AEC467 		.ascii	"\367\256\304gVy\330\253\226\312\015/\225k,\225\312\353"
 12489      5679D8AB 
 12489      96CA0D2F 
 12489      956B2C95 
 12489      CAEB
 12490 50fc AD6CA3C8 		.ascii	"\255l\243\310\232\326\320\355\227{\253.\326\305t\013"
 12490      9AD6D0ED 
 12490      977BAB2E 
 12490      D6C5740B 
 12491 510c 96EF6273 		.ascii	"\226\357bs\002w\324\3627\242\345\027\017\257\206d\363"
 12491      0277D4F2 
 12491      37A2E517 
 12491      0FAF8664 
 12491      F3
 12492 511d 23F0B3D0 		.ascii	"#\360\263\320c|&t3\344{Y\273\340Q\234\232\356l]\246"
 12492      637C2674 
 12492      33E47B59 
 12492      BBE0519C 
 12492      9AEE6C5D 
 12493 5132 6A9CF76A 		.ascii	"j\234\367j\262Kd\310\017\352\234\277\026w\031W\345b"
 12493      B24B64C8 
 12493      0FEA9CBF 
 12493      16771957 
 12493      E562
 12494 5144 75C985ED 		.ascii	"u\311\205\355\277\3076\237\362\261\356\317Y\306\010"
 12494      BFC7369F 
 12494      F2B1EECF 
 12494      59C608
 12495 5153 DDD04266 		.ascii	"\335\320Bf9K[\332.'\253\016F\357',\350\233\012t\331"
 12495      394B5BDA 
 12495      2E27AB0E 
 12495      46EF272C 
 12495      E89B0A74 
 12496 5168 0A21E3FE 		.ascii	"\012!\343\376\013\026\364@\005z\2005\367Y\011\367%\005"
 12496      0B16F440 
 12496      057A8035 
 12496      F75909F7 
 12496      2505
 12497 517a 3ACECFF0 		.ascii	":\316\317\360>\202\033`\177\036\027\360:\300H\255\034"
 12497      3E821B60 
 12497      7F1E17F0 
 12497      3AC048AD 
 12497      1C
 12498 518b DBD238B4 		.ascii	"\333\3228\264X3\277\376\270\205\371\266\202\271l\205"
 12498      5833BFFE 
 12498      B885F9B6 
 12498      82B96C85 
 12499 519b 99721FFD 		.ascii	"\231r\037\375\022r\367\001\356^\034\3352\\\360p\222"
 12499      1272F701 
 12499      EE5E1CDD 
 12499      325CF070 
ARM GAS  /tmp/cckyrRJs.s 			page 450


 12499      92
 12500 51ac F757AEDF 		.ascii	"\367W\256\337\2610?P0\227n\327`\330\317,\330\257\025"
 12500      B1303F50 
 12500      30976ED7 
 12500      60D8CF2C 
 12500      D8AF15
 12501 51bf D8EF5A49 		.ascii	"\330\357ZIr\302\365l\002I\3528\266\245\315\256Q\024"
 12501      72C2F56C 
 12501      0249EA38 
 12501      B6A5CDAE 
 12501      5114
 12502 51d1 D1172CCC 		.ascii	"\321\027,\314\323\024\314S$\202\323U\320\373\334\017"
 12502      D314CC53 
 12502      2482D355 
 12502      D0FBDC0F 
 12503 51e1 E13174E8 		.ascii	"\3411t\350\316\010Y\034\335\322\311\311\264\322\363"
 12503      CE08591C 
 12503      DDD2C9C9 
 12503      B4D2F3
 12504 51f0 3CE16DCB 		.ascii	"<\341m\313\234\323\271m\321%}W\211(I\012dOko9\371\242"
 12504      9CD3B96D 
 12504      D1257D57 
 12504      8928490A 
 12504      644F6B6F 
 12505 5207 053D4A81 		.ascii	"\005=J\201\036i\255\350\252\304\271B\024\350\301\326"
 12505      1E69ADE8 
 12505      AAC4B942 
 12505      14E8C1D6 
 12506 5217 E83B12EE 		.ascii	"\350;\022\356\321*\334%E$\021=A\201\035\257\220ER\215"
 12506      D12ADC25 
 12506      4524113D 
 12506      41811DAF 
 12506      9045528D 
 12507 522b FA14E8BD 		.ascii	"\372\024\350\275\2122\222\310\022\247@\217\261\222e"
 12507      8A3292C8 
 12507      12A7408F 
 12507      B19265
 12508 523a 47224BA2 		.ascii	"G\"K\242\212,\222~\266\244\022m\251TQK%\272\376\004"
 12508      8A2C927E 
 12508      B6A4126D 
 12508      A954514B 
 12508      25BAFE04 
 12509 524e 3AD71414 		.ascii	":\327\024\024\377\030\307\266t\002\206\255x\257~\336"
 12509      FF18C7B6 
 12509      740286AD 
 12509      78AF7EDE 
 12510 525e C2BB59C1 		.ascii	"\302\273Y\301\273\306I\316{\207W\241Y\343#a\322\210"
 12510      BBC649CE 
 12510      7B8757A1 
 12510      59E32361 
 12510      D288
 12511 5270 D89689D6 		.ascii	"\330\226\211\3261\243\225\305%6\211P\360\016\263\222"
 12511      31A395C5 
 12511      25368950 
 12511      F00EB392 
 12512 5280 A45762F0 		.ascii	"\244Wb\360A\005\366\200\265\301O$\276\022\244\022\210"
 12512      4105F680 
ARM GAS  /tmp/cckyrRJs.s 			page 451


 12512      B5C14F24 
 12512      BE12A412 
 12512      88
 12513 5291 2C9562A3 		.ascii	",\225b\243\360\235pV)\216@\362y\243u\245\230\263\222"
 12513      F09D7056 
 12513      298E40F2 
 12513      79A375A5 
 12513      98B392
 12514 52a4 7C305752 		.ascii	"|0WR):\025\334[\254\314\322*\211,\376\212\310\342g]"
 12514      293A15DC 
 12514      5BACCCD2 
 12514      2A892CFE 
 12514      8AC8E267 
 12515 52b9 F892C872 		.ascii	"\370\222\310r\250\340\255\230\214\354\225D\271}\225"
 12515      A8E0AD98 
 12515      8CEC9544 
 12515      B97D95
 12516 52c8 4024411F 		.ascii	"@$A\037\225\240\357)\320\223\255\342\326\211\004{G%"
 12516      95A0EF29 
 12516      D093ADE2 
 12516      D689047B 
 12516      4725
 12517 52da 844AC670 		.ascii	"\204J\306p\022\311O\024\330\226\021\237|\201\010\014"
 12517      12C94F14 
 12517      D896119F 
 12517      7C81080C 
 12518 52ea 71C14C40 		.ascii	"q\301L@\321\351X-\310\371\271\340\007P\004\220\013\220"
 12518      D1E9582D 
 12518      C8F9B9E0 
 12518      07500490 
 12518      0B90
 12519 52fc 09500A50 		.ascii	"\011P\012P\015\220\012\340\013\220\006\220\016P\003"
 12519      0D900AE0 
 12519      0B900690 
 12519      0E5003
 12520 530b 9001E00D 		.ascii	"\220\001\340\015\020\015\340\016P\016\340\011P\000\020"
 12520      100DE00E 
 12520      500EE009 
 12520      500010
 12521 531a 03900390 		.ascii	"\003\220\003\220\000\220\017\020\001P\002\340\006\220"
 12521      00900F10 
 12521      015002E0 
 12521      0690
 12522 5328 0CE00510 		.ascii	"\014\340\005\020\013\340\017\020\010P\005\020\000P\010"
 12522      0BE00F10 
 12522      08500510 
 12522      005008
 12523 5337 5006100C 		.ascii	"P\006\020\014\020\005\020\016\020\011P\013\020\006\020"
 12523      1005100E 
 12523      1009500B 
 12523      100610
 12524 5346 02100FF0 		.ascii	"\002\020\017\360\022\240\022 \024 \021\300\003 \005"
 12524      12A01220 
 12524      142011C0 
 12524      032005
 12525 5355 201BC007 		.ascii	" \033\300\007 \017 \011 \016\340\005@1@\205\2638\240"
 12525      200F2009 
ARM GAS  /tmp/cckyrRJs.s 			page 452


 12525      200EE005 
 12525      40314085 
 12525      B338A0
 12526 5368 06B7E895 		.ascii	"\006\267\350\225\370\206\257\262\325\261\262p\253\244"
 12526      F886AFB2 
 12526      D5B1B270 
 12526      ABA4
 12527 5376 120CA954 		.ascii	"\022\014\251T\002I\225\221\224\307\251\002[\276\340"
 12527      02499591 
 12527      94C7A902 
 12527      5BBEE0
 12528 5385 48B75871 		.ascii	"H\267XqQ\334A\224\023E\0358\266\252\003\243\022Q\372"
 12528      51DC4194 
 12528      13451D38 
 12528      B6AA03A3 
 12528      1251FA
 12529 5398 5502A024 		.ascii	"U\002\240$2\360\250\263\010\274g9\266\245\343\216\361"
 12529      32F0A8B3 
 12529      08BC6739 
 12529      B6A5E38E 
 12529      F1
 12530 53a9 41EAA592 		.ascii	"A\352\245\222\000\230\252\322\244I\320[%\212\236\251"
 12530      0098AAD2 
 12530      A449D05B 
 12530      258A9EA9 
 12531 53b9 282AA98E 		.ascii	"(*\251\216\277\210\262\214@]\037\340zZV\273z\255e\331"
 12531      BF88B28C 
 12531      405D1FE0 
 12531      7A5A56BB 
 12531      7AAD65D9 
 12532 53cd 9128DAA3 		.ascii	"\221(\332\243\322a\222LkKD9V\251\003\322\016\220D\321"
 12532      D261924C 
 12532      6B4B4439 
 12532      56A903D2 
 12532      0E9044D1 
 12533 53e1 64950653 		.ascii	"d\225\006SR\035\277d\301\0365*ln\325]\032\3456\337\000"
 12533      521DBF64 
 12533      C11E352A 
 12533      6C6ED55D 
 12533      1AE536DF 
 12534 53f6 9BAF72DE 		.ascii	"\233\257r\336\226\301E\260U\273\320\313\255br~$\\ql"
 12534      96C145B0 
 12534      55BBD0CB 
 12534      AD62727E 
 12534      245C716C 
 12535 540a 4B4FB4CB 		.ascii	"KO\264\313\252\364g%\3415T\245)\226X\374\013\226v!\303"
 12535      AAF46725 
 12535      E13554A5 
 12535      299658FC 
 12535      0B967621 
 12536 541f C9BA5D48 		.ascii	"\311\272]H\267ns$&<R\011\200\022lI\210\332U\011hR\203"
 12536      B76E7324 
 12536      263C5209 
 12536      80126C49 
 12536      88DA5509 
 12537 5436 4B1A9D58 		.ascii	"K\032\235X\225\206X\032]%z\206\253\264Q\342\274T\374"
 12537      9586581A 
ARM GAS  /tmp/cckyrRJs.s 			page 453


 12537      5D257A86 
 12537      ABB451E2 
 12537      BC54FC
 12538 5449 506BA8FE 		.ascii	"Pk\250\376\261\315\340\306\016g\374\377,\276\321\231"
 12538      B1CDE0C6 
 12538      0E67FCFF 
 12538      2CBED199 
 12539 5459 D9D93D5F 		.ascii	"\331\331=_\331V\334:ympf\253\363\360\001\270c+y\343"
 12539      D956DC3A 
 12539      796D7066 
 12539      ABF3F001 
 12539      B8632B79 
 12540 546e 82CA1D13 		.ascii	"\202\312\035\023\037|\027\372\370mg\223l\227X\203,\247"
 12540      1F7C17FA 
 12540      F86D6793 
 12540      6C975883 
 12540      2CA7
 12541 5480 46CCA9D1 		.ascii	"F\314\251\321\331\346N\221}\331n\230&\304mb\270\035"
 12541      D9E64E91 
 12541      7DD96E98 
 12541      26C46D62 
 12541      B81D
 12542 5492 3DD3A7B2 		.ascii	"=\323\247\262}Y\364-\330\026\334f\304mf\270\213\267"
 12542      7D59F42D 
 12542      D816DC66 
 12542      C46D66B8 
 12542      8BB7
 12543 54a4 77CDB27D 		.ascii	"w\315\262}\013M2\334\026\304ma\270\373\355w'2y\353d"
 12543      0B4D32DC 
 12543      16C46D61 
 12543      B8FBED77 
 12543      273279EB 
 12544 54b9 B8AD88DB 		.ascii	"\270\255\210\333\312p\023\002\257vd;\233*d\270m\210"
 12544      CA701302 
 12544      AF76643B 
 12544      9B2A64B8 
 12544      6D88
 12545 54cb DBC6700B 		.ascii	"\333\306p\013vZ\363d\233\215\256d\257\035hG\334v\206"
 12545      765AF364 
 12545      9B8DAE64 
 12545      AF1D6847 
 12545      DC7686
 12546 54de FBB23EE0 		.ascii	"\373\262>\340R\206\233+\343\333\201\270\035\014\367"
 12546      52869B2B 
 12546      E3DB81B8 
 12546      1D0CF7
 12547 54ed AC2E3E5D 		.ascii	"\254.>]vp\253W\306\267\023q;\031\256[Sw\272\314\276"
 12547      7670AB57 
 12547      C6B71371 
 12547      3B19AE5B 
 12547      5377BACC 
 12548 5502 0932BE5D 		.ascii	"\0112\276]\210\333\305p_t\275\222\357\006K\226\361\355"
 12548      88DBC570 
 12548      5F74BD92 
 12548      EF064B96 
 12548      F1ED
 12549 5514 46DC6E86 		.ascii	"F\334n\206{<\341\233%\263o\250\214o\017\342\3660\334"
ARM GAS  /tmp/cckyrRJs.s 			page 454


 12549      7B3CE19B 
 12549      25B36FA8 
 12549      8C6F0FE2 
 12549      F630DC
 12550 5527 EEFDD16B 		.ascii	"\356\375\321k\231}=e\270\275\210\333\313p\003\257\312"
 12550      997D3D65 
 12550      B8BD88DB 
 12550      CB7003AF 
 12550      CA
 12551 5538 12E53BD2 		.ascii	"\022\345;\322dg\033\373\020\267\217\341\366\254e\204"
 12551      64671BFB 
 12551      10B78FE1 
 12551      F6AC6584 
 12552 5548 9A77A479 		.ascii	"\232w\244y\252\355\242\354G?\363\\\032\220\331\354V"
 12552      AAEDA2EC 
 12552      473FF35C 
 12552      1A90D9EC 
 12552      56
 12553 5559 B6236900 		.ascii	"\266#i\000\371\0160\\\237\324\212hYMy)\333$6\210\270"
 12553      F90E305C 
 12553      9FD48A68 
 12553      594D7929 
 12553      DB243688 
 12554 556e 830CF776 		.ascii	"\203\014\367v\270T\356\353G\262\367\214\016!\356\020"
 12554      B854EEEB 
 12554      47B2F78C 
 12554      0E21EE10 
 12555 557e F2CDEE1F 		.ascii	"\362\315\356\037\221m(;\224\3110\214\270\303\014\367"
 12555      916D283B 
 12555      94C9308C 
 12555      B8C30CF7 
 12556 558e B0EFEE85 		.ascii	"\260\357\356\205lo\343;\322\031\225\021D\035a\250I5"
 12556      6C6FE33B 
 12556      D2199511 
 12556      441D61A8 
 12556      4935
 12557 55a0 6BBE32D7 		.ascii	"k\2762\327\331\226\261\035E\334Q\206[\223\276\236\342"
 12557      D996B11D 
 12557      45DC5186 
 12557      5B93BE9E 
 12557      E2
 12558 55b1 4CAE7116 		.ascii	"L\256q\026\247\264\241\177M\313\266+\322}M\270]\361"
 12558      A7B4A17F 
 12558      4DCBB62B 
 12558      D27D4DB8 
 12558      5DF1
 12559 55c3 68B22D0C 		.ascii	"h\262-\014_\264B7/\215;\263\207e\331Wc\3700X\347$L\340"
 12559      5FB44237 
 12559      2F8D3BB3 
 12559      8765D957 
 12559      63F83058 
 12560 55db C38E0E8F 		.ascii	"\303\216\016\2177\274\304~\312\371-;a\322\231oll\010"
 12560      37BCC47E 
 12560      CAF92D3B 
 12560      61D2996F 
 12560      6C6C08
 12561 55ee 994C108F 		.ascii	"\231L\020\217~\036\026\223{/\363\271J\300\023\306\234"
ARM GAS  /tmp/cckyrRJs.s 			page 455


 12561      7E1E1693 
 12561      7B2FF3B9 
 12561      4AC013C6 
 12561      9C
 12562 55ff CD3B1BA7 		.ascii	"\315;\033\247\235?M\223\322\235\215\375\177\306\036"
 12562      9D3F4D93 
 12562      D29D8DFD 
 12562      7FC61E
 12563 560e 03978A97 		.ascii	"\003\227\212\227\235}z\022\370U\\_\353X\232\305W\330"
 12563      9D7D7A12 
 12563      F8555C5F 
 12563      EB589AC5 
 12563      57D8
 12564 5620 771A45E1 		.ascii	"w\032E\341\007\366\212^k\315\302\317\242\234\371\253"
 12564      07F68A5E 
 12564      6BCDC2CF 
 12564      A29CF9AB 
 12565 5630 09E906B3 		.ascii	"\011\351\006\263\360s\370\260\362b$V\37551\013T\370"
 12565      F073F8B0 
 12565      F2622456 
 12565      FD35310B 
 12565      54F8
 12566 5642 7951F896 		.ascii	"yQ\370\226\245l\017Q\370\321\257\231Op\002\2220c\221"
 12566      A56C0F51 
 12566      F8D1AF99 
 12566      4F700292 
 12566      306391
 12567 5655 7C11249F 		.ascii	"|\021$\237\221K\376\377Vvm\261\215\035ex7\276\234c;"
 12567      914BFEFF 
 12567      56766DB1 
 12567      8D1D6578 
 12567      37BE9C63 
 12568 566a DECD667B 		.ascii	"\336\315f{\241\364e\337\020\205\215\355l\350n\221\020"
 12568      A1F465DF 
 12568      10858DED 
 12568      6CE86E91 
 12568      10
 12569 567b 64ED5CAC 		.ascii	"d\355\\\254&\233\310v\266\205\227\243s\031\333\247{"
 12569      269BC876 
 12569      B68597A3 
 12569      7319DBA7 
 12569      7B
 12570 568c 6E9D9963 		.ascii	"n\235\231c'<\201*\004\017\225\250T\025\225\012\220\020"
 12570      273C812A 
 12570      040F95A8 
 12570      5415950A 
 12570      9010
 12571 569e 4F545089 		.ascii	"OTP\211\327\362\200\020\360\200\340\015U\242\025R\357"
 12571      D7F28010 
 12571      F080E00D 
 12571      55A21552 
 12571      EF
 12572 56af F4023C71 		.ascii	"\364\002<q\223\252\012\361\3753\307\227l\233*+m\316"
 12572      93AA0AF1 
 12572      FD33C797 
 12572      6C9B2A2B 
 12572      6DCE
ARM GAS  /tmp/cckyrRJs.s 			page 456


 12573 56c1 FCF3CF3F 		.ascii	"\374\363\317?\377\374\363\317\177\233\023;\373\214\247"
 12573      FFFCF3CF 
 12573      7F9B133B 
 12573      FB8CA7
 12574 56d0 D060F1DF 		.ascii	"\320`\361\337'^\373\223\221{NK\376\237W\236\372_>\343"
 12574      275EFB93 
 12574      917B4E4B 
 12574      FE9F579E 
 12574      FA5F3EE3 
 12575 56e4 F7CF3FDE 		.ascii	"\367\317?\336\367\315_=\251y\236}\352\254\212~\257\316"
 12575      F7CD5F3D 
 12575      A9799E7D 
 12575      EAAC8A7E 
 12575      AFCE
 12576 56f6 98BE06A6 		.ascii	"\230\276\006\246\257\036g\372\244\247\320\364\022\356"
 12576      AF1E67FA 
 12576      A4A7D0F4 
 12576      12EE
 12577 5704 F9D7DF2E 		.ascii	"\371\327\337.\346^\322L\177\367\376w\3762\371\350\350"
 12577      E65ED24C 
 12577      7FF7FE77 
 12577      FE32F9E8 
 12577      E8
 12578 5715 07CFE69E 		.ascii	"\007\317\346\236\233\377\236\351\3533\206o\200\341\353"
 12578      9BFF9EE9 
 12578      EB33866F 
 12578      80E1EB
 12579 5724 C7193EE1 		.ascii	"\307\031>\341)4x\374\344\275\267~X\315\275\251\031~"
 12579      293478FC 
 12579      E4BDB77E 
 12579      58CDBDA9 
 12579      197E
 12580 5736 FBA7DFF2 		.ascii	"\373\247\337\362\224\326^\234\376G\361\377\376\321\257"
 12580      94D65E9C 
 12580      FE47F1FF 
 12580      FED1AF
 12581 5745 BFBF70F2 		.ascii	"\277\277p\362\367\275\337&\255\2755\321\332/^~\372\245"
 12581      F7BDDF26 
 12581      ADBD35D1 
 12581      DA2F5E7E 
 12581      FAA5
 12582 5757 C99FC5F8 		.ascii	"\311\237\305\370\315\207\245\037\374a\372m_\320\235"
 12582      CD87A51F 
 12582      FC61FA6D 
 12582      5FD09D
 12583 5766 7D7326D2 		.ascii	"}s&\322_!\322\233\307E\372\036Sh\372\335\342\217\177"
 12583      5F21D29B 
 12583      C745FA1E 
 12583      5368FADD 
 12583      E28F7F
 12584 5779 F9DD6321 		.ascii	"\371\335c!\237\376\202\316\314\266\337\321\266\375\216"
 12584      9FFE82CE 
 12584      CCB6DFD1 
 12584      B6FD8E
 12585 5788 B2ED3F3F 		.ascii	"\262\355??\373\3027\216\177M\366\030\355\273\232\366"
 12585      FBC2378E 
 12585      7F4DF618 
ARM GAS  /tmp/cckyrRJs.s 			page 457


 12585      EDBB9AF6 
 12586 5798 5D45FBCC 		.ascii	"]E\373\314o\377\361\231y\322W\216\221\276\247I\337S"
 12586      6FFFF199 
 12586      79D2578E 
 12586      91BEA749 
 12586      DF53
 12587 57aa A4CFFFEB 		.ascii	"\244\317\377\353\275\237\231'\276\333|\277\252\337m"
 12587      BD9F9927 
 12587      BEDB7CBF 
 12587      AADF6D
 12588 57b9 BEA87FC1 		.ascii	"\276\250\177\301\362\373\247_~\243z\373\247*?4\356?"
 12588      F2FBA75F 
 12588      7EA37AFB 
 12588      A72A3F34 
 12588      EE3F
 12589 57cb FB81FA5C 		.ascii	"\373\201\372\\\373"
 12589      FB
 12590 57d0 DFAACB7A 		.ascii	"\337\252\313z\212\2061\341\235g^\370\3711\347\005z\216"
 12590      8A8631E1 
 12590      9D675EF8 
 12590      F931E705 
 12590      7A8E
 12591 57e2 FDDFB524 		.ascii	"\375\337\265$\324\024\306\256\313\223bh\373\321\212"
 12591      D414C6AE 
 12591      CB936268 
 12591      FBD18A
 12592 57f1 6B6EDD38 		.ascii	"kn\3358\270\324l\\=\263\244\373+\266\315\036t\327\032"
 12592      B8D46C5C 
 12592      3DB3A4FB 
 12592      2BB6CD1E 
 12592      74D71A
 12593 5804 EE1933F5 		.ascii	"\356\0313\365#ye\325\2229\351\207\025!C\202\375\320"
 12593      237965D5 
 12593      9239E987 
 12593      15214382 
 12593      FDD0
 12594 5816 92053788 		.ascii	"\222\0057\210\335[E7\216\372\376\240\324n\0364\025T"
 12594      DD5B4537 
 12594      8EFAFEA0 
 12594      D46E1E34 
 12594      1554
 12595 5828 10D296AC 		.ascii	"\020\322\226\254\354\273\251\002,IC-\356\217\030/$\264"
 12595      ECBBA902 
 12595      2C49432D 
 12595      EE8F182F 
 12595      24B4
 12596 583a E2975756 		.ascii	"\342\227WVj\370\347\016}\307\217\205%y\032\335\252\305"
 12596      6AF8E70E 
 12596      7DC78F85 
 12596      25791ADD 
 12596      AAC5
 12597 584c A236B483 		.ascii	"\2426\264\203Z\022s)j\335\336\356\225\325\332\316N\253"
 12597      5A127329 
 12597      6ADDDEEE 
 12597      95D5DACE 
 12597      4EAB
 12598 585e D66BEF8E 		.ascii	"\326k\357\216\0324b\201\237\025\004\336\312\360L\276"
ARM GAS  /tmp/cckyrRJs.s 			page 458


 12598      1A346281 
 12598      9F1504DE 
 12598      CAF04CBE 
 12599 586e 9F46AE39 		.ascii	"\237F\2569\222\324@\012\217\005\322\256\212#\0011\031"
 12599      92D4400A 
 12599      8F05D2AE 
 12599      8A230131 
 12599      19
 12600 587f 1F8154E6 		.ascii	"\037\201T\346\023\316FK\356\320\032\371\\\246\204\361"
 12600      13CE464B 
 12600      EED01AF9 
 12600      5CA684F1 
 12601 588f 43C6CF1F 		.ascii	"C\306\317\037\353\201*b\2072\227\330\374s'\010\304e"
 12601      EB812A62 
 12601      873297D8 
 12601      FC732708 
 12601      C465
 12602 58a1 CD8FDC20 		.ascii	"\315\217\334 \365\030\306\204;\244\305\027b\307 \205"
 12602      F518C684 
 12602      3BA4C517 
 12602      62C72085 
 12603 58b1 5CB3E482 		.ascii	"\\\263\344\202\357\030\261\363x\312RV\214b\351\367\217"
 12603      EF18B1F3 
 12603      78CA5256 
 12603      8C62E9F7 
 12603      8F
 12604 58c2 96FCD872 		.ascii	"\226\374\330r\322~\237qa)\374\362\355\010K\226\235\307"
 12604      D27E9F71 
 12604      6129FCF2 
 12604      ED084B96 
 12604      9DC7
 12605 58d4 35312934 		.ascii	"51)4Nr\211\344FF\262\340DE\341\177\035D\005\207\332"
 12605      4E7289E4 
 12605      4646B2E0 
 12605      4445E17F 
 12605      1D440587 
 12606 58e9 BC0382A2 		.ascii	"\274\003\202\242\303=\320\024\2351Gc:n\234\322>K\"\025"
 12606      C33DD014 
 12606      9D314763 
 12606      3A6E9CD2 
 12606      3E4B2215 
 12607 58fd 098B3CE6 		.ascii	"\011\213<\346\025\254\353q\034\030c\333\227~4(a\327"
 12607      15ACEB71 
 12607      1C1863DB 
 12607      977E3428 
 12607      61D7
 12608 590f 72C899ED 		.ascii	"r\310\231\355\231\272\261\344\322\024\225\011q\376X"
 12608      99BAB1E4 
 12608      D2149509 
 12608      71FE58
 12609 591e 0F8A08FC 		.ascii	"\017\212\010\374\350V\343\023Ne\242\005:\207LV\250\342"
 12609      E856E313 
 12609      4E65A205 
 12609      3A874C56 
 12609      A8E2
 12610 5930 9E389549 		.ascii	"\2368\225I*o\337\240\341k\235\334\355G\0373Z\026\336"
 12610      2A6FDFA0 
ARM GAS  /tmp/cckyrRJs.s 			page 459


 12610      E16B9DDC 
 12610      ED471F33 
 12610      5A16DE
 12611 5943 C42E0A6C 		.ascii	"\304.\012l\304\"\271\250\236\226\210S\356\262s\272\023"
 12611      C422B9A8 
 12611      9E968853 
 12611      EEB273BA 
 12611      13
 12612 5954 F842B288 		.ascii	"\370B\262\210\361\245\343]K^>\315I\251I$\340\271y\326"
 12612      F1A5E35D 
 12612      4B5E3ECD 
 12612      49A94924 
 12612      E0B979D6 
 12613 5968 50F72894 		.ascii	"P\367(\224\313]\306};8\350^\327\026ys\267w\3766\324"
 12613      CB5DC67D 
 12613      3B38E85E 
 12613      D7167973 
 12613      B777FE36 
 12614 597d ACAFED79 		.ascii	"\254\257\355y\355\224\212\021j\232\225\012\207lt}\263"
 12614      ED948A11 
 12614      6A9A950A 
 12614      876C747D 
 12614      B3
 12615 598e B353D8D9 		.ascii	"\263S\330\331k>\334\311_\357v:g\0379\273\015\177a6W"
 12615      6B3EDCC9 
 12615      5FEF763A 
 12615      671F39BB 
 12615      0D7F6136 
 12616 59a3 EED47810 		.ascii	"\356\324x\020\342\010&\357\304\025\266\366\333{\243"
 12616      E20826EF 
 12616      C415B6F6 
 12616      DB7BA3
 12617 59b2 D59A76C0 		.ascii	"\325\232v\300A\342\307X&\267\327\352\344\332\255Na\377"
 12617      41E2C758 
 12617      26B7D7EA 
 12617      E4DAAD4E 
 12617      61FF
 12618 59c4 60BFD531 		.ascii	"`\277\3251\366\272\373\033\033\255Nq\257\367\325\375"
 12618      F6BAFB1B 
 12618      1BAD4E71 
 12618      AFF7D5FD 
 12619 59d4 8D4E6177 		.ascii	"\215Naw\257\265\321!I\266\027g\263,Y\365c\245\2300\366"
 12619      AFB5D121 
 12619      49B61767 
 12619      B32C59F5 
 12619      63A59830 
 12620 59e9 E8F0DDA1 		.ascii	"\350\360\335\241\315\013^h\313\303eM\005\330\022\022"
 12620      CD0B5E68 
 12620      CBC3654D 
 12620      05D81212 
 12621 59f9 16423E8E 		.ascii	"\026B>\216\016?,\251a\242/\251>A\205T\330\\V\017\272"
 12621      0E3F2CA9 
 12621      61A22FA9 
 12621      3E418554 
 12621      D85C560F 
 12622 5a0e EB9D9ED5 		.ascii	"\353\235\236\325;JX\213\365\313\007\350h\255\031\374"
 12622      3B4A588B 
ARM GAS  /tmp/cckyrRJs.s 			page 460


 12622      F5CB07E8 
 12622      68AD19FC 
 12623 5a1e 501D7335 		.ascii	"P\035s5\005U\006\3036\344\034VN\260\025\352e\260b\221"
 12623      055506C3 
 12623      36E41C56 
 12623      4EB015EA 
 12623      65B06291 
 12624 5a32 450B7E08 		.ascii	"E\013~\010\343\271~\007*R\302d\361\202xf\001\243\204"
 12624      E3B97E07 
 12624      2A52C264 
 12624      F1827866 
 12624      01A384
 12625 5a45 E0403E6F 		.ascii	"\340@>o\311\342\020v\317x\276\317\031+$\366\200\211"
 12625      C9E21076 
 12625      CF78BECF 
 12625      192B24F6 
 12625      8089
 12626 5a57 0A3089A5 		.ascii	"\0120\211\245\321\3259\330\222\253',\034\213\300w\346"
 12626      D1D539D8 
 12626      92AB272C 
 12626      1C8BC077 
 12626      E6
 12627 5a68 CC2D6421 		.ascii	"\314-d!\315#\203\313\247\202yy\345\272\204\252`(\346"
 12627      CD2383CB 
 12627      A7827979 
 12627      E5BA84AA 
 12627      6028E6
 12628 5a7b 47C431A9 		.ascii	"G\3041\251\316\301\2264\023\036\217|Z\022\350\001S\241"
 12628      CEC19634 
 12628      131E8F7C 
 12628      5A12E801 
 12628      53A1
 12629 5a8d 8C226C28 		.ascii	"\214\"l(\017\013\361\030\246^P\356b\302s\303T\262CC"
 12629      0F0BF118 
 12629      A65E50EE 
 12629      62C273C3 
 12629      54B24343 
 12630 5aa1 3D2DF9C0 		.ascii	"=-\371\300i\354\037L \213\351\307\372\200s\215\007\317"
 12630      69EC1F4C 
 12630      208BE9C7 
 12630      FA80738D 
 12630      07CF
 12631 5ab3 946C1E8E 		.ascii	"\224l\036\216\256\262\313\341\231\262\013\235\261\303"
 12631      AEB2CBE1 
 12631      99B20B9D 
 12631      B1C3
 12632 5ac1 CBE1DA99 		.ascii	"\313\341\332\231\222\223J\031G\226\353\030:\346\237"
 12632      92934A19 
 12632      4796EB18 
 12632      3AE69F
 12633 5ad0 298EE42A 		.ascii	")\216\344*\272\205\221\304\263\"\206,\010z*T\234\344"
 12633      BA8591C4 
 12633      B322862C 
 12633      087A2A54 
 12633      9CE4
 12634 5ae2 77239BFB 		.ascii	"w#\233\373q*j\212T?I\337;\231\303^1\364\364F\005\321"
 12634      712A6A8A 
ARM GAS  /tmp/cckyrRJs.s 			page 461


 12634      543F49DF 
 12634      3B99C35E 
 12634      31F4F446 
 12635 5af8 7BEC7B72 		.ascii	"{\354{r\350:\215E\300\011|%\366\320\271 \354>\263\022"
 12635      E83A8D45 
 12635      C0097C25 
 12635      F6D0B920 
 12635      EC3EB312 
 12636 5b0c 0E9F5841 		.ascii	"\016\237XA$\226+\365\362\014c\016b\010\002\363\2041"
 12636      24962BF5 
 12636      F20C630E 
 12636      620802F3 
 12636      8431
 12637 5b1e 51D3C8DA 		.ascii	"Q\323\310\332\325\305~\220\212a\026ZJ\256\035\270\226"
 12637      D5C57E90 
 12637      8A61165A 
 12637      4AAE1DB8 
 12637      96
 12638 5b2f 63A7DE39 		.ascii	"c\247\3369\350\000\313\011f\361\261\033\311\022\024"
 12638      E800CB09 
 12638      66F1B11B 
 12638      C91214
 12639 5b3e 6BA97069 		.ascii	"k\251pid\031\254\342\245aby\266\264\255\372\034\334"
 12639      6419ACE2 
 12639      A5616279 
 12639      B6B4ADFA 
 12639      1CDC
 12640 5b50 9883572F 		.ascii	"\230\203W/ \200\270\267Tg\"\321\014\223'E\231n\210\250"
 12640      2080B8B7 
 12640      546722D1 
 12640      0C932745 
 12640      996E88A8 
 12641 5b64 CA84BCEB 		.ascii	"\312\204\274\353:\326\3522\034U$\341\372]\3453\367\255"
 12641      3AD6EA32 
 12641      1C5524E1 
 12641      FA5DE533 
 12641      F7AD
 12642 5b76 D46005FC 		.ascii	"\324`\005\374\230\215\304a\010\265\0304O8\\\267qT\246"
 12642      988DC461 
 12642      08B51834 
 12642      4F385CB7 
 12642      7154A6
 12643 5b89 B61F73F8 		.ascii	"\266\037s\370VI\201\264)=(\345\305\004\014\231\334\361"
 12643      564981B4 
 12643      293D28E5 
 12643      C5040C99 
 12643      DCF1
 12644 5b9b 23D6B483 		.ascii	"#\326\264\203\300\261\335[\355*pn\326\201\015\3711\342"
 12644      C0B1DD5B 
 12644      ED2A706E 
 12644      D6810DF9 
 12644      31E2
 12645 5bad 363B3928 		.ascii	"6;9(\336\036\2400\033R\334K-9\206\305\"\333\011X\002"
 12645      DE1EA030 
 12645      1B52DC4B 
 12645      2D3986C5 
 12645      22DB0958 
ARM GAS  /tmp/cckyrRJs.s 			page 462


 12646 5bc2 6BA76850 		.ascii	"k\247hP\362c\200>vV\006\004#!\360+w\036\237\262\225"
 12646      F263803E 
 12646      76560604 
 12646      2321F02B 
 12646      771E9FB2 
 12647 5bd7 32D783EE 		.ascii	"2\327\203\356n\366Z1v\322\376\354ilw$1iQO\3520D\310"
 12647      6EF65A31 
 12647      76D2FEEC 
 12647      696C7724 
 12647      3169514F 
 12648 5bef F6A7A6F2 		.ascii	"\366\247\246\362z\276\230\027\030\316\241\254\244\177"
 12648      7ABE9817 
 12648      18CEA1AC 
 12648      A47F
 12649 5bfd 92A39290 		.ascii	"\222\243\222\220t\014:\226\211\332\204\236V\020r\213"
 12649      740C3A96 
 12649      89DA849E 
 12649      5610728B 
 12650 5c0d C9A64EA5 		.ascii	"\311\246N\245\237?m\200'\331\212pX\210\225G(\357\033"
 12650      9F3F6D80 
 12650      27D98A70 
 12650      58889547 
 12650      28EF1B
 12651 5c20 48E4431E 		.ascii	"H\344C\036\217\3176\214~t\011\351\330\005&\212\322 "
 12651      8FCF368C 
 12651      7E7409E9 
 12651      D805268A 
 12651      D220
 12652 5c32 18D78671 		.ascii	"\030\327\206q\310j<vj\373<~\214\271\320T\223\370we\352"
 12652      C86A3C76 
 12652      6AFB3C7E 
 12652      8CB9D054 
 12652      93F87765 
 12653 5c47 F9F13C6C 		.ascii	"\371\361<l\255\326k\022\011\\\324\250\002\353\021ti"
 12653      ADD66B12 
 12653      095CD4A8 
 12653      02EB1174 
 12653      69
 12654 5c58 BDB37B69 		.ascii	"\275\263{i#t\230\207\364^{heu\245qi\265\336x\350\361"
 12654      23749887 
 12654      F45E7B68 
 12654      6575A571 
 12654      69B5DE78 
 12655 5c6e B51AFCF8 		.ascii	"\265\032\374\3702\326`\227\231\355\370S\351\260C\244"
 12655      32D66097 
 12655      99EDF853 
 12655      E9B043A4 
 12656 5c7e 7EADEEDE 		.ascii	"~\255\356\336\320\353\006\214%+\247QwV\010h\235cf\207"
 12656      D0EB068C 
 12656      252BA751 
 12656      77560868 
 12656      9D636687 
 12657 5c92 05E43FE8 		.ascii	"\005\344?\350l\214\344#\250(\326\243\243\212N\026\266"
 12657      6C8CE423 
 12657      A828D6A3 
 12657      A38A4E16 
 12657      B6
ARM GAS  /tmp/cckyrRJs.s 			page 463


 12658 5ca3 80CD5D54 		.ascii	"\200\315]TTML\222l\223\307\3416\242\231\221\025b\206"
 12658      544D4C92 
 12658      6C93C7E1 
 12658      36A29991 
 12658      156286
 12659 5cb6 847A915E 		.ascii	"\204z\221^N\265\260w\024\331\241\357b\341\013s,\273"
 12659      4EB5B077 
 12659      14D9A1EF 
 12659      62E10B73 
 12659      2CBB
 12660 5cc8 C801BEFB 		.ascii	"\310\001\276\373i\265z\207\015(\212\360],\374\210/\207"
 12660      69B57A87 
 12660      0D288AF0 
 12660      5D2CFC88 
 12660      2F87
 12661 5cda 9B813D10 		.ascii	"\233\201=\020\272X\350\023\210\272R\305\233v\344\313"
 12661      BA58E813 
 12661      88BA52C5 
 12661      9B76E4CB 
 12662 5cea 7B105236 		.ascii	"{\020R6\2245\337\240\322\312w\301&\216\304i\035\003"
 12662      9435DFA0 
 12662      D2CA77C1 
 12662      268EC469 
 12662      1D03
 12663 5cfc B321C879 		.ascii	"\263!\310y4\020\200\313\246\235\310\2243s\322\277{j"
 12663      341080CB 
 12663      A69DC894 
 12663      3373D2BF 
 12663      7B6A
 12664 5d0e 8138F801 		.ascii	"\2018\370\001\217\323\204\002\353\242\366\022\255\227"
 12664      8FD38402 
 12664      EBA2F612 
 12664      AD97
 12665 5d1c 12651B45 		.ascii	"\022e\033E|\322\356o_\223&P\224F\271\240\346\225\246"
 12665      7CD2EE6F 
 12665      5F932650 
 12665      9446B9A0 
 12665      E695A6
 12666 5d2f F546695A 		.ascii	"\365FiZ\211\234V~]r\230\250\254\024\253*\200=\207\214"
 12666      899C567E 
 12666      5D7298A8 
 12666      AC14AB2A 
 12666      803D878C 
 12667 5d43 8E748382 		.ascii	"\216t\203\202\260{$\010:U\362@\252\244P\005\2664\345"
 12667      B07B2408 
 12667      3A55F240 
 12667      AAA45005 
 12667      B634E5
 12668 5d56 249FBD4D 		.ascii	"$\237\275M\002\252D\220:\026F2\337m\0354\356\377h\010"
 12668      02AA4490 
 12668      3A164632 
 12668      DF6D1D34 
 12668      EEFF6808 
 12669 5d6a 84886E9F 		.ascii	"\204\210n\237,4\037 \216\346\004w\315\300\026\222\242"
 12669      2C341F20 
 12669      8EE60477 
 12669      CDC01692 
ARM GAS  /tmp/cckyrRJs.s 			page 464


 12669      A2
 12670 5d7b 79895233 		.ascii	"y\211R3\262\177\230\3504\004\037\013\004\2526\224\212"
 12670      B27F98E8 
 12670      34041F0B 
 12670      04AA3694 
 12670      8A
 12671 5d8c 74BE16E6 		.ascii	"t\276\026\3465*\302\265\2060\007J\2559\370p9\353#\003"
 12671      352AC2B5 
 12671      8630074A 
 12671      AD39F870 
 12671      39EB2303 
 12672 5da0 D0100558 		.ascii	"\320\020\005X;\362\304b\227f4u\217h\300?\212XP\3254"
 12672      3BF2C462 
 12672      97663475 
 12672      8F68C03F 
 12672      8A5850D5 
 12673 5db5 49C0C82E 		.ascii	"I\300\310.*\031\025)\2732\266\247\311\252,\344-;\360"
 12673      2A191529 
 12673      BB32B6A7 
 12673      C9AA2CE4 
 12673      2D3BF0
 12674 5dc8 0711CE73 		.ascii	"\007\021\316slg\231kI\013\001C\014\375\010&\352\025"
 12674      6C67996B 
 12674      490B0143 
 12674      0CFD0826 
 12674      EA15
 12675 5dda E836B36A 		.ascii	"\3506\263j\3008H\260\274\3473\004t\275\014e\266\014"
 12675      C03848B0 
 12675      BCE73304 
 12675      74BD0C65 
 12675      B60C
 12676 5dec 44AE8971 		.ascii	"D\256\211q\202\375 \036#\225Vi`\032\270K:\373\001o\252"
 12676      82FD201E 
 12676      23955669 
 12676      601AB84B 
 12676      3AFB016F 
 12677 5e01 9C08A084 		.ascii	"\234\010\240\204\202\204\322\210{T\002)uP\230\251z\013"
 12677      8284D288 
 12677      7B540229 
 12677      755098A9 
 12677      7A0B
 12678 5e13 DD2C8DDB 		.ascii	"\335,\215\333\234\027Uq\264\252\254\215\364\262\232"
 12678      9C175571 
 12678      B4AAAC8D 
 12678      F4B29A
 12679 5e22 7339FD34 		.ascii	"s9\3754\012\010>\314+\223&Q\224\023g\"q\035d\011~\310"
 12679      0A083ECC 
 12679      2B932651 
 12679      94136722 
 12679      711D6409 
 12680 5e38 38A7744E 		.ascii	"8\247tN\230\211\347\020\314h\270\2443*\211\240fL\246"
 12680      9889E710 
 12680      CC68B8A4 
 12680      332A89A0 
 12680      664CA6
 12681 5e4b 44245E49 		.ascii	"D$^I\022\260:\205\032\200\260\332\025-Fc*F\243\250\217"
 12681      12B03A85 
ARM GAS  /tmp/cckyrRJs.s 			page 465


 12681      1A80B0DA 
 12681      152D4663 
 12681      2A46A3A8 
 12682 5e60 77496D02 		.ascii	"wIm\002\247d\015\343\370\026\210\317\003\017\034T\342"
 12682      A7640DE3 
 12682      F81688CF 
 12682      030F1C54 
 12682      E2
 12683 5e71 0554525D 		.ascii	"\005TR]\240\214\3541\341r?\2211\255Z%c\237\"\226A\017"
 12683      A08CEC31 
 12683      E1723F91 
 12683      31AD5A25 
 12683      639F2296 
 12684 5e87 92390A69 		.ascii	"\2229\012i\352\032\336u\312\030\323\260\\\234\200$m"
 12684      EA1ADE75 
 12684      CA18D3B0 
 12684      5C9C8024 
 12684      6D
 12685 5e98 51C47D62 		.ascii	"Q\304}bD\"LU|'u\365^okR2\012g\222\266`\276zO\015\323"
 12685      44224C55 
 12685      7C2775F5 
 12685      5E6F6B52 
 12685      320A6792 
 12686 5eb3 49835B16 		.ascii	"I\203[\026\264j\320\252\250\335\014\205\360#\024{NR"
 12686      B46AD0AA 
 12686      A8DD0C85 
 12686      F023147B 
 12686      4E52
 12687 5ec5 843102AE 		.ascii	"\2041\002\256\2201[\3524\033\0247\\%\246B\352\303n\030"
 12687      90315BEA 
 12687      341B1437 
 12687      5C25A642 
 12687      EAC36E18 
 12688 5ed9 02535998 		.ascii	"\002SY\230\234\023!\244d4\220\006\202\235wd\204\260"
 12688      9C1321A4 
 12688      64349006 
 12688      829D7764 
 12688      84B0
 12689 5eeb 823B34F2 		.ascii	"\202;4\362\2617`\006\3651{Y\315\345\314e\010\004\236"
 12689      B1376006 
 12689      F5317B59 
 12689      CDE5CC65 
 12689      08049E
 12690 5efe 2A824A63 		.ascii	"*\202Jc\356\243B\306`\221\037\252F\252f\261\357ZS\027"
 12690      EEA342C6 
 12690      60911FAA 
 12690      46AA66B1 
 12690      EF5A5317 
 12691 5f12 32D5950F 		.ascii	"2\325\225\017\330\302\003+;\315\372\202;,\223Se7B<\002"
 12691      D8C2032B 
 12691      3BCDFA82 
 12691      3B2C9353 
 12691      6537423C 
 12692 5f27 0AD2064A 		.ascii	"\012\322\006JD\272T\231\214\256\220H\035f(\006\372j"
 12692      44BA5499 
 12692      8CAE9048 
 12692      1D662806 
ARM GAS  /tmp/cckyrRJs.s 			page 466


 12692      FA6A
 12693 5f39 38775724 		.ascii	"8wW$\212s\363\035K\236M\213lL!\2578\226\340\221\240"
 12693      8A73F31D 
 12693      4B9E4D8B 
 12693      6C4C21AF 
 12693      3896E091 
 12694 5f4e 11D814F2 		.ascii	"\021\330\024\362\0056\021\332\3110\346\314\020\224."
 12694      053611DA 
 12694      C930E6CC 
 12694      10942E
 12695 5f5d C4A0801F 		.ascii	"\304\240\200\037\\ \306R\362d9\273\213r\206\202\015"
 12695      5C20C652 
 12695      F26439BB 
 12695      8B728682 
 12695      0D
 12696 5f6e 664EA5F8 		.ascii	"fN\245\370X\306\316c\211\311\016}\351\302\302\213\334"
 12696      58C6CE63 
 12696      89C90E7D 
 12696      E9C2C28B 
 12696      DC
 12697 5f7f 3BC28C3C 		.ascii	";\302\214<H\204!\351\211\311\312^\215\354\246bN\356"
 12697      488421E9 
 12697      89C9CA5E 
 12697      8DECA662 
 12697      4EEE
 12698 5f91 08C5B1ED 		.ascii	"\010\305\261\355 K\345\221BX\316\225\207\013\""
 12698      204BE591 
 12698      4258CE95 
 12698      870B22
 12699 5fa0 A9D0A9E2 		.ascii	"\251\320\251\342 $\272\213\012\206JQ\347\312k'X\002"
 12699      2024BA8B 
 12699      0A864A51 
 12699      E7CA6B27 
 12699      5802
 12700 5fb2 858C38CA 		.ascii	"\205\2148\312\214\001\371\266\271{\010\"\024\307\314"
 12700      8C01F9B6 
 12700      B97B0822 
 12700      14C7CC
 12701 5fc1 1A5DA56A 		.ascii	"\032]\245j\255\020\007\250\317\013\021\033\343\276@"
 12701      AD1007A8 
 12701      CF0B111B 
 12701      E3BE40
 12702 5fd0 4A2B8409 		.ascii	"J+\204\011\222s\316s\006\244$\272R\260\020\306\354\244"
 12702      9273CE73 
 12702      06A424BA 
 12702      52B010C6 
 12702      ECA4
 12703 5fe2 83526247 		.ascii	"\203RbG\276kA\372s\363h\010:\222\244\267{n\177\023\241"
 12703      BE6B41FA 
 12703      73F36808 
 12703      3A92A4B7 
 12703      7B6E7F13 
 12704 5ff7 D5A92220 		.ascii	"\325\251\" \365\357\376\230A"
 12704      F5EFFE98 
 12704      41
 12705 6000 6C9E535B 		.ascii	"l\236S[\305\\R\335\221\302\032n\3129]\232g(\213\"|&"
 12705      C55C52DD 
ARM GAS  /tmp/cckyrRJs.s 			page 467


 12705      91C21A6E 
 12705      CA395D9A 
 12705      67288B22 
 12706 6016 CE820C8B 		.ascii	"\316\202\014\213q\277\2174e\300\227\311\006OUtI\332"
 12706      71BF8F34 
 12706      65C097C9 
 12706      064F5574 
 12706      49DA
 12707 6028 EF920C2D 		.ascii	"\357\222\014-8\220\357p\225<\021\300f\273\224U]pg\361"
 12707      3890EF70 
 12707      953C11C0 
 12707      66BB9455 
 12707      5D7067F1 
 12708 603c 4597CBBA 		.ascii	"E\227\313\272r\305is:\026s\022\203\015\304Z:\030\212"
 12708      72C56973 
 12708      3A167312 
 12708      830DC45A 
 12708      3A188A
 12709 604f CB541810 		.ascii	"\313T\030\0203\035\311U\331|\216\3026]\204t\361~a\026"
 12709      331DC955 
 12709      D97C8EC2 
 12709      365D8474 
 12709      F17E6116 
 12710 6063 96334CB9 		.ascii	"\2263L\271\357\203\241\262\370%\265\216\037\3416\020"
 12710      EF83A1B2 
 12710      F825B58E 
 12710      1FE13610 
 12711 6073 0F3813E2 		.ascii	"\0178\023\342\336\217+\270q\205?\355\273\213\254\022"
 12711      DE8F2BB8 
 12711      71853FED 
 12711      BB8BAC12 
 12712 6083 A4D35512 		.ascii	"\244\323U\022U-J\351\326\365\365\356\306~\247]\265\203"
 12712      552D4AE9 
 12712      D6F5F5EE 
 12712      C67EA75D 
 12712      B583
 12713 6095 B17D24B0 		.ascii	"\261}$\260 \325\325\033\237l80-2\233Zs\267\333\356\326"
 12713      20D5D51B 
 12713      9F6C3830 
 12713      2D329B5A 
 12713      73B7DBEE 
 12714 60aa 9AB09B5A 		.ascii	"\232\260\233Z{\242\320P\370\302\032\270T\335,\253\354"
 12714      7BA2D050 
 12714      F8C21AB8 
 12714      54DD2CAB 
 12714      EC
 12715 60bb 7B10D19B 		.ascii	"{\020\321\2332*\230\332\335\316]\312<S\205\262\372\300"
 12715      322A98DA 
 12715      DDCE5DCA 
 12715      3C5385B2 
 12715      FAC0
 12716 60cd 59BEE095 		.ascii	"Y\276\340\2259\344\222\232\2633\233\261\254\006\217"
 12716      39E4929A 
 12716      B3339BB1 
 12716      AC068F
 12717 60dc D197A628 		.ascii	"\321\227\246(Ua\353RY\325\315m\261\316C\346\265/*\012"
 12717      5561EB52 
ARM GAS  /tmp/cckyrRJs.s 			page 468


 12717      59D5CD6D 
 12717      B1CE43E6 
 12717      B52F2A0A 
 12718 60f0 FDAA8BC2 		.ascii	"\375\252\213\302.A_\274sgP\014t\231v\263\207\232\271"
 12718      2E415FBC 
 12718      7367500C 
 12718      749976B3 
 12718      879AB9
 12719 6103 AB2CA207 		.ascii	"\253,\242\007\354\362G0\217\226\246\222W\346\366]\212"
 12719      ECF24730 
 12719      8F96A692 
 12719      57E6F65D 
 12719      8A
 12720 6114 E5003729 		.ascii	"\345\0007)(>{\301\200\276\245\021Hk\350TfhY\0216\005"
 12720      283E7BC1 
 12720      80BEA511 
 12720      486BE854 
 12720      66685911 
 12721 612a 3CFD0E11 		.ascii	"<\375\016\021\0216s\371\252~\313\230j\3434l\317#{(\322"
 12721      113673F9 
 12721      AA7ECB98 
 12721      6AE3346C 
 12721      CF237B28 
 12722 613f 682A0AD8 		.ascii	"h*\012\330|\212H\222\324\021\315\\'\017 2\350\201C\""
 12722      7C8A4892 
 12722      D411CD5C 
 12722      270F2032 
 12722      E8814322 
 12723 6153 6CF6CA81 		.ascii	"l\366\312\201\302w}\362\232\201\322\244\226\241D\006"
 12723      C2777DF2 
 12723      9A81D2A4 
 12723      96A14406 
 12724 6163 A6A01C4B 		.ascii	"\246\240\034K\334*za\032H?\011\220\331KD\246\246\\D"
 12724      DC2A7A61 
 12724      1A483F09 
 12724      90D94B44 
 12724      A6A65C44 
 12725 6177 A2DA4BE5 		.ascii	"\242\332K\345F\344%1\302\014U\252\250\020#=\270\214"
 12725      46E42531 
 12725      C20C55AA 
 12725      A810233D 
 12725      B88C
 12726 6189 C176746C 		.ascii	"\301vtl\254B3C\373\220*\2262\361\324`Q\247\347\363J"
 12726      AC423343 
 12726      FB902A96 
 12726      32F1D460 
 12726      51A7E7F3 
 12727 619e 9859BE2A 		.ascii	"\230Y\276*\370t\0157\325>\350>\216<\243\262\277F\300"
 12727      F8740D37 
 12727      D53EE83E 
 12727      8E3CA3B2 
 12727      BF46C0
 12728 61b1 312E6085 		.ascii	"1.`\205\011\377\254L\324\311\001\301{Qr;\022\241/\351"
 12728      09FFAC4C 
 12728      D4C901C1 
 12728      7B51723B 
 12728      12A12FE9 
ARM GAS  /tmp/cckyrRJs.s 			page 469


 12729 61c5 FD5F3109 		.ascii	"\375_1\011i\3338\034\024\320\270v\3512\346\006\034\262"
 12729      69DB381C 
 12729      14D0B876 
 12729      E932E606 
 12729      1CB2
 12730 61d7 769A50C0 		.ascii	"v\232P\300U\325\315\217\250\012\323\357\321\314\311"
 12730      55D5CD8F 
 12730      A80AD3EF 
 12730      D1CCC9
 12731 61e6 DBB7E258 		.ascii	"\333\267\342XE\343\222B\323\345\020\351D\214\274\215"
 12731      45E39242 
 12731      D3E510E9 
 12731      448CBC8D 
 12732 61f6 FA9AB1DF 		.ascii	"\372\232\261\337\334j6{;\032\321\252\327\027bf(\270"
 12732      DC6A367B 
 12732      3B1AD1AA 
 12732      D7176266 
 12732      28B8
 12733 6208 712D6BD7 		.ascii	"q-k\327\314\326\336\306~\257\333\376ZQ!\232\006\365"
 12733      CCD6DEC6 
 12733      7EAFDBFE 
 12733      5A51219A 
 12733      06F5
 12734 621a DB377ABA 		.ascii	"\3337z\272\273\246\272`\221\2217\277t\307\011|jC\344"
 12734      BBA6BA60 
 12734      919137BF 
 12734      74C7097C 
 12734      6A43E4
 12735 622d 75338322 		.ascii	"u3\203\"}S\326^\360\231\321\352=\272\331\355u\315V["
 12735      7D53D65E 
 12735      F099D1EA 
 12735      3DBAD9ED 
 12735      75CD565B 
 12736 6241 8B621000 		.ascii	"\213b\020\000\031T\213\305/\314\246\341<h\226\336\321"
 12736      19548BC5 
 12736      2FCCA6E1 
 12736      3C6896DE 
 12736      D1
 12737 6252 B5663D03 		.ascii	"\265f=\003\256M\200\265\011p\2459\001\256\225\211\315"
 12737      AE4D80B5 
 12737      0970A539 
 12737      01AE9589 
 12737      CD
 12738 6263 C6EEFE6E 		.ascii	"\306\356\376n\367\341\011\256^n\335\274~\320\335?\330"
 12738      F7E109AE 
 12738      5E6EDDBC 
 12738      7ED0DD3F 
 12738      D8
 12739 6274 E96E980A 		.ascii	"\351n\230\012l\265\273\331\340\352\332\004\250\233\255"
 12739      6CB5BBD9 
 12739      E0EADA04 
 12739      A89BAD
 12740 6283 75888179 		.ascii	"u\210\201y\005\005(e\240\247\344\232q\2537\363-\210"
 12740      05052865 
 12740      A0A7E49A 
 12740      71AB37F3 
 12740      2D88
ARM GAS  /tmp/cckyrRJs.s 			page 470


 12741 6295 9F6F4154 		.ascii	"\237oAT<6\2674\376*\364=t\213\333M\332\222\271\335\314"
 12741      3C36B734 
 12741      FE2AF43D 
 12741      748BDB4D 
 12741      DA92B9DD 
 12742 62aa 3829406B 		.ascii	"8)@k\367\032\006\233\333\353\235L\271\356]\263}\016"
 12742      F71A069B 
 12742      DBEB9D4C 
 12742      B9EE5DB3 
 12742      7D0E
 12743 62bc 63156BA3 		.ascii	"c\025k\243\311V\327\326\326\362\333\373\235^\326k4\315"
 12743      C956D7D6 
 12743      D6F2DBFB 
 12743      9D5ED66B 
 12743      34CD
 12744 62ce ED89680A 		.ascii	"\355\211h\0120\266\367{\217\222\016\365x\275Y\330\336"
 12744      30B6F77B 
 12744      8F920EF5 
 12744      78BD59D8 
 12744      DE
 12745 62df BC71B09B 		.ascii	"\274q\260\233\337\336lw\362\333S\231\032ku%<\024n\322"
 12745      DFDE6C77 
 12745      F2DB5399 
 12745      1A6B7525 
 12745      3C146ED2 
 12746 62f3 8C4DD2B6 		.ascii	"\214M\322\266\032\371\302\265\\\263\335*\300^6\2674"
 12746      1AF9C2B5 
 12746      5CB3DD2A 
 12746      C05E36B7 
 12746      34
 12747 6304 E6CA5AD6 		.ascii	"\346\312Z\326\326\315\355\033\031\367ln\335\330\352"
 12747      D6CDED1B 
 12747      19F76C6E 
 12747      DDD8EA
 12748 6313 E8B96881 		.ascii	"\350\271h\201\337\317\332\216\261\245\205R-\020\300"
 12748      DFCFDA8E 
 12748      B1A58552 
 12748      2D10C0
 12749 6322 777B643E 		.ascii	"w{d>[t\215\002\347\255\365m\335\3028HljIm\233\355\315"
 12749      5B748D02 
 12749      E7ADF56D 
 12749      DDC23848 
 12749      6C6A496D 
 12750 6339 BD0B1FB9 		.ascii	"\275\013\037\271_V\217a*\261@n\321q\354\223\256sD\006"
 12750      5F568F61 
 12750      2AB1406E 
 12750      D171EC93 
 12750      AE734406 
 12751 634d EFB91CF9 		.ascii	"\357\271\034\371\032\206\341U\263\251\007\223@\216\253"
 12751      1A86E155 
 12751      B3A90793 
 12751      408EAB
 12752 635c 6D6F7A75 		.ascii	"mozux\364\377\257\346~q"
 12752      78F4FFAF 
 12752      E67E71
 12753              		.text
 12754              		.section	.gnu.lto_.symtab.5b3651c1394eefb,"e",%progbits
ARM GAS  /tmp/cckyrRJs.s 			page 471


 12755 0000 6C617374 		.ascii	"last_width1\000"
 12755      5F776964 
 12755      74683100 
 12756 000c 00       		.ascii	"\000"
 12757 000d 00       		.ascii	"\000"
 12758 000e 00       		.ascii	"\000"
 12759 000f 00000000 		.ascii	"\000\000\000\000\000\000\000\000"
 12759      00000000 
 12760 0017 0D040000 		.ascii	"\015\004\000\000"
 12761 001b 6C617374 		.ascii	"last_period1\000"
 12761      5F706572 
 12761      696F6431 
 12761      00
 12762 0028 00       		.ascii	"\000"
 12763 0029 00       		.ascii	"\000"
 12764 002a 00       		.ascii	"\000"
 12765 002b 00000000 		.ascii	"\000\000\000\000\000\000\000\000"
 12765      00000000 
 12766 0033 0F040000 		.ascii	"\017\004\000\000"
 12767 0037 73705F74 		.ascii	"sp_temp\000"
 12767      656D7000 
 12768 003f 00       		.ascii	"\000"
 12769 0040 00       		.ascii	"\000"
 12770 0041 00       		.ascii	"\000"
 12771 0042 00000000 		.ascii	"\000\000\000\000\000\000\000\000"
 12771      00000000 
 12772 004a 11040000 		.ascii	"\021\004\000\000"
 12773 004e 736D616C 		.ascii	"smallest_pulse\000"
 12773      6C657374 
 12773      5F70756C 
 12773      736500
 12774 005d 00       		.ascii	"\000"
 12775 005e 00       		.ascii	"\000"
 12776 005f 00       		.ascii	"\000"
 12777 0060 00000000 		.ascii	"\000\000\000\000\000\000\000\000"
 12777      00000000 
 12778 0068 14040000 		.ascii	"\024\004\000\000"
 12779 006c 676F745F 		.ascii	"got_char\000"
 12779      63686172 
 12779      00
 12780 0075 00       		.ascii	"\000"
 12781 0076 00       		.ascii	"\000"
 12782 0077 00       		.ascii	"\000"
 12783 0078 00000000 		.ascii	"\000\000\000\000\000\000\000\000"
 12783      00000000 
 12784 0080 62020000 		.ascii	"b\002\000\000"
 12785 0084 6C617374 		.ascii	"last_received_char\000"
 12785      5F726563 
 12785      65697665 
 12785      645F6368 
 12785      617200
 12786 0097 00       		.ascii	"\000"
 12787 0098 00       		.ascii	"\000"
 12788 0099 00       		.ascii	"\000"
 12789 009a 00000000 		.ascii	"\000\000\000\000\000\000\000\000"
 12789      00000000 
 12790 00a2 1B040000 		.ascii	"\033\004\000\000"
ARM GAS  /tmp/cckyrRJs.s 			page 472


 12791 00a6 77726974 		.ascii	"write_cnt\000"
 12791      655F636E 
 12791      7400
 12792 00b0 00       		.ascii	"\000"
 12793 00b1 00       		.ascii	"\000"
 12794 00b2 00       		.ascii	"\000"
 12795 00b3 00000000 		.ascii	"\000\000\000\000\000\000\000\000"
 12795      00000000 
 12796 00bb 1E040000 		.ascii	"\036\004\000\000"
 12797 00bf 6C646174 		.ascii	"ldat\000"
 12797      00
 12798 00c4 00       		.ascii	"\000"
 12799 00c5 00       		.ascii	"\000"
 12800 00c6 00       		.ascii	"\000"
 12801 00c7 00000000 		.ascii	"\000\000\000\000\000\000\000\000"
 12801      00000000 
 12802 00cf 5A030000 		.ascii	"Z\003\000\000"
 12803 00d3 72785F63 		.ascii	"rx_cnt\000"
 12803      6E7400
 12804 00da 00       		.ascii	"\000"
 12805 00db 00       		.ascii	"\000"
 12806 00dc 00       		.ascii	"\000"
 12807 00dd 00000000 		.ascii	"\000\000\000\000\000\000\000\000"
 12807      00000000 
 12808 00e5 20040000 		.ascii	" \004\000\000"
 12809 00e9 74785F63 		.ascii	"tx_cnt\000"
 12809      6E7400
 12810 00f0 00       		.ascii	"\000"
 12811 00f1 00       		.ascii	"\000"
 12812 00f2 00       		.ascii	"\000"
 12813 00f3 00000000 		.ascii	"\000\000\000\000\000\000\000\000"
 12813      00000000 
 12814 00fb 22040000 		.ascii	"\"\004\000\000"
 12815 00ff 66635F74 		.ascii	"fc_timestamp\000"
 12815      696D6573 
 12815      74616D70 
 12815      00
 12816 010c 00       		.ascii	"\000"
 12817 010d 00       		.ascii	"\000"
 12818 010e 00       		.ascii	"\000"
 12819 010f 00000000 		.ascii	"\000\000\000\000\000\000\000\000"
 12819      00000000 
 12820 0117 24040000 		.ascii	"$\004\000\000"
 12821 011b 666C7573 		.ascii	"flush_buffer\000"
 12821      685F6275 
 12821      66666572 
 12821      00
 12822 0128 00       		.ascii	"\000"
 12823 0129 00       		.ascii	"\000"
 12824 012a 00       		.ascii	"\000"
 12825 012b 00000000 		.ascii	"\000\000\000\000\000\000\000\000"
 12825      00000000 
 12826 0133 6E020000 		.ascii	"n\002\000\000"
 12827 0137 72656164 		.ascii	"read_cnt\000"
 12827      5F636E74 
 12827      00
 12828 0140 00       		.ascii	"\000"
ARM GAS  /tmp/cckyrRJs.s 			page 473


 12829 0141 00       		.ascii	"\000"
 12830 0142 00       		.ascii	"\000"
 12831 0143 00000000 		.ascii	"\000\000\000\000\000\000\000\000"
 12831      00000000 
 12832 014b 26040000 		.ascii	"&\004\000\000"
 12833 014f 63616C63 		.ascii	"calc_baud\000"
 12833      5F626175 
 12833      6400
 12834 0159 00       		.ascii	"\000"
 12835 015a 00       		.ascii	"\000"
 12836 015b 00       		.ascii	"\000"
 12837 015c 00000000 		.ascii	"\000\000\000\000\000\000\000\000"
 12837      00000000 
 12838 0164 72020000 		.ascii	"r\002\000\000"
 12839 0168 73616665 		.ascii	"safe_print\000"
 12839      5F707269 
 12839      6E7400
 12840 0173 00       		.ascii	"\000"
 12841 0174 00       		.ascii	"\000"
 12842 0175 00       		.ascii	"\000"
 12843 0176 00000000 		.ascii	"\000\000\000\000\000\000\000\000"
 12843      00000000 
 12844 017e 5A020000 		.ascii	"Z\002\000\000"
 12845 0182 696E6372 		.ascii	"increase_rwcnt\000"
 12845      65617365 
 12845      5F727763 
 12845      6E7400
 12846 0191 00       		.ascii	"\000"
 12847 0192 00       		.ascii	"\000"
 12848 0193 00       		.ascii	"\000"
 12849 0194 00000000 		.ascii	"\000\000\000\000\000\000\000\000"
 12849      00000000 
 12850 019c 74020000 		.ascii	"t\002\000\000"
 12851 01a0 6765745F 		.ascii	"get_count\000"
 12851      636F756E 
 12851      7400
 12852 01aa 00       		.ascii	"\000"
 12853 01ab 00       		.ascii	"\000"
 12854 01ac 00       		.ascii	"\000"
 12855 01ad 00000000 		.ascii	"\000\000\000\000\000\000\000\000"
 12855      00000000 
 12856 01b5 7B020000 		.ascii	"{\002\000\000"
 12857 01b9 64756D70 		.ascii	"dump_data_0\000"
 12857      5F646174 
 12857      615F3000 
 12858 01c5 00       		.ascii	"\000"
 12859 01c6 00       		.ascii	"\000"
 12860 01c7 00       		.ascii	"\000"
 12861 01c8 00000000 		.ascii	"\000\000\000\000\000\000\000\000"
 12861      00000000 
 12862 01d0 7F020000 		.ascii	"\177\002\000\000"
 12863 01d4 64756D70 		.ascii	"dump_data_1\000"
 12863      5F646174 
 12863      615F3100 
 12864 01e0 00       		.ascii	"\000"
 12865 01e1 00       		.ascii	"\000"
 12866 01e2 00       		.ascii	"\000"
ARM GAS  /tmp/cckyrRJs.s 			page 474


 12867 01e3 00000000 		.ascii	"\000\000\000\000\000\000\000\000"
 12867      00000000 
 12868 01eb 81020000 		.ascii	"\201\002\000\000"
 12869 01ef 64756D70 		.ascii	"dump_data_2\000"
 12869      5F646174 
 12869      615F3200 
 12870 01fb 00       		.ascii	"\000"
 12871 01fc 00       		.ascii	"\000"
 12872 01fd 00       		.ascii	"\000"
 12873 01fe 00000000 		.ascii	"\000\000\000\000\000\000\000\000"
 12873      00000000 
 12874 0206 83020000 		.ascii	"\203\002\000\000"
 12875 020a 666C7573 		.ascii	"flush_timeout\000"
 12875      685F7469 
 12875      6D656F75 
 12875      7400
 12876 0218 00       		.ascii	"\000"
 12877 0219 00       		.ascii	"\000"
 12878 021a 00       		.ascii	"\000"
 12879 021b 00000000 		.ascii	"\000\000\000\000\000\000\000\000"
 12879      00000000 
 12880 0223 C7040000 		.ascii	"\307\004\000\000"
 12881 0227 64756D70 		.ascii	"dump_format\000"
 12881      5F666F72 
 12881      6D617400 
 12882 0233 00       		.ascii	"\000"
 12883 0234 00       		.ascii	"\000"
 12884 0235 00       		.ascii	"\000"
 12885 0236 00000000 		.ascii	"\000\000\000\000\000\000\000\000"
 12885      00000000 
 12886 023e CA040000 		.ascii	"\312\004\000\000"
 12887 0242 63686563 		.ascii	"check_data\000"
 12887      6B5F6461 
 12887      746100
 12888 024d 00       		.ascii	"\000"
 12889 024e 00       		.ascii	"\000"
 12890 024f 00       		.ascii	"\000"
 12891 0250 00000000 		.ascii	"\000\000\000\000\000\000\000\000"
 12891      00000000 
 12892 0258 86020000 		.ascii	"\206\002\000\000"
 12893 025c 6D61696E 		.ascii	"main\000"
 12893      00
 12894 0261 00       		.ascii	"\000"
 12895 0262 00       		.ascii	"\000"
 12896 0263 00       		.ascii	"\000"
 12897 0264 00000000 		.ascii	"\000\000\000\000\000\000\000\000"
 12897      00000000 
 12898 026c 8B020000 		.ascii	"\213\002\000\000"
 12899 0270 73657273 		.ascii	"serstat\000"
 12899      74617400 
 12900 0278 00       		.ascii	"\000"
 12901 0279 00       		.ascii	"\000"
 12902 027a 00       		.ascii	"\000"
 12903 027b 00000000 		.ascii	"\000\000\000\000\000\000\000\000"
 12903      00000000 
 12904 0283 CD040000 		.ascii	"\315\004\000\000"
 12905 0287 75617274 		.ascii	"uart_cfg1\000"
ARM GAS  /tmp/cckyrRJs.s 			page 475


 12905      5F636667 
 12905      3100
 12906 0291 00       		.ascii	"\000"
 12907 0292 00       		.ascii	"\000"
 12908 0293 00       		.ascii	"\000"
 12909 0294 00000000 		.ascii	"\000\000\000\000\000\000\000\000"
 12909      00000000 
 12910 029c CF030000 		.ascii	"\317\003\000\000"
 12911 02a0 75617274 		.ascii	"uart_cfg2\000"
 12911      5F636667 
 12911      3200
 12912 02aa 00       		.ascii	"\000"
 12913 02ab 00       		.ascii	"\000"
 12914 02ac 00       		.ascii	"\000"
 12915 02ad 00000000 		.ascii	"\000\000\000\000\000\000\000\000"
 12915      00000000 
 12916 02b5 CB030000 		.ascii	"\313\003\000\000"
 12917 02b9 69637563 		.ascii	"icucfg1\000"
 12917      66673100 
 12918 02c1 00       		.ascii	"\000"
 12919 02c2 00       		.ascii	"\000"
 12920 02c3 00       		.ascii	"\000"
 12921 02c4 00000000 		.ascii	"\000\000\000\000\000\000\000\000"
 12921      00000000 
 12922 02cc 9F030000 		.ascii	"\237\003\000\000"
 12923 02d0 68697374 		.ascii	"history_buffer\000"
 12923      6F72795F 
 12923      62756666 
 12923      657200
 12924 02df 00       		.ascii	"\000"
 12925 02e0 00       		.ascii	"\000"
 12926 02e1 00       		.ascii	"\000"
 12927 02e2 00000000 		.ascii	"\000\000\000\000\000\000\000\000"
 12927      00000000 
 12928 02ea E2040000 		.ascii	"\342\004\000\000"
 12929 02ee 636F6D70 		.ascii	"completion_buffer\000"
 12929      6C657469 
 12929      6F6E5F62 
 12929      75666665 
 12929      7200
 12930 0300 00       		.ascii	"\000"
 12931 0301 00       		.ascii	"\000"
 12932 0302 00       		.ascii	"\000"
 12933 0303 00000000 		.ascii	"\000\000\000\000\000\000\000\000"
 12933      00000000 
 12934 030b E5040000 		.ascii	"\345\004\000\000"
 12935 030f 66697273 		.ascii	"first_char\000"
 12935      745F6368 
 12935      617200
 12936 031a 00       		.ascii	"\000"
 12937 031b 00       		.ascii	"\000"
 12938 031c 00       		.ascii	"\000"
 12939 031d 00000000 		.ascii	"\000\000\000\000\000\000\000\000"
 12939      00000000 
 12940 0325 E7040000 		.ascii	"\347\004\000\000"
 12941 0329 64756D70 		.ascii	"dump_in_progress\000"
 12941      5F696E5F 
ARM GAS  /tmp/cckyrRJs.s 			page 476


 12941      70726F67 
 12941      72657373 
 12941      00
 12942 033a 00       		.ascii	"\000"
 12943 033b 00       		.ascii	"\000"
 12944 033c 00       		.ascii	"\000"
 12945 033d 00000000 		.ascii	"\000\000\000\000\000\000\000\000"
 12945      00000000 
 12946 0345 E9040000 		.ascii	"\351\004\000\000"
 12947 0349 64626700 		.ascii	"dbg\000"
 12948 034d 00       		.ascii	"\000"
 12949 034e 00       		.ascii	"\000"
 12950 034f 00       		.ascii	"\000"
 12951 0350 00000000 		.ascii	"\000\000\000\000\000\000\000\000"
 12951      00000000 
 12952 0358 F3040000 		.ascii	"\363\004\000\000"
 12953 035c 7368656C 		.ascii	"shell\000"
 12953      6C00
 12954 0362 00       		.ascii	"\000"
 12955 0363 00       		.ascii	"\000"
 12956 0364 00       		.ascii	"\000"
 12957 0365 00000000 		.ascii	"\000\000\000\000\000\000\000\000"
 12957      00000000 
 12958 036d F5040000 		.ascii	"\365\004\000\000"
 12959 0371 53445531 		.ascii	"SDU1\000"
 12959      00
 12960 0376 00       		.ascii	"\000"
 12961 0377 02       		.ascii	"\002"
 12962 0378 00       		.ascii	"\000"
 12963 0379 00000000 		.ascii	"\000\000\000\000\000\000\000\000"
 12963      00000000 
 12964 0381 4A030000 		.ascii	"J\003\000\000"
 12965 0385 636800   		.ascii	"ch\000"
 12966 0388 00       		.ascii	"\000"
 12967 0389 02       		.ascii	"\002"
 12968 038a 00       		.ascii	"\000"
 12969 038b 00000000 		.ascii	"\000\000\000\000\000\000\000\000"
 12969      00000000 
 12970 0393 C4040000 		.ascii	"\304\004\000\000"
 12971 0397 73657275 		.ascii	"serusbcfg1\000"
 12971      73626366 
 12971      673100
 12972 03a2 00       		.ascii	"\000"
 12973 03a3 02       		.ascii	"\002"
 12974 03a4 00       		.ascii	"\000"
 12975 03a5 00000000 		.ascii	"\000\000\000\000\000\000\000\000"
 12975      00000000 
 12976 03ad 09040000 		.ascii	"\011\004\000\000"
 12977 03b1 75736263 		.ascii	"usbcfg\000"
 12977      666700
 12978 03b8 00       		.ascii	"\000"
 12979 03b9 02       		.ascii	"\002"
 12980 03ba 00       		.ascii	"\000"
 12981 03bb 00000000 		.ascii	"\000\000\000\000\000\000\000\000"
 12981      00000000 
 12982 03c3 FA030000 		.ascii	"\372\003\000\000"
 12983 03c7 55415254 		.ascii	"UARTD1\000"
ARM GAS  /tmp/cckyrRJs.s 			page 477


 12983      443100
 12984 03ce 00       		.ascii	"\000"
 12985 03cf 02       		.ascii	"\002"
 12986 03d0 00       		.ascii	"\000"
 12987 03d1 00000000 		.ascii	"\000\000\000\000\000\000\000\000"
 12987      00000000 
 12988 03d9 CD030000 		.ascii	"\315\003\000\000"
 12989 03dd 55415254 		.ascii	"UARTD2\000"
 12989      443200
 12990 03e4 00       		.ascii	"\000"
 12991 03e5 02       		.ascii	"\002"
 12992 03e6 00       		.ascii	"\000"
 12993 03e7 00000000 		.ascii	"\000\000\000\000\000\000\000\000"
 12993      00000000 
 12994 03ef A1030000 		.ascii	"\241\003\000\000"
 12995 03f3 49435544 		.ascii	"ICUD2\000"
 12995      3200
 12996 03f9 00       		.ascii	"\000"
 12997 03fa 02       		.ascii	"\002"
 12998 03fb 00       		.ascii	"\000"
 12999 03fc 00000000 		.ascii	"\000\000\000\000\000\000\000\000"
 12999      00000000 
 13000 0404 80030000 		.ascii	"\200\003\000\000"
 13001 0408 7368656C 		.ascii	"shell_terminated\000"
 13001      6C5F7465 
 13001      726D696E 
 13001      61746564 
 13001      00
 13002 0419 00       		.ascii	"\000"
 13003 041a 02       		.ascii	"\002"
 13004 041b 00       		.ascii	"\000"
 13005 041c 00000000 		.ascii	"\000\000\000\000\000\000\000\000"
 13005      00000000 
 13006 0424 7E030000 		.ascii	"~\003\000\000"
 13007 0428 7368656C 		.ascii	"shellThread\000"
 13007      6C546872 
 13007      65616400 
 13008 0434 00       		.ascii	"\000"
 13009 0435 02       		.ascii	"\002"
 13010 0436 00       		.ascii	"\000"
 13011 0437 00000000 		.ascii	"\000\000\000\000\000\000\000\000"
 13011      00000000 
 13012 043f 49020000 		.ascii	"I\002\000\000"
 13013 0443 636D645F 		.ascii	"cmd_test\000"
 13013      74657374 
 13013      00
 13014 044c 00       		.ascii	"\000"
 13015 044d 02       		.ascii	"\002"
 13016 044e 00       		.ascii	"\000"
 13017 044f 00000000 		.ascii	"\000\000\000\000\000\000\000\000"
 13017      00000000 
 13018 0457 97020000 		.ascii	"\227\002\000\000"
 13019 045b 636D645F 		.ascii	"cmd_sbr\000"
 13019      73627200 
 13020 0463 00       		.ascii	"\000"
 13021 0464 02       		.ascii	"\002"
 13022 0465 00       		.ascii	"\000"
ARM GAS  /tmp/cckyrRJs.s 			page 478


 13023 0466 00000000 		.ascii	"\000\000\000\000\000\000\000\000"
 13023      00000000 
 13024 046e 99020000 		.ascii	"\231\002\000\000"
 13025 0472 636D645F 		.ascii	"cmd_son\000"
 13025      736F6E00 
 13026 047a 00       		.ascii	"\000"
 13027 047b 02       		.ascii	"\002"
 13028 047c 00       		.ascii	"\000"
 13029 047d 00000000 		.ascii	"\000\000\000\000\000\000\000\000"
 13029      00000000 
 13030 0485 9B020000 		.ascii	"\233\002\000\000"
 13031 0489 636D645F 		.ascii	"cmd_format\000"
 13031      666F726D 
 13031      617400
 13032 0494 00       		.ascii	"\000"
 13033 0495 02       		.ascii	"\002"
 13034 0496 00       		.ascii	"\000"
 13035 0497 00000000 		.ascii	"\000\000\000\000\000\000\000\000"
 13035      00000000 
 13036 049f 9D020000 		.ascii	"\235\002\000\000"
 13037 04a3 636D645F 		.ascii	"cmd_flush\000"
 13037      666C7573 
 13037      6800
 13038 04ad 00       		.ascii	"\000"
 13039 04ae 02       		.ascii	"\002"
 13040 04af 00       		.ascii	"\000"
 13041 04b0 00000000 		.ascii	"\000\000\000\000\000\000\000\000"
 13041      00000000 
 13042 04b8 9F020000 		.ascii	"\237\002\000\000"
 13043 04bc 636D645F 		.ascii	"cmd_stt\000"
 13043      73747400 
 13044 04c4 00       		.ascii	"\000"
 13045 04c5 02       		.ascii	"\002"
 13046 04c6 00       		.ascii	"\000"
 13047 04c7 00000000 		.ascii	"\000\000\000\000\000\000\000\000"
 13047      00000000 
 13048 04cf A1020000 		.ascii	"\241\002\000\000"
 13049 04d3 70616C53 		.ascii	"palSetLineCallbackI\000"
 13049      65744C69 
 13049      6E654361 
 13049      6C6C6261 
 13049      636B4900 
 13050 04e7 00       		.ascii	"\000"
 13051 04e8 02       		.ascii	"\002"
 13052 04e9 00       		.ascii	"\000"
 13053 04ea 00000000 		.ascii	"\000\000\000\000\000\000\000\000"
 13053      00000000 
 13054 04f2 AB020000 		.ascii	"\253\002\000\000"
 13055 04f6 5F70616C 		.ascii	"_pal_lld_enablepadevent\000"
 13055      5F6C6C64 
 13055      5F656E61 
 13055      626C6570 
 13055      61646576 
 13056 050e 00       		.ascii	"\000"
 13057 050f 02       		.ascii	"\002"
 13058 0510 00       		.ascii	"\000"
 13059 0511 00000000 		.ascii	"\000\000\000\000\000\000\000\000"
ARM GAS  /tmp/cckyrRJs.s 			page 479


 13059      00000000 
 13060 0519 B8020000 		.ascii	"\270\002\000\000"
 13061 051d 63685654 		.ascii	"chVTDoSetI\000"
 13061      446F5365 
 13061      744900
 13062 0528 00       		.ascii	"\000"
 13063 0529 02       		.ascii	"\002"
 13064 052a 00       		.ascii	"\000"
 13065 052b 00000000 		.ascii	"\000\000\000\000\000\000\000\000"
 13065      00000000 
 13066 0533 BF020000 		.ascii	"\277\002\000\000"
 13067 0537 63685654 		.ascii	"chVTDoResetI\000"
 13067      446F5265 
 13067      73657449 
 13067      00
 13068 0544 00       		.ascii	"\000"
 13069 0545 02       		.ascii	"\002"
 13070 0546 00       		.ascii	"\000"
 13071 0547 00000000 		.ascii	"\000\000\000\000\000\000\000\000"
 13071      00000000 
 13072 054f C3020000 		.ascii	"\303\002\000\000"
 13073 0553 5F70616C 		.ascii	"_pal_lld_disablepadevent\000"
 13073      5F6C6C64 
 13073      5F646973 
 13073      61626C65 
 13073      70616465 
 13074 056c 00       		.ascii	"\000"
 13075 056d 02       		.ascii	"\002"
 13076 056e 00       		.ascii	"\000"
 13077 056f 00000000 		.ascii	"\000\000\000\000\000\000\000\000"
 13077      00000000 
 13078 0577 C8020000 		.ascii	"\310\002\000\000"
 13079 057b 63687072 		.ascii	"chprintf\000"
 13079      696E7466 
 13079      00
 13080 0584 00       		.ascii	"\000"
 13081 0585 02       		.ascii	"\002"
 13082 0586 00       		.ascii	"\000"
 13083 0587 00000000 		.ascii	"\000\000\000\000\000\000\000\000"
 13083      00000000 
 13084 058f CF020000 		.ascii	"\317\002\000\000"
 13085 0593 73744765 		.ascii	"stGetCounter\000"
 13085      74436F75 
 13085      6E746572 
 13085      00
 13086 05a0 00       		.ascii	"\000"
 13087 05a1 02       		.ascii	"\002"
 13088 05a2 00       		.ascii	"\000"
 13089 05a3 00000000 		.ascii	"\000\000\000\000\000\000\000\000"
 13089      00000000 
 13090 05ab D2020000 		.ascii	"\322\002\000\000"
 13091 05af 63685468 		.ascii	"chThdSleep\000"
 13091      64536C65 
 13091      657000
 13092 05ba 00       		.ascii	"\000"
 13093 05bb 02       		.ascii	"\002"
 13094 05bc 00       		.ascii	"\000"
ARM GAS  /tmp/cckyrRJs.s 			page 480


 13095 05bd 00000000 		.ascii	"\000\000\000\000\000\000\000\000"
 13095      00000000 
 13096 05c5 E6020000 		.ascii	"\346\002\000\000"
 13097 05c9 63685468 		.ascii	"chThdRelease\000"
 13097      6452656C 
 13097      65617365 
 13097      00
 13098 05d6 00       		.ascii	"\000"
 13099 05d7 02       		.ascii	"\002"
 13100 05d8 00       		.ascii	"\000"
 13101 05d9 00000000 		.ascii	"\000\000\000\000\000\000\000\000"
 13101      00000000 
 13102 05e1 EA020000 		.ascii	"\352\002\000\000"
 13103 05e5 63684576 		.ascii	"chEvtWaitAny\000"
 13103      74576169 
 13103      74416E79 
 13103      00
 13104 05f2 00       		.ascii	"\000"
 13105 05f3 02       		.ascii	"\002"
 13106 05f4 00       		.ascii	"\000"
 13107 05f5 00000000 		.ascii	"\000\000\000\000\000\000\000\000"
 13107      00000000 
 13108 05fd F0020000 		.ascii	"\360\002\000\000"
 13109 0601 63685468 		.ascii	"chThdCreateFromHeap\000"
 13109      64437265 
 13109      61746546 
 13109      726F6D48 
 13109      65617000 
 13110 0615 00       		.ascii	"\000"
 13111 0616 02       		.ascii	"\002"
 13112 0617 00       		.ascii	"\000"
 13113 0618 00000000 		.ascii	"\000\000\000\000\000\000\000\000"
 13113      00000000 
 13114 0620 FD020000 		.ascii	"\375\002\000\000"
 13115 0624 63685468 		.ascii	"chThdCreateStatic\000"
 13115      64437265 
 13115      61746553 
 13115      74617469 
 13115      6300
 13116 0636 00       		.ascii	"\000"
 13117 0637 02       		.ascii	"\002"
 13118 0638 00       		.ascii	"\000"
 13119 0639 00000000 		.ascii	"\000\000\000\000\000\000\000\000"
 13119      00000000 
 13120 0641 05030000 		.ascii	"\005\003\000\000"
 13121 0645 63684576 		.ascii	"chEvtRegisterMaskWithFlags\000"
 13121      74526567 
 13121      69737465 
 13121      724D6173 
 13121      6B576974 
 13122 0660 00       		.ascii	"\000"
 13123 0661 02       		.ascii	"\002"
 13124 0662 00       		.ascii	"\000"
 13125 0663 00000000 		.ascii	"\000\000\000\000\000\000\000\000"
 13125      00000000 
 13126 066b 11030000 		.ascii	"\021\003\000\000"
 13127 066f 7368656C 		.ascii	"shellInit\000"
ARM GAS  /tmp/cckyrRJs.s 			page 481


 13127      6C496E69 
 13127      7400
 13128 0679 00       		.ascii	"\000"
 13129 067a 02       		.ascii	"\002"
 13130 067b 00       		.ascii	"\000"
 13131 067c 00000000 		.ascii	"\000\000\000\000\000\000\000\000"
 13131      00000000 
 13132 0684 13030000 		.ascii	"\023\003\000\000"
 13133 0688 69637545 		.ascii	"icuEnableNotifications\000"
 13133      6E61626C 
 13133      654E6F74 
 13133      69666963 
 13133      6174696F 
 13134 069f 00       		.ascii	"\000"
 13135 06a0 02       		.ascii	"\002"
 13136 06a1 00       		.ascii	"\000"
 13137 06a2 00000000 		.ascii	"\000\000\000\000\000\000\000\000"
 13137      00000000 
 13138 06aa 15030000 		.ascii	"\025\003\000\000"
 13139 06ae 69637553 		.ascii	"icuStartCapture\000"
 13139      74617274 
 13139      43617074 
 13139      75726500 
 13140 06be 00       		.ascii	"\000"
 13141 06bf 02       		.ascii	"\002"
 13142 06c0 00       		.ascii	"\000"
 13143 06c1 00000000 		.ascii	"\000\000\000\000\000\000\000\000"
 13143      00000000 
 13144 06c9 17030000 		.ascii	"\027\003\000\000"
 13145 06cd 69637553 		.ascii	"icuStart\000"
 13145      74617274 
 13145      00
 13146 06d6 00       		.ascii	"\000"
 13147 06d7 02       		.ascii	"\002"
 13148 06d8 00       		.ascii	"\000"
 13149 06d9 00000000 		.ascii	"\000\000\000\000\000\000\000\000"
 13149      00000000 
 13150 06e1 1C030000 		.ascii	"\034\003\000\000"
 13151 06e5 5F70616C 		.ascii	"_pal_lld_setgroupmode\000"
 13151      5F6C6C64 
 13151      5F736574 
 13151      67726F75 
 13151      706D6F64 
 13152 06fb 00       		.ascii	"\000"
 13153 06fc 02       		.ascii	"\002"
 13154 06fd 00       		.ascii	"\000"
 13155 06fe 00000000 		.ascii	"\000\000\000\000\000\000\000\000"
 13155      00000000 
 13156 0706 24030000 		.ascii	"$\003\000\000"
 13157 070a 75617274 		.ascii	"uartStart\000"
 13157      53746172 
 13157      7400
 13158 0714 00       		.ascii	"\000"
 13159 0715 02       		.ascii	"\002"
 13160 0716 00       		.ascii	"\000"
 13161 0717 00000000 		.ascii	"\000\000\000\000\000\000\000\000"
 13161      00000000 
ARM GAS  /tmp/cckyrRJs.s 			page 482


 13162 071f 29030000 		.ascii	")\003\000\000"
 13163 0723 75736253 		.ascii	"usbStart\000"
 13163      74617274 
 13163      00
 13164 072c 00       		.ascii	"\000"
 13165 072d 02       		.ascii	"\002"
 13166 072e 00       		.ascii	"\000"
 13167 072f 00000000 		.ascii	"\000\000\000\000\000\000\000\000"
 13167      00000000 
 13168 0737 35030000 		.ascii	"5\003\000\000"
 13169 073b 73647553 		.ascii	"sduStart\000"
 13169      74617274 
 13169      00
 13170 0744 00       		.ascii	"\000"
 13171 0745 02       		.ascii	"\002"
 13172 0746 00       		.ascii	"\000"
 13173 0747 00000000 		.ascii	"\000\000\000\000\000\000\000\000"
 13173      00000000 
 13174 074f 3C030000 		.ascii	"<\003\000\000"
 13175 0753 7364754F 		.ascii	"sduObjectInit\000"
 13175      626A6563 
 13175      74496E69 
 13175      7400
 13176 0761 00       		.ascii	"\000"
 13177 0762 02       		.ascii	"\002"
 13178 0763 00       		.ascii	"\000"
 13179 0764 00000000 		.ascii	"\000\000\000\000\000\000\000\000"
 13179      00000000 
 13180 076c 40030000 		.ascii	"@\003\000\000"
 13181 0770 63685379 		.ascii	"chSysInit\000"
 13181      73496E69 
 13181      7400
 13182 077a 00       		.ascii	"\000"
 13183 077b 02       		.ascii	"\002"
 13184 077c 00       		.ascii	"\000"
 13185 077d 00000000 		.ascii	"\000\000\000\000\000\000\000\000"
 13185      00000000 
 13186 0785 42030000 		.ascii	"B\003\000\000"
 13187 0789 68616C49 		.ascii	"halInit\000"
 13187      6E697400 
 13188 0791 00       		.ascii	"\000"
 13189 0792 02       		.ascii	"\002"
 13190 0793 00       		.ascii	"\000"
 13191 0794 00000000 		.ascii	"\000\000\000\000\000\000\000\000"
 13191      00000000 
 13192 079c 44030000 		.ascii	"D\003\000\000"
 13193              		.text
 13194              		.section	.gnu.lto_.opts,"e",%progbits
 13195 0000 272D666E 		.ascii	"'-fno-openmp' '-fno-openacc' '-fno-pie' '-mcpu=cort"
 13195      6F2D6F70 
 13195      656E6D70 
 13195      2720272D 
 13195      666E6F2D 
 13196 0033 65782D6D 		.ascii	"ex-m4' '-mthumb' '-mfloat-abi=soft' '-march=armv7e-"
 13196      34272027 
 13196      2D6D7468 
 13196      756D6227 
ARM GAS  /tmp/cckyrRJs.s 			page 483


 13196      20272D6D 
 13197 0066 6D272027 		.ascii	"m' '-O2' '-fomit-frame-pointer' '-falign-functions="
 13197      2D4F3227 
 13197      20272D66 
 13197      6F6D6974 
 13197      2D667261 
 13198 0099 31362720 		.ascii	"16' '-ffunction-sections' '-fdata-sections' '-fno-c"
 13198      272D6666 
 13198      756E6374 
 13198      696F6E2D 
 13198      73656374 
 13199 00cc 6F6D6D6F 		.ascii	"ommon' '-flto'\000"
 13199      6E272027 
 13199      2D666C74 
 13199      6F2700
 13200              		.text
 13201              		.comm	__gnu_lto_v1,1,1
 13202              		.comm	__gnu_lto_slim,1,1
 13203              		.ident	"GCC: (GNU Tools for Arm Embedded Processors 9-2019-q4-major) 9.2.1 20191025 (release) [ARM
ARM GAS  /tmp/cckyrRJs.s 			page 484


DEFINED SYMBOLS
                            *ABS*:0000000000000000 main.c
     /tmp/cckyrRJs.s:65     .gnu.debuglto_.debug_info:0000000000000000 main.c.aae6c41c
                            *COM*:0000000000000001 __gnu_lto_v1
                            *COM*:0000000000000001 __gnu_lto_slim

NO UNDEFINED SYMBOLS
