ARM GAS  /tmp/ccFiYdB4.s 			page 1


   1              		.cpu cortex-m4
   2              		.eabi_attribute 20, 1
   3              		.eabi_attribute 21, 1
   4              		.eabi_attribute 23, 3
   5              		.eabi_attribute 24, 1
   6              		.eabi_attribute 25, 1
   7              		.eabi_attribute 26, 1
   8              		.eabi_attribute 30, 2
   9              		.eabi_attribute 34, 1
  10              		.eabi_attribute 18, 4
  11              		.file	"shell_cmd.c"
  12              		.file 1 "/home/rob/Projects/ChibiStudio/ChibiStudio_20/tools/GNU Tools ARM Embedded/9.2.1 2019q4/l
  13              		.file 2 "/home/rob/Projects/ChibiStudio/ChibiStudio_20/tools/GNU Tools ARM Embedded/9.2.1 2019q4/a
  14              		.file 3 "/home/rob/Projects/ChibiStudio/ChibiStudio_20/tools/GNU Tools ARM Embedded/9.2.1 2019q4/a
  15              		.file 4 "/home/rob/Projects/ChibiStudio/ChibiStudio_20/tools/GNU Tools ARM Embedded/9.2.1 2019q4/a
  16              		.file 5 "/home/rob/Projects/ChibiStudio/ChibiStudio_20/tools/GNU Tools ARM Embedded/9.2.1 2019q4/a
  17              		.file 6 "/home/rob/Projects/ChibiStudio/ChibiStudio_20/tools/GNU Tools ARM Embedded/9.2.1 2019q4/a
  18              		.file 7 "../../chibios_trunk/os/common/ports/ARMCMx/compilers/GCC/chtypes.h"
  19              		.file 8 "../../chibios_trunk/os/rt/include/chsystypes.h"
  20              		.file 9 "../../chibios_trunk/os/rt/include/chschd.h"
  21              		.file 10 "../../chibios_trunk/os/rt/include/chtime.h"
  22              		.file 11 "../../chibios_trunk/os/common/ext/ARM/CMSIS/Core/Include/core_cm4.h"
  23              		.file 12 "../../chibios_trunk/os/common/ext/ST/STM32F4xx/system_stm32f4xx.h"
  24              		.file 13 "../../chibios_trunk/os/common/ext/ST/STM32F4xx/stm32f401xe.h"
  25              		.file 14 "../../chibios_trunk/os/common/ports/ARMCMx/chcore.h"
  26              		.file 15 "../../chibios_trunk/os/common/ports/ARMCMx/chcore_v7m.h"
  27              		.file 16 "../../chibios_trunk/os/rt/include/chtm.h"
  28              		.file 17 "../../chibios_trunk/os/rt/include/chsem.h"
  29              		.file 18 "../../chibios_trunk/os/rt/include/chmtx.h"
  30              		.file 19 "../../chibios_trunk/os/rt/include/chsys.h"
  31              		.file 20 "../../chibios_trunk/os/rt/include/chregistry.h"
  32              		.file 21 "../../chibios_trunk/os/rt/include/chevents.h"
  33              		.file 22 "../../chibios_trunk/os/oslib/include/chmemcore.h"
  34              		.file 23 "../../chibios_trunk/os/oslib/include/chmempools.h"
  35              		.file 24 "../../chibios_trunk/os/oslib/include/chfactory.h"
  36              		.file 25 "../../chibios_trunk/os/hal/ports/STM32/LLD/DMAv2/stm32_dma.h"
  37              		.file 26 "../../chibios_trunk/os/hal/ports/STM32/LLD/TIMv1/stm32_tim.h"
  38              		.file 27 "../../chibios_trunk/os/hal/include/hal_streams.h"
  39              		.file 28 "../../chibios_trunk/os/hal/include/hal_pal.h"
  40              		.file 29 "../../chibios_trunk/os/hal/ports/STM32/LLD/GPIOv2/hal_pal_lld.h"
  41              		.file 30 "../../chibios_trunk/os/hal/include/hal_icu.h"
  42              		.file 31 "../../chibios_trunk/os/hal/ports/STM32/LLD/TIMv1/hal_icu_lld.h"
  43              		.file 32 "../../chibios_trunk/os/hal/include/hal_uart.h"
  44              		.file 33 "../../chibios_trunk/os/hal/ports/STM32/LLD/USARTv1/hal_uart_lld.h"
  45              		.file 34 "../../chibios_trunk/os/hal/include/hal_usb.h"
  46              		.file 35 "../../chibios_trunk/os/hal/ports/STM32/LLD/OTGv1/hal_usb_lld.h"
  47              		.file 36 "../../chibios_trunk/os/hal/ports/STM32/LLD/OTGv1/stm32_otg.h"
  48              		.file 37 "../../chibios_trunk/os/various/shell/shell.h"
  49              		.file 38 "../../chibios_trunk/os/various/shell/shell_cmd.h"
  50              		.file 39 "../../chibios_trunk/os/various/shell/shell_cmd.c"
  51              		.section	.gnu.debuglto_.debug_info,"e",%progbits
  52              	.Ldebug_info0:
  53              		.hidden	shell_cmd.c.22314da4
  54              		.weak	shell_cmd.c.22314da4
  55              	shell_cmd.c.22314da4:
  56 0000 5F270000 		.4byte	0x275f
  57 0004 0400     		.2byte	0x4
ARM GAS  /tmp/ccFiYdB4.s 			page 2


  58 0006 00000000 		.4byte	.Ldebug_abbrev0
  59 000a 04       		.byte	0x4
  60 000b 01       		.uleb128 0x1
  61 000c 2A130000 		.4byte	.LASF519
  62 0010 0C       		.byte	0xc
  63 0011 5B0E0000 		.4byte	.LASF520
  64 0015 EF0B0000 		.4byte	.LASF521
  65 0019 00000000 		.4byte	.Ldebug_line0
  66 001d 02       		.uleb128 0x2
  67 001e 04       		.byte	0x4
  68 001f 05       		.byte	0x5
  69 0020 696E7400 		.ascii	"int\000"
  70 0024 03       		.uleb128 0x3
  71 0025 20000000 		.4byte	.LASF4
  72 0029 01       		.byte	0x1
  73 002a D1       		.byte	0xd1
  74 002b 17       		.byte	0x17
  75 002c 30000000 		.4byte	0x30
  76 0030 04       		.uleb128 0x4
  77 0031 04       		.byte	0x4
  78 0032 07       		.byte	0x7
  79 0033 840B0000 		.4byte	.LASF0
  80 0037 04       		.uleb128 0x4
  81 0038 08       		.byte	0x8
  82 0039 05       		.byte	0x5
  83 003a 530A0000 		.4byte	.LASF1
  84 003e 04       		.uleb128 0x4
  85 003f 08       		.byte	0x8
  86 0040 04       		.byte	0x4
  87 0041 820D0000 		.4byte	.LASF2
  88 0045 04       		.uleb128 0x4
  89 0046 01       		.byte	0x1
  90 0047 06       		.byte	0x6
  91 0048 A8030000 		.4byte	.LASF3
  92 004c 03       		.uleb128 0x3
  93 004d 39020000 		.4byte	.LASF5
  94 0051 02       		.byte	0x2
  95 0052 2B       		.byte	0x2b
  96 0053 18       		.byte	0x18
  97 0054 58000000 		.4byte	0x58
  98 0058 04       		.uleb128 0x4
  99 0059 01       		.byte	0x1
 100 005a 08       		.byte	0x8
 101 005b 13040000 		.4byte	.LASF6
 102 005f 04       		.uleb128 0x4
 103 0060 02       		.byte	0x2
 104 0061 05       		.byte	0x5
 105 0062 5C110000 		.4byte	.LASF7
 106 0066 03       		.uleb128 0x3
 107 0067 34050000 		.4byte	.LASF8
 108 006b 02       		.byte	0x2
 109 006c 39       		.byte	0x39
 110 006d 19       		.byte	0x19
 111 006e 72000000 		.4byte	0x72
 112 0072 04       		.uleb128 0x4
 113 0073 02       		.byte	0x2
 114 0074 07       		.byte	0x7
ARM GAS  /tmp/ccFiYdB4.s 			page 3


 115 0075 9A140000 		.4byte	.LASF9
 116 0079 03       		.uleb128 0x3
 117 007a 2C150000 		.4byte	.LASF10
 118 007e 02       		.byte	0x2
 119 007f 4D       		.byte	0x4d
 120 0080 18       		.byte	0x18
 121 0081 85000000 		.4byte	0x85
 122 0085 04       		.uleb128 0x4
 123 0086 04       		.byte	0x4
 124 0087 05       		.byte	0x5
 125 0088 B7020000 		.4byte	.LASF11
 126 008c 03       		.uleb128 0x3
 127 008d 160A0000 		.4byte	.LASF12
 128 0091 02       		.byte	0x2
 129 0092 4F       		.byte	0x4f
 130 0093 19       		.byte	0x19
 131 0094 98000000 		.4byte	0x98
 132 0098 04       		.uleb128 0x4
 133 0099 04       		.byte	0x4
 134 009a 07       		.byte	0x7
 135 009b C4070000 		.4byte	.LASF13
 136 009f 03       		.uleb128 0x3
 137 00a0 9A070000 		.4byte	.LASF14
 138 00a4 02       		.byte	0x2
 139 00a5 69       		.byte	0x69
 140 00a6 19       		.byte	0x19
 141 00a7 AB000000 		.4byte	0xab
 142 00ab 04       		.uleb128 0x4
 143 00ac 08       		.byte	0x8
 144 00ad 07       		.byte	0x7
 145 00ae A50E0000 		.4byte	.LASF15
 146 00b2 03       		.uleb128 0x3
 147 00b3 CA120000 		.4byte	.LASF16
 148 00b7 03       		.byte	0x3
 149 00b8 22       		.byte	0x22
 150 00b9 19       		.byte	0x19
 151 00ba BE000000 		.4byte	0xbe
 152 00be 05       		.uleb128 0x5
 153 00bf 04       		.byte	0x4
 154 00c0 C4000000 		.4byte	0xc4
 155 00c4 06       		.uleb128 0x6
 156 00c5 0D070000 		.4byte	.LASF123
 157 00c9 03       		.uleb128 0x3
 158 00ca 78140000 		.4byte	.LASF17
 159 00ce 04       		.byte	0x4
 160 00cf 2C       		.byte	0x2c
 161 00d0 0E       		.byte	0xe
 162 00d1 85000000 		.4byte	0x85
 163 00d5 03       		.uleb128 0x3
 164 00d6 220E0000 		.4byte	.LASF18
 165 00da 04       		.byte	0x4
 166 00db 72       		.byte	0x72
 167 00dc 0E       		.byte	0xe
 168 00dd 85000000 		.4byte	0x85
 169 00e1 07       		.uleb128 0x7
 170 00e2 2B100000 		.4byte	.LASF19
 171 00e6 01       		.byte	0x1
ARM GAS  /tmp/ccFiYdB4.s 			page 4


 172 00e7 5E01     		.2byte	0x15e
 173 00e9 17       		.byte	0x17
 174 00ea 30000000 		.4byte	0x30
 175 00ee 08       		.uleb128 0x8
 176 00ef 04       		.byte	0x4
 177 00f0 04       		.byte	0x4
 178 00f1 A6       		.byte	0xa6
 179 00f2 03       		.byte	0x3
 180 00f3 10010000 		.4byte	0x110
 181 00f7 09       		.uleb128 0x9
 182 00f8 1C020000 		.4byte	.LASF20
 183 00fc 04       		.byte	0x4
 184 00fd A8       		.byte	0xa8
 185 00fe 0C       		.byte	0xc
 186 00ff E1000000 		.4byte	0xe1
 187 0103 09       		.uleb128 0x9
 188 0104 2A0E0000 		.4byte	.LASF21
 189 0108 04       		.byte	0x4
 190 0109 A9       		.byte	0xa9
 191 010a 13       		.byte	0x13
 192 010b 10010000 		.4byte	0x110
 193 010f 00       		.byte	0
 194 0110 0A       		.uleb128 0xa
 195 0111 58000000 		.4byte	0x58
 196 0115 20010000 		.4byte	0x120
 197 0119 0B       		.uleb128 0xb
 198 011a 30000000 		.4byte	0x30
 199 011e 03       		.byte	0x3
 200 011f 00       		.byte	0
 201 0120 0C       		.uleb128 0xc
 202 0121 08       		.byte	0x8
 203 0122 04       		.byte	0x4
 204 0123 A3       		.byte	0xa3
 205 0124 09       		.byte	0x9
 206 0125 44010000 		.4byte	0x144
 207 0129 0D       		.uleb128 0xd
 208 012a 3C0D0000 		.4byte	.LASF22
 209 012e 04       		.byte	0x4
 210 012f A5       		.byte	0xa5
 211 0130 07       		.byte	0x7
 212 0131 1D000000 		.4byte	0x1d
 213 0135 00       		.byte	0
 214 0136 0D       		.uleb128 0xd
 215 0137 44000000 		.4byte	.LASF23
 216 013b 04       		.byte	0x4
 217 013c AA       		.byte	0xaa
 218 013d 05       		.byte	0x5
 219 013e EE000000 		.4byte	0xee
 220 0142 04       		.byte	0x4
 221 0143 00       		.byte	0
 222 0144 03       		.uleb128 0x3
 223 0145 0D100000 		.4byte	.LASF24
 224 0149 04       		.byte	0x4
 225 014a AB       		.byte	0xab
 226 014b 03       		.byte	0x3
 227 014c 20010000 		.4byte	0x120
 228 0150 03       		.uleb128 0x3
ARM GAS  /tmp/ccFiYdB4.s 			page 5


 229 0151 BB0F0000 		.4byte	.LASF25
 230 0155 04       		.byte	0x4
 231 0156 AF       		.byte	0xaf
 232 0157 1B       		.byte	0x1b
 233 0158 B2000000 		.4byte	0xb2
 234 015c 0E       		.uleb128 0xe
 235 015d 04       		.byte	0x4
 236 015e 05       		.uleb128 0x5
 237 015f 04       		.byte	0x4
 238 0160 64010000 		.4byte	0x164
 239 0164 04       		.uleb128 0x4
 240 0165 01       		.byte	0x1
 241 0166 08       		.byte	0x8
 242 0167 02050000 		.4byte	.LASF26
 243 016b 0F       		.uleb128 0xf
 244 016c 64010000 		.4byte	0x164
 245 0170 03       		.uleb128 0x3
 246 0171 33140000 		.4byte	.LASF27
 247 0175 05       		.byte	0x5
 248 0176 16       		.byte	0x16
 249 0177 19       		.byte	0x19
 250 0178 98000000 		.4byte	0x98
 251 017c 10       		.uleb128 0x10
 252 017d 77090000 		.4byte	.LASF32
 253 0181 18       		.byte	0x18
 254 0182 05       		.byte	0x5
 255 0183 2F       		.byte	0x2f
 256 0184 08       		.byte	0x8
 257 0185 D6010000 		.4byte	0x1d6
 258 0189 0D       		.uleb128 0xd
 259 018a 5F100000 		.4byte	.LASF28
 260 018e 05       		.byte	0x5
 261 018f 31       		.byte	0x31
 262 0190 13       		.byte	0x13
 263 0191 D6010000 		.4byte	0x1d6
 264 0195 00       		.byte	0
 265 0196 11       		.uleb128 0x11
 266 0197 5F6B00   		.ascii	"_k\000"
 267 019a 05       		.byte	0x5
 268 019b 32       		.byte	0x32
 269 019c 07       		.byte	0x7
 270 019d 1D000000 		.4byte	0x1d
 271 01a1 04       		.byte	0x4
 272 01a2 0D       		.uleb128 0xd
 273 01a3 AB090000 		.4byte	.LASF29
 274 01a7 05       		.byte	0x5
 275 01a8 32       		.byte	0x32
 276 01a9 0B       		.byte	0xb
 277 01aa 1D000000 		.4byte	0x1d
 278 01ae 08       		.byte	0x8
 279 01af 0D       		.uleb128 0xd
 280 01b0 2B0B0000 		.4byte	.LASF30
 281 01b4 05       		.byte	0x5
 282 01b5 32       		.byte	0x32
 283 01b6 14       		.byte	0x14
 284 01b7 1D000000 		.4byte	0x1d
 285 01bb 0C       		.byte	0xc
ARM GAS  /tmp/ccFiYdB4.s 			page 6


 286 01bc 0D       		.uleb128 0xd
 287 01bd EF060000 		.4byte	.LASF31
 288 01c1 05       		.byte	0x5
 289 01c2 32       		.byte	0x32
 290 01c3 1B       		.byte	0x1b
 291 01c4 1D000000 		.4byte	0x1d
 292 01c8 10       		.byte	0x10
 293 01c9 11       		.uleb128 0x11
 294 01ca 5F7800   		.ascii	"_x\000"
 295 01cd 05       		.byte	0x5
 296 01ce 33       		.byte	0x33
 297 01cf 0B       		.byte	0xb
 298 01d0 DC010000 		.4byte	0x1dc
 299 01d4 14       		.byte	0x14
 300 01d5 00       		.byte	0
 301 01d6 05       		.uleb128 0x5
 302 01d7 04       		.byte	0x4
 303 01d8 7C010000 		.4byte	0x17c
 304 01dc 0A       		.uleb128 0xa
 305 01dd 70010000 		.4byte	0x170
 306 01e1 EC010000 		.4byte	0x1ec
 307 01e5 0B       		.uleb128 0xb
 308 01e6 30000000 		.4byte	0x30
 309 01ea 00       		.byte	0
 310 01eb 00       		.byte	0
 311 01ec 10       		.uleb128 0x10
 312 01ed 0F010000 		.4byte	.LASF33
 313 01f1 24       		.byte	0x24
 314 01f2 05       		.byte	0x5
 315 01f3 37       		.byte	0x37
 316 01f4 08       		.byte	0x8
 317 01f5 6F020000 		.4byte	0x26f
 318 01f9 0D       		.uleb128 0xd
 319 01fa 2B010000 		.4byte	.LASF34
 320 01fe 05       		.byte	0x5
 321 01ff 39       		.byte	0x39
 322 0200 09       		.byte	0x9
 323 0201 1D000000 		.4byte	0x1d
 324 0205 00       		.byte	0
 325 0206 0D       		.uleb128 0xd
 326 0207 9D150000 		.4byte	.LASF35
 327 020b 05       		.byte	0x5
 328 020c 3A       		.byte	0x3a
 329 020d 09       		.byte	0x9
 330 020e 1D000000 		.4byte	0x1d
 331 0212 04       		.byte	0x4
 332 0213 0D       		.uleb128 0xd
 333 0214 AD140000 		.4byte	.LASF36
 334 0218 05       		.byte	0x5
 335 0219 3B       		.byte	0x3b
 336 021a 09       		.byte	0x9
 337 021b 1D000000 		.4byte	0x1d
 338 021f 08       		.byte	0x8
 339 0220 0D       		.uleb128 0xd
 340 0221 E50B0000 		.4byte	.LASF37
 341 0225 05       		.byte	0x5
 342 0226 3C       		.byte	0x3c
ARM GAS  /tmp/ccFiYdB4.s 			page 7


 343 0227 09       		.byte	0x9
 344 0228 1D000000 		.4byte	0x1d
 345 022c 0C       		.byte	0xc
 346 022d 0D       		.uleb128 0xd
 347 022e 48030000 		.4byte	.LASF38
 348 0232 05       		.byte	0x5
 349 0233 3D       		.byte	0x3d
 350 0234 09       		.byte	0x9
 351 0235 1D000000 		.4byte	0x1d
 352 0239 10       		.byte	0x10
 353 023a 0D       		.uleb128 0xd
 354 023b 0B120000 		.4byte	.LASF39
 355 023f 05       		.byte	0x5
 356 0240 3E       		.byte	0x3e
 357 0241 09       		.byte	0x9
 358 0242 1D000000 		.4byte	0x1d
 359 0246 14       		.byte	0x14
 360 0247 0D       		.uleb128 0xd
 361 0248 630D0000 		.4byte	.LASF40
 362 024c 05       		.byte	0x5
 363 024d 3F       		.byte	0x3f
 364 024e 09       		.byte	0x9
 365 024f 1D000000 		.4byte	0x1d
 366 0253 18       		.byte	0x18
 367 0254 0D       		.uleb128 0xd
 368 0255 950D0000 		.4byte	.LASF41
 369 0259 05       		.byte	0x5
 370 025a 40       		.byte	0x40
 371 025b 09       		.byte	0x9
 372 025c 1D000000 		.4byte	0x1d
 373 0260 1C       		.byte	0x1c
 374 0261 0D       		.uleb128 0xd
 375 0262 79150000 		.4byte	.LASF42
 376 0266 05       		.byte	0x5
 377 0267 41       		.byte	0x41
 378 0268 09       		.byte	0x9
 379 0269 1D000000 		.4byte	0x1d
 380 026d 20       		.byte	0x20
 381 026e 00       		.byte	0
 382 026f 12       		.uleb128 0x12
 383 0270 53020000 		.4byte	.LASF43
 384 0274 0801     		.2byte	0x108
 385 0276 05       		.byte	0x5
 386 0277 4A       		.byte	0x4a
 387 0278 08       		.byte	0x8
 388 0279 B4020000 		.4byte	0x2b4
 389 027d 0D       		.uleb128 0xd
 390 027e 66150000 		.4byte	.LASF44
 391 0282 05       		.byte	0x5
 392 0283 4B       		.byte	0x4b
 393 0284 0A       		.byte	0xa
 394 0285 B4020000 		.4byte	0x2b4
 395 0289 00       		.byte	0
 396 028a 0D       		.uleb128 0xd
 397 028b EF0E0000 		.4byte	.LASF45
 398 028f 05       		.byte	0x5
 399 0290 4C       		.byte	0x4c
ARM GAS  /tmp/ccFiYdB4.s 			page 8


 400 0291 09       		.byte	0x9
 401 0292 B4020000 		.4byte	0x2b4
 402 0296 80       		.byte	0x80
 403 0297 13       		.uleb128 0x13
 404 0298 CE110000 		.4byte	.LASF46
 405 029c 05       		.byte	0x5
 406 029d 4E       		.byte	0x4e
 407 029e 0A       		.byte	0xa
 408 029f 70010000 		.4byte	0x170
 409 02a3 0001     		.2byte	0x100
 410 02a5 13       		.uleb128 0x13
 411 02a6 C2120000 		.4byte	.LASF47
 412 02aa 05       		.byte	0x5
 413 02ab 51       		.byte	0x51
 414 02ac 0A       		.byte	0xa
 415 02ad 70010000 		.4byte	0x170
 416 02b1 0401     		.2byte	0x104
 417 02b3 00       		.byte	0
 418 02b4 0A       		.uleb128 0xa
 419 02b5 5C010000 		.4byte	0x15c
 420 02b9 C4020000 		.4byte	0x2c4
 421 02bd 0B       		.uleb128 0xb
 422 02be 30000000 		.4byte	0x30
 423 02c2 1F       		.byte	0x1f
 424 02c3 00       		.byte	0
 425 02c4 12       		.uleb128 0x12
 426 02c5 E40C0000 		.4byte	.LASF48
 427 02c9 9001     		.2byte	0x190
 428 02cb 05       		.byte	0x5
 429 02cc 5D       		.byte	0x5d
 430 02cd 08       		.byte	0x8
 431 02ce 07030000 		.4byte	0x307
 432 02d2 0D       		.uleb128 0xd
 433 02d3 5F100000 		.4byte	.LASF28
 434 02d7 05       		.byte	0x5
 435 02d8 5E       		.byte	0x5e
 436 02d9 12       		.byte	0x12
 437 02da 07030000 		.4byte	0x307
 438 02de 00       		.byte	0
 439 02df 0D       		.uleb128 0xd
 440 02e0 80120000 		.4byte	.LASF49
 441 02e4 05       		.byte	0x5
 442 02e5 5F       		.byte	0x5f
 443 02e6 06       		.byte	0x6
 444 02e7 1D000000 		.4byte	0x1d
 445 02eb 04       		.byte	0x4
 446 02ec 0D       		.uleb128 0xd
 447 02ed 07050000 		.4byte	.LASF50
 448 02f1 05       		.byte	0x5
 449 02f2 61       		.byte	0x61
 450 02f3 09       		.byte	0x9
 451 02f4 0D030000 		.4byte	0x30d
 452 02f8 08       		.byte	0x8
 453 02f9 0D       		.uleb128 0xd
 454 02fa 53020000 		.4byte	.LASF43
 455 02fe 05       		.byte	0x5
 456 02ff 62       		.byte	0x62
ARM GAS  /tmp/ccFiYdB4.s 			page 9


 457 0300 1E       		.byte	0x1e
 458 0301 6F020000 		.4byte	0x26f
 459 0305 88       		.byte	0x88
 460 0306 00       		.byte	0
 461 0307 05       		.uleb128 0x5
 462 0308 04       		.byte	0x4
 463 0309 C4020000 		.4byte	0x2c4
 464 030d 0A       		.uleb128 0xa
 465 030e 1D030000 		.4byte	0x31d
 466 0312 1D030000 		.4byte	0x31d
 467 0316 0B       		.uleb128 0xb
 468 0317 30000000 		.4byte	0x30
 469 031b 1F       		.byte	0x1f
 470 031c 00       		.byte	0
 471 031d 05       		.uleb128 0x5
 472 031e 04       		.byte	0x4
 473 031f 23030000 		.4byte	0x323
 474 0323 14       		.uleb128 0x14
 475 0324 10       		.uleb128 0x10
 476 0325 AD120000 		.4byte	.LASF51
 477 0329 08       		.byte	0x8
 478 032a 05       		.byte	0x5
 479 032b 75       		.byte	0x75
 480 032c 08       		.byte	0x8
 481 032d 4C030000 		.4byte	0x34c
 482 0331 0D       		.uleb128 0xd
 483 0332 640F0000 		.4byte	.LASF52
 484 0336 05       		.byte	0x5
 485 0337 76       		.byte	0x76
 486 0338 11       		.byte	0x11
 487 0339 4C030000 		.4byte	0x34c
 488 033d 00       		.byte	0
 489 033e 0D       		.uleb128 0xd
 490 033f D6020000 		.4byte	.LASF53
 491 0343 05       		.byte	0x5
 492 0344 77       		.byte	0x77
 493 0345 06       		.byte	0x6
 494 0346 1D000000 		.4byte	0x1d
 495 034a 04       		.byte	0x4
 496 034b 00       		.byte	0
 497 034c 05       		.uleb128 0x5
 498 034d 04       		.byte	0x4
 499 034e 58000000 		.4byte	0x58
 500 0352 10       		.uleb128 0x10
 501 0353 FC070000 		.4byte	.LASF54
 502 0357 68       		.byte	0x68
 503 0358 05       		.byte	0x5
 504 0359 B5       		.byte	0xb5
 505 035a 08       		.byte	0x8
 506 035b 95040000 		.4byte	0x495
 507 035f 11       		.uleb128 0x11
 508 0360 5F7000   		.ascii	"_p\000"
 509 0363 05       		.byte	0x5
 510 0364 B6       		.byte	0xb6
 511 0365 12       		.byte	0x12
 512 0366 4C030000 		.4byte	0x34c
 513 036a 00       		.byte	0
ARM GAS  /tmp/ccFiYdB4.s 			page 10


 514 036b 11       		.uleb128 0x11
 515 036c 5F7200   		.ascii	"_r\000"
 516 036f 05       		.byte	0x5
 517 0370 B7       		.byte	0xb7
 518 0371 07       		.byte	0x7
 519 0372 1D000000 		.4byte	0x1d
 520 0376 04       		.byte	0x4
 521 0377 11       		.uleb128 0x11
 522 0378 5F7700   		.ascii	"_w\000"
 523 037b 05       		.byte	0x5
 524 037c B8       		.byte	0xb8
 525 037d 07       		.byte	0x7
 526 037e 1D000000 		.4byte	0x1d
 527 0382 08       		.byte	0x8
 528 0383 0D       		.uleb128 0xd
 529 0384 B00C0000 		.4byte	.LASF55
 530 0388 05       		.byte	0x5
 531 0389 B9       		.byte	0xb9
 532 038a 09       		.byte	0x9
 533 038b 5F000000 		.4byte	0x5f
 534 038f 0C       		.byte	0xc
 535 0390 0D       		.uleb128 0xd
 536 0391 43020000 		.4byte	.LASF56
 537 0395 05       		.byte	0x5
 538 0396 BA       		.byte	0xba
 539 0397 09       		.byte	0x9
 540 0398 5F000000 		.4byte	0x5f
 541 039c 0E       		.byte	0xe
 542 039d 11       		.uleb128 0x11
 543 039e 5F626600 		.ascii	"_bf\000"
 544 03a2 05       		.byte	0x5
 545 03a3 BB       		.byte	0xbb
 546 03a4 11       		.byte	0x11
 547 03a5 24030000 		.4byte	0x324
 548 03a9 10       		.byte	0x10
 549 03aa 0D       		.uleb128 0xd
 550 03ab 6B120000 		.4byte	.LASF57
 551 03af 05       		.byte	0x5
 552 03b0 BC       		.byte	0xbc
 553 03b1 07       		.byte	0x7
 554 03b2 1D000000 		.4byte	0x1d
 555 03b6 18       		.byte	0x18
 556 03b7 0D       		.uleb128 0xd
 557 03b8 CA060000 		.4byte	.LASF58
 558 03bc 05       		.byte	0x5
 559 03bd C3       		.byte	0xc3
 560 03be 0A       		.byte	0xa
 561 03bf 5C010000 		.4byte	0x15c
 562 03c3 1C       		.byte	0x1c
 563 03c4 0D       		.uleb128 0xd
 564 03c5 6D000000 		.4byte	.LASF59
 565 03c9 05       		.byte	0x5
 566 03ca C5       		.byte	0xc5
 567 03cb 1D       		.byte	0x1d
 568 03cc 07060000 		.4byte	0x607
 569 03d0 20       		.byte	0x20
 570 03d1 0D       		.uleb128 0xd
ARM GAS  /tmp/ccFiYdB4.s 			page 11


 571 03d2 8D000000 		.4byte	.LASF60
 572 03d6 05       		.byte	0x5
 573 03d7 C7       		.byte	0xc7
 574 03d8 1D       		.byte	0x1d
 575 03d9 36060000 		.4byte	0x636
 576 03dd 24       		.byte	0x24
 577 03de 0D       		.uleb128 0xd
 578 03df FC0D0000 		.4byte	.LASF61
 579 03e3 05       		.byte	0x5
 580 03e4 CA       		.byte	0xca
 581 03e5 0D       		.byte	0xd
 582 03e6 5A060000 		.4byte	0x65a
 583 03ea 28       		.byte	0x28
 584 03eb 0D       		.uleb128 0xd
 585 03ec 0C050000 		.4byte	.LASF62
 586 03f0 05       		.byte	0x5
 587 03f1 CB       		.byte	0xcb
 588 03f2 09       		.byte	0x9
 589 03f3 74060000 		.4byte	0x674
 590 03f7 2C       		.byte	0x2c
 591 03f8 11       		.uleb128 0x11
 592 03f9 5F756200 		.ascii	"_ub\000"
 593 03fd 05       		.byte	0x5
 594 03fe CE       		.byte	0xce
 595 03ff 11       		.byte	0x11
 596 0400 24030000 		.4byte	0x324
 597 0404 30       		.byte	0x30
 598 0405 11       		.uleb128 0x11
 599 0406 5F757000 		.ascii	"_up\000"
 600 040a 05       		.byte	0x5
 601 040b CF       		.byte	0xcf
 602 040c 12       		.byte	0x12
 603 040d 4C030000 		.4byte	0x34c
 604 0411 38       		.byte	0x38
 605 0412 11       		.uleb128 0x11
 606 0413 5F757200 		.ascii	"_ur\000"
 607 0417 05       		.byte	0x5
 608 0418 D0       		.byte	0xd0
 609 0419 07       		.byte	0x7
 610 041a 1D000000 		.4byte	0x1d
 611 041e 3C       		.byte	0x3c
 612 041f 0D       		.uleb128 0xd
 613 0420 680C0000 		.4byte	.LASF63
 614 0424 05       		.byte	0x5
 615 0425 D3       		.byte	0xd3
 616 0426 11       		.byte	0x11
 617 0427 7A060000 		.4byte	0x67a
 618 042b 40       		.byte	0x40
 619 042c 0D       		.uleb128 0xd
 620 042d 25010000 		.4byte	.LASF64
 621 0431 05       		.byte	0x5
 622 0432 D4       		.byte	0xd4
 623 0433 11       		.byte	0x11
 624 0434 8A060000 		.4byte	0x68a
 625 0438 43       		.byte	0x43
 626 0439 11       		.uleb128 0x11
 627 043a 5F6C6200 		.ascii	"_lb\000"
ARM GAS  /tmp/ccFiYdB4.s 			page 12


 628 043e 05       		.byte	0x5
 629 043f D7       		.byte	0xd7
 630 0440 11       		.byte	0x11
 631 0441 24030000 		.4byte	0x324
 632 0445 44       		.byte	0x44
 633 0446 0D       		.uleb128 0xd
 634 0447 5B0F0000 		.4byte	.LASF65
 635 044b 05       		.byte	0x5
 636 044c DA       		.byte	0xda
 637 044d 07       		.byte	0x7
 638 044e 1D000000 		.4byte	0x1d
 639 0452 4C       		.byte	0x4c
 640 0453 0D       		.uleb128 0xd
 641 0454 3D070000 		.4byte	.LASF66
 642 0458 05       		.byte	0x5
 643 0459 DB       		.byte	0xdb
 644 045a 0A       		.byte	0xa
 645 045b C9000000 		.4byte	0xc9
 646 045f 50       		.byte	0x50
 647 0460 0D       		.uleb128 0xd
 648 0461 6B100000 		.4byte	.LASF67
 649 0465 05       		.byte	0x5
 650 0466 DE       		.byte	0xde
 651 0467 12       		.byte	0x12
 652 0468 B3040000 		.4byte	0x4b3
 653 046c 54       		.byte	0x54
 654 046d 0D       		.uleb128 0xd
 655 046e 9B010000 		.4byte	.LASF68
 656 0472 05       		.byte	0x5
 657 0473 E2       		.byte	0xe2
 658 0474 0C       		.byte	0xc
 659 0475 50010000 		.4byte	0x150
 660 0479 58       		.byte	0x58
 661 047a 0D       		.uleb128 0xd
 662 047b 8D0C0000 		.4byte	.LASF69
 663 047f 05       		.byte	0x5
 664 0480 E4       		.byte	0xe4
 665 0481 0E       		.byte	0xe
 666 0482 44010000 		.4byte	0x144
 667 0486 5C       		.byte	0x5c
 668 0487 0D       		.uleb128 0xd
 669 0488 0F080000 		.4byte	.LASF70
 670 048c 05       		.byte	0x5
 671 048d E5       		.byte	0xe5
 672 048e 09       		.byte	0x9
 673 048f 1D000000 		.4byte	0x1d
 674 0493 64       		.byte	0x64
 675 0494 00       		.byte	0
 676 0495 15       		.uleb128 0x15
 677 0496 1D000000 		.4byte	0x1d
 678 049a B3040000 		.4byte	0x4b3
 679 049e 16       		.uleb128 0x16
 680 049f B3040000 		.4byte	0x4b3
 681 04a3 16       		.uleb128 0x16
 682 04a4 5C010000 		.4byte	0x15c
 683 04a8 16       		.uleb128 0x16
 684 04a9 5E010000 		.4byte	0x15e
ARM GAS  /tmp/ccFiYdB4.s 			page 13


 685 04ad 16       		.uleb128 0x16
 686 04ae 1D000000 		.4byte	0x1d
 687 04b2 00       		.byte	0
 688 04b3 05       		.uleb128 0x5
 689 04b4 04       		.byte	0x4
 690 04b5 BE040000 		.4byte	0x4be
 691 04b9 0F       		.uleb128 0xf
 692 04ba B3040000 		.4byte	0x4b3
 693 04be 17       		.uleb128 0x17
 694 04bf 77040000 		.4byte	.LASF71
 695 04c3 2804     		.2byte	0x428
 696 04c5 05       		.byte	0x5
 697 04c6 6002     		.2byte	0x260
 698 04c8 08       		.byte	0x8
 699 04c9 07060000 		.4byte	0x607
 700 04cd 18       		.uleb128 0x18
 701 04ce B0080000 		.4byte	.LASF72
 702 04d2 05       		.byte	0x5
 703 04d3 6202     		.2byte	0x262
 704 04d5 07       		.byte	0x7
 705 04d6 1D000000 		.4byte	0x1d
 706 04da 00       		.byte	0
 707 04db 18       		.uleb128 0x18
 708 04dc 5B050000 		.4byte	.LASF73
 709 04e0 05       		.byte	0x5
 710 04e1 6702     		.2byte	0x267
 711 04e3 0B       		.byte	0xb
 712 04e4 E6060000 		.4byte	0x6e6
 713 04e8 04       		.byte	0x4
 714 04e9 18       		.uleb128 0x18
 715 04ea 3A0F0000 		.4byte	.LASF74
 716 04ee 05       		.byte	0x5
 717 04ef 6702     		.2byte	0x267
 718 04f1 14       		.byte	0x14
 719 04f2 E6060000 		.4byte	0x6e6
 720 04f6 08       		.byte	0x8
 721 04f7 18       		.uleb128 0x18
 722 04f8 770C0000 		.4byte	.LASF75
 723 04fc 05       		.byte	0x5
 724 04fd 6702     		.2byte	0x267
 725 04ff 1E       		.byte	0x1e
 726 0500 E6060000 		.4byte	0x6e6
 727 0504 0C       		.byte	0xc
 728 0505 18       		.uleb128 0x18
 729 0506 7B120000 		.4byte	.LASF76
 730 050a 05       		.byte	0x5
 731 050b 6902     		.2byte	0x269
 732 050d 08       		.byte	0x8
 733 050e 1D000000 		.4byte	0x1d
 734 0512 10       		.byte	0x10
 735 0513 18       		.uleb128 0x18
 736 0514 210A0000 		.4byte	.LASF77
 737 0518 05       		.byte	0x5
 738 0519 6A02     		.2byte	0x26a
 739 051b 08       		.byte	0x8
 740 051c E6080000 		.4byte	0x8e6
 741 0520 14       		.byte	0x14
ARM GAS  /tmp/ccFiYdB4.s 			page 14


 742 0521 18       		.uleb128 0x18
 743 0522 59040000 		.4byte	.LASF78
 744 0526 05       		.byte	0x5
 745 0527 6D02     		.2byte	0x26d
 746 0529 07       		.byte	0x7
 747 052a 1D000000 		.4byte	0x1d
 748 052e 30       		.byte	0x30
 749 052f 18       		.uleb128 0x18
 750 0530 2B140000 		.4byte	.LASF79
 751 0534 05       		.byte	0x5
 752 0535 6E02     		.2byte	0x26e
 753 0537 16       		.byte	0x16
 754 0538 FB080000 		.4byte	0x8fb
 755 053c 34       		.byte	0x34
 756 053d 18       		.uleb128 0x18
 757 053e 04080000 		.4byte	.LASF80
 758 0542 05       		.byte	0x5
 759 0543 7002     		.2byte	0x270
 760 0545 07       		.byte	0x7
 761 0546 1D000000 		.4byte	0x1d
 762 054a 38       		.byte	0x38
 763 054b 18       		.uleb128 0x18
 764 054c C7090000 		.4byte	.LASF81
 765 0550 05       		.byte	0x5
 766 0551 7202     		.2byte	0x272
 767 0553 0A       		.byte	0xa
 768 0554 0C090000 		.4byte	0x90c
 769 0558 3C       		.byte	0x3c
 770 0559 18       		.uleb128 0x18
 771 055a 67140000 		.4byte	.LASF82
 772 055e 05       		.byte	0x5
 773 055f 7502     		.2byte	0x275
 774 0561 13       		.byte	0x13
 775 0562 D6010000 		.4byte	0x1d6
 776 0566 40       		.byte	0x40
 777 0567 18       		.uleb128 0x18
 778 0568 CC020000 		.4byte	.LASF83
 779 056c 05       		.byte	0x5
 780 056d 7602     		.2byte	0x276
 781 056f 07       		.byte	0x7
 782 0570 1D000000 		.4byte	0x1d
 783 0574 44       		.byte	0x44
 784 0575 18       		.uleb128 0x18
 785 0576 BF070000 		.4byte	.LASF84
 786 057a 05       		.byte	0x5
 787 057b 7702     		.2byte	0x277
 788 057d 13       		.byte	0x13
 789 057e D6010000 		.4byte	0x1d6
 790 0582 48       		.byte	0x48
 791 0583 18       		.uleb128 0x18
 792 0584 F90A0000 		.4byte	.LASF85
 793 0588 05       		.byte	0x5
 794 0589 7802     		.2byte	0x278
 795 058b 14       		.byte	0x14
 796 058c 12090000 		.4byte	0x912
 797 0590 4C       		.byte	0x4c
 798 0591 18       		.uleb128 0x18
ARM GAS  /tmp/ccFiYdB4.s 			page 15


 799 0592 B6000000 		.4byte	.LASF86
 800 0596 05       		.byte	0x5
 801 0597 7B02     		.2byte	0x27b
 802 0599 07       		.byte	0x7
 803 059a 1D000000 		.4byte	0x1d
 804 059e 50       		.byte	0x50
 805 059f 18       		.uleb128 0x18
 806 05a0 52070000 		.4byte	.LASF87
 807 05a4 05       		.byte	0x5
 808 05a5 7C02     		.2byte	0x27c
 809 05a7 09       		.byte	0x9
 810 05a8 5E010000 		.4byte	0x15e
 811 05ac 54       		.byte	0x54
 812 05ad 18       		.uleb128 0x18
 813 05ae 630C0000 		.4byte	.LASF88
 814 05b2 05       		.byte	0x5
 815 05b3 9F02     		.2byte	0x29f
 816 05b5 07       		.byte	0x7
 817 05b6 C1080000 		.4byte	0x8c1
 818 05ba 58       		.byte	0x58
 819 05bb 19       		.uleb128 0x19
 820 05bc E40C0000 		.4byte	.LASF48
 821 05c0 05       		.byte	0x5
 822 05c1 A302     		.2byte	0x2a3
 823 05c3 13       		.byte	0x13
 824 05c4 07030000 		.4byte	0x307
 825 05c8 4801     		.2byte	0x148
 826 05ca 19       		.uleb128 0x19
 827 05cb D9090000 		.4byte	.LASF89
 828 05cf 05       		.byte	0x5
 829 05d0 A402     		.2byte	0x2a4
 830 05d2 12       		.byte	0x12
 831 05d3 C4020000 		.4byte	0x2c4
 832 05d7 4C01     		.2byte	0x14c
 833 05d9 19       		.uleb128 0x19
 834 05da 22070000 		.4byte	.LASF90
 835 05de 05       		.byte	0x5
 836 05df A802     		.2byte	0x2a8
 837 05e1 0C       		.byte	0xc
 838 05e2 23090000 		.4byte	0x923
 839 05e6 DC02     		.2byte	0x2dc
 840 05e8 19       		.uleb128 0x19
 841 05e9 A40A0000 		.4byte	.LASF91
 842 05ed 05       		.byte	0x5
 843 05ee AD02     		.2byte	0x2ad
 844 05f0 10       		.byte	0x10
 845 05f1 A7060000 		.4byte	0x6a7
 846 05f5 E002     		.2byte	0x2e0
 847 05f7 19       		.uleb128 0x19
 848 05f8 62000000 		.4byte	.LASF92
 849 05fc 05       		.byte	0x5
 850 05fd AF02     		.2byte	0x2af
 851 05ff 0A       		.byte	0xa
 852 0600 2F090000 		.4byte	0x92f
 853 0604 EC02     		.2byte	0x2ec
 854 0606 00       		.byte	0
 855 0607 05       		.uleb128 0x5
ARM GAS  /tmp/ccFiYdB4.s 			page 16


 856 0608 04       		.byte	0x4
 857 0609 95040000 		.4byte	0x495
 858 060d 15       		.uleb128 0x15
 859 060e 1D000000 		.4byte	0x1d
 860 0612 2B060000 		.4byte	0x62b
 861 0616 16       		.uleb128 0x16
 862 0617 B3040000 		.4byte	0x4b3
 863 061b 16       		.uleb128 0x16
 864 061c 5C010000 		.4byte	0x15c
 865 0620 16       		.uleb128 0x16
 866 0621 2B060000 		.4byte	0x62b
 867 0625 16       		.uleb128 0x16
 868 0626 1D000000 		.4byte	0x1d
 869 062a 00       		.byte	0
 870 062b 05       		.uleb128 0x5
 871 062c 04       		.byte	0x4
 872 062d 6B010000 		.4byte	0x16b
 873 0631 1A       		.uleb128 0x1a
 874 0632 2B060000 		.4byte	0x62b
 875 0636 05       		.uleb128 0x5
 876 0637 04       		.byte	0x4
 877 0638 0D060000 		.4byte	0x60d
 878 063c 15       		.uleb128 0x15
 879 063d D5000000 		.4byte	0xd5
 880 0641 5A060000 		.4byte	0x65a
 881 0645 16       		.uleb128 0x16
 882 0646 B3040000 		.4byte	0x4b3
 883 064a 16       		.uleb128 0x16
 884 064b 5C010000 		.4byte	0x15c
 885 064f 16       		.uleb128 0x16
 886 0650 D5000000 		.4byte	0xd5
 887 0654 16       		.uleb128 0x16
 888 0655 1D000000 		.4byte	0x1d
 889 0659 00       		.byte	0
 890 065a 05       		.uleb128 0x5
 891 065b 04       		.byte	0x4
 892 065c 3C060000 		.4byte	0x63c
 893 0660 15       		.uleb128 0x15
 894 0661 1D000000 		.4byte	0x1d
 895 0665 74060000 		.4byte	0x674
 896 0669 16       		.uleb128 0x16
 897 066a B3040000 		.4byte	0x4b3
 898 066e 16       		.uleb128 0x16
 899 066f 5C010000 		.4byte	0x15c
 900 0673 00       		.byte	0
 901 0674 05       		.uleb128 0x5
 902 0675 04       		.byte	0x4
 903 0676 60060000 		.4byte	0x660
 904 067a 0A       		.uleb128 0xa
 905 067b 58000000 		.4byte	0x58
 906 067f 8A060000 		.4byte	0x68a
 907 0683 0B       		.uleb128 0xb
 908 0684 30000000 		.4byte	0x30
 909 0688 02       		.byte	0x2
 910 0689 00       		.byte	0
 911 068a 0A       		.uleb128 0xa
 912 068b 58000000 		.4byte	0x58
ARM GAS  /tmp/ccFiYdB4.s 			page 17


 913 068f 9A060000 		.4byte	0x69a
 914 0693 0B       		.uleb128 0xb
 915 0694 30000000 		.4byte	0x30
 916 0698 00       		.byte	0
 917 0699 00       		.byte	0
 918 069a 07       		.uleb128 0x7
 919 069b CC0F0000 		.4byte	.LASF93
 920 069f 05       		.byte	0x5
 921 06a0 1F01     		.2byte	0x11f
 922 06a2 1A       		.byte	0x1a
 923 06a3 52030000 		.4byte	0x352
 924 06a7 1B       		.uleb128 0x1b
 925 06a8 180B0000 		.4byte	.LASF94
 926 06ac 0C       		.byte	0xc
 927 06ad 05       		.byte	0x5
 928 06ae 2301     		.2byte	0x123
 929 06b0 08       		.byte	0x8
 930 06b1 E0060000 		.4byte	0x6e0
 931 06b5 18       		.uleb128 0x18
 932 06b6 5F100000 		.4byte	.LASF28
 933 06ba 05       		.byte	0x5
 934 06bb 2501     		.2byte	0x125
 935 06bd 11       		.byte	0x11
 936 06be E0060000 		.4byte	0x6e0
 937 06c2 00       		.byte	0
 938 06c3 18       		.uleb128 0x18
 939 06c4 810A0000 		.4byte	.LASF95
 940 06c8 05       		.byte	0x5
 941 06c9 2601     		.2byte	0x126
 942 06cb 07       		.byte	0x7
 943 06cc 1D000000 		.4byte	0x1d
 944 06d0 04       		.byte	0x4
 945 06d1 18       		.uleb128 0x18
 946 06d2 030B0000 		.4byte	.LASF96
 947 06d6 05       		.byte	0x5
 948 06d7 2701     		.2byte	0x127
 949 06d9 0B       		.byte	0xb
 950 06da E6060000 		.4byte	0x6e6
 951 06de 08       		.byte	0x8
 952 06df 00       		.byte	0
 953 06e0 05       		.uleb128 0x5
 954 06e1 04       		.byte	0x4
 955 06e2 A7060000 		.4byte	0x6a7
 956 06e6 05       		.uleb128 0x5
 957 06e7 04       		.byte	0x4
 958 06e8 9A060000 		.4byte	0x69a
 959 06ec 1B       		.uleb128 0x1b
 960 06ed 170F0000 		.4byte	.LASF97
 961 06f1 0E       		.byte	0xe
 962 06f2 05       		.byte	0x5
 963 06f3 3F01     		.2byte	0x13f
 964 06f5 08       		.byte	0x8
 965 06f6 25070000 		.4byte	0x725
 966 06fa 18       		.uleb128 0x18
 967 06fb DC0D0000 		.4byte	.LASF98
 968 06ff 05       		.byte	0x5
 969 0700 4001     		.2byte	0x140
ARM GAS  /tmp/ccFiYdB4.s 			page 18


 970 0702 12       		.byte	0x12
 971 0703 25070000 		.4byte	0x725
 972 0707 00       		.byte	0
 973 0708 18       		.uleb128 0x18
 974 0709 B3010000 		.4byte	.LASF99
 975 070d 05       		.byte	0x5
 976 070e 4101     		.2byte	0x141
 977 0710 12       		.byte	0x12
 978 0711 25070000 		.4byte	0x725
 979 0715 06       		.byte	0x6
 980 0716 18       		.uleb128 0x18
 981 0717 95140000 		.4byte	.LASF100
 982 071b 05       		.byte	0x5
 983 071c 4201     		.2byte	0x142
 984 071e 12       		.byte	0x12
 985 071f 72000000 		.4byte	0x72
 986 0723 0C       		.byte	0xc
 987 0724 00       		.byte	0
 988 0725 0A       		.uleb128 0xa
 989 0726 72000000 		.4byte	0x72
 990 072a 35070000 		.4byte	0x735
 991 072e 0B       		.uleb128 0xb
 992 072f 30000000 		.4byte	0x30
 993 0733 02       		.byte	0x2
 994 0734 00       		.byte	0
 995 0735 1C       		.uleb128 0x1c
 996 0736 D0       		.byte	0xd0
 997 0737 05       		.byte	0x5
 998 0738 8002     		.2byte	0x280
 999 073a 07       		.byte	0x7
 1000 073b 4A080000 		.4byte	0x84a
 1001 073f 18       		.uleb128 0x18
 1002 0740 91030000 		.4byte	.LASF101
 1003 0744 05       		.byte	0x5
 1004 0745 8202     		.2byte	0x282
 1005 0747 18       		.byte	0x18
 1006 0748 30000000 		.4byte	0x30
 1007 074c 00       		.byte	0
 1008 074d 18       		.uleb128 0x18
 1009 074e 770F0000 		.4byte	.LASF102
 1010 0752 05       		.byte	0x5
 1011 0753 8302     		.2byte	0x283
 1012 0755 12       		.byte	0x12
 1013 0756 5E010000 		.4byte	0x15e
 1014 075a 04       		.byte	0x4
 1015 075b 18       		.uleb128 0x18
 1016 075c A9000000 		.4byte	.LASF103
 1017 0760 05       		.byte	0x5
 1018 0761 8402     		.2byte	0x284
 1019 0763 10       		.byte	0x10
 1020 0764 4A080000 		.4byte	0x84a
 1021 0768 08       		.byte	0x8
 1022 0769 18       		.uleb128 0x18
 1023 076a E1020000 		.4byte	.LASF104
 1024 076e 05       		.byte	0x5
 1025 076f 8502     		.2byte	0x285
 1026 0771 17       		.byte	0x17
ARM GAS  /tmp/ccFiYdB4.s 			page 19


 1027 0772 EC010000 		.4byte	0x1ec
 1028 0776 24       		.byte	0x24
 1029 0777 18       		.uleb128 0x18
 1030 0778 C20A0000 		.4byte	.LASF105
 1031 077c 05       		.byte	0x5
 1032 077d 8602     		.2byte	0x286
 1033 077f 0F       		.byte	0xf
 1034 0780 1D000000 		.4byte	0x1d
 1035 0784 48       		.byte	0x48
 1036 0785 18       		.uleb128 0x18
 1037 0786 9E0C0000 		.4byte	.LASF106
 1038 078a 05       		.byte	0x5
 1039 078b 8702     		.2byte	0x287
 1040 078d 2C       		.byte	0x2c
 1041 078e AB000000 		.4byte	0xab
 1042 0792 50       		.byte	0x50
 1043 0793 18       		.uleb128 0x18
 1044 0794 18100000 		.4byte	.LASF107
 1045 0798 05       		.byte	0x5
 1046 0799 8802     		.2byte	0x288
 1047 079b 1A       		.byte	0x1a
 1048 079c EC060000 		.4byte	0x6ec
 1049 07a0 58       		.byte	0x58
 1050 07a1 18       		.uleb128 0x18
 1051 07a2 4F110000 		.4byte	.LASF108
 1052 07a6 05       		.byte	0x5
 1053 07a7 8902     		.2byte	0x289
 1054 07a9 16       		.byte	0x16
 1055 07aa 44010000 		.4byte	0x144
 1056 07ae 68       		.byte	0x68
 1057 07af 18       		.uleb128 0x18
 1058 07b0 3D0A0000 		.4byte	.LASF109
 1059 07b4 05       		.byte	0x5
 1060 07b5 8A02     		.2byte	0x28a
 1061 07b7 16       		.byte	0x16
 1062 07b8 44010000 		.4byte	0x144
 1063 07bc 70       		.byte	0x70
 1064 07bd 18       		.uleb128 0x18
 1065 07be 7F0C0000 		.4byte	.LASF110
 1066 07c2 05       		.byte	0x5
 1067 07c3 8B02     		.2byte	0x28b
 1068 07c5 16       		.byte	0x16
 1069 07c6 44010000 		.4byte	0x144
 1070 07ca 78       		.byte	0x78
 1071 07cb 18       		.uleb128 0x18
 1072 07cc 4A010000 		.4byte	.LASF111
 1073 07d0 05       		.byte	0x5
 1074 07d1 8C02     		.2byte	0x28c
 1075 07d3 10       		.byte	0x10
 1076 07d4 5A080000 		.4byte	0x85a
 1077 07d8 80       		.byte	0x80
 1078 07d9 18       		.uleb128 0x18
 1079 07da 1E090000 		.4byte	.LASF112
 1080 07de 05       		.byte	0x5
 1081 07df 8D02     		.2byte	0x28d
 1082 07e1 10       		.byte	0x10
 1083 07e2 6A080000 		.4byte	0x86a
ARM GAS  /tmp/ccFiYdB4.s 			page 20


 1084 07e6 88       		.byte	0x88
 1085 07e7 18       		.uleb128 0x18
 1086 07e8 BD150000 		.4byte	.LASF113
 1087 07ec 05       		.byte	0x5
 1088 07ed 8E02     		.2byte	0x28e
 1089 07ef 0F       		.byte	0xf
 1090 07f0 1D000000 		.4byte	0x1d
 1091 07f4 A0       		.byte	0xa0
 1092 07f5 18       		.uleb128 0x18
 1093 07f6 A9020000 		.4byte	.LASF114
 1094 07fa 05       		.byte	0x5
 1095 07fb 8F02     		.2byte	0x28f
 1096 07fd 16       		.byte	0x16
 1097 07fe 44010000 		.4byte	0x144
 1098 0802 A4       		.byte	0xa4
 1099 0803 18       		.uleb128 0x18
 1100 0804 8F0F0000 		.4byte	.LASF115
 1101 0808 05       		.byte	0x5
 1102 0809 9002     		.2byte	0x290
 1103 080b 16       		.byte	0x16
 1104 080c 44010000 		.4byte	0x144
 1105 0810 AC       		.byte	0xac
 1106 0811 18       		.uleb128 0x18
 1107 0812 F6140000 		.4byte	.LASF116
 1108 0816 05       		.byte	0x5
 1109 0817 9102     		.2byte	0x291
 1110 0819 16       		.byte	0x16
 1111 081a 44010000 		.4byte	0x144
 1112 081e B4       		.byte	0xb4
 1113 081f 18       		.uleb128 0x18
 1114 0820 CC0B0000 		.4byte	.LASF117
 1115 0824 05       		.byte	0x5
 1116 0825 9202     		.2byte	0x292
 1117 0827 16       		.byte	0x16
 1118 0828 44010000 		.4byte	0x144
 1119 082c BC       		.byte	0xbc
 1120 082d 18       		.uleb128 0x18
 1121 082e 14010000 		.4byte	.LASF118
 1122 0832 05       		.byte	0x5
 1123 0833 9302     		.2byte	0x293
 1124 0835 16       		.byte	0x16
 1125 0836 44010000 		.4byte	0x144
 1126 083a C4       		.byte	0xc4
 1127 083b 18       		.uleb128 0x18
 1128 083c B70B0000 		.4byte	.LASF119
 1129 0840 05       		.byte	0x5
 1130 0841 9402     		.2byte	0x294
 1131 0843 08       		.byte	0x8
 1132 0844 1D000000 		.4byte	0x1d
 1133 0848 CC       		.byte	0xcc
 1134 0849 00       		.byte	0
 1135 084a 0A       		.uleb128 0xa
 1136 084b 64010000 		.4byte	0x164
 1137 084f 5A080000 		.4byte	0x85a
 1138 0853 0B       		.uleb128 0xb
 1139 0854 30000000 		.4byte	0x30
 1140 0858 19       		.byte	0x19
ARM GAS  /tmp/ccFiYdB4.s 			page 21


 1141 0859 00       		.byte	0
 1142 085a 0A       		.uleb128 0xa
 1143 085b 64010000 		.4byte	0x164
 1144 085f 6A080000 		.4byte	0x86a
 1145 0863 0B       		.uleb128 0xb
 1146 0864 30000000 		.4byte	0x30
 1147 0868 07       		.byte	0x7
 1148 0869 00       		.byte	0
 1149 086a 0A       		.uleb128 0xa
 1150 086b 64010000 		.4byte	0x164
 1151 086f 7A080000 		.4byte	0x87a
 1152 0873 0B       		.uleb128 0xb
 1153 0874 30000000 		.4byte	0x30
 1154 0878 17       		.byte	0x17
 1155 0879 00       		.byte	0
 1156 087a 1C       		.uleb128 0x1c
 1157 087b F0       		.byte	0xf0
 1158 087c 05       		.byte	0x5
 1159 087d 9902     		.2byte	0x299
 1160 087f 07       		.byte	0x7
 1161 0880 A1080000 		.4byte	0x8a1
 1162 0884 18       		.uleb128 0x18
 1163 0885 E2120000 		.4byte	.LASF120
 1164 0889 05       		.byte	0x5
 1165 088a 9C02     		.2byte	0x29c
 1166 088c 1B       		.byte	0x1b
 1167 088d A1080000 		.4byte	0x8a1
 1168 0891 00       		.byte	0
 1169 0892 18       		.uleb128 0x18
 1170 0893 B40A0000 		.4byte	.LASF121
 1171 0897 05       		.byte	0x5
 1172 0898 9D02     		.2byte	0x29d
 1173 089a 18       		.byte	0x18
 1174 089b B1080000 		.4byte	0x8b1
 1175 089f 78       		.byte	0x78
 1176 08a0 00       		.byte	0
 1177 08a1 0A       		.uleb128 0xa
 1178 08a2 4C030000 		.4byte	0x34c
 1179 08a6 B1080000 		.4byte	0x8b1
 1180 08aa 0B       		.uleb128 0xb
 1181 08ab 30000000 		.4byte	0x30
 1182 08af 1D       		.byte	0x1d
 1183 08b0 00       		.byte	0
 1184 08b1 0A       		.uleb128 0xa
 1185 08b2 30000000 		.4byte	0x30
 1186 08b6 C1080000 		.4byte	0x8c1
 1187 08ba 0B       		.uleb128 0xb
 1188 08bb 30000000 		.4byte	0x30
 1189 08bf 1D       		.byte	0x1d
 1190 08c0 00       		.byte	0
 1191 08c1 1D       		.uleb128 0x1d
 1192 08c2 F0       		.byte	0xf0
 1193 08c3 05       		.byte	0x5
 1194 08c4 7E02     		.2byte	0x27e
 1195 08c6 03       		.byte	0x3
 1196 08c7 E6080000 		.4byte	0x8e6
 1197 08cb 1E       		.uleb128 0x1e
ARM GAS  /tmp/ccFiYdB4.s 			page 22


 1198 08cc 77040000 		.4byte	.LASF71
 1199 08d0 05       		.byte	0x5
 1200 08d1 9502     		.2byte	0x295
 1201 08d3 0B       		.byte	0xb
 1202 08d4 35070000 		.4byte	0x735
 1203 08d8 1E       		.uleb128 0x1e
 1204 08d9 07010000 		.4byte	.LASF122
 1205 08dd 05       		.byte	0x5
 1206 08de 9E02     		.2byte	0x29e
 1207 08e0 0B       		.byte	0xb
 1208 08e1 7A080000 		.4byte	0x87a
 1209 08e5 00       		.byte	0
 1210 08e6 0A       		.uleb128 0xa
 1211 08e7 64010000 		.4byte	0x164
 1212 08eb F6080000 		.4byte	0x8f6
 1213 08ef 0B       		.uleb128 0xb
 1214 08f0 30000000 		.4byte	0x30
 1215 08f4 18       		.byte	0x18
 1216 08f5 00       		.byte	0
 1217 08f6 06       		.uleb128 0x6
 1218 08f7 39000000 		.4byte	.LASF124
 1219 08fb 05       		.uleb128 0x5
 1220 08fc 04       		.byte	0x4
 1221 08fd F6080000 		.4byte	0x8f6
 1222 0901 1F       		.uleb128 0x1f
 1223 0902 0C090000 		.4byte	0x90c
 1224 0906 16       		.uleb128 0x16
 1225 0907 B3040000 		.4byte	0x4b3
 1226 090b 00       		.byte	0
 1227 090c 05       		.uleb128 0x5
 1228 090d 04       		.byte	0x4
 1229 090e 01090000 		.4byte	0x901
 1230 0912 05       		.uleb128 0x5
 1231 0913 04       		.byte	0x4
 1232 0914 D6010000 		.4byte	0x1d6
 1233 0918 1F       		.uleb128 0x1f
 1234 0919 23090000 		.4byte	0x923
 1235 091d 16       		.uleb128 0x16
 1236 091e 1D000000 		.4byte	0x1d
 1237 0922 00       		.byte	0
 1238 0923 05       		.uleb128 0x5
 1239 0924 04       		.byte	0x4
 1240 0925 29090000 		.4byte	0x929
 1241 0929 05       		.uleb128 0x5
 1242 092a 04       		.byte	0x4
 1243 092b 18090000 		.4byte	0x918
 1244 092f 0A       		.uleb128 0xa
 1245 0930 9A060000 		.4byte	0x69a
 1246 0934 3F090000 		.4byte	0x93f
 1247 0938 0B       		.uleb128 0xb
 1248 0939 30000000 		.4byte	0x30
 1249 093d 02       		.byte	0x2
 1250 093e 00       		.byte	0
 1251 093f 20       		.uleb128 0x20
 1252 0940 C0020000 		.4byte	.LASF125
 1253 0944 05       		.byte	0x5
 1254 0945 2E03     		.2byte	0x32e
ARM GAS  /tmp/ccFiYdB4.s 			page 23


 1255 0947 17       		.byte	0x17
 1256 0948 B3040000 		.4byte	0x4b3
 1257 094c 20       		.uleb128 0x20
 1258 094d 7E040000 		.4byte	.LASF126
 1259 0951 05       		.byte	0x5
 1260 0952 2F03     		.2byte	0x32f
 1261 0954 1D       		.byte	0x1d
 1262 0955 B9040000 		.4byte	0x4b9
 1263 0959 03       		.uleb128 0x3
 1264 095a BB030000 		.4byte	.LASF127
 1265 095e 06       		.byte	0x6
 1266 095f 18       		.byte	0x18
 1267 0960 13       		.byte	0x13
 1268 0961 4C000000 		.4byte	0x4c
 1269 0965 0F       		.uleb128 0xf
 1270 0966 59090000 		.4byte	0x959
 1271 096a 03       		.uleb128 0x3
 1272 096b CE0E0000 		.4byte	.LASF128
 1273 096f 06       		.byte	0x6
 1274 0970 24       		.byte	0x24
 1275 0971 14       		.byte	0x14
 1276 0972 66000000 		.4byte	0x66
 1277 0976 1A       		.uleb128 0x1a
 1278 0977 6A090000 		.4byte	0x96a
 1279 097b 03       		.uleb128 0x3
 1280 097c A1000000 		.4byte	.LASF129
 1281 0980 06       		.byte	0x6
 1282 0981 2C       		.byte	0x2c
 1283 0982 13       		.byte	0x13
 1284 0983 79000000 		.4byte	0x79
 1285 0987 1A       		.uleb128 0x1a
 1286 0988 7B090000 		.4byte	0x97b
 1287 098c 03       		.uleb128 0x3
 1288 098d 46140000 		.4byte	.LASF130
 1289 0991 06       		.byte	0x6
 1290 0992 30       		.byte	0x30
 1291 0993 14       		.byte	0x14
 1292 0994 8C000000 		.4byte	0x8c
 1293 0998 1A       		.uleb128 0x1a
 1294 0999 8C090000 		.4byte	0x98c
 1295 099d 03       		.uleb128 0x3
 1296 099e 73110000 		.4byte	.LASF131
 1297 09a2 06       		.byte	0x6
 1298 09a3 3C       		.byte	0x3c
 1299 09a4 14       		.byte	0x14
 1300 09a5 9F000000 		.4byte	0x9f
 1301 09a9 03       		.uleb128 0x3
 1302 09aa A40B0000 		.4byte	.LASF132
 1303 09ae 07       		.byte	0x7
 1304 09af 27       		.byte	0x27
 1305 09b0 1D       		.byte	0x1d
 1306 09b1 8C090000 		.4byte	0x98c
 1307 09b5 03       		.uleb128 0x3
 1308 09b6 C0100000 		.4byte	.LASF133
 1309 09ba 07       		.byte	0x7
 1310 09bb 2A       		.byte	0x2a
 1311 09bc 1D       		.byte	0x1d
ARM GAS  /tmp/ccFiYdB4.s 			page 24


 1312 09bd 59090000 		.4byte	0x959
 1313 09c1 03       		.uleb128 0x3
 1314 09c2 F0020000 		.4byte	.LASF134
 1315 09c6 07       		.byte	0x7
 1316 09c7 2B       		.byte	0x2b
 1317 09c8 1D       		.byte	0x1d
 1318 09c9 59090000 		.4byte	0x959
 1319 09cd 03       		.uleb128 0x3
 1320 09ce DA120000 		.4byte	.LASF135
 1321 09d2 07       		.byte	0x7
 1322 09d3 2C       		.byte	0x2c
 1323 09d4 1D       		.byte	0x1d
 1324 09d5 59090000 		.4byte	0x959
 1325 09d9 03       		.uleb128 0x3
 1326 09da 73000000 		.4byte	.LASF136
 1327 09de 07       		.byte	0x7
 1328 09df 2E       		.byte	0x2e
 1329 09e0 1D       		.byte	0x1d
 1330 09e1 8C090000 		.4byte	0x98c
 1331 09e5 03       		.uleb128 0x3
 1332 09e6 FB0E0000 		.4byte	.LASF137
 1333 09ea 07       		.byte	0x7
 1334 09eb 2F       		.byte	0x2f
 1335 09ec 1D       		.byte	0x1d
 1336 09ed 7B090000 		.4byte	0x97b
 1337 09f1 03       		.uleb128 0x3
 1338 09f2 F0030000 		.4byte	.LASF138
 1339 09f6 07       		.byte	0x7
 1340 09f7 31       		.byte	0x31
 1341 09f8 1D       		.byte	0x1d
 1342 09f9 8C090000 		.4byte	0x98c
 1343 09fd 03       		.uleb128 0x3
 1344 09fe 1F0F0000 		.4byte	.LASF139
 1345 0a02 07       		.byte	0x7
 1346 0a03 32       		.byte	0x32
 1347 0a04 1D       		.byte	0x1d
 1348 0a05 8C090000 		.4byte	0x98c
 1349 0a09 03       		.uleb128 0x3
 1350 0a0a 8D060000 		.4byte	.LASF140
 1351 0a0e 07       		.byte	0x7
 1352 0a0f 33       		.byte	0x33
 1353 0a10 1D       		.byte	0x1d
 1354 0a11 7B090000 		.4byte	0x97b
 1355 0a15 03       		.uleb128 0x3
 1356 0a16 46090000 		.4byte	.LASF141
 1357 0a1a 07       		.byte	0x7
 1358 0a1b 34       		.byte	0x34
 1359 0a1c 1D       		.byte	0x1d
 1360 0a1d 8C090000 		.4byte	0x98c
 1361 0a21 03       		.uleb128 0x3
 1362 0a22 790D0000 		.4byte	.LASF142
 1363 0a26 08       		.byte	0x8
 1364 0a27 34       		.byte	0x34
 1365 0a28 1A       		.byte	0x1a
 1366 0a29 2D0A0000 		.4byte	0xa2d
 1367 0a2d 10       		.uleb128 0x10
 1368 0a2e 4A080000 		.4byte	.LASF143
ARM GAS  /tmp/ccFiYdB4.s 			page 25


 1369 0a32 44       		.byte	0x44
 1370 0a33 09       		.byte	0x9
 1371 0a34 8E       		.byte	0x8e
 1372 0a35 08       		.byte	0x8
 1373 0a36 1D0B0000 		.4byte	0xb1d
 1374 0a3a 0D       		.uleb128 0xd
 1375 0a3b 6A0F0000 		.4byte	.LASF144
 1376 0a3f 09       		.byte	0x9
 1377 0a40 8F       		.byte	0x8f
 1378 0a41 19       		.byte	0x19
 1379 0a42 560B0000 		.4byte	0xb56
 1380 0a46 00       		.byte	0
 1381 0a47 0D       		.uleb128 0xd
 1382 0a48 17020000 		.4byte	.LASF145
 1383 0a4c 09       		.byte	0x9
 1384 0a4d 90       		.byte	0x90
 1385 0a4e 19       		.byte	0x19
 1386 0a4f D9090000 		.4byte	0x9d9
 1387 0a53 08       		.byte	0x8
 1388 0a54 0D       		.uleb128 0xd
 1389 0a55 3B140000 		.4byte	.LASF146
 1390 0a59 09       		.byte	0x9
 1391 0a5a 92       		.byte	0x92
 1392 0a5b 1A       		.byte	0x1a
 1393 0a5c 290B0000 		.4byte	0xb29
 1394 0a60 0C       		.byte	0xc
 1395 0a61 0D       		.uleb128 0xd
 1396 0a62 0D090000 		.4byte	.LASF147
 1397 0a66 09       		.byte	0x9
 1398 0a67 93       		.byte	0x93
 1399 0a68 1A       		.byte	0x1a
 1400 0a69 290B0000 		.4byte	0xb29
 1401 0a6d 10       		.byte	0x10
 1402 0a6e 11       		.uleb128 0x11
 1403 0a6f 63747800 		.ascii	"ctx\000"
 1404 0a73 09       		.byte	0x9
 1405 0a74 99       		.byte	0x99
 1406 0a75 19       		.byte	0x19
 1407 0a76 640F0000 		.4byte	0xf64
 1408 0a7a 14       		.byte	0x14
 1409 0a7b 0D       		.uleb128 0xd
 1410 0a7c 29110000 		.4byte	.LASF148
 1411 0a80 09       		.byte	0x9
 1412 0a81 9E       		.byte	0x9e
 1413 0a82 1A       		.byte	0x1a
 1414 0a83 2B060000 		.4byte	0x62b
 1415 0a87 18       		.byte	0x18
 1416 0a88 0D       		.uleb128 0xd
 1417 0a89 1D100000 		.4byte	.LASF149
 1418 0a8d 09       		.byte	0x9
 1419 0a8e A7       		.byte	0xa7
 1420 0a8f 1A       		.byte	0x1a
 1421 0a90 83100000 		.4byte	0x1083
 1422 0a94 1C       		.byte	0x1c
 1423 0a95 0D       		.uleb128 0xd
 1424 0a96 8D010000 		.4byte	.LASF150
 1425 0a9a 09       		.byte	0x9
ARM GAS  /tmp/ccFiYdB4.s 			page 26


 1426 0a9b AC       		.byte	0xac
 1427 0a9c 19       		.byte	0x19
 1428 0a9d C1090000 		.4byte	0x9c1
 1429 0aa1 20       		.byte	0x20
 1430 0aa2 0D       		.uleb128 0xd
 1431 0aa3 89050000 		.4byte	.LASF151
 1432 0aa7 09       		.byte	0x9
 1433 0aa8 B0       		.byte	0xb0
 1434 0aa9 19       		.byte	0x19
 1435 0aaa B5090000 		.4byte	0x9b5
 1436 0aae 21       		.byte	0x21
 1437 0aaf 0D       		.uleb128 0xd
 1438 0ab0 B20B0000 		.4byte	.LASF152
 1439 0ab4 09       		.byte	0x9
 1440 0ab5 B5       		.byte	0xb5
 1441 0ab6 19       		.byte	0x19
 1442 0ab7 CD090000 		.4byte	0x9cd
 1443 0abb 22       		.byte	0x22
 1444 0abc 21       		.uleb128 0x21
 1445 0abd 7500     		.ascii	"u\000"
 1446 0abf 09       		.byte	0x9
 1447 0ac0 0601     		.2byte	0x106
 1448 0ac2 19       		.byte	0x19
 1449 0ac3 A90F0000 		.4byte	0xfa9
 1450 0ac7 24       		.byte	0x24
 1451 0ac8 18       		.uleb128 0x18
 1452 0ac9 85120000 		.4byte	.LASF153
 1453 0acd 09       		.byte	0x9
 1454 0ace 0B01     		.2byte	0x10b
 1455 0ad0 19       		.byte	0x19
 1456 0ad1 2F0B0000 		.4byte	0xb2f
 1457 0ad5 28       		.byte	0x28
 1458 0ad6 18       		.uleb128 0x18
 1459 0ad7 AD110000 		.4byte	.LASF154
 1460 0adb 09       		.byte	0x9
 1461 0adc 1101     		.2byte	0x111
 1462 0ade 19       		.byte	0x19
 1463 0adf 560B0000 		.4byte	0xb56
 1464 0ae3 2C       		.byte	0x2c
 1465 0ae4 18       		.uleb128 0x18
 1466 0ae5 0D030000 		.4byte	.LASF155
 1467 0ae9 09       		.byte	0x9
 1468 0aea 1701     		.2byte	0x117
 1469 0aec 19       		.byte	0x19
 1470 0aed F1090000 		.4byte	0x9f1
 1471 0af1 34       		.byte	0x34
 1472 0af2 18       		.uleb128 0x18
 1473 0af3 4B0A0000 		.4byte	.LASF156
 1474 0af7 09       		.byte	0x9
 1475 0af8 1E01     		.2byte	0x11e
 1476 0afa 1A       		.byte	0x1a
 1477 0afb 7D100000 		.4byte	0x107d
 1478 0aff 38       		.byte	0x38
 1479 0b00 18       		.uleb128 0x18
 1480 0b01 31090000 		.4byte	.LASF157
 1481 0b05 09       		.byte	0x9
 1482 0b06 2201     		.2byte	0x122
ARM GAS  /tmp/ccFiYdB4.s 			page 27


 1483 0b08 19       		.byte	0x19
 1484 0b09 D9090000 		.4byte	0x9d9
 1485 0b0d 3C       		.byte	0x3c
 1486 0b0e 18       		.uleb128 0x18
 1487 0b0f B4050000 		.4byte	.LASF158
 1488 0b13 09       		.byte	0x9
 1489 0b14 2901     		.2byte	0x129
 1490 0b16 1A       		.byte	0x1a
 1491 0b17 5C010000 		.4byte	0x15c
 1492 0b1b 40       		.byte	0x40
 1493 0b1c 00       		.byte	0
 1494 0b1d 03       		.uleb128 0x3
 1495 0b1e D10C0000 		.4byte	.LASF159
 1496 0b22 08       		.byte	0x8
 1497 0b23 39       		.byte	0x39
 1498 0b24 14       		.byte	0x14
 1499 0b25 290B0000 		.4byte	0xb29
 1500 0b29 05       		.uleb128 0x5
 1501 0b2a 04       		.byte	0x4
 1502 0b2b 210A0000 		.4byte	0xa21
 1503 0b2f 03       		.uleb128 0x3
 1504 0b30 FE120000 		.4byte	.LASF160
 1505 0b34 08       		.byte	0x8
 1506 0b35 3E       		.byte	0x3e
 1507 0b36 20       		.byte	0x20
 1508 0b37 3B0B0000 		.4byte	0xb3b
 1509 0b3b 10       		.uleb128 0x10
 1510 0b3c 8A090000 		.4byte	.LASF161
 1511 0b40 04       		.byte	0x4
 1512 0b41 09       		.byte	0x9
 1513 0b42 7C       		.byte	0x7c
 1514 0b43 08       		.byte	0x8
 1515 0b44 560B0000 		.4byte	0xb56
 1516 0b48 0D       		.uleb128 0xd
 1517 0b49 91150000 		.4byte	.LASF162
 1518 0b4d 09       		.byte	0x9
 1519 0b4e 7D       		.byte	0x7d
 1520 0b4f 1A       		.byte	0x1a
 1521 0b50 290B0000 		.4byte	0xb29
 1522 0b54 00       		.byte	0
 1523 0b55 00       		.byte	0
 1524 0b56 03       		.uleb128 0x3
 1525 0b57 1F030000 		.4byte	.LASF163
 1526 0b5b 08       		.byte	0x8
 1527 0b5c 45       		.byte	0x45
 1528 0b5d 21       		.byte	0x21
 1529 0b5e 620B0000 		.4byte	0xb62
 1530 0b62 10       		.uleb128 0x10
 1531 0b63 060F0000 		.4byte	.LASF164
 1532 0b67 08       		.byte	0x8
 1533 0b68 09       		.byte	0x9
 1534 0b69 83       		.byte	0x83
 1535 0b6a 08       		.byte	0x8
 1536 0b6b 8A0B0000 		.4byte	0xb8a
 1537 0b6f 0D       		.uleb128 0xd
 1538 0b70 91150000 		.4byte	.LASF162
 1539 0b74 09       		.byte	0x9
ARM GAS  /tmp/ccFiYdB4.s 			page 28


 1540 0b75 84       		.byte	0x84
 1541 0b76 1A       		.byte	0x1a
 1542 0b77 290B0000 		.4byte	0xb29
 1543 0b7b 00       		.byte	0
 1544 0b7c 0D       		.uleb128 0xd
 1545 0b7d 07150000 		.4byte	.LASF165
 1546 0b81 09       		.byte	0x9
 1547 0b82 85       		.byte	0x85
 1548 0b83 1A       		.byte	0x1a
 1549 0b84 290B0000 		.4byte	0xb29
 1550 0b88 04       		.byte	0x4
 1551 0b89 00       		.byte	0
 1552 0b8a 03       		.uleb128 0x3
 1553 0b8b 00090000 		.4byte	.LASF166
 1554 0b8f 08       		.byte	0x8
 1555 0b90 4C       		.byte	0x4c
 1556 0b91 1E       		.byte	0x1e
 1557 0b92 960B0000 		.4byte	0xb96
 1558 0b96 1B       		.uleb128 0x1b
 1559 0b97 FF060000 		.4byte	.LASF167
 1560 0b9b 18       		.byte	0x18
 1561 0b9c 09       		.byte	0x9
 1562 0b9d 6101     		.2byte	0x161
 1563 0b9f 08       		.byte	0x8
 1564 0ba0 EB0B0000 		.4byte	0xbeb
 1565 0ba4 18       		.uleb128 0x18
 1566 0ba5 6A0F0000 		.4byte	.LASF144
 1567 0ba9 09       		.byte	0x9
 1568 0baa 6201     		.2byte	0x162
 1569 0bac 19       		.byte	0x19
 1570 0bad 560B0000 		.4byte	0xb56
 1571 0bb1 00       		.byte	0
 1572 0bb2 18       		.uleb128 0x18
 1573 0bb3 17020000 		.4byte	.LASF145
 1574 0bb7 09       		.byte	0x9
 1575 0bb8 6301     		.2byte	0x163
 1576 0bba 19       		.byte	0x19
 1577 0bbb D9090000 		.4byte	0x9d9
 1578 0bbf 08       		.byte	0x8
 1579 0bc0 18       		.uleb128 0x18
 1580 0bc1 3B140000 		.4byte	.LASF146
 1581 0bc5 09       		.byte	0x9
 1582 0bc6 6601     		.2byte	0x166
 1583 0bc8 1A       		.byte	0x1a
 1584 0bc9 290B0000 		.4byte	0xb29
 1585 0bcd 0C       		.byte	0xc
 1586 0bce 18       		.uleb128 0x18
 1587 0bcf 0D090000 		.4byte	.LASF147
 1588 0bd3 09       		.byte	0x9
 1589 0bd4 6701     		.2byte	0x167
 1590 0bd6 1A       		.byte	0x1a
 1591 0bd7 290B0000 		.4byte	0xb29
 1592 0bdb 10       		.byte	0x10
 1593 0bdc 18       		.uleb128 0x18
 1594 0bdd 960C0000 		.4byte	.LASF168
 1595 0be1 09       		.byte	0x9
 1596 0be2 6A01     		.2byte	0x16a
ARM GAS  /tmp/ccFiYdB4.s 			page 29


 1597 0be4 1A       		.byte	0x1a
 1598 0be5 290B0000 		.4byte	0xb29
 1599 0be9 14       		.byte	0x14
 1600 0bea 00       		.byte	0
 1601 0beb 03       		.uleb128 0x3
 1602 0bec DA000000 		.4byte	.LASF169
 1603 0bf0 08       		.byte	0x8
 1604 0bf1 51       		.byte	0x51
 1605 0bf2 10       		.byte	0x10
 1606 0bf3 F70B0000 		.4byte	0xbf7
 1607 0bf7 05       		.uleb128 0x5
 1608 0bf8 04       		.byte	0x4
 1609 0bf9 FD0B0000 		.4byte	0xbfd
 1610 0bfd 1F       		.uleb128 0x1f
 1611 0bfe 080C0000 		.4byte	0xc08
 1612 0c02 16       		.uleb128 0x16
 1613 0c03 5C010000 		.4byte	0x15c
 1614 0c07 00       		.byte	0
 1615 0c08 03       		.uleb128 0x3
 1616 0c09 F0080000 		.4byte	.LASF170
 1617 0c0d 08       		.byte	0x8
 1618 0c0e 56       		.byte	0x56
 1619 0c0f 21       		.byte	0x21
 1620 0c10 140C0000 		.4byte	0xc14
 1621 0c14 1B       		.uleb128 0x1b
 1622 0c15 4A0E0000 		.4byte	.LASF171
 1623 0c19 14       		.byte	0x14
 1624 0c1a 09       		.byte	0x9
 1625 0c1b 3C01     		.2byte	0x13c
 1626 0c1d 08       		.byte	0x8
 1627 0c1e 690C0000 		.4byte	0xc69
 1628 0c22 18       		.uleb128 0x18
 1629 0c23 91150000 		.4byte	.LASF162
 1630 0c27 09       		.byte	0x9
 1631 0c28 3D01     		.2byte	0x13d
 1632 0c2a 1A       		.byte	0x1a
 1633 0c2b 89100000 		.4byte	0x1089
 1634 0c2f 00       		.byte	0
 1635 0c30 18       		.uleb128 0x18
 1636 0c31 07150000 		.4byte	.LASF165
 1637 0c35 09       		.byte	0x9
 1638 0c36 3E01     		.2byte	0x13e
 1639 0c38 1A       		.byte	0x1a
 1640 0c39 89100000 		.4byte	0x1089
 1641 0c3d 04       		.byte	0x4
 1642 0c3e 18       		.uleb128 0x18
 1643 0c3f 550F0000 		.4byte	.LASF172
 1644 0c43 09       		.byte	0x9
 1645 0c44 3F01     		.2byte	0x13f
 1646 0c46 19       		.byte	0x19
 1647 0c47 510D0000 		.4byte	0xd51
 1648 0c4b 08       		.byte	0x8
 1649 0c4c 18       		.uleb128 0x18
 1650 0c4d 81110000 		.4byte	.LASF173
 1651 0c51 09       		.byte	0x9
 1652 0c52 4001     		.2byte	0x140
 1653 0c54 19       		.byte	0x19
ARM GAS  /tmp/ccFiYdB4.s 			page 30


 1654 0c55 EB0B0000 		.4byte	0xbeb
 1655 0c59 0C       		.byte	0xc
 1656 0c5a 21       		.uleb128 0x21
 1657 0c5b 70617200 		.ascii	"par\000"
 1658 0c5f 09       		.byte	0x9
 1659 0c60 4201     		.2byte	0x142
 1660 0c62 1A       		.byte	0x1a
 1661 0c63 5C010000 		.4byte	0x15c
 1662 0c67 10       		.byte	0x10
 1663 0c68 00       		.byte	0
 1664 0c69 03       		.uleb128 0x3
 1665 0c6a 67080000 		.4byte	.LASF174
 1666 0c6e 08       		.byte	0x8
 1667 0c6f 5B       		.byte	0x5b
 1668 0c70 28       		.byte	0x28
 1669 0c71 750C0000 		.4byte	0xc75
 1670 0c75 1B       		.uleb128 0x1b
 1671 0c76 F0000000 		.4byte	.LASF175
 1672 0c7a 10       		.byte	0x10
 1673 0c7b 09       		.byte	0x9
 1674 0c7c 4C01     		.2byte	0x14c
 1675 0c7e 08       		.byte	0x8
 1676 0c7f BC0C0000 		.4byte	0xcbc
 1677 0c83 18       		.uleb128 0x18
 1678 0c84 91150000 		.4byte	.LASF162
 1679 0c88 09       		.byte	0x9
 1680 0c89 4D01     		.2byte	0x14d
 1681 0c8b 1A       		.byte	0x1a
 1682 0c8c 89100000 		.4byte	0x1089
 1683 0c90 00       		.byte	0
 1684 0c91 18       		.uleb128 0x18
 1685 0c92 07150000 		.4byte	.LASF165
 1686 0c96 09       		.byte	0x9
 1687 0c97 4F01     		.2byte	0x14f
 1688 0c99 1A       		.byte	0x1a
 1689 0c9a 89100000 		.4byte	0x1089
 1690 0c9e 04       		.byte	0x4
 1691 0c9f 18       		.uleb128 0x18
 1692 0ca0 550F0000 		.4byte	.LASF172
 1693 0ca4 09       		.byte	0x9
 1694 0ca5 5101     		.2byte	0x151
 1695 0ca7 19       		.byte	0x19
 1696 0ca8 510D0000 		.4byte	0xd51
 1697 0cac 08       		.byte	0x8
 1698 0cad 18       		.uleb128 0x18
 1699 0cae 2F040000 		.4byte	.LASF176
 1700 0cb2 09       		.byte	0x9
 1701 0cb3 5901     		.2byte	0x159
 1702 0cb5 19       		.byte	0x19
 1703 0cb6 450D0000 		.4byte	0xd45
 1704 0cba 0C       		.byte	0xc
 1705 0cbb 00       		.byte	0
 1706 0cbc 03       		.uleb128 0x3
 1707 0cbd 9A040000 		.4byte	.LASF177
 1708 0cc1 08       		.byte	0x8
 1709 0cc2 60       		.byte	0x60
 1710 0cc3 20       		.byte	0x20
ARM GAS  /tmp/ccFiYdB4.s 			page 31


 1711 0cc4 C80C0000 		.4byte	0xcc8
 1712 0cc8 1B       		.uleb128 0x1b
 1713 0cc9 F0110000 		.4byte	.LASF178
 1714 0ccd 04       		.byte	0x4
 1715 0cce 09       		.byte	0x9
 1716 0ccf 7101     		.2byte	0x171
 1717 0cd1 08       		.byte	0x8
 1718 0cd2 E50C0000 		.4byte	0xce5
 1719 0cd6 18       		.uleb128 0x18
 1720 0cd7 41040000 		.4byte	.LASF179
 1721 0cdb 09       		.byte	0x9
 1722 0cdc 7901     		.2byte	0x179
 1723 0cde 24       		.byte	0x24
 1724 0cdf 31060000 		.4byte	0x631
 1725 0ce3 00       		.byte	0
 1726 0ce4 00       		.byte	0
 1727 0ce5 03       		.uleb128 0x3
 1728 0ce6 CE140000 		.4byte	.LASF180
 1729 0cea 08       		.byte	0x8
 1730 0ceb 65       		.byte	0x65
 1731 0cec 1A       		.byte	0x1a
 1732 0ced F10C0000 		.4byte	0xcf1
 1733 0cf1 1B       		.uleb128 0x1b
 1734 0cf2 19140000 		.4byte	.LASF181
 1735 0cf6 74       		.byte	0x74
 1736 0cf7 09       		.byte	0x9
 1737 0cf8 9101     		.2byte	0x191
 1738 0cfa 08       		.byte	0x8
 1739 0cfb 450D0000 		.4byte	0xd45
 1740 0cff 18       		.uleb128 0x18
 1741 0d00 9B100000 		.4byte	.LASF182
 1742 0d04 09       		.byte	0x9
 1743 0d05 9501     		.2byte	0x195
 1744 0d07 19       		.byte	0x19
 1745 0d08 8A0B0000 		.4byte	0xb8a
 1746 0d0c 00       		.byte	0
 1747 0d0d 18       		.uleb128 0x18
 1748 0d0e 74120000 		.4byte	.LASF183
 1749 0d12 09       		.byte	0x9
 1750 0d13 9901     		.2byte	0x199
 1751 0d15 19       		.byte	0x19
 1752 0d16 690C0000 		.4byte	0xc69
 1753 0d1a 18       		.byte	0x18
 1754 0d1b 21       		.uleb128 0x21
 1755 0d1c 64626700 		.ascii	"dbg\000"
 1756 0d20 09       		.byte	0x9
 1757 0d21 9D01     		.2byte	0x19d
 1758 0d23 19       		.byte	0x19
 1759 0d24 BC0C0000 		.4byte	0xcbc
 1760 0d28 28       		.byte	0x28
 1761 0d29 18       		.uleb128 0x18
 1762 0d2a A70F0000 		.4byte	.LASF184
 1763 0d2e 09       		.byte	0x9
 1764 0d2f A101     		.2byte	0x1a1
 1765 0d31 19       		.byte	0x19
 1766 0d32 210A0000 		.4byte	0xa21
 1767 0d36 2C       		.byte	0x2c
ARM GAS  /tmp/ccFiYdB4.s 			page 32


 1768 0d37 21       		.uleb128 0x21
 1769 0d38 746D00   		.ascii	"tm\000"
 1770 0d3b 09       		.byte	0x9
 1771 0d3c A601     		.2byte	0x1a6
 1772 0d3e 19       		.byte	0x19
 1773 0d3f 9D0F0000 		.4byte	0xf9d
 1774 0d43 70       		.byte	0x70
 1775 0d44 00       		.byte	0
 1776 0d45 03       		.uleb128 0x3
 1777 0d46 4C000000 		.4byte	.LASF185
 1778 0d4a 0A       		.byte	0xa
 1779 0d4b 6D       		.byte	0x6d
 1780 0d4c 12       		.byte	0x12
 1781 0d4d 8C090000 		.4byte	0x98c
 1782 0d51 03       		.uleb128 0x3
 1783 0d52 730A0000 		.4byte	.LASF186
 1784 0d56 0A       		.byte	0xa
 1785 0d57 79       		.byte	0x79
 1786 0d58 12       		.byte	0x12
 1787 0d59 8C090000 		.4byte	0x98c
 1788 0d5d 20       		.uleb128 0x20
 1789 0d5e 1E0B0000 		.4byte	.LASF187
 1790 0d62 0B       		.byte	0xb
 1791 0d63 0408     		.2byte	0x804
 1792 0d65 19       		.byte	0x19
 1793 0d66 87090000 		.4byte	0x987
 1794 0d6a 22       		.uleb128 0x22
 1795 0d6b 1F080000 		.4byte	.LASF188
 1796 0d6f 0C       		.byte	0xc
 1797 0d70 4C       		.byte	0x4c
 1798 0d71 11       		.byte	0x11
 1799 0d72 8C090000 		.4byte	0x98c
 1800 0d76 0A       		.uleb128 0xa
 1801 0d77 65090000 		.4byte	0x965
 1802 0d7b 860D0000 		.4byte	0xd86
 1803 0d7f 0B       		.uleb128 0xb
 1804 0d80 30000000 		.4byte	0x30
 1805 0d84 0F       		.byte	0xf
 1806 0d85 00       		.byte	0
 1807 0d86 0F       		.uleb128 0xf
 1808 0d87 760D0000 		.4byte	0xd76
 1809 0d8b 22       		.uleb128 0x22
 1810 0d8c 3C0E0000 		.4byte	.LASF189
 1811 0d90 0C       		.byte	0xc
 1812 0d91 4E       		.byte	0x4e
 1813 0d92 17       		.byte	0x17
 1814 0d93 860D0000 		.4byte	0xd86
 1815 0d97 0A       		.uleb128 0xa
 1816 0d98 65090000 		.4byte	0x965
 1817 0d9c A70D0000 		.4byte	0xda7
 1818 0da0 0B       		.uleb128 0xb
 1819 0da1 30000000 		.4byte	0x30
 1820 0da5 07       		.byte	0x7
 1821 0da6 00       		.byte	0
 1822 0da7 0F       		.uleb128 0xf
 1823 0da8 970D0000 		.4byte	0xd97
 1824 0dac 22       		.uleb128 0x22
ARM GAS  /tmp/ccFiYdB4.s 			page 33


 1825 0dad 37110000 		.4byte	.LASF190
 1826 0db1 0C       		.byte	0xc
 1827 0db2 4F       		.byte	0x4f
 1828 0db3 17       		.byte	0x17
 1829 0db4 A70D0000 		.4byte	0xda7
 1830 0db8 0C       		.uleb128 0xc
 1831 0db9 18       		.byte	0x18
 1832 0dba 0D       		.byte	0xd
 1833 0dbb E8       		.byte	0xe8
 1834 0dbc 09       		.byte	0x9
 1835 0dbd 0F0E0000 		.4byte	0xe0f
 1836 0dc1 11       		.uleb128 0x11
 1837 0dc2 435200   		.ascii	"CR\000"
 1838 0dc5 0D       		.byte	0xd
 1839 0dc6 EA       		.byte	0xea
 1840 0dc7 11       		.byte	0x11
 1841 0dc8 98090000 		.4byte	0x998
 1842 0dcc 00       		.byte	0
 1843 0dcd 0D       		.uleb128 0xd
 1844 0dce 36150000 		.4byte	.LASF191
 1845 0dd2 0D       		.byte	0xd
 1846 0dd3 EB       		.byte	0xeb
 1847 0dd4 11       		.byte	0x11
 1848 0dd5 98090000 		.4byte	0x998
 1849 0dd9 04       		.byte	0x4
 1850 0dda 11       		.uleb128 0x11
 1851 0ddb 50415200 		.ascii	"PAR\000"
 1852 0ddf 0D       		.byte	0xd
 1853 0de0 EC       		.byte	0xec
 1854 0de1 11       		.byte	0x11
 1855 0de2 98090000 		.4byte	0x998
 1856 0de6 08       		.byte	0x8
 1857 0de7 0D       		.uleb128 0xd
 1858 0de8 24110000 		.4byte	.LASF192
 1859 0dec 0D       		.byte	0xd
 1860 0ded ED       		.byte	0xed
 1861 0dee 11       		.byte	0x11
 1862 0def 98090000 		.4byte	0x998
 1863 0df3 0C       		.byte	0xc
 1864 0df4 0D       		.uleb128 0xd
 1865 0df5 08000000 		.4byte	.LASF193
 1866 0df9 0D       		.byte	0xd
 1867 0dfa EE       		.byte	0xee
 1868 0dfb 11       		.byte	0x11
 1869 0dfc 98090000 		.4byte	0x998
 1870 0e00 10       		.byte	0x10
 1871 0e01 11       		.uleb128 0x11
 1872 0e02 46435200 		.ascii	"FCR\000"
 1873 0e06 0D       		.byte	0xd
 1874 0e07 EF       		.byte	0xef
 1875 0e08 11       		.byte	0x11
 1876 0e09 98090000 		.4byte	0x998
 1877 0e0d 14       		.byte	0x14
 1878 0e0e 00       		.byte	0
 1879 0e0f 03       		.uleb128 0x3
 1880 0e10 0E0D0000 		.4byte	.LASF194
 1881 0e14 0D       		.byte	0xd
ARM GAS  /tmp/ccFiYdB4.s 			page 34


 1882 0e15 F0       		.byte	0xf0
 1883 0e16 03       		.byte	0x3
 1884 0e17 B80D0000 		.4byte	0xdb8
 1885 0e1b 0A       		.uleb128 0xa
 1886 0e1c 98090000 		.4byte	0x998
 1887 0e20 2B0E0000 		.4byte	0xe2b
 1888 0e24 0B       		.uleb128 0xb
 1889 0e25 30000000 		.4byte	0x30
 1890 0e29 01       		.byte	0x1
 1891 0e2a 00       		.byte	0
 1892 0e2b 1A       		.uleb128 0x1a
 1893 0e2c 1B0E0000 		.4byte	0xe1b
 1894 0e30 0A       		.uleb128 0xa
 1895 0e31 98090000 		.4byte	0x998
 1896 0e35 400E0000 		.4byte	0xe40
 1897 0e39 0B       		.uleb128 0xb
 1898 0e3a 30000000 		.4byte	0x30
 1899 0e3e 03       		.byte	0x3
 1900 0e3f 00       		.byte	0
 1901 0e40 1A       		.uleb128 0x1a
 1902 0e41 300E0000 		.4byte	0xe30
 1903 0e45 1C       		.uleb128 0x1c
 1904 0e46 1C       		.byte	0x1c
 1905 0e47 0D       		.byte	0xd
 1906 0e48 0502     		.2byte	0x205
 1907 0e4a 09       		.byte	0x9
 1908 0e4b B00E0000 		.4byte	0xeb0
 1909 0e4f 21       		.uleb128 0x21
 1910 0e50 535200   		.ascii	"SR\000"
 1911 0e53 0D       		.byte	0xd
 1912 0e54 0702     		.2byte	0x207
 1913 0e56 11       		.byte	0x11
 1914 0e57 98090000 		.4byte	0x998
 1915 0e5b 00       		.byte	0
 1916 0e5c 21       		.uleb128 0x21
 1917 0e5d 445200   		.ascii	"DR\000"
 1918 0e60 0D       		.byte	0xd
 1919 0e61 0802     		.2byte	0x208
 1920 0e63 11       		.byte	0x11
 1921 0e64 98090000 		.4byte	0x998
 1922 0e68 04       		.byte	0x4
 1923 0e69 21       		.uleb128 0x21
 1924 0e6a 42525200 		.ascii	"BRR\000"
 1925 0e6e 0D       		.byte	0xd
 1926 0e6f 0902     		.2byte	0x209
 1927 0e71 11       		.byte	0x11
 1928 0e72 98090000 		.4byte	0x998
 1929 0e76 08       		.byte	0x8
 1930 0e77 21       		.uleb128 0x21
 1931 0e78 43523100 		.ascii	"CR1\000"
 1932 0e7c 0D       		.byte	0xd
 1933 0e7d 0A02     		.2byte	0x20a
 1934 0e7f 11       		.byte	0x11
 1935 0e80 98090000 		.4byte	0x998
 1936 0e84 0C       		.byte	0xc
 1937 0e85 21       		.uleb128 0x21
 1938 0e86 43523200 		.ascii	"CR2\000"
ARM GAS  /tmp/ccFiYdB4.s 			page 35


 1939 0e8a 0D       		.byte	0xd
 1940 0e8b 0B02     		.2byte	0x20b
 1941 0e8d 11       		.byte	0x11
 1942 0e8e 98090000 		.4byte	0x998
 1943 0e92 10       		.byte	0x10
 1944 0e93 21       		.uleb128 0x21
 1945 0e94 43523300 		.ascii	"CR3\000"
 1946 0e98 0D       		.byte	0xd
 1947 0e99 0C02     		.2byte	0x20c
 1948 0e9b 11       		.byte	0x11
 1949 0e9c 98090000 		.4byte	0x998
 1950 0ea0 14       		.byte	0x14
 1951 0ea1 18       		.uleb128 0x18
 1952 0ea2 BD0A0000 		.4byte	.LASF195
 1953 0ea6 0D       		.byte	0xd
 1954 0ea7 0D02     		.2byte	0x20d
 1955 0ea9 11       		.byte	0x11
 1956 0eaa 98090000 		.4byte	0x998
 1957 0eae 18       		.byte	0x18
 1958 0eaf 00       		.byte	0
 1959 0eb0 07       		.uleb128 0x7
 1960 0eb1 A0050000 		.4byte	.LASF196
 1961 0eb5 0D       		.byte	0xd
 1962 0eb6 0E02     		.2byte	0x20e
 1963 0eb8 03       		.byte	0x3
 1964 0eb9 450E0000 		.4byte	0xe45
 1965 0ebd 0A       		.uleb128 0xa
 1966 0ebe 98090000 		.4byte	0x998
 1967 0ec2 CD0E0000 		.4byte	0xecd
 1968 0ec6 0B       		.uleb128 0xb
 1969 0ec7 30000000 		.4byte	0x30
 1970 0ecb 0E       		.byte	0xe
 1971 0ecc 00       		.byte	0
 1972 0ecd 1A       		.uleb128 0x1a
 1973 0ece BD0E0000 		.4byte	0xebd
 1974 0ed2 03       		.uleb128 0x3
 1975 0ed3 95050000 		.4byte	.LASF197
 1976 0ed7 0E       		.byte	0xe
 1977 0ed8 68       		.byte	0x68
 1978 0ed9 12       		.byte	0x12
 1979 0eda 9D090000 		.4byte	0x99d
 1980 0ede 1B       		.uleb128 0x1b
 1981 0edf B40D0000 		.4byte	.LASF198
 1982 0ee3 24       		.byte	0x24
 1983 0ee4 0F       		.byte	0xf
 1984 0ee5 8501     		.2byte	0x185
 1985 0ee7 08       		.byte	0x8
 1986 0ee8 640F0000 		.4byte	0xf64
 1987 0eec 21       		.uleb128 0x21
 1988 0eed 723400   		.ascii	"r4\000"
 1989 0ef0 0F       		.byte	0xf
 1990 0ef1 9E01     		.2byte	0x19e
 1991 0ef3 11       		.byte	0x11
 1992 0ef4 8C090000 		.4byte	0x98c
 1993 0ef8 00       		.byte	0
 1994 0ef9 21       		.uleb128 0x21
 1995 0efa 723500   		.ascii	"r5\000"
ARM GAS  /tmp/ccFiYdB4.s 			page 36


 1996 0efd 0F       		.byte	0xf
 1997 0efe 9F01     		.2byte	0x19f
 1998 0f00 11       		.byte	0x11
 1999 0f01 8C090000 		.4byte	0x98c
 2000 0f05 04       		.byte	0x4
 2001 0f06 21       		.uleb128 0x21
 2002 0f07 723600   		.ascii	"r6\000"
 2003 0f0a 0F       		.byte	0xf
 2004 0f0b A001     		.2byte	0x1a0
 2005 0f0d 11       		.byte	0x11
 2006 0f0e 8C090000 		.4byte	0x98c
 2007 0f12 08       		.byte	0x8
 2008 0f13 21       		.uleb128 0x21
 2009 0f14 723700   		.ascii	"r7\000"
 2010 0f17 0F       		.byte	0xf
 2011 0f18 A101     		.2byte	0x1a1
 2012 0f1a 11       		.byte	0x11
 2013 0f1b 8C090000 		.4byte	0x98c
 2014 0f1f 0C       		.byte	0xc
 2015 0f20 21       		.uleb128 0x21
 2016 0f21 723800   		.ascii	"r8\000"
 2017 0f24 0F       		.byte	0xf
 2018 0f25 A201     		.2byte	0x1a2
 2019 0f27 11       		.byte	0x11
 2020 0f28 8C090000 		.4byte	0x98c
 2021 0f2c 10       		.byte	0x10
 2022 0f2d 21       		.uleb128 0x21
 2023 0f2e 723900   		.ascii	"r9\000"
 2024 0f31 0F       		.byte	0xf
 2025 0f32 A301     		.2byte	0x1a3
 2026 0f34 11       		.byte	0x11
 2027 0f35 8C090000 		.4byte	0x98c
 2028 0f39 14       		.byte	0x14
 2029 0f3a 21       		.uleb128 0x21
 2030 0f3b 72313000 		.ascii	"r10\000"
 2031 0f3f 0F       		.byte	0xf
 2032 0f40 A401     		.2byte	0x1a4
 2033 0f42 11       		.byte	0x11
 2034 0f43 8C090000 		.4byte	0x98c
 2035 0f47 18       		.byte	0x18
 2036 0f48 21       		.uleb128 0x21
 2037 0f49 72313100 		.ascii	"r11\000"
 2038 0f4d 0F       		.byte	0xf
 2039 0f4e A501     		.2byte	0x1a5
 2040 0f50 11       		.byte	0x11
 2041 0f51 8C090000 		.4byte	0x98c
 2042 0f55 1C       		.byte	0x1c
 2043 0f56 21       		.uleb128 0x21
 2044 0f57 6C7200   		.ascii	"lr\000"
 2045 0f5a 0F       		.byte	0xf
 2046 0f5b A601     		.2byte	0x1a6
 2047 0f5d 11       		.byte	0x11
 2048 0f5e 8C090000 		.4byte	0x98c
 2049 0f62 20       		.byte	0x20
 2050 0f63 00       		.byte	0
 2051 0f64 1B       		.uleb128 0x1b
 2052 0f65 F1120000 		.4byte	.LASF199
ARM GAS  /tmp/ccFiYdB4.s 			page 37


 2053 0f69 04       		.byte	0x4
 2054 0f6a 0F       		.byte	0xf
 2055 0f6b A901     		.2byte	0x1a9
 2056 0f6d 08       		.byte	0x8
 2057 0f6e 800F0000 		.4byte	0xf80
 2058 0f72 21       		.uleb128 0x21
 2059 0f73 737000   		.ascii	"sp\000"
 2060 0f76 0F       		.byte	0xf
 2061 0f77 AA01     		.2byte	0x1aa
 2062 0f79 1A       		.byte	0x1a
 2063 0f7a 800F0000 		.4byte	0xf80
 2064 0f7e 00       		.byte	0
 2065 0f7f 00       		.byte	0
 2066 0f80 05       		.uleb128 0x5
 2067 0f81 04       		.byte	0x4
 2068 0f82 DE0E0000 		.4byte	0xede
 2069 0f86 0C       		.uleb128 0xc
 2070 0f87 04       		.byte	0x4
 2071 0f88 10       		.byte	0x10
 2072 0f89 38       		.byte	0x38
 2073 0f8a 09       		.byte	0x9
 2074 0f8b 9D0F0000 		.4byte	0xf9d
 2075 0f8f 0D       		.uleb128 0xd
 2076 0f90 B70C0000 		.4byte	.LASF200
 2077 0f94 10       		.byte	0x10
 2078 0f95 3C       		.byte	0x3c
 2079 0f96 19       		.byte	0x19
 2080 0f97 A9090000 		.4byte	0x9a9
 2081 0f9b 00       		.byte	0
 2082 0f9c 00       		.byte	0
 2083 0f9d 03       		.uleb128 0x3
 2084 0f9e 13110000 		.4byte	.LASF201
 2085 0fa2 10       		.byte	0x10
 2086 0fa3 3D       		.byte	0x3d
 2087 0fa4 03       		.byte	0x3
 2088 0fa5 860F0000 		.4byte	0xf86
 2089 0fa9 08       		.uleb128 0x8
 2090 0faa 04       		.byte	0x4
 2091 0fab 09       		.byte	0x9
 2092 0fac C9       		.byte	0xc9
 2093 0fad 03       		.byte	0x3
 2094 0fae 14100000 		.4byte	0x1014
 2095 0fb2 09       		.uleb128 0x9
 2096 0fb3 8E140000 		.4byte	.LASF202
 2097 0fb7 09       		.byte	0x9
 2098 0fb8 D0       		.byte	0xd0
 2099 0fb9 19       		.byte	0x19
 2100 0fba E5090000 		.4byte	0x9e5
 2101 0fbe 09       		.uleb128 0x9
 2102 0fbf 22020000 		.4byte	.LASF203
 2103 0fc3 09       		.byte	0x9
 2104 0fc4 D7       		.byte	0xd7
 2105 0fc5 19       		.byte	0x19
 2106 0fc6 E5090000 		.4byte	0x9e5
 2107 0fca 09       		.uleb128 0x9
 2108 0fcb 49050000 		.4byte	.LASF204
 2109 0fcf 09       		.byte	0x9
ARM GAS  /tmp/ccFiYdB4.s 			page 38


 2110 0fd0 DE       		.byte	0xde
 2111 0fd1 1A       		.byte	0x1a
 2112 0fd2 5C010000 		.4byte	0x15c
 2113 0fd6 09       		.uleb128 0x9
 2114 0fd7 02040000 		.4byte	.LASF205
 2115 0fdb 09       		.byte	0x9
 2116 0fdc E5       		.byte	0xe5
 2117 0fdd 1A       		.byte	0x1a
 2118 0fde 14100000 		.4byte	0x1014
 2119 0fe2 09       		.uleb128 0x9
 2120 0fe3 AC0D0000 		.4byte	.LASF206
 2121 0fe7 09       		.byte	0x9
 2122 0fe8 EA       		.byte	0xea
 2123 0fe9 19       		.byte	0x19
 2124 0fea E5090000 		.4byte	0x9e5
 2125 0fee 09       		.uleb128 0x9
 2126 0fef DA150000 		.4byte	.LASF207
 2127 0ff3 09       		.byte	0x9
 2128 0ff4 F3       		.byte	0xf3
 2129 0ff5 1A       		.byte	0x1a
 2130 0ff6 42100000 		.4byte	0x1042
 2131 0ffa 09       		.uleb128 0x9
 2132 0ffb E8060000 		.4byte	.LASF208
 2133 0fff 09       		.byte	0x9
 2134 1000 FC       		.byte	0xfc
 2135 1001 1A       		.byte	0x1a
 2136 1002 7D100000 		.4byte	0x107d
 2137 1006 1E       		.uleb128 0x1e
 2138 1007 B4030000 		.4byte	.LASF209
 2139 100b 09       		.byte	0x9
 2140 100c 0401     		.2byte	0x104
 2141 100e 19       		.byte	0x19
 2142 100f F1090000 		.4byte	0x9f1
 2143 1013 00       		.byte	0
 2144 1014 05       		.uleb128 0x5
 2145 1015 04       		.byte	0x4
 2146 1016 1D0B0000 		.4byte	0xb1d
 2147 101a 10       		.uleb128 0x10
 2148 101b 2F080000 		.4byte	.LASF210
 2149 101f 0C       		.byte	0xc
 2150 1020 11       		.byte	0x11
 2151 1021 34       		.byte	0x34
 2152 1022 10       		.byte	0x10
 2153 1023 42100000 		.4byte	0x1042
 2154 1027 0D       		.uleb128 0xd
 2155 1028 6A0F0000 		.4byte	.LASF144
 2156 102c 11       		.byte	0x11
 2157 102d 35       		.byte	0x35
 2158 102e 19       		.byte	0x19
 2159 102f 560B0000 		.4byte	0xb56
 2160 1033 00       		.byte	0
 2161 1034 11       		.uleb128 0x11
 2162 1035 636E7400 		.ascii	"cnt\000"
 2163 1039 11       		.byte	0x11
 2164 103a 37       		.byte	0x37
 2165 103b 19       		.byte	0x19
 2166 103c 090A0000 		.4byte	0xa09
ARM GAS  /tmp/ccFiYdB4.s 			page 39


 2167 1040 08       		.byte	0x8
 2168 1041 00       		.byte	0
 2169 1042 05       		.uleb128 0x5
 2170 1043 04       		.byte	0x4
 2171 1044 1A100000 		.4byte	0x101a
 2172 1048 10       		.uleb128 0x10
 2173 1049 86110000 		.4byte	.LASF211
 2174 104d 10       		.byte	0x10
 2175 104e 12       		.byte	0x12
 2176 104f 39       		.byte	0x39
 2177 1050 08       		.byte	0x8
 2178 1051 7D100000 		.4byte	0x107d
 2179 1055 0D       		.uleb128 0xd
 2180 1056 6A0F0000 		.4byte	.LASF144
 2181 105a 12       		.byte	0x12
 2182 105b 3A       		.byte	0x3a
 2183 105c 19       		.byte	0x19
 2184 105d 560B0000 		.4byte	0xb56
 2185 1061 00       		.byte	0
 2186 1062 0D       		.uleb128 0xd
 2187 1063 67000000 		.4byte	.LASF212
 2188 1067 12       		.byte	0x12
 2189 1068 3C       		.byte	0x3c
 2190 1069 1A       		.byte	0x1a
 2191 106a 290B0000 		.4byte	0xb29
 2192 106e 08       		.byte	0x8
 2193 106f 0D       		.uleb128 0xd
 2194 1070 91150000 		.4byte	.LASF162
 2195 1074 12       		.byte	0x12
 2196 1075 3E       		.byte	0x3e
 2197 1076 1A       		.byte	0x1a
 2198 1077 E0110000 		.4byte	0x11e0
 2199 107b 0C       		.byte	0xc
 2200 107c 00       		.byte	0
 2201 107d 05       		.uleb128 0x5
 2202 107e 04       		.byte	0x4
 2203 107f 48100000 		.4byte	0x1048
 2204 1083 05       		.uleb128 0x5
 2205 1084 04       		.byte	0x4
 2206 1085 D20E0000 		.4byte	0xed2
 2207 1089 05       		.uleb128 0x5
 2208 108a 04       		.byte	0x4
 2209 108b 080C0000 		.4byte	0xc08
 2210 108f 23       		.uleb128 0x23
 2211 1090 636800   		.ascii	"ch\000"
 2212 1093 09       		.byte	0x9
 2213 1094 C801     		.2byte	0x1c8
 2214 1096 14       		.byte	0x14
 2215 1097 E50C0000 		.4byte	0xce5
 2216 109b 0A       		.uleb128 0xa
 2217 109c D20E0000 		.4byte	0xed2
 2218 10a0 A6100000 		.4byte	0x10a6
 2219 10a4 24       		.uleb128 0x24
 2220 10a5 00       		.byte	0
 2221 10a6 20       		.uleb128 0x20
 2222 10a7 7D080000 		.4byte	.LASF213
 2223 10ab 13       		.byte	0x13
ARM GAS  /tmp/ccFiYdB4.s 			page 40


 2224 10ac 1701     		.2byte	0x117
 2225 10ae 13       		.byte	0x13
 2226 10af 9B100000 		.4byte	0x109b
 2227 10b3 0C       		.uleb128 0xc
 2228 10b4 16       		.byte	0x16
 2229 10b5 14       		.byte	0x14
 2230 10b6 34       		.byte	0x34
 2231 10b7 09       		.byte	0x9
 2232 10b8 A7110000 		.4byte	0x11a7
 2233 10bc 0D       		.uleb128 0xd
 2234 10bd B2150000 		.4byte	.LASF214
 2235 10c1 14       		.byte	0x14
 2236 10c2 35       		.byte	0x35
 2237 10c3 0D       		.byte	0xd
 2238 10c4 A7110000 		.4byte	0x11a7
 2239 10c8 00       		.byte	0
 2240 10c9 0D       		.uleb128 0xd
 2241 10ca DC020000 		.4byte	.LASF215
 2242 10ce 14       		.byte	0x14
 2243 10cf 36       		.byte	0x36
 2244 10d0 0D       		.byte	0xd
 2245 10d1 59090000 		.4byte	0x959
 2246 10d5 04       		.byte	0x4
 2247 10d6 0D       		.uleb128 0xd
 2248 10d7 970E0000 		.4byte	.LASF216
 2249 10db 14       		.byte	0x14
 2250 10dc 37       		.byte	0x37
 2251 10dd 0D       		.byte	0xd
 2252 10de 59090000 		.4byte	0x959
 2253 10e2 05       		.byte	0x5
 2254 10e3 0D       		.uleb128 0xd
 2255 10e4 C40F0000 		.4byte	.LASF217
 2256 10e8 14       		.byte	0x14
 2257 10e9 38       		.byte	0x38
 2258 10ea 0D       		.byte	0xd
 2259 10eb 6A090000 		.4byte	0x96a
 2260 10ef 06       		.byte	0x6
 2261 10f0 0D       		.uleb128 0xd
 2262 10f1 1F060000 		.4byte	.LASF218
 2263 10f5 14       		.byte	0x14
 2264 10f6 39       		.byte	0x39
 2265 10f7 0D       		.byte	0xd
 2266 10f8 59090000 		.4byte	0x959
 2267 10fc 08       		.byte	0x8
 2268 10fd 0D       		.uleb128 0xd
 2269 10fe 0C150000 		.4byte	.LASF219
 2270 1102 14       		.byte	0x14
 2271 1103 3A       		.byte	0x3a
 2272 1104 0D       		.byte	0xd
 2273 1105 59090000 		.4byte	0x959
 2274 1109 09       		.byte	0x9
 2275 110a 0D       		.uleb128 0xd
 2276 110b D6070000 		.4byte	.LASF220
 2277 110f 14       		.byte	0x14
 2278 1110 3B       		.byte	0x3b
 2279 1111 0D       		.byte	0xd
 2280 1112 59090000 		.4byte	0x959
ARM GAS  /tmp/ccFiYdB4.s 			page 41


 2281 1116 0A       		.byte	0xa
 2282 1117 0D       		.uleb128 0xd
 2283 1118 27000000 		.4byte	.LASF221
 2284 111c 14       		.byte	0x14
 2285 111d 3C       		.byte	0x3c
 2286 111e 0D       		.byte	0xd
 2287 111f 59090000 		.4byte	0x959
 2288 1123 0B       		.byte	0xb
 2289 1124 0D       		.uleb128 0xd
 2290 1125 00000000 		.4byte	.LASF222
 2291 1129 14       		.byte	0x14
 2292 112a 3D       		.byte	0x3d
 2293 112b 0D       		.byte	0xd
 2294 112c 59090000 		.4byte	0x959
 2295 1130 0C       		.byte	0xc
 2296 1131 0D       		.uleb128 0xd
 2297 1132 670B0000 		.4byte	.LASF223
 2298 1136 14       		.byte	0x14
 2299 1137 3E       		.byte	0x3e
 2300 1138 0D       		.byte	0xd
 2301 1139 59090000 		.4byte	0x959
 2302 113d 0D       		.byte	0xd
 2303 113e 0D       		.uleb128 0xd
 2304 113f 0D020000 		.4byte	.LASF224
 2305 1143 14       		.byte	0x14
 2306 1144 3F       		.byte	0x3f
 2307 1145 0D       		.byte	0xd
 2308 1146 59090000 		.4byte	0x959
 2309 114a 0E       		.byte	0xe
 2310 114b 0D       		.uleb128 0xd
 2311 114c E60E0000 		.4byte	.LASF225
 2312 1150 14       		.byte	0x14
 2313 1151 40       		.byte	0x40
 2314 1152 0D       		.byte	0xd
 2315 1153 59090000 		.4byte	0x959
 2316 1157 0F       		.byte	0xf
 2317 1158 0D       		.uleb128 0xd
 2318 1159 59090000 		.4byte	.LASF226
 2319 115d 14       		.byte	0x14
 2320 115e 41       		.byte	0x41
 2321 115f 0D       		.byte	0xd
 2322 1160 59090000 		.4byte	0x959
 2323 1164 10       		.byte	0x10
 2324 1165 0D       		.uleb128 0xd
 2325 1166 AD070000 		.4byte	.LASF227
 2326 116a 14       		.byte	0x14
 2327 116b 42       		.byte	0x42
 2328 116c 0D       		.byte	0xd
 2329 116d 59090000 		.4byte	0x959
 2330 1171 11       		.byte	0x11
 2331 1172 0D       		.uleb128 0xd
 2332 1173 53150000 		.4byte	.LASF228
 2333 1177 14       		.byte	0x14
 2334 1178 43       		.byte	0x43
 2335 1179 0D       		.byte	0xd
 2336 117a 59090000 		.4byte	0x959
 2337 117e 12       		.byte	0x12
ARM GAS  /tmp/ccFiYdB4.s 			page 42


 2338 117f 0D       		.uleb128 0xd
 2339 1180 80050000 		.4byte	.LASF229
 2340 1184 14       		.byte	0x14
 2341 1185 44       		.byte	0x44
 2342 1186 0D       		.byte	0xd
 2343 1187 59090000 		.4byte	0x959
 2344 118b 13       		.byte	0x13
 2345 118c 0D       		.uleb128 0xd
 2346 118d 56000000 		.4byte	.LASF230
 2347 1191 14       		.byte	0x14
 2348 1192 45       		.byte	0x45
 2349 1193 0D       		.byte	0xd
 2350 1194 59090000 		.4byte	0x959
 2351 1198 14       		.byte	0x14
 2352 1199 0D       		.uleb128 0xd
 2353 119a 84060000 		.4byte	.LASF231
 2354 119e 14       		.byte	0x14
 2355 119f 46       		.byte	0x46
 2356 11a0 0D       		.byte	0xd
 2357 11a1 59090000 		.4byte	0x959
 2358 11a5 15       		.byte	0x15
 2359 11a6 00       		.byte	0
 2360 11a7 0A       		.uleb128 0xa
 2361 11a8 64010000 		.4byte	0x164
 2362 11ac B7110000 		.4byte	0x11b7
 2363 11b0 0B       		.uleb128 0xb
 2364 11b1 30000000 		.4byte	0x30
 2365 11b5 03       		.byte	0x3
 2366 11b6 00       		.byte	0
 2367 11b7 03       		.uleb128 0x3
 2368 11b8 DA140000 		.4byte	.LASF232
 2369 11bc 14       		.byte	0x14
 2370 11bd 47       		.byte	0x47
 2371 11be 03       		.byte	0x3
 2372 11bf B3100000 		.4byte	0x10b3
 2373 11c3 0F       		.uleb128 0xf
 2374 11c4 B7110000 		.4byte	0x11b7
 2375 11c8 22       		.uleb128 0x22
 2376 11c9 7B000000 		.4byte	.LASF233
 2377 11cd 14       		.byte	0x14
 2378 11ce 6C       		.byte	0x6c
 2379 11cf 1D       		.byte	0x1d
 2380 11d0 C3110000 		.4byte	0x11c3
 2381 11d4 03       		.uleb128 0x3
 2382 11d5 D2120000 		.4byte	.LASF234
 2383 11d9 12       		.byte	0x12
 2384 11da 34       		.byte	0x34
 2385 11db 19       		.byte	0x19
 2386 11dc 48100000 		.4byte	0x1048
 2387 11e0 05       		.uleb128 0x5
 2388 11e1 04       		.byte	0x4
 2389 11e2 D4110000 		.4byte	0x11d4
 2390 11e6 03       		.uleb128 0x3
 2391 11e7 02060000 		.4byte	.LASF235
 2392 11eb 15       		.byte	0x15
 2393 11ec 34       		.byte	0x34
 2394 11ed 1F       		.byte	0x1f
ARM GAS  /tmp/ccFiYdB4.s 			page 43


 2395 11ee F2110000 		.4byte	0x11f2
 2396 11f2 10       		.uleb128 0x10
 2397 11f3 7F140000 		.4byte	.LASF236
 2398 11f7 14       		.byte	0x14
 2399 11f8 15       		.byte	0x15
 2400 11f9 39       		.byte	0x39
 2401 11fa 08       		.byte	0x8
 2402 11fb 41120000 		.4byte	0x1241
 2403 11ff 0D       		.uleb128 0xd
 2404 1200 91150000 		.4byte	.LASF162
 2405 1204 15       		.byte	0x15
 2406 1205 3A       		.byte	0x3a
 2407 1206 1A       		.byte	0x1a
 2408 1207 41120000 		.4byte	0x1241
 2409 120b 00       		.byte	0
 2410 120c 0D       		.uleb128 0xd
 2411 120d 2E110000 		.4byte	.LASF237
 2412 1211 15       		.byte	0x15
 2413 1212 3D       		.byte	0x3d
 2414 1213 1A       		.byte	0x1a
 2415 1214 290B0000 		.4byte	0xb29
 2416 1218 04       		.byte	0x4
 2417 1219 0D       		.uleb128 0xd
 2418 121a 8A150000 		.4byte	.LASF238
 2419 121e 15       		.byte	0x15
 2420 121f 3F       		.byte	0x3f
 2421 1220 19       		.byte	0x19
 2422 1221 F1090000 		.4byte	0x9f1
 2423 1225 08       		.byte	0x8
 2424 1226 0D       		.uleb128 0xd
 2425 1227 89050000 		.4byte	.LASF151
 2426 122b 15       		.byte	0x15
 2427 122c 41       		.byte	0x41
 2428 122d 19       		.byte	0x19
 2429 122e FD090000 		.4byte	0x9fd
 2430 1232 0C       		.byte	0xc
 2431 1233 0D       		.uleb128 0xd
 2432 1234 8E0D0000 		.4byte	.LASF239
 2433 1238 15       		.byte	0x15
 2434 1239 43       		.byte	0x43
 2435 123a 19       		.byte	0x19
 2436 123b FD090000 		.4byte	0x9fd
 2437 123f 10       		.byte	0x10
 2438 1240 00       		.byte	0
 2439 1241 05       		.uleb128 0x5
 2440 1242 04       		.byte	0x4
 2441 1243 E6110000 		.4byte	0x11e6
 2442 1247 10       		.uleb128 0x10
 2443 1248 66110000 		.4byte	.LASF240
 2444 124c 04       		.byte	0x4
 2445 124d 15       		.byte	0x15
 2446 124e 4A       		.byte	0x4a
 2447 124f 10       		.byte	0x10
 2448 1250 62120000 		.4byte	0x1262
 2449 1254 0D       		.uleb128 0xd
 2450 1255 91150000 		.4byte	.LASF162
 2451 1259 15       		.byte	0x15
ARM GAS  /tmp/ccFiYdB4.s 			page 44


 2452 125a 4B       		.byte	0x4b
 2453 125b 1A       		.byte	0x1a
 2454 125c 41120000 		.4byte	0x1241
 2455 1260 00       		.byte	0
 2456 1261 00       		.byte	0
 2457 1262 03       		.uleb128 0x3
 2458 1263 D10A0000 		.4byte	.LASF241
 2459 1267 15       		.byte	0x15
 2460 1268 4E       		.byte	0x4e
 2461 1269 03       		.byte	0x3
 2462 126a 47120000 		.4byte	0x1247
 2463 126e 04       		.uleb128 0x4
 2464 126f 01       		.byte	0x1
 2465 1270 02       		.byte	0x2
 2466 1271 C3040000 		.4byte	.LASF242
 2467 1275 03       		.uleb128 0x3
 2468 1276 560D0000 		.4byte	.LASF243
 2469 127a 16       		.byte	0x16
 2470 127b 47       		.byte	0x47
 2471 127c 11       		.byte	0x11
 2472 127d 81120000 		.4byte	0x1281
 2473 1281 05       		.uleb128 0x5
 2474 1282 04       		.byte	0x4
 2475 1283 87120000 		.4byte	0x1287
 2476 1287 15       		.uleb128 0x15
 2477 1288 5C010000 		.4byte	0x15c
 2478 128c 9B120000 		.4byte	0x129b
 2479 1290 16       		.uleb128 0x16
 2480 1291 24000000 		.4byte	0x24
 2481 1295 16       		.uleb128 0x16
 2482 1296 30000000 		.4byte	0x30
 2483 129a 00       		.byte	0
 2484 129b 0C       		.uleb128 0xc
 2485 129c 08       		.byte	0x8
 2486 129d 16       		.byte	0x16
 2487 129e 51       		.byte	0x51
 2488 129f 09       		.byte	0x9
 2489 12a0 BF120000 		.4byte	0x12bf
 2490 12a4 0D       		.uleb128 0xd
 2491 12a5 E9120000 		.4byte	.LASF244
 2492 12a9 16       		.byte	0x16
 2493 12aa 55       		.byte	0x55
 2494 12ab 0C       		.byte	0xc
 2495 12ac BF120000 		.4byte	0x12bf
 2496 12b0 00       		.byte	0
 2497 12b1 0D       		.uleb128 0xd
 2498 12b2 420F0000 		.4byte	.LASF245
 2499 12b6 16       		.byte	0x16
 2500 12b7 59       		.byte	0x59
 2501 12b8 0C       		.byte	0xc
 2502 12b9 BF120000 		.4byte	0x12bf
 2503 12bd 04       		.byte	0x4
 2504 12be 00       		.byte	0
 2505 12bf 05       		.uleb128 0x5
 2506 12c0 04       		.byte	0x4
 2507 12c1 59090000 		.4byte	0x959
 2508 12c5 03       		.uleb128 0x3
ARM GAS  /tmp/ccFiYdB4.s 			page 45


 2509 12c6 9E030000 		.4byte	.LASF246
 2510 12ca 16       		.byte	0x16
 2511 12cb 5A       		.byte	0x5a
 2512 12cc 03       		.byte	0x3
 2513 12cd 9B120000 		.4byte	0x129b
 2514 12d1 22       		.uleb128 0x22
 2515 12d2 48150000 		.4byte	.LASF247
 2516 12d6 16       		.byte	0x16
 2517 12d7 75       		.byte	0x75
 2518 12d8 12       		.byte	0x12
 2519 12d9 C5120000 		.4byte	0x12c5
 2520 12dd 10       		.uleb128 0x10
 2521 12de 6B090000 		.4byte	.LASF248
 2522 12e2 04       		.byte	0x4
 2523 12e3 17       		.byte	0x17
 2524 12e4 38       		.byte	0x38
 2525 12e5 08       		.byte	0x8
 2526 12e6 F8120000 		.4byte	0x12f8
 2527 12ea 0D       		.uleb128 0xd
 2528 12eb 91150000 		.4byte	.LASF162
 2529 12ef 17       		.byte	0x17
 2530 12f0 39       		.byte	0x39
 2531 12f1 1A       		.byte	0x1a
 2532 12f2 F8120000 		.4byte	0x12f8
 2533 12f6 00       		.byte	0
 2534 12f7 00       		.byte	0
 2535 12f8 05       		.uleb128 0x5
 2536 12f9 04       		.byte	0x4
 2537 12fa DD120000 		.4byte	0x12dd
 2538 12fe 0C       		.uleb128 0xc
 2539 12ff 10       		.byte	0x10
 2540 1300 17       		.byte	0x17
 2541 1301 40       		.byte	0x40
 2542 1302 09       		.byte	0x9
 2543 1303 3C130000 		.4byte	0x133c
 2544 1307 0D       		.uleb128 0xd
 2545 1308 91150000 		.4byte	.LASF162
 2546 130c 17       		.byte	0x17
 2547 130d 41       		.byte	0x41
 2548 130e 1A       		.byte	0x1a
 2549 130f F8120000 		.4byte	0x12f8
 2550 1313 00       		.byte	0
 2551 1314 0D       		.uleb128 0xd
 2552 1315 53120000 		.4byte	.LASF249
 2553 1319 17       		.byte	0x17
 2554 131a 42       		.byte	0x42
 2555 131b 19       		.byte	0x19
 2556 131c 24000000 		.4byte	0x24
 2557 1320 04       		.byte	0x4
 2558 1321 0D       		.uleb128 0xd
 2559 1322 090B0000 		.4byte	.LASF250
 2560 1326 17       		.byte	0x17
 2561 1327 44       		.byte	0x44
 2562 1328 19       		.byte	0x19
 2563 1329 30000000 		.4byte	0x30
 2564 132d 08       		.byte	0x8
 2565 132e 0D       		.uleb128 0xd
ARM GAS  /tmp/ccFiYdB4.s 			page 46


 2566 132f 84000000 		.4byte	.LASF251
 2567 1333 17       		.byte	0x17
 2568 1334 45       		.byte	0x45
 2569 1335 19       		.byte	0x19
 2570 1336 75120000 		.4byte	0x1275
 2571 133a 0C       		.byte	0xc
 2572 133b 00       		.byte	0
 2573 133c 03       		.uleb128 0x3
 2574 133d 51100000 		.4byte	.LASF252
 2575 1341 17       		.byte	0x17
 2576 1342 47       		.byte	0x47
 2577 1343 03       		.byte	0x3
 2578 1344 FE120000 		.4byte	0x12fe
 2579 1348 10       		.uleb128 0x10
 2580 1349 59010000 		.4byte	.LASF253
 2581 134d 10       		.byte	0x10
 2582 134e 18       		.byte	0x18
 2583 134f A9       		.byte	0xa9
 2584 1350 10       		.byte	0x10
 2585 1351 7D130000 		.4byte	0x137d
 2586 1355 0D       		.uleb128 0xd
 2587 1356 91150000 		.4byte	.LASF162
 2588 135a 18       		.byte	0x18
 2589 135b AD       		.byte	0xad
 2590 135c 1A       		.byte	0x1a
 2591 135d 7D130000 		.4byte	0x137d
 2592 1361 00       		.byte	0
 2593 1362 0D       		.uleb128 0xd
 2594 1363 B20B0000 		.4byte	.LASF152
 2595 1367 18       		.byte	0x18
 2596 1368 B1       		.byte	0xb1
 2597 1369 19       		.byte	0x19
 2598 136a 150A0000 		.4byte	0xa15
 2599 136e 04       		.byte	0x4
 2600 136f 0D       		.uleb128 0xd
 2601 1370 29110000 		.4byte	.LASF148
 2602 1374 18       		.byte	0x18
 2603 1375 B3       		.byte	0xb3
 2604 1376 19       		.byte	0x19
 2605 1377 5A080000 		.4byte	0x85a
 2606 137b 08       		.byte	0x8
 2607 137c 00       		.byte	0
 2608 137d 05       		.uleb128 0x5
 2609 137e 04       		.byte	0x4
 2610 137f 48130000 		.4byte	0x1348
 2611 1383 03       		.uleb128 0x3
 2612 1384 B4120000 		.4byte	.LASF254
 2613 1388 18       		.byte	0x18
 2614 1389 B7       		.byte	0xb7
 2615 138a 03       		.byte	0x3
 2616 138b 48130000 		.4byte	0x1348
 2617 138f 10       		.uleb128 0x10
 2618 1390 A6150000 		.4byte	.LASF255
 2619 1394 04       		.byte	0x4
 2620 1395 18       		.byte	0x18
 2621 1396 BC       		.byte	0xbc
 2622 1397 10       		.byte	0x10
ARM GAS  /tmp/ccFiYdB4.s 			page 47


 2623 1398 AA130000 		.4byte	0x13aa
 2624 139c 0D       		.uleb128 0xd
 2625 139d 91150000 		.4byte	.LASF162
 2626 13a1 18       		.byte	0x18
 2627 13a2 BD       		.byte	0xbd
 2628 13a3 1A       		.byte	0x1a
 2629 13a4 AA130000 		.4byte	0x13aa
 2630 13a8 00       		.byte	0
 2631 13a9 00       		.byte	0
 2632 13aa 05       		.uleb128 0x5
 2633 13ab 04       		.byte	0x4
 2634 13ac 83130000 		.4byte	0x1383
 2635 13b0 03       		.uleb128 0x3
 2636 13b1 00120000 		.4byte	.LASF256
 2637 13b5 18       		.byte	0x18
 2638 13b6 BE       		.byte	0xbe
 2639 13b7 03       		.byte	0x3
 2640 13b8 8F130000 		.4byte	0x138f
 2641 13bc 1B       		.uleb128 0x1b
 2642 13bd 910A0000 		.4byte	.LASF257
 2643 13c1 48       		.byte	0x48
 2644 13c2 18       		.byte	0x18
 2645 13c3 2001     		.2byte	0x120
 2646 13c5 10       		.byte	0x10
 2647 13c6 49140000 		.4byte	0x1449
 2648 13ca 21       		.uleb128 0x21
 2649 13cb 6D747800 		.ascii	"mtx\000"
 2650 13cf 18       		.byte	0x18
 2651 13d0 2501     		.2byte	0x125
 2652 13d2 19       		.byte	0x19
 2653 13d3 D4110000 		.4byte	0x11d4
 2654 13d7 00       		.byte	0
 2655 13d8 18       		.uleb128 0x18
 2656 13d9 CF010000 		.4byte	.LASF258
 2657 13dd 18       		.byte	0x18
 2658 13de 2C01     		.2byte	0x12c
 2659 13e0 19       		.byte	0x19
 2660 13e1 B0130000 		.4byte	0x13b0
 2661 13e5 10       		.byte	0x10
 2662 13e6 18       		.uleb128 0x18
 2663 13e7 5E030000 		.4byte	.LASF259
 2664 13eb 18       		.byte	0x18
 2665 13ec 3001     		.2byte	0x130
 2666 13ee 19       		.byte	0x19
 2667 13ef 3C130000 		.4byte	0x133c
 2668 13f3 14       		.byte	0x14
 2669 13f4 18       		.uleb128 0x18
 2670 13f5 F30D0000 		.4byte	.LASF260
 2671 13f9 18       		.byte	0x18
 2672 13fa 3501     		.2byte	0x135
 2673 13fc 19       		.byte	0x19
 2674 13fd B0130000 		.4byte	0x13b0
 2675 1401 24       		.byte	0x24
 2676 1402 18       		.uleb128 0x18
 2677 1403 21050000 		.4byte	.LASF261
 2678 1407 18       		.byte	0x18
 2679 1408 3B01     		.2byte	0x13b
ARM GAS  /tmp/ccFiYdB4.s 			page 48


 2680 140a 19       		.byte	0x19
 2681 140b B0130000 		.4byte	0x13b0
 2682 140f 28       		.byte	0x28
 2683 1410 18       		.uleb128 0x18
 2684 1411 2C070000 		.4byte	.LASF262
 2685 1415 18       		.byte	0x18
 2686 1416 3F01     		.2byte	0x13f
 2687 1418 19       		.byte	0x19
 2688 1419 3C130000 		.4byte	0x133c
 2689 141d 2C       		.byte	0x2c
 2690 141e 18       		.uleb128 0x18
 2691 141f 9E0F0000 		.4byte	.LASF263
 2692 1423 18       		.byte	0x18
 2693 1424 4501     		.2byte	0x145
 2694 1426 19       		.byte	0x19
 2695 1427 B0130000 		.4byte	0x13b0
 2696 142b 3C       		.byte	0x3c
 2697 142c 18       		.uleb128 0x18
 2698 142d DA080000 		.4byte	.LASF264
 2699 1431 18       		.byte	0x18
 2700 1432 4B01     		.2byte	0x14b
 2701 1434 19       		.byte	0x19
 2702 1435 B0130000 		.4byte	0x13b0
 2703 1439 40       		.byte	0x40
 2704 143a 18       		.uleb128 0x18
 2705 143b 93060000 		.4byte	.LASF265
 2706 143f 18       		.byte	0x18
 2707 1440 5101     		.2byte	0x151
 2708 1442 19       		.byte	0x19
 2709 1443 B0130000 		.4byte	0x13b0
 2710 1447 44       		.byte	0x44
 2711 1448 00       		.byte	0
 2712 1449 07       		.uleb128 0x7
 2713 144a C00D0000 		.4byte	.LASF266
 2714 144e 18       		.byte	0x18
 2715 144f 5301     		.2byte	0x153
 2716 1451 03       		.byte	0x3
 2717 1452 BC130000 		.4byte	0x13bc
 2718 1456 20       		.uleb128 0x20
 2719 1457 840F0000 		.4byte	.LASF267
 2720 145b 18       		.byte	0x18
 2721 145c 5E01     		.2byte	0x15e
 2722 145e 1A       		.byte	0x1a
 2723 145f 49140000 		.4byte	0x1449
 2724 1463 1C       		.uleb128 0x1c
 2725 1464 0C       		.byte	0xc
 2726 1465 19       		.byte	0x19
 2727 1466 A201     		.2byte	0x1a2
 2728 1468 09       		.byte	0x9
 2729 1469 C2140000 		.4byte	0x14c2
 2730 146d 18       		.uleb128 0x18
 2731 146e D1050000 		.4byte	.LASF268
 2732 1472 19       		.byte	0x19
 2733 1473 A301     		.2byte	0x1a3
 2734 1475 1A       		.byte	0x1a
 2735 1476 C2140000 		.4byte	0x14c2
 2736 147a 00       		.byte	0
ARM GAS  /tmp/ccFiYdB4.s 			page 49


 2737 147b 18       		.uleb128 0x18
 2738 147c 3B150000 		.4byte	.LASF269
 2739 1480 19       		.byte	0x19
 2740 1481 A401     		.2byte	0x1a4
 2741 1483 1A       		.byte	0x1a
 2742 1484 C8140000 		.4byte	0x14c8
 2743 1488 04       		.byte	0x4
 2744 1489 18       		.uleb128 0x18
 2745 148a CD100000 		.4byte	.LASF270
 2746 148e 19       		.byte	0x19
 2747 148f A801     		.2byte	0x1a8
 2748 1491 19       		.byte	0x19
 2749 1492 59090000 		.4byte	0x959
 2750 1496 08       		.byte	0x8
 2751 1497 18       		.uleb128 0x18
 2752 1498 3C080000 		.4byte	.LASF271
 2753 149c 19       		.byte	0x19
 2754 149d AA01     		.2byte	0x1aa
 2755 149f 19       		.byte	0x19
 2756 14a0 59090000 		.4byte	0x959
 2757 14a4 09       		.byte	0x9
 2758 14a5 18       		.uleb128 0x18
 2759 14a6 710B0000 		.4byte	.LASF272
 2760 14aa 19       		.byte	0x19
 2761 14ab AC01     		.2byte	0x1ac
 2762 14ad 19       		.byte	0x19
 2763 14ae 59090000 		.4byte	0x959
 2764 14b2 0A       		.byte	0xa
 2765 14b3 18       		.uleb128 0x18
 2766 14b4 700F0000 		.4byte	.LASF273
 2767 14b8 19       		.byte	0x19
 2768 14b9 AD01     		.2byte	0x1ad
 2769 14bb 19       		.byte	0x19
 2770 14bc 59090000 		.4byte	0x959
 2771 14c0 0B       		.byte	0xb
 2772 14c1 00       		.byte	0
 2773 14c2 05       		.uleb128 0x5
 2774 14c3 04       		.byte	0x4
 2775 14c4 0F0E0000 		.4byte	0xe0f
 2776 14c8 05       		.uleb128 0x5
 2777 14c9 04       		.byte	0x4
 2778 14ca 98090000 		.4byte	0x998
 2779 14ce 07       		.uleb128 0x7
 2780 14cf 0D000000 		.4byte	.LASF274
 2781 14d3 19       		.byte	0x19
 2782 14d4 AE01     		.2byte	0x1ae
 2783 14d6 03       		.byte	0x3
 2784 14d7 63140000 		.4byte	0x1463
 2785 14db 0F       		.uleb128 0xf
 2786 14dc CE140000 		.4byte	0x14ce
 2787 14e0 0A       		.uleb128 0xa
 2788 14e1 DB140000 		.4byte	0x14db
 2789 14e5 F0140000 		.4byte	0x14f0
 2790 14e9 0B       		.uleb128 0xb
 2791 14ea 30000000 		.4byte	0x30
 2792 14ee 0F       		.byte	0xf
 2793 14ef 00       		.byte	0
ARM GAS  /tmp/ccFiYdB4.s 			page 50


 2794 14f0 0F       		.uleb128 0xf
 2795 14f1 E0140000 		.4byte	0x14e0
 2796 14f5 20       		.uleb128 0x20
 2797 14f6 9D080000 		.4byte	.LASF275
 2798 14fa 19       		.byte	0x19
 2799 14fb 9002     		.2byte	0x290
 2800 14fd 21       		.byte	0x21
 2801 14fe F0140000 		.4byte	0x14f0
 2802 1502 1C       		.uleb128 0x1c
 2803 1503 60       		.byte	0x60
 2804 1504 1A       		.byte	0x1a
 2805 1505 F601     		.2byte	0x1f6
 2806 1507 09       		.byte	0x9
 2807 1508 23160000 		.4byte	0x1623
 2808 150c 21       		.uleb128 0x21
 2809 150d 43523100 		.ascii	"CR1\000"
 2810 1511 1A       		.byte	0x1a
 2811 1512 F701     		.2byte	0x1f7
 2812 1514 19       		.byte	0x19
 2813 1515 98090000 		.4byte	0x998
 2814 1519 00       		.byte	0
 2815 151a 21       		.uleb128 0x21
 2816 151b 43523200 		.ascii	"CR2\000"
 2817 151f 1A       		.byte	0x1a
 2818 1520 F801     		.2byte	0x1f8
 2819 1522 19       		.byte	0x19
 2820 1523 98090000 		.4byte	0x998
 2821 1527 04       		.byte	0x4
 2822 1528 18       		.uleb128 0x18
 2823 1529 C3030000 		.4byte	.LASF276
 2824 152d 1A       		.byte	0x1a
 2825 152e F901     		.2byte	0x1f9
 2826 1530 19       		.byte	0x19
 2827 1531 98090000 		.4byte	0x998
 2828 1535 08       		.byte	0x8
 2829 1536 18       		.uleb128 0x18
 2830 1537 68070000 		.4byte	.LASF277
 2831 153b 1A       		.byte	0x1a
 2832 153c FA01     		.2byte	0x1fa
 2833 153e 19       		.byte	0x19
 2834 153f 98090000 		.4byte	0x998
 2835 1543 0C       		.byte	0xc
 2836 1544 21       		.uleb128 0x21
 2837 1545 535200   		.ascii	"SR\000"
 2838 1548 1A       		.byte	0x1a
 2839 1549 FB01     		.2byte	0x1fb
 2840 154b 19       		.byte	0x19
 2841 154c 98090000 		.4byte	0x998
 2842 1550 10       		.byte	0x10
 2843 1551 21       		.uleb128 0x21
 2844 1552 45475200 		.ascii	"EGR\000"
 2845 1556 1A       		.byte	0x1a
 2846 1557 FC01     		.2byte	0x1fc
 2847 1559 19       		.byte	0x19
 2848 155a 98090000 		.4byte	0x998
 2849 155e 14       		.byte	0x14
 2850 155f 18       		.uleb128 0x18
ARM GAS  /tmp/ccFiYdB4.s 			page 51


 2851 1560 DD040000 		.4byte	.LASF278
 2852 1564 1A       		.byte	0x1a
 2853 1565 FD01     		.2byte	0x1fd
 2854 1567 19       		.byte	0x19
 2855 1568 98090000 		.4byte	0x998
 2856 156c 18       		.byte	0x18
 2857 156d 18       		.uleb128 0x18
 2858 156e E3040000 		.4byte	.LASF279
 2859 1572 1A       		.byte	0x1a
 2860 1573 FE01     		.2byte	0x1fe
 2861 1575 19       		.byte	0x19
 2862 1576 98090000 		.4byte	0x998
 2863 157a 1C       		.byte	0x1c
 2864 157b 18       		.uleb128 0x18
 2865 157c 350F0000 		.4byte	.LASF280
 2866 1580 1A       		.byte	0x1a
 2867 1581 FF01     		.2byte	0x1ff
 2868 1583 19       		.byte	0x19
 2869 1584 98090000 		.4byte	0x998
 2870 1588 20       		.byte	0x20
 2871 1589 21       		.uleb128 0x21
 2872 158a 434E5400 		.ascii	"CNT\000"
 2873 158e 1A       		.byte	0x1a
 2874 158f 0002     		.2byte	0x200
 2875 1591 19       		.byte	0x19
 2876 1592 98090000 		.4byte	0x998
 2877 1596 24       		.byte	0x24
 2878 1597 21       		.uleb128 0x21
 2879 1598 50534300 		.ascii	"PSC\000"
 2880 159c 1A       		.byte	0x1a
 2881 159d 0102     		.2byte	0x201
 2882 159f 19       		.byte	0x19
 2883 15a0 98090000 		.4byte	0x998
 2884 15a4 28       		.byte	0x28
 2885 15a5 21       		.uleb128 0x21
 2886 15a6 41525200 		.ascii	"ARR\000"
 2887 15aa 1A       		.byte	0x1a
 2888 15ab 0202     		.2byte	0x202
 2889 15ad 19       		.byte	0x19
 2890 15ae 98090000 		.4byte	0x998
 2891 15b2 2C       		.byte	0x2c
 2892 15b3 21       		.uleb128 0x21
 2893 15b4 52435200 		.ascii	"RCR\000"
 2894 15b8 1A       		.byte	0x1a
 2895 15b9 0302     		.2byte	0x203
 2896 15bb 19       		.byte	0x19
 2897 15bc 98090000 		.4byte	0x998
 2898 15c0 30       		.byte	0x30
 2899 15c1 21       		.uleb128 0x21
 2900 15c2 43435200 		.ascii	"CCR\000"
 2901 15c6 1A       		.byte	0x1a
 2902 15c7 0402     		.2byte	0x204
 2903 15c9 19       		.byte	0x19
 2904 15ca 400E0000 		.4byte	0xe40
 2905 15ce 34       		.byte	0x34
 2906 15cf 18       		.uleb128 0x18
 2907 15d0 41140000 		.4byte	.LASF281
ARM GAS  /tmp/ccFiYdB4.s 			page 52


 2908 15d4 1A       		.byte	0x1a
 2909 15d5 0502     		.2byte	0x205
 2910 15d7 19       		.byte	0x19
 2911 15d8 98090000 		.4byte	0x998
 2912 15dc 44       		.byte	0x44
 2913 15dd 21       		.uleb128 0x21
 2914 15de 44435200 		.ascii	"DCR\000"
 2915 15e2 1A       		.byte	0x1a
 2916 15e3 0602     		.2byte	0x206
 2917 15e5 19       		.byte	0x19
 2918 15e6 98090000 		.4byte	0x998
 2919 15ea 48       		.byte	0x48
 2920 15eb 18       		.uleb128 0x18
 2921 15ec E6010000 		.4byte	.LASF282
 2922 15f0 1A       		.byte	0x1a
 2923 15f1 0702     		.2byte	0x207
 2924 15f3 19       		.byte	0x19
 2925 15f4 98090000 		.4byte	0x998
 2926 15f8 4C       		.byte	0x4c
 2927 15f9 21       		.uleb128 0x21
 2928 15fa 4F5200   		.ascii	"OR\000"
 2929 15fd 1A       		.byte	0x1a
 2930 15fe 0802     		.2byte	0x208
 2931 1600 19       		.byte	0x19
 2932 1601 98090000 		.4byte	0x998
 2933 1605 50       		.byte	0x50
 2934 1606 18       		.uleb128 0x18
 2935 1607 E9040000 		.4byte	.LASF283
 2936 160b 1A       		.byte	0x1a
 2937 160c 0902     		.2byte	0x209
 2938 160e 19       		.byte	0x19
 2939 160f 98090000 		.4byte	0x998
 2940 1613 54       		.byte	0x54
 2941 1614 18       		.uleb128 0x18
 2942 1615 34060000 		.4byte	.LASF284
 2943 1619 1A       		.byte	0x1a
 2944 161a 0A02     		.2byte	0x20a
 2945 161c 19       		.byte	0x19
 2946 161d 2B0E0000 		.4byte	0xe2b
 2947 1621 58       		.byte	0x58
 2948 1622 00       		.byte	0
 2949 1623 07       		.uleb128 0x7
 2950 1624 3A090000 		.4byte	.LASF285
 2951 1628 1A       		.byte	0x1a
 2952 1629 0B02     		.2byte	0x20b
 2953 162b 03       		.byte	0x3
 2954 162c 02150000 		.4byte	0x1502
 2955 1630 10       		.uleb128 0x10
 2956 1631 83100000 		.4byte	.LASF286
 2957 1635 14       		.byte	0x14
 2958 1636 1B       		.byte	0x1b
 2959 1637 48       		.byte	0x48
 2960 1638 08       		.byte	0x8
 2961 1639 7F160000 		.4byte	0x167f
 2962 163d 0D       		.uleb128 0xd
 2963 163e 57140000 		.4byte	.LASF287
 2964 1642 1B       		.byte	0x1b
ARM GAS  /tmp/ccFiYdB4.s 			page 53


 2965 1643 49       		.byte	0x49
 2966 1644 03       		.byte	0x3
 2967 1645 24000000 		.4byte	0x24
 2968 1649 00       		.byte	0
 2969 164a 0D       		.uleb128 0xd
 2970 164b 53090000 		.4byte	.LASF288
 2971 164f 1B       		.byte	0x1b
 2972 1650 49       		.byte	0x49
 2973 1651 03       		.byte	0x3
 2974 1652 A3160000 		.4byte	0x16a3
 2975 1656 04       		.byte	0x4
 2976 1657 0D       		.uleb128 0xd
 2977 1658 620B0000 		.4byte	.LASF289
 2978 165c 1B       		.byte	0x1b
 2979 165d 49       		.byte	0x49
 2980 165e 03       		.byte	0x3
 2981 165f C2160000 		.4byte	0x16c2
 2982 1663 08       		.byte	0x8
 2983 1664 11       		.uleb128 0x11
 2984 1665 70757400 		.ascii	"put\000"
 2985 1669 1B       		.byte	0x1b
 2986 166a 49       		.byte	0x49
 2987 166b 03       		.byte	0x3
 2988 166c DC160000 		.4byte	0x16dc
 2989 1670 0C       		.byte	0xc
 2990 1671 11       		.uleb128 0x11
 2991 1672 67657400 		.ascii	"get\000"
 2992 1676 1B       		.byte	0x1b
 2993 1677 49       		.byte	0x49
 2994 1678 03       		.byte	0x3
 2995 1679 F1160000 		.4byte	0x16f1
 2996 167d 10       		.byte	0x10
 2997 167e 00       		.byte	0
 2998 167f 0F       		.uleb128 0xf
 2999 1680 30160000 		.4byte	0x1630
 3000 1684 15       		.uleb128 0x15
 3001 1685 24000000 		.4byte	0x24
 3002 1689 9D160000 		.4byte	0x169d
 3003 168d 16       		.uleb128 0x16
 3004 168e 5C010000 		.4byte	0x15c
 3005 1692 16       		.uleb128 0x16
 3006 1693 9D160000 		.4byte	0x169d
 3007 1697 16       		.uleb128 0x16
 3008 1698 24000000 		.4byte	0x24
 3009 169c 00       		.byte	0
 3010 169d 05       		.uleb128 0x5
 3011 169e 04       		.byte	0x4
 3012 169f 65090000 		.4byte	0x965
 3013 16a3 05       		.uleb128 0x5
 3014 16a4 04       		.byte	0x4
 3015 16a5 84160000 		.4byte	0x1684
 3016 16a9 15       		.uleb128 0x15
 3017 16aa 24000000 		.4byte	0x24
 3018 16ae C2160000 		.4byte	0x16c2
 3019 16b2 16       		.uleb128 0x16
 3020 16b3 5C010000 		.4byte	0x15c
 3021 16b7 16       		.uleb128 0x16
ARM GAS  /tmp/ccFiYdB4.s 			page 54


 3022 16b8 BF120000 		.4byte	0x12bf
 3023 16bc 16       		.uleb128 0x16
 3024 16bd 24000000 		.4byte	0x24
 3025 16c1 00       		.byte	0
 3026 16c2 05       		.uleb128 0x5
 3027 16c3 04       		.byte	0x4
 3028 16c4 A9160000 		.4byte	0x16a9
 3029 16c8 15       		.uleb128 0x15
 3030 16c9 E5090000 		.4byte	0x9e5
 3031 16cd DC160000 		.4byte	0x16dc
 3032 16d1 16       		.uleb128 0x16
 3033 16d2 5C010000 		.4byte	0x15c
 3034 16d6 16       		.uleb128 0x16
 3035 16d7 59090000 		.4byte	0x959
 3036 16db 00       		.byte	0
 3037 16dc 05       		.uleb128 0x5
 3038 16dd 04       		.byte	0x4
 3039 16de C8160000 		.4byte	0x16c8
 3040 16e2 15       		.uleb128 0x15
 3041 16e3 E5090000 		.4byte	0x9e5
 3042 16e7 F1160000 		.4byte	0x16f1
 3043 16eb 16       		.uleb128 0x16
 3044 16ec 5C010000 		.4byte	0x15c
 3045 16f0 00       		.byte	0
 3046 16f1 05       		.uleb128 0x5
 3047 16f2 04       		.byte	0x4
 3048 16f3 E2160000 		.4byte	0x16e2
 3049 16f7 0C       		.uleb128 0xc
 3050 16f8 04       		.byte	0x4
 3051 16f9 1B       		.byte	0x1b
 3052 16fa 53       		.byte	0x53
 3053 16fb 09       		.byte	0x9
 3054 16fc 0E170000 		.4byte	0x170e
 3055 1700 11       		.uleb128 0x11
 3056 1701 766D7400 		.ascii	"vmt\000"
 3057 1705 1B       		.byte	0x1b
 3058 1706 55       		.byte	0x55
 3059 1707 29       		.byte	0x29
 3060 1708 0E170000 		.4byte	0x170e
 3061 170c 00       		.byte	0
 3062 170d 00       		.byte	0
 3063 170e 05       		.uleb128 0x5
 3064 170f 04       		.byte	0x4
 3065 1710 7F160000 		.4byte	0x167f
 3066 1714 03       		.uleb128 0x3
 3067 1715 68010000 		.4byte	.LASF290
 3068 1719 1B       		.byte	0x1b
 3069 171a 57       		.byte	0x57
 3070 171b 03       		.byte	0x3
 3071 171c F7160000 		.4byte	0x16f7
 3072 1720 03       		.uleb128 0x3
 3073 1721 8C070000 		.4byte	.LASF291
 3074 1725 1C       		.byte	0x1c
 3075 1726 94       		.byte	0x94
 3076 1727 10       		.byte	0x10
 3077 1728 F70B0000 		.4byte	0xbf7
 3078 172c 0C       		.uleb128 0xc
ARM GAS  /tmp/ccFiYdB4.s 			page 55


 3079 172d 08       		.byte	0x8
 3080 172e 1C       		.byte	0x1c
 3081 172f 9A       		.byte	0x9a
 3082 1730 09       		.byte	0x9
 3083 1731 4F170000 		.4byte	0x174f
 3084 1735 11       		.uleb128 0x11
 3085 1736 636200   		.ascii	"cb\000"
 3086 1739 1C       		.byte	0x1c
 3087 173a A5       		.byte	0xa5
 3088 173b 19       		.byte	0x19
 3089 173c 20170000 		.4byte	0x1720
 3090 1740 00       		.byte	0
 3091 1741 11       		.uleb128 0x11
 3092 1742 61726700 		.ascii	"arg\000"
 3093 1746 1C       		.byte	0x1c
 3094 1747 A9       		.byte	0xa9
 3095 1748 1A       		.byte	0x1a
 3096 1749 5C010000 		.4byte	0x15c
 3097 174d 04       		.byte	0x4
 3098 174e 00       		.byte	0
 3099 174f 03       		.uleb128 0x3
 3100 1750 62050000 		.4byte	.LASF292
 3101 1754 1C       		.byte	0x1c
 3102 1755 AB       		.byte	0xab
 3103 1756 03       		.byte	0x3
 3104 1757 2C170000 		.4byte	0x172c
 3105 175b 0A       		.uleb128 0xa
 3106 175c 4F170000 		.4byte	0x174f
 3107 1760 6B170000 		.4byte	0x176b
 3108 1764 0B       		.uleb128 0xb
 3109 1765 30000000 		.4byte	0x30
 3110 1769 0F       		.byte	0xf
 3111 176a 00       		.byte	0
 3112 176b 20       		.uleb128 0x20
 3113 176c 6D0D0000 		.4byte	.LASF293
 3114 1770 1D       		.byte	0x1d
 3115 1771 EB01     		.2byte	0x1eb
 3116 1773 13       		.byte	0x13
 3117 1774 5B170000 		.4byte	0x175b
 3118 1778 25       		.uleb128 0x25
 3119 1779 07       		.byte	0x7
 3120 177a 01       		.byte	0x1
 3121 177b 58000000 		.4byte	0x58
 3122 177f 1E       		.byte	0x1e
 3123 1780 31       		.byte	0x31
 3124 1781 0E       		.byte	0xe
 3125 1782 A5170000 		.4byte	0x17a5
 3126 1786 26       		.uleb128 0x26
 3127 1787 8C0E0000 		.4byte	.LASF294
 3128 178b 00       		.byte	0
 3129 178c 26       		.uleb128 0x26
 3130 178d 16030000 		.4byte	.LASF295
 3131 1791 01       		.byte	0x1
 3132 1792 26       		.uleb128 0x26
 3133 1793 C70C0000 		.4byte	.LASF296
 3134 1797 02       		.byte	0x2
 3135 1798 26       		.uleb128 0x26
ARM GAS  /tmp/ccFiYdB4.s 			page 56


 3136 1799 5F120000 		.4byte	.LASF297
 3137 179d 03       		.byte	0x3
 3138 179e 26       		.uleb128 0x26
 3139 179f 08040000 		.4byte	.LASF298
 3140 17a3 04       		.byte	0x4
 3141 17a4 00       		.byte	0
 3142 17a5 03       		.uleb128 0x3
 3143 17a6 B3090000 		.4byte	.LASF299
 3144 17aa 1E       		.byte	0x1e
 3145 17ab 37       		.byte	0x37
 3146 17ac 03       		.byte	0x3
 3147 17ad 78170000 		.4byte	0x1778
 3148 17b1 03       		.uleb128 0x3
 3149 17b2 A1010000 		.4byte	.LASF300
 3150 17b6 1E       		.byte	0x1e
 3151 17b7 3C       		.byte	0x3c
 3152 17b8 1A       		.byte	0x1a
 3153 17b9 BD170000 		.4byte	0x17bd
 3154 17bd 1B       		.uleb128 0x1b
 3155 17be A1010000 		.4byte	.LASF300
 3156 17c2 18       		.byte	0x18
 3157 17c3 1F       		.byte	0x1f
 3158 17c4 2803     		.2byte	0x328
 3159 17c6 08       		.byte	0x8
 3160 17c7 20180000 		.4byte	0x1820
 3161 17cb 18       		.uleb128 0x18
 3162 17cc 8D010000 		.4byte	.LASF150
 3163 17d0 1F       		.byte	0x1f
 3164 17d1 2C03     		.2byte	0x32c
 3165 17d3 1D       		.byte	0x1d
 3166 17d4 A5170000 		.4byte	0x17a5
 3167 17d8 00       		.byte	0
 3168 17d9 18       		.uleb128 0x18
 3169 17da 86010000 		.4byte	.LASF301
 3170 17de 1F       		.byte	0x1f
 3171 17df 3003     		.2byte	0x330
 3172 17e1 1E       		.byte	0x1e
 3173 17e2 2F190000 		.4byte	0x192f
 3174 17e6 04       		.byte	0x4
 3175 17e7 18       		.uleb128 0x18
 3176 17e8 4D090000 		.4byte	.LASF302
 3177 17ec 1F       		.byte	0x1f
 3178 17ed 3803     		.2byte	0x338
 3179 17ef 1D       		.byte	0x1d
 3180 17f0 8C090000 		.4byte	0x98c
 3181 17f4 08       		.byte	0x8
 3182 17f5 21       		.uleb128 0x21
 3183 17f6 74696D00 		.ascii	"tim\000"
 3184 17fa 1F       		.byte	0x1f
 3185 17fb 3C03     		.2byte	0x33c
 3186 17fd 1E       		.byte	0x1e
 3187 17fe 35190000 		.4byte	0x1935
 3188 1802 0C       		.byte	0xc
 3189 1803 18       		.uleb128 0x18
 3190 1804 E2030000 		.4byte	.LASF303
 3191 1808 1F       		.byte	0x1f
 3192 1809 4003     		.2byte	0x340
ARM GAS  /tmp/ccFiYdB4.s 			page 57


 3193 180b 1E       		.byte	0x1e
 3194 180c C8140000 		.4byte	0x14c8
 3195 1810 10       		.byte	0x10
 3196 1811 18       		.uleb128 0x18
 3197 1812 84150000 		.4byte	.LASF304
 3198 1816 1F       		.byte	0x1f
 3199 1817 4403     		.2byte	0x344
 3200 1819 1E       		.byte	0x1e
 3201 181a C8140000 		.4byte	0x14c8
 3202 181e 14       		.byte	0x14
 3203 181f 00       		.byte	0
 3204 1820 03       		.uleb128 0x3
 3205 1821 9F110000 		.4byte	.LASF305
 3206 1825 1E       		.byte	0x1e
 3207 1826 43       		.byte	0x43
 3208 1827 10       		.byte	0x10
 3209 1828 2C180000 		.4byte	0x182c
 3210 182c 05       		.uleb128 0x5
 3211 182d 04       		.byte	0x4
 3212 182e 32180000 		.4byte	0x1832
 3213 1832 1F       		.uleb128 0x1f
 3214 1833 3D180000 		.4byte	0x183d
 3215 1837 16       		.uleb128 0x16
 3216 1838 3D180000 		.4byte	0x183d
 3217 183c 00       		.byte	0
 3218 183d 05       		.uleb128 0x5
 3219 183e 04       		.byte	0x4
 3220 183f B1170000 		.4byte	0x17b1
 3221 1843 27       		.uleb128 0x27
 3222 1844 07       		.byte	0x7
 3223 1845 01       		.byte	0x1
 3224 1846 58000000 		.4byte	0x58
 3225 184a 1F       		.byte	0x1f
 3226 184b E002     		.2byte	0x2e0
 3227 184d 0E       		.byte	0xe
 3228 184e 5F180000 		.4byte	0x185f
 3229 1852 26       		.uleb128 0x26
 3230 1853 B9010000 		.4byte	.LASF306
 3231 1857 00       		.byte	0
 3232 1858 26       		.uleb128 0x26
 3233 1859 BE000000 		.4byte	.LASF307
 3234 185d 01       		.byte	0x1
 3235 185e 00       		.byte	0
 3236 185f 07       		.uleb128 0x7
 3237 1860 320D0000 		.4byte	.LASF308
 3238 1864 1F       		.byte	0x1f
 3239 1865 E302     		.2byte	0x2e3
 3240 1867 03       		.byte	0x3
 3241 1868 43180000 		.4byte	0x1843
 3242 186c 07       		.uleb128 0x7
 3243 186d C7050000 		.4byte	.LASF309
 3244 1871 1F       		.byte	0x1f
 3245 1872 E802     		.2byte	0x2e8
 3246 1874 12       		.byte	0x12
 3247 1875 8C090000 		.4byte	0x98c
 3248 1879 27       		.uleb128 0x27
 3249 187a 07       		.byte	0x7
ARM GAS  /tmp/ccFiYdB4.s 			page 58


 3250 187b 01       		.byte	0x1
 3251 187c 58000000 		.4byte	0x58
 3252 1880 1F       		.byte	0x1f
 3253 1881 ED02     		.2byte	0x2ed
 3254 1883 0E       		.byte	0xe
 3255 1884 95180000 		.4byte	0x1895
 3256 1888 26       		.uleb128 0x26
 3257 1889 D8010000 		.4byte	.LASF310
 3258 188d 00       		.byte	0
 3259 188e 26       		.uleb128 0x26
 3260 188f 4B040000 		.4byte	.LASF311
 3261 1893 01       		.byte	0x1
 3262 1894 00       		.byte	0
 3263 1895 07       		.uleb128 0x7
 3264 1896 51030000 		.4byte	.LASF312
 3265 189a 1F       		.byte	0x1f
 3266 189b F002     		.2byte	0x2f0
 3267 189d 03       		.byte	0x3
 3268 189e 79180000 		.4byte	0x1879
 3269 18a2 1C       		.uleb128 0x1c
 3270 18a3 20       		.byte	0x20
 3271 18a4 1F       		.byte	0x1f
 3272 18a5 FB02     		.2byte	0x2fb
 3273 18a7 09       		.byte	0x9
 3274 18a8 1D190000 		.4byte	0x191d
 3275 18ac 18       		.uleb128 0x18
 3276 18ad 7C110000 		.4byte	.LASF313
 3277 18b1 1F       		.byte	0x1f
 3278 18b2 FF02     		.2byte	0x2ff
 3279 18b4 1D       		.byte	0x1d
 3280 18b5 5F180000 		.4byte	0x185f
 3281 18b9 00       		.byte	0
 3282 18ba 18       		.uleb128 0x18
 3283 18bb 3D0B0000 		.4byte	.LASF314
 3284 18bf 1F       		.byte	0x1f
 3285 18c0 0503     		.2byte	0x305
 3286 18c2 1D       		.byte	0x1d
 3287 18c3 6C180000 		.4byte	0x186c
 3288 18c7 04       		.byte	0x4
 3289 18c8 18       		.uleb128 0x18
 3290 18c9 30000000 		.4byte	.LASF315
 3291 18cd 1F       		.byte	0x1f
 3292 18ce 0903     		.2byte	0x309
 3293 18d0 1D       		.byte	0x1d
 3294 18d1 20180000 		.4byte	0x1820
 3295 18d5 08       		.byte	0x8
 3296 18d6 18       		.uleb128 0x18
 3297 18d7 280D0000 		.4byte	.LASF316
 3298 18db 1F       		.byte	0x1f
 3299 18dc 0D03     		.2byte	0x30d
 3300 18de 1D       		.byte	0x1d
 3301 18df 20180000 		.4byte	0x1820
 3302 18e3 0C       		.byte	0xc
 3303 18e4 18       		.uleb128 0x18
 3304 18e5 E4080000 		.4byte	.LASF317
 3305 18e9 1F       		.byte	0x1f
 3306 18ea 1103     		.2byte	0x311
ARM GAS  /tmp/ccFiYdB4.s 			page 59


 3307 18ec 1D       		.byte	0x1d
 3308 18ed 20180000 		.4byte	0x1820
 3309 18f1 10       		.byte	0x10
 3310 18f2 18       		.uleb128 0x18
 3311 18f3 42080000 		.4byte	.LASF318
 3312 18f7 1F       		.byte	0x1f
 3313 18f8 1703     		.2byte	0x317
 3314 18fa 1D       		.byte	0x1d
 3315 18fb 95180000 		.4byte	0x1895
 3316 18ff 14       		.byte	0x14
 3317 1900 18       		.uleb128 0x18
 3318 1901 FF010000 		.4byte	.LASF319
 3319 1905 1F       		.byte	0x1f
 3320 1906 1D03     		.2byte	0x31d
 3321 1908 1D       		.byte	0x1d
 3322 1909 8C090000 		.4byte	0x98c
 3323 190d 18       		.byte	0x18
 3324 190e 21       		.uleb128 0x21
 3325 190f 61727200 		.ascii	"arr\000"
 3326 1913 1F       		.byte	0x1f
 3327 1914 2203     		.2byte	0x322
 3328 1916 1D       		.byte	0x1d
 3329 1917 8C090000 		.4byte	0x98c
 3330 191b 1C       		.byte	0x1c
 3331 191c 00       		.byte	0
 3332 191d 07       		.uleb128 0x7
 3333 191e 9D060000 		.4byte	.LASF320
 3334 1922 1F       		.byte	0x1f
 3335 1923 2303     		.2byte	0x323
 3336 1925 03       		.byte	0x3
 3337 1926 A2180000 		.4byte	0x18a2
 3338 192a 0F       		.uleb128 0xf
 3339 192b 1D190000 		.4byte	0x191d
 3340 192f 05       		.uleb128 0x5
 3341 1930 04       		.byte	0x4
 3342 1931 2A190000 		.4byte	0x192a
 3343 1935 05       		.uleb128 0x5
 3344 1936 04       		.byte	0x4
 3345 1937 23160000 		.4byte	0x1623
 3346 193b 20       		.uleb128 0x20
 3347 193c E3000000 		.4byte	.LASF321
 3348 1940 1F       		.byte	0x1f
 3349 1941 7503     		.2byte	0x375
 3350 1943 12       		.byte	0x12
 3351 1944 B1170000 		.4byte	0x17b1
 3352 1948 20       		.uleb128 0x20
 3353 1949 100A0000 		.4byte	.LASF322
 3354 194d 1F       		.byte	0x1f
 3355 194e 7903     		.2byte	0x379
 3356 1950 12       		.byte	0x12
 3357 1951 B1170000 		.4byte	0x17b1
 3358 1955 25       		.uleb128 0x25
 3359 1956 07       		.byte	0x7
 3360 1957 01       		.byte	0x1
 3361 1958 58000000 		.4byte	0x58
 3362 195c 20       		.byte	0x20
 3363 195d 59       		.byte	0x59
ARM GAS  /tmp/ccFiYdB4.s 			page 60


 3364 195e 0E       		.byte	0xe
 3365 195f 76190000 		.4byte	0x1976
 3366 1963 26       		.uleb128 0x26
 3367 1964 D3100000 		.4byte	.LASF323
 3368 1968 00       		.byte	0
 3369 1969 26       		.uleb128 0x26
 3370 196a 34010000 		.4byte	.LASF324
 3371 196e 01       		.byte	0x1
 3372 196f 26       		.uleb128 0x26
 3373 1970 6E150000 		.4byte	.LASF325
 3374 1974 02       		.byte	0x2
 3375 1975 00       		.byte	0
 3376 1976 03       		.uleb128 0x3
 3377 1977 D7110000 		.4byte	.LASF326
 3378 197b 20       		.byte	0x20
 3379 197c 5D       		.byte	0x5d
 3380 197d 03       		.byte	0x3
 3381 197e 55190000 		.4byte	0x1955
 3382 1982 25       		.uleb128 0x25
 3383 1983 07       		.byte	0x7
 3384 1984 01       		.byte	0x1
 3385 1985 58000000 		.4byte	0x58
 3386 1989 20       		.byte	0x20
 3387 198a 62       		.byte	0x62
 3388 198b 0E       		.byte	0xe
 3389 198c A3190000 		.4byte	0x19a3
 3390 1990 26       		.uleb128 0x26
 3391 1991 0D130000 		.4byte	.LASF327
 3392 1995 00       		.byte	0
 3393 1996 26       		.uleb128 0x26
 3394 1997 7C020000 		.4byte	.LASF328
 3395 199b 01       		.byte	0x1
 3396 199c 26       		.uleb128 0x26
 3397 199d EE0F0000 		.4byte	.LASF329
 3398 19a1 02       		.byte	0x2
 3399 19a2 00       		.byte	0
 3400 19a3 03       		.uleb128 0x3
 3401 19a4 75030000 		.4byte	.LASF330
 3402 19a8 20       		.byte	0x20
 3403 19a9 66       		.byte	0x66
 3404 19aa 03       		.byte	0x3
 3405 19ab 82190000 		.4byte	0x1982
 3406 19af 25       		.uleb128 0x25
 3407 19b0 07       		.byte	0x7
 3408 19b1 01       		.byte	0x1
 3409 19b2 58000000 		.4byte	0x58
 3410 19b6 20       		.byte	0x20
 3411 19b7 6B       		.byte	0x6b
 3412 19b8 0E       		.byte	0xe
 3413 19b9 D0190000 		.4byte	0x19d0
 3414 19bd 26       		.uleb128 0x26
 3415 19be FC100000 		.4byte	.LASF331
 3416 19c2 00       		.byte	0
 3417 19c3 26       		.uleb128 0x26
 3418 19c4 D70E0000 		.4byte	.LASF332
 3419 19c8 01       		.byte	0x1
 3420 19c9 26       		.uleb128 0x26
ARM GAS  /tmp/ccFiYdB4.s 			page 61


 3421 19ca 9A090000 		.4byte	.LASF333
 3422 19ce 02       		.byte	0x2
 3423 19cf 00       		.byte	0
 3424 19d0 03       		.uleb128 0x3
 3425 19d1 FF0F0000 		.4byte	.LASF334
 3426 19d5 20       		.byte	0x20
 3427 19d6 6F       		.byte	0x6f
 3428 19d7 03       		.byte	0x3
 3429 19d8 AF190000 		.4byte	0x19af
 3430 19dc 07       		.uleb128 0x7
 3431 19dd 470B0000 		.4byte	.LASF335
 3432 19e1 21       		.byte	0x21
 3433 19e2 2602     		.2byte	0x226
 3434 19e4 12       		.byte	0x12
 3435 19e5 8C090000 		.4byte	0x98c
 3436 19e9 07       		.uleb128 0x7
 3437 19ea 8B020000 		.4byte	.LASF336
 3438 19ee 21       		.byte	0x21
 3439 19ef 2B02     		.2byte	0x22b
 3440 19f1 1B       		.byte	0x1b
 3441 19f2 F6190000 		.4byte	0x19f6
 3442 19f6 1B       		.uleb128 0x1b
 3443 19f7 8B020000 		.4byte	.LASF336
 3444 19fb 20       		.byte	0x20
 3445 19fc 21       		.byte	0x21
 3446 19fd 7902     		.2byte	0x279
 3447 19ff 08       		.byte	0x8
 3448 1a00 911A0000 		.4byte	0x1a91
 3449 1a04 18       		.uleb128 0x18
 3450 1a05 8D010000 		.4byte	.LASF150
 3451 1a09 21       		.byte	0x21
 3452 1a0a 7D02     		.2byte	0x27d
 3453 1a0c 1D       		.byte	0x1d
 3454 1a0d 76190000 		.4byte	0x1976
 3455 1a11 00       		.byte	0
 3456 1a12 18       		.uleb128 0x18
 3457 1a13 C8030000 		.4byte	.LASF337
 3458 1a17 21       		.byte	0x21
 3459 1a18 8102     		.2byte	0x281
 3460 1a1a 1D       		.byte	0x1d
 3461 1a1b A3190000 		.4byte	0x19a3
 3462 1a1f 01       		.byte	0x1
 3463 1a20 18       		.uleb128 0x18
 3464 1a21 AB010000 		.4byte	.LASF338
 3465 1a25 21       		.byte	0x21
 3466 1a26 8502     		.2byte	0x285
 3467 1a28 1D       		.byte	0x1d
 3468 1a29 D0190000 		.4byte	0x19d0
 3469 1a2d 02       		.byte	0x2
 3470 1a2e 18       		.uleb128 0x18
 3471 1a2f 86010000 		.4byte	.LASF301
 3472 1a33 21       		.byte	0x21
 3473 1a34 8902     		.2byte	0x289
 3474 1a36 1E       		.byte	0x1e
 3475 1a37 A41B0000 		.4byte	0x1ba4
 3476 1a3b 04       		.byte	0x4
 3477 1a3c 18       		.uleb128 0x18
ARM GAS  /tmp/ccFiYdB4.s 			page 62


 3478 1a3d 8B030000 		.4byte	.LASF339
 3479 1a41 21       		.byte	0x21
 3480 1a42 A502     		.2byte	0x2a5
 3481 1a44 1E       		.byte	0x1e
 3482 1a45 AA1B0000 		.4byte	0x1baa
 3483 1a49 08       		.byte	0x8
 3484 1a4a 18       		.uleb128 0x18
 3485 1a4b 45110000 		.4byte	.LASF340
 3486 1a4f 21       		.byte	0x21
 3487 1a50 A902     		.2byte	0x2a9
 3488 1a52 1D       		.byte	0x1d
 3489 1a53 8C090000 		.4byte	0x98c
 3490 1a57 0C       		.byte	0xc
 3491 1a58 18       		.uleb128 0x18
 3492 1a59 D8060000 		.4byte	.LASF341
 3493 1a5d 21       		.byte	0x21
 3494 1a5e AD02     		.2byte	0x2ad
 3495 1a60 1D       		.byte	0x1d
 3496 1a61 8C090000 		.4byte	0x98c
 3497 1a65 10       		.byte	0x10
 3498 1a66 18       		.uleb128 0x18
 3499 1a67 E8090000 		.4byte	.LASF342
 3500 1a6b 21       		.byte	0x21
 3501 1a6c B102     		.2byte	0x2b1
 3502 1a6e 1E       		.byte	0x1e
 3503 1a6f B01B0000 		.4byte	0x1bb0
 3504 1a73 14       		.byte	0x14
 3505 1a74 18       		.uleb128 0x18
 3506 1a75 530B0000 		.4byte	.LASF343
 3507 1a79 21       		.byte	0x21
 3508 1a7a B502     		.2byte	0x2b5
 3509 1a7c 1E       		.byte	0x1e
 3510 1a7d B01B0000 		.4byte	0x1bb0
 3511 1a81 18       		.byte	0x18
 3512 1a82 18       		.uleb128 0x18
 3513 1a83 E2090000 		.4byte	.LASF344
 3514 1a87 21       		.byte	0x21
 3515 1a88 B902     		.2byte	0x2b9
 3516 1a8a 1D       		.byte	0x1d
 3517 1a8b 76090000 		.4byte	0x976
 3518 1a8f 1C       		.byte	0x1c
 3519 1a90 00       		.byte	0
 3520 1a91 07       		.uleb128 0x7
 3521 1a92 1A130000 		.4byte	.LASF345
 3522 1a96 21       		.byte	0x21
 3523 1a97 3202     		.2byte	0x232
 3524 1a99 10       		.byte	0x10
 3525 1a9a 9E1A0000 		.4byte	0x1a9e
 3526 1a9e 05       		.uleb128 0x5
 3527 1a9f 04       		.byte	0x4
 3528 1aa0 A41A0000 		.4byte	0x1aa4
 3529 1aa4 1F       		.uleb128 0x1f
 3530 1aa5 AF1A0000 		.4byte	0x1aaf
 3531 1aa9 16       		.uleb128 0x16
 3532 1aaa AF1A0000 		.4byte	0x1aaf
 3533 1aae 00       		.byte	0
 3534 1aaf 05       		.uleb128 0x5
ARM GAS  /tmp/ccFiYdB4.s 			page 63


 3535 1ab0 04       		.byte	0x4
 3536 1ab1 E9190000 		.4byte	0x19e9
 3537 1ab5 07       		.uleb128 0x7
 3538 1ab6 47100000 		.4byte	.LASF346
 3539 1aba 21       		.byte	0x21
 3540 1abb 3A02     		.2byte	0x23a
 3541 1abd 10       		.byte	0x10
 3542 1abe C21A0000 		.4byte	0x1ac2
 3543 1ac2 05       		.uleb128 0x5
 3544 1ac3 04       		.byte	0x4
 3545 1ac4 C81A0000 		.4byte	0x1ac8
 3546 1ac8 1F       		.uleb128 0x1f
 3547 1ac9 D81A0000 		.4byte	0x1ad8
 3548 1acd 16       		.uleb128 0x16
 3549 1ace AF1A0000 		.4byte	0x1aaf
 3550 1ad2 16       		.uleb128 0x16
 3551 1ad3 6A090000 		.4byte	0x96a
 3552 1ad7 00       		.byte	0
 3553 1ad8 07       		.uleb128 0x7
 3554 1ad9 49020000 		.4byte	.LASF347
 3555 1add 21       		.byte	0x21
 3556 1ade 4202     		.2byte	0x242
 3557 1ae0 10       		.byte	0x10
 3558 1ae1 E51A0000 		.4byte	0x1ae5
 3559 1ae5 05       		.uleb128 0x5
 3560 1ae6 04       		.byte	0x4
 3561 1ae7 EB1A0000 		.4byte	0x1aeb
 3562 1aeb 1F       		.uleb128 0x1f
 3563 1aec FB1A0000 		.4byte	0x1afb
 3564 1af0 16       		.uleb128 0x16
 3565 1af1 AF1A0000 		.4byte	0x1aaf
 3566 1af5 16       		.uleb128 0x16
 3567 1af6 DC190000 		.4byte	0x19dc
 3568 1afa 00       		.byte	0
 3569 1afb 1C       		.uleb128 0x1c
 3570 1afc 24       		.byte	0x24
 3571 1afd 21       		.byte	0x21
 3572 1afe 4802     		.2byte	0x248
 3573 1b00 09       		.byte	0x9
 3574 1b01 921B0000 		.4byte	0x1b92
 3575 1b05 18       		.uleb128 0x18
 3576 1b06 F2100000 		.4byte	.LASF348
 3577 1b0a 21       		.byte	0x21
 3578 1b0b 4C02     		.2byte	0x24c
 3579 1b0d 1D       		.byte	0x1d
 3580 1b0e 911A0000 		.4byte	0x1a91
 3581 1b12 00       		.byte	0
 3582 1b13 18       		.uleb128 0x18
 3583 1b14 B7080000 		.4byte	.LASF349
 3584 1b18 21       		.byte	0x21
 3585 1b19 5002     		.2byte	0x250
 3586 1b1b 1D       		.byte	0x1d
 3587 1b1c 911A0000 		.4byte	0x1a91
 3588 1b20 04       		.byte	0x4
 3589 1b21 18       		.uleb128 0x18
 3590 1b22 04020000 		.4byte	.LASF350
 3591 1b26 21       		.byte	0x21
ARM GAS  /tmp/ccFiYdB4.s 			page 64


 3592 1b27 5402     		.2byte	0x254
 3593 1b29 1D       		.byte	0x1d
 3594 1b2a 911A0000 		.4byte	0x1a91
 3595 1b2e 08       		.byte	0x8
 3596 1b2f 18       		.uleb128 0x18
 3597 1b30 A7060000 		.4byte	.LASF351
 3598 1b34 21       		.byte	0x21
 3599 1b35 5802     		.2byte	0x258
 3600 1b37 1D       		.byte	0x1d
 3601 1b38 B51A0000 		.4byte	0x1ab5
 3602 1b3c 0C       		.byte	0xc
 3603 1b3d 18       		.uleb128 0x18
 3604 1b3e 7B0B0000 		.4byte	.LASF352
 3605 1b42 21       		.byte	0x21
 3606 1b43 5C02     		.2byte	0x25c
 3607 1b45 1D       		.byte	0x1d
 3608 1b46 D81A0000 		.4byte	0x1ad8
 3609 1b4a 10       		.byte	0x10
 3610 1b4b 18       		.uleb128 0x18
 3611 1b4c 50050000 		.4byte	.LASF353
 3612 1b50 21       		.byte	0x21
 3613 1b51 6302     		.2byte	0x263
 3614 1b53 1D       		.byte	0x1d
 3615 1b54 911A0000 		.4byte	0x1a91
 3616 1b58 14       		.byte	0x14
 3617 1b59 18       		.uleb128 0x18
 3618 1b5a E2060000 		.4byte	.LASF354
 3619 1b5e 21       		.byte	0x21
 3620 1b5f 6702     		.2byte	0x267
 3621 1b61 1D       		.byte	0x1d
 3622 1b62 8C090000 		.4byte	0x98c
 3623 1b66 18       		.byte	0x18
 3624 1b67 21       		.uleb128 0x21
 3625 1b68 63723100 		.ascii	"cr1\000"
 3626 1b6c 21       		.byte	0x21
 3627 1b6d 6B02     		.2byte	0x26b
 3628 1b6f 1D       		.byte	0x1d
 3629 1b70 6A090000 		.4byte	0x96a
 3630 1b74 1C       		.byte	0x1c
 3631 1b75 21       		.uleb128 0x21
 3632 1b76 63723200 		.ascii	"cr2\000"
 3633 1b7a 21       		.byte	0x21
 3634 1b7b 6F02     		.2byte	0x26f
 3635 1b7d 1D       		.byte	0x1d
 3636 1b7e 6A090000 		.4byte	0x96a
 3637 1b82 1E       		.byte	0x1e
 3638 1b83 21       		.uleb128 0x21
 3639 1b84 63723300 		.ascii	"cr3\000"
 3640 1b88 21       		.byte	0x21
 3641 1b89 7302     		.2byte	0x273
 3642 1b8b 1D       		.byte	0x1d
 3643 1b8c 6A090000 		.4byte	0x96a
 3644 1b90 20       		.byte	0x20
 3645 1b91 00       		.byte	0
 3646 1b92 07       		.uleb128 0x7
 3647 1b93 E9070000 		.4byte	.LASF355
 3648 1b97 21       		.byte	0x21
ARM GAS  /tmp/ccFiYdB4.s 			page 65


 3649 1b98 7402     		.2byte	0x274
 3650 1b9a 03       		.byte	0x3
 3651 1b9b FB1A0000 		.4byte	0x1afb
 3652 1b9f 0F       		.uleb128 0xf
 3653 1ba0 921B0000 		.4byte	0x1b92
 3654 1ba4 05       		.uleb128 0x5
 3655 1ba5 04       		.byte	0x4
 3656 1ba6 9F1B0000 		.4byte	0x1b9f
 3657 1baa 05       		.uleb128 0x5
 3658 1bab 04       		.byte	0x4
 3659 1bac B00E0000 		.4byte	0xeb0
 3660 1bb0 05       		.uleb128 0x5
 3661 1bb1 04       		.byte	0x4
 3662 1bb2 DB140000 		.4byte	0x14db
 3663 1bb6 20       		.uleb128 0x20
 3664 1bb7 1E150000 		.4byte	.LASF356
 3665 1bbb 21       		.byte	0x21
 3666 1bbc C502     		.2byte	0x2c5
 3667 1bbe 13       		.byte	0x13
 3668 1bbf E9190000 		.4byte	0x19e9
 3669 1bc3 20       		.uleb128 0x20
 3670 1bc4 25150000 		.4byte	.LASF357
 3671 1bc8 21       		.byte	0x21
 3672 1bc9 C902     		.2byte	0x2c9
 3673 1bcb 13       		.byte	0x13
 3674 1bcc E9190000 		.4byte	0x19e9
 3675 1bd0 20       		.uleb128 0x20
 3676 1bd1 210D0000 		.4byte	.LASF358
 3677 1bd5 21       		.byte	0x21
 3678 1bd6 D902     		.2byte	0x2d9
 3679 1bd8 13       		.byte	0x13
 3680 1bd9 E9190000 		.4byte	0x19e9
 3681 1bdd 07       		.uleb128 0x7
 3682 1bde 3F050000 		.4byte	.LASF359
 3683 1be2 22       		.byte	0x22
 3684 1be3 0301     		.2byte	0x103
 3685 1be5 1A       		.byte	0x1a
 3686 1be6 EA1B0000 		.4byte	0x1bea
 3687 1bea 1B       		.uleb128 0x1b
 3688 1beb 3F050000 		.4byte	.LASF359
 3689 1bef 60       		.byte	0x60
 3690 1bf0 23       		.byte	0x23
 3691 1bf1 A501     		.2byte	0x1a5
 3692 1bf3 08       		.byte	0x8
 3693 1bf4 031D0000 		.4byte	0x1d03
 3694 1bf8 18       		.uleb128 0x18
 3695 1bf9 8D010000 		.4byte	.LASF150
 3696 1bfd 23       		.byte	0x23
 3697 1bfe A901     		.2byte	0x1a9
 3698 1c00 21       		.byte	0x21
 3699 1c01 441D0000 		.4byte	0x1d44
 3700 1c05 00       		.byte	0
 3701 1c06 18       		.uleb128 0x18
 3702 1c07 86010000 		.4byte	.LASF301
 3703 1c0b 23       		.byte	0x23
 3704 1c0c AD01     		.2byte	0x1ad
 3705 1c0e 22       		.byte	0x22
ARM GAS  /tmp/ccFiYdB4.s 			page 66


 3706 1c0f 48260000 		.4byte	0x2648
 3707 1c13 04       		.byte	0x4
 3708 1c14 18       		.uleb128 0x18
 3709 1c15 27060000 		.4byte	.LASF360
 3710 1c19 23       		.byte	0x23
 3711 1c1a B101     		.2byte	0x1b1
 3712 1c1c 21       		.byte	0x21
 3713 1c1d 6A090000 		.4byte	0x96a
 3714 1c21 08       		.byte	0x8
 3715 1c22 18       		.uleb128 0x18
 3716 1c23 2A050000 		.4byte	.LASF361
 3717 1c27 23       		.byte	0x23
 3718 1c28 B501     		.2byte	0x1b5
 3719 1c2a 21       		.byte	0x21
 3720 1c2b 6A090000 		.4byte	0x96a
 3721 1c2f 0A       		.byte	0xa
 3722 1c30 21       		.uleb128 0x21
 3723 1c31 65706300 		.ascii	"epc\000"
 3724 1c35 23       		.byte	0x23
 3725 1c36 B901     		.2byte	0x1b9
 3726 1c38 22       		.byte	0x22
 3727 1c39 4E260000 		.4byte	0x264e
 3728 1c3d 0C       		.byte	0xc
 3729 1c3e 18       		.uleb128 0x18
 3730 1c3f 09110000 		.4byte	.LASF362
 3731 1c43 23       		.byte	0x23
 3732 1c44 C001     		.2byte	0x1c0
 3733 1c46 22       		.byte	0x22
 3734 1c47 64260000 		.4byte	0x2664
 3735 1c4b 1C       		.byte	0x1c
 3736 1c4c 18       		.uleb128 0x18
 3737 1c4d 5C080000 		.4byte	.LASF363
 3738 1c51 23       		.byte	0x23
 3739 1c52 C701     		.2byte	0x1c7
 3740 1c54 22       		.byte	0x22
 3741 1c55 64260000 		.4byte	0x2664
 3742 1c59 28       		.byte	0x28
 3743 1c5a 18       		.uleb128 0x18
 3744 1c5b 91040000 		.4byte	.LASF364
 3745 1c5f 23       		.byte	0x23
 3746 1c60 CB01     		.2byte	0x1cb
 3747 1c62 21       		.byte	0x21
 3748 1c63 8B1D0000 		.4byte	0x1d8b
 3749 1c67 34       		.byte	0x34
 3750 1c68 18       		.uleb128 0x18
 3751 1c69 AC0A0000 		.4byte	.LASF365
 3752 1c6d 23       		.byte	0x23
 3753 1c6e CF01     		.2byte	0x1cf
 3754 1c70 22       		.byte	0x22
 3755 1c71 BF120000 		.4byte	0x12bf
 3756 1c75 38       		.byte	0x38
 3757 1c76 18       		.uleb128 0x18
 3758 1c77 13050000 		.4byte	.LASF366
 3759 1c7b 23       		.byte	0x23
 3760 1c7c D301     		.2byte	0x1d3
 3761 1c7e 21       		.byte	0x21
 3762 1c7f 24000000 		.4byte	0x24
ARM GAS  /tmp/ccFiYdB4.s 			page 67


 3763 1c83 3C       		.byte	0x3c
 3764 1c84 18       		.uleb128 0x18
 3765 1c85 15150000 		.4byte	.LASF367
 3766 1c89 23       		.byte	0x23
 3767 1c8a D701     		.2byte	0x1d7
 3768 1c8c 21       		.byte	0x21
 3769 1c8d 181E0000 		.4byte	0x1e18
 3770 1c91 40       		.byte	0x40
 3771 1c92 18       		.uleb128 0x18
 3772 1c93 D2060000 		.4byte	.LASF368
 3773 1c97 23       		.byte	0x23
 3774 1c98 DB01     		.2byte	0x1db
 3775 1c9a 21       		.byte	0x21
 3776 1c9b 74260000 		.4byte	0x2674
 3777 1c9f 44       		.byte	0x44
 3778 1ca0 18       		.uleb128 0x18
 3779 1ca1 23130000 		.4byte	.LASF369
 3780 1ca5 23       		.byte	0x23
 3781 1ca6 DF01     		.2byte	0x1df
 3782 1ca8 21       		.byte	0x21
 3783 1ca9 6A090000 		.4byte	0x96a
 3784 1cad 4C       		.byte	0x4c
 3785 1cae 18       		.uleb128 0x18
 3786 1caf 17080000 		.4byte	.LASF370
 3787 1cb3 23       		.byte	0x23
 3788 1cb4 E301     		.2byte	0x1e3
 3789 1cb6 21       		.byte	0x21
 3790 1cb7 59090000 		.4byte	0x959
 3791 1cbb 4E       		.byte	0x4e
 3792 1cbc 18       		.uleb128 0x18
 3793 1cbd 5A070000 		.4byte	.LASF371
 3794 1cc1 23       		.byte	0x23
 3795 1cc2 E701     		.2byte	0x1e7
 3796 1cc4 21       		.byte	0x21
 3797 1cc5 59090000 		.4byte	0x959
 3798 1cc9 4F       		.byte	0x4f
 3799 1cca 18       		.uleb128 0x18
 3800 1ccb 490F0000 		.4byte	.LASF372
 3801 1ccf 23       		.byte	0x23
 3802 1cd0 EB01     		.2byte	0x1eb
 3803 1cd2 21       		.byte	0x21
 3804 1cd3 441D0000 		.4byte	0x1d44
 3805 1cd7 50       		.byte	0x50
 3806 1cd8 21       		.uleb128 0x21
 3807 1cd9 6F746700 		.ascii	"otg\000"
 3808 1cdd 23       		.byte	0x23
 3809 1cde F301     		.2byte	0x1f3
 3810 1ce0 22       		.byte	0x22
 3811 1ce1 84260000 		.4byte	0x2684
 3812 1ce5 54       		.byte	0x54
 3813 1ce6 18       		.uleb128 0x18
 3814 1ce7 D20D0000 		.4byte	.LASF373
 3815 1ceb 23       		.byte	0x23
 3816 1cec F701     		.2byte	0x1f7
 3817 1cee 22       		.byte	0x22
 3818 1cef 8A260000 		.4byte	0x268a
 3819 1cf3 58       		.byte	0x58
ARM GAS  /tmp/ccFiYdB4.s 			page 68


 3820 1cf4 18       		.uleb128 0x18
 3821 1cf5 96150000 		.4byte	.LASF374
 3822 1cf9 23       		.byte	0x23
 3823 1cfa FB01     		.2byte	0x1fb
 3824 1cfc 21       		.byte	0x21
 3825 1cfd 8C090000 		.4byte	0x98c
 3826 1d01 5C       		.byte	0x5c
 3827 1d02 00       		.byte	0
 3828 1d03 07       		.uleb128 0x7
 3829 1d04 4F140000 		.4byte	.LASF375
 3830 1d08 22       		.byte	0x22
 3831 1d09 0801     		.2byte	0x108
 3832 1d0b 11       		.byte	0x11
 3833 1d0c 59090000 		.4byte	0x959
 3834 1d10 27       		.uleb128 0x27
 3835 1d11 07       		.byte	0x7
 3836 1d12 01       		.byte	0x1
 3837 1d13 58000000 		.4byte	0x58
 3838 1d17 22       		.byte	0x22
 3839 1d18 0D01     		.2byte	0x10d
 3840 1d1a 0E       		.byte	0xe
 3841 1d1b 441D0000 		.4byte	0x1d44
 3842 1d1f 26       		.uleb128 0x26
 3843 1d20 310E0000 		.4byte	.LASF376
 3844 1d24 00       		.byte	0
 3845 1d25 26       		.uleb128 0x26
 3846 1d26 EC0C0000 		.4byte	.LASF377
 3847 1d2a 01       		.byte	0x1
 3848 1d2b 26       		.uleb128 0x26
 3849 1d2c 610A0000 		.4byte	.LASF378
 3850 1d30 02       		.byte	0x2
 3851 1d31 26       		.uleb128 0x26
 3852 1d32 45070000 		.4byte	.LASF379
 3853 1d36 03       		.byte	0x3
 3854 1d37 26       		.uleb128 0x26
 3855 1d38 C1080000 		.4byte	.LASF380
 3856 1d3c 04       		.byte	0x4
 3857 1d3d 26       		.uleb128 0x26
 3858 1d3e 67030000 		.4byte	.LASF381
 3859 1d42 05       		.byte	0x5
 3860 1d43 00       		.byte	0
 3861 1d44 07       		.uleb128 0x7
 3862 1d45 7F090000 		.4byte	.LASF382
 3863 1d49 22       		.byte	0x22
 3864 1d4a 1401     		.2byte	0x114
 3865 1d4c 03       		.byte	0x3
 3866 1d4d 101D0000 		.4byte	0x1d10
 3867 1d51 27       		.uleb128 0x27
 3868 1d52 07       		.byte	0x7
 3869 1d53 01       		.byte	0x1
 3870 1d54 58000000 		.4byte	0x58
 3871 1d58 22       		.byte	0x22
 3872 1d59 2201     		.2byte	0x122
 3873 1d5b 0E       		.byte	0xe
 3874 1d5c 8B1D0000 		.4byte	0x1d8b
 3875 1d60 26       		.uleb128 0x26
 3876 1d61 F9020000 		.4byte	.LASF383
ARM GAS  /tmp/ccFiYdB4.s 			page 69


 3877 1d65 00       		.byte	0
 3878 1d66 26       		.uleb128 0x26
 3879 1d67 14070000 		.4byte	.LASF384
 3880 1d6b 09       		.byte	0x9
 3881 1d6c 26       		.uleb128 0x26
 3882 1d6d A9100000 		.4byte	.LASF385
 3883 1d71 0A       		.byte	0xa
 3884 1d72 26       		.uleb128 0x26
 3885 1d73 6D060000 		.4byte	.LASF386
 3886 1d77 0B       		.byte	0xb
 3887 1d78 26       		.uleb128 0x26
 3888 1d79 4B0C0000 		.4byte	.LASF387
 3889 1d7d 14       		.byte	0x14
 3890 1d7e 26       		.uleb128 0x26
 3891 1d7f 9E120000 		.4byte	.LASF388
 3892 1d83 15       		.byte	0x15
 3893 1d84 26       		.uleb128 0x26
 3894 1d85 21040000 		.4byte	.LASF389
 3895 1d89 06       		.byte	0x6
 3896 1d8a 00       		.byte	0
 3897 1d8b 07       		.uleb128 0x7
 3898 1d8c 2B020000 		.4byte	.LASF390
 3899 1d90 22       		.byte	0x22
 3900 1d91 2A01     		.2byte	0x12a
 3901 1d93 03       		.byte	0x3
 3902 1d94 511D0000 		.4byte	0x1d51
 3903 1d98 27       		.uleb128 0x27
 3904 1d99 07       		.byte	0x7
 3905 1d9a 01       		.byte	0x1
 3906 1d9b 58000000 		.4byte	0x58
 3907 1d9f 22       		.byte	0x22
 3908 1da0 2F01     		.2byte	0x12f
 3909 1da2 0E       		.byte	0xe
 3910 1da3 D21D0000 		.4byte	0x1dd2
 3911 1da7 26       		.uleb128 0x26
 3912 1da8 8F110000 		.4byte	.LASF391
 3913 1dac 00       		.byte	0
 3914 1dad 26       		.uleb128 0x26
 3915 1dae 61020000 		.4byte	.LASF392
 3916 1db2 01       		.byte	0x1
 3917 1db3 26       		.uleb128 0x26
 3918 1db4 32100000 		.4byte	.LASF393
 3919 1db8 02       		.byte	0x2
 3920 1db9 26       		.uleb128 0x26
 3921 1dba 0B0E0000 		.4byte	.LASF394
 3922 1dbe 03       		.byte	0x3
 3923 1dbf 26       		.uleb128 0x26
 3924 1dc0 E4140000 		.4byte	.LASF395
 3925 1dc4 04       		.byte	0x4
 3926 1dc5 26       		.uleb128 0x26
 3927 1dc6 FF090000 		.4byte	.LASF396
 3928 1dca 05       		.byte	0x5
 3929 1dcb 26       		.uleb128 0x26
 3930 1dcc D0030000 		.4byte	.LASF397
 3931 1dd0 06       		.byte	0x6
 3932 1dd1 00       		.byte	0
 3933 1dd2 07       		.uleb128 0x7
ARM GAS  /tmp/ccFiYdB4.s 			page 70


 3934 1dd3 F4060000 		.4byte	.LASF398
 3935 1dd7 22       		.byte	0x22
 3936 1dd8 3701     		.2byte	0x137
 3937 1dda 03       		.byte	0x3
 3938 1ddb 981D0000 		.4byte	0x1d98
 3939 1ddf 1C       		.uleb128 0x1c
 3940 1de0 08       		.byte	0x8
 3941 1de1 22       		.byte	0x22
 3942 1de2 3C01     		.2byte	0x13c
 3943 1de4 09       		.byte	0x9
 3944 1de5 061E0000 		.4byte	0x1e06
 3945 1de9 18       		.uleb128 0x18
 3946 1dea 35070000 		.4byte	.LASF399
 3947 1dee 22       		.byte	0x22
 3948 1def 4001     		.2byte	0x140
 3949 1df1 21       		.byte	0x21
 3950 1df2 24000000 		.4byte	0x24
 3951 1df6 00       		.byte	0
 3952 1df7 18       		.uleb128 0x18
 3953 1df8 76050000 		.4byte	.LASF400
 3954 1dfc 22       		.byte	0x22
 3955 1dfd 4401     		.2byte	0x144
 3956 1dff 22       		.byte	0x22
 3957 1e00 9D160000 		.4byte	0x169d
 3958 1e04 04       		.byte	0x4
 3959 1e05 00       		.byte	0
 3960 1e06 07       		.uleb128 0x7
 3961 1e07 BC060000 		.4byte	.LASF401
 3962 1e0b 22       		.byte	0x22
 3963 1e0c 4501     		.2byte	0x145
 3964 1e0e 03       		.byte	0x3
 3965 1e0f DF1D0000 		.4byte	0x1ddf
 3966 1e13 0F       		.uleb128 0xf
 3967 1e14 061E0000 		.4byte	0x1e06
 3968 1e18 07       		.uleb128 0x7
 3969 1e19 35120000 		.4byte	.LASF402
 3970 1e1d 22       		.byte	0x22
 3971 1e1e 4D01     		.2byte	0x14d
 3972 1e20 10       		.byte	0x10
 3973 1e21 251E0000 		.4byte	0x1e25
 3974 1e25 05       		.uleb128 0x5
 3975 1e26 04       		.byte	0x4
 3976 1e27 2B1E0000 		.4byte	0x1e2b
 3977 1e2b 1F       		.uleb128 0x1f
 3978 1e2c 361E0000 		.4byte	0x1e36
 3979 1e30 16       		.uleb128 0x16
 3980 1e31 361E0000 		.4byte	0x1e36
 3981 1e35 00       		.byte	0
 3982 1e36 05       		.uleb128 0x5
 3983 1e37 04       		.byte	0x4
 3984 1e38 DD1B0000 		.4byte	0x1bdd
 3985 1e3c 07       		.uleb128 0x7
 3986 1e3d E90A0000 		.4byte	.LASF403
 3987 1e41 22       		.byte	0x22
 3988 1e42 5601     		.2byte	0x156
 3989 1e44 10       		.byte	0x10
 3990 1e45 491E0000 		.4byte	0x1e49
ARM GAS  /tmp/ccFiYdB4.s 			page 71


 3991 1e49 05       		.uleb128 0x5
 3992 1e4a 04       		.byte	0x4
 3993 1e4b 4F1E0000 		.4byte	0x1e4f
 3994 1e4f 1F       		.uleb128 0x1f
 3995 1e50 5F1E0000 		.4byte	0x1e5f
 3996 1e54 16       		.uleb128 0x16
 3997 1e55 361E0000 		.4byte	0x1e36
 3998 1e59 16       		.uleb128 0x16
 3999 1e5a 031D0000 		.4byte	0x1d03
 4000 1e5e 00       		.byte	0
 4001 1e5f 07       		.uleb128 0x7
 4002 1e60 BA050000 		.4byte	.LASF404
 4003 1e64 22       		.byte	0x22
 4004 1e65 5F01     		.2byte	0x15f
 4005 1e67 10       		.byte	0x10
 4006 1e68 6C1E0000 		.4byte	0x1e6c
 4007 1e6c 05       		.uleb128 0x5
 4008 1e6d 04       		.byte	0x4
 4009 1e6e 721E0000 		.4byte	0x1e72
 4010 1e72 1F       		.uleb128 0x1f
 4011 1e73 821E0000 		.4byte	0x1e82
 4012 1e77 16       		.uleb128 0x16
 4013 1e78 361E0000 		.4byte	0x1e36
 4014 1e7c 16       		.uleb128 0x16
 4015 1e7d D21D0000 		.4byte	0x1dd2
 4016 1e81 00       		.byte	0
 4017 1e82 07       		.uleb128 0x7
 4018 1e83 1D120000 		.4byte	.LASF405
 4019 1e87 22       		.byte	0x22
 4020 1e88 6B01     		.2byte	0x16b
 4021 1e8a 10       		.byte	0x10
 4022 1e8b 8F1E0000 		.4byte	0x1e8f
 4023 1e8f 05       		.uleb128 0x5
 4024 1e90 04       		.byte	0x4
 4025 1e91 951E0000 		.4byte	0x1e95
 4026 1e95 15       		.uleb128 0x15
 4027 1e96 6E120000 		.4byte	0x126e
 4028 1e9a A41E0000 		.4byte	0x1ea4
 4029 1e9e 16       		.uleb128 0x16
 4030 1e9f 361E0000 		.4byte	0x1e36
 4031 1ea3 00       		.byte	0
 4032 1ea4 07       		.uleb128 0x7
 4033 1ea5 DF100000 		.4byte	.LASF406
 4034 1ea9 22       		.byte	0x22
 4035 1eaa 7001     		.2byte	0x170
 4036 1eac 21       		.byte	0x21
 4037 1ead B11E0000 		.4byte	0x1eb1
 4038 1eb1 05       		.uleb128 0x5
 4039 1eb2 04       		.byte	0x4
 4040 1eb3 B71E0000 		.4byte	0x1eb7
 4041 1eb7 15       		.uleb128 0x15
 4042 1eb8 D51E0000 		.4byte	0x1ed5
 4043 1ebc D51E0000 		.4byte	0x1ed5
 4044 1ec0 16       		.uleb128 0x16
 4045 1ec1 361E0000 		.4byte	0x1e36
 4046 1ec5 16       		.uleb128 0x16
 4047 1ec6 59090000 		.4byte	0x959
ARM GAS  /tmp/ccFiYdB4.s 			page 72


 4048 1eca 16       		.uleb128 0x16
 4049 1ecb 59090000 		.4byte	0x959
 4050 1ecf 16       		.uleb128 0x16
 4051 1ed0 6A090000 		.4byte	0x96a
 4052 1ed4 00       		.byte	0
 4053 1ed5 05       		.uleb128 0x5
 4054 1ed6 04       		.byte	0x4
 4055 1ed7 131E0000 		.4byte	0x1e13
 4056 1edb 0C       		.uleb128 0xc
 4057 1edc 20       		.byte	0x20
 4058 1edd 24       		.byte	0x24
 4059 1ede 29       		.byte	0x29
 4060 1edf 09       		.byte	0x9
 4061 1ee0 4D1F0000 		.4byte	0x1f4d
 4062 1ee4 0D       		.uleb128 0xd
 4063 1ee5 D6040000 		.4byte	.LASF407
 4064 1ee9 24       		.byte	0x24
 4065 1eea 2A       		.byte	0x2a
 4066 1eeb 15       		.byte	0x15
 4067 1eec 98090000 		.4byte	0x998
 4068 1ef0 00       		.byte	0
 4069 1ef1 0D       		.uleb128 0xd
 4070 1ef2 D3000000 		.4byte	.LASF408
 4071 1ef6 24       		.byte	0x24
 4072 1ef7 2C       		.byte	0x2c
 4073 1ef8 15       		.byte	0x15
 4074 1ef9 98090000 		.4byte	0x998
 4075 1efd 04       		.byte	0x4
 4076 1efe 0D       		.uleb128 0xd
 4077 1eff AC0B0000 		.4byte	.LASF409
 4078 1f03 24       		.byte	0x24
 4079 1f04 2D       		.byte	0x2d
 4080 1f05 15       		.byte	0x15
 4081 1f06 98090000 		.4byte	0x998
 4082 1f0a 08       		.byte	0x8
 4083 1f0b 0D       		.uleb128 0xd
 4084 1f0c 2C0F0000 		.4byte	.LASF410
 4085 1f10 24       		.byte	0x24
 4086 1f11 2E       		.byte	0x2e
 4087 1f12 15       		.byte	0x15
 4088 1f13 98090000 		.4byte	0x998
 4089 1f17 0C       		.byte	0xc
 4090 1f18 0D       		.uleb128 0xd
 4091 1f19 39060000 		.4byte	.LASF411
 4092 1f1d 24       		.byte	0x24
 4093 1f1e 30       		.byte	0x30
 4094 1f1f 15       		.byte	0x15
 4095 1f20 98090000 		.4byte	0x998
 4096 1f24 10       		.byte	0x10
 4097 1f25 0D       		.uleb128 0xd
 4098 1f26 4E0D0000 		.4byte	.LASF412
 4099 1f2a 24       		.byte	0x24
 4100 1f2b 32       		.byte	0x32
 4101 1f2c 15       		.byte	0x15
 4102 1f2d 98090000 		.4byte	0x998
 4103 1f31 14       		.byte	0x14
 4104 1f32 0D       		.uleb128 0xd
ARM GAS  /tmp/ccFiYdB4.s 			page 73


 4105 1f33 B6110000 		.4byte	.LASF413
 4106 1f37 24       		.byte	0x24
 4107 1f38 33       		.byte	0x33
 4108 1f39 15       		.byte	0x15
 4109 1f3a 98090000 		.4byte	0x998
 4110 1f3e 18       		.byte	0x18
 4111 1f3f 0D       		.uleb128 0xd
 4112 1f40 15120000 		.4byte	.LASF414
 4113 1f44 24       		.byte	0x24
 4114 1f45 34       		.byte	0x34
 4115 1f46 15       		.byte	0x15
 4116 1f47 98090000 		.4byte	0x998
 4117 1f4b 1C       		.byte	0x1c
 4118 1f4c 00       		.byte	0
 4119 1f4d 03       		.uleb128 0x3
 4120 1f4e D8050000 		.4byte	.LASF415
 4121 1f52 24       		.byte	0x24
 4122 1f53 35       		.byte	0x35
 4123 1f54 03       		.byte	0x3
 4124 1f55 DB1E0000 		.4byte	0x1edb
 4125 1f59 0C       		.uleb128 0xc
 4126 1f5a 20       		.byte	0x20
 4127 1f5b 24       		.byte	0x24
 4128 1f5c 3A       		.byte	0x3a
 4129 1f5d 09       		.byte	0x9
 4130 1f5e CB1F0000 		.4byte	0x1fcb
 4131 1f62 0D       		.uleb128 0xd
 4132 1f63 2D120000 		.4byte	.LASF416
 4133 1f67 24       		.byte	0x24
 4134 1f68 3B       		.byte	0x3b
 4135 1f69 15       		.byte	0x15
 4136 1f6a 98090000 		.4byte	0x998
 4137 1f6e 00       		.byte	0
 4138 1f6f 0D       		.uleb128 0xd
 4139 1f70 43010000 		.4byte	.LASF417
 4140 1f74 24       		.byte	0x24
 4141 1f75 3D       		.byte	0x3d
 4142 1f76 15       		.byte	0x15
 4143 1f77 98090000 		.4byte	0x998
 4144 1f7b 04       		.byte	0x4
 4145 1f7c 0D       		.uleb128 0xd
 4146 1f7d 8D120000 		.4byte	.LASF418
 4147 1f81 24       		.byte	0x24
 4148 1f82 3E       		.byte	0x3e
 4149 1f83 15       		.byte	0x15
 4150 1f84 98090000 		.4byte	0x998
 4151 1f88 08       		.byte	0x8
 4152 1f89 0D       		.uleb128 0xd
 4153 1f8a E9000000 		.4byte	.LASF419
 4154 1f8e 24       		.byte	0x24
 4155 1f8f 40       		.byte	0x40
 4156 1f90 15       		.byte	0x15
 4157 1f91 98090000 		.4byte	0x998
 4158 1f95 0C       		.byte	0xc
 4159 1f96 0D       		.uleb128 0xd
 4160 1f97 A9040000 		.4byte	.LASF420
 4161 1f9b 24       		.byte	0x24
ARM GAS  /tmp/ccFiYdB4.s 			page 74


 4162 1f9c 41       		.byte	0x41
 4163 1f9d 15       		.byte	0x15
 4164 1f9e 98090000 		.4byte	0x998
 4165 1fa2 10       		.byte	0x10
 4166 1fa3 0D       		.uleb128 0xd
 4167 1fa4 4E0D0000 		.4byte	.LASF412
 4168 1fa8 24       		.byte	0x24
 4169 1fa9 43       		.byte	0x43
 4170 1faa 15       		.byte	0x15
 4171 1fab 98090000 		.4byte	0x998
 4172 1faf 14       		.byte	0x14
 4173 1fb0 0D       		.uleb128 0xd
 4174 1fb1 BE110000 		.4byte	.LASF421
 4175 1fb5 24       		.byte	0x24
 4176 1fb6 44       		.byte	0x44
 4177 1fb7 15       		.byte	0x15
 4178 1fb8 98090000 		.4byte	0x998
 4179 1fbc 18       		.byte	0x18
 4180 1fbd 0D       		.uleb128 0xd
 4181 1fbe C6110000 		.4byte	.LASF422
 4182 1fc2 24       		.byte	0x24
 4183 1fc3 46       		.byte	0x46
 4184 1fc4 15       		.byte	0x15
 4185 1fc5 98090000 		.4byte	0x998
 4186 1fc9 1C       		.byte	0x1c
 4187 1fca 00       		.byte	0
 4188 1fcb 03       		.uleb128 0x3
 4189 1fcc DC0F0000 		.4byte	.LASF423
 4190 1fd0 24       		.byte	0x24
 4191 1fd1 47       		.byte	0x47
 4192 1fd2 03       		.byte	0x3
 4193 1fd3 591F0000 		.4byte	0x1f59
 4194 1fd7 0C       		.uleb128 0xc
 4195 1fd8 20       		.byte	0x20
 4196 1fd9 24       		.byte	0x24
 4197 1fda 4C       		.byte	0x4c
 4198 1fdb 09       		.byte	0x9
 4199 1fdc 49200000 		.4byte	0x2049
 4200 1fe0 0D       		.uleb128 0xd
 4201 1fe1 83030000 		.4byte	.LASF424
 4202 1fe5 24       		.byte	0x24
 4203 1fe6 4D       		.byte	0x4d
 4204 1fe7 15       		.byte	0x15
 4205 1fe8 98090000 		.4byte	0x998
 4206 1fec 00       		.byte	0
 4207 1fed 0D       		.uleb128 0xd
 4208 1fee 43010000 		.4byte	.LASF417
 4209 1ff2 24       		.byte	0x24
 4210 1ff3 4F       		.byte	0x4f
 4211 1ff4 15       		.byte	0x15
 4212 1ff5 98090000 		.4byte	0x998
 4213 1ff9 04       		.byte	0x4
 4214 1ffa 0D       		.uleb128 0xd
 4215 1ffb E8030000 		.4byte	.LASF425
 4216 1fff 24       		.byte	0x24
 4217 2000 50       		.byte	0x50
 4218 2001 15       		.byte	0x15
ARM GAS  /tmp/ccFiYdB4.s 			page 75


 4219 2002 98090000 		.4byte	0x998
 4220 2006 08       		.byte	0x8
 4221 2007 0D       		.uleb128 0xd
 4222 2008 E9000000 		.4byte	.LASF419
 4223 200c 24       		.byte	0x24
 4224 200d 52       		.byte	0x52
 4225 200e 15       		.byte	0x15
 4226 200f 98090000 		.4byte	0x998
 4227 2013 0C       		.byte	0xc
 4228 2014 0D       		.uleb128 0xd
 4229 2015 590B0000 		.4byte	.LASF426
 4230 2019 24       		.byte	0x24
 4231 201a 53       		.byte	0x53
 4232 201b 15       		.byte	0x15
 4233 201c 98090000 		.4byte	0x998
 4234 2020 10       		.byte	0x10
 4235 2021 0D       		.uleb128 0xd
 4236 2022 4E0D0000 		.4byte	.LASF412
 4237 2026 24       		.byte	0x24
 4238 2027 55       		.byte	0x55
 4239 2028 15       		.byte	0x15
 4240 2029 98090000 		.4byte	0x998
 4241 202d 14       		.byte	0x14
 4242 202e 0D       		.uleb128 0xd
 4243 202f B6110000 		.4byte	.LASF413
 4244 2033 24       		.byte	0x24
 4245 2034 56       		.byte	0x56
 4246 2035 15       		.byte	0x15
 4247 2036 98090000 		.4byte	0x998
 4248 203a 18       		.byte	0x18
 4249 203b 0D       		.uleb128 0xd
 4250 203c C6110000 		.4byte	.LASF422
 4251 2040 24       		.byte	0x24
 4252 2041 57       		.byte	0x57
 4253 2042 15       		.byte	0x15
 4254 2043 98090000 		.4byte	0x998
 4255 2047 1C       		.byte	0x1c
 4256 2048 00       		.byte	0
 4257 2049 03       		.uleb128 0x3
 4258 204a EF040000 		.4byte	.LASF427
 4259 204e 24       		.byte	0x24
 4260 204f 58       		.byte	0x58
 4261 2050 03       		.byte	0x3
 4262 2051 D71F0000 		.4byte	0x1fd7
 4263 2055 28       		.uleb128 0x28
 4264 2056 00100100 		.4byte	0x11000
 4265 205a 24       		.byte	0x24
 4266 205b 5D       		.byte	0x5d
 4267 205c 09       		.byte	0x9
 4268 205d 6C230000 		.4byte	0x236c
 4269 2061 0D       		.uleb128 0xd
 4270 2062 D1090000 		.4byte	.LASF428
 4271 2066 24       		.byte	0x24
 4272 2067 5E       		.byte	0x5e
 4273 2068 15       		.byte	0x15
 4274 2069 98090000 		.4byte	0x998
 4275 206d 00       		.byte	0
ARM GAS  /tmp/ccFiYdB4.s 			page 76


 4276 206e 0D       		.uleb128 0xd
 4277 206f 350A0000 		.4byte	.LASF429
 4278 2073 24       		.byte	0x24
 4279 2074 5F       		.byte	0x5f
 4280 2075 15       		.byte	0x15
 4281 2076 98090000 		.4byte	0x998
 4282 207a 04       		.byte	0x4
 4283 207b 0D       		.uleb128 0xd
 4284 207c 54080000 		.4byte	.LASF430
 4285 2080 24       		.byte	0x24
 4286 2081 60       		.byte	0x60
 4287 2082 15       		.byte	0x15
 4288 2083 98090000 		.4byte	0x998
 4289 2087 08       		.byte	0x8
 4290 2088 0D       		.uleb128 0xd
 4291 2089 F4070000 		.4byte	.LASF431
 4292 208d 24       		.byte	0x24
 4293 208e 61       		.byte	0x61
 4294 208f 15       		.byte	0x15
 4295 2090 98090000 		.4byte	0x998
 4296 2094 0C       		.byte	0xc
 4297 2095 0D       		.uleb128 0xd
 4298 2096 43120000 		.4byte	.LASF432
 4299 209a 24       		.byte	0x24
 4300 209b 62       		.byte	0x62
 4301 209c 15       		.byte	0x15
 4302 209d 98090000 		.4byte	0x998
 4303 20a1 10       		.byte	0x10
 4304 20a2 0D       		.uleb128 0xd
 4305 20a3 4B120000 		.4byte	.LASF433
 4306 20a7 24       		.byte	0x24
 4307 20a8 63       		.byte	0x63
 4308 20a9 15       		.byte	0x15
 4309 20aa 98090000 		.4byte	0x998
 4310 20ae 14       		.byte	0x14
 4311 20af 0D       		.uleb128 0xd
 4312 20b0 060D0000 		.4byte	.LASF434
 4313 20b4 24       		.byte	0x24
 4314 20b5 64       		.byte	0x64
 4315 20b6 15       		.byte	0x15
 4316 20b7 98090000 		.4byte	0x998
 4317 20bb 18       		.byte	0x18
 4318 20bc 0D       		.uleb128 0xd
 4319 20bd F7090000 		.4byte	.LASF435
 4320 20c1 24       		.byte	0x24
 4321 20c2 65       		.byte	0x65
 4322 20c3 15       		.byte	0x15
 4323 20c4 98090000 		.4byte	0x998
 4324 20c8 1C       		.byte	0x1c
 4325 20c9 0D       		.uleb128 0xd
 4326 20ca 6B0A0000 		.4byte	.LASF436
 4327 20ce 24       		.byte	0x24
 4328 20cf 67       		.byte	0x67
 4329 20d0 15       		.byte	0x15
 4330 20d1 98090000 		.4byte	0x998
 4331 20d5 20       		.byte	0x20
 4332 20d6 0D       		.uleb128 0xd
ARM GAS  /tmp/ccFiYdB4.s 			page 77


 4333 20d7 75070000 		.4byte	.LASF437
 4334 20db 24       		.byte	0x24
 4335 20dc 69       		.byte	0x69
 4336 20dd 15       		.byte	0x15
 4337 20de 98090000 		.4byte	0x998
 4338 20e2 24       		.byte	0x24
 4339 20e3 0D       		.uleb128 0xd
 4340 20e4 73020000 		.4byte	.LASF438
 4341 20e8 24       		.byte	0x24
 4342 20e9 6A       		.byte	0x6a
 4343 20ea 15       		.byte	0x15
 4344 20eb 98090000 		.4byte	0x998
 4345 20ef 28       		.byte	0x28
 4346 20f0 0D       		.uleb128 0xd
 4347 20f1 95120000 		.4byte	.LASF439
 4348 20f5 24       		.byte	0x24
 4349 20f6 6C       		.byte	0x6c
 4350 20f7 15       		.byte	0x15
 4351 20f8 98090000 		.4byte	0x998
 4352 20fc 2C       		.byte	0x2c
 4353 20fd 0D       		.uleb128 0xd
 4354 20fe 11140000 		.4byte	.LASF440
 4355 2102 24       		.byte	0x24
 4356 2103 6E       		.byte	0x6e
 4357 2104 15       		.byte	0x15
 4358 2105 98090000 		.4byte	0x998
 4359 2109 30       		.byte	0x30
 4360 210a 0D       		.uleb128 0xd
 4361 210b 23140000 		.4byte	.LASF441
 4362 210f 24       		.byte	0x24
 4363 2110 6F       		.byte	0x6f
 4364 2111 15       		.byte	0x15
 4365 2112 98090000 		.4byte	0x998
 4366 2116 34       		.byte	0x34
 4367 2117 0D       		.uleb128 0xd
 4368 2118 53060000 		.4byte	.LASF442
 4369 211c 24       		.byte	0x24
 4370 211d 70       		.byte	0x70
 4371 211e 15       		.byte	0x15
 4372 211f 98090000 		.4byte	0x998
 4373 2123 38       		.byte	0x38
 4374 2124 11       		.uleb128 0x11
 4375 2125 43494400 		.ascii	"CID\000"
 4376 2129 24       		.byte	0x24
 4377 212a 71       		.byte	0x71
 4378 212b 15       		.byte	0x15
 4379 212c 98090000 		.4byte	0x998
 4380 2130 3C       		.byte	0x3c
 4381 2131 0D       		.uleb128 0xd
 4382 2132 40150000 		.4byte	.LASF443
 4383 2136 24       		.byte	0x24
 4384 2137 72       		.byte	0x72
 4385 2138 15       		.byte	0x15
 4386 2139 7C230000 		.4byte	0x237c
 4387 213d 40       		.byte	0x40
 4388 213e 13       		.uleb128 0x13
 4389 213f BC0E0000 		.4byte	.LASF444
ARM GAS  /tmp/ccFiYdB4.s 			page 78


 4390 2143 24       		.byte	0x24
 4391 2144 73       		.byte	0x73
 4392 2145 15       		.byte	0x15
 4393 2146 98090000 		.4byte	0x998
 4394 214a 0001     		.2byte	0x100
 4395 214c 13       		.uleb128 0x13
 4396 214d A5070000 		.4byte	.LASF445
 4397 2151 24       		.byte	0x24
 4398 2152 75       		.byte	0x75
 4399 2153 15       		.byte	0x15
 4400 2154 CD0E0000 		.4byte	0xecd
 4401 2158 0401     		.2byte	0x104
 4402 215a 13       		.uleb128 0x13
 4403 215b D1150000 		.4byte	.LASF446
 4404 215f 24       		.byte	0x24
 4405 2160 77       		.byte	0x77
 4406 2161 15       		.byte	0x15
 4407 2162 91230000 		.4byte	0x2391
 4408 2166 4001     		.2byte	0x140
 4409 2168 13       		.uleb128 0x13
 4410 2169 D1040000 		.4byte	.LASF447
 4411 216d 24       		.byte	0x24
 4412 216e 78       		.byte	0x78
 4413 216f 15       		.byte	0x15
 4414 2170 98090000 		.4byte	0x998
 4415 2174 0004     		.2byte	0x400
 4416 2176 13       		.uleb128 0x13
 4417 2177 3E010000 		.4byte	.LASF448
 4418 217b 24       		.byte	0x24
 4419 217c 79       		.byte	0x79
 4420 217d 15       		.byte	0x15
 4421 217e 98090000 		.4byte	0x998
 4422 2182 0404     		.2byte	0x404
 4423 2184 13       		.uleb128 0x13
 4424 2185 AE050000 		.4byte	.LASF449
 4425 2189 24       		.byte	0x24
 4426 218a 7A       		.byte	0x7a
 4427 218b 15       		.byte	0x15
 4428 218c 98090000 		.4byte	0x998
 4429 2190 0804     		.2byte	0x408
 4430 2192 13       		.uleb128 0x13
 4431 2193 BE090000 		.4byte	.LASF450
 4432 2197 24       		.byte	0x24
 4433 2198 7C       		.byte	0x7c
 4434 2199 15       		.byte	0x15
 4435 219a 98090000 		.4byte	0x998
 4436 219e 0C04     		.2byte	0x40c
 4437 21a0 13       		.uleb128 0x13
 4438 21a1 B7070000 		.4byte	.LASF451
 4439 21a5 24       		.byte	0x24
 4440 21a6 7D       		.byte	0x7d
 4441 21a7 15       		.byte	0x15
 4442 21a8 98090000 		.4byte	0x998
 4443 21ac 1004     		.2byte	0x410
 4444 21ae 13       		.uleb128 0x13
 4445 21af FC030000 		.4byte	.LASF452
 4446 21b3 24       		.byte	0x24
ARM GAS  /tmp/ccFiYdB4.s 			page 79


 4447 21b4 7F       		.byte	0x7f
 4448 21b5 15       		.byte	0x15
 4449 21b6 98090000 		.4byte	0x998
 4450 21ba 1404     		.2byte	0x414
 4451 21bc 13       		.uleb128 0x13
 4452 21bd BE0C0000 		.4byte	.LASF453
 4453 21c1 24       		.byte	0x24
 4454 21c2 81       		.byte	0x81
 4455 21c3 15       		.byte	0x15
 4456 21c4 98090000 		.4byte	0x998
 4457 21c8 1804     		.2byte	0x418
 4458 21ca 13       		.uleb128 0x13
 4459 21cb 880A0000 		.4byte	.LASF454
 4460 21cf 24       		.byte	0x24
 4461 21d0 83       		.byte	0x83
 4462 21d1 15       		.byte	0x15
 4463 21d2 A6230000 		.4byte	0x23a6
 4464 21d6 1C04     		.2byte	0x41c
 4465 21d8 13       		.uleb128 0x13
 4466 21d9 010F0000 		.4byte	.LASF455
 4467 21dd 24       		.byte	0x24
 4468 21de 84       		.byte	0x84
 4469 21df 15       		.byte	0x15
 4470 21e0 98090000 		.4byte	0x998
 4471 21e4 4004     		.2byte	0x440
 4472 21e6 13       		.uleb128 0x13
 4473 21e7 5D150000 		.4byte	.LASF456
 4474 21eb 24       		.byte	0x24
 4475 21ec 86       		.byte	0x86
 4476 21ed 15       		.byte	0x15
 4477 21ee BB230000 		.4byte	0x23bb
 4478 21f2 4404     		.2byte	0x444
 4479 21f4 29       		.uleb128 0x29
 4480 21f5 686300   		.ascii	"hc\000"
 4481 21f8 24       		.byte	0x24
 4482 21f9 87       		.byte	0x87
 4483 21fa 18       		.byte	0x18
 4484 21fb C0230000 		.4byte	0x23c0
 4485 21ff 0005     		.2byte	0x500
 4486 2201 13       		.uleb128 0x13
 4487 2202 7D010000 		.4byte	.LASF457
 4488 2206 24       		.byte	0x24
 4489 2207 88       		.byte	0x88
 4490 2208 15       		.byte	0x15
 4491 2209 E0230000 		.4byte	0x23e0
 4492 220d 0007     		.2byte	0x700
 4493 220f 13       		.uleb128 0x13
 4494 2210 72040000 		.4byte	.LASF458
 4495 2214 24       		.byte	0x24
 4496 2215 89       		.byte	0x89
 4497 2216 15       		.byte	0x15
 4498 2217 98090000 		.4byte	0x998
 4499 221b 0008     		.2byte	0x800
 4500 221d 13       		.uleb128 0x13
 4501 221e 2F030000 		.4byte	.LASF459
 4502 2222 24       		.byte	0x24
 4503 2223 8A       		.byte	0x8a
ARM GAS  /tmp/ccFiYdB4.s 			page 80


 4504 2224 15       		.byte	0x15
 4505 2225 98090000 		.4byte	0x998
 4506 2229 0408     		.2byte	0x804
 4507 222b 13       		.uleb128 0x13
 4508 222c B7140000 		.4byte	.LASF460
 4509 2230 24       		.byte	0x24
 4510 2231 8B       		.byte	0x8b
 4511 2232 15       		.byte	0x15
 4512 2233 98090000 		.4byte	0x998
 4513 2237 0808     		.2byte	0x808
 4514 2239 13       		.uleb128 0x13
 4515 223a 18050000 		.4byte	.LASF461
 4516 223e 24       		.byte	0x24
 4517 223f 8C       		.byte	0x8c
 4518 2240 15       		.byte	0x15
 4519 2241 98090000 		.4byte	0x998
 4520 2245 0C08     		.2byte	0x80c
 4521 2247 13       		.uleb128 0x13
 4522 2248 C9040000 		.4byte	.LASF462
 4523 224c 24       		.byte	0x24
 4524 224d 8D       		.byte	0x8d
 4525 224e 15       		.byte	0x15
 4526 224f 98090000 		.4byte	0x998
 4527 2253 1008     		.2byte	0x810
 4528 2255 13       		.uleb128 0x13
 4529 2256 40030000 		.4byte	.LASF463
 4530 225a 24       		.byte	0x24
 4531 225b 8F       		.byte	0x8f
 4532 225c 15       		.byte	0x15
 4533 225d 98090000 		.4byte	0x998
 4534 2261 1408     		.2byte	0x814
 4535 2263 13       		.uleb128 0x13
 4536 2264 3A030000 		.4byte	.LASF464
 4537 2268 24       		.byte	0x24
 4538 2269 91       		.byte	0x91
 4539 226a 15       		.byte	0x15
 4540 226b 98090000 		.4byte	0x998
 4541 226f 1808     		.2byte	0x818
 4542 2271 13       		.uleb128 0x13
 4543 2272 B20F0000 		.4byte	.LASF465
 4544 2276 24       		.byte	0x24
 4545 2277 93       		.byte	0x93
 4546 2278 15       		.byte	0x15
 4547 2279 98090000 		.4byte	0x998
 4548 227d 1C08     		.2byte	0x81c
 4549 227f 13       		.uleb128 0x13
 4550 2280 9B0B0000 		.4byte	.LASF466
 4551 2284 24       		.byte	0x24
 4552 2285 95       		.byte	0x95
 4553 2286 15       		.byte	0x15
 4554 2287 98090000 		.4byte	0x998
 4555 228b 2008     		.2byte	0x820
 4556 228d 13       		.uleb128 0x13
 4557 228e 59060000 		.4byte	.LASF467
 4558 2292 24       		.byte	0x24
 4559 2293 96       		.byte	0x96
 4560 2294 15       		.byte	0x15
ARM GAS  /tmp/ccFiYdB4.s 			page 81


 4561 2295 98090000 		.4byte	0x998
 4562 2299 2408     		.2byte	0x824
 4563 229b 13       		.uleb128 0x13
 4564 229c D30F0000 		.4byte	.LASF468
 4565 22a0 24       		.byte	0x24
 4566 22a1 97       		.byte	0x97
 4567 22a2 15       		.byte	0x15
 4568 22a3 98090000 		.4byte	0x998
 4569 22a7 2808     		.2byte	0x828
 4570 22a9 13       		.uleb128 0x13
 4571 22aa 62060000 		.4byte	.LASF469
 4572 22ae 24       		.byte	0x24
 4573 22af 99       		.byte	0x99
 4574 22b0 15       		.byte	0x15
 4575 22b1 98090000 		.4byte	0x998
 4576 22b5 2C08     		.2byte	0x82c
 4577 22b7 13       		.uleb128 0x13
 4578 22b8 020E0000 		.4byte	.LASF470
 4579 22bc 24       		.byte	0x24
 4580 22bd 9B       		.byte	0x9b
 4581 22be 15       		.byte	0x15
 4582 22bf 98090000 		.4byte	0x998
 4583 22c3 3008     		.2byte	0x830
 4584 22c5 13       		.uleb128 0x13
 4585 22c6 B1060000 		.4byte	.LASF471
 4586 22ca 24       		.byte	0x24
 4587 22cb 9C       		.byte	0x9c
 4588 22cc 15       		.byte	0x15
 4589 22cd 98090000 		.4byte	0x998
 4590 22d1 3408     		.2byte	0x834
 4591 22d3 13       		.uleb128 0x13
 4592 22d4 E00A0000 		.4byte	.LASF472
 4593 22d8 24       		.byte	0x24
 4594 22d9 9E       		.byte	0x9e
 4595 22da 15       		.byte	0x15
 4596 22db 98090000 		.4byte	0x998
 4597 22df 3808     		.2byte	0x838
 4598 22e1 13       		.uleb128 0x13
 4599 22e2 C50E0000 		.4byte	.LASF473
 4600 22e6 24       		.byte	0x24
 4601 22e7 9F       		.byte	0x9f
 4602 22e8 15       		.byte	0x15
 4603 22e9 98090000 		.4byte	0x998
 4604 22ed 3C08     		.2byte	0x83c
 4605 22ef 13       		.uleb128 0x13
 4606 22f0 83070000 		.4byte	.LASF474
 4607 22f4 24       		.byte	0x24
 4608 22f5 A0       		.byte	0xa0
 4609 22f6 15       		.byte	0x15
 4610 22f7 F5230000 		.4byte	0x23f5
 4611 22fb 4008     		.2byte	0x840
 4612 22fd 13       		.uleb128 0x13
 4613 22fe 0F0B0000 		.4byte	.LASF475
 4614 2302 24       		.byte	0x24
 4615 2303 A1       		.byte	0xa1
 4616 2304 15       		.byte	0x15
 4617 2305 F5230000 		.4byte	0x23f5
ARM GAS  /tmp/ccFiYdB4.s 			page 82


 4618 2309 8008     		.2byte	0x880
 4619 230b 13       		.uleb128 0x13
 4620 230c 6F140000 		.4byte	.LASF476
 4621 2310 24       		.byte	0x24
 4622 2311 A2       		.byte	0xa2
 4623 2312 15       		.byte	0x15
 4624 2313 F5230000 		.4byte	0x23f5
 4625 2317 C008     		.2byte	0x8c0
 4626 2319 29       		.uleb128 0x29
 4627 231a 696500   		.ascii	"ie\000"
 4628 231d 24       		.byte	0x24
 4629 231e A3       		.byte	0xa3
 4630 231f 15       		.byte	0x15
 4631 2320 FA230000 		.4byte	0x23fa
 4632 2324 0009     		.2byte	0x900
 4633 2326 29       		.uleb128 0x29
 4634 2327 6F6500   		.ascii	"oe\000"
 4635 232a 24       		.byte	0x24
 4636 232b A4       		.byte	0xa4
 4637 232c 16       		.byte	0x16
 4638 232d 0A240000 		.4byte	0x240a
 4639 2331 000B     		.2byte	0xb00
 4640 2333 13       		.uleb128 0x13
 4641 2334 9C0E0000 		.4byte	.LASF477
 4642 2338 24       		.byte	0x24
 4643 2339 A5       		.byte	0xa5
 4644 233a 15       		.byte	0x15
 4645 233b E0230000 		.4byte	0x23e0
 4646 233f 000D     		.2byte	0xd00
 4647 2341 13       		.uleb128 0x13
 4648 2342 E1070000 		.4byte	.LASF478
 4649 2346 24       		.byte	0x24
 4650 2347 A6       		.byte	0xa6
 4651 2348 15       		.byte	0x15
 4652 2349 98090000 		.4byte	0x998
 4653 234d 000E     		.2byte	0xe00
 4654 234f 13       		.uleb128 0x13
 4655 2350 6E0C0000 		.4byte	.LASF479
 4656 2354 24       		.byte	0x24
 4657 2355 A8       		.byte	0xa8
 4658 2356 15       		.byte	0x15
 4659 2357 2A240000 		.4byte	0x242a
 4660 235b 040E     		.2byte	0xe04
 4661 235d 13       		.uleb128 0x13
 4662 235e 54010000 		.4byte	.LASF480
 4663 2362 24       		.byte	0x24
 4664 2363 A9       		.byte	0xa9
 4665 2364 15       		.byte	0x15
 4666 2365 46240000 		.4byte	0x2446
 4667 2369 0010     		.2byte	0x1000
 4668 236b 00       		.byte	0
 4669 236c 0A       		.uleb128 0xa
 4670 236d 98090000 		.4byte	0x998
 4671 2371 7C230000 		.4byte	0x237c
 4672 2375 0B       		.uleb128 0xb
 4673 2376 30000000 		.4byte	0x30
 4674 237a 2F       		.byte	0x2f
ARM GAS  /tmp/ccFiYdB4.s 			page 83


 4675 237b 00       		.byte	0
 4676 237c 1A       		.uleb128 0x1a
 4677 237d 6C230000 		.4byte	0x236c
 4678 2381 0A       		.uleb128 0xa
 4679 2382 98090000 		.4byte	0x998
 4680 2386 91230000 		.4byte	0x2391
 4681 238a 0B       		.uleb128 0xb
 4682 238b 30000000 		.4byte	0x30
 4683 238f AF       		.byte	0xaf
 4684 2390 00       		.byte	0
 4685 2391 1A       		.uleb128 0x1a
 4686 2392 81230000 		.4byte	0x2381
 4687 2396 0A       		.uleb128 0xa
 4688 2397 98090000 		.4byte	0x998
 4689 239b A6230000 		.4byte	0x23a6
 4690 239f 0B       		.uleb128 0xb
 4691 23a0 30000000 		.4byte	0x30
 4692 23a4 08       		.byte	0x8
 4693 23a5 00       		.byte	0
 4694 23a6 1A       		.uleb128 0x1a
 4695 23a7 96230000 		.4byte	0x2396
 4696 23ab 0A       		.uleb128 0xa
 4697 23ac 98090000 		.4byte	0x998
 4698 23b0 BB230000 		.4byte	0x23bb
 4699 23b4 0B       		.uleb128 0xb
 4700 23b5 30000000 		.4byte	0x30
 4701 23b9 2E       		.byte	0x2e
 4702 23ba 00       		.byte	0
 4703 23bb 1A       		.uleb128 0x1a
 4704 23bc AB230000 		.4byte	0x23ab
 4705 23c0 0A       		.uleb128 0xa
 4706 23c1 4D1F0000 		.4byte	0x1f4d
 4707 23c5 D0230000 		.4byte	0x23d0
 4708 23c9 0B       		.uleb128 0xb
 4709 23ca 30000000 		.4byte	0x30
 4710 23ce 0F       		.byte	0xf
 4711 23cf 00       		.byte	0
 4712 23d0 0A       		.uleb128 0xa
 4713 23d1 98090000 		.4byte	0x998
 4714 23d5 E0230000 		.4byte	0x23e0
 4715 23d9 0B       		.uleb128 0xb
 4716 23da 30000000 		.4byte	0x30
 4717 23de 3F       		.byte	0x3f
 4718 23df 00       		.byte	0
 4719 23e0 1A       		.uleb128 0x1a
 4720 23e1 D0230000 		.4byte	0x23d0
 4721 23e5 0A       		.uleb128 0xa
 4722 23e6 98090000 		.4byte	0x998
 4723 23ea F5230000 		.4byte	0x23f5
 4724 23ee 0B       		.uleb128 0xb
 4725 23ef 30000000 		.4byte	0x30
 4726 23f3 0F       		.byte	0xf
 4727 23f4 00       		.byte	0
 4728 23f5 1A       		.uleb128 0x1a
 4729 23f6 E5230000 		.4byte	0x23e5
 4730 23fa 0A       		.uleb128 0xa
 4731 23fb CB1F0000 		.4byte	0x1fcb
ARM GAS  /tmp/ccFiYdB4.s 			page 84


 4732 23ff 0A240000 		.4byte	0x240a
 4733 2403 0B       		.uleb128 0xb
 4734 2404 30000000 		.4byte	0x30
 4735 2408 0F       		.byte	0xf
 4736 2409 00       		.byte	0
 4737 240a 0A       		.uleb128 0xa
 4738 240b 49200000 		.4byte	0x2049
 4739 240f 1A240000 		.4byte	0x241a
 4740 2413 0B       		.uleb128 0xb
 4741 2414 30000000 		.4byte	0x30
 4742 2418 0F       		.byte	0xf
 4743 2419 00       		.byte	0
 4744 241a 0A       		.uleb128 0xa
 4745 241b 98090000 		.4byte	0x998
 4746 241f 2A240000 		.4byte	0x242a
 4747 2423 0B       		.uleb128 0xb
 4748 2424 30000000 		.4byte	0x30
 4749 2428 7E       		.byte	0x7e
 4750 2429 00       		.byte	0
 4751 242a 1A       		.uleb128 0x1a
 4752 242b 1A240000 		.4byte	0x241a
 4753 242f 0A       		.uleb128 0xa
 4754 2430 98090000 		.4byte	0x998
 4755 2434 46240000 		.4byte	0x2446
 4756 2438 0B       		.uleb128 0xb
 4757 2439 30000000 		.4byte	0x30
 4758 243d 0F       		.byte	0xf
 4759 243e 2A       		.uleb128 0x2a
 4760 243f 30000000 		.4byte	0x30
 4761 2443 FF03     		.2byte	0x3ff
 4762 2445 00       		.byte	0
 4763 2446 1A       		.uleb128 0x1a
 4764 2447 2F240000 		.4byte	0x242f
 4765 244b 03       		.uleb128 0x3
 4766 244c C00B0000 		.4byte	.LASF481
 4767 2450 24       		.byte	0x24
 4768 2451 AA       		.byte	0xaa
 4769 2452 03       		.byte	0x3
 4770 2453 55200000 		.4byte	0x2055
 4771 2457 1C       		.uleb128 0x1c
 4772 2458 0C       		.byte	0xc
 4773 2459 23       		.byte	0x23
 4774 245a 0401     		.2byte	0x104
 4775 245c 09       		.byte	0x9
 4776 245d 8C240000 		.4byte	0x248c
 4777 2461 18       		.uleb128 0x18
 4778 2462 94000000 		.4byte	.LASF482
 4779 2466 23       		.byte	0x23
 4780 2467 0501     		.2byte	0x105
 4781 2469 21       		.byte	0x21
 4782 246a 8C090000 		.4byte	0x98c
 4783 246e 00       		.byte	0
 4784 246f 18       		.uleb128 0x18
 4785 2470 9F0D0000 		.4byte	.LASF483
 4786 2474 23       		.byte	0x23
 4787 2475 0601     		.2byte	0x106
 4788 2477 21       		.byte	0x21
ARM GAS  /tmp/ccFiYdB4.s 			page 85


 4789 2478 8C090000 		.4byte	0x98c
 4790 247c 04       		.byte	0x4
 4791 247d 18       		.uleb128 0x18
 4792 247e CC080000 		.4byte	.LASF484
 4793 2482 23       		.byte	0x23
 4794 2483 0701     		.2byte	0x107
 4795 2485 21       		.byte	0x21
 4796 2486 8C090000 		.4byte	0x98c
 4797 248a 08       		.byte	0x8
 4798 248b 00       		.byte	0
 4799 248c 07       		.uleb128 0x7
 4800 248d 96020000 		.4byte	.LASF485
 4801 2491 23       		.byte	0x23
 4802 2492 0801     		.2byte	0x108
 4803 2494 03       		.byte	0x3
 4804 2495 57240000 		.4byte	0x2457
 4805 2499 0F       		.uleb128 0xf
 4806 249a 8C240000 		.4byte	0x248c
 4807 249e 1C       		.uleb128 0x1c
 4808 249f 10       		.byte	0x10
 4809 24a0 23       		.byte	0x23
 4810 24a1 0D01     		.2byte	0x10d
 4811 24a3 09       		.byte	0x9
 4812 24a4 E1240000 		.4byte	0x24e1
 4813 24a8 18       		.uleb128 0x18
 4814 24a9 2A090000 		.4byte	.LASF486
 4815 24ad 23       		.byte	0x23
 4816 24ae 1101     		.2byte	0x111
 4817 24b0 21       		.byte	0x21
 4818 24b1 24000000 		.4byte	0x24
 4819 24b5 00       		.byte	0
 4820 24b6 18       		.uleb128 0x18
 4821 24b7 7D070000 		.4byte	.LASF487
 4822 24bb 23       		.byte	0x23
 4823 24bc 1501     		.2byte	0x115
 4824 24be 21       		.byte	0x21
 4825 24bf 24000000 		.4byte	0x24
 4826 24c3 04       		.byte	0x4
 4827 24c4 18       		.uleb128 0x18
 4828 24c5 34030000 		.4byte	.LASF488
 4829 24c9 23       		.byte	0x23
 4830 24ca 1901     		.2byte	0x119
 4831 24cc 22       		.byte	0x22
 4832 24cd 9D160000 		.4byte	0x169d
 4833 24d1 08       		.byte	0x8
 4834 24d2 18       		.uleb128 0x18
 4835 24d3 6D070000 		.4byte	.LASF489
 4836 24d7 23       		.byte	0x23
 4837 24d8 2401     		.2byte	0x124
 4838 24da 21       		.byte	0x21
 4839 24db 24000000 		.4byte	0x24
 4840 24df 0C       		.byte	0xc
 4841 24e0 00       		.byte	0
 4842 24e1 07       		.uleb128 0x7
 4843 24e2 40060000 		.4byte	.LASF490
 4844 24e6 23       		.byte	0x23
 4845 24e7 2501     		.2byte	0x125
ARM GAS  /tmp/ccFiYdB4.s 			page 86


 4846 24e9 03       		.byte	0x3
 4847 24ea 9E240000 		.4byte	0x249e
 4848 24ee 1C       		.uleb128 0x1c
 4849 24ef 10       		.byte	0x10
 4850 24f0 23       		.byte	0x23
 4851 24f1 2A01     		.2byte	0x12a
 4852 24f3 09       		.byte	0x9
 4853 24f4 31250000 		.4byte	0x2531
 4854 24f8 18       		.uleb128 0x18
 4855 24f9 24100000 		.4byte	.LASF491
 4856 24fd 23       		.byte	0x23
 4857 24fe 2E01     		.2byte	0x12e
 4858 2500 21       		.byte	0x21
 4859 2501 24000000 		.4byte	0x24
 4860 2505 00       		.byte	0
 4861 2506 18       		.uleb128 0x18
 4862 2507 F50C0000 		.4byte	.LASF492
 4863 250b 23       		.byte	0x23
 4864 250c 3201     		.2byte	0x132
 4865 250e 21       		.byte	0x21
 4866 250f 24000000 		.4byte	0x24
 4867 2513 04       		.byte	0x4
 4868 2514 18       		.uleb128 0x18
 4869 2515 E2090000 		.4byte	.LASF344
 4870 2519 23       		.byte	0x23
 4871 251a 3601     		.2byte	0x136
 4872 251c 22       		.byte	0x22
 4873 251d BF120000 		.4byte	0x12bf
 4874 2521 08       		.byte	0x8
 4875 2522 18       		.uleb128 0x18
 4876 2523 6D070000 		.4byte	.LASF489
 4877 2527 23       		.byte	0x23
 4878 2528 4101     		.2byte	0x141
 4879 252a 21       		.byte	0x21
 4880 252b 24000000 		.4byte	0x24
 4881 252f 0C       		.byte	0xc
 4882 2530 00       		.byte	0
 4883 2531 07       		.uleb128 0x7
 4884 2532 EB010000 		.4byte	.LASF493
 4885 2536 23       		.byte	0x23
 4886 2537 4201     		.2byte	0x142
 4887 2539 03       		.byte	0x3
 4888 253a EE240000 		.4byte	0x24ee
 4889 253e 1C       		.uleb128 0x1c
 4890 253f 24       		.byte	0x24
 4891 2540 23       		.byte	0x23
 4892 2541 4801     		.2byte	0x148
 4893 2543 09       		.byte	0x9
 4894 2544 D5250000 		.4byte	0x25d5
 4895 2548 18       		.uleb128 0x18
 4896 2549 93010000 		.4byte	.LASF494
 4897 254d 23       		.byte	0x23
 4898 254e 4C01     		.2byte	0x14c
 4899 2550 21       		.byte	0x21
 4900 2551 8C090000 		.4byte	0x98c
 4901 2555 00       		.byte	0
 4902 2556 18       		.uleb128 0x18
ARM GAS  /tmp/ccFiYdB4.s 			page 87


 4903 2557 6D050000 		.4byte	.LASF495
 4904 255b 23       		.byte	0x23
 4905 255c 5701     		.2byte	0x157
 4906 255e 21       		.byte	0x21
 4907 255f 3C1E0000 		.4byte	0x1e3c
 4908 2563 04       		.byte	0x4
 4909 2564 18       		.uleb128 0x18
 4910 2565 8F050000 		.4byte	.LASF496
 4911 2569 23       		.byte	0x23
 4912 256a 5C01     		.2byte	0x15c
 4913 256c 21       		.byte	0x21
 4914 256d 3C1E0000 		.4byte	0x1e3c
 4915 2571 08       		.byte	0x8
 4916 2572 18       		.uleb128 0x18
 4917 2573 A90C0000 		.4byte	.LASF497
 4918 2577 23       		.byte	0x23
 4919 2578 6101     		.2byte	0x161
 4920 257a 21       		.byte	0x21
 4921 257b 3C1E0000 		.4byte	0x1e3c
 4922 257f 0C       		.byte	0xc
 4923 2580 18       		.uleb128 0x18
 4924 2581 FB0C0000 		.4byte	.LASF498
 4925 2585 23       		.byte	0x23
 4926 2586 6601     		.2byte	0x166
 4927 2588 21       		.byte	0x21
 4928 2589 6A090000 		.4byte	0x96a
 4929 258d 10       		.byte	0x10
 4930 258e 18       		.uleb128 0x18
 4931 258f 13060000 		.4byte	.LASF499
 4932 2593 23       		.byte	0x23
 4933 2594 6B01     		.2byte	0x16b
 4934 2596 21       		.byte	0x21
 4935 2597 6A090000 		.4byte	0x96a
 4936 259b 12       		.byte	0x12
 4937 259c 18       		.uleb128 0x18
 4938 259d EE090000 		.4byte	.LASF500
 4939 25a1 23       		.byte	0x23
 4940 25a2 7101     		.2byte	0x171
 4941 25a4 22       		.byte	0x22
 4942 25a5 D5250000 		.4byte	0x25d5
 4943 25a9 14       		.byte	0x14
 4944 25aa 18       		.uleb128 0x18
 4945 25ab 440D0000 		.4byte	.LASF501
 4946 25af 23       		.byte	0x23
 4947 25b0 7701     		.2byte	0x177
 4948 25b2 22       		.byte	0x22
 4949 25b3 DB250000 		.4byte	0x25db
 4950 25b7 18       		.byte	0x18
 4951 25b8 18       		.uleb128 0x18
 4952 25b9 8F080000 		.4byte	.LASF502
 4953 25bd 23       		.byte	0x23
 4954 25be 7E01     		.2byte	0x17e
 4955 25c0 21       		.byte	0x21
 4956 25c1 6A090000 		.4byte	0x96a
 4957 25c5 1C       		.byte	0x1c
 4958 25c6 18       		.uleb128 0x18
 4959 25c7 DB0B0000 		.4byte	.LASF503
ARM GAS  /tmp/ccFiYdB4.s 			page 88


 4960 25cb 23       		.byte	0x23
 4961 25cc 8401     		.2byte	0x184
 4962 25ce 22       		.byte	0x22
 4963 25cf BF120000 		.4byte	0x12bf
 4964 25d3 20       		.byte	0x20
 4965 25d4 00       		.byte	0
 4966 25d5 05       		.uleb128 0x5
 4967 25d6 04       		.byte	0x4
 4968 25d7 E1240000 		.4byte	0x24e1
 4969 25db 05       		.uleb128 0x5
 4970 25dc 04       		.byte	0x4
 4971 25dd 31250000 		.4byte	0x2531
 4972 25e1 07       		.uleb128 0x7
 4973 25e2 71100000 		.4byte	.LASF504
 4974 25e6 23       		.byte	0x23
 4975 25e7 8501     		.2byte	0x185
 4976 25e9 03       		.byte	0x3
 4977 25ea 3E250000 		.4byte	0x253e
 4978 25ee 0F       		.uleb128 0xf
 4979 25ef E1250000 		.4byte	0x25e1
 4980 25f3 1C       		.uleb128 0x1c
 4981 25f4 10       		.byte	0x10
 4982 25f5 23       		.byte	0x23
 4983 25f6 8A01     		.2byte	0x18a
 4984 25f8 09       		.byte	0x9
 4985 25f9 36260000 		.4byte	0x2636
 4986 25fd 18       		.uleb128 0x18
 4987 25fe 2C0A0000 		.4byte	.LASF505
 4988 2602 23       		.byte	0x23
 4989 2603 8F01     		.2byte	0x18f
 4990 2605 21       		.byte	0x21
 4991 2606 5F1E0000 		.4byte	0x1e5f
 4992 260a 00       		.byte	0
 4993 260b 18       		.uleb128 0x18
 4994 260c BC140000 		.4byte	.LASF506
 4995 2610 23       		.byte	0x23
 4996 2611 9401     		.2byte	0x194
 4997 2613 21       		.byte	0x21
 4998 2614 A41E0000 		.4byte	0x1ea4
 4999 2618 04       		.byte	0x4
 5000 2619 18       		.uleb128 0x18
 5001 261a B2040000 		.4byte	.LASF507
 5002 261e 23       		.byte	0x23
 5003 261f 9A01     		.2byte	0x19a
 5004 2621 21       		.byte	0x21
 5005 2622 821E0000 		.4byte	0x1e82
 5006 2626 08       		.byte	0x8
 5007 2627 18       		.uleb128 0x18
 5008 2628 CA150000 		.4byte	.LASF508
 5009 262c 23       		.byte	0x23
 5010 262d 9E01     		.2byte	0x19e
 5011 262f 21       		.byte	0x21
 5012 2630 181E0000 		.4byte	0x1e18
 5013 2634 0C       		.byte	0xc
 5014 2635 00       		.byte	0
 5015 2636 07       		.uleb128 0x7
 5016 2637 910B0000 		.4byte	.LASF509
ARM GAS  /tmp/ccFiYdB4.s 			page 89


 5017 263b 23       		.byte	0x23
 5018 263c A001     		.2byte	0x1a0
 5019 263e 03       		.byte	0x3
 5020 263f F3250000 		.4byte	0x25f3
 5021 2643 0F       		.uleb128 0xf
 5022 2644 36260000 		.4byte	0x2636
 5023 2648 05       		.uleb128 0x5
 5024 2649 04       		.byte	0x4
 5025 264a 43260000 		.4byte	0x2643
 5026 264e 0A       		.uleb128 0xa
 5027 264f 5E260000 		.4byte	0x265e
 5028 2653 5E260000 		.4byte	0x265e
 5029 2657 0B       		.uleb128 0xb
 5030 2658 30000000 		.4byte	0x30
 5031 265c 03       		.byte	0x3
 5032 265d 00       		.byte	0
 5033 265e 05       		.uleb128 0x5
 5034 265f 04       		.byte	0x4
 5035 2660 EE250000 		.4byte	0x25ee
 5036 2664 0A       		.uleb128 0xa
 5037 2665 5C010000 		.4byte	0x15c
 5038 2669 74260000 		.4byte	0x2674
 5039 266d 0B       		.uleb128 0xb
 5040 266e 30000000 		.4byte	0x30
 5041 2672 02       		.byte	0x2
 5042 2673 00       		.byte	0
 5043 2674 0A       		.uleb128 0xa
 5044 2675 59090000 		.4byte	0x959
 5045 2679 84260000 		.4byte	0x2684
 5046 267d 0B       		.uleb128 0xb
 5047 267e 30000000 		.4byte	0x30
 5048 2682 07       		.byte	0x7
 5049 2683 00       		.byte	0
 5050 2684 05       		.uleb128 0x5
 5051 2685 04       		.byte	0x4
 5052 2686 4B240000 		.4byte	0x244b
 5053 268a 05       		.uleb128 0x5
 5054 268b 04       		.byte	0x4
 5055 268c 99240000 		.4byte	0x2499
 5056 2690 20       		.uleb128 0x20
 5057 2691 65100000 		.4byte	.LASF510
 5058 2695 23       		.byte	0x23
 5059 2696 3A02     		.2byte	0x23a
 5060 2698 12       		.byte	0x12
 5061 2699 DD1B0000 		.4byte	0x1bdd
 5062 269d 03       		.uleb128 0x3
 5063 269e 13090000 		.4byte	.LASF511
 5064 26a2 25       		.byte	0x25
 5065 26a3 7F       		.byte	0x7f
 5066 26a4 10       		.byte	0x10
 5067 26a5 A9260000 		.4byte	0x26a9
 5068 26a9 05       		.uleb128 0x5
 5069 26aa 04       		.byte	0x4
 5070 26ab AF260000 		.4byte	0x26af
 5071 26af 1F       		.uleb128 0x1f
 5072 26b0 C4260000 		.4byte	0x26c4
 5073 26b4 16       		.uleb128 0x16
ARM GAS  /tmp/ccFiYdB4.s 			page 90


 5074 26b5 C4260000 		.4byte	0x26c4
 5075 26b9 16       		.uleb128 0x16
 5076 26ba 1D000000 		.4byte	0x1d
 5077 26be 16       		.uleb128 0x16
 5078 26bf CA260000 		.4byte	0x26ca
 5079 26c3 00       		.byte	0
 5080 26c4 05       		.uleb128 0x5
 5081 26c5 04       		.byte	0x4
 5082 26c6 14170000 		.4byte	0x1714
 5083 26ca 05       		.uleb128 0x5
 5084 26cb 04       		.byte	0x4
 5085 26cc 5E010000 		.4byte	0x15e
 5086 26d0 0C       		.uleb128 0xc
 5087 26d1 08       		.byte	0x8
 5088 26d2 25       		.byte	0x25
 5089 26d3 84       		.byte	0x84
 5090 26d4 09       		.byte	0x9
 5091 26d5 F4260000 		.4byte	0x26f4
 5092 26d9 0D       		.uleb128 0xd
 5093 26da A1100000 		.4byte	.LASF512
 5094 26de 25       		.byte	0x25
 5095 26df 85       		.byte	0x85
 5096 26e0 1A       		.byte	0x1a
 5097 26e1 2B060000 		.4byte	0x62b
 5098 26e5 00       		.byte	0
 5099 26e6 0D       		.uleb128 0xd
 5100 26e7 310B0000 		.4byte	.LASF513
 5101 26eb 25       		.byte	0x25
 5102 26ec 86       		.byte	0x86
 5103 26ed 19       		.byte	0x19
 5104 26ee 9D260000 		.4byte	0x269d
 5105 26f2 04       		.byte	0x4
 5106 26f3 00       		.byte	0
 5107 26f4 03       		.uleb128 0x3
 5108 26f5 E3110000 		.4byte	.LASF514
 5109 26f9 25       		.byte	0x25
 5110 26fa 87       		.byte	0x87
 5111 26fb 03       		.byte	0x3
 5112 26fc D0260000 		.4byte	0x26d0
 5113 2700 0F       		.uleb128 0xf
 5114 2701 F4260000 		.4byte	0x26f4
 5115 2705 22       		.uleb128 0x22
 5116 2706 E20D0000 		.4byte	.LASF515
 5117 270a 25       		.byte	0x25
 5118 270b D6       		.byte	0xd6
 5119 270c 17       		.byte	0x17
 5120 270d 62120000 		.4byte	0x1262
 5121 2711 0A       		.uleb128 0xa
 5122 2712 00270000 		.4byte	0x2700
 5123 2716 1C270000 		.4byte	0x271c
 5124 271a 24       		.uleb128 0x24
 5125 271b 00       		.byte	0
 5126 271c 0F       		.uleb128 0xf
 5127 271d 11270000 		.4byte	0x2711
 5128 2721 22       		.uleb128 0x22
 5129 2722 ED050000 		.4byte	.LASF516
 5130 2726 26       		.byte	0x26
ARM GAS  /tmp/ccFiYdB4.s 			page 91


 5131 2727 61       		.byte	0x61
 5132 2728 1B       		.byte	0x1b
 5133 2729 1C270000 		.4byte	0x271c
 5134 272d 2B       		.uleb128 0x2b
 5135 272e 21270000 		.4byte	0x2721
 5136 2732 27       		.byte	0x27
 5137 2733 DE       		.byte	0xde
 5138 2734 14       		.byte	0x14
 5139 2735 2C       		.uleb128 0x2c
 5140 2736 38040000 		.4byte	.LASF522
 5141 273a 27       		.byte	0x27
 5142 273b 6B       		.byte	0x6b
 5143 273c 0D       		.byte	0xd
 5144 273d 2D       		.uleb128 0x2d
 5145 273e 63687000 		.ascii	"chp\000"
 5146 2742 27       		.byte	0x27
 5147 2743 6B       		.byte	0x6b
 5148 2744 2C       		.byte	0x2c
 5149 2745 C4260000 		.4byte	0x26c4
 5150 2749 2E       		.uleb128 0x2e
 5151 274a 66090000 		.4byte	.LASF517
 5152 274e 27       		.byte	0x27
 5153 274f 6B       		.byte	0x6b
 5154 2750 35       		.byte	0x35
 5155 2751 1D000000 		.4byte	0x1d
 5156 2755 2E       		.uleb128 0x2e
 5157 2756 C8100000 		.4byte	.LASF518
 5158 275a 27       		.byte	0x27
 5159 275b 6B       		.byte	0x6b
 5160 275c 41       		.byte	0x41
 5161 275d CA260000 		.4byte	0x26ca
 5162 2761 00       		.byte	0
 5163 2762 00       		.byte	0
 5164              		.section	.gnu.debuglto_.debug_abbrev,"e",%progbits
 5165              	.Ldebug_abbrev0:
 5166 0000 01       		.uleb128 0x1
 5167 0001 11       		.uleb128 0x11
 5168 0002 01       		.byte	0x1
 5169 0003 25       		.uleb128 0x25
 5170 0004 0E       		.uleb128 0xe
 5171 0005 13       		.uleb128 0x13
 5172 0006 0B       		.uleb128 0xb
 5173 0007 03       		.uleb128 0x3
 5174 0008 0E       		.uleb128 0xe
 5175 0009 1B       		.uleb128 0x1b
 5176 000a 0E       		.uleb128 0xe
 5177 000b 10       		.uleb128 0x10
 5178 000c 17       		.uleb128 0x17
 5179 000d 00       		.byte	0
 5180 000e 00       		.byte	0
 5181 000f 02       		.uleb128 0x2
 5182 0010 24       		.uleb128 0x24
 5183 0011 00       		.byte	0
 5184 0012 0B       		.uleb128 0xb
 5185 0013 0B       		.uleb128 0xb
 5186 0014 3E       		.uleb128 0x3e
 5187 0015 0B       		.uleb128 0xb
ARM GAS  /tmp/ccFiYdB4.s 			page 92


 5188 0016 03       		.uleb128 0x3
 5189 0017 08       		.uleb128 0x8
 5190 0018 00       		.byte	0
 5191 0019 00       		.byte	0
 5192 001a 03       		.uleb128 0x3
 5193 001b 16       		.uleb128 0x16
 5194 001c 00       		.byte	0
 5195 001d 03       		.uleb128 0x3
 5196 001e 0E       		.uleb128 0xe
 5197 001f 3A       		.uleb128 0x3a
 5198 0020 0B       		.uleb128 0xb
 5199 0021 3B       		.uleb128 0x3b
 5200 0022 0B       		.uleb128 0xb
 5201 0023 39       		.uleb128 0x39
 5202 0024 0B       		.uleb128 0xb
 5203 0025 49       		.uleb128 0x49
 5204 0026 13       		.uleb128 0x13
 5205 0027 00       		.byte	0
 5206 0028 00       		.byte	0
 5207 0029 04       		.uleb128 0x4
 5208 002a 24       		.uleb128 0x24
 5209 002b 00       		.byte	0
 5210 002c 0B       		.uleb128 0xb
 5211 002d 0B       		.uleb128 0xb
 5212 002e 3E       		.uleb128 0x3e
 5213 002f 0B       		.uleb128 0xb
 5214 0030 03       		.uleb128 0x3
 5215 0031 0E       		.uleb128 0xe
 5216 0032 00       		.byte	0
 5217 0033 00       		.byte	0
 5218 0034 05       		.uleb128 0x5
 5219 0035 0F       		.uleb128 0xf
 5220 0036 00       		.byte	0
 5221 0037 0B       		.uleb128 0xb
 5222 0038 0B       		.uleb128 0xb
 5223 0039 49       		.uleb128 0x49
 5224 003a 13       		.uleb128 0x13
 5225 003b 00       		.byte	0
 5226 003c 00       		.byte	0
 5227 003d 06       		.uleb128 0x6
 5228 003e 13       		.uleb128 0x13
 5229 003f 00       		.byte	0
 5230 0040 03       		.uleb128 0x3
 5231 0041 0E       		.uleb128 0xe
 5232 0042 3C       		.uleb128 0x3c
 5233 0043 19       		.uleb128 0x19
 5234 0044 00       		.byte	0
 5235 0045 00       		.byte	0
 5236 0046 07       		.uleb128 0x7
 5237 0047 16       		.uleb128 0x16
 5238 0048 00       		.byte	0
 5239 0049 03       		.uleb128 0x3
 5240 004a 0E       		.uleb128 0xe
 5241 004b 3A       		.uleb128 0x3a
 5242 004c 0B       		.uleb128 0xb
 5243 004d 3B       		.uleb128 0x3b
 5244 004e 05       		.uleb128 0x5
ARM GAS  /tmp/ccFiYdB4.s 			page 93


 5245 004f 39       		.uleb128 0x39
 5246 0050 0B       		.uleb128 0xb
 5247 0051 49       		.uleb128 0x49
 5248 0052 13       		.uleb128 0x13
 5249 0053 00       		.byte	0
 5250 0054 00       		.byte	0
 5251 0055 08       		.uleb128 0x8
 5252 0056 17       		.uleb128 0x17
 5253 0057 01       		.byte	0x1
 5254 0058 0B       		.uleb128 0xb
 5255 0059 0B       		.uleb128 0xb
 5256 005a 3A       		.uleb128 0x3a
 5257 005b 0B       		.uleb128 0xb
 5258 005c 3B       		.uleb128 0x3b
 5259 005d 0B       		.uleb128 0xb
 5260 005e 39       		.uleb128 0x39
 5261 005f 0B       		.uleb128 0xb
 5262 0060 01       		.uleb128 0x1
 5263 0061 13       		.uleb128 0x13
 5264 0062 00       		.byte	0
 5265 0063 00       		.byte	0
 5266 0064 09       		.uleb128 0x9
 5267 0065 0D       		.uleb128 0xd
 5268 0066 00       		.byte	0
 5269 0067 03       		.uleb128 0x3
 5270 0068 0E       		.uleb128 0xe
 5271 0069 3A       		.uleb128 0x3a
 5272 006a 0B       		.uleb128 0xb
 5273 006b 3B       		.uleb128 0x3b
 5274 006c 0B       		.uleb128 0xb
 5275 006d 39       		.uleb128 0x39
 5276 006e 0B       		.uleb128 0xb
 5277 006f 49       		.uleb128 0x49
 5278 0070 13       		.uleb128 0x13
 5279 0071 00       		.byte	0
 5280 0072 00       		.byte	0
 5281 0073 0A       		.uleb128 0xa
 5282 0074 01       		.uleb128 0x1
 5283 0075 01       		.byte	0x1
 5284 0076 49       		.uleb128 0x49
 5285 0077 13       		.uleb128 0x13
 5286 0078 01       		.uleb128 0x1
 5287 0079 13       		.uleb128 0x13
 5288 007a 00       		.byte	0
 5289 007b 00       		.byte	0
 5290 007c 0B       		.uleb128 0xb
 5291 007d 21       		.uleb128 0x21
 5292 007e 00       		.byte	0
 5293 007f 49       		.uleb128 0x49
 5294 0080 13       		.uleb128 0x13
 5295 0081 2F       		.uleb128 0x2f
 5296 0082 0B       		.uleb128 0xb
 5297 0083 00       		.byte	0
 5298 0084 00       		.byte	0
 5299 0085 0C       		.uleb128 0xc
 5300 0086 13       		.uleb128 0x13
 5301 0087 01       		.byte	0x1
ARM GAS  /tmp/ccFiYdB4.s 			page 94


 5302 0088 0B       		.uleb128 0xb
 5303 0089 0B       		.uleb128 0xb
 5304 008a 3A       		.uleb128 0x3a
 5305 008b 0B       		.uleb128 0xb
 5306 008c 3B       		.uleb128 0x3b
 5307 008d 0B       		.uleb128 0xb
 5308 008e 39       		.uleb128 0x39
 5309 008f 0B       		.uleb128 0xb
 5310 0090 01       		.uleb128 0x1
 5311 0091 13       		.uleb128 0x13
 5312 0092 00       		.byte	0
 5313 0093 00       		.byte	0
 5314 0094 0D       		.uleb128 0xd
 5315 0095 0D       		.uleb128 0xd
 5316 0096 00       		.byte	0
 5317 0097 03       		.uleb128 0x3
 5318 0098 0E       		.uleb128 0xe
 5319 0099 3A       		.uleb128 0x3a
 5320 009a 0B       		.uleb128 0xb
 5321 009b 3B       		.uleb128 0x3b
 5322 009c 0B       		.uleb128 0xb
 5323 009d 39       		.uleb128 0x39
 5324 009e 0B       		.uleb128 0xb
 5325 009f 49       		.uleb128 0x49
 5326 00a0 13       		.uleb128 0x13
 5327 00a1 38       		.uleb128 0x38
 5328 00a2 0B       		.uleb128 0xb
 5329 00a3 00       		.byte	0
 5330 00a4 00       		.byte	0
 5331 00a5 0E       		.uleb128 0xe
 5332 00a6 0F       		.uleb128 0xf
 5333 00a7 00       		.byte	0
 5334 00a8 0B       		.uleb128 0xb
 5335 00a9 0B       		.uleb128 0xb
 5336 00aa 00       		.byte	0
 5337 00ab 00       		.byte	0
 5338 00ac 0F       		.uleb128 0xf
 5339 00ad 26       		.uleb128 0x26
 5340 00ae 00       		.byte	0
 5341 00af 49       		.uleb128 0x49
 5342 00b0 13       		.uleb128 0x13
 5343 00b1 00       		.byte	0
 5344 00b2 00       		.byte	0
 5345 00b3 10       		.uleb128 0x10
 5346 00b4 13       		.uleb128 0x13
 5347 00b5 01       		.byte	0x1
 5348 00b6 03       		.uleb128 0x3
 5349 00b7 0E       		.uleb128 0xe
 5350 00b8 0B       		.uleb128 0xb
 5351 00b9 0B       		.uleb128 0xb
 5352 00ba 3A       		.uleb128 0x3a
 5353 00bb 0B       		.uleb128 0xb
 5354 00bc 3B       		.uleb128 0x3b
 5355 00bd 0B       		.uleb128 0xb
 5356 00be 39       		.uleb128 0x39
 5357 00bf 0B       		.uleb128 0xb
 5358 00c0 01       		.uleb128 0x1
ARM GAS  /tmp/ccFiYdB4.s 			page 95


 5359 00c1 13       		.uleb128 0x13
 5360 00c2 00       		.byte	0
 5361 00c3 00       		.byte	0
 5362 00c4 11       		.uleb128 0x11
 5363 00c5 0D       		.uleb128 0xd
 5364 00c6 00       		.byte	0
 5365 00c7 03       		.uleb128 0x3
 5366 00c8 08       		.uleb128 0x8
 5367 00c9 3A       		.uleb128 0x3a
 5368 00ca 0B       		.uleb128 0xb
 5369 00cb 3B       		.uleb128 0x3b
 5370 00cc 0B       		.uleb128 0xb
 5371 00cd 39       		.uleb128 0x39
 5372 00ce 0B       		.uleb128 0xb
 5373 00cf 49       		.uleb128 0x49
 5374 00d0 13       		.uleb128 0x13
 5375 00d1 38       		.uleb128 0x38
 5376 00d2 0B       		.uleb128 0xb
 5377 00d3 00       		.byte	0
 5378 00d4 00       		.byte	0
 5379 00d5 12       		.uleb128 0x12
 5380 00d6 13       		.uleb128 0x13
 5381 00d7 01       		.byte	0x1
 5382 00d8 03       		.uleb128 0x3
 5383 00d9 0E       		.uleb128 0xe
 5384 00da 0B       		.uleb128 0xb
 5385 00db 05       		.uleb128 0x5
 5386 00dc 3A       		.uleb128 0x3a
 5387 00dd 0B       		.uleb128 0xb
 5388 00de 3B       		.uleb128 0x3b
 5389 00df 0B       		.uleb128 0xb
 5390 00e0 39       		.uleb128 0x39
 5391 00e1 0B       		.uleb128 0xb
 5392 00e2 01       		.uleb128 0x1
 5393 00e3 13       		.uleb128 0x13
 5394 00e4 00       		.byte	0
 5395 00e5 00       		.byte	0
 5396 00e6 13       		.uleb128 0x13
 5397 00e7 0D       		.uleb128 0xd
 5398 00e8 00       		.byte	0
 5399 00e9 03       		.uleb128 0x3
 5400 00ea 0E       		.uleb128 0xe
 5401 00eb 3A       		.uleb128 0x3a
 5402 00ec 0B       		.uleb128 0xb
 5403 00ed 3B       		.uleb128 0x3b
 5404 00ee 0B       		.uleb128 0xb
 5405 00ef 39       		.uleb128 0x39
 5406 00f0 0B       		.uleb128 0xb
 5407 00f1 49       		.uleb128 0x49
 5408 00f2 13       		.uleb128 0x13
 5409 00f3 38       		.uleb128 0x38
 5410 00f4 05       		.uleb128 0x5
 5411 00f5 00       		.byte	0
 5412 00f6 00       		.byte	0
 5413 00f7 14       		.uleb128 0x14
 5414 00f8 15       		.uleb128 0x15
 5415 00f9 00       		.byte	0
ARM GAS  /tmp/ccFiYdB4.s 			page 96


 5416 00fa 27       		.uleb128 0x27
 5417 00fb 19       		.uleb128 0x19
 5418 00fc 00       		.byte	0
 5419 00fd 00       		.byte	0
 5420 00fe 15       		.uleb128 0x15
 5421 00ff 15       		.uleb128 0x15
 5422 0100 01       		.byte	0x1
 5423 0101 27       		.uleb128 0x27
 5424 0102 19       		.uleb128 0x19
 5425 0103 49       		.uleb128 0x49
 5426 0104 13       		.uleb128 0x13
 5427 0105 01       		.uleb128 0x1
 5428 0106 13       		.uleb128 0x13
 5429 0107 00       		.byte	0
 5430 0108 00       		.byte	0
 5431 0109 16       		.uleb128 0x16
 5432 010a 05       		.uleb128 0x5
 5433 010b 00       		.byte	0
 5434 010c 49       		.uleb128 0x49
 5435 010d 13       		.uleb128 0x13
 5436 010e 00       		.byte	0
 5437 010f 00       		.byte	0
 5438 0110 17       		.uleb128 0x17
 5439 0111 13       		.uleb128 0x13
 5440 0112 01       		.byte	0x1
 5441 0113 03       		.uleb128 0x3
 5442 0114 0E       		.uleb128 0xe
 5443 0115 0B       		.uleb128 0xb
 5444 0116 05       		.uleb128 0x5
 5445 0117 3A       		.uleb128 0x3a
 5446 0118 0B       		.uleb128 0xb
 5447 0119 3B       		.uleb128 0x3b
 5448 011a 05       		.uleb128 0x5
 5449 011b 39       		.uleb128 0x39
 5450 011c 0B       		.uleb128 0xb
 5451 011d 01       		.uleb128 0x1
 5452 011e 13       		.uleb128 0x13
 5453 011f 00       		.byte	0
 5454 0120 00       		.byte	0
 5455 0121 18       		.uleb128 0x18
 5456 0122 0D       		.uleb128 0xd
 5457 0123 00       		.byte	0
 5458 0124 03       		.uleb128 0x3
 5459 0125 0E       		.uleb128 0xe
 5460 0126 3A       		.uleb128 0x3a
 5461 0127 0B       		.uleb128 0xb
 5462 0128 3B       		.uleb128 0x3b
 5463 0129 05       		.uleb128 0x5
 5464 012a 39       		.uleb128 0x39
 5465 012b 0B       		.uleb128 0xb
 5466 012c 49       		.uleb128 0x49
 5467 012d 13       		.uleb128 0x13
 5468 012e 38       		.uleb128 0x38
 5469 012f 0B       		.uleb128 0xb
 5470 0130 00       		.byte	0
 5471 0131 00       		.byte	0
 5472 0132 19       		.uleb128 0x19
ARM GAS  /tmp/ccFiYdB4.s 			page 97


 5473 0133 0D       		.uleb128 0xd
 5474 0134 00       		.byte	0
 5475 0135 03       		.uleb128 0x3
 5476 0136 0E       		.uleb128 0xe
 5477 0137 3A       		.uleb128 0x3a
 5478 0138 0B       		.uleb128 0xb
 5479 0139 3B       		.uleb128 0x3b
 5480 013a 05       		.uleb128 0x5
 5481 013b 39       		.uleb128 0x39
 5482 013c 0B       		.uleb128 0xb
 5483 013d 49       		.uleb128 0x49
 5484 013e 13       		.uleb128 0x13
 5485 013f 38       		.uleb128 0x38
 5486 0140 05       		.uleb128 0x5
 5487 0141 00       		.byte	0
 5488 0142 00       		.byte	0
 5489 0143 1A       		.uleb128 0x1a
 5490 0144 35       		.uleb128 0x35
 5491 0145 00       		.byte	0
 5492 0146 49       		.uleb128 0x49
 5493 0147 13       		.uleb128 0x13
 5494 0148 00       		.byte	0
 5495 0149 00       		.byte	0
 5496 014a 1B       		.uleb128 0x1b
 5497 014b 13       		.uleb128 0x13
 5498 014c 01       		.byte	0x1
 5499 014d 03       		.uleb128 0x3
 5500 014e 0E       		.uleb128 0xe
 5501 014f 0B       		.uleb128 0xb
 5502 0150 0B       		.uleb128 0xb
 5503 0151 3A       		.uleb128 0x3a
 5504 0152 0B       		.uleb128 0xb
 5505 0153 3B       		.uleb128 0x3b
 5506 0154 05       		.uleb128 0x5
 5507 0155 39       		.uleb128 0x39
 5508 0156 0B       		.uleb128 0xb
 5509 0157 01       		.uleb128 0x1
 5510 0158 13       		.uleb128 0x13
 5511 0159 00       		.byte	0
 5512 015a 00       		.byte	0
 5513 015b 1C       		.uleb128 0x1c
 5514 015c 13       		.uleb128 0x13
 5515 015d 01       		.byte	0x1
 5516 015e 0B       		.uleb128 0xb
 5517 015f 0B       		.uleb128 0xb
 5518 0160 3A       		.uleb128 0x3a
 5519 0161 0B       		.uleb128 0xb
 5520 0162 3B       		.uleb128 0x3b
 5521 0163 05       		.uleb128 0x5
 5522 0164 39       		.uleb128 0x39
 5523 0165 0B       		.uleb128 0xb
 5524 0166 01       		.uleb128 0x1
 5525 0167 13       		.uleb128 0x13
 5526 0168 00       		.byte	0
 5527 0169 00       		.byte	0
 5528 016a 1D       		.uleb128 0x1d
 5529 016b 17       		.uleb128 0x17
ARM GAS  /tmp/ccFiYdB4.s 			page 98


 5530 016c 01       		.byte	0x1
 5531 016d 0B       		.uleb128 0xb
 5532 016e 0B       		.uleb128 0xb
 5533 016f 3A       		.uleb128 0x3a
 5534 0170 0B       		.uleb128 0xb
 5535 0171 3B       		.uleb128 0x3b
 5536 0172 05       		.uleb128 0x5
 5537 0173 39       		.uleb128 0x39
 5538 0174 0B       		.uleb128 0xb
 5539 0175 01       		.uleb128 0x1
 5540 0176 13       		.uleb128 0x13
 5541 0177 00       		.byte	0
 5542 0178 00       		.byte	0
 5543 0179 1E       		.uleb128 0x1e
 5544 017a 0D       		.uleb128 0xd
 5545 017b 00       		.byte	0
 5546 017c 03       		.uleb128 0x3
 5547 017d 0E       		.uleb128 0xe
 5548 017e 3A       		.uleb128 0x3a
 5549 017f 0B       		.uleb128 0xb
 5550 0180 3B       		.uleb128 0x3b
 5551 0181 05       		.uleb128 0x5
 5552 0182 39       		.uleb128 0x39
 5553 0183 0B       		.uleb128 0xb
 5554 0184 49       		.uleb128 0x49
 5555 0185 13       		.uleb128 0x13
 5556 0186 00       		.byte	0
 5557 0187 00       		.byte	0
 5558 0188 1F       		.uleb128 0x1f
 5559 0189 15       		.uleb128 0x15
 5560 018a 01       		.byte	0x1
 5561 018b 27       		.uleb128 0x27
 5562 018c 19       		.uleb128 0x19
 5563 018d 01       		.uleb128 0x1
 5564 018e 13       		.uleb128 0x13
 5565 018f 00       		.byte	0
 5566 0190 00       		.byte	0
 5567 0191 20       		.uleb128 0x20
 5568 0192 34       		.uleb128 0x34
 5569 0193 00       		.byte	0
 5570 0194 03       		.uleb128 0x3
 5571 0195 0E       		.uleb128 0xe
 5572 0196 3A       		.uleb128 0x3a
 5573 0197 0B       		.uleb128 0xb
 5574 0198 3B       		.uleb128 0x3b
 5575 0199 05       		.uleb128 0x5
 5576 019a 39       		.uleb128 0x39
 5577 019b 0B       		.uleb128 0xb
 5578 019c 49       		.uleb128 0x49
 5579 019d 13       		.uleb128 0x13
 5580 019e 3F       		.uleb128 0x3f
 5581 019f 19       		.uleb128 0x19
 5582 01a0 3C       		.uleb128 0x3c
 5583 01a1 19       		.uleb128 0x19
 5584 01a2 00       		.byte	0
 5585 01a3 00       		.byte	0
 5586 01a4 21       		.uleb128 0x21
ARM GAS  /tmp/ccFiYdB4.s 			page 99


 5587 01a5 0D       		.uleb128 0xd
 5588 01a6 00       		.byte	0
 5589 01a7 03       		.uleb128 0x3
 5590 01a8 08       		.uleb128 0x8
 5591 01a9 3A       		.uleb128 0x3a
 5592 01aa 0B       		.uleb128 0xb
 5593 01ab 3B       		.uleb128 0x3b
 5594 01ac 05       		.uleb128 0x5
 5595 01ad 39       		.uleb128 0x39
 5596 01ae 0B       		.uleb128 0xb
 5597 01af 49       		.uleb128 0x49
 5598 01b0 13       		.uleb128 0x13
 5599 01b1 38       		.uleb128 0x38
 5600 01b2 0B       		.uleb128 0xb
 5601 01b3 00       		.byte	0
 5602 01b4 00       		.byte	0
 5603 01b5 22       		.uleb128 0x22
 5604 01b6 34       		.uleb128 0x34
 5605 01b7 00       		.byte	0
 5606 01b8 03       		.uleb128 0x3
 5607 01b9 0E       		.uleb128 0xe
 5608 01ba 3A       		.uleb128 0x3a
 5609 01bb 0B       		.uleb128 0xb
 5610 01bc 3B       		.uleb128 0x3b
 5611 01bd 0B       		.uleb128 0xb
 5612 01be 39       		.uleb128 0x39
 5613 01bf 0B       		.uleb128 0xb
 5614 01c0 49       		.uleb128 0x49
 5615 01c1 13       		.uleb128 0x13
 5616 01c2 3F       		.uleb128 0x3f
 5617 01c3 19       		.uleb128 0x19
 5618 01c4 3C       		.uleb128 0x3c
 5619 01c5 19       		.uleb128 0x19
 5620 01c6 00       		.byte	0
 5621 01c7 00       		.byte	0
 5622 01c8 23       		.uleb128 0x23
 5623 01c9 34       		.uleb128 0x34
 5624 01ca 00       		.byte	0
 5625 01cb 03       		.uleb128 0x3
 5626 01cc 08       		.uleb128 0x8
 5627 01cd 3A       		.uleb128 0x3a
 5628 01ce 0B       		.uleb128 0xb
 5629 01cf 3B       		.uleb128 0x3b
 5630 01d0 05       		.uleb128 0x5
 5631 01d1 39       		.uleb128 0x39
 5632 01d2 0B       		.uleb128 0xb
 5633 01d3 49       		.uleb128 0x49
 5634 01d4 13       		.uleb128 0x13
 5635 01d5 3F       		.uleb128 0x3f
 5636 01d6 19       		.uleb128 0x19
 5637 01d7 3C       		.uleb128 0x3c
 5638 01d8 19       		.uleb128 0x19
 5639 01d9 00       		.byte	0
 5640 01da 00       		.byte	0
 5641 01db 24       		.uleb128 0x24
 5642 01dc 21       		.uleb128 0x21
 5643 01dd 00       		.byte	0
ARM GAS  /tmp/ccFiYdB4.s 			page 100


 5644 01de 00       		.byte	0
 5645 01df 00       		.byte	0
 5646 01e0 25       		.uleb128 0x25
 5647 01e1 04       		.uleb128 0x4
 5648 01e2 01       		.byte	0x1
 5649 01e3 3E       		.uleb128 0x3e
 5650 01e4 0B       		.uleb128 0xb
 5651 01e5 0B       		.uleb128 0xb
 5652 01e6 0B       		.uleb128 0xb
 5653 01e7 49       		.uleb128 0x49
 5654 01e8 13       		.uleb128 0x13
 5655 01e9 3A       		.uleb128 0x3a
 5656 01ea 0B       		.uleb128 0xb
 5657 01eb 3B       		.uleb128 0x3b
 5658 01ec 0B       		.uleb128 0xb
 5659 01ed 39       		.uleb128 0x39
 5660 01ee 0B       		.uleb128 0xb
 5661 01ef 01       		.uleb128 0x1
 5662 01f0 13       		.uleb128 0x13
 5663 01f1 00       		.byte	0
 5664 01f2 00       		.byte	0
 5665 01f3 26       		.uleb128 0x26
 5666 01f4 28       		.uleb128 0x28
 5667 01f5 00       		.byte	0
 5668 01f6 03       		.uleb128 0x3
 5669 01f7 0E       		.uleb128 0xe
 5670 01f8 1C       		.uleb128 0x1c
 5671 01f9 0B       		.uleb128 0xb
 5672 01fa 00       		.byte	0
 5673 01fb 00       		.byte	0
 5674 01fc 27       		.uleb128 0x27
 5675 01fd 04       		.uleb128 0x4
 5676 01fe 01       		.byte	0x1
 5677 01ff 3E       		.uleb128 0x3e
 5678 0200 0B       		.uleb128 0xb
 5679 0201 0B       		.uleb128 0xb
 5680 0202 0B       		.uleb128 0xb
 5681 0203 49       		.uleb128 0x49
 5682 0204 13       		.uleb128 0x13
 5683 0205 3A       		.uleb128 0x3a
 5684 0206 0B       		.uleb128 0xb
 5685 0207 3B       		.uleb128 0x3b
 5686 0208 05       		.uleb128 0x5
 5687 0209 39       		.uleb128 0x39
 5688 020a 0B       		.uleb128 0xb
 5689 020b 01       		.uleb128 0x1
 5690 020c 13       		.uleb128 0x13
 5691 020d 00       		.byte	0
 5692 020e 00       		.byte	0
 5693 020f 28       		.uleb128 0x28
 5694 0210 13       		.uleb128 0x13
 5695 0211 01       		.byte	0x1
 5696 0212 0B       		.uleb128 0xb
 5697 0213 06       		.uleb128 0x6
 5698 0214 3A       		.uleb128 0x3a
 5699 0215 0B       		.uleb128 0xb
 5700 0216 3B       		.uleb128 0x3b
ARM GAS  /tmp/ccFiYdB4.s 			page 101


 5701 0217 0B       		.uleb128 0xb
 5702 0218 39       		.uleb128 0x39
 5703 0219 0B       		.uleb128 0xb
 5704 021a 01       		.uleb128 0x1
 5705 021b 13       		.uleb128 0x13
 5706 021c 00       		.byte	0
 5707 021d 00       		.byte	0
 5708 021e 29       		.uleb128 0x29
 5709 021f 0D       		.uleb128 0xd
 5710 0220 00       		.byte	0
 5711 0221 03       		.uleb128 0x3
 5712 0222 08       		.uleb128 0x8
 5713 0223 3A       		.uleb128 0x3a
 5714 0224 0B       		.uleb128 0xb
 5715 0225 3B       		.uleb128 0x3b
 5716 0226 0B       		.uleb128 0xb
 5717 0227 39       		.uleb128 0x39
 5718 0228 0B       		.uleb128 0xb
 5719 0229 49       		.uleb128 0x49
 5720 022a 13       		.uleb128 0x13
 5721 022b 38       		.uleb128 0x38
 5722 022c 05       		.uleb128 0x5
 5723 022d 00       		.byte	0
 5724 022e 00       		.byte	0
 5725 022f 2A       		.uleb128 0x2a
 5726 0230 21       		.uleb128 0x21
 5727 0231 00       		.byte	0
 5728 0232 49       		.uleb128 0x49
 5729 0233 13       		.uleb128 0x13
 5730 0234 2F       		.uleb128 0x2f
 5731 0235 05       		.uleb128 0x5
 5732 0236 00       		.byte	0
 5733 0237 00       		.byte	0
 5734 0238 2B       		.uleb128 0x2b
 5735 0239 34       		.uleb128 0x34
 5736 023a 00       		.byte	0
 5737 023b 47       		.uleb128 0x47
 5738 023c 13       		.uleb128 0x13
 5739 023d 3A       		.uleb128 0x3a
 5740 023e 0B       		.uleb128 0xb
 5741 023f 3B       		.uleb128 0x3b
 5742 0240 0B       		.uleb128 0xb
 5743 0241 39       		.uleb128 0x39
 5744 0242 0B       		.uleb128 0xb
 5745 0243 00       		.byte	0
 5746 0244 00       		.byte	0
 5747 0245 2C       		.uleb128 0x2c
 5748 0246 2E       		.uleb128 0x2e
 5749 0247 01       		.byte	0x1
 5750 0248 03       		.uleb128 0x3
 5751 0249 0E       		.uleb128 0xe
 5752 024a 3A       		.uleb128 0x3a
 5753 024b 0B       		.uleb128 0xb
 5754 024c 3B       		.uleb128 0x3b
 5755 024d 0B       		.uleb128 0xb
 5756 024e 39       		.uleb128 0x39
 5757 024f 0B       		.uleb128 0xb
ARM GAS  /tmp/ccFiYdB4.s 			page 102


 5758 0250 27       		.uleb128 0x27
 5759 0251 19       		.uleb128 0x19
 5760 0252 00       		.byte	0
 5761 0253 00       		.byte	0
 5762 0254 2D       		.uleb128 0x2d
 5763 0255 05       		.uleb128 0x5
 5764 0256 00       		.byte	0
 5765 0257 03       		.uleb128 0x3
 5766 0258 08       		.uleb128 0x8
 5767 0259 3A       		.uleb128 0x3a
 5768 025a 0B       		.uleb128 0xb
 5769 025b 3B       		.uleb128 0x3b
 5770 025c 0B       		.uleb128 0xb
 5771 025d 39       		.uleb128 0x39
 5772 025e 0B       		.uleb128 0xb
 5773 025f 49       		.uleb128 0x49
 5774 0260 13       		.uleb128 0x13
 5775 0261 00       		.byte	0
 5776 0262 00       		.byte	0
 5777 0263 2E       		.uleb128 0x2e
 5778 0264 05       		.uleb128 0x5
 5779 0265 00       		.byte	0
 5780 0266 03       		.uleb128 0x3
 5781 0267 0E       		.uleb128 0xe
 5782 0268 3A       		.uleb128 0x3a
 5783 0269 0B       		.uleb128 0xb
 5784 026a 3B       		.uleb128 0x3b
 5785 026b 0B       		.uleb128 0xb
 5786 026c 39       		.uleb128 0x39
 5787 026d 0B       		.uleb128 0xb
 5788 026e 49       		.uleb128 0x49
 5789 026f 13       		.uleb128 0x13
 5790 0270 00       		.byte	0
 5791 0271 00       		.byte	0
 5792 0272 00       		.byte	0
 5793              		.section	.gnu.debuglto_.debug_line,"e",%progbits
 5794              	.Ldebug_line0:
 5795 0000 FD050000 		.4byte	.LELT0-.LSLT0
 5796              	.LSLT0:
 5797 0004 0400     		.2byte	0x4
 5798 0006 F7050000 		.4byte	.LELTP0-.LASLTP0
 5799              	.LASLTP0:
 5800 000a 01       		.byte	0x1
 5801 000b 01       		.byte	0x1
 5802 000c 01       		.byte	0x1
 5803 000d F6       		.byte	0xf6
 5804 000e F2       		.byte	0xf2
 5805 000f 0D       		.byte	0xd
 5806 0010 00       		.byte	0
 5807 0011 01       		.byte	0x1
 5808 0012 01       		.byte	0x1
 5809 0013 01       		.byte	0x1
 5810 0014 01       		.byte	0x1
 5811 0015 00       		.byte	0
 5812 0016 00       		.byte	0
 5813 0017 00       		.byte	0
 5814 0018 01       		.byte	0x1
ARM GAS  /tmp/ccFiYdB4.s 			page 103


 5815 0019 00       		.byte	0
 5816 001a 00       		.byte	0
 5817 001b 01       		.byte	0x1
 5818 001c 2E2E2F2E 		.ascii	"../../chibios_trunk/os/common/ext/ARM/CMSIS/Core/In"
 5818      2E2F6368 
 5818      6962696F 
 5818      735F7472 
 5818      756E6B2F 
 5819 004f 636C7564 		.ascii	"clude"
 5819      65
 5820 0054 00       		.byte	0
 5821 0055 2E2E2F2E 		.ascii	"../../chibios_trunk/os/common/ext/ST/STM32F4xx"
 5821      2E2F6368 
 5821      6962696F 
 5821      735F7472 
 5821      756E6B2F 
 5822 0083 00       		.byte	0
 5823 0084 2E2E2F2E 		.ascii	"../../chibios_trunk/os/common/ports/ARMCMx/compiler"
 5823      2E2F6368 
 5823      6962696F 
 5823      735F7472 
 5823      756E6B2F 
 5824 00b7 732F4743 		.ascii	"s/GCC"
 5824      43
 5825 00bc 00       		.byte	0
 5826 00bd 2E2E2F2E 		.ascii	"../../chibios_trunk/os/common/ports/ARMCMx"
 5826      2E2F6368 
 5826      6962696F 
 5826      735F7472 
 5826      756E6B2F 
 5827 00e7 00       		.byte	0
 5828 00e8 2E2E2F2E 		.ascii	"../../chibios_trunk/os/hal/include"
 5828      2E2F6368 
 5828      6962696F 
 5828      735F7472 
 5828      756E6B2F 
 5829 010a 00       		.byte	0
 5830 010b 2E2E2F2E 		.ascii	"../../chibios_trunk/os/hal/ports/STM32/LLD/DMAv2"
 5830      2E2F6368 
 5830      6962696F 
 5830      735F7472 
 5830      756E6B2F 
 5831 013b 00       		.byte	0
 5832 013c 2E2E2F2E 		.ascii	"../../chibios_trunk/os/hal/ports/STM32/LLD/GPIOv2"
 5832      2E2F6368 
 5832      6962696F 
 5832      735F7472 
 5832      756E6B2F 
 5833 016d 00       		.byte	0
 5834 016e 2E2E2F2E 		.ascii	"../../chibios_trunk/os/hal/ports/STM32/LLD/OTGv1"
 5834      2E2F6368 
 5834      6962696F 
 5834      735F7472 
 5834      756E6B2F 
 5835 019e 00       		.byte	0
 5836 019f 2E2E2F2E 		.ascii	"../../chibios_trunk/os/hal/ports/STM32/LLD/TIMv1"
 5836      2E2F6368 
ARM GAS  /tmp/ccFiYdB4.s 			page 104


 5836      6962696F 
 5836      735F7472 
 5836      756E6B2F 
 5837 01cf 00       		.byte	0
 5838 01d0 2E2E2F2E 		.ascii	"../../chibios_trunk/os/hal/ports/STM32/LLD/USARTv1"
 5838      2E2F6368 
 5838      6962696F 
 5838      735F7472 
 5838      756E6B2F 
 5839 0202 00       		.byte	0
 5840 0203 2E2E2F2E 		.ascii	"../../chibios_trunk/os/oslib/include"
 5840      2E2F6368 
 5840      6962696F 
 5840      735F7472 
 5840      756E6B2F 
 5841 0227 00       		.byte	0
 5842 0228 2E2E2F2E 		.ascii	"../../chibios_trunk/os/rt/include"
 5842      2E2F6368 
 5842      6962696F 
 5842      735F7472 
 5842      756E6B2F 
 5843 0249 00       		.byte	0
 5844 024a 2E2E2F2E 		.ascii	"../../chibios_trunk/os/various/shell"
 5844      2E2F6368 
 5844      6962696F 
 5844      735F7472 
 5844      756E6B2F 
 5845 026e 00       		.byte	0
 5846 026f 2F686F6D 		.ascii	"/home/rob/Projects/ChibiStudio/ChibiStudio_20/tools"
 5846      652F726F 
 5846      622F5072 
 5846      6F6A6563 
 5846      74732F43 
 5847 02a2 2F474E55 		.ascii	"/GNU Tools ARM Embedded/9.2.1 2019q4/arm-none-eabi/"
 5847      20546F6F 
 5847      6C732041 
 5847      524D2045 
 5847      6D626564 
 5848 02d5 696E636C 		.ascii	"include/machine"
 5848      7564652F 
 5848      6D616368 
 5848      696E65
 5849 02e4 00       		.byte	0
 5850 02e5 2F686F6D 		.ascii	"/home/rob/Projects/ChibiStudio/ChibiStudio_20/tools"
 5850      652F726F 
 5850      622F5072 
 5850      6F6A6563 
 5850      74732F43 
 5851 0318 2F474E55 		.ascii	"/GNU Tools ARM Embedded/9.2.1 2019q4/arm-none-eabi/"
 5851      20546F6F 
 5851      6C732041 
 5851      524D2045 
 5851      6D626564 
 5852 034b 696E636C 		.ascii	"include/sys"
 5852      7564652F 
 5852      737973
 5853 0356 00       		.byte	0
ARM GAS  /tmp/ccFiYdB4.s 			page 105


 5854 0357 2F686F6D 		.ascii	"/home/rob/Projects/ChibiStudio/ChibiStudio_20/tools"
 5854      652F726F 
 5854      622F5072 
 5854      6F6A6563 
 5854      74732F43 
 5855 038a 2F474E55 		.ascii	"/GNU Tools ARM Embedded/9.2.1 2019q4/lib/gcc/arm-no"
 5855      20546F6F 
 5855      6C732041 
 5855      524D2045 
 5855      6D626564 
 5856 03bd 6E652D65 		.ascii	"ne-eabi/9.2.1/include"
 5856      6162692F 
 5856      392E322E 
 5856      312F696E 
 5856      636C7564 
 5857 03d2 00       		.byte	0
 5858 03d3 00       		.byte	0
 5859 03d4 73746464 		.ascii	"stddef.h\000"
 5859      65662E68 
 5859      00
 5860 03dd 10       		.uleb128 0x10
 5861 03de 00       		.uleb128 0
 5862 03df 00       		.uleb128 0
 5863 03e0 5F646566 		.ascii	"_default_types.h\000"
 5863      61756C74 
 5863      5F747970 
 5863      65732E68 
 5863      00
 5864 03f1 0E       		.uleb128 0xe
 5865 03f2 00       		.uleb128 0
 5866 03f3 00       		.uleb128 0
 5867 03f4 6C6F636B 		.ascii	"lock.h\000"
 5867      2E6800
 5868 03fb 0F       		.uleb128 0xf
 5869 03fc 00       		.uleb128 0
 5870 03fd 00       		.uleb128 0
 5871 03fe 5F747970 		.ascii	"_types.h\000"
 5871      65732E68 
 5871      00
 5872 0407 0F       		.uleb128 0xf
 5873 0408 00       		.uleb128 0
 5874 0409 00       		.uleb128 0
 5875 040a 7265656E 		.ascii	"reent.h\000"
 5875      742E6800 
 5876 0412 0F       		.uleb128 0xf
 5877 0413 00       		.uleb128 0
 5878 0414 00       		.uleb128 0
 5879 0415 5F737464 		.ascii	"_stdint.h\000"
 5879      696E742E 
 5879      6800
 5880 041f 0F       		.uleb128 0xf
 5881 0420 00       		.uleb128 0
 5882 0421 00       		.uleb128 0
 5883 0422 63687479 		.ascii	"chtypes.h\000"
 5883      7065732E 
 5883      6800
 5884 042c 03       		.uleb128 0x3
ARM GAS  /tmp/ccFiYdB4.s 			page 106


 5885 042d 00       		.uleb128 0
 5886 042e 00       		.uleb128 0
 5887 042f 63687379 		.ascii	"chsystypes.h\000"
 5887      73747970 
 5887      65732E68 
 5887      00
 5888 043c 0C       		.uleb128 0xc
 5889 043d 00       		.uleb128 0
 5890 043e 00       		.uleb128 0
 5891 043f 63687363 		.ascii	"chschd.h\000"
 5891      68642E68 
 5891      00
 5892 0448 0C       		.uleb128 0xc
 5893 0449 00       		.uleb128 0
 5894 044a 00       		.uleb128 0
 5895 044b 63687469 		.ascii	"chtime.h\000"
 5895      6D652E68 
 5895      00
 5896 0454 0C       		.uleb128 0xc
 5897 0455 00       		.uleb128 0
 5898 0456 00       		.uleb128 0
 5899 0457 636F7265 		.ascii	"core_cm4.h\000"
 5899      5F636D34 
 5899      2E6800
 5900 0462 01       		.uleb128 0x1
 5901 0463 00       		.uleb128 0
 5902 0464 00       		.uleb128 0
 5903 0465 73797374 		.ascii	"system_stm32f4xx.h\000"
 5903      656D5F73 
 5903      746D3332 
 5903      66347878 
 5903      2E6800
 5904 0478 02       		.uleb128 0x2
 5905 0479 00       		.uleb128 0
 5906 047a 00       		.uleb128 0
 5907 047b 73746D33 		.ascii	"stm32f401xe.h\000"
 5907      32663430 
 5907      3178652E 
 5907      6800
 5908 0489 02       		.uleb128 0x2
 5909 048a 00       		.uleb128 0
 5910 048b 00       		.uleb128 0
 5911 048c 6368636F 		.ascii	"chcore.h\000"
 5911      72652E68 
 5911      00
 5912 0495 04       		.uleb128 0x4
 5913 0496 00       		.uleb128 0
 5914 0497 00       		.uleb128 0
 5915 0498 6368636F 		.ascii	"chcore_v7m.h\000"
 5915      72655F76 
 5915      376D2E68 
 5915      00
 5916 04a5 04       		.uleb128 0x4
 5917 04a6 00       		.uleb128 0
 5918 04a7 00       		.uleb128 0
 5919 04a8 6368746D 		.ascii	"chtm.h\000"
 5919      2E6800
ARM GAS  /tmp/ccFiYdB4.s 			page 107


 5920 04af 0C       		.uleb128 0xc
 5921 04b0 00       		.uleb128 0
 5922 04b1 00       		.uleb128 0
 5923 04b2 63687365 		.ascii	"chsem.h\000"
 5923      6D2E6800 
 5924 04ba 0C       		.uleb128 0xc
 5925 04bb 00       		.uleb128 0
 5926 04bc 00       		.uleb128 0
 5927 04bd 63686D74 		.ascii	"chmtx.h\000"
 5927      782E6800 
 5928 04c5 0C       		.uleb128 0xc
 5929 04c6 00       		.uleb128 0
 5930 04c7 00       		.uleb128 0
 5931 04c8 63687379 		.ascii	"chsys.h\000"
 5931      732E6800 
 5932 04d0 0C       		.uleb128 0xc
 5933 04d1 00       		.uleb128 0
 5934 04d2 00       		.uleb128 0
 5935 04d3 63687265 		.ascii	"chregistry.h\000"
 5935      67697374 
 5935      72792E68 
 5935      00
 5936 04e0 0C       		.uleb128 0xc
 5937 04e1 00       		.uleb128 0
 5938 04e2 00       		.uleb128 0
 5939 04e3 63686576 		.ascii	"chevents.h\000"
 5939      656E7473 
 5939      2E6800
 5940 04ee 0C       		.uleb128 0xc
 5941 04ef 00       		.uleb128 0
 5942 04f0 00       		.uleb128 0
 5943 04f1 63686D65 		.ascii	"chmemcore.h\000"
 5943      6D636F72 
 5943      652E6800 
 5944 04fd 0B       		.uleb128 0xb
 5945 04fe 00       		.uleb128 0
 5946 04ff 00       		.uleb128 0
 5947 0500 63686D65 		.ascii	"chmempools.h\000"
 5947      6D706F6F 
 5947      6C732E68 
 5947      00
 5948 050d 0B       		.uleb128 0xb
 5949 050e 00       		.uleb128 0
 5950 050f 00       		.uleb128 0
 5951 0510 63686661 		.ascii	"chfactory.h\000"
 5951      63746F72 
 5951      792E6800 
 5952 051c 0B       		.uleb128 0xb
 5953 051d 00       		.uleb128 0
 5954 051e 00       		.uleb128 0
 5955 051f 73746D33 		.ascii	"stm32_dma.h\000"
 5955      325F646D 
 5955      612E6800 
 5956 052b 06       		.uleb128 0x6
 5957 052c 00       		.uleb128 0
 5958 052d 00       		.uleb128 0
 5959 052e 73746D33 		.ascii	"stm32_tim.h\000"
ARM GAS  /tmp/ccFiYdB4.s 			page 108


 5959      325F7469 
 5959      6D2E6800 
 5960 053a 09       		.uleb128 0x9
 5961 053b 00       		.uleb128 0
 5962 053c 00       		.uleb128 0
 5963 053d 68616C5F 		.ascii	"hal_streams.h\000"
 5963      73747265 
 5963      616D732E 
 5963      6800
 5964 054b 05       		.uleb128 0x5
 5965 054c 00       		.uleb128 0
 5966 054d 00       		.uleb128 0
 5967 054e 68616C5F 		.ascii	"hal_pal.h\000"
 5967      70616C2E 
 5967      6800
 5968 0558 05       		.uleb128 0x5
 5969 0559 00       		.uleb128 0
 5970 055a 00       		.uleb128 0
 5971 055b 68616C5F 		.ascii	"hal_pal_lld.h\000"
 5971      70616C5F 
 5971      6C6C642E 
 5971      6800
 5972 0569 07       		.uleb128 0x7
 5973 056a 00       		.uleb128 0
 5974 056b 00       		.uleb128 0
 5975 056c 68616C5F 		.ascii	"hal_icu.h\000"
 5975      6963752E 
 5975      6800
 5976 0576 05       		.uleb128 0x5
 5977 0577 00       		.uleb128 0
 5978 0578 00       		.uleb128 0
 5979 0579 68616C5F 		.ascii	"hal_icu_lld.h\000"
 5979      6963755F 
 5979      6C6C642E 
 5979      6800
 5980 0587 09       		.uleb128 0x9
 5981 0588 00       		.uleb128 0
 5982 0589 00       		.uleb128 0
 5983 058a 68616C5F 		.ascii	"hal_uart.h\000"
 5983      75617274 
 5983      2E6800
 5984 0595 05       		.uleb128 0x5
 5985 0596 00       		.uleb128 0
 5986 0597 00       		.uleb128 0
 5987 0598 68616C5F 		.ascii	"hal_uart_lld.h\000"
 5987      75617274 
 5987      5F6C6C64 
 5987      2E6800
 5988 05a7 0A       		.uleb128 0xa
 5989 05a8 00       		.uleb128 0
 5990 05a9 00       		.uleb128 0
 5991 05aa 68616C5F 		.ascii	"hal_usb.h\000"
 5991      7573622E 
 5991      6800
 5992 05b4 05       		.uleb128 0x5
 5993 05b5 00       		.uleb128 0
 5994 05b6 00       		.uleb128 0
ARM GAS  /tmp/ccFiYdB4.s 			page 109


 5995 05b7 68616C5F 		.ascii	"hal_usb_lld.h\000"
 5995      7573625F 
 5995      6C6C642E 
 5995      6800
 5996 05c5 08       		.uleb128 0x8
 5997 05c6 00       		.uleb128 0
 5998 05c7 00       		.uleb128 0
 5999 05c8 73746D33 		.ascii	"stm32_otg.h\000"
 5999      325F6F74 
 5999      672E6800 
 6000 05d4 08       		.uleb128 0x8
 6001 05d5 00       		.uleb128 0
 6002 05d6 00       		.uleb128 0
 6003 05d7 7368656C 		.ascii	"shell.h\000"
 6003      6C2E6800 
 6004 05df 0D       		.uleb128 0xd
 6005 05e0 00       		.uleb128 0
 6006 05e1 00       		.uleb128 0
 6007 05e2 7368656C 		.ascii	"shell_cmd.h\000"
 6007      6C5F636D 
 6007      642E6800 
 6008 05ee 0D       		.uleb128 0xd
 6009 05ef 00       		.uleb128 0
 6010 05f0 00       		.uleb128 0
 6011 05f1 7368656C 		.ascii	"shell_cmd.c\000"
 6011      6C5F636D 
 6011      642E6300 
 6012 05fd 0D       		.uleb128 0xd
 6013 05fe 00       		.uleb128 0
 6014 05ff 00       		.uleb128 0
 6015 0600 00       		.byte	0
 6016              	.LELTP0:
 6017              	.LELT0:
 6018              		.section	.gnu.debuglto_.debug_str,"eMS",%progbits,1
 6019              	.LASF222:
 6020 0000 6F66665F 		.ascii	"off_ctx\000"
 6020      63747800 
 6021              	.LASF193:
 6022 0008 4D314152 		.ascii	"M1AR\000"
 6022      00
 6023              	.LASF274:
 6024 000d 73746D33 		.ascii	"stm32_dma_stream_t\000"
 6024      325F646D 
 6024      615F7374 
 6024      7265616D 
 6024      5F7400
 6025              	.LASF4:
 6026 0020 73697A65 		.ascii	"size_t\000"
 6026      5F7400
 6027              	.LASF221:
 6028 0027 6F66665F 		.ascii	"off_prio\000"
 6028      7072696F 
 6028      00
 6029              	.LASF315:
 6030 0030 77696474 		.ascii	"width_cb\000"
 6030      685F6362 
 6030      00
ARM GAS  /tmp/ccFiYdB4.s 			page 110


 6031              	.LASF124:
 6032 0039 5F5F6C6F 		.ascii	"__locale_t\000"
 6032      63616C65 
 6032      5F7400
 6033              	.LASF23:
 6034 0044 5F5F7661 		.ascii	"__value\000"
 6034      6C756500 
 6035              	.LASF185:
 6036 004c 73797374 		.ascii	"systime_t\000"
 6036      696D655F 
 6036      7400
 6037              	.LASF230:
 6038 0056 6F66665F 		.ascii	"off_preempt\000"
 6038      70726565 
 6038      6D707400 
 6039              	.LASF92:
 6040 0062 5F5F7366 		.ascii	"__sf\000"
 6040      00
 6041              	.LASF212:
 6042 0067 6F776E65 		.ascii	"owner\000"
 6042      7200
 6043              	.LASF59:
 6044 006d 5F726561 		.ascii	"_read\000"
 6044      6400
 6045              	.LASF136:
 6046 0073 74707269 		.ascii	"tprio_t\000"
 6046      6F5F7400 
 6047              	.LASF233:
 6048 007b 63685F64 		.ascii	"ch_debug\000"
 6048      65627567 
 6048      00
 6049              	.LASF251:
 6050 0084 70726F76 		.ascii	"provider\000"
 6050      69646572 
 6050      00
 6051              	.LASF60:
 6052 008d 5F777269 		.ascii	"_write\000"
 6052      746500
 6053              	.LASF482:
 6054 0094 72785F66 		.ascii	"rx_fifo_size\000"
 6054      69666F5F 
 6054      73697A65 
 6054      00
 6055              	.LASF129:
 6056 00a1 696E7433 		.ascii	"int32_t\000"
 6056      325F7400 
 6057              	.LASF103:
 6058 00a9 5F617363 		.ascii	"_asctime_buf\000"
 6058      74696D65 
 6058      5F627566 
 6058      00
 6059              	.LASF86:
 6060 00b6 5F637674 		.ascii	"_cvtlen\000"
 6060      6C656E00 
 6061              	.LASF307:
 6062 00be 4943555F 		.ascii	"ICU_INPUT_ACTIVE_LOW\000"
 6062      494E5055 
ARM GAS  /tmp/ccFiYdB4.s 			page 111


 6062      545F4143 
 6062      54495645 
 6062      5F4C4F57 
 6063              	.LASF408:
 6064 00d3 72657376 		.ascii	"resvd8\000"
 6064      643800
 6065              	.LASF169:
 6066 00da 76746675 		.ascii	"vtfunc_t\000"
 6066      6E635F74 
 6066      00
 6067              	.LASF321:
 6068 00e3 49435544 		.ascii	"ICUD1\000"
 6068      3100
 6069              	.LASF419:
 6070 00e9 72657376 		.ascii	"resvdC\000"
 6070      644300
 6071              	.LASF175:
 6072 00f0 63685F76 		.ascii	"ch_virtual_timers_list\000"
 6072      69727475 
 6072      616C5F74 
 6072      696D6572 
 6072      735F6C69 
 6073              	.LASF122:
 6074 0107 5F756E75 		.ascii	"_unused\000"
 6074      73656400 
 6075              	.LASF33:
 6076 010f 5F5F746D 		.ascii	"__tm\000"
 6076      00
 6077              	.LASF118:
 6078 0114 5F776373 		.ascii	"_wcsrtombs_state\000"
 6078      72746F6D 
 6078      62735F73 
 6078      74617465 
 6078      00
 6079              	.LASF64:
 6080 0125 5F6E6275 		.ascii	"_nbuf\000"
 6080      6600
 6081              	.LASF34:
 6082 012b 5F5F746D 		.ascii	"__tm_sec\000"
 6082      5F736563 
 6082      00
 6083              	.LASF324:
 6084 0134 55415254 		.ascii	"UART_STOP\000"
 6084      5F53544F 
 6084      5000
 6085              	.LASF448:
 6086 013e 48464952 		.ascii	"HFIR\000"
 6086      00
 6087              	.LASF417:
 6088 0143 72657376 		.ascii	"resvd4\000"
 6088      643400
 6089              	.LASF111:
 6090 014a 5F6C3634 		.ascii	"_l64a_buf\000"
 6090      615F6275 
 6090      6600
 6091              	.LASF480:
 6092 0154 4649464F 		.ascii	"FIFO\000"
ARM GAS  /tmp/ccFiYdB4.s 			page 112


 6092      00
 6093              	.LASF253:
 6094 0159 63685F64 		.ascii	"ch_dyn_element\000"
 6094      796E5F65 
 6094      6C656D65 
 6094      6E7400
 6095              	.LASF290:
 6096 0168 42617365 		.ascii	"BaseSequentialStream\000"
 6096      53657175 
 6096      656E7469 
 6096      616C5374 
 6096      7265616D 
 6097              	.LASF457:
 6098 017d 72657376 		.ascii	"resvd700\000"
 6098      64373030 
 6098      00
 6099              	.LASF301:
 6100 0186 636F6E66 		.ascii	"config\000"
 6100      696700
 6101              	.LASF150:
 6102 018d 73746174 		.ascii	"state\000"
 6102      6500
 6103              	.LASF494:
 6104 0193 65705F6D 		.ascii	"ep_mode\000"
 6104      6F646500 
 6105              	.LASF68:
 6106 019b 5F6C6F63 		.ascii	"_lock\000"
 6106      6B00
 6107              	.LASF300:
 6108 01a1 49435544 		.ascii	"ICUDriver\000"
 6108      72697665 
 6108      7200
 6109              	.LASF338:
 6110 01ab 72787374 		.ascii	"rxstate\000"
 6110      61746500 
 6111              	.LASF99:
 6112 01b3 5F6D756C 		.ascii	"_mult\000"
 6112      7400
 6113              	.LASF306:
 6114 01b9 4943555F 		.ascii	"ICU_INPUT_ACTIVE_HIGH\000"
 6114      494E5055 
 6114      545F4143 
 6114      54495645 
 6114      5F484947 
 6115              	.LASF258:
 6116 01cf 6F626A5F 		.ascii	"obj_list\000"
 6116      6C697374 
 6116      00
 6117              	.LASF310:
 6118 01d8 4943555F 		.ascii	"ICU_CHANNEL_1\000"
 6118      4348414E 
 6118      4E454C5F 
 6118      3100
 6119              	.LASF282:
 6120 01e6 444D4152 		.ascii	"DMAR\000"
 6120      00
 6121              	.LASF493:
ARM GAS  /tmp/ccFiYdB4.s 			page 113


 6122 01eb 5553424F 		.ascii	"USBOutEndpointState\000"
 6122      7574456E 
 6122      64706F69 
 6122      6E745374 
 6122      61746500 
 6123              	.LASF319:
 6124 01ff 64696572 		.ascii	"dier\000"
 6124      00
 6125              	.LASF350:
 6126 0204 7278656E 		.ascii	"rxend_cb\000"
 6126      645F6362 
 6126      00
 6127              	.LASF224:
 6128 020d 6F66665F 		.ascii	"off_older\000"
 6128      6F6C6465 
 6128      7200
 6129              	.LASF145:
 6130 0217 7072696F 		.ascii	"prio\000"
 6130      00
 6131              	.LASF20:
 6132 021c 5F5F7763 		.ascii	"__wch\000"
 6132      6800
 6133              	.LASF203:
 6134 0222 65786974 		.ascii	"exitcode\000"
 6134      636F6465 
 6134      00
 6135              	.LASF390:
 6136 022b 75736265 		.ascii	"usbep0state_t\000"
 6136      70307374 
 6136      6174655F 
 6136      7400
 6137              	.LASF5:
 6138 0239 5F5F7569 		.ascii	"__uint8_t\000"
 6138      6E74385F 
 6138      7400
 6139              	.LASF56:
 6140 0243 5F66696C 		.ascii	"_file\000"
 6140      6500
 6141              	.LASF347:
 6142 0249 75617274 		.ascii	"uartecb_t\000"
 6142      6563625F 
 6142      7400
 6143              	.LASF43:
 6144 0253 5F6F6E5F 		.ascii	"_on_exit_args\000"
 6144      65786974 
 6144      5F617267 
 6144      7300
 6145              	.LASF392:
 6146 0261 5553425F 		.ascii	"USB_EVENT_ADDRESS\000"
 6146      4556454E 
 6146      545F4144 
 6146      44524553 
 6146      5300
 6147              	.LASF438:
 6148 0273 44494550 		.ascii	"DIEPTXF0\000"
 6148      54584630 
 6148      00
ARM GAS  /tmp/ccFiYdB4.s 			page 114


 6149              	.LASF328:
 6150 027c 55415254 		.ascii	"UART_TX_ACTIVE\000"
 6150      5F54585F 
 6150      41435449 
 6150      564500
 6151              	.LASF336:
 6152 028b 55415254 		.ascii	"UARTDriver\000"
 6152      44726976 
 6152      657200
 6153              	.LASF485:
 6154 0296 73746D33 		.ascii	"stm32_otg_params_t\000"
 6154      325F6F74 
 6154      675F7061 
 6154      72616D73 
 6154      5F7400
 6155              	.LASF114:
 6156 02a9 5F6D6272 		.ascii	"_mbrlen_state\000"
 6156      6C656E5F 
 6156      73746174 
 6156      6500
 6157              	.LASF11:
 6158 02b7 6C6F6E67 		.ascii	"long int\000"
 6158      20696E74 
 6158      00
 6159              	.LASF125:
 6160 02c0 5F696D70 		.ascii	"_impure_ptr\000"
 6160      7572655F 
 6160      70747200 
 6161              	.LASF83:
 6162 02cc 5F726573 		.ascii	"_result_k\000"
 6162      756C745F 
 6162      6B00
 6163              	.LASF53:
 6164 02d6 5F73697A 		.ascii	"_size\000"
 6164      6500
 6165              	.LASF215:
 6166 02dc 7A65726F 		.ascii	"zero\000"
 6166      00
 6167              	.LASF104:
 6168 02e1 5F6C6F63 		.ascii	"_localtime_buf\000"
 6168      616C7469 
 6168      6D655F62 
 6168      756600
 6169              	.LASF134:
 6170 02f0 74737461 		.ascii	"tstate_t\000"
 6170      74655F74 
 6170      00
 6171              	.LASF383:
 6172 02f9 5553425F 		.ascii	"USB_EP0_STP_WAITING\000"
 6172      4550305F 
 6172      5354505F 
 6172      57414954 
 6172      494E4700 
 6173              	.LASF155:
 6174 030d 6570656E 		.ascii	"epending\000"
 6174      64696E67 
 6174      00
ARM GAS  /tmp/ccFiYdB4.s 			page 115


 6175              	.LASF295:
 6176 0316 4943555F 		.ascii	"ICU_STOP\000"
 6176      53544F50 
 6176      00
 6177              	.LASF163:
 6178 031f 74687265 		.ascii	"threads_queue_t\000"
 6178      6164735F 
 6178      71756575 
 6178      655F7400 
 6179              	.LASF459:
 6180 032f 4443544C 		.ascii	"DCTL\000"
 6180      00
 6181              	.LASF488:
 6182 0334 74786275 		.ascii	"txbuf\000"
 6182      6600
 6183              	.LASF464:
 6184 033a 4441494E 		.ascii	"DAINT\000"
 6184      5400
 6185              	.LASF463:
 6186 0340 444F4550 		.ascii	"DOEPMSK\000"
 6186      4D534B00 
 6187              	.LASF38:
 6188 0348 5F5F746D 		.ascii	"__tm_mon\000"
 6188      5F6D6F6E 
 6188      00
 6189              	.LASF312:
 6190 0351 69637563 		.ascii	"icuchannel_t\000"
 6190      68616E6E 
 6190      656C5F74 
 6190      00
 6191              	.LASF259:
 6192 035e 6F626A5F 		.ascii	"obj_pool\000"
 6192      706F6F6C 
 6192      00
 6193              	.LASF381:
 6194 0367 5553425F 		.ascii	"USB_SUSPENDED\000"
 6194      53555350 
 6194      454E4445 
 6194      4400
 6195              	.LASF330:
 6196 0375 75617274 		.ascii	"uarttxstate_t\000"
 6196      74787374 
 6196      6174655F 
 6196      7400
 6197              	.LASF424:
 6198 0383 444F4550 		.ascii	"DOEPCTL\000"
 6198      43544C00 
 6199              	.LASF339:
 6200 038b 75736172 		.ascii	"usart\000"
 6200      7400
 6201              	.LASF101:
 6202 0391 5F756E75 		.ascii	"_unused_rand\000"
 6202      7365645F 
 6202      72616E64 
 6202      00
 6203              	.LASF246:
 6204 039e 6D656D63 		.ascii	"memcore_t\000"
ARM GAS  /tmp/ccFiYdB4.s 			page 116


 6204      6F72655F 
 6204      7400
 6205              	.LASF3:
 6206 03a8 7369676E 		.ascii	"signed char\000"
 6206      65642063 
 6206      68617200 
 6207              	.LASF209:
 6208 03b4 65776D61 		.ascii	"ewmask\000"
 6208      736B00
 6209              	.LASF127:
 6210 03bb 75696E74 		.ascii	"uint8_t\000"
 6210      385F7400 
 6211              	.LASF276:
 6212 03c3 534D4352 		.ascii	"SMCR\000"
 6212      00
 6213              	.LASF337:
 6214 03c8 74787374 		.ascii	"txstate\000"
 6214      61746500 
 6215              	.LASF397:
 6216 03d0 5553425F 		.ascii	"USB_EVENT_STALLED\000"
 6216      4556454E 
 6216      545F5354 
 6216      414C4C45 
 6216      4400
 6217              	.LASF303:
 6218 03e2 77636372 		.ascii	"wccrp\000"
 6218      7000
 6219              	.LASF425:
 6220 03e8 444F4550 		.ascii	"DOEPINT\000"
 6220      494E5400 
 6221              	.LASF138:
 6222 03f0 6576656E 		.ascii	"eventmask_t\000"
 6222      746D6173 
 6222      6B5F7400 
 6223              	.LASF452:
 6224 03fc 4841494E 		.ascii	"HAINT\000"
 6224      5400
 6225              	.LASF205:
 6226 0402 77747472 		.ascii	"wttrp\000"
 6226      7000
 6227              	.LASF298:
 6228 0408 4943555F 		.ascii	"ICU_ACTIVE\000"
 6228      41435449 
 6228      564500
 6229              	.LASF6:
 6230 0413 756E7369 		.ascii	"unsigned char\000"
 6230      676E6564 
 6230      20636861 
 6230      7200
 6231              	.LASF389:
 6232 0421 5553425F 		.ascii	"USB_EP0_ERROR\000"
 6232      4550305F 
 6232      4552524F 
 6232      5200
 6233              	.LASF176:
 6234 042f 6C617374 		.ascii	"lasttime\000"
 6234      74696D65 
ARM GAS  /tmp/ccFiYdB4.s 			page 117


 6234      00
 6235              	.LASF522:
 6236 0438 636D645F 		.ascii	"cmd_echo\000"
 6236      6563686F 
 6236      00
 6237              	.LASF179:
 6238 0441 70616E69 		.ascii	"panic_msg\000"
 6238      635F6D73 
 6238      6700
 6239              	.LASF311:
 6240 044b 4943555F 		.ascii	"ICU_CHANNEL_2\000"
 6240      4348414E 
 6240      4E454C5F 
 6240      3200
 6241              	.LASF78:
 6242 0459 5F756E73 		.ascii	"_unspecified_locale_info\000"
 6242      70656369 
 6242      66696564 
 6242      5F6C6F63 
 6242      616C655F 
 6243              	.LASF458:
 6244 0472 44434647 		.ascii	"DCFG\000"
 6244      00
 6245              	.LASF71:
 6246 0477 5F726565 		.ascii	"_reent\000"
 6246      6E7400
 6247              	.LASF126:
 6248 047e 5F676C6F 		.ascii	"_global_impure_ptr\000"
 6248      62616C5F 
 6248      696D7075 
 6248      72655F70 
 6248      747200
 6249              	.LASF364:
 6250 0491 65703073 		.ascii	"ep0state\000"
 6250      74617465 
 6250      00
 6251              	.LASF177:
 6252 049a 73797374 		.ascii	"system_debug_t\000"
 6252      656D5F64 
 6252      65627567 
 6252      5F7400
 6253              	.LASF420:
 6254 04a9 44494550 		.ascii	"DIEPTSIZ\000"
 6254      5453495A 
 6254      00
 6255              	.LASF507:
 6256 04b2 72657175 		.ascii	"requests_hook_cb\000"
 6256      65737473 
 6256      5F686F6F 
 6256      6B5F6362 
 6256      00
 6257              	.LASF242:
 6258 04c3 5F426F6F 		.ascii	"_Bool\000"
 6258      6C00
 6259              	.LASF462:
 6260 04c9 44494550 		.ascii	"DIEPMSK\000"
 6260      4D534B00 
ARM GAS  /tmp/ccFiYdB4.s 			page 118


 6261              	.LASF447:
 6262 04d1 48434647 		.ascii	"HCFG\000"
 6262      00
 6263              	.LASF407:
 6264 04d6 48434348 		.ascii	"HCCHAR\000"
 6264      415200
 6265              	.LASF278:
 6266 04dd 43434D52 		.ascii	"CCMR1\000"
 6266      3100
 6267              	.LASF279:
 6268 04e3 43434D52 		.ascii	"CCMR2\000"
 6268      3200
 6269              	.LASF283:
 6270 04e9 43434D52 		.ascii	"CCMR3\000"
 6270      3300
 6271              	.LASF427:
 6272 04ef 73746D33 		.ascii	"stm32_otg_out_ep_t\000"
 6272      325F6F74 
 6272      675F6F75 
 6272      745F6570 
 6272      5F7400
 6273              	.LASF26:
 6274 0502 63686172 		.ascii	"char\000"
 6274      00
 6275              	.LASF50:
 6276 0507 5F666E73 		.ascii	"_fns\000"
 6276      00
 6277              	.LASF62:
 6278 050c 5F636C6F 		.ascii	"_close\000"
 6278      736500
 6279              	.LASF366:
 6280 0513 6570306E 		.ascii	"ep0n\000"
 6280      00
 6281              	.LASF461:
 6282 0518 72657376 		.ascii	"resvd80C\000"
 6282      64383043 
 6282      00
 6283              	.LASF261:
 6284 0521 73656D5F 		.ascii	"sem_list\000"
 6284      6C697374 
 6284      00
 6285              	.LASF361:
 6286 052a 72656365 		.ascii	"receiving\000"
 6286      6976696E 
 6286      6700
 6287              	.LASF8:
 6288 0534 5F5F7569 		.ascii	"__uint16_t\000"
 6288      6E743136 
 6288      5F7400
 6289              	.LASF359:
 6290 053f 55534244 		.ascii	"USBDriver\000"
 6290      72697665 
 6290      7200
 6291              	.LASF204:
 6292 0549 77746F62 		.ascii	"wtobjp\000"
 6292      6A7000
 6293              	.LASF353:
ARM GAS  /tmp/ccFiYdB4.s 			page 119


 6294 0550 74696D65 		.ascii	"timeout_cb\000"
 6294      6F75745F 
 6294      636200
 6295              	.LASF73:
 6296 055b 5F737464 		.ascii	"_stdin\000"
 6296      696E00
 6297              	.LASF292:
 6298 0562 70616C65 		.ascii	"palevent_t\000"
 6298      76656E74 
 6298      5F7400
 6299              	.LASF495:
 6300 056d 73657475 		.ascii	"setup_cb\000"
 6300      705F6362 
 6300      00
 6301              	.LASF400:
 6302 0576 75645F73 		.ascii	"ud_string\000"
 6302      7472696E 
 6302      6700
 6303              	.LASF229:
 6304 0580 6F66665F 		.ascii	"off_refs\000"
 6304      72656673 
 6304      00
 6305              	.LASF151:
 6306 0589 666C6167 		.ascii	"flags\000"
 6306      7300
 6307              	.LASF496:
 6308 058f 696E5F63 		.ascii	"in_cb\000"
 6308      6200
 6309              	.LASF197:
 6310 0595 73746B61 		.ascii	"stkalign_t\000"
 6310      6C69676E 
 6310      5F7400
 6311              	.LASF196:
 6312 05a0 55534152 		.ascii	"USART_TypeDef\000"
 6312      545F5479 
 6312      70654465 
 6312      6600
 6313              	.LASF449:
 6314 05ae 48464E55 		.ascii	"HFNUM\000"
 6314      4D00
 6315              	.LASF158:
 6316 05b4 6D706F6F 		.ascii	"mpool\000"
 6316      6C00
 6317              	.LASF404:
 6318 05ba 75736265 		.ascii	"usbeventcb_t\000"
 6318      76656E74 
 6318      63625F74 
 6318      00
 6319              	.LASF309:
 6320 05c7 69637566 		.ascii	"icufreq_t\000"
 6320      7265715F 
 6320      7400
 6321              	.LASF268:
 6322 05d1 73747265 		.ascii	"stream\000"
 6322      616D00
 6323              	.LASF415:
 6324 05d8 73746D33 		.ascii	"stm32_otg_host_chn_t\000"
ARM GAS  /tmp/ccFiYdB4.s 			page 120


 6324      325F6F74 
 6324      675F686F 
 6324      73745F63 
 6324      686E5F74 
 6325              	.LASF516:
 6326 05ed 7368656C 		.ascii	"shell_local_commands\000"
 6326      6C5F6C6F 
 6326      63616C5F 
 6326      636F6D6D 
 6326      616E6473 
 6327              	.LASF235:
 6328 0602 6576656E 		.ascii	"event_listener_t\000"
 6328      745F6C69 
 6328      7374656E 
 6328      65725F74 
 6328      00
 6329              	.LASF499:
 6330 0613 6F75745F 		.ascii	"out_maxsize\000"
 6330      6D617873 
 6330      697A6500 
 6331              	.LASF218:
 6332 061f 70747273 		.ascii	"ptrsize\000"
 6332      697A6500 
 6333              	.LASF360:
 6334 0627 7472616E 		.ascii	"transmitting\000"
 6334      736D6974 
 6334      74696E67 
 6334      00
 6335              	.LASF284:
 6336 0634 43435852 		.ascii	"CCXR\000"
 6336      00
 6337              	.LASF411:
 6338 0639 48435453 		.ascii	"HCTSIZ\000"
 6338      495A00
 6339              	.LASF490:
 6340 0640 55534249 		.ascii	"USBInEndpointState\000"
 6340      6E456E64 
 6340      706F696E 
 6340      74537461 
 6340      746500
 6341              	.LASF442:
 6342 0653 47434346 		.ascii	"GCCFG\000"
 6342      4700
 6343              	.LASF467:
 6344 0659 72657376 		.ascii	"resvd824\000"
 6344      64383234 
 6344      00
 6345              	.LASF469:
 6346 0662 44564255 		.ascii	"DVBUSPULSE\000"
 6346      5350554C 
 6346      534500
 6347              	.LASF386:
 6348 066d 5553425F 		.ascii	"USB_EP0_IN_SENDING_STS\000"
 6348      4550305F 
 6348      494E5F53 
 6348      454E4449 
 6348      4E475F53 
ARM GAS  /tmp/ccFiYdB4.s 			page 121


 6349              	.LASF231:
 6350 0684 6F66665F 		.ascii	"off_time\000"
 6350      74696D65 
 6350      00
 6351              	.LASF140:
 6352 068d 636E745F 		.ascii	"cnt_t\000"
 6352      7400
 6353              	.LASF265:
 6354 0693 70697065 		.ascii	"pipe_list\000"
 6354      5F6C6973 
 6354      7400
 6355              	.LASF320:
 6356 069d 49435543 		.ascii	"ICUConfig\000"
 6356      6F6E6669 
 6356      6700
 6357              	.LASF351:
 6358 06a7 72786368 		.ascii	"rxchar_cb\000"
 6358      61725F63 
 6358      6200
 6359              	.LASF471:
 6360 06b1 44494550 		.ascii	"DIEPEMPMSK\000"
 6360      454D504D 
 6360      534B00
 6361              	.LASF401:
 6362 06bc 55534244 		.ascii	"USBDescriptor\000"
 6362      65736372 
 6362      6970746F 
 6362      7200
 6363              	.LASF58:
 6364 06ca 5F636F6F 		.ascii	"_cookie\000"
 6364      6B696500 
 6365              	.LASF368:
 6366 06d2 73657475 		.ascii	"setup\000"
 6366      7000
 6367              	.LASF341:
 6368 06d8 646D6174 		.ascii	"dmatxmode\000"
 6368      786D6F64 
 6368      6500
 6369              	.LASF354:
 6370 06e2 73706565 		.ascii	"speed\000"
 6370      6400
 6371              	.LASF208:
 6372 06e8 77746D74 		.ascii	"wtmtxp\000"
 6372      787000
 6373              	.LASF31:
 6374 06ef 5F776473 		.ascii	"_wds\000"
 6374      00
 6375              	.LASF398:
 6376 06f4 75736265 		.ascii	"usbevent_t\000"
 6376      76656E74 
 6376      5F7400
 6377              	.LASF167:
 6378 06ff 63685F72 		.ascii	"ch_ready_list\000"
 6378      65616479 
 6378      5F6C6973 
 6378      7400
 6379              	.LASF123:
ARM GAS  /tmp/ccFiYdB4.s 			page 122


 6380 070d 5F5F6C6F 		.ascii	"__lock\000"
 6380      636B00
 6381              	.LASF384:
 6382 0714 5553425F 		.ascii	"USB_EP0_IN_TX\000"
 6382      4550305F 
 6382      494E5F54 
 6382      5800
 6383              	.LASF90:
 6384 0722 5F736967 		.ascii	"_sig_func\000"
 6384      5F66756E 
 6384      6300
 6385              	.LASF262:
 6386 072c 73656D5F 		.ascii	"sem_pool\000"
 6386      706F6F6C 
 6386      00
 6387              	.LASF399:
 6388 0735 75645F73 		.ascii	"ud_size\000"
 6388      697A6500 
 6389              	.LASF66:
 6390 073d 5F6F6666 		.ascii	"_offset\000"
 6390      73657400 
 6391              	.LASF379:
 6392 0745 5553425F 		.ascii	"USB_SELECTED\000"
 6392      53454C45 
 6392      43544544 
 6392      00
 6393              	.LASF87:
 6394 0752 5F637674 		.ascii	"_cvtbuf\000"
 6394      62756600 
 6395              	.LASF371:
 6396 075a 636F6E66 		.ascii	"configuration\000"
 6396      69677572 
 6396      6174696F 
 6396      6E00
 6397              	.LASF277:
 6398 0768 44494552 		.ascii	"DIER\000"
 6398      00
 6399              	.LASF489:
 6400 076d 746F7473 		.ascii	"totsize\000"
 6400      697A6500 
 6401              	.LASF437:
 6402 0775 47525846 		.ascii	"GRXFSIZ\000"
 6402      53495A00 
 6403              	.LASF487:
 6404 077d 7478636E 		.ascii	"txcnt\000"
 6404      7400
 6405              	.LASF474:
 6406 0783 72657376 		.ascii	"resvd840\000"
 6406      64383430 
 6406      00
 6407              	.LASF291:
 6408 078c 70616C63 		.ascii	"palcallback_t\000"
 6408      616C6C62 
 6408      61636B5F 
 6408      7400
 6409              	.LASF14:
 6410 079a 5F5F7569 		.ascii	"__uint64_t\000"
ARM GAS  /tmp/ccFiYdB4.s 			page 123


 6410      6E743634 
 6410      5F7400
 6411              	.LASF445:
 6412 07a5 44494550 		.ascii	"DIEPTXF\000"
 6412      54584600 
 6413              	.LASF227:
 6414 07ad 6F66665F 		.ascii	"off_state\000"
 6414      73746174 
 6414      6500
 6415              	.LASF451:
 6416 07b7 48505458 		.ascii	"HPTXSTS\000"
 6416      53545300 
 6417              	.LASF84:
 6418 07bf 5F703573 		.ascii	"_p5s\000"
 6418      00
 6419              	.LASF13:
 6420 07c4 6C6F6E67 		.ascii	"long unsigned int\000"
 6420      20756E73 
 6420      69676E65 
 6420      6420696E 
 6420      7400
 6421              	.LASF220:
 6422 07d6 74687265 		.ascii	"threadsize\000"
 6422      61647369 
 6422      7A6500
 6423              	.LASF478:
 6424 07e1 50434743 		.ascii	"PCGCCTL\000"
 6424      43544C00 
 6425              	.LASF355:
 6426 07e9 55415254 		.ascii	"UARTConfig\000"
 6426      436F6E66 
 6426      696700
 6427              	.LASF431:
 6428 07f4 47555342 		.ascii	"GUSBCFG\000"
 6428      43464700 
 6429              	.LASF54:
 6430 07fc 5F5F7346 		.ascii	"__sFILE\000"
 6430      494C4500 
 6431              	.LASF80:
 6432 0804 5F5F7364 		.ascii	"__sdidinit\000"
 6432      6964696E 
 6432      697400
 6433              	.LASF70:
 6434 080f 5F666C61 		.ascii	"_flags2\000"
 6434      67733200 
 6435              	.LASF370:
 6436 0817 61646472 		.ascii	"address\000"
 6436      65737300 
 6437              	.LASF188:
 6438 081f 53797374 		.ascii	"SystemCoreClock\000"
 6438      656D436F 
 6438      7265436C 
 6438      6F636B00 
 6439              	.LASF210:
 6440 082f 63685F73 		.ascii	"ch_semaphore\000"
 6440      656D6170 
 6440      686F7265 
ARM GAS  /tmp/ccFiYdB4.s 			page 124


 6440      00
 6441              	.LASF271:
 6442 083c 73686966 		.ascii	"shift\000"
 6442      7400
 6443              	.LASF318:
 6444 0842 6368616E 		.ascii	"channel\000"
 6444      6E656C00 
 6445              	.LASF143:
 6446 084a 63685F74 		.ascii	"ch_thread\000"
 6446      68726561 
 6446      6400
 6447              	.LASF430:
 6448 0854 47414842 		.ascii	"GAHBCFG\000"
 6448      43464700 
 6449              	.LASF363:
 6450 085c 6F75745F 		.ascii	"out_params\000"
 6450      70617261 
 6450      6D7300
 6451              	.LASF174:
 6452 0867 76697274 		.ascii	"virtual_timers_list_t\000"
 6452      75616C5F 
 6452      74696D65 
 6452      72735F6C 
 6452      6973745F 
 6453              	.LASF213:
 6454 087d 63685F69 		.ascii	"ch_idle_thread_wa\000"
 6454      646C655F 
 6454      74687265 
 6454      61645F77 
 6454      6100
 6455              	.LASF502:
 6456 088f 696E5F6D 		.ascii	"in_multiplier\000"
 6456      756C7469 
 6456      706C6965 
 6456      7200
 6457              	.LASF275:
 6458 089d 5F73746D 		.ascii	"_stm32_dma_streams\000"
 6458      33325F64 
 6458      6D615F73 
 6458      74726561 
 6458      6D7300
 6459              	.LASF72:
 6460 08b0 5F657272 		.ascii	"_errno\000"
 6460      6E6F00
 6461              	.LASF349:
 6462 08b7 7478656E 		.ascii	"txend2_cb\000"
 6462      64325F63 
 6462      6200
 6463              	.LASF380:
 6464 08c1 5553425F 		.ascii	"USB_ACTIVE\000"
 6464      41435449 
 6464      564500
 6465              	.LASF484:
 6466 08cc 6E756D5F 		.ascii	"num_endpoints\000"
 6466      656E6470 
 6466      6F696E74 
 6466      7300
ARM GAS  /tmp/ccFiYdB4.s 			page 125


 6467              	.LASF264:
 6468 08da 6669666F 		.ascii	"fifo_list\000"
 6468      5F6C6973 
 6468      7400
 6469              	.LASF317:
 6470 08e4 6F766572 		.ascii	"overflow_cb\000"
 6470      666C6F77 
 6470      5F636200 
 6471              	.LASF170:
 6472 08f0 76697274 		.ascii	"virtual_timer_t\000"
 6472      75616C5F 
 6472      74696D65 
 6472      725F7400 
 6473              	.LASF166:
 6474 0900 72656164 		.ascii	"ready_list_t\000"
 6474      795F6C69 
 6474      73745F74 
 6474      00
 6475              	.LASF147:
 6476 090d 6F6C6465 		.ascii	"older\000"
 6476      7200
 6477              	.LASF511:
 6478 0913 7368656C 		.ascii	"shellcmd_t\000"
 6478      6C636D64 
 6478      5F7400
 6479              	.LASF112:
 6480 091e 5F736967 		.ascii	"_signal_buf\000"
 6480      6E616C5F 
 6480      62756600 
 6481              	.LASF486:
 6482 092a 74787369 		.ascii	"txsize\000"
 6482      7A6500
 6483              	.LASF157:
 6484 0931 7265616C 		.ascii	"realprio\000"
 6484      7072696F 
 6484      00
 6485              	.LASF285:
 6486 093a 73746D33 		.ascii	"stm32_tim_t\000"
 6486      325F7469 
 6486      6D5F7400 
 6487              	.LASF141:
 6488 0946 75636E74 		.ascii	"ucnt_t\000"
 6488      5F7400
 6489              	.LASF302:
 6490 094d 636C6F63 		.ascii	"clock\000"
 6490      6B00
 6491              	.LASF288:
 6492 0953 77726974 		.ascii	"write\000"
 6492      6500
 6493              	.LASF226:
 6494 0959 6F66665F 		.ascii	"off_stklimit\000"
 6494      73746B6C 
 6494      696D6974 
 6494      00
 6495              	.LASF517:
 6496 0966 61726763 		.ascii	"argc\000"
 6496      00
ARM GAS  /tmp/ccFiYdB4.s 			page 126


 6497              	.LASF248:
 6498 096b 706F6F6C 		.ascii	"pool_header\000"
 6498      5F686561 
 6498      64657200 
 6499              	.LASF32:
 6500 0977 5F426967 		.ascii	"_Bigint\000"
 6500      696E7400 
 6501              	.LASF382:
 6502 097f 75736273 		.ascii	"usbstate_t\000"
 6502      74617465 
 6502      5F7400
 6503              	.LASF161:
 6504 098a 63685F74 		.ascii	"ch_threads_list\000"
 6504      68726561 
 6504      64735F6C 
 6504      69737400 
 6505              	.LASF333:
 6506 099a 55415254 		.ascii	"UART_RX_COMPLETE\000"
 6506      5F52585F 
 6506      434F4D50 
 6506      4C455445 
 6506      00
 6507              	.LASF29:
 6508 09ab 5F6D6178 		.ascii	"_maxwds\000"
 6508      77647300 
 6509              	.LASF299:
 6510 09b3 69637573 		.ascii	"icustate_t\000"
 6510      74617465 
 6510      5F7400
 6511              	.LASF450:
 6512 09be 72657376 		.ascii	"resvd40C\000"
 6512      64343043 
 6512      00
 6513              	.LASF81:
 6514 09c7 5F5F636C 		.ascii	"__cleanup\000"
 6514      65616E75 
 6514      7000
 6515              	.LASF428:
 6516 09d1 474F5447 		.ascii	"GOTGCTL\000"
 6516      43544C00 
 6517              	.LASF89:
 6518 09d9 5F617465 		.ascii	"_atexit0\000"
 6518      78697430 
 6518      00
 6519              	.LASF344:
 6520 09e2 72786275 		.ascii	"rxbuf\000"
 6520      6600
 6521              	.LASF342:
 6522 09e8 646D6172 		.ascii	"dmarx\000"
 6522      7800
 6523              	.LASF500:
 6524 09ee 696E5F73 		.ascii	"in_state\000"
 6524      74617465 
 6524      00
 6525              	.LASF435:
 6526 09f7 47525853 		.ascii	"GRXSTSR\000"
 6526      54535200 
ARM GAS  /tmp/ccFiYdB4.s 			page 127


 6527              	.LASF396:
 6528 09ff 5553425F 		.ascii	"USB_EVENT_WAKEUP\000"
 6528      4556454E 
 6528      545F5741 
 6528      4B455550 
 6528      00
 6529              	.LASF322:
 6530 0a10 49435544 		.ascii	"ICUD2\000"
 6530      3200
 6531              	.LASF12:
 6532 0a16 5F5F7569 		.ascii	"__uint32_t\000"
 6532      6E743332 
 6532      5F7400
 6533              	.LASF77:
 6534 0a21 5F656D65 		.ascii	"_emergency\000"
 6534      7267656E 
 6534      637900
 6535              	.LASF505:
 6536 0a2c 6576656E 		.ascii	"event_cb\000"
 6536      745F6362 
 6536      00
 6537              	.LASF429:
 6538 0a35 474F5447 		.ascii	"GOTGINT\000"
 6538      494E5400 
 6539              	.LASF109:
 6540 0a3d 5F6D6274 		.ascii	"_mbtowc_state\000"
 6540      6F77635F 
 6540      73746174 
 6540      6500
 6541              	.LASF156:
 6542 0a4b 6D74786C 		.ascii	"mtxlist\000"
 6542      69737400 
 6543              	.LASF1:
 6544 0a53 6C6F6E67 		.ascii	"long long int\000"
 6544      206C6F6E 
 6544      6720696E 
 6544      7400
 6545              	.LASF378:
 6546 0a61 5553425F 		.ascii	"USB_READY\000"
 6546      52454144 
 6546      5900
 6547              	.LASF436:
 6548 0a6b 47525853 		.ascii	"GRXSTSP\000"
 6548      54535000 
 6549              	.LASF186:
 6550 0a73 73797369 		.ascii	"sysinterval_t\000"
 6550      6E746572 
 6550      76616C5F 
 6550      7400
 6551              	.LASF95:
 6552 0a81 5F6E696F 		.ascii	"_niobs\000"
 6552      627300
 6553              	.LASF454:
 6554 0a88 72657376 		.ascii	"resvd41C\000"
 6554      64343143 
 6554      00
 6555              	.LASF257:
ARM GAS  /tmp/ccFiYdB4.s 			page 128


 6556 0a91 63685F6F 		.ascii	"ch_objects_factory\000"
 6556      626A6563 
 6556      74735F66 
 6556      6163746F 
 6556      727900
 6557              	.LASF91:
 6558 0aa4 5F5F7367 		.ascii	"__sglue\000"
 6558      6C756500 
 6559              	.LASF365:
 6560 0aac 6570306E 		.ascii	"ep0next\000"
 6560      65787400 
 6561              	.LASF121:
 6562 0ab4 5F6E6D61 		.ascii	"_nmalloc\000"
 6562      6C6C6F63 
 6562      00
 6563              	.LASF195:
 6564 0abd 47545052 		.ascii	"GTPR\000"
 6564      00
 6565              	.LASF105:
 6566 0ac2 5F67616D 		.ascii	"_gamma_signgam\000"
 6566      6D615F73 
 6566      69676E67 
 6566      616D00
 6567              	.LASF241:
 6568 0ad1 6576656E 		.ascii	"event_source_t\000"
 6568      745F736F 
 6568      75726365 
 6568      5F7400
 6569              	.LASF472:
 6570 0ae0 72657376 		.ascii	"resvd838\000"
 6570      64383338 
 6570      00
 6571              	.LASF403:
 6572 0ae9 75736265 		.ascii	"usbepcallback_t\000"
 6572      7063616C 
 6572      6C626163 
 6572      6B5F7400 
 6573              	.LASF85:
 6574 0af9 5F667265 		.ascii	"_freelist\000"
 6574      656C6973 
 6574      7400
 6575              	.LASF96:
 6576 0b03 5F696F62 		.ascii	"_iobs\000"
 6576      7300
 6577              	.LASF250:
 6578 0b09 616C6967 		.ascii	"align\000"
 6578      6E00
 6579              	.LASF475:
 6580 0b0f 72657376 		.ascii	"resvd880\000"
 6580      64383830 
 6580      00
 6581              	.LASF94:
 6582 0b18 5F676C75 		.ascii	"_glue\000"
 6582      6500
 6583              	.LASF187:
 6584 0b1e 49544D5F 		.ascii	"ITM_RxBuffer\000"
 6584      52784275 
ARM GAS  /tmp/ccFiYdB4.s 			page 129


 6584      66666572 
 6584      00
 6585              	.LASF30:
 6586 0b2b 5F736967 		.ascii	"_sign\000"
 6586      6E00
 6587              	.LASF513:
 6588 0b31 73635F66 		.ascii	"sc_function\000"
 6588      756E6374 
 6588      696F6E00 
 6589              	.LASF314:
 6590 0b3d 66726571 		.ascii	"frequency\000"
 6590      75656E63 
 6590      7900
 6591              	.LASF335:
 6592 0b47 75617274 		.ascii	"uartflags_t\000"
 6592      666C6167 
 6592      735F7400 
 6593              	.LASF343:
 6594 0b53 646D6174 		.ascii	"dmatx\000"
 6594      7800
 6595              	.LASF426:
 6596 0b59 444F4550 		.ascii	"DOEPTSIZ\000"
 6596      5453495A 
 6596      00
 6597              	.LASF289:
 6598 0b62 72656164 		.ascii	"read\000"
 6598      00
 6599              	.LASF223:
 6600 0b67 6F66665F 		.ascii	"off_newer\000"
 6600      6E657765 
 6600      7200
 6601              	.LASF272:
 6602 0b71 73656C66 		.ascii	"selfindex\000"
 6602      696E6465 
 6602      7800
 6603              	.LASF352:
 6604 0b7b 72786572 		.ascii	"rxerr_cb\000"
 6604      725F6362 
 6604      00
 6605              	.LASF0:
 6606 0b84 756E7369 		.ascii	"unsigned int\000"
 6606      676E6564 
 6606      20696E74 
 6606      00
 6607              	.LASF509:
 6608 0b91 55534243 		.ascii	"USBConfig\000"
 6608      6F6E6669 
 6608      6700
 6609              	.LASF466:
 6610 0b9b 72657376 		.ascii	"resvd820\000"
 6610      64383230 
 6610      00
 6611              	.LASF132:
 6612 0ba4 7274636E 		.ascii	"rtcnt_t\000"
 6612      745F7400 
 6613              	.LASF409:
 6614 0bac 4843494E 		.ascii	"HCINT\000"
ARM GAS  /tmp/ccFiYdB4.s 			page 130


 6614      5400
 6615              	.LASF152:
 6616 0bb2 72656673 		.ascii	"refs\000"
 6616      00
 6617              	.LASF119:
 6618 0bb7 5F685F65 		.ascii	"_h_errno\000"
 6618      72726E6F 
 6618      00
 6619              	.LASF481:
 6620 0bc0 73746D33 		.ascii	"stm32_otg_t\000"
 6620      325F6F74 
 6620      675F7400 
 6621              	.LASF117:
 6622 0bcc 5F776372 		.ascii	"_wcrtomb_state\000"
 6622      746F6D62 
 6622      5F737461 
 6622      746500
 6623              	.LASF503:
 6624 0bdb 73657475 		.ascii	"setup_buf\000"
 6624      705F6275 
 6624      6600
 6625              	.LASF37:
 6626 0be5 5F5F746D 		.ascii	"__tm_mday\000"
 6626      5F6D6461 
 6626      7900
 6627              	.LASF521:
 6628 0bef 2F686F6D 		.ascii	"/home/rob/Projects/ChibiStudio/ChibiStudio_20/works"
 6628      652F726F 
 6628      622F5072 
 6628      6F6A6563 
 6628      74732F43 
 6629 0c22 70616365 		.ascii	"pace_trunk/F401_blackpill_SerialSniffer/\000"
 6629      5F747275 
 6629      6E6B2F46 
 6629      3430315F 
 6629      626C6163 
 6630              	.LASF387:
 6631 0c4b 5553425F 		.ascii	"USB_EP0_OUT_WAITING_STS\000"
 6631      4550305F 
 6631      4F55545F 
 6631      57414954 
 6631      494E475F 
 6632              	.LASF88:
 6633 0c63 5F6E6577 		.ascii	"_new\000"
 6633      00
 6634              	.LASF63:
 6635 0c68 5F756275 		.ascii	"_ubuf\000"
 6635      6600
 6636              	.LASF479:
 6637 0c6e 72657376 		.ascii	"resvdE04\000"
 6637      64453034 
 6637      00
 6638              	.LASF75:
 6639 0c77 5F737464 		.ascii	"_stderr\000"
 6639      65727200 
 6640              	.LASF110:
 6641 0c7f 5F776374 		.ascii	"_wctomb_state\000"
ARM GAS  /tmp/ccFiYdB4.s 			page 131


 6641      6F6D625F 
 6641      73746174 
 6641      6500
 6642              	.LASF69:
 6643 0c8d 5F6D6273 		.ascii	"_mbstate\000"
 6643      74617465 
 6643      00
 6644              	.LASF168:
 6645 0c96 63757272 		.ascii	"current\000"
 6645      656E7400 
 6646              	.LASF106:
 6647 0c9e 5F72616E 		.ascii	"_rand_next\000"
 6647      645F6E65 
 6647      787400
 6648              	.LASF497:
 6649 0ca9 6F75745F 		.ascii	"out_cb\000"
 6649      636200
 6650              	.LASF55:
 6651 0cb0 5F666C61 		.ascii	"_flags\000"
 6651      677300
 6652              	.LASF200:
 6653 0cb7 6F666673 		.ascii	"offset\000"
 6653      657400
 6654              	.LASF453:
 6655 0cbe 4841494E 		.ascii	"HAINTMSK\000"
 6655      544D534B 
 6655      00
 6656              	.LASF296:
 6657 0cc7 4943555F 		.ascii	"ICU_READY\000"
 6657      52454144 
 6657      5900
 6658              	.LASF159:
 6659 0cd1 74687265 		.ascii	"thread_reference_t\000"
 6659      61645F72 
 6659      65666572 
 6659      656E6365 
 6659      5F7400
 6660              	.LASF48:
 6661 0ce4 5F617465 		.ascii	"_atexit\000"
 6661      78697400 
 6662              	.LASF377:
 6663 0cec 5553425F 		.ascii	"USB_STOP\000"
 6663      53544F50 
 6663      00
 6664              	.LASF492:
 6665 0cf5 7278636E 		.ascii	"rxcnt\000"
 6665      7400
 6666              	.LASF498:
 6667 0cfb 696E5F6D 		.ascii	"in_maxsize\000"
 6667      61787369 
 6667      7A6500
 6668              	.LASF434:
 6669 0d06 47494E54 		.ascii	"GINTMSK\000"
 6669      4D534B00 
 6670              	.LASF194:
 6671 0d0e 444D415F 		.ascii	"DMA_Stream_TypeDef\000"
 6671      53747265 
ARM GAS  /tmp/ccFiYdB4.s 			page 132


 6671      616D5F54 
 6671      79706544 
 6671      656600
 6672              	.LASF358:
 6673 0d21 55415254 		.ascii	"UARTD6\000"
 6673      443600
 6674              	.LASF316:
 6675 0d28 70657269 		.ascii	"period_cb\000"
 6675      6F645F63 
 6675      6200
 6676              	.LASF308:
 6677 0d32 6963756D 		.ascii	"icumode_t\000"
 6677      6F64655F 
 6677      7400
 6678              	.LASF22:
 6679 0d3c 5F5F636F 		.ascii	"__count\000"
 6679      756E7400 
 6680              	.LASF501:
 6681 0d44 6F75745F 		.ascii	"out_state\000"
 6681      73746174 
 6681      6500
 6682              	.LASF412:
 6683 0d4e 72657376 		.ascii	"resvd14\000"
 6683      64313400 
 6684              	.LASF243:
 6685 0d56 6D656D67 		.ascii	"memgetfunc_t\000"
 6685      65746675 
 6685      6E635F74 
 6685      00
 6686              	.LASF40:
 6687 0d63 5F5F746D 		.ascii	"__tm_wday\000"
 6687      5F776461 
 6687      7900
 6688              	.LASF293:
 6689 0d6d 5F70616C 		.ascii	"_pal_events\000"
 6689      5F657665 
 6689      6E747300 
 6690              	.LASF142:
 6691 0d79 74687265 		.ascii	"thread_t\000"
 6691      61645F74 
 6691      00
 6692              	.LASF2:
 6693 0d82 6C6F6E67 		.ascii	"long double\000"
 6693      20646F75 
 6693      626C6500 
 6694              	.LASF239:
 6695 0d8e 77666C61 		.ascii	"wflags\000"
 6695      677300
 6696              	.LASF41:
 6697 0d95 5F5F746D 		.ascii	"__tm_yday\000"
 6697      5F796461 
 6697      7900
 6698              	.LASF483:
 6699 0d9f 6F74675F 		.ascii	"otg_ram_size\000"
 6699      72616D5F 
 6699      73697A65 
 6699      00
ARM GAS  /tmp/ccFiYdB4.s 			page 133


 6700              	.LASF206:
 6701 0dac 73656E74 		.ascii	"sentmsg\000"
 6701      6D736700 
 6702              	.LASF198:
 6703 0db4 706F7274 		.ascii	"port_intctx\000"
 6703      5F696E74 
 6703      63747800 
 6704              	.LASF266:
 6705 0dc0 6F626A65 		.ascii	"objects_factory_t\000"
 6705      6374735F 
 6705      66616374 
 6705      6F72795F 
 6705      7400
 6706              	.LASF373:
 6707 0dd2 6F746770 		.ascii	"otgparams\000"
 6707      6172616D 
 6707      7300
 6708              	.LASF98:
 6709 0ddc 5F736565 		.ascii	"_seed\000"
 6709      6400
 6710              	.LASF515:
 6711 0de2 7368656C 		.ascii	"shell_terminated\000"
 6711      6C5F7465 
 6711      726D696E 
 6711      61746564 
 6711      00
 6712              	.LASF260:
 6713 0df3 6275665F 		.ascii	"buf_list\000"
 6713      6C697374 
 6713      00
 6714              	.LASF61:
 6715 0dfc 5F736565 		.ascii	"_seek\000"
 6715      6B00
 6716              	.LASF470:
 6717 0e02 72657376 		.ascii	"resvd830\000"
 6717      64383330 
 6717      00
 6718              	.LASF394:
 6719 0e0b 5553425F 		.ascii	"USB_EVENT_UNCONFIGURED\000"
 6719      4556454E 
 6719      545F554E 
 6719      434F4E46 
 6719      49475552 
 6720              	.LASF18:
 6721 0e22 5F66706F 		.ascii	"_fpos_t\000"
 6721      735F7400 
 6722              	.LASF21:
 6723 0e2a 5F5F7763 		.ascii	"__wchb\000"
 6723      686200
 6724              	.LASF376:
 6725 0e31 5553425F 		.ascii	"USB_UNINIT\000"
 6725      554E494E 
 6725      495400
 6726              	.LASF189:
 6727 0e3c 41484250 		.ascii	"AHBPrescTable\000"
 6727      72657363 
 6727      5461626C 
ARM GAS  /tmp/ccFiYdB4.s 			page 134


 6727      6500
 6728              	.LASF171:
 6729 0e4a 63685F76 		.ascii	"ch_virtual_timer\000"
 6729      69727475 
 6729      616C5F74 
 6729      696D6572 
 6729      00
 6730              	.LASF520:
 6731 0e5b 2E2E2F2E 		.ascii	"../../chibios_trunk/os/various/shell/shell_cmd.c\000"
 6731      2E2F6368 
 6731      6962696F 
 6731      735F7472 
 6731      756E6B2F 
 6732              	.LASF294:
 6733 0e8c 4943555F 		.ascii	"ICU_UNINIT\000"
 6733      554E494E 
 6733      495400
 6734              	.LASF216:
 6735 0e97 73697A65 		.ascii	"size\000"
 6735      00
 6736              	.LASF477:
 6737 0e9c 72657376 		.ascii	"resvdD00\000"
 6737      64443030 
 6737      00
 6738              	.LASF15:
 6739 0ea5 6C6F6E67 		.ascii	"long long unsigned int\000"
 6739      206C6F6E 
 6739      6720756E 
 6739      7369676E 
 6739      65642069 
 6740              	.LASF444:
 6741 0ebc 48505458 		.ascii	"HPTXFSIZ\000"
 6741      4653495A 
 6741      00
 6742              	.LASF473:
 6743 0ec5 72657376 		.ascii	"resvd83C\000"
 6743      64383343 
 6743      00
 6744              	.LASF128:
 6745 0ece 75696E74 		.ascii	"uint16_t\000"
 6745      31365F74 
 6745      00
 6746              	.LASF332:
 6747 0ed7 55415254 		.ascii	"UART_RX_ACTIVE\000"
 6747      5F52585F 
 6747      41435449 
 6747      564500
 6748              	.LASF225:
 6749 0ee6 6F66665F 		.ascii	"off_name\000"
 6749      6E616D65 
 6749      00
 6750              	.LASF45:
 6751 0eef 5F64736F 		.ascii	"_dso_handle\000"
 6751      5F68616E 
 6751      646C6500 
 6752              	.LASF137:
 6753 0efb 6D73675F 		.ascii	"msg_t\000"
ARM GAS  /tmp/ccFiYdB4.s 			page 135


 6753      7400
 6754              	.LASF455:
 6755 0f01 48505254 		.ascii	"HPRT\000"
 6755      00
 6756              	.LASF164:
 6757 0f06 63685F74 		.ascii	"ch_threads_queue\000"
 6757      68726561 
 6757      64735F71 
 6757      75657565 
 6757      00
 6758              	.LASF97:
 6759 0f17 5F72616E 		.ascii	"_rand48\000"
 6759      64343800 
 6760              	.LASF139:
 6761 0f1f 6576656E 		.ascii	"eventflags_t\000"
 6761      74666C61 
 6761      67735F74 
 6761      00
 6762              	.LASF410:
 6763 0f2c 4843494E 		.ascii	"HCINTMSK\000"
 6763      544D534B 
 6763      00
 6764              	.LASF280:
 6765 0f35 43434552 		.ascii	"CCER\000"
 6765      00
 6766              	.LASF74:
 6767 0f3a 5F737464 		.ascii	"_stdout\000"
 6767      6F757400 
 6768              	.LASF245:
 6769 0f42 746F706D 		.ascii	"topmem\000"
 6769      656D00
 6770              	.LASF372:
 6771 0f49 73617665 		.ascii	"saved_state\000"
 6771      645F7374 
 6771      61746500 
 6772              	.LASF172:
 6773 0f55 64656C74 		.ascii	"delta\000"
 6773      6100
 6774              	.LASF65:
 6775 0f5b 5F626C6B 		.ascii	"_blksize\000"
 6775      73697A65 
 6775      00
 6776              	.LASF52:
 6777 0f64 5F626173 		.ascii	"_base\000"
 6777      6500
 6778              	.LASF144:
 6779 0f6a 71756575 		.ascii	"queue\000"
 6779      6500
 6780              	.LASF273:
 6781 0f70 76656374 		.ascii	"vector\000"
 6781      6F7200
 6782              	.LASF102:
 6783 0f77 5F737472 		.ascii	"_strtok_last\000"
 6783      746F6B5F 
 6783      6C617374 
 6783      00
 6784              	.LASF267:
ARM GAS  /tmp/ccFiYdB4.s 			page 136


 6785 0f84 63685F66 		.ascii	"ch_factory\000"
 6785      6163746F 
 6785      727900
 6786              	.LASF115:
 6787 0f8f 5F6D6272 		.ascii	"_mbrtowc_state\000"
 6787      746F7763 
 6787      5F737461 
 6787      746500
 6788              	.LASF263:
 6789 0f9e 6D62785F 		.ascii	"mbx_list\000"
 6789      6C697374 
 6789      00
 6790              	.LASF184:
 6791 0fa7 6D61696E 		.ascii	"mainthread\000"
 6791      74687265 
 6791      616400
 6792              	.LASF465:
 6793 0fb2 4441494E 		.ascii	"DAINTMSK\000"
 6793      544D534B 
 6793      00
 6794              	.LASF25:
 6795 0fbb 5F666C6F 		.ascii	"_flock_t\000"
 6795      636B5F74 
 6795      00
 6796              	.LASF217:
 6797 0fc4 76657273 		.ascii	"version\000"
 6797      696F6E00 
 6798              	.LASF93:
 6799 0fcc 5F5F4649 		.ascii	"__FILE\000"
 6799      4C4500
 6800              	.LASF468:
 6801 0fd3 44564255 		.ascii	"DVBUSDIS\000"
 6801      53444953 
 6801      00
 6802              	.LASF423:
 6803 0fdc 73746D33 		.ascii	"stm32_otg_in_ep_t\000"
 6803      325F6F74 
 6803      675F696E 
 6803      5F65705F 
 6803      7400
 6804              	.LASF329:
 6805 0fee 55415254 		.ascii	"UART_TX_COMPLETE\000"
 6805      5F54585F 
 6805      434F4D50 
 6805      4C455445 
 6805      00
 6806              	.LASF334:
 6807 0fff 75617274 		.ascii	"uartrxstate_t\000"
 6807      72787374 
 6807      6174655F 
 6807      7400
 6808              	.LASF24:
 6809 100d 5F6D6273 		.ascii	"_mbstate_t\000"
 6809      74617465 
 6809      5F7400
 6810              	.LASF107:
 6811 1018 5F723438 		.ascii	"_r48\000"
ARM GAS  /tmp/ccFiYdB4.s 			page 137


 6811      00
 6812              	.LASF149:
 6813 101d 77616261 		.ascii	"wabase\000"
 6813      736500
 6814              	.LASF491:
 6815 1024 72787369 		.ascii	"rxsize\000"
 6815      7A6500
 6816              	.LASF19:
 6817 102b 77696E74 		.ascii	"wint_t\000"
 6817      5F7400
 6818              	.LASF393:
 6819 1032 5553425F 		.ascii	"USB_EVENT_CONFIGURED\000"
 6819      4556454E 
 6819      545F434F 
 6819      4E464947 
 6819      55524544 
 6820              	.LASF346:
 6821 1047 75617274 		.ascii	"uartccb_t\000"
 6821      6363625F 
 6821      7400
 6822              	.LASF252:
 6823 1051 6D656D6F 		.ascii	"memory_pool_t\000"
 6823      72795F70 
 6823      6F6F6C5F 
 6823      7400
 6824              	.LASF28:
 6825 105f 5F6E6578 		.ascii	"_next\000"
 6825      7400
 6826              	.LASF510:
 6827 1065 55534244 		.ascii	"USBD1\000"
 6827      3100
 6828              	.LASF67:
 6829 106b 5F646174 		.ascii	"_data\000"
 6829      6100
 6830              	.LASF504:
 6831 1071 55534245 		.ascii	"USBEndpointConfig\000"
 6831      6E64706F 
 6831      696E7443 
 6831      6F6E6669 
 6831      6700
 6832              	.LASF286:
 6833 1083 42617365 		.ascii	"BaseSequentialStreamVMT\000"
 6833      53657175 
 6833      656E7469 
 6833      616C5374 
 6833      7265616D 
 6834              	.LASF182:
 6835 109b 726C6973 		.ascii	"rlist\000"
 6835      7400
 6836              	.LASF512:
 6837 10a1 73635F6E 		.ascii	"sc_name\000"
 6837      616D6500 
 6838              	.LASF385:
 6839 10a9 5553425F 		.ascii	"USB_EP0_IN_WAITING_TX0\000"
 6839      4550305F 
 6839      494E5F57 
 6839      41495449 
ARM GAS  /tmp/ccFiYdB4.s 			page 138


 6839      4E475F54 
 6840              	.LASF133:
 6841 10c0 746D6F64 		.ascii	"tmode_t\000"
 6841      655F7400 
 6842              	.LASF518:
 6843 10c8 61726776 		.ascii	"argv\000"
 6843      00
 6844              	.LASF270:
 6845 10cd 64756D6D 		.ascii	"dummy\000"
 6845      7900
 6846              	.LASF323:
 6847 10d3 55415254 		.ascii	"UART_UNINIT\000"
 6847      5F554E49 
 6847      4E495400 
 6848              	.LASF406:
 6849 10df 75736267 		.ascii	"usbgetdescriptor_t\000"
 6849      65746465 
 6849      73637269 
 6849      70746F72 
 6849      5F7400
 6850              	.LASF348:
 6851 10f2 7478656E 		.ascii	"txend1_cb\000"
 6851      64315F63 
 6851      6200
 6852              	.LASF331:
 6853 10fc 55415254 		.ascii	"UART_RX_IDLE\000"
 6853      5F52585F 
 6853      49444C45 
 6853      00
 6854              	.LASF362:
 6855 1109 696E5F70 		.ascii	"in_params\000"
 6855      6172616D 
 6855      7300
 6856              	.LASF201:
 6857 1113 746D5F63 		.ascii	"tm_calibration_t\000"
 6857      616C6962 
 6857      72617469 
 6857      6F6E5F74 
 6857      00
 6858              	.LASF192:
 6859 1124 4D304152 		.ascii	"M0AR\000"
 6859      00
 6860              	.LASF148:
 6861 1129 6E616D65 		.ascii	"name\000"
 6861      00
 6862              	.LASF237:
 6863 112e 6C697374 		.ascii	"listener\000"
 6863      656E6572 
 6863      00
 6864              	.LASF190:
 6865 1137 41504250 		.ascii	"APBPrescTable\000"
 6865      72657363 
 6865      5461626C 
 6865      6500
 6866              	.LASF340:
 6867 1145 646D6172 		.ascii	"dmarxmode\000"
 6867      786D6F64 
ARM GAS  /tmp/ccFiYdB4.s 			page 139


 6867      6500
 6868              	.LASF108:
 6869 114f 5F6D626C 		.ascii	"_mblen_state\000"
 6869      656E5F73 
 6869      74617465 
 6869      00
 6870              	.LASF7:
 6871 115c 73686F72 		.ascii	"short int\000"
 6871      7420696E 
 6871      7400
 6872              	.LASF240:
 6873 1166 6576656E 		.ascii	"event_source\000"
 6873      745F736F 
 6873      75726365 
 6873      00
 6874              	.LASF131:
 6875 1173 75696E74 		.ascii	"uint64_t\000"
 6875      36345F74 
 6875      00
 6876              	.LASF313:
 6877 117c 6D6F6465 		.ascii	"mode\000"
 6877      00
 6878              	.LASF173:
 6879 1181 66756E63 		.ascii	"func\000"
 6879      00
 6880              	.LASF211:
 6881 1186 63685F6D 		.ascii	"ch_mutex\000"
 6881      75746578 
 6881      00
 6882              	.LASF391:
 6883 118f 5553425F 		.ascii	"USB_EVENT_RESET\000"
 6883      4556454E 
 6883      545F5245 
 6883      53455400 
 6884              	.LASF305:
 6885 119f 69637563 		.ascii	"icucallback_t\000"
 6885      616C6C62 
 6885      61636B5F 
 6885      7400
 6886              	.LASF154:
 6887 11ad 6D736771 		.ascii	"msgqueue\000"
 6887      75657565 
 6887      00
 6888              	.LASF413:
 6889 11b6 72657376 		.ascii	"resvd18\000"
 6889      64313800 
 6890              	.LASF421:
 6891 11be 44545846 		.ascii	"DTXFSTS\000"
 6891      53545300 
 6892              	.LASF422:
 6893 11c6 72657376 		.ascii	"resvd1C\000"
 6893      64314300 
 6894              	.LASF46:
 6895 11ce 5F666E74 		.ascii	"_fntypes\000"
 6895      79706573 
 6895      00
 6896              	.LASF326:
ARM GAS  /tmp/ccFiYdB4.s 			page 140


 6897 11d7 75617274 		.ascii	"uartstate_t\000"
 6897      73746174 
 6897      655F7400 
 6898              	.LASF514:
 6899 11e3 5368656C 		.ascii	"ShellCommand\000"
 6899      6C436F6D 
 6899      6D616E64 
 6899      00
 6900              	.LASF178:
 6901 11f0 63685F73 		.ascii	"ch_system_debug\000"
 6901      79737465 
 6901      6D5F6465 
 6901      62756700 
 6902              	.LASF256:
 6903 1200 64796E5F 		.ascii	"dyn_list_t\000"
 6903      6C697374 
 6903      5F7400
 6904              	.LASF39:
 6905 120b 5F5F746D 		.ascii	"__tm_year\000"
 6905      5F796561 
 6905      7200
 6906              	.LASF414:
 6907 1215 72657376 		.ascii	"resvd1c\000"
 6907      64316300 
 6908              	.LASF405:
 6909 121d 75736272 		.ascii	"usbreqhandler_t\000"
 6909      65716861 
 6909      6E646C65 
 6909      725F7400 
 6910              	.LASF416:
 6911 122d 44494550 		.ascii	"DIEPCTL\000"
 6911      43544C00 
 6912              	.LASF402:
 6913 1235 75736263 		.ascii	"usbcallback_t\000"
 6913      616C6C62 
 6913      61636B5F 
 6913      7400
 6914              	.LASF432:
 6915 1243 47525354 		.ascii	"GRSTCTL\000"
 6915      43544C00 
 6916              	.LASF433:
 6917 124b 47494E54 		.ascii	"GINTSTS\000"
 6917      53545300 
 6918              	.LASF249:
 6919 1253 6F626A65 		.ascii	"object_size\000"
 6919      63745F73 
 6919      697A6500 
 6920              	.LASF297:
 6921 125f 4943555F 		.ascii	"ICU_WAITING\000"
 6921      57414954 
 6921      494E4700 
 6922              	.LASF57:
 6923 126b 5F6C6266 		.ascii	"_lbfsize\000"
 6923      73697A65 
 6923      00
 6924              	.LASF183:
 6925 1274 76746C69 		.ascii	"vtlist\000"
ARM GAS  /tmp/ccFiYdB4.s 			page 141


 6925      737400
 6926              	.LASF76:
 6927 127b 5F696E63 		.ascii	"_inc\000"
 6927      00
 6928              	.LASF49:
 6929 1280 5F696E64 		.ascii	"_ind\000"
 6929      00
 6930              	.LASF153:
 6931 1285 77616974 		.ascii	"waiting\000"
 6931      696E6700 
 6932              	.LASF418:
 6933 128d 44494550 		.ascii	"DIEPINT\000"
 6933      494E5400 
 6934              	.LASF439:
 6935 1295 484E5054 		.ascii	"HNPTXSTS\000"
 6935      58535453 
 6935      00
 6936              	.LASF388:
 6937 129e 5553425F 		.ascii	"USB_EP0_OUT_RX\000"
 6937      4550305F 
 6937      4F55545F 
 6937      525800
 6938              	.LASF51:
 6939 12ad 5F5F7362 		.ascii	"__sbuf\000"
 6939      756600
 6940              	.LASF254:
 6941 12b4 64796E5F 		.ascii	"dyn_element_t\000"
 6941      656C656D 
 6941      656E745F 
 6941      7400
 6942              	.LASF47:
 6943 12c2 5F69735F 		.ascii	"_is_cxa\000"
 6943      63786100 
 6944              	.LASF16:
 6945 12ca 5F4C4F43 		.ascii	"_LOCK_T\000"
 6945      4B5F5400 
 6946              	.LASF234:
 6947 12d2 6D757465 		.ascii	"mutex_t\000"
 6947      785F7400 
 6948              	.LASF135:
 6949 12da 74726566 		.ascii	"trefs_t\000"
 6949      735F7400 
 6950              	.LASF120:
 6951 12e2 5F6E6578 		.ascii	"_nextf\000"
 6951      746600
 6952              	.LASF244:
 6953 12e9 62617365 		.ascii	"basemem\000"
 6953      6D656D00 
 6954              	.LASF199:
 6955 12f1 706F7274 		.ascii	"port_context\000"
 6955      5F636F6E 
 6955      74657874 
 6955      00
 6956              	.LASF160:
 6957 12fe 74687265 		.ascii	"threads_list_t\000"
 6957      6164735F 
 6957      6C697374 
ARM GAS  /tmp/ccFiYdB4.s 			page 142


 6957      5F7400
 6958              	.LASF327:
 6959 130d 55415254 		.ascii	"UART_TX_IDLE\000"
 6959      5F54585F 
 6959      49444C45 
 6959      00
 6960              	.LASF345:
 6961 131a 75617274 		.ascii	"uartcb_t\000"
 6961      63625F74 
 6961      00
 6962              	.LASF369:
 6963 1323 73746174 		.ascii	"status\000"
 6963      757300
 6964              	.LASF519:
 6965 132a 474E5520 		.ascii	"GNU C17 9.2.1 20191025 (release) [ARM/arm-9-branch "
 6965      43313720 
 6965      392E322E 
 6965      31203230 
 6965      31393130 
 6966 135d 72657669 		.ascii	"revision 277599] -mcpu=cortex-m4 -mthumb -mfloat-ab"
 6966      73696F6E 
 6966      20323737 
 6966      3539395D 
 6966      202D6D63 
 6967 1390 693D736F 		.ascii	"i=soft -march=armv7e-m -ggdb -O2 -fomit-frame-point"
 6967      6674202D 
 6967      6D617263 
 6967      683D6172 
 6967      6D763765 
 6968 13c3 6572202D 		.ascii	"er -falign-functions=16 -ffunction-sections -fdata-"
 6968      66616C69 
 6968      676E2D66 
 6968      756E6374 
 6968      696F6E73 
 6969 13f6 73656374 		.ascii	"sections -fno-common -flto\000"
 6969      696F6E73 
 6969      202D666E 
 6969      6F2D636F 
 6969      6D6D6F6E 
 6970              	.LASF440:
 6971 1411 72657376 		.ascii	"resvd30\000"
 6971      64333000 
 6972              	.LASF181:
 6973 1419 63685F73 		.ascii	"ch_system\000"
 6973      79737465 
 6973      6D00
 6974              	.LASF441:
 6975 1423 72657376 		.ascii	"resvd34\000"
 6975      64333400 
 6976              	.LASF79:
 6977 142b 5F6C6F63 		.ascii	"_locale\000"
 6977      616C6500 
 6978              	.LASF27:
 6979 1433 5F5F554C 		.ascii	"__ULong\000"
 6979      6F6E6700 
 6980              	.LASF146:
 6981 143b 6E657765 		.ascii	"newer\000"
ARM GAS  /tmp/ccFiYdB4.s 			page 143


 6981      7200
 6982              	.LASF281:
 6983 1441 42445452 		.ascii	"BDTR\000"
 6983      00
 6984              	.LASF130:
 6985 1446 75696E74 		.ascii	"uint32_t\000"
 6985      33325F74 
 6985      00
 6986              	.LASF375:
 6987 144f 75736265 		.ascii	"usbep_t\000"
 6987      705F7400 
 6988              	.LASF287:
 6989 1457 696E7374 		.ascii	"instance_offset\000"
 6989      616E6365 
 6989      5F6F6666 
 6989      73657400 
 6990              	.LASF82:
 6991 1467 5F726573 		.ascii	"_result\000"
 6991      756C7400 
 6992              	.LASF476:
 6993 146f 72657376 		.ascii	"resvd8C0\000"
 6993      64384330 
 6993      00
 6994              	.LASF17:
 6995 1478 5F6F6666 		.ascii	"_off_t\000"
 6995      5F7400
 6996              	.LASF236:
 6997 147f 6576656E 		.ascii	"event_listener\000"
 6997      745F6C69 
 6997      7374656E 
 6997      657200
 6998              	.LASF202:
 6999 148e 7264796D 		.ascii	"rdymsg\000"
 6999      736700
 7000              	.LASF100:
 7001 1495 5F616464 		.ascii	"_add\000"
 7001      00
 7002              	.LASF9:
 7003 149a 73686F72 		.ascii	"short unsigned int\000"
 7003      7420756E 
 7003      7369676E 
 7003      65642069 
 7003      6E7400
 7004              	.LASF36:
 7005 14ad 5F5F746D 		.ascii	"__tm_hour\000"
 7005      5F686F75 
 7005      7200
 7006              	.LASF460:
 7007 14b7 44535453 		.ascii	"DSTS\000"
 7007      00
 7008              	.LASF506:
 7009 14bc 6765745F 		.ascii	"get_descriptor_cb\000"
 7009      64657363 
 7009      72697074 
 7009      6F725F63 
 7009      6200
 7010              	.LASF180:
ARM GAS  /tmp/ccFiYdB4.s 			page 144


 7011 14ce 63685F73 		.ascii	"ch_system_t\000"
 7011      79737465 
 7011      6D5F7400 
 7012              	.LASF232:
 7013 14da 63686465 		.ascii	"chdebug_t\000"
 7013      6275675F 
 7013      7400
 7014              	.LASF395:
 7015 14e4 5553425F 		.ascii	"USB_EVENT_SUSPEND\000"
 7015      4556454E 
 7015      545F5355 
 7015      5350454E 
 7015      4400
 7016              	.LASF116:
 7017 14f6 5F6D6273 		.ascii	"_mbsrtowcs_state\000"
 7017      72746F77 
 7017      63735F73 
 7017      74617465 
 7017      00
 7018              	.LASF165:
 7019 1507 70726576 		.ascii	"prev\000"
 7019      00
 7020              	.LASF219:
 7021 150c 74696D65 		.ascii	"timesize\000"
 7021      73697A65 
 7021      00
 7022              	.LASF367:
 7023 1515 65703065 		.ascii	"ep0endcb\000"
 7023      6E646362 
 7023      00
 7024              	.LASF356:
 7025 151e 55415254 		.ascii	"UARTD1\000"
 7025      443100
 7026              	.LASF357:
 7027 1525 55415254 		.ascii	"UARTD2\000"
 7027      443200
 7028              	.LASF10:
 7029 152c 5F5F696E 		.ascii	"__int32_t\000"
 7029      7433325F 
 7029      7400
 7030              	.LASF191:
 7031 1536 4E445452 		.ascii	"NDTR\000"
 7031      00
 7032              	.LASF269:
 7033 153b 69666372 		.ascii	"ifcr\000"
 7033      00
 7034              	.LASF443:
 7035 1540 72657376 		.ascii	"resvd58\000"
 7035      64353800 
 7036              	.LASF247:
 7037 1548 63685F6D 		.ascii	"ch_memcore\000"
 7037      656D636F 
 7037      726500
 7038              	.LASF228:
 7039 1553 6F66665F 		.ascii	"off_flags\000"
 7039      666C6167 
 7039      7300
ARM GAS  /tmp/ccFiYdB4.s 			page 145


 7040              	.LASF456:
 7041 155d 72657376 		.ascii	"resvd444\000"
 7041      64343434 
 7041      00
 7042              	.LASF44:
 7043 1566 5F666E61 		.ascii	"_fnargs\000"
 7043      72677300 
 7044              	.LASF325:
 7045 156e 55415254 		.ascii	"UART_READY\000"
 7045      5F524541 
 7045      445900
 7046              	.LASF42:
 7047 1579 5F5F746D 		.ascii	"__tm_isdst\000"
 7047      5F697364 
 7047      737400
 7048              	.LASF304:
 7049 1584 70636372 		.ascii	"pccrp\000"
 7049      7000
 7050              	.LASF238:
 7051 158a 6576656E 		.ascii	"events\000"
 7051      747300
 7052              	.LASF162:
 7053 1591 6E657874 		.ascii	"next\000"
 7053      00
 7054              	.LASF374:
 7055 1596 706D6E65 		.ascii	"pmnext\000"
 7055      787400
 7056              	.LASF35:
 7057 159d 5F5F746D 		.ascii	"__tm_min\000"
 7057      5F6D696E 
 7057      00
 7058              	.LASF255:
 7059 15a6 63685F64 		.ascii	"ch_dyn_list\000"
 7059      796E5F6C 
 7059      69737400 
 7060              	.LASF214:
 7061 15b2 6964656E 		.ascii	"identifier\000"
 7061      74696669 
 7061      657200
 7062              	.LASF113:
 7063 15bd 5F676574 		.ascii	"_getdate_err\000"
 7063      64617465 
 7063      5F657272 
 7063      00
 7064              	.LASF508:
 7065 15ca 736F665F 		.ascii	"sof_cb\000"
 7065      636200
 7066              	.LASF446:
 7067 15d1 72657376 		.ascii	"resvd140\000"
 7067      64313430 
 7067      00
 7068              	.LASF207:
 7069 15da 77747365 		.ascii	"wtsemp\000"
 7069      6D7000
 7070              		.text
 7071              		.section	.gnu.lto_.profile.ee9f25312d2ca71,"e",%progbits
 7072 0000 789CE360 		.ascii	"x\234\343``\004B \000\000\000]\000\013"
ARM GAS  /tmp/ccFiYdB4.s 			page 146


 7072      60044220 
 7072      0000005D 
 7072      000B
 7073              		.text
 7074              		.section	.gnu.lto_.icf.ee9f25312d2ca71,"e",%progbits
 7075 0000 789CE360 		.ascii	"x\234\343``d\020a@\000f\206\027\217nvr0^?}l\016/\323"
 7075      60641061 
 7075      40006686 
 7075      178F6E76 
 7075      72305E3F 
 7076 0019 FBE94BEE 		.ascii	"\373\351K\35631\000\000g\301\011t"
 7076      33310000 
 7076      67C10974 
 7077              		.text
 7078              		.section	.gnu.lto_.jmpfuncs.ee9f25312d2ca71,"e",%progbits
 7079 0000 789CE360 		.ascii	"x\234\343``d\220ad`Pf\200\000&\006&FFf\306\371\314\014"
 7079      60649061 
 7079      64605066 
 7079      80002606 
 7079      26464666 
 7080 0018 F5F39919 		.ascii	"\365\363\231\031\331X\352\200\362\214\007X\030\031\200"
 7080      D958EA80 
 7080      F28C0758 
 7080      181980
 7081 0027 F83F10F0 		.ascii	"\370?\020\36030Ogf<\376k\353%\026E\306\371\0153\024"
 7081      33304F67 
 7081      663CFE6B 
 7081      EB251645 
 7081      C6F90D33 
 7082 003c E6333331 		.ascii	"\3463310\356bT\204\253\372\003R\305\010R\325\327\374"
 7082      30EE6254 
 7082      84ABFA03 
 7082      52C50852 
 7082      D5D7FC
 7083 004f FE1E471F 		.ascii	"\376\036G\037\363|ff\240\031\273\031\245A\230\001\315"
 7083      F37C6666 
 7083      A019BB19 
 7083      A5419801 
 7083      CD
 7084 0060 34A05D8C 		.ascii	"4\240]\214\214\354L\020\373X\200\3662\262`\261\223\245"
 7084      8CEC4C10 
 7084      FB5880F6 
 7084      32B260B1 
 7084      93A5
 7085 0072 8E095D08 		.ascii	"\216\011]\010\227\323Z\346?\\\304\243\310\016q\032+"
 7085      97D35AE6 
 7085      3F5CC4A3 
 7085      C80E711A 
 7085      2B
 7086 0083 03E31E4C 		.ascii	"\003\343\036L\247\301\334\002R\336;\353\316LVE\021\210"
 7086      A7C1DC02 
 7086      52DE3BEB 
 7086      CE4C5645 
 7086      1188
 7087 0095 723606C6 		.ascii	"r6\006\306\275\270\2253\260\252\026\363r1\360\204\026"
 7087      BDB89533 
 7087      B0AA16F3 
ARM GAS  /tmp/ccFiYdB4.s 			page 147


 7087      7231F084 
 7087      16
 7088 00a6 27A6A75A 		.ascii	"'\246\247Z)\2009\374\251\311\031\371\012J\271\251\305"
 7088      298039FC 
 7088      A9C919F9 
 7088      0A4AB9A9 
 7088      C5
 7089 00b7 20412506 		.ascii	" A%\006\000\231:Z\355"
 7089      00993A5A 
 7089      ED
 7090              		.text
 7091              		.section	.gnu.lto_.inline.ee9f25312d2ca71,"e",%progbits
 7092 0000 789C6D8E 		.ascii	"x\234m\2161\016\302@\014\004g}\026J\021$\3724\327\363"
 7092      310EC240 
 7092      0C04677D 
 7092      164A1124 
 7092      FA34D7F3 
 7093 0014 977B4414 		.ascii	"\227{D\024)ex\001\202.\345\275\201\227\342\273H\320"
 7093      29657801 
 7093      822EE5BD 
 7093      8197E2BB 
 7093      48D0
 7094 0026 640B7B65 		.ascii	"d\013{e\257G\036\020\037\3762\030^![%e\221px\307\340"
 7094      AF471E10 
 7094      1FFE3218 
 7094      5E215B25 
 7094      65917078 
 7095 003c 0997BE58 		.ascii	"\011\227\276X,B\352v6\374\347[\020\374\032%\325B-b\214"
 7095      2C42EA76 
 7095      36FCE75B 
 7095      10FC1A25 
 7095      D5422D62 
 7096 0051 C33D4849 		.ascii	"\303=HI\371\241\373\204\362v4E\346\014\353\207\345\326"
 7096      F9A1FB84 
 7096      F2763445 
 7096      E60CEB87 
 7096      E5D6
 7097 0063 50698C5F 		.ascii	"Pi\214_\260ZjiT\357X\370\002\034.\035j"
 7097      B05A6A69 
 7097      54EF58F8 
 7097      021C2E1D 
 7097      6A
 7098              		.text
 7099              		.section	.gnu.lto_.pureconst.ee9f25312d2ca71,"e",%progbits
 7100 0000 789CE360 		.ascii	"x\234\343``d`g```b\230\311\3028\203\005\000\0053\001"
 7100      60646067 
 7100      60606062 
 7100      98C9C238 
 7100      83050005 
 7101 0016 4D       		.ascii	"M"
 7102              		.text
 7103              		.section	.gnu.lto_cmd_echo.part.0.ee9f25312d2ca71,"e",%progbits
 7104 0000 789C6553 		.ascii	"x\234eSMHTQ\024\276\337;w\306\247\244\320\"\220\334"
 7104      4D485451 
 7104      14BEDF3B 
 7104      77C6A7A4 
 7104      D02290DC 
ARM GAS  /tmp/ccFiYdB4.s 			page 148


 7105 0014 2824832E 		.ascii	"($\203.f\320\\\210\213h\331j6m\332\204\330\030)\231"
 7105      66D05C88 
 7105      8B68D96A 
 7105      366DDA84 
 7105      D8182999 
 7106 0028 86936EBD 		.ascii	"\206\223n\275\216\226\204\241\021\225?\360\030\177\030"
 7106      8E9684A1 
 7106      11953FF0 
 7106      187F18
 7107 0037 B33F4A30 		.ascii	"\263?J0\243\037m4\313\237\324DrQ\013\301\020\027&\266"
 7107      A31F6D34 
 7107      CB9FD444 
 7107      72510BC1 
 7107      101726B6 
 7108 004b 290A21ED 		.ascii	")\012!\355\334\373F\253\351\361\336}\347\236\367\375"
 7108      DCFB46AB 
 7108      E9F1DE7D 
 7108      E79EF7FD 
 7109 005b 9C73CF8C 		.ascii	"\234s\317\214- \252I\210\323B\210\002~\340\021\220J"
 7109      2D20AA49 
 7109      88D34288 
 7109      027EE011 
 7109      904A
 7110 006d A9E32990 		.ascii	"\251\343)\220\260\334\300\002\231\240\321&\300D\312"
 7110      B0DCC002 
 7110      99A0D126 
 7110      C044CA
 7111 007c 86689016 		.ascii	"\206h\220\026\241\001\355\324A\230hY\177f\345\335\341"
 7111      A101EDD4 
 7111      41986859 
 7111      7F66E5DD 
 7111      E1
 7112 008d 6F2ADE31 		.ascii	"o*\3361\222\342\250EEQV\355\342\307\275\222@*ne\272"
 7112      92E2A845 
 7112      455156ED 
 7112      E2C7BD92 
 7112      402A6E65 
 7113 00a2 0068D3E7 		.ascii	"\000h\323\347\310\323\257\027\310c\334J\304\371y\240"
 7113      C8D3AF17 
 7113      C863DC4A 
 7113      C4F979A0 
 7114 00b2 8DF980E4 		.ascii	"\215\371\200\344\355\315\331\341\2314\275\265\220\315"
 7114      EDCDD9E1 
 7114      9934BDB5 
 7114      90CD
 7115 00c0 DBA1E1F1 		.ascii	"\333\241\341\361\346T*\202V\3741\277|\335\362\305\224"
 7115      E6542A82 
 7115      56FC31BF 
 7115      7CDDF2C5 
 7115      94
 7116 00d1 8AA8F85A 		.ascii	"\212\250\370Z\214\324\221(\021\306@l\213Qd\341%\262"
 7116      8CD49128 
 7116      11C6406C 
 7116      8B5164E1 
 7116      25B2
 7117 00e3 045EC1C7 		.ascii	"\004^\301\307\351\342\321`2c\021'\366\361H\306s5q\370"
 7117      E9E2D160 
ARM GAS  /tmp/ccFiYdB4.s 			page 149


 7117      32631127 
 7117      F6F148C6 
 7117      733571F8 
 7118 00f7 98F16D64 		.ascii	"\230\361md\255\204\202\306\356\362\207_7\274\011\362"
 7118      AD8482C6 
 7118      EEF2875F 
 7118      37BC09F2 
 7119 0107 5C66B78A 		.ascii	"\\f\267\212\313(I\214'\371Mh\276,^\016&S\214_\002\217"
 7119      CB28498C 
 7119      27F94D68 
 7119      BE2C5E0E 
 7119      26538C5F 
 7120 011d 643CFBBD 		.ascii	"d<\373\275\206OX\314\331zz\2671\203N\032\313\336\253"
 7120      864F58CC 
 7120      D97A7AB7 
 7120      31834E1A 
 7120      CBDEAB
 7121 0130 AB0BA4F9 		.ascii	"\253\013\244\371|f\233\003\246C\017&\223\034\337h\005"
 7121      7C669B03 
 7121      A6430F26 
 7121      931CDF68 
 7121      05
 7122 0141 4FF14CD0 		.ascii	"O\361L\320\204\314\032\034\236X\225\371\203\206\265"
 7122      84CC1A1C 
 7122      9E5895F9 
 7122      8386B5
 7123 0150 356675F7 		.ascii	"5fu\367\330\374]\364\355\015\003o\221\317\250\317C;"
 7123      D8FC5DF4 
 7123      ED0D036F 
 7123      91CFA8CF 
 7123      433B
 7124 0162 B7D2BD52 		.ascii	"\267\322\275R\017\011S\360\232\031M\336S\212r\373\015"
 7124      0F0953F0 
 7124      9A194DDE 
 7124      538A72FB 
 7124      0D
 7125 0173 73C539DC 		.ascii	"s\3059\334\333\244\246\225\334\367\304?\236\211\261"
 7125      DBA4A695 
 7125      DCF7C43F 
 7125      9E89B1
 7126 0182 2664308D 		.ascii	"&d0\215\\=NW\0123\274\362h\241\323\217\226<J\355\354"
 7126      5C3D4E57 
 7126      0A33BCF2 
 7126      68A1D38F 
 7126      963C4AED 
 7127 0197 B628B55D 		.ascii	"\266(\265]r\320\013\350N-\021%/\243\343Z\247\225\204"
 7127      72D00BE8 
 7127      4E2D1125 
 7127      2FA3E35A 
 7127      A79584
 7128 01aa 76944CB8 		.ascii	"v\224L\270F\322\015I\254#b\316\340\357n6\216\375\327"
 7128      46D20D49 
 7128      AC2362CE 
 7128      E0EF6E36 
 7128      8EFDD7
 7129 01bd CC2CF24D 		.ascii	"\314,\362M5\353\260\204v\323\011\241\205\254?B\252\357"
 7129      35EBB084 
ARM GAS  /tmp/ccFiYdB4.s 			page 150


 7129      76D309A1 
 7129      85AC3F42 
 7129      AAEF
 7130 01cf 7E3B999A 		.ascii	"~;\231\2326\020\271\335\012\035:\244\017\273\255\351"
 7130      3610B9DD 
 7130      0A1D3AA4 
 7130      0FBBADE9 
 7131 01df EB8AAD7F 		.ascii	"\353\212\255\177]\322x\305?=\376\230\021C?\270:\207"
 7131      5DD278C5 
 7131      3F3DFE98 
 7131      11433FB8 
 7131      3A87
 7132 01f1 CB7BC7BD 		.ascii	"\313{\307\275\012\314!\006\261\211+\331F\202a\316\340"
 7132      0ACC2106 
 7132      B1892BD9 
 7132      468261CE 
 7132      E0
 7133 0202 DC6E6A33 		.ascii	"\334nj3\"\215\\KJ\027Y\214\231G3\204C\372\3370\265\375"
 7133      228D5C4B 
 7133      4A17598C 
 7133      99473384 
 7133      43FADF30 
 7134 0218 6449E69C 		.ascii	"dI\346\234\212\252\316\354(\331\032\377\340\341\367"
 7134      8AAACEEC 
 7134      28D91AFF 
 7134      E0E1F7
 7135 0227 2FB6C677 		.ascii	"/\266\306w*\3253\300\342\251X@\216{H\357\231\310\265"
 7135      2AD533C0 
 7135      E2A95840 
 7135      8E7B48EF 
 7135      99C8B5
 7136 023a 4429CD54 		.ascii	"D)\315TM{Uoq?\346j%\2709\275/\360\373\003|\207**\317"
 7136      4D7B556F 
 7136      713FE66A 
 7136      25B839BD 
 7136      2FF0FB03 
 7137 0253 54D6844B 		.ascii	"T\326\204K/\325\326U\237\017\324\204\003\365e\265\225"
 7137      2FD5D655 
 7137      9F0FD484 
 7137      03F565B5 
 7137      95
 7138 0264 3575E140 		.ascii	"5u\341@\270\342lU\225\273\226\206.\224\373C\202B\025"
 7138      B8E26C55 
 7138      95BB9686 
 7138      2E94FB43 
 7138      824215
 7139 0277 170FFD95 		.ascii	"\027\017\375\225\360\027\026\036-(*/+\022\262\254\366"
 7139      F017161E 
 7139      2D282A2F 
 7139      2B12B2AC 
 7139      F6
 7140 0288 5CBD5E42 		.ascii	"\\\275^B\236\334pz\232\370\015vj)\335"
 7140      9EDC707A 
 7140      9AF80D76 
 7140      6A29DD
 7141              		.text
 7142              		.section	.gnu.lto_cmd_echo.ee9f25312d2ca71,"e",%progbits
ARM GAS  /tmp/ccFiYdB4.s 			page 151


 7143 0000 789C6D52 		.ascii	"x\234mRAH\024a\024~o\336?\353\270\255z\012\012/\253"
 7143      41481461 
 7143      147E6FDE 
 7143      3FEBB8AD 
 7143      7A0A0A2F 
 7144 0015 14A2C12E 		.ascii	"\024\242\301.\332\036\304S\227\256{\211\240\233l\353"
 7144      DA1EC453 
 7144      97AE7B89 
 7144      A09B6CEB 
 7145 0025 E24ADA86 		.ascii	"\342J\332\206\243^\375w\331\222\322,\302\320\025\226"
 7145      A35EFD77 
 7145      D992D22C 
 7145      C2D01596 
 7146 0035 49C1D253 		.ascii	"I\301\322S\010bTj\253f\245XD$t\220\3100\351 ^\012,!"
 7146      0862546A 
 7146      AB66A558 
 7146      44247490 
 7146      C830E920 
 7147 004d EDFDFFAC 		.ascii	"\355\375\377\254\032\3220\363\317\367\376\377}\337|"
 7147      1AD230F3 
 7147      CFF7FEFF 
 7147      7DDF7C
 7148 005c EFCDB300 		.ascii	"\357\315\263\000\341\213\001\320\006\000\347\371A\017"
 7148      E18B01D0 
 7148      0600E7F9 
 7148      410F
 7149 006a A021A53C 		.ascii	"\240!\245<W\220\264\014\203\030\371\205\364\012\367"
 7149      5790B40C 
 7149      8318F985 
 7149      F40AF7
 7150 0079 ED2334F3 		.ascii	"\355#4\363g\"\217\320D\324@Z\010\235\006\011\023;\361"
 7150      67228FD0 
 7150      44D4405A 
 7150      089D0609 
 7150      133BF1
 7151 008c 0EF513CE 		.ascii	"\016\365\023\316um<5*\037\361\241\314\365O\026d\345"
 7151      756D3C35 
 7151      2A1FF1A1 
 7151      CCF54F16 
 7151      64E5
 7152 009e 7B490E01 		.ascii	"{I\016\001d\370q/|\206\225\234\3709\225\375\345\353"
 7152      64F8712F 
 7152      7C86959C 
 7152      F83995FD 
 7152      E5EB
 7153 00b0 E53344C1 		.ascii	"\3453D\301a\337\322\304\242W\205\006\3729\034\237\230"
 7153      61DFD2C4 
 7153      A2578506 
 7153      FA391C9F 
 7153      98
 7154 00c1 4D175208 		.ascii	"M\027R\010\201\361\366\333\225\273F\305\210\224)\231"
 7154      81F1F6DB 
 7154      95BB46C5 
 7154      88942999 
 7155 00d1 5B1F2179 		.ascii	"[\037!y\312!\302i$\226\304),\305\347X\0128\203\025\274"
 7155      CA21C269 
 7155      2496C429 
ARM GAS  /tmp/ccFiYdB4.s 			page 152


 7155      2CC5E758 
 7155      0A388315 
 7156 00e6 5D3B1DD6 		.ascii	"];\035\326\220Y[O\306\222\305\024\326\012C7\327\336"
 7156      90595B4F 
 7156      C692C514 
 7156      D60A4337 
 7156      D7DE
 7157 00f8 91526053 		.ascii	"\221R`S\233\017\265\202\300\027G\024rJA\324.\2065d\326"
 7157      9B0FB582 
 7157      C0174714 
 7157      724A41D4 
 7157      2E863564 
 7158 010d CFC9F53A 		.ascii	"\317\311\365:\272\240\005\256\177\374s\317\223\267\260"
 7158      BAA005AE 
 7158      7FFC73CF 
 7158      93B7B0
 7159 011c 7C6250E6 		.ascii	"|bP\346\204C&\316\036Q\230S\012f\355JXCP\304\257\343"
 7159      844326CE 
 7159      1E519853 
 7159      0A66ED4A 
 7159      584350C4 
 7160 0132 BBF78B3C 		.ascii	"\273\367\213<B\225\217\363\334ewEn\303\343\017fN\356"
 7160      42958FF3 
 7160      DC657745 
 7160      6EC3E30F 
 7160      664EEE
 7161 0145 EE75B1E0 		.ascii	"\356u\261\340\311\235\035\313BT\237\345n0U\240*\002"
 7161      C99D1DCB 
 7161      42549FE5 
 7161      6E3055A0 
 7161      2A02
 7162 0157 A09B4079 		.ascii	"\240\233@y\026(s\000=d\270A\222\203\015\224\303\333"
 7162      16287300 
 7162      3D64B841 
 7162      92830D94 
 7162      C3DB
 7163 0169 BDA4D514 		.ascii	"\275\244\325\024\376]\254\3417L\177\237\017)\230e\245"
 7163      FE5DACE1 
 7163      374C7F9F 
 7163      0F299865 
 7163      A5
 7164 017a 33A5BAE1 		.ascii	"3\245\272\341=DI&\032\007\304\275^Sgo\342\015\277\006"
 7164      3D444926 
 7164      1A07C4BD 
 7164      5E53676F 
 7164      E20DBF06 
 7165 018e 6C343BBA 		.ascii	"l4;\272\274W\230\306T\322r\310\223!v\210/1\215\220%"
 7165      BC5798C6 
 7165      54D272C8 
 7165      93217688 
 7165      2F318D90 
 7166 01a3 F577D2CE 		.ascii	"\365w\322\316\332\260\257\354\222#\007\374\016\025\250"
 7166      DAB0AFEC 
 7166      922307FC 
 7166      0E15A8
 7167 01b2 FC85BE5B 		.ascii	"\374\205\276[\237\204\312\037\340\031q\310\302\005,"
 7167      9F84CA1F 
ARM GAS  /tmp/ccFiYdB4.s 			page 153


 7167      E01971C8 
 7167      C2052C
 7168 01c1 736B7BC5 		.ascii	"sk{\3054N\270=\270\2321\313b.\245PQ\246~\214-{\016)"
 7168      344EB83D 
 7168      B89A31CB 
 7168      622EA550 
 7168      51A67E8C 
 7169 01d9 5E7CBD4F 		.ascii	"^|\275Oy\303\024\207\216isC%n\243\330\266\232\277\003"
 7169      79C31487 
 7169      8E697343 
 7169      256EA3D8 
 7169      B69ABF03 
 7170 01ed DB86DA66 		.ascii	"\333\206\332f\225\321\211\2715Q5\252\377\345\326\214"
 7170      95D189B9 
 7170      355135AA 
 7170      FFE5D68C 
 7171 01fd 31F8800D 		.ascii	"1\370\200\015\013\030\336\037/\\\304*\256\235k3\377"
 7171      0B18DE1F 
 7171      2F5CC42A 
 7171      AE9D6B33 
 7171      FF
 7172 020e 579A2F43 		.ascii	"W\232/C<\366\270\224/-K<qE\372c\346as\267\320p\305\272"
 7172      3CF6B894 
 7172      2F2D4B3C 
 7172      7145FA63 
 7172      E66173B7 
 7173 0226 090FFB0F 		.ascii	"\011\017\373\017P\035\010\004\371\216\306\233.7%\354"
 7173      501D0804 
 7173      F98EC69B 
 7173      2E3725EC 
 7174 0236 FAB6D6F6 		.ascii	"\372\266\326\366\253W\202\011;\330\021imJ\264\333A;"
 7174      AB578209 
 7174      3BD81169 
 7174      6D4AB4DB 
 7174      413B
 7175 0248 1E6B6E76 		.ascii	"\036knv\327\372hKC \012\024\215_;\376\317F\240\246\346"
 7175      D7FA684B 
 7175      43200A14 
 7175      8D5F3BFE 
 7175      CF46A0A6 
 7176 025d 6C75A821 		.ascii	"lu\250!\022\002\021im\214\252\245\303w\321\2164\306"
 7176      12021169 
 7176      6D8CAAA5 
 7176      C377D18E 
 7176      34C6
 7177 026f EAFCA7ED 		.ascii	"\352\374\247\355\"/\224\304\242\361\204\277\274%f\253"
 7177      222F94C4 
 7177      A2F184BF 
 7177      BC2566AB 
 7178 027f CD72F80B 		.ascii	"\315r\370\013\351T\020\302"
 7178      E95410C2 
 7179              		.text
 7180              		.section	.gnu.lto_shell_local_commands.ee9f25312d2ca71,"e",%progbits
 7181 0000 789CE360 		.ascii	"x\234\343``d8\317\300\300`\311\000\001\323\231\031\373"
 7181      606438CF 
 7181      C0C060C9 
 7181      0001D399 
ARM GAS  /tmp/ccFiYdB4.s 			page 154


 7181      19FB
 7182 0012 9ADFDFE3 		.ascii	"\232\337\337\343\350c\236\317\014\224B\3462\202\271"
 7182      E8639ECF 
 7182      0C9442E6 
 7182      3282B9
 7183 0021 3F361EDF 		.ascii	"?6\036\337\305n\271\275\241cA\203\302|f\246\031@U\273"
 7183      C56EB9BD 
 7183      A1634183 
 7183      C27C66A6 
 7183      194055BB 
 7184 0035 19A56700 		.ascii	"\031\245g\000ew1J\203\024\314]q\346?g\013cScGC\303\203"
 7184      6577314A 
 7184      8314CC5D 
 7184      71E63F67 
 7184      0B635363 
 7185 004d EE73EC32 		.ascii	"\356s\3542@\203f2C\214n\236\324s\223S\321d~\303\014"
 7185      40836632 
 7185      438C6E9E 
 7185      D4739353 
 7185      D1647EC3 
 7186 0062 A05E6690 		.ascii	"\240^f\220\310\252[\347\177\361\200T\317hhX\3007\237"
 7186      C8AA5BE7 
 7186      7FF18054 
 7186      CF686858 
 7186      C0379F
 7187 0075 9985711F 		.ascii	"\231\205q\037\243\"X\355\304\353\373.\261\242Z\264\237"
 7187      A32258ED 
 7187      C4EBFB2E 
 7187      B1A25AB4 
 7187      9F
 7188 0086 B1851164 		.ascii	"\261\205\021d\323^ \015Rrf\315\205\351\374p%\254\214"
 7188      D35E200D 
 7188      527266CD 
 7188      85E9FC70 
 7188      25AC8C
 7189 0099 86D28C07 		.ascii	"\206\322\214\007\030-\031\215\244\031\3670Z20\036\004"
 7189      182D198D 
 7189      A419F730 
 7189      5A32301E 
 7189      04
 7190 00aa 12867A7A 		.ascii	"\022\206zz\372@\224\234\221\231\224\231_\034_RT\232"
 7190      FA40949C 
 7190      91999499 
 7190      5F1C5F52 
 7190      549A
 7191 00bc 97AD9F5F 		.ascii	"\227\255\237_\254_\226X\224\231_Z\254_\234\221\232\223"
 7191      AC5F9658 
 7191      94995F5A 
 7191      AC5F9C91 
 7191      9A93
 7192 00ce 0321E393 		.ascii	"\003!\343\223sS\364\222\031XS\2233\362\031\000\363\031"
 7192      7353F492 
 7192      19585393 
 7192      33F21900 
 7192      F319
 7193 00e0 5821     		.ascii	"X!"
 7194              		.text
ARM GAS  /tmp/ccFiYdB4.s 			page 155


 7195              		.section	.gnu.lto_.symbol_nodes.ee9f25312d2ca71,"e",%progbits
 7196 0000 789C4D8D 		.ascii	"x\234M\215\315\021@@\014F\277$\030]0*\321Y\262*P\202"
 7196      CD114040 
 7196      0C46BF24 
 7196      185D302A 
 7196      D159B22A 
 7197 0016 8322386E 		.ascii	"\203\"8n\003z\360\323\007\261\353\340\235\336\314\313"
 7197      037AF0D3 
 7197      07B1EBE0 
 7197      9DDECCCB 
 7198 0026 4F0D82C1 		.ascii	"O\015\202\301\341\213\025\346\0244n\200\202V\213\326"
 7198      E18B15E6 
 7198      14346E80 
 7198      82568BD6 
 7199 0036 7A7EE3CE 		.ascii	"z~\343\316J\377\210e\212V\345X\036\214\320\271\320\311"
 7199      4AFF8865 
 7199      8A56E558 
 7199      1E8CD0B9 
 7199      D0C9
 7200 0048 CAF74793 		.ascii	"\312\367G\223&\341'{@ y{&!\011\256\2344=d\032*<\326"
 7200      26E1277B 
 7200      4020797B 
 7200      262109AE 
 7200      9C343D64 
 7201 0060 DA25EE   		.ascii	"\332%\356"
 7202              		.text
 7203              		.section	.gnu.lto_.refs.ee9f25312d2ca71,"e",%progbits
 7204 0000 789CE360 		.ascii	"x\234\343``d`e```dbbd\000\000\000\302\000\025"
 7204      60646065 
 7204      60606064 
 7204      62626400 
 7204      0000C200 
 7205              		.text
 7206              		.section	.gnu.lto_.decls.ee9f25312d2ca71,"e",%progbits
 7207 0000 789C8D56 		.ascii	"x\234\215V[P\024G\024\355;\263+\313\260\200\265h\264"
 7207      5B501447 
 7207      14ED3BB3 
 7207      2BCBB080 
 7207      B568B4
 7208 0013 8A7C5816 		.ascii	"\212|X\026V\345#\262\240T\314\207\037\251\370\221\374"
 7208      56E523B2 
 7208      A054CC87 
 7208      1FA9F891 
 7208      FC
 7209 0024 C48F9858 		.ascii	"\304\217\230X)+\025\262.k-\221\005\303.V>R\225\341!"
 7209      292B15B2 
 7209      2E6B2D91 
 7209      05C32E56 
 7209      3E5295E1 
 7210 0039 E2030115 		.ascii	"\342\003\001\025\237!A1F\211\240\022\037\011\017YA\021"
 7210      9F214131 
 7210      4689A012 
 7210      1F090F59 
 7210      4111
 7211 004b 79447C20 		.ascii	"yD| \202 +`x(\212\021\3047\271\335=\0133\310Z\016\364"
 7211      82202B60 
 7211      78288A11 
ARM GAS  /tmp/ccFiYdB4.s 			page 156


 7211      C437B9DD 
 7211      3D0B33C8 
 7212 0062 74DFEE73 		.ascii	"t\337\356s\317=\267\247\367\316\030\010\220\257\003"
 7212      CF3DB7A7 
 7212      F7CE1808 
 7212      90AF03
 7213 0071 08A90542 		.ascii	"\010\251\005B\276\3026\206\227\216\020r\031\233\037"
 7213      BEC23686 
 7213      978E1072 
 7213      199B1F
 7214 0080 B60BD81A 		.ascii	"\266\013\330\032\025\373\012\266\025\330Z\260\265\023"
 7214      15FB0AB6 
 7214      15D85AB0 
 7214      B513
 7215 008e 7E89D8EE 		.ascii	"~\211\330\356c\033\3006\202\015)\210?\020\315\325\201"
 7215      631BC036 
 7215      820D2988 
 7215      3F10CDD5 
 7215      81
 7216 009f 36862076 		.ascii	"6\206 vl&l3T\274\224\257\001\233\004\0231\206U\334\003"
 7216      6C266C33 
 7216      54BC94AF 
 7216      019B0413 
 7216      318655DC 
 7217 00b4 0ABF97BB 		.ascii	"\012\277\227\273BKM\232q2h\012\356\025\012?\345\245"
 7217      424B4D9A 
 7217      7132680A 
 7217      EE150A3F 
 7217      E5A5
 7218 00c6 7A03806B 		.ascii	"z\003\200k6\002\347\017\304~pR\234\021%\326TqB\004B"
 7218      3602E70F 
 7218      C47E7052 
 7218      9C1125D6 
 7218      54714204 
 7219 00db A661FF0A 		.ascii	"\246a\377\012\333C\2727*\275\006\034\013\324\017{\021"
 7219      DB43BA37 
 7219      2ABD061C 
 7219      0BD40F7B 
 7219      11
 7220 00ec B8FF0079 		.ascii	"\270\377\000y\375\332)\302\255\224\274'\306-\"\230$"
 7220      FDDA29C2 
 7220      AD94BC27 
 7220      C62D2298 
 7220      24
 7221 00fd D0A1B9BD 		.ascii	"\320\241\271\275\356\304E\011\315\031\022\314A\363\354"
 7221      EEC44509 
 7221      CD1912CC 
 7221      41F3EC
 7222 010c A9E737FC 		.ascii	"\251\3477\374D\001(2\353\364aw\220\271H\346\227a5\201"
 7222      44012832 
 7222      EBF46177 
 7222      90B948E6 
 7222      97613581 
 7223 0120 721019CD 		.ascii	"r\020\031\315\342\000\272\2363v\340\232\277\3709\303"
 7223      E200BA9E 
 7223      3376E09A 
 7223      BFF839C3 
ARM GAS  /tmp/ccFiYdB4.s 			page 157


 7224 0130 3ECF6AAF 		.ascii	">\317j\257\027\305\345l\334Q<T-\204\344(~2\260g\001"
 7224      17C5E56C 
 7224      DC513C54 
 7224      2D84E428 
 7224      7E32B067 
 7225 0145 9520821B 		.ascii	"\225 \202\033B\240\002\314\212\222\241\316\314*\243"
 7225      42A002CC 
 7225      8A92A1CE 
 7225      CC2AA3
 7226 0154 1797E61B 		.ascii	"\027\227\346\033\327\226{J\326\0337\312r\212\234\237"
 7226      D7967B4A 
 7226      D61B37CA 
 7226      728A9C9F 
 7227 0164 2AFB7F0A 		.ascii	"*\373\177\012gq\271\014B\241\024B\321\241\012\214\014"
 7227      6771B90C 
 7227      42A11442 
 7227      D1A10A8C 
 7227      0C
 7228 0175 27ECA978 		.ascii	"'\354\251xqT\202\260\220\375\024\351\036\315\213\332"
 7228      715482B0 
 7228      90FD14E9 
 7228      1ECD8BDA 
 7229 0185 53D22FCB 		.ascii	"S\322/\313[gS\004\234A\332s\032?3\275E\342\215)@f\031"
 7229      5B675304 
 7229      9C41DA73 
 7229      1A3F33BD 
 7229      45E28D29 
 7230 019c 7444B57E 		.ascii	"tD\265~\216\213\200j\010S\204\354>\372\367\237\201b"
 7230      8E8B806A 
 7230      085384EC 
 7230      3EFAF79F 
 7230      8162
 7231 01ae 3EB02C73 		.ascii	">\260,s.\257\273\243\250\237\354\013\347\225`Z\367\365"
 7231      2EAFBBA3 
 7231      A89FEC0B 
 7231      E795605A 
 7231      F7F5
 7232 01c0 AF4AF709 		.ascii	"\257J\367\011\352<j4z.\260<h\207\330\346'\025\317\214"
 7232      EA3C6A34 
 7232      7A2EB03C 
 7232      6887D8E6 
 7232      2715CF8C 
 7233 01d4 E249164A 		.ascii	"\342I\026JL\336\370\254U\004)\024\020\013\031\324_."
 7233      4CDEF8AC 
 7233      55042914 
 7233      100B19D4 
 7233      5F2E
 7234 01e6 90C5D904 		.ascii	"\220\305\331\004\026\206B\004\206\253\305p\027A\"P\207"
 7234      16864204 
 7234      86ABC570 
 7234      17412250 
 7234      87
 7235 01f7 807A24DB 		.ascii	"\200z$\333-\033\330\304n\031\321C?\2611\222\356\314"
 7235      2D1BD8C4 
 7235      6E19D143 
 7235      3FB13192 
 7235      EECC
ARM GAS  /tmp/ccFiYdB4.s 			page 158


 7236 0209 FCA35BA7 		.ascii	"\374\243[\247\026\200\363*\001\015\270Ml\327\351\363"
 7236      1680F32A 
 7236      010DB84D 
 7236      6CD7E9F3 
 7237 0219 F43C7CAA 		.ascii	"\364<|\252\331s\2728\001m\344Z\033\231\326\302\341\376"
 7237      D973BA38 
 7237      016DE45A 
 7237      1B99D6C2 
 7237      E1FE
 7238 022b 23062943 		.ascii	"#\006)C\331\011\304\232\324\254\377Pafn!\370zGA>\360"
 7238      D909C49A 
 7238      D4ACFF50 
 7238      61666E21 
 7238      F87A4741 
 7239 0241 E3A747F3 		.ascii	"\343\247G\363\316\376{3\371\351{\017\255\213\333Z\273"
 7239      CEFE7B33 
 7239      F9E97B0F 
 7239      AD8BDB5A 
 7239      BB
 7240 0252 024DD994 		.ascii	"\002M\331\224\011o\037\001\023\330\204T\227\030\325"
 7240      096F1F01 
 7240      13D88454 
 7240      9718D5
 7241 0261 6530713E 		.ascii	"e0q>>F\207\336\334\342\"\215L\234V\305\276\302e^a2\353"
 7241      3E4687DE 
 7241      DCE2228D 
 7241      4C9C56C5 
 7241      BEC2655E 
 7242 0278 6B7AF788 		.ascii	"kz\367\210<r\000\232\3676\246<\367\363\251\372\232\242"
 7242      3C72009A 
 7242      F736A63C 
 7242      F7F3A9FA 
 7242      9AA2
 7243 028a FA2A577D 		.ascii	"\372*W}xd\313^\211\373R\252\322\346\372\375A\\\266\207"
 7243      7864CB5E 
 7243      89FB52AA 
 7243      D2E6FAFD 
 7243      415CB687 
 7244 029e 2EE777DE 		.ascii	".\347w\336\037\2346Y\367u$kfd-T\3675\256\273\205\351"
 7244      1F9C3659 
 7244      F775246B 
 7244      66642D54 
 7244      F735AEBB 
 7245 02b4 2EDB975E 		.ascii	".\333\227^=\215\363\005Q-?o\316\322\371\324\322\252"
 7245      3D8DF305 
 7245      512D3F6F 
 7245      CED2F9D4 
 7245      D2AA
 7246 02c6 68B9C1B5 		.ascii	"h\271\301\265\270\217m\273\352\307}\203\321\334\234"
 7246      B88F6DBB 
 7246      EAC77D83 
 7246      D1DC9C
 7247 02d5 993B1ACC 		.ascii	"\231;\032\314\265<\241\313e\251]\231A\223\265\334D\262"
 7247      B53CA1CB 
 7247      65A95D99 
 7247      4193B5DC 
 7247      44B2
ARM GAS  /tmp/ccFiYdB4.s 			page 159


 7248 02e7 3646D64E 		.ascii	"6F\326N\265\264r-\355LKq\317\311\357nC'\360\372\361"
 7248      B5B4722D 
 7248      ED4C4B71 
 7248      CFC9EF6E 
 7248      4327F0FA 
 7249 02fc 4C0F84FE 		.ascii	"L\017\204\376\321\033\377A\322\036\350\030\224\342\314"
 7249      D11BFF41 
 7249      D21EE818 
 7249      94E2CC
 7250 030b 2EA017C3 		.ascii	".\240\027\303\011\012\234\002\370\034\357\2747>'(,\202"
 7250      090A9C02 
 7250      F81CEFBC 
 7250      373E2728 
 7250      2C82
 7251 031d 528980FB 		.ascii	"R\211\200\373pvf\252\250\371:(\353^\022\356\300UM8*"
 7251      707666AA 
 7251      A8F93A28 
 7251      EB5E12EE 
 7251      C0554D38 
 7252 0332 5382124E 		.ascii	"S\202\022N\355\001\257)\236 $\343\244\212\030\002\343"
 7252      ED01AF29 
 7252      9E2024E3 
 7252      A48A1802 
 7252      E3
 7253 0343 25B2F178 		.ascii	"%\262\361xz\206\276\013<\311\270\207\236N\317\273\004"
 7253      7A86BE0B 
 7253      3CC9B887 
 7253      9E4ECFBB 
 7253      04
 7254 0354 6666CF21 		.ascii	"ff\317!\354W\377\362\267\232b\020\257\362\022p\251\312"
 7254      EC57FFF2 
 7254      B79A6210 
 7254      AFF21270 
 7254      A9CA
 7255 0366 FD402F76 		.ascii	"\375@/vs\343\310@\337\261`\235\300\177\025\220\244\243"
 7255      73E3C840 
 7255      DFB1609D 
 7255      C07F1590 
 7255      A4A3
 7256 0378 737D5995 		.ascii	"s}Y\225\217\002\331\334\012\011n\003\233\273\271\356"
 7256      8F02D9DC 
 7256      0A096E03 
 7256      9BBBB9EE 
 7257 0388 F816985C 		.ascii	"\370\026\230\\\035\011tkJ^\377\365\242V\335k%\224\226"
 7257      1D09746B 
 7257      4A5EFFF5 
 7257      A256DD6B 
 7257      259496
 7258 039b 152DAEE6 		.ascii	"\025-\256\346\367mf\365\361\357\321T\224;Je\204\324"
 7258      F76D66F5 
 7258      F1EFD154 
 7258      943B4A65 
 7258      84D4
 7259 03ad BD055512 		.ascii	"\275\005U\022\323\201S\320\305\205\244\237\317.\013"
 7259      D38153D0 
 7259      C585A49F 
 7259      CF2E0B
ARM GAS  /tmp/ccFiYdB4.s 			page 160


 7260 03bc E4E74840 		.ascii	"\344\347H@s_sS\012\360s4\235\026\361\216\236\016\375"
 7260      735F7353 
 7260      0AF07334 
 7260      9D16F18E 
 7260      9E0EFD
 7261 03cf AC5C768C 		.ascii	"\254\\v\214R\345\351\002\330\337\201>d\356e\314\375"
 7261      52E5E902 
 7261      D8DF813E 
 7261      64EE65CC 
 7261      FD
 7262 03e0 308BC0BF 		.ascii	"0\213\300\277\240\343\364MU\371=\342\334|\331\355\221"
 7262      A0E3F44D 
 7262      55F93DE2 
 7262      DC7CD9ED 
 7262      91
 7263 03f1 DDBD15EF 		.ascii	"\335\275\025\357\347\225\366\3112\212\322\351(\016<"
 7263      E795F6C9 
 7263      328AD2E9 
 7263      280E3C
 7264 0400 A89A2B86 		.ascii	"\250\232+\206\001\230KM\002\267P\004t\340\226,>\271"
 7264      01984B4D 
 7264      02B75004 
 7264      74E0962C 
 7264      3EB9
 7265 0412 D4D7E6E5 		.ascii	"\324\327\346\345\245\325m\365\037\027}\227\213>\367"
 7265      A5D56DF5 
 7265      1F177D97 
 7265      8B3EF7
 7266 0421 B87697E4 		.ascii	"\270v\227\344S\326 \225u\317++c\203\373/I\221\325\224"
 7266      53D62095 
 7266      75CF2B2B 
 7266      6383FB2F 
 7266      4991D594 
 7267 0435 2C1C429F 		.ascii	",\034B\237\010\012\301\263\256Q\324\251Q\204\223\367"
 7267      080AC1B3 
 7267      AE51D4A9 
 7267      518493F7 
 7268 0445 612EDD90 		.ascii	"a.\335\220\301\274\246@\361\027\376.\314\350\031\251"
 7268      C1BCA640 
 7268      F117FE2E 
 7268      CCE819A9 
 7269 0455 089094DA 		.ascii	"\010\220\224\332\233\366\246\332\213`\317\375\252lQ"
 7269      9BF6A6DA 
 7269      8B60CFFD 
 7269      AA6C51
 7270 0464 FD588634 		.ascii	"\375X\2064u\366\241\367\261\324\235\332V\316\217\007"
 7270      75F6A1F7 
 7270      B1D49DDA 
 7270      56CE8F07 
 7271 0474 9BA22F95 		.ascii	"\233\242/\225\344G\007\375\306s\376\217\347\374\252"
 7271      E44707FD 
 7271      C673FE8F 
 7271      E7FCAA
 7272 0483 A4AD06D4 		.ascii	"\244\255\006\3249\343a\232\310y\230\346\374\310\233"
 7272      39E3619A 
 7272      C87998E6 
 7272      FCC89B
ARM GAS  /tmp/ccFiYdB4.s 			page 161


 7273 0492 F36043FD 		.ascii	"\363`C\375M\001s\366\310\262{\254!l\344\204\234\246"
 7273      4D0173F6 
 7273      C8B27BAC 
 7273      216CE484 
 7273      9CA6
 7274 04a4 A7107830 		.ascii	"\247\020x0\2363\241c~\350FX\242\215\277\037\374Ql\343"
 7274      9E33A163 
 7274      7EE84658 
 7274      A28DBF1F 
 7274      FC516CE3 
 7275 04b8 797A4F81 		.ascii	"yzO\201\211\237\202\242\261\336\275Jq\221\001\355\323"
 7275      899F82A2 
 7275      B1DEBD4A 
 7275      719101ED 
 7275      D3
 7276 04c9 156D5941 		.ascii	"\025mYA>\013\325S\245PE\260](\314n\310\021\304\007\234"
 7276      3E0BD553 
 7276      A55045B0 
 7276      5D28CC6E 
 7276      C811C407 
 7277 04de B7726C47 		.ascii	"\267rlG\245\216\363\032\320\314-<\373\302\310y\335t"
 7277      A58EF31A 
 7277      D0CC2D3C 
 7277      FBC2C879 
 7277      DD74
 7278 04f0 79D340D7 		.ascii	"y\323@\327>I\034\345\330\242\273cg\014\352\355\243\247"
 7278      3E491CE5 
 7278      D8A2BB63 
 7278      670CEAED 
 7278      A3A7
 7279 0502 6822CA2B 		.ascii	"h\"\312+\325kj]\365\341:QL\025\231_^~A\3164_~0\206\033"
 7279      D56B6A5D 
 7279      F5E13A51 
 7279      4C15995F 
 7279      5E7E41CE 
 7280 051c A07215AB 		.ascii	"\240r\025\253\252\307\016\350\361k!L\371\\\350\217:"
 7280      AAC70EE8 
 7280      F16B214C 
 7280      F95CE88F 
 7280      3A
 7281 052d 34DCC73E 		.ascii	"4\334\307>\027\360a\3003D\247\010\276?\027h}\245\257"
 7281      17F061C0 
 7281      3344A708 
 7281      BE3F1768 
 7281      7DA5AF
 7282 0540 FC17B8FE 		.ascii	"\374\027\270\376\234\255S4}\337'\013a\220*\260w>g~|"
 7282      9CAD5334 
 7282      7DDF270B 
 7282      61902AB0 
 7282      773E677E 
 7283 0555 C854902A 		.ascii	"\310T\220*\327~\013\262`\204\227S\363\226\321!\375D"
 7283      D77E0BB2 
 7283      60849753 
 7283      F396D121 
 7283      FD44
 7284 0567 1869DBEE 		.ascii	"\030i\333\356/\226\363|J\252\237\356\320\207L\031\016"
 7284      2F96F37C 
ARM GAS  /tmp/ccFiYdB4.s 			page 162


 7284      4AAA9FEE 
 7284      D0874C19 
 7284      0E
 7285 0578 D20471AA 		.ascii	"\322\004q\252\210\350ue\270\362\2644Q\377u\260\016a"
 7285      88E87565 
 7285      B8F2B434 
 7285      51FF75B0 
 7285      0E61
 7286 058a 4FD06F94 		.ascii	"O\320o\224\205K\027L\374A1\360\300pw\261\344\015\221"
 7286      854B174C 
 7286      FC4131F0 
 7286      C07077B1 
 7286      E40D91
 7287 059d F6B6210A 		.ascii	"\366\266!\012\312\217\013\352\010\353\337\020a\353\256"
 7287      CA8F0BEA 
 7287      08EBDF10 
 7287      61EBAE
 7288 05ac C252FDBC 		.ascii	"\302R\375\274\002y\310Mk\303\207e7\322d\331\004\031"
 7288      0279C84D 
 7288      6BC38765 
 7288      37D264D9 
 7288      0419
 7289 05be 82091EF3 		.ascii	"\202\011\036\363\023\251\362\2443\337\010\213\213\226"
 7289      13A9F2A4 
 7289      33DF088B 
 7289      8B96
 7290 05cc 12D820CC 		.ascii	"\022\330 \314C\347\341[\315[\202\324OtXs\0226\012\354"
 7290      43E7E15B 
 7290      CD5B82D4 
 7290      4F745873 
 7290      12360AEC 
 7291 05e0 F58E1D62 		.ascii	"\365\216\035b{Z\362/\201\032\333\242\371\024\330\304"
 7291      7B5AF22F 
 7291      811ADBA2 
 7291      F914D8C4 
 7292 05f0 B19B18F6 		.ascii	"\261\233\030\366\327\201\352j\315gC\273\006\273\231"
 7292      D781EA6A 
 7292      CD6743BB 
 7292      06BB99
 7293 05ff 633733AC 		.ascii	"c73\254\247b\264D\303;\250\321\220\311\261\264\213\010"
 7293      A762B444 
 7293      C33BA8D1 
 7293      90C9B1B4 
 7293      8B08
 7294 0611 0F37E3BF 		.ascii	"\0177\343\277\325\036\27326\301\031\355JL\212_mNp\232"
 7294      D51EBB32 
 7294      36C119ED 
 7294      4A4C8A5F 
 7294      6D4E709A 
 7295 0625 D75A1263 		.ascii	"\327Z\022c\023\222\234f\247\335\026\027\307\357\321"
 7295      13929C66 
 7295      A7DD1617 
 7295      C7EFD1
 7296 0634 56474CB8 		.ascii	"VGL\270\325\360\311\322/\347,\211\\Df\252&\303\027,"
 7296      D5F0C9D2 
 7296      2FE72C89 
 7296      5C4466AA 
ARM GAS  /tmp/ccFiYdB4.s 			page 163


 7296      26C3172C 
 7297 0648 58181915 		.ascii	"X\030\031\025c\211\"\342Z\207k\326\307\026\247m\231"
 7297      638922E2 
 7297      5A876BD6 
 7297      C716A76D 
 7297      99
 7298 0659 EDFB245B 		.ascii	"\355\373$[\274+\326\022\267\314\225h\2638\226\177\366"
 7298      BC2BD612 
 7298      B7CC9568 
 7298      B338967F 
 7298      F6
 7299 066a 45A48F58 		.ascii	"E\244\217XvK\23496\336\032\227\024c\243\343h'sp\206"
 7299      764B9C39 
 7299      36DE1A97 
 7299      1463A3E3 
 7299      68277370 
 7300 067f DBC98CA9 		.ascii	"\333\311\214\251\230tV\273%Q\214\374\200\370[\022\035"
 7300      987456BB 
 7300      25518CFC 
 7300      80F85B12 
 7300      1D
 7301 0690 6B17D9E6 		.ascii	"k\027\331\346;\210dMHt\331~\230\357\210\"\301((\332"
 7301      3B88644D 
 7301      4874D97E 
 7301      98EF8822 
 7301      C12828DA 
 7302 06a4 66B52784 		.ascii	"f\265'\204\257\261$\272\302#\014^\333Wt\237\231\022"
 7302      AFB124BA 
 7302      C2230C5E 
 7302      DB57749F 
 7302      9912
 7303 06b6 83D5BE26 		.ascii	"\203\325\276&16\336\265j\301\033\204\307\305\2564+\202"
 7303      3136DEB5 
 7303      6AC11B84 
 7303      C7C5AE34 
 7303      2B82
 7304 06c8 CD5E3C55 		.ascii	"\315^<U\316\211\342\022\254\230\2205\301\341\260\304"
 7304      CE89E212 
 7304      AC989035 
 7304      C1E1B0C4 
 7305 06d8 C738FD9C 		.ascii	"\3078\375\234\326\350x\213\303\026\200\375\252\244x"
 7305      D6E8788B 
 7305      C31680FD 
 7305      AAA478
 7306 06e7 AB2B3621 		.ascii	"\253+6!^b@*\3225\377\355\025b\004\3432:X\302\251\377"
 7306      5E62402A 
 7306      D235FFED 
 7306      156204E3 
 7306      323A58C2 
 7307 06fd 07C849DD 		.ascii	"\007\310I\335\362"
 7307      F2
 7308              		.text
 7309              		.section	.gnu.lto_.symtab.ee9f25312d2ca71,"e",%progbits
 7310 0000 7368656C 		.ascii	"shell_local_commands\000"
 7310      6C5F6C6F 
 7310      63616C5F 
 7310      636F6D6D 
ARM GAS  /tmp/ccFiYdB4.s 			page 164


 7310      616E6473 
 7311 0015 00       		.ascii	"\000"
 7312 0016 00       		.ascii	"\000"
 7313 0017 00       		.ascii	"\000"
 7314 0018 00000000 		.ascii	"\000\000\000\000\000\000\000\000"
 7314      00000000 
 7315 0020 09010000 		.ascii	"\011\001\000\000"
 7316 0024 63687072 		.ascii	"chprintf\000"
 7316      696E7466 
 7316      00
 7317 002d 00       		.ascii	"\000"
 7318 002e 02       		.ascii	"\002"
 7319 002f 00       		.ascii	"\000"
 7320 0030 00000000 		.ascii	"\000\000\000\000\000\000\000\000"
 7320      00000000 
 7321 0038 F5000000 		.ascii	"\365\000\000\000"
 7322              		.text
 7323              		.section	.gnu.lto_.opts,"e",%progbits
 7324 0000 272D666E 		.ascii	"'-fno-openmp' '-fno-openacc' '-fno-pie' '-mcpu=cort"
 7324      6F2D6F70 
 7324      656E6D70 
 7324      2720272D 
 7324      666E6F2D 
 7325 0033 65782D6D 		.ascii	"ex-m4' '-mthumb' '-mfloat-abi=soft' '-march=armv7e-"
 7325      34272027 
 7325      2D6D7468 
 7325      756D6227 
 7325      20272D6D 
 7326 0066 6D272027 		.ascii	"m' '-O2' '-fomit-frame-pointer' '-falign-functions="
 7326      2D4F3227 
 7326      20272D66 
 7326      6F6D6974 
 7326      2D667261 
 7327 0099 31362720 		.ascii	"16' '-ffunction-sections' '-fdata-sections' '-fno-c"
 7327      272D6666 
 7327      756E6374 
 7327      696F6E2D 
 7327      73656374 
 7328 00cc 6F6D6D6F 		.ascii	"ommon' '-flto'\000"
 7328      6E272027 
 7328      2D666C74 
 7328      6F2700
 7329              		.text
 7330              		.comm	__gnu_lto_v1,1,1
 7331              		.comm	__gnu_lto_slim,1,1
 7332              		.ident	"GCC: (GNU Tools for Arm Embedded Processors 9-2019-q4-major) 9.2.1 20191025 (release) [ARM
ARM GAS  /tmp/ccFiYdB4.s 			page 165


DEFINED SYMBOLS
                            *ABS*:0000000000000000 shell_cmd.c
     /tmp/ccFiYdB4.s:55     .gnu.debuglto_.debug_info:0000000000000000 shell_cmd.c.22314da4
                            *COM*:0000000000000001 __gnu_lto_v1
                            *COM*:0000000000000001 __gnu_lto_slim

NO UNDEFINED SYMBOLS
